<ns3modulegen_core_customizations.SmartPointerTransformation object at 0x7f0ddb24d5d0>
>>>>>>>>>>>>>>>> [['ns3::ObjectBase *', 'ns3::empty', 'ns3::empty', 'ns3::empty', 'ns3::empty', 'ns3::empty', 'ns3::empty', 'ns3::empty', 'ns3::empty', 'ns3::empty'], ['bool', 'std::basic_string<char>', 'ns3::empty', 'ns3::empty', 'ns3::empty', 'ns3::empty', 'ns3::empty', 'ns3::empty', 'ns3::empty', 'ns3::empty'], ['void', 'ns3::empty', 'ns3::empty', 'ns3::empty', 'ns3::empty', 'ns3::empty', 'ns3::empty', 'ns3::empty', 'ns3::empty', 'ns3::empty'], ['void', 'unsigned char *', 'long', 'ns3::empty', 'ns3::empty', 'ns3::empty', 'ns3::empty', 'ns3::empty', 'ns3::empty', 'ns3::empty']]
DEBUG:pybindgen.typehandlers:TypeMatcher.lookup('std::string')
DEBUG:pybindgen.typehandlers:try to lookup type handler for 'std::string' => success ((<class 'pybindgen.typehandlers.stringtype.StdStringReturn'>, None, <pybindgen.typehandlers.ctypeparser.TypeTraits object at 0x7f0ddc6d0b10>))
DEBUG:pybindgen.typehandlers:TypeMatcher.lookup('ns3::LogComponent *')
DEBUG:pybindgen.typehandlers:try to lookup type handler for 'ns3::LogComponent *' => success ((<class 'pybindgen.cppclass.ThisClassPtrReturn'>, None, <pybindgen.typehandlers.ctypeparser.TypeTraits object at 0x7f0ddb069590>))
bindings/python/ns3modulegen-modular.py:30: UserWarning: exception TypeConfigurationError('Either caller_owns_return or self.reference_existing_object must be given',) in wrapper <pybindgen.Container 'std::map< std::string, ns3::LogComponent * >'>
  warnings.warn("exception %r in wrapper %s" % (exception, wrapper))
DEBUG:pybindgen.typehandlers:TypeMatcher.lookup('ns3::Ptr< ns3::Object >')
DEBUG:pybindgen.typehandlers:try to lookup type handler for 'ns3::Ptr< ns3::Object >' => failure
DEBUG:pybindgen.typehandlers:try to lookup type handler for 'ns3::Object *' => success ((<class 'pybindgen.cppclass.ThisClassPtrReturn'>, <ns3modulegen_core_customizations.SmartPointerTransformation object at 0x7f0ddb24d5d0>, <pybindgen.typehandlers.ctypeparser.TypeTraits object at 0x7f0ddb079cd0>))
DEBUG:pybindgen.typehandlers:TypeMatcher.lookup('std::string')
DEBUG:pybindgen.typehandlers:try to lookup type handler for 'std::string' => success ((<class 'pybindgen.typehandlers.stringtype.StdStringReturn'>, None, <pybindgen.typehandlers.ctypeparser.TypeTraits object at 0x7f0ddb079b50>))
DEBUG:pybindgen.typehandlers:TypeMatcher.lookup('std::string')
DEBUG:pybindgen.typehandlers:try to lookup type handler for 'std::string' => success ((<class 'pybindgen.typehandlers.stringtype.StdStringReturn'>, None, <pybindgen.typehandlers.ctypeparser.TypeTraits object at 0x7f0ddb08ffd0>))
DEBUG:pybindgen.typehandlers:TypeMatcher.lookup('void')
DEBUG:pybindgen.typehandlers:try to lookup type handler for 'void' => success ((<class 'pybindgen.typehandlers.voidtype.VoidReturn'>, None, <pybindgen.typehandlers.ctypeparser.TypeTraits object at 0x7f0ddb098b50>))
DEBUG:pybindgen.typehandlers:TypeMatcher.lookup('void')
DEBUG:pybindgen.typehandlers:try to lookup type handler for 'void' => success ((<class 'pybindgen.typehandlers.voidtype.VoidReturn'>, None, <pybindgen.typehandlers.ctypeparser.TypeTraits object at 0x7f0ddb00b090>))
DEBUG:pybindgen.typehandlers:TypeMatcher.lookup('void')
DEBUG:pybindgen.typehandlers:try to lookup type handler for 'void' => success ((<class 'pybindgen.typehandlers.voidtype.VoidReturn'>, None, <pybindgen.typehandlers.ctypeparser.TypeTraits object at 0x7f0ddb00b4d0>))
DEBUG:pybindgen.typehandlers:TypeMatcher.lookup('void')
DEBUG:pybindgen.typehandlers:try to lookup type handler for 'void' => success ((<class 'pybindgen.typehandlers.voidtype.VoidReturn'>, None, <pybindgen.typehandlers.ctypeparser.TypeTraits object at 0x7f0ddb00b910>))
DEBUG:pybindgen.typehandlers:TypeMatcher.lookup('void')
DEBUG:pybindgen.typehandlers:try to lookup type handler for 'void' => success ((<class 'pybindgen.typehandlers.voidtype.VoidReturn'>, None, <pybindgen.typehandlers.ctypeparser.TypeTraits object at 0x7f0ddb00bd50>))
DEBUG:pybindgen.typehandlers:TypeMatcher.lookup('void')
DEBUG:pybindgen.typehandlers:try to lookup type handler for 'void' => success ((<class 'pybindgen.typehandlers.voidtype.VoidReturn'>, None, <pybindgen.typehandlers.ctypeparser.TypeTraits object at 0x7f0ddb013290>))
DEBUG:pybindgen.typehandlers:TypeMatcher.lookup('void')
DEBUG:pybindgen.typehandlers:try to lookup type handler for 'void' => success ((<class 'pybindgen.typehandlers.voidtype.VoidReturn'>, None, <pybindgen.typehandlers.ctypeparser.TypeTraits object at 0x7f0ddb0136d0>))
DEBUG:pybindgen.typehandlers:TypeMatcher.lookup('void')
DEBUG:pybindgen.typehandlers:try to lookup type handler for 'void' => success ((<class 'pybindgen.typehandlers.voidtype.VoidReturn'>, None, <pybindgen.typehandlers.ctypeparser.TypeTraits object at 0x7f0ddb013b10>))
DEBUG:pybindgen.typehandlers:TypeMatcher.lookup('const char *')
DEBUG:pybindgen.typehandlers:try to lookup type handler for 'const char *' => success ((<class 'pybindgen.typehandlers.stringtype.CStringParam'>, None, <pybindgen.typehandlers.ctypeparser.TypeTraits object at 0x7f0ddb01c890>))
DEBUG:pybindgen.typehandlers:TypeMatcher.lookup('::std::ofstream::openmode')
DEBUG:pybindgen.typehandlers:try to lookup type handler for '::std::ofstream::openmode' => success ((<class 'pybindgen.enum.ThisEnumParameter'>, None, <pybindgen.typehandlers.ctypeparser.TypeTraits object at 0x7f0ddb01ca90>))
DEBUG:pybindgen.typehandlers:TypeMatcher.lookup('void')
DEBUG:pybindgen.typehandlers:try to lookup type handler for 'void' => success ((<class 'pybindgen.typehandlers.voidtype.VoidReturn'>, None, <pybindgen.typehandlers.ctypeparser.TypeTraits object at 0x7f0ddb01cf50>))
***** registering callback handler: 'ns3::Callback< ns3::ObjectBase *, ns3::empty, ns3::empty, ns3::empty, ns3::empty, ns3::empty, ns3::empty, ns3::empty, ns3::empty, ns3::empty >' ('ns3::Callback< ns3::ObjectBase *, ns3::empty, ns3::empty, ns3::empty, ns3::empty, ns3::empty, ns3::empty, ns3::empty, ns3::empty, ns3::empty >')
***** registering callback handler: 'ns3::Callback< bool, std::basic_string< char >, ns3::empty, ns3::empty, ns3::empty, ns3::empty, ns3::empty, ns3::empty, ns3::empty, ns3::empty >' ('ns3::Callback< bool, std::basic_string<char>, ns3::empty, ns3::empty, ns3::empty, ns3::empty, ns3::empty, ns3::empty, ns3::empty, ns3::empty >')
***** registering callback handler: 'ns3::Callback< void, ns3::empty, ns3::empty, ns3::empty, ns3::empty, ns3::empty, ns3::empty, ns3::empty, ns3::empty, ns3::empty >' ('ns3::Callback< void, ns3::empty, ns3::empty, ns3::empty, ns3::empty, ns3::empty, ns3::empty, ns3::empty, ns3::empty, ns3::empty >')
***** registering callback handler: 'ns3::Callback< void, unsigned char *, long, ns3::empty, ns3::empty, ns3::empty, ns3::empty, ns3::empty, ns3::empty, ns3::empty >' ('ns3::Callback< void, unsigned char *, long, ns3::empty, ns3::empty, ns3::empty, ns3::empty, ns3::empty, ns3::empty, ns3::empty >')
DEBUG:pybindgen.typehandlers:TypeMatcher.lookup('ns3::AttributeConstructionList const &')
DEBUG:pybindgen.typehandlers:try to lookup type handler for 'ns3::AttributeConstructionList const &' => success ((<class 'pybindgen.cppclass.ThisClassRefParameter'>, None, <pybindgen.typehandlers.ctypeparser.TypeTraits object at 0x7f0ddafa3490>))
DEBUG:pybindgen.typehandlers:TypeMatcher.lookup('void')
DEBUG:pybindgen.typehandlers:try to lookup type handler for 'void' => success ((<class 'pybindgen.typehandlers.voidtype.VoidReturn'>, None, <pybindgen.typehandlers.ctypeparser.TypeTraits object at 0x7f0ddafa3c90>))
DEBUG:pybindgen.typehandlers:TypeMatcher.lookup('std::string')
DEBUG:pybindgen.typehandlers:try to lookup type handler for 'std::string' => success ((<class 'pybindgen.typehandlers.stringtype.StdStringParam'>, None, <pybindgen.typehandlers.ctypeparser.TypeTraits object at 0x7f0ddafa3dd0>))
DEBUG:pybindgen.typehandlers:TypeMatcher.lookup('ns3::Ptr< ns3::AttributeChecker const >')
DEBUG:pybindgen.typehandlers:try to lookup type handler for 'ns3::Ptr< ns3::AttributeChecker const >' => failure
DEBUG:pybindgen.typehandlers:try to lookup type handler for 'ns3::AttributeChecker *' => success ((<class 'pybindgen.cppclass.ThisClassPtrParameter'>, <ns3modulegen_core_customizations.SmartPointerTransformation object at 0x7f0ddb24d5d0>, <pybindgen.typehandlers.ctypeparser.TypeTraits object at 0x7f0ddafae150>))
DEBUG:pybindgen.typehandlers:TypeMatcher.lookup('ns3::Ptr< ns3::AttributeValue >')
DEBUG:pybindgen.typehandlers:try to lookup type handler for 'ns3::Ptr< ns3::AttributeValue >' => failure
DEBUG:pybindgen.typehandlers:try to lookup type handler for 'ns3::AttributeValue *' => success ((<class 'pybindgen.cppclass.ThisClassPtrParameter'>, <ns3modulegen_core_customizations.SmartPointerTransformation object at 0x7f0ddb24d5d0>, <pybindgen.typehandlers.ctypeparser.TypeTraits object at 0x7f0ddafae310>))
DEBUG:pybindgen.typehandlers:TypeMatcher.lookup('ns3::AttributeConstructionList::CIterator')
DEBUG:pybindgen.typehandlers:try to lookup type handler for 'ns3::AttributeConstructionList::CIterator' => failure
'ns3::AttributeConstructionList::CIterator' did not match
/home/pratyu101/FlyNetSim/NetSim/ns-allinone-3.27/ns-3.27/src/core/bindings/modulegen__gcc_LP64.py:654: Warning: exception TypeLookupError(['ns3::AttributeConstructionList::CIterator'],) in wrapper public: retval? ???::Begin (params?) const;
  is_const=True)
DEBUG:pybindgen.typehandlers:TypeMatcher.lookup('ns3::AttributeConstructionList::CIterator')
DEBUG:pybindgen.typehandlers:try to lookup type handler for 'ns3::AttributeConstructionList::CIterator' => failure
'ns3::AttributeConstructionList::CIterator' did not match
/home/pratyu101/FlyNetSim/NetSim/ns-allinone-3.27/ns-3.27/src/core/bindings/modulegen__gcc_LP64.py:659: Warning: exception TypeLookupError(['ns3::AttributeConstructionList::CIterator'],) in wrapper public: retval? ???::End (params?) const;
  is_const=True)
DEBUG:pybindgen.typehandlers:TypeMatcher.lookup('ns3::Ptr< ns3::AttributeValue >')
DEBUG:pybindgen.typehandlers:try to lookup type handler for 'ns3::Ptr< ns3::AttributeValue >' => failure
DEBUG:pybindgen.typehandlers:try to lookup type handler for 'ns3::AttributeValue *' => success ((<class 'pybindgen.cppclass.ThisClassPtrReturn'>, <ns3modulegen_core_customizations.SmartPointerTransformation object at 0x7f0ddb24d5d0>, <pybindgen.typehandlers.ctypeparser.TypeTraits object at 0x7f0ddafaead0>))
DEBUG:pybindgen.typehandlers:TypeMatcher.lookup('ns3::Ptr< ns3::AttributeChecker const >')
DEBUG:pybindgen.typehandlers:try to lookup type handler for 'ns3::Ptr< ns3::AttributeChecker const >' => failure
DEBUG:pybindgen.typehandlers:try to lookup type handler for 'ns3::AttributeChecker *' => success ((<class 'pybindgen.cppclass.ThisClassPtrParameter'>, <ns3modulegen_core_customizations.SmartPointerTransformation object at 0x7f0ddb24d5d0>, <pybindgen.typehandlers.ctypeparser.TypeTraits object at 0x7f0ddafae710>))
DEBUG:pybindgen.typehandlers:TypeMatcher.lookup('ns3::AttributeConstructionList::Item const &')
DEBUG:pybindgen.typehandlers:try to lookup type handler for 'ns3::AttributeConstructionList::Item const &' => success ((<class 'pybindgen.cppclass.ThisClassRefParameter'>, None, <pybindgen.typehandlers.ctypeparser.TypeTraits object at 0x7f0ddafb72d0>))
DEBUG:pybindgen.typehandlers:TypeMatcher.lookup('ns3::Ptr< ns3::AttributeChecker const >')
DEBUG:pybindgen.typehandlers:try to lookup type handler for 'ns3::Ptr< ns3::AttributeChecker const >' => failure
DEBUG:pybindgen.typehandlers:try to lookup type handler for 'ns3::AttributeChecker *' => success ((<class 'pybindgen.cppclass.ThisClassPtrReturn'>, <ns3modulegen_core_customizations.SmartPointerTransformation object at 0x7f0ddb24d5d0>, <pybindgen.typehandlers.ctypeparser.TypeTraits object at 0x7f0ddafb78d0>))
DEBUG:pybindgen.typehandlers:TypeMatcher.lookup('std::string')
DEBUG:pybindgen.typehandlers:try to lookup type handler for 'std::string' => success ((<class 'pybindgen.typehandlers.stringtype.StdStringReturn'>, None, <pybindgen.typehandlers.ctypeparser.TypeTraits object at 0x7f0ddafb7e10>))
DEBUG:pybindgen.typehandlers:TypeMatcher.lookup('ns3::Ptr< ns3::AttributeValue >')
DEBUG:pybindgen.typehandlers:try to lookup type handler for 'ns3::Ptr< ns3::AttributeValue >' => failure
DEBUG:pybindgen.typehandlers:try to lookup type handler for 'ns3::AttributeValue *' => success ((<class 'pybindgen.cppclass.ThisClassPtrReturn'>, <ns3modulegen_core_customizations.SmartPointerTransformation object at 0x7f0ddb24d5d0>, <pybindgen.typehandlers.ctypeparser.TypeTraits object at 0x7f0ddafbf650>))
DEBUG:pybindgen.typehandlers:TypeMatcher.lookup('ns3::CallbackBase const &')
DEBUG:pybindgen.typehandlers:try to lookup type handler for 'ns3::CallbackBase const &' => success ((<class 'pybindgen.cppclass.ThisClassRefParameter'>, None, <pybindgen.typehandlers.ctypeparser.TypeTraits object at 0x7f0ddafbfc10>))
DEBUG:pybindgen.typehandlers:TypeMatcher.lookup('ns3::Ptr< ns3::CallbackImplBase >')
DEBUG:pybindgen.typehandlers:try to lookup type handler for 'ns3::Ptr< ns3::CallbackImplBase >' => failure
DEBUG:pybindgen.typehandlers:try to lookup type handler for 'ns3::CallbackImplBase *' => success ((<class 'pybindgen.cppclass.ThisClassPtrReturn'>, <ns3modulegen_core_customizations.SmartPointerTransformation object at 0x7f0ddb24d5d0>, <pybindgen.typehandlers.ctypeparser.TypeTraits object at 0x7f0ddafc8590>))
DEBUG:pybindgen.typehandlers:TypeMatcher.lookup('ns3::Ptr< ns3::CallbackImplBase >')
DEBUG:pybindgen.typehandlers:try to lookup type handler for 'ns3::Ptr< ns3::CallbackImplBase >' => failure
DEBUG:pybindgen.typehandlers:try to lookup type handler for 'ns3::CallbackImplBase *' => success ((<class 'pybindgen.cppclass.ThisClassPtrParameter'>, <ns3modulegen_core_customizations.SmartPointerTransformation object at 0x7f0ddb24d5d0>, <pybindgen.typehandlers.ctypeparser.TypeTraits object at 0x7f0ddafc8b50>))
DEBUG:pybindgen.typehandlers:TypeMatcher.lookup('ns3::CommandLine const &')
DEBUG:pybindgen.typehandlers:try to lookup type handler for 'ns3::CommandLine const &' => success ((<class 'pybindgen.cppclass.ThisClassRefParameter'>, None, <pybindgen.typehandlers.ctypeparser.TypeTraits object at 0x7f0ddafcf150>))
DEBUG:pybindgen.typehandlers:TypeMatcher.lookup('void')
DEBUG:pybindgen.typehandlers:try to lookup type handler for 'void' => success ((<class 'pybindgen.typehandlers.voidtype.VoidReturn'>, None, <pybindgen.typehandlers.ctypeparser.TypeTraits object at 0x7f0ddafcf590>))
DEBUG:pybindgen.typehandlers:TypeMatcher.lookup('std::string const &')
DEBUG:pybindgen.typehandlers:try to lookup type handler for 'std::string const &' => success ((<class 'pybindgen.typehandlers.stringtype.StdStringRefParam'>, None, <pybindgen.typehandlers.ctypeparser.TypeTraits object at 0x7f0ddafcf6d0>))
DEBUG:pybindgen.typehandlers:TypeMatcher.lookup('std::string const &')
DEBUG:pybindgen.typehandlers:try to lookup type handler for 'std::string const &' => success ((<class 'pybindgen.typehandlers.stringtype.StdStringRefParam'>, None, <pybindgen.typehandlers.ctypeparser.TypeTraits object at 0x7f0ddafcf850>))
DEBUG:pybindgen.typehandlers:TypeMatcher.lookup('ns3::Callback< bool, std::basic_string< char >, ns3::empty, ns3::empty, ns3::empty, ns3::empty, ns3::empty, ns3::empty, ns3::empty, ns3::empty >')
DEBUG:pybindgen.typehandlers:try to lookup type handler for 'ns3::Callback< bool, std::basic_string< char >, ns3::empty, ns3::empty, ns3::empty, ns3::empty, ns3::empty, ns3::empty, ns3::empty, ns3::empty >' => success ((<class 'ns3modulegen_core_customizations.PythonCallbackParameter'>, None, <pybindgen.typehandlers.ctypeparser.TypeTraits object at 0x7f0ddafcf9d0>))
DEBUG:pybindgen.typehandlers:TypeMatcher.lookup('void')
DEBUG:pybindgen.typehandlers:try to lookup type handler for 'void' => success ((<class 'pybindgen.typehandlers.voidtype.VoidReturn'>, None, <pybindgen.typehandlers.ctypeparser.TypeTraits object at 0x7f0ddafd7390>))
DEBUG:pybindgen.typehandlers:TypeMatcher.lookup('std::string const &')
DEBUG:pybindgen.typehandlers:try to lookup type handler for 'std::string const &' => success ((<class 'pybindgen.typehandlers.stringtype.StdStringRefParam'>, None, <pybindgen.typehandlers.ctypeparser.TypeTraits object at 0x7f0ddafd7510>))
DEBUG:pybindgen.typehandlers:TypeMatcher.lookup('std::string const &')
DEBUG:pybindgen.typehandlers:try to lookup type handler for 'std::string const &' => success ((<class 'pybindgen.typehandlers.stringtype.StdStringRefParam'>, None, <pybindgen.typehandlers.ctypeparser.TypeTraits object at 0x7f0ddafd7690>))
DEBUG:pybindgen.typehandlers:TypeMatcher.lookup('std::string')
DEBUG:pybindgen.typehandlers:try to lookup type handler for 'std::string' => success ((<class 'pybindgen.typehandlers.stringtype.StdStringReturn'>, None, <pybindgen.typehandlers.ctypeparser.TypeTraits object at 0x7f0ddafd7a90>))
DEBUG:pybindgen.typehandlers:TypeMatcher.lookup('void')
DEBUG:pybindgen.typehandlers:try to lookup type handler for 'void' => success ((<class 'pybindgen.typehandlers.voidtype.VoidReturn'>, None, <pybindgen.typehandlers.ctypeparser.TypeTraits object at 0x7f0ddafd7f10>))
DEBUG:pybindgen.typehandlers:TypeMatcher.lookup('int')
DEBUG:pybindgen.typehandlers:try to lookup type handler for 'int' => success ((<class 'pybindgen.typehandlers.inttype.IntParam'>, None, <pybindgen.typehandlers.ctypeparser.TypeTraits object at 0x7f0ddafe0090>))
DEBUG:pybindgen.typehandlers:TypeMatcher.lookup('char * *')
DEBUG:pybindgen.typehandlers:try to lookup type handler for 'char * *' => failure
'char * *' did not match
/home/pratyu101/FlyNetSim/NetSim/ns-allinone-3.27/ns-3.27/src/core/bindings/modulegen__gcc_LP64.py:717: Warning: exception TypeLookupError(['char * *'],) in wrapper public: retval? ???::Parse (params?);
  [param('int', 'argc'), param('char * *', 'argv')])
DEBUG:pybindgen.typehandlers:TypeMatcher.lookup('void')
DEBUG:pybindgen.typehandlers:try to lookup type handler for 'void' => success ((<class 'pybindgen.typehandlers.voidtype.VoidReturn'>, None, <pybindgen.typehandlers.ctypeparser.TypeTraits object at 0x7f0ddafe0150>))
DEBUG:pybindgen.typehandlers:TypeMatcher.lookup('std::ostream &')
DEBUG:pybindgen.typehandlers:try to lookup type handler for 'std::ostream &' => success ((<class 'pybindgen.cppclass.ThisClassRefParameter'>, None, <pybindgen.typehandlers.ctypeparser.TypeTraits object at 0x7f0ddafe02d0>))
DEBUG:pybindgen.typehandlers:TypeMatcher.lookup('void')
DEBUG:pybindgen.typehandlers:try to lookup type handler for 'void' => success ((<class 'pybindgen.typehandlers.voidtype.VoidReturn'>, None, <pybindgen.typehandlers.ctypeparser.TypeTraits object at 0x7f0ddafe0710>))
DEBUG:pybindgen.typehandlers:TypeMatcher.lookup('std::string const')
DEBUG:pybindgen.typehandlers:try to lookup type handler for 'std::string const' => success ((<class 'pybindgen.typehandlers.stringtype.StdStringParam'>, None, <pybindgen.typehandlers.ctypeparser.TypeTraits object at 0x7f0ddafe0850>))
DEBUG:pybindgen.typehandlers:TypeMatcher.lookup('ns3::SystemMutex &')
DEBUG:pybindgen.typehandlers:try to lookup type handler for 'ns3::SystemMutex &' => success ((<class 'pybindgen.cppclass.ThisClassRefParameter'>, None, <pybindgen.typehandlers.ctypeparser.TypeTraits object at 0x7f0ddafe0cd0>))
DEBUG:pybindgen.typehandlers:TypeMatcher.lookup('ns3::CriticalSection const &')
DEBUG:pybindgen.typehandlers:try to lookup type handler for 'ns3::CriticalSection const &' => success ((<class 'pybindgen.cppclass.ThisClassRefParameter'>, None, <pybindgen.typehandlers.ctypeparser.TypeTraits object at 0x7f0ddafe0e90>))
DEBUG:pybindgen.typehandlers:TypeMatcher.lookup('ns3::DefaultDeleter< ns3::AttributeAccessor > const &')
DEBUG:pybindgen.typehandlers:try to lookup type handler for 'ns3::DefaultDeleter< ns3::AttributeAccessor > const &' => success ((<class 'pybindgen.cppclass.ThisClassRefParameter'>, None, <pybindgen.typehandlers.ctypeparser.TypeTraits object at 0x7f0ddaf68650>))
DEBUG:pybindgen.typehandlers:TypeMatcher.lookup('void')
DEBUG:pybindgen.typehandlers:try to lookup type handler for 'void' => success ((<class 'pybindgen.typehandlers.voidtype.VoidReturn'>, None, <pybindgen.typehandlers.ctypeparser.TypeTraits object at 0x7f0ddaf68b50>))
DEBUG:pybindgen.typehandlers:TypeMatcher.lookup('ns3::AttributeAccessor *')
DEBUG:pybindgen.typehandlers:try to lookup type handler for 'ns3::AttributeAccessor *' => success ((<class 'pybindgen.cppclass.ThisClassPtrParameter'>, None, <pybindgen.typehandlers.ctypeparser.TypeTraits object at 0x7f0ddaf68c90>))
/home/pratyu101/FlyNetSim/NetSim/ns-allinone-3.27/ns-3.27/src/core/bindings/modulegen__gcc_LP64.py:745: Warning: exception TypeConfigurationError('Missing transfer_ownership option',) in wrapper public: retval? ???::Delete (params?);
  is_static=True)
DEBUG:pybindgen.typehandlers:TypeMatcher.lookup('ns3::DefaultDeleter< ns3::AttributeChecker > const &')
DEBUG:pybindgen.typehandlers:try to lookup type handler for 'ns3::DefaultDeleter< ns3::AttributeChecker > const &' => success ((<class 'pybindgen.cppclass.ThisClassRefParameter'>, None, <pybindgen.typehandlers.ctypeparser.TypeTraits object at 0x7f0ddaf6f1d0>))
DEBUG:pybindgen.typehandlers:TypeMatcher.lookup('void')
DEBUG:pybindgen.typehandlers:try to lookup type handler for 'void' => success ((<class 'pybindgen.typehandlers.voidtype.VoidReturn'>, None, <pybindgen.typehandlers.ctypeparser.TypeTraits object at 0x7f0ddaf6f6d0>))
DEBUG:pybindgen.typehandlers:TypeMatcher.lookup('ns3::AttributeChecker *')
DEBUG:pybindgen.typehandlers:try to lookup type handler for 'ns3::AttributeChecker *' => success ((<class 'pybindgen.cppclass.ThisClassPtrParameter'>, None, <pybindgen.typehandlers.ctypeparser.TypeTraits object at 0x7f0ddaf6f810>))
/home/pratyu101/FlyNetSim/NetSim/ns-allinone-3.27/ns-3.27/src/core/bindings/modulegen__gcc_LP64.py:757: Warning: exception TypeConfigurationError('Missing transfer_ownership option',) in wrapper public: retval? ???::Delete (params?);
  is_static=True)
DEBUG:pybindgen.typehandlers:TypeMatcher.lookup('ns3::DefaultDeleter< ns3::AttributeValue > const &')
DEBUG:pybindgen.typehandlers:try to lookup type handler for 'ns3::DefaultDeleter< ns3::AttributeValue > const &' => success ((<class 'pybindgen.cppclass.ThisClassRefParameter'>, None, <pybindgen.typehandlers.ctypeparser.TypeTraits object at 0x7f0ddaf6fd10>))
DEBUG:pybindgen.typehandlers:TypeMatcher.lookup('void')
DEBUG:pybindgen.typehandlers:try to lookup type handler for 'void' => success ((<class 'pybindgen.typehandlers.voidtype.VoidReturn'>, None, <pybindgen.typehandlers.ctypeparser.TypeTraits object at 0x7f0ddaf78210>))
DEBUG:pybindgen.typehandlers:TypeMatcher.lookup('ns3::AttributeValue *')
DEBUG:pybindgen.typehandlers:try to lookup type handler for 'ns3::AttributeValue *' => success ((<class 'pybindgen.cppclass.ThisClassPtrParameter'>, None, <pybindgen.typehandlers.ctypeparser.TypeTraits object at 0x7f0ddaf78350>))
/home/pratyu101/FlyNetSim/NetSim/ns-allinone-3.27/ns-3.27/src/core/bindings/modulegen__gcc_LP64.py:769: Warning: exception TypeConfigurationError('Missing transfer_ownership option',) in wrapper public: retval? ???::Delete (params?);
  is_static=True)
DEBUG:pybindgen.typehandlers:TypeMatcher.lookup('ns3::DefaultDeleter< ns3::CallbackImplBase > const &')
DEBUG:pybindgen.typehandlers:try to lookup type handler for 'ns3::DefaultDeleter< ns3::CallbackImplBase > const &' => success ((<class 'pybindgen.cppclass.ThisClassRefParameter'>, None, <pybindgen.typehandlers.ctypeparser.TypeTraits object at 0x7f0ddaf78810>))
DEBUG:pybindgen.typehandlers:TypeMatcher.lookup('void')
DEBUG:pybindgen.typehandlers:try to lookup type handler for 'void' => success ((<class 'pybindgen.typehandlers.voidtype.VoidReturn'>, None, <pybindgen.typehandlers.ctypeparser.TypeTraits object at 0x7f0ddaf68d50>))
DEBUG:pybindgen.typehandlers:TypeMatcher.lookup('ns3::CallbackImplBase *')
DEBUG:pybindgen.typehandlers:try to lookup type handler for 'ns3::CallbackImplBase *' => success ((<class 'pybindgen.cppclass.ThisClassPtrParameter'>, None, <pybindgen.typehandlers.ctypeparser.TypeTraits object at 0x7f0ddaf68dd0>))
/home/pratyu101/FlyNetSim/NetSim/ns-allinone-3.27/ns-3.27/src/core/bindings/modulegen__gcc_LP64.py:781: Warning: exception TypeConfigurationError('Missing transfer_ownership option',) in wrapper public: retval? ???::Delete (params?);
  is_static=True)
DEBUG:pybindgen.typehandlers:TypeMatcher.lookup('ns3::DefaultDeleter< ns3::EventImpl > const &')
DEBUG:pybindgen.typehandlers:try to lookup type handler for 'ns3::DefaultDeleter< ns3::EventImpl > const &' => success ((<class 'pybindgen.cppclass.ThisClassRefParameter'>, None, <pybindgen.typehandlers.ctypeparser.TypeTraits object at 0x7f0ddaf78a90>))
DEBUG:pybindgen.typehandlers:TypeMatcher.lookup('void')
DEBUG:pybindgen.typehandlers:try to lookup type handler for 'void' => success ((<class 'pybindgen.typehandlers.voidtype.VoidReturn'>, None, <pybindgen.typehandlers.ctypeparser.TypeTraits object at 0x7f0ddaf78f50>))
DEBUG:pybindgen.typehandlers:TypeMatcher.lookup('ns3::EventImpl *')
DEBUG:pybindgen.typehandlers:try to lookup type handler for 'ns3::EventImpl *' => success ((<class 'pybindgen.cppclass.ThisClassPtrParameter'>, None, <pybindgen.typehandlers.ctypeparser.TypeTraits object at 0x7f0ddaf830d0>))
/home/pratyu101/FlyNetSim/NetSim/ns-allinone-3.27/ns-3.27/src/core/bindings/modulegen__gcc_LP64.py:793: Warning: exception TypeConfigurationError('Missing transfer_ownership option',) in wrapper public: retval? ???::Delete (params?);
  is_static=True)
DEBUG:pybindgen.typehandlers:TypeMatcher.lookup('ns3::DefaultDeleter< ns3::Hash::Implementation > const &')
DEBUG:pybindgen.typehandlers:try to lookup type handler for 'ns3::DefaultDeleter< ns3::Hash::Implementation > const &' => success ((<class 'pybindgen.cppclass.ThisClassRefParameter'>, None, <pybindgen.typehandlers.ctypeparser.TypeTraits object at 0x7f0ddaf83550>))
DEBUG:pybindgen.typehandlers:TypeMatcher.lookup('void')
DEBUG:pybindgen.typehandlers:try to lookup type handler for 'void' => success ((<class 'pybindgen.typehandlers.voidtype.VoidReturn'>, None, <pybindgen.typehandlers.ctypeparser.TypeTraits object at 0x7f0ddaf83a50>))
DEBUG:pybindgen.typehandlers:TypeMatcher.lookup('ns3::Hash::Implementation *')
DEBUG:pybindgen.typehandlers:try to lookup type handler for 'ns3::Hash::Implementation *' => success ((<class 'pybindgen.cppclass.ThisClassPtrParameter'>, None, <pybindgen.typehandlers.ctypeparser.TypeTraits object at 0x7f0ddaf83b90>))
/home/pratyu101/FlyNetSim/NetSim/ns-allinone-3.27/ns-3.27/src/core/bindings/modulegen__gcc_LP64.py:805: Warning: exception TypeConfigurationError('Missing transfer_ownership option',) in wrapper public: retval? ???::Delete (params?);
  is_static=True)
DEBUG:pybindgen.typehandlers:TypeMatcher.lookup('ns3::DefaultDeleter< ns3::SystemThread > const &')
DEBUG:pybindgen.typehandlers:try to lookup type handler for 'ns3::DefaultDeleter< ns3::SystemThread > const &' => success ((<class 'pybindgen.cppclass.ThisClassRefParameter'>, None, <pybindgen.typehandlers.ctypeparser.TypeTraits object at 0x7f0ddaf8b0d0>))
DEBUG:pybindgen.typehandlers:TypeMatcher.lookup('void')
DEBUG:pybindgen.typehandlers:try to lookup type handler for 'void' => success ((<class 'pybindgen.typehandlers.voidtype.VoidReturn'>, None, <pybindgen.typehandlers.ctypeparser.TypeTraits object at 0x7f0ddaf8b590>))
DEBUG:pybindgen.typehandlers:TypeMatcher.lookup('ns3::SystemThread *')
DEBUG:pybindgen.typehandlers:try to lookup type handler for 'ns3::SystemThread *' => success ((<class 'pybindgen.cppclass.ThisClassPtrParameter'>, None, <pybindgen.typehandlers.ctypeparser.TypeTraits object at 0x7f0ddaf8b6d0>))
/home/pratyu101/FlyNetSim/NetSim/ns-allinone-3.27/ns-3.27/src/core/bindings/modulegen__gcc_LP64.py:817: Warning: exception TypeConfigurationError('Missing transfer_ownership option',) in wrapper public: retval? ???::Delete (params?);
  is_static=True)
DEBUG:pybindgen.typehandlers:TypeMatcher.lookup('ns3::DefaultDeleter< ns3::TraceSourceAccessor > const &')
DEBUG:pybindgen.typehandlers:try to lookup type handler for 'ns3::DefaultDeleter< ns3::TraceSourceAccessor > const &' => success ((<class 'pybindgen.cppclass.ThisClassRefParameter'>, None, <pybindgen.typehandlers.ctypeparser.TypeTraits object at 0x7f0ddaf8bb50>))
DEBUG:pybindgen.typehandlers:TypeMatcher.lookup('void')
DEBUG:pybindgen.typehandlers:try to lookup type handler for 'void' => success ((<class 'pybindgen.typehandlers.voidtype.VoidReturn'>, None, <pybindgen.typehandlers.ctypeparser.TypeTraits object at 0x7f0ddaf95090>))
DEBUG:pybindgen.typehandlers:TypeMatcher.lookup('ns3::TraceSourceAccessor *')
DEBUG:pybindgen.typehandlers:try to lookup type handler for 'ns3::TraceSourceAccessor *' => success ((<class 'pybindgen.cppclass.ThisClassPtrParameter'>, None, <pybindgen.typehandlers.ctypeparser.TypeTraits object at 0x7f0ddaf8b7d0>))
/home/pratyu101/FlyNetSim/NetSim/ns-allinone-3.27/ns-3.27/src/core/bindings/modulegen__gcc_LP64.py:829: Warning: exception TypeConfigurationError('Missing transfer_ownership option',) in wrapper public: retval? ???::Delete (params?);
  is_static=True)
DEBUG:pybindgen.typehandlers:TypeMatcher.lookup('void')
DEBUG:pybindgen.typehandlers:try to lookup type handler for 'void' => success ((<class 'pybindgen.typehandlers.voidtype.VoidReturn'>, None, <pybindgen.typehandlers.ctypeparser.TypeTraits object at 0x7f0ddaf83110>))
DEBUG:pybindgen.typehandlers:TypeMatcher.lookup('ns3::EventId')
DEBUG:pybindgen.typehandlers:try to lookup type handler for 'ns3::EventId' => success ((<class 'pybindgen.cppclass.ThisClassParameter'>, None, <pybindgen.typehandlers.ctypeparser.TypeTraits object at 0x7f0ddaf78f10>))
DEBUG:pybindgen.typehandlers:TypeMatcher.lookup('ns3::EventGarbageCollector const &')
DEBUG:pybindgen.typehandlers:try to lookup type handler for 'ns3::EventGarbageCollector const &' => success ((<class 'pybindgen.cppclass.ThisClassRefParameter'>, None, <pybindgen.typehandlers.ctypeparser.TypeTraits object at 0x7f0ddaf950d0>))
DEBUG:pybindgen.typehandlers:TypeMatcher.lookup('ns3::EventId const &')
DEBUG:pybindgen.typehandlers:try to lookup type handler for 'ns3::EventId const &' => success ((<class 'pybindgen.cppclass.ThisClassRefParameter'>, None, <pybindgen.typehandlers.ctypeparser.TypeTraits object at 0x7f0ddaf95590>))
DEBUG:pybindgen.typehandlers:TypeMatcher.lookup('ns3::Ptr< ns3::EventImpl > const &')
DEBUG:pybindgen.typehandlers:try to lookup type handler for 'ns3::Ptr< ns3::EventImpl > const &' => failure
'ns3::Ptr< ns3::EventImpl > const &' did not match
/home/pratyu101/FlyNetSim/NetSim/ns-allinone-3.27/ns-3.27/src/core/bindings/modulegen__gcc_LP64.py:852: Warning: exception TypeLookupError(['ns3::Ptr< ns3::EventImpl > &'],) in wrapper <pybindgen.cppmethod.CppConstructor object at 0x7f0ddaf95d10>
  cls.add_constructor([param('ns3::Ptr< ns3::EventImpl > const &', 'impl'), param('uint64_t', 'ts'), param('uint32_t', 'context'), param('uint32_t', 'uid')])
DEBUG:pybindgen.typehandlers:TypeMatcher.lookup('void')
DEBUG:pybindgen.typehandlers:try to lookup type handler for 'void' => success ((<class 'pybindgen.typehandlers.voidtype.VoidReturn'>, None, <pybindgen.typehandlers.ctypeparser.TypeTraits object at 0x7f0ddaf95f50>))
DEBUG:pybindgen.typehandlers:TypeMatcher.lookup('uint32_t')
DEBUG:pybindgen.typehandlers:try to lookup type handler for 'uint32_t' => success ((<class 'pybindgen.typehandlers.inttype.UnsignedIntReturn'>, None, <pybindgen.typehandlers.ctypeparser.TypeTraits object at 0x7f0ddaf9f410>))
DEBUG:pybindgen.typehandlers:TypeMatcher.lookup('uint64_t')
DEBUG:pybindgen.typehandlers:try to lookup type handler for 'uint64_t' => success ((<class 'pybindgen.typehandlers.inttype.UnsignedLongLongReturn'>, None, <pybindgen.typehandlers.ctypeparser.TypeTraits object at 0x7f0ddaf9f850>))
DEBUG:pybindgen.typehandlers:TypeMatcher.lookup('uint32_t')
DEBUG:pybindgen.typehandlers:try to lookup type handler for 'uint32_t' => success ((<class 'pybindgen.typehandlers.inttype.UnsignedIntReturn'>, None, <pybindgen.typehandlers.ctypeparser.TypeTraits object at 0x7f0ddaf9fcd0>))
DEBUG:pybindgen.typehandlers:TypeMatcher.lookup('bool')
DEBUG:pybindgen.typehandlers:try to lookup type handler for 'bool' => success ((<class 'pybindgen.typehandlers.booltype.BoolReturn'>, None, <pybindgen.typehandlers.ctypeparser.TypeTraits object at 0x7f0ddaf25190>))
DEBUG:pybindgen.typehandlers:TypeMatcher.lookup('bool')
DEBUG:pybindgen.typehandlers:try to lookup type handler for 'bool' => success ((<class 'pybindgen.typehandlers.booltype.BoolReturn'>, None, <pybindgen.typehandlers.ctypeparser.TypeTraits object at 0x7f0ddaf255d0>))
DEBUG:pybindgen.typehandlers:TypeMatcher.lookup('ns3::EventImpl *')
DEBUG:pybindgen.typehandlers:try to lookup type handler for 'ns3::EventImpl *' => success ((<class 'pybindgen.cppclass.ThisClassPtrReturn'>, None, <pybindgen.typehandlers.ctypeparser.TypeTraits object at 0x7f0ddaf25a10>))
/home/pratyu101/FlyNetSim/NetSim/ns-allinone-3.27/ns-3.27/src/core/bindings/modulegen__gcc_LP64.py:886: Warning: exception TypeConfigurationError('Either caller_owns_return or self.reference_existing_object must be given',) in wrapper public: retval? ???::PeekEventImpl (params?) const;
  is_const=True)
DEBUG:pybindgen.typehandlers:TypeMatcher.lookup('ns3::GlobalValue const &')
DEBUG:pybindgen.typehandlers:try to lookup type handler for 'ns3::GlobalValue const &' => success ((<class 'pybindgen.cppclass.ThisClassRefParameter'>, None, <pybindgen.typehandlers.ctypeparser.TypeTraits object at 0x7f0ddaf95e90>))
DEBUG:pybindgen.typehandlers:TypeMatcher.lookup('std::string')
DEBUG:pybindgen.typehandlers:try to lookup type handler for 'std::string' => success ((<class 'pybindgen.typehandlers.stringtype.StdStringParam'>, None, <pybindgen.typehandlers.ctypeparser.TypeTraits object at 0x7f0ddaf25b50>))
DEBUG:pybindgen.typehandlers:TypeMatcher.lookup('std::string')
DEBUG:pybindgen.typehandlers:try to lookup type handler for 'std::string' => success ((<class 'pybindgen.typehandlers.stringtype.StdStringParam'>, None, <pybindgen.typehandlers.ctypeparser.TypeTraits object at 0x7f0ddaf25c50>))
DEBUG:pybindgen.typehandlers:TypeMatcher.lookup('ns3::AttributeValue const &')
DEBUG:pybindgen.typehandlers:try to lookup type handler for 'ns3::AttributeValue const &' => success ((<class 'pybindgen.cppclass.ThisClassRefParameter'>, None, <pybindgen.typehandlers.ctypeparser.TypeTraits object at 0x7f0ddaf25d50>))
DEBUG:pybindgen.typehandlers:TypeMatcher.lookup('ns3::Ptr< ns3::AttributeChecker const >')
DEBUG:pybindgen.typehandlers:try to lookup type handler for 'ns3::Ptr< ns3::AttributeChecker const >' => failure
DEBUG:pybindgen.typehandlers:try to lookup type handler for 'ns3::AttributeChecker *' => success ((<class 'pybindgen.cppclass.ThisClassPtrParameter'>, <ns3modulegen_core_customizations.SmartPointerTransformation object at 0x7f0ddb24d5d0>, <pybindgen.typehandlers.ctypeparser.TypeTraits object at 0x7f0ddaf2e190>))
DEBUG:pybindgen.typehandlers:TypeMatcher.lookup('ns3::GlobalValue::Iterator')
DEBUG:pybindgen.typehandlers:try to lookup type handler for 'ns3::GlobalValue::Iterator' => failure
'ns3::GlobalValue::Iterator' did not match
/home/pratyu101/FlyNetSim/NetSim/ns-allinone-3.27/ns-3.27/src/core/bindings/modulegen__gcc_LP64.py:898: Warning: exception TypeLookupError(['ns3::GlobalValue::Iterator'],) in wrapper public: retval? ???::Begin (params?);
  is_static=True)
DEBUG:pybindgen.typehandlers:TypeMatcher.lookup('void')
DEBUG:pybindgen.typehandlers:try to lookup type handler for 'void' => success ((<class 'pybindgen.typehandlers.voidtype.VoidReturn'>, None, <pybindgen.typehandlers.ctypeparser.TypeTraits object at 0x7f0ddaf2e510>))
DEBUG:pybindgen.typehandlers:TypeMatcher.lookup('std::string')
DEBUG:pybindgen.typehandlers:try to lookup type handler for 'std::string' => success ((<class 'pybindgen.typehandlers.stringtype.StdStringParam'>, None, <pybindgen.typehandlers.ctypeparser.TypeTraits object at 0x7f0ddaf2e650>))
DEBUG:pybindgen.typehandlers:TypeMatcher.lookup('ns3::AttributeValue const &')
DEBUG:pybindgen.typehandlers:try to lookup type handler for 'ns3::AttributeValue const &' => success ((<class 'pybindgen.cppclass.ThisClassRefParameter'>, None, <pybindgen.typehandlers.ctypeparser.TypeTraits object at 0x7f0ddaf2e750>))
DEBUG:pybindgen.typehandlers:TypeMatcher.lookup('bool')
DEBUG:pybindgen.typehandlers:try to lookup type handler for 'bool' => success ((<class 'pybindgen.typehandlers.booltype.BoolReturn'>, None, <pybindgen.typehandlers.ctypeparser.TypeTraits object at 0x7f0ddaf2ec50>))
DEBUG:pybindgen.typehandlers:TypeMatcher.lookup('std::string')
DEBUG:pybindgen.typehandlers:try to lookup type handler for 'std::string' => success ((<class 'pybindgen.typehandlers.stringtype.StdStringParam'>, None, <pybindgen.typehandlers.ctypeparser.TypeTraits object at 0x7f0ddaf2ed90>))
DEBUG:pybindgen.typehandlers:TypeMatcher.lookup('ns3::AttributeValue const &')
DEBUG:pybindgen.typehandlers:try to lookup type handler for 'ns3::AttributeValue const &' => success ((<class 'pybindgen.cppclass.ThisClassRefParameter'>, None, <pybindgen.typehandlers.ctypeparser.TypeTraits object at 0x7f0ddaf2ee90>))
DEBUG:pybindgen.typehandlers:TypeMatcher.lookup('ns3::GlobalValue::Iterator')
DEBUG:pybindgen.typehandlers:try to lookup type handler for 'ns3::GlobalValue::Iterator' => failure
'ns3::GlobalValue::Iterator' did not match
/home/pratyu101/FlyNetSim/NetSim/ns-allinone-3.27/ns-3.27/src/core/bindings/modulegen__gcc_LP64.py:913: Warning: exception TypeLookupError(['ns3::GlobalValue::Iterator'],) in wrapper public: retval? ???::End (params?);
  is_static=True)
DEBUG:pybindgen.typehandlers:TypeMatcher.lookup('ns3::Ptr< ns3::AttributeChecker const >')
DEBUG:pybindgen.typehandlers:try to lookup type handler for 'ns3::Ptr< ns3::AttributeChecker const >' => failure
DEBUG:pybindgen.typehandlers:try to lookup type handler for 'ns3::AttributeChecker *' => success ((<class 'pybindgen.cppclass.ThisClassPtrReturn'>, <ns3modulegen_core_customizations.SmartPointerTransformation object at 0x7f0ddb24d5d0>, <pybindgen.typehandlers.ctypeparser.TypeTraits object at 0x7f0ddaf35710>))
DEBUG:pybindgen.typehandlers:TypeMatcher.lookup('std::string')
DEBUG:pybindgen.typehandlers:try to lookup type handler for 'std::string' => success ((<class 'pybindgen.typehandlers.stringtype.StdStringReturn'>, None, <pybindgen.typehandlers.ctypeparser.TypeTraits object at 0x7f0ddaf35ad0>))
DEBUG:pybindgen.typehandlers:TypeMatcher.lookup('std::string')
DEBUG:pybindgen.typehandlers:try to lookup type handler for 'std::string' => success ((<class 'pybindgen.typehandlers.stringtype.StdStringReturn'>, None, <pybindgen.typehandlers.ctypeparser.TypeTraits object at 0x7f0ddaf35f10>))
DEBUG:pybindgen.typehandlers:TypeMatcher.lookup('void')
DEBUG:pybindgen.typehandlers:try to lookup type handler for 'void' => success ((<class 'pybindgen.typehandlers.voidtype.VoidReturn'>, None, <pybindgen.typehandlers.ctypeparser.TypeTraits object at 0x7f0ddaf3f390>))
DEBUG:pybindgen.typehandlers:TypeMatcher.lookup('ns3::AttributeValue &')
DEBUG:pybindgen.typehandlers:try to lookup type handler for 'ns3::AttributeValue &' => success ((<class 'pybindgen.cppclass.ThisClassRefParameter'>, None, <pybindgen.typehandlers.ctypeparser.TypeTraits object at 0x7f0ddaf3f4d0>))
DEBUG:pybindgen.typehandlers:TypeMatcher.lookup('void')
DEBUG:pybindgen.typehandlers:try to lookup type handler for 'void' => success ((<class 'pybindgen.typehandlers.voidtype.VoidReturn'>, None, <pybindgen.typehandlers.ctypeparser.TypeTraits object at 0x7f0ddaf2e490>))
DEBUG:pybindgen.typehandlers:TypeMatcher.lookup('std::string')
DEBUG:pybindgen.typehandlers:try to lookup type handler for 'std::string' => success ((<class 'pybindgen.typehandlers.stringtype.StdStringParam'>, None, <pybindgen.typehandlers.ctypeparser.TypeTraits object at 0x7f0ddaf3f890>))
DEBUG:pybindgen.typehandlers:TypeMatcher.lookup('ns3::AttributeValue &')
DEBUG:pybindgen.typehandlers:try to lookup type handler for 'ns3::AttributeValue &' => success ((<class 'pybindgen.cppclass.ThisClassRefParameter'>, None, <pybindgen.typehandlers.ctypeparser.TypeTraits object at 0x7f0ddaf3f990>))
DEBUG:pybindgen.typehandlers:TypeMatcher.lookup('bool')
DEBUG:pybindgen.typehandlers:try to lookup type handler for 'bool' => success ((<class 'pybindgen.typehandlers.booltype.BoolReturn'>, None, <pybindgen.typehandlers.ctypeparser.TypeTraits object at 0x7f0ddaf3fe10>))
DEBUG:pybindgen.typehandlers:TypeMatcher.lookup('std::string')
DEBUG:pybindgen.typehandlers:try to lookup type handler for 'std::string' => success ((<class 'pybindgen.typehandlers.stringtype.StdStringParam'>, None, <pybindgen.typehandlers.ctypeparser.TypeTraits object at 0x7f0ddaf3ff50>))
DEBUG:pybindgen.typehandlers:TypeMatcher.lookup('ns3::AttributeValue &')
DEBUG:pybindgen.typehandlers:try to lookup type handler for 'ns3::AttributeValue &' => success ((<class 'pybindgen.cppclass.ThisClassRefParameter'>, None, <pybindgen.typehandlers.ctypeparser.TypeTraits object at 0x7f0ddaf45090>))
DEBUG:pybindgen.typehandlers:TypeMatcher.lookup('void')
DEBUG:pybindgen.typehandlers:try to lookup type handler for 'void' => success ((<class 'pybindgen.typehandlers.voidtype.VoidReturn'>, None, <pybindgen.typehandlers.ctypeparser.TypeTraits object at 0x7f0ddaf45510>))
DEBUG:pybindgen.typehandlers:TypeMatcher.lookup('bool')
DEBUG:pybindgen.typehandlers:try to lookup type handler for 'bool' => success ((<class 'pybindgen.typehandlers.booltype.BoolReturn'>, None, <pybindgen.typehandlers.ctypeparser.TypeTraits object at 0x7f0ddaf45950>))
DEBUG:pybindgen.typehandlers:TypeMatcher.lookup('ns3::AttributeValue const &')
DEBUG:pybindgen.typehandlers:try to lookup type handler for 'ns3::AttributeValue const &' => success ((<class 'pybindgen.cppclass.ThisClassRefParameter'>, None, <pybindgen.typehandlers.ctypeparser.TypeTraits object at 0x7f0ddaf45a90>))
DEBUG:pybindgen.typehandlers:TypeMatcher.lookup('ns3::Hasher const &')
DEBUG:pybindgen.typehandlers:try to lookup type handler for 'ns3::Hasher const &' => success ((<class 'pybindgen.cppclass.ThisClassRefParameter'>, None, <pybindgen.typehandlers.ctypeparser.TypeTraits object at 0x7f0ddaf45f90>))
DEBUG:pybindgen.typehandlers:TypeMatcher.lookup('ns3::Ptr< ns3::Hash::Implementation >')
DEBUG:pybindgen.typehandlers:try to lookup type handler for 'ns3::Ptr< ns3::Hash::Implementation >' => failure
DEBUG:pybindgen.typehandlers:try to lookup type handler for 'ns3::Hash::Implementation *' => success ((<class 'pybindgen.cppclass.ThisClassPtrParameter'>, <ns3modulegen_core_customizations.SmartPointerTransformation object at 0x7f0ddb24d5d0>, <pybindgen.typehandlers.ctypeparser.TypeTraits object at 0x7f0ddaf4d990>))
DEBUG:pybindgen.typehandlers:TypeMatcher.lookup('uint32_t')
DEBUG:pybindgen.typehandlers:try to lookup type handler for 'uint32_t' => success ((<class 'pybindgen.typehandlers.inttype.UnsignedIntReturn'>, None, <pybindgen.typehandlers.ctypeparser.TypeTraits object at 0x7f0ddaf4dc50>))
DEBUG:pybindgen.typehandlers:TypeMatcher.lookup('char const *')
DEBUG:pybindgen.typehandlers:try to lookup type handler for 'char const *' => success ((<class 'pybindgen.typehandlers.stringtype.CStringParam'>, None, <pybindgen.typehandlers.ctypeparser.TypeTraits object at 0x7f0ddaf4dd90>))
DEBUG:pybindgen.typehandlers:TypeMatcher.lookup('size_t const')
DEBUG:pybindgen.typehandlers:try to lookup type handler for 'size_t const' => success ((<class 'pybindgen.typehandlers.inttype.SizeTParam'>, None, <pybindgen.typehandlers.ctypeparser.TypeTraits object at 0x7f0ddaf4df10>))
DEBUG:pybindgen.typehandlers:TypeMatcher.lookup('uint32_t')
DEBUG:pybindgen.typehandlers:try to lookup type handler for 'uint32_t' => success ((<class 'pybindgen.typehandlers.inttype.UnsignedIntReturn'>, None, <pybindgen.typehandlers.ctypeparser.TypeTraits object at 0x7f0ddaf563d0>))
DEBUG:pybindgen.typehandlers:TypeMatcher.lookup('std::string const')
DEBUG:pybindgen.typehandlers:try to lookup type handler for 'std::string const' => success ((<class 'pybindgen.typehandlers.stringtype.StdStringParam'>, None, <pybindgen.typehandlers.ctypeparser.TypeTraits object at 0x7f0ddaf56510>))
DEBUG:pybindgen.typehandlers:TypeMatcher.lookup('uint64_t')
DEBUG:pybindgen.typehandlers:try to lookup type handler for 'uint64_t' => success ((<class 'pybindgen.typehandlers.inttype.UnsignedLongLongReturn'>, None, <pybindgen.typehandlers.ctypeparser.TypeTraits object at 0x7f0ddaf56950>))
DEBUG:pybindgen.typehandlers:TypeMatcher.lookup('char const *')
DEBUG:pybindgen.typehandlers:try to lookup type handler for 'char const *' => success ((<class 'pybindgen.typehandlers.stringtype.CStringParam'>, None, <pybindgen.typehandlers.ctypeparser.TypeTraits object at 0x7f0ddaf56a90>))
DEBUG:pybindgen.typehandlers:TypeMatcher.lookup('size_t const')
DEBUG:pybindgen.typehandlers:try to lookup type handler for 'size_t const' => success ((<class 'pybindgen.typehandlers.inttype.SizeTParam'>, None, <pybindgen.typehandlers.ctypeparser.TypeTraits object at 0x7f0ddaf56c10>))
DEBUG:pybindgen.typehandlers:TypeMatcher.lookup('uint64_t')
DEBUG:pybindgen.typehandlers:try to lookup type handler for 'uint64_t' => success ((<class 'pybindgen.typehandlers.inttype.UnsignedLongLongReturn'>, None, <pybindgen.typehandlers.ctypeparser.TypeTraits object at 0x7f0ddaf5d0d0>))
DEBUG:pybindgen.typehandlers:TypeMatcher.lookup('std::string const')
DEBUG:pybindgen.typehandlers:try to lookup type handler for 'std::string const' => success ((<class 'pybindgen.typehandlers.stringtype.StdStringParam'>, None, <pybindgen.typehandlers.ctypeparser.TypeTraits object at 0x7f0ddaf5d210>))
DEBUG:pybindgen.typehandlers:TypeMatcher.lookup('ns3::Hasher &')
DEBUG:pybindgen.typehandlers:try to lookup type handler for 'ns3::Hasher &' => success ((<class 'pybindgen.cppclass.ThisClassRefReturn'>, None, <pybindgen.typehandlers.ctypeparser.TypeTraits object at 0x7f0ddaf5d650>))
DEBUG:pybindgen.typehandlers:TypeMatcher.lookup('ns3::IntToType< 0 > const &')
DEBUG:pybindgen.typehandlers:try to lookup type handler for 'ns3::IntToType< 0 > const &' => success ((<class 'pybindgen.cppclass.ThisClassRefParameter'>, None, <pybindgen.typehandlers.ctypeparser.TypeTraits object at 0x7f0ddaf5de50>))
DEBUG:pybindgen.typehandlers:TypeMatcher.lookup('ns3::IntToType< 1 > const &')
DEBUG:pybindgen.typehandlers:try to lookup type handler for 'ns3::IntToType< 1 > const &' => success ((<class 'pybindgen.cppclass.ThisClassRefParameter'>, None, <pybindgen.typehandlers.ctypeparser.TypeTraits object at 0x7f0ddaee76d0>))
DEBUG:pybindgen.typehandlers:TypeMatcher.lookup('ns3::IntToType< 2 > const &')
DEBUG:pybindgen.typehandlers:try to lookup type handler for 'ns3::IntToType< 2 > const &' => success ((<class 'pybindgen.cppclass.ThisClassRefParameter'>, None, <pybindgen.typehandlers.ctypeparser.TypeTraits object at 0x7f0ddaee7f10>))
DEBUG:pybindgen.typehandlers:TypeMatcher.lookup('ns3::IntToType< 3 > const &')
DEBUG:pybindgen.typehandlers:try to lookup type handler for 'ns3::IntToType< 3 > const &' => success ((<class 'pybindgen.cppclass.ThisClassRefParameter'>, None, <pybindgen.typehandlers.ctypeparser.TypeTraits object at 0x7f0ddaeef790>))
DEBUG:pybindgen.typehandlers:TypeMatcher.lookup('ns3::IntToType< 4 > const &')
DEBUG:pybindgen.typehandlers:try to lookup type handler for 'ns3::IntToType< 4 > const &' => success ((<class 'pybindgen.cppclass.ThisClassRefParameter'>, None, <pybindgen.typehandlers.ctypeparser.TypeTraits object at 0x7f0ddaeeffd0>))
DEBUG:pybindgen.typehandlers:TypeMatcher.lookup('ns3::IntToType< 5 > const &')
DEBUG:pybindgen.typehandlers:try to lookup type handler for 'ns3::IntToType< 5 > const &' => success ((<class 'pybindgen.cppclass.ThisClassRefParameter'>, None, <pybindgen.typehandlers.ctypeparser.TypeTraits object at 0x7f0ddaef7850>))
DEBUG:pybindgen.typehandlers:TypeMatcher.lookup('ns3::IntToType< 6 > const &')
DEBUG:pybindgen.typehandlers:try to lookup type handler for 'ns3::IntToType< 6 > const &' => success ((<class 'pybindgen.cppclass.ThisClassRefParameter'>, None, <pybindgen.typehandlers.ctypeparser.TypeTraits object at 0x7f0ddaf000d0>))
DEBUG:pybindgen.typehandlers:TypeMatcher.lookup('ns3::LogComponent const &')
DEBUG:pybindgen.typehandlers:try to lookup type handler for 'ns3::LogComponent const &' => success ((<class 'pybindgen.cppclass.ThisClassRefParameter'>, None, <pybindgen.typehandlers.ctypeparser.TypeTraits object at 0x7f0ddaf00610>))
DEBUG:pybindgen.typehandlers:TypeMatcher.lookup('std::string const &')
DEBUG:pybindgen.typehandlers:try to lookup type handler for 'std::string const &' => success ((<class 'pybindgen.typehandlers.stringtype.StdStringRefParam'>, None, <pybindgen.typehandlers.ctypeparser.TypeTraits object at 0x7f0ddaf00a90>))
DEBUG:pybindgen.typehandlers:TypeMatcher.lookup('std::string const &')
DEBUG:pybindgen.typehandlers:try to lookup type handler for 'std::string const &' => success ((<class 'pybindgen.typehandlers.stringtype.StdStringRefParam'>, None, <pybindgen.typehandlers.ctypeparser.TypeTraits object at 0x7f0ddaf00c10>))
DEBUG:pybindgen.typehandlers:TypeMatcher.lookup('ns3::LogLevel const')
DEBUG:pybindgen.typehandlers:try to lookup type handler for 'ns3::LogLevel const' => success ((<class 'pybindgen.enum.ThisEnumParameter'>, None, <pybindgen.typehandlers.ctypeparser.TypeTraits object at 0x7f0ddaf00d90>))
DEBUG:pybindgen.typehandlers:TypeMatcher.lookup('void')
DEBUG:pybindgen.typehandlers:try to lookup type handler for 'void' => success ((<class 'pybindgen.typehandlers.voidtype.VoidReturn'>, None, <pybindgen.typehandlers.ctypeparser.TypeTraits object at 0x7f0ddaf07150>))
DEBUG:pybindgen.typehandlers:TypeMatcher.lookup('ns3::LogLevel const')
DEBUG:pybindgen.typehandlers:try to lookup type handler for 'ns3::LogLevel const' => success ((<class 'pybindgen.enum.ThisEnumParameter'>, None, <pybindgen.typehandlers.ctypeparser.TypeTraits object at 0x7f0ddaf07290>))
DEBUG:pybindgen.typehandlers:TypeMatcher.lookup('void')
DEBUG:pybindgen.typehandlers:try to lookup type handler for 'void' => success ((<class 'pybindgen.typehandlers.voidtype.VoidReturn'>, None, <pybindgen.typehandlers.ctypeparser.TypeTraits object at 0x7f0ddaf07690>))
DEBUG:pybindgen.typehandlers:TypeMatcher.lookup('ns3::LogLevel const')
DEBUG:pybindgen.typehandlers:try to lookup type handler for 'ns3::LogLevel const' => success ((<class 'pybindgen.enum.ThisEnumParameter'>, None, <pybindgen.typehandlers.ctypeparser.TypeTraits object at 0x7f0ddaf077d0>))
DEBUG:pybindgen.typehandlers:TypeMatcher.lookup('std::string')
DEBUG:pybindgen.typehandlers:try to lookup type handler for 'std::string' => success ((<class 'pybindgen.typehandlers.stringtype.StdStringReturn'>, None, <pybindgen.typehandlers.ctypeparser.TypeTraits object at 0x7f0ddaf07bd0>))
DEBUG:pybindgen.typehandlers:TypeMatcher.lookup('ns3::LogComponent::ComponentList *')
DEBUG:pybindgen.typehandlers:try to lookup type handler for 'ns3::LogComponent::ComponentList *' => failure
'ns3::LogComponent::ComponentList *' did not match
/home/pratyu101/FlyNetSim/NetSim/ns-allinone-3.27/ns-3.27/src/core/bindings/modulegen__gcc_LP64.py:1054: Warning: exception TypeLookupError(['ns3::LogComponent::ComponentList *'],) in wrapper public: retval? ???::GetComponentList (params?);
  is_static=True)
DEBUG:pybindgen.typehandlers:TypeMatcher.lookup('std::string')
DEBUG:pybindgen.typehandlers:try to lookup type handler for 'std::string' => success ((<class 'pybindgen.typehandlers.stringtype.StdStringReturn'>, None, <pybindgen.typehandlers.ctypeparser.TypeTraits object at 0x7f0ddaf10150>))
DEBUG:pybindgen.typehandlers:TypeMatcher.lookup('ns3::LogLevel const')
DEBUG:pybindgen.typehandlers:try to lookup type handler for 'ns3::LogLevel const' => success ((<class 'pybindgen.enum.ThisEnumParameter'>, None, <pybindgen.typehandlers.ctypeparser.TypeTraits object at 0x7f0ddaf10290>))
DEBUG:pybindgen.typehandlers:TypeMatcher.lookup('bool')
DEBUG:pybindgen.typehandlers:try to lookup type handler for 'bool' => success ((<class 'pybindgen.typehandlers.booltype.BoolReturn'>, None, <pybindgen.typehandlers.ctypeparser.TypeTraits object at 0x7f0ddaf10690>))
DEBUG:pybindgen.typehandlers:TypeMatcher.lookup('ns3::LogLevel const')
DEBUG:pybindgen.typehandlers:try to lookup type handler for 'ns3::LogLevel const' => success ((<class 'pybindgen.enum.ThisEnumParameter'>, None, <pybindgen.typehandlers.ctypeparser.TypeTraits object at 0x7f0ddaf107d0>))
DEBUG:pybindgen.typehandlers:TypeMatcher.lookup('bool')
DEBUG:pybindgen.typehandlers:try to lookup type handler for 'bool' => success ((<class 'pybindgen.typehandlers.booltype.BoolReturn'>, None, <pybindgen.typehandlers.ctypeparser.TypeTraits object at 0x7f0ddaf10bd0>))
DEBUG:pybindgen.typehandlers:TypeMatcher.lookup('char const *')
DEBUG:pybindgen.typehandlers:try to lookup type handler for 'char const *' => success ((<class 'pybindgen.typehandlers.stringtype.CStringReturn'>, None, <pybindgen.typehandlers.ctypeparser.TypeTraits object at 0x7f0ddaf19050>))
DEBUG:pybindgen.typehandlers:TypeMatcher.lookup('void')
DEBUG:pybindgen.typehandlers:try to lookup type handler for 'void' => success ((<class 'pybindgen.typehandlers.voidtype.VoidReturn'>, None, <pybindgen.typehandlers.ctypeparser.TypeTraits object at 0x7f0ddaf19510>))
DEBUG:pybindgen.typehandlers:TypeMatcher.lookup('ns3::LogLevel const')
DEBUG:pybindgen.typehandlers:try to lookup type handler for 'ns3::LogLevel const' => success ((<class 'pybindgen.enum.ThisEnumParameter'>, None, <pybindgen.typehandlers.ctypeparser.TypeTraits object at 0x7f0ddaf19650>))
DEBUG:pybindgen.typehandlers:TypeMatcher.lookup('ns3::Names const &')
DEBUG:pybindgen.typehandlers:try to lookup type handler for 'ns3::Names const &' => success ((<class 'pybindgen.cppclass.ThisClassRefParameter'>, None, <pybindgen.typehandlers.ctypeparser.TypeTraits object at 0x7f0ddaf19dd0>))
DEBUG:pybindgen.typehandlers:TypeMatcher.lookup('void')
DEBUG:pybindgen.typehandlers:try to lookup type handler for 'void' => success ((<class 'pybindgen.typehandlers.voidtype.VoidReturn'>, None, <pybindgen.typehandlers.ctypeparser.TypeTraits object at 0x7f0ddaf21250>))
DEBUG:pybindgen.typehandlers:TypeMatcher.lookup('std::string')
DEBUG:pybindgen.typehandlers:try to lookup type handler for 'std::string' => success ((<class 'pybindgen.typehandlers.stringtype.StdStringParam'>, None, <pybindgen.typehandlers.ctypeparser.TypeTraits object at 0x7f0ddaf10050>))
DEBUG:pybindgen.typehandlers:TypeMatcher.lookup('ns3::Ptr< ns3::Object >')
DEBUG:pybindgen.typehandlers:try to lookup type handler for 'ns3::Ptr< ns3::Object >' => failure
DEBUG:pybindgen.typehandlers:try to lookup type handler for 'ns3::Object *' => success ((<class 'pybindgen.cppclass.ThisClassPtrParameter'>, <ns3modulegen_core_customizations.SmartPointerTransformation object at 0x7f0ddb24d5d0>, <pybindgen.typehandlers.ctypeparser.TypeTraits object at 0x7f0ddaf21550>))
DEBUG:pybindgen.typehandlers:TypeMatcher.lookup('void')
DEBUG:pybindgen.typehandlers:try to lookup type handler for 'void' => success ((<class 'pybindgen.typehandlers.voidtype.VoidReturn'>, None, <pybindgen.typehandlers.ctypeparser.TypeTraits object at 0x7f0ddaf21890>))
DEBUG:pybindgen.typehandlers:TypeMatcher.lookup('std::string')
DEBUG:pybindgen.typehandlers:try to lookup type handler for 'std::string' => success ((<class 'pybindgen.typehandlers.stringtype.StdStringParam'>, None, <pybindgen.typehandlers.ctypeparser.TypeTraits object at 0x7f0ddaf219d0>))
DEBUG:pybindgen.typehandlers:TypeMatcher.lookup('std::string')
DEBUG:pybindgen.typehandlers:try to lookup type handler for 'std::string' => success ((<class 'pybindgen.typehandlers.stringtype.StdStringParam'>, None, <pybindgen.typehandlers.ctypeparser.TypeTraits object at 0x7f0ddaf21ad0>))
DEBUG:pybindgen.typehandlers:TypeMatcher.lookup('ns3::Ptr< ns3::Object >')
DEBUG:pybindgen.typehandlers:try to lookup type handler for 'ns3::Ptr< ns3::Object >' => failure
DEBUG:pybindgen.typehandlers:try to lookup type handler for 'ns3::Object *' => success ((<class 'pybindgen.cppclass.ThisClassPtrParameter'>, <ns3modulegen_core_customizations.SmartPointerTransformation object at 0x7f0ddb24d5d0>, <pybindgen.typehandlers.ctypeparser.TypeTraits object at 0x7f0ddaf21d90>))
DEBUG:pybindgen.typehandlers:TypeMatcher.lookup('void')
DEBUG:pybindgen.typehandlers:try to lookup type handler for 'void' => success ((<class 'pybindgen.typehandlers.voidtype.VoidReturn'>, None, <pybindgen.typehandlers.ctypeparser.TypeTraits object at 0x7f0ddaea80d0>))
DEBUG:pybindgen.typehandlers:TypeMatcher.lookup('ns3::Ptr< ns3::Object >')
DEBUG:pybindgen.typehandlers:try to lookup type handler for 'ns3::Ptr< ns3::Object >' => failure
DEBUG:pybindgen.typehandlers:try to lookup type handler for 'ns3::Object *' => success ((<class 'pybindgen.cppclass.ThisClassPtrParameter'>, <ns3modulegen_core_customizations.SmartPointerTransformation object at 0x7f0ddb24d5d0>, <pybindgen.typehandlers.ctypeparser.TypeTraits object at 0x7f0ddaea83d0>))
DEBUG:pybindgen.typehandlers:TypeMatcher.lookup('std::string')
DEBUG:pybindgen.typehandlers:try to lookup type handler for 'std::string' => success ((<class 'pybindgen.typehandlers.stringtype.StdStringParam'>, None, <pybindgen.typehandlers.ctypeparser.TypeTraits object at 0x7f0ddaea83d0>))
DEBUG:pybindgen.typehandlers:TypeMatcher.lookup('ns3::Ptr< ns3::Object >')
DEBUG:pybindgen.typehandlers:try to lookup type handler for 'ns3::Ptr< ns3::Object >' => failure
DEBUG:pybindgen.typehandlers:try to lookup type handler for 'ns3::Object *' => success ((<class 'pybindgen.cppclass.ThisClassPtrParameter'>, <ns3modulegen_core_customizations.SmartPointerTransformation object at 0x7f0ddb24d5d0>, <pybindgen.typehandlers.ctypeparser.TypeTraits object at 0x7f0ddaea8690>))
DEBUG:pybindgen.typehandlers:TypeMatcher.lookup('void')
DEBUG:pybindgen.typehandlers:try to lookup type handler for 'void' => success ((<class 'pybindgen.typehandlers.voidtype.VoidReturn'>, None, <pybindgen.typehandlers.ctypeparser.TypeTraits object at 0x7f0ddaea8990>))
DEBUG:pybindgen.typehandlers:TypeMatcher.lookup('std::string')
DEBUG:pybindgen.typehandlers:try to lookup type handler for 'std::string' => success ((<class 'pybindgen.typehandlers.stringtype.StdStringReturn'>, None, <pybindgen.typehandlers.ctypeparser.TypeTraits object at 0x7f0ddaea8e10>))
DEBUG:pybindgen.typehandlers:TypeMatcher.lookup('ns3::Ptr< ns3::Object >')
DEBUG:pybindgen.typehandlers:try to lookup type handler for 'ns3::Ptr< ns3::Object >' => failure
DEBUG:pybindgen.typehandlers:try to lookup type handler for 'ns3::Object *' => success ((<class 'pybindgen.cppclass.ThisClassPtrParameter'>, <ns3modulegen_core_customizations.SmartPointerTransformation object at 0x7f0ddb24d5d0>, <pybindgen.typehandlers.ctypeparser.TypeTraits object at 0x7f0ddaeb0150>))
DEBUG:pybindgen.typehandlers:TypeMatcher.lookup('std::string')
DEBUG:pybindgen.typehandlers:try to lookup type handler for 'std::string' => success ((<class 'pybindgen.typehandlers.stringtype.StdStringReturn'>, None, <pybindgen.typehandlers.ctypeparser.TypeTraits object at 0x7f0ddaeb0490>))
DEBUG:pybindgen.typehandlers:TypeMatcher.lookup('ns3::Ptr< ns3::Object >')
DEBUG:pybindgen.typehandlers:try to lookup type handler for 'ns3::Ptr< ns3::Object >' => failure
DEBUG:pybindgen.typehandlers:try to lookup type handler for 'ns3::Object *' => success ((<class 'pybindgen.cppclass.ThisClassPtrParameter'>, <ns3modulegen_core_customizations.SmartPointerTransformation object at 0x7f0ddb24d5d0>, <pybindgen.typehandlers.ctypeparser.TypeTraits object at 0x7f0ddaeb0790>))
DEBUG:pybindgen.typehandlers:TypeMatcher.lookup('void')
DEBUG:pybindgen.typehandlers:try to lookup type handler for 'void' => success ((<class 'pybindgen.typehandlers.voidtype.VoidReturn'>, None, <pybindgen.typehandlers.ctypeparser.TypeTraits object at 0x7f0ddaeb0ad0>))
DEBUG:pybindgen.typehandlers:TypeMatcher.lookup('std::string')
DEBUG:pybindgen.typehandlers:try to lookup type handler for 'std::string' => success ((<class 'pybindgen.typehandlers.stringtype.StdStringParam'>, None, <pybindgen.typehandlers.ctypeparser.TypeTraits object at 0x7f0ddaeb0c10>))
DEBUG:pybindgen.typehandlers:TypeMatcher.lookup('std::string')
DEBUG:pybindgen.typehandlers:try to lookup type handler for 'std::string' => success ((<class 'pybindgen.typehandlers.stringtype.StdStringParam'>, None, <pybindgen.typehandlers.ctypeparser.TypeTraits object at 0x7f0ddaeb0d10>))
DEBUG:pybindgen.typehandlers:TypeMatcher.lookup('void')
DEBUG:pybindgen.typehandlers:try to lookup type handler for 'void' => success ((<class 'pybindgen.typehandlers.voidtype.VoidReturn'>, None, <pybindgen.typehandlers.ctypeparser.TypeTraits object at 0x7f0ddaeb7190>))
DEBUG:pybindgen.typehandlers:TypeMatcher.lookup('std::string')
DEBUG:pybindgen.typehandlers:try to lookup type handler for 'std::string' => success ((<class 'pybindgen.typehandlers.stringtype.StdStringParam'>, None, <pybindgen.typehandlers.ctypeparser.TypeTraits object at 0x7f0ddaeb72d0>))
DEBUG:pybindgen.typehandlers:TypeMatcher.lookup('std::string')
DEBUG:pybindgen.typehandlers:try to lookup type handler for 'std::string' => success ((<class 'pybindgen.typehandlers.stringtype.StdStringParam'>, None, <pybindgen.typehandlers.ctypeparser.TypeTraits object at 0x7f0ddaeb73d0>))
DEBUG:pybindgen.typehandlers:TypeMatcher.lookup('std::string')
DEBUG:pybindgen.typehandlers:try to lookup type handler for 'std::string' => success ((<class 'pybindgen.typehandlers.stringtype.StdStringParam'>, None, <pybindgen.typehandlers.ctypeparser.TypeTraits object at 0x7f0ddaeb74d0>))
DEBUG:pybindgen.typehandlers:TypeMatcher.lookup('void')
DEBUG:pybindgen.typehandlers:try to lookup type handler for 'void' => success ((<class 'pybindgen.typehandlers.voidtype.VoidReturn'>, None, <pybindgen.typehandlers.ctypeparser.TypeTraits object at 0x7f0ddaeb78d0>))
DEBUG:pybindgen.typehandlers:TypeMatcher.lookup('ns3::Ptr< ns3::Object >')
DEBUG:pybindgen.typehandlers:try to lookup type handler for 'ns3::Ptr< ns3::Object >' => failure
DEBUG:pybindgen.typehandlers:try to lookup type handler for 'ns3::Object *' => success ((<class 'pybindgen.cppclass.ThisClassPtrParameter'>, <ns3modulegen_core_customizations.SmartPointerTransformation object at 0x7f0ddb24d5d0>, <pybindgen.typehandlers.ctypeparser.TypeTraits object at 0x7f0ddaeb7bd0>))
DEBUG:pybindgen.typehandlers:TypeMatcher.lookup('std::string')
DEBUG:pybindgen.typehandlers:try to lookup type handler for 'std::string' => success ((<class 'pybindgen.typehandlers.stringtype.StdStringParam'>, None, <pybindgen.typehandlers.ctypeparser.TypeTraits object at 0x7f0ddaeb7bd0>))
DEBUG:pybindgen.typehandlers:TypeMatcher.lookup('std::string')
DEBUG:pybindgen.typehandlers:try to lookup type handler for 'std::string' => success ((<class 'pybindgen.typehandlers.stringtype.StdStringParam'>, None, <pybindgen.typehandlers.ctypeparser.TypeTraits object at 0x7f0ddaeb7cd0>))
DEBUG:pybindgen.typehandlers:TypeMatcher.lookup('ns3::ObjectBase const &')
DEBUG:pybindgen.typehandlers:try to lookup type handler for 'ns3::ObjectBase const &' => success ((<class 'pybindgen.cppclass.ThisClassRefParameter'>, None, <pybindgen.typehandlers.ctypeparser.TypeTraits object at 0x7f0ddaebf750>))
DEBUG:pybindgen.typehandlers:TypeMatcher.lookup('void')
DEBUG:pybindgen.typehandlers:try to lookup type handler for 'void' => success ((<class 'pybindgen.typehandlers.voidtype.VoidReturn'>, None, <pybindgen.typehandlers.ctypeparser.TypeTraits object at 0x7f0ddaebfb90>))
DEBUG:pybindgen.typehandlers:TypeMatcher.lookup('std::string')
DEBUG:pybindgen.typehandlers:try to lookup type handler for 'std::string' => success ((<class 'pybindgen.typehandlers.stringtype.StdStringParam'>, None, <pybindgen.typehandlers.ctypeparser.TypeTraits object at 0x7f0ddaebfcd0>))
DEBUG:pybindgen.typehandlers:TypeMatcher.lookup('ns3::AttributeValue &')
DEBUG:pybindgen.typehandlers:try to lookup type handler for 'ns3::AttributeValue &' => success ((<class 'pybindgen.cppclass.ThisClassRefParameter'>, None, <pybindgen.typehandlers.ctypeparser.TypeTraits object at 0x7f0ddaebfdd0>))
DEBUG:pybindgen.typehandlers:TypeMatcher.lookup('bool')
DEBUG:pybindgen.typehandlers:try to lookup type handler for 'bool' => success ((<class 'pybindgen.typehandlers.booltype.BoolReturn'>, None, <pybindgen.typehandlers.ctypeparser.TypeTraits object at 0x7f0ddaec6290>))
DEBUG:pybindgen.typehandlers:TypeMatcher.lookup('std::string')
DEBUG:pybindgen.typehandlers:try to lookup type handler for 'std::string' => success ((<class 'pybindgen.typehandlers.stringtype.StdStringParam'>, None, <pybindgen.typehandlers.ctypeparser.TypeTraits object at 0x7f0ddaec63d0>))
DEBUG:pybindgen.typehandlers:TypeMatcher.lookup('ns3::AttributeValue &')
DEBUG:pybindgen.typehandlers:try to lookup type handler for 'ns3::AttributeValue &' => success ((<class 'pybindgen.cppclass.ThisClassRefParameter'>, None, <pybindgen.typehandlers.ctypeparser.TypeTraits object at 0x7f0ddaec64d0>))
DEBUG:pybindgen.typehandlers:TypeMatcher.lookup('ns3::TypeId')
DEBUG:pybindgen.typehandlers:try to lookup type handler for 'ns3::TypeId' => success ((<class 'pybindgen.cppclass.ThisClassReturn'>, None, <pybindgen.typehandlers.ctypeparser.TypeTraits object at 0x7f0ddaec6950>))
DEBUG:pybindgen.typehandlers:TypeMatcher.lookup('ns3::TypeId')
DEBUG:pybindgen.typehandlers:try to lookup type handler for 'ns3::TypeId' => success ((<class 'pybindgen.cppclass.ThisClassReturn'>, None, <pybindgen.typehandlers.ctypeparser.TypeTraits object at 0x7f0ddaecf0d0>))
DEBUG:pybindgen.typehandlers:TypeMatcher.lookup('void')
DEBUG:pybindgen.typehandlers:try to lookup type handler for 'void' => success ((<class 'pybindgen.typehandlers.voidtype.VoidReturn'>, None, <pybindgen.typehandlers.ctypeparser.TypeTraits object at 0x7f0ddaf95dd0>))
DEBUG:pybindgen.typehandlers:TypeMatcher.lookup('std::string')
DEBUG:pybindgen.typehandlers:try to lookup type handler for 'std::string' => success ((<class 'pybindgen.typehandlers.stringtype.StdStringParam'>, None, <pybindgen.typehandlers.ctypeparser.TypeTraits object at 0x7f0ddaecf490>))
DEBUG:pybindgen.typehandlers:TypeMatcher.lookup('ns3::AttributeValue const &')
DEBUG:pybindgen.typehandlers:try to lookup type handler for 'ns3::AttributeValue const &' => success ((<class 'pybindgen.cppclass.ThisClassRefParameter'>, None, <pybindgen.typehandlers.ctypeparser.TypeTraits object at 0x7f0ddaecf5d0>))
DEBUG:pybindgen.typehandlers:TypeMatcher.lookup('bool')
DEBUG:pybindgen.typehandlers:try to lookup type handler for 'bool' => success ((<class 'pybindgen.typehandlers.booltype.BoolReturn'>, None, <pybindgen.typehandlers.ctypeparser.TypeTraits object at 0x7f0ddaecfa90>))
DEBUG:pybindgen.typehandlers:TypeMatcher.lookup('std::string')
DEBUG:pybindgen.typehandlers:try to lookup type handler for 'std::string' => success ((<class 'pybindgen.typehandlers.stringtype.StdStringParam'>, None, <pybindgen.typehandlers.ctypeparser.TypeTraits object at 0x7f0ddaecfbd0>))
DEBUG:pybindgen.typehandlers:TypeMatcher.lookup('ns3::AttributeValue const &')
DEBUG:pybindgen.typehandlers:try to lookup type handler for 'ns3::AttributeValue const &' => success ((<class 'pybindgen.cppclass.ThisClassRefParameter'>, None, <pybindgen.typehandlers.ctypeparser.TypeTraits object at 0x7f0ddaecfcd0>))
DEBUG:pybindgen.typehandlers:TypeMatcher.lookup('bool')
DEBUG:pybindgen.typehandlers:try to lookup type handler for 'bool' => success ((<class 'pybindgen.typehandlers.booltype.BoolReturn'>, None, <pybindgen.typehandlers.ctypeparser.TypeTraits object at 0x7f0ddaed81d0>))
DEBUG:pybindgen.typehandlers:TypeMatcher.lookup('std::string')
DEBUG:pybindgen.typehandlers:try to lookup type handler for 'std::string' => success ((<class 'pybindgen.typehandlers.stringtype.StdStringParam'>, None, <pybindgen.typehandlers.ctypeparser.TypeTraits object at 0x7f0ddaed8310>))
DEBUG:pybindgen.typehandlers:TypeMatcher.lookup('std::string')
DEBUG:pybindgen.typehandlers:try to lookup type handler for 'std::string' => success ((<class 'pybindgen.typehandlers.stringtype.StdStringParam'>, None, <pybindgen.typehandlers.ctypeparser.TypeTraits object at 0x7f0ddaed8410>))
DEBUG:pybindgen.typehandlers:TypeMatcher.lookup('ns3::CallbackBase const &')
DEBUG:pybindgen.typehandlers:try to lookup type handler for 'ns3::CallbackBase const &' => success ((<class 'pybindgen.cppclass.ThisClassRefParameter'>, None, <pybindgen.typehandlers.ctypeparser.TypeTraits object at 0x7f0ddaed8510>))
DEBUG:pybindgen.typehandlers:TypeMatcher.lookup('bool')
DEBUG:pybindgen.typehandlers:try to lookup type handler for 'bool' => success ((<class 'pybindgen.typehandlers.booltype.BoolReturn'>, None, <pybindgen.typehandlers.ctypeparser.TypeTraits object at 0x7f0ddaed89d0>))
DEBUG:pybindgen.typehandlers:TypeMatcher.lookup('std::string')
DEBUG:pybindgen.typehandlers:try to lookup type handler for 'std::string' => success ((<class 'pybindgen.typehandlers.stringtype.StdStringParam'>, None, <pybindgen.typehandlers.ctypeparser.TypeTraits object at 0x7f0ddaed8b10>))
DEBUG:pybindgen.typehandlers:TypeMatcher.lookup('ns3::CallbackBase const &')
DEBUG:pybindgen.typehandlers:try to lookup type handler for 'ns3::CallbackBase const &' => success ((<class 'pybindgen.cppclass.ThisClassRefParameter'>, None, <pybindgen.typehandlers.ctypeparser.TypeTraits object at 0x7f0ddaed8c10>))
DEBUG:pybindgen.typehandlers:TypeMatcher.lookup('bool')
DEBUG:pybindgen.typehandlers:try to lookup type handler for 'bool' => success ((<class 'pybindgen.typehandlers.booltype.BoolReturn'>, None, <pybindgen.typehandlers.ctypeparser.TypeTraits object at 0x7f0ddaee1110>))
DEBUG:pybindgen.typehandlers:TypeMatcher.lookup('std::string')
DEBUG:pybindgen.typehandlers:try to lookup type handler for 'std::string' => success ((<class 'pybindgen.typehandlers.stringtype.StdStringParam'>, None, <pybindgen.typehandlers.ctypeparser.TypeTraits object at 0x7f0ddaee1250>))
DEBUG:pybindgen.typehandlers:TypeMatcher.lookup('std::string')
DEBUG:pybindgen.typehandlers:try to lookup type handler for 'std::string' => success ((<class 'pybindgen.typehandlers.stringtype.StdStringParam'>, None, <pybindgen.typehandlers.ctypeparser.TypeTraits object at 0x7f0ddaee1350>))
DEBUG:pybindgen.typehandlers:TypeMatcher.lookup('ns3::CallbackBase const &')
DEBUG:pybindgen.typehandlers:try to lookup type handler for 'ns3::CallbackBase const &' => success ((<class 'pybindgen.cppclass.ThisClassRefParameter'>, None, <pybindgen.typehandlers.ctypeparser.TypeTraits object at 0x7f0ddaee1450>))
DEBUG:pybindgen.typehandlers:TypeMatcher.lookup('bool')
DEBUG:pybindgen.typehandlers:try to lookup type handler for 'bool' => success ((<class 'pybindgen.typehandlers.booltype.BoolReturn'>, None, <pybindgen.typehandlers.ctypeparser.TypeTraits object at 0x7f0ddaee1910>))
DEBUG:pybindgen.typehandlers:TypeMatcher.lookup('std::string')
DEBUG:pybindgen.typehandlers:try to lookup type handler for 'std::string' => success ((<class 'pybindgen.typehandlers.stringtype.StdStringParam'>, None, <pybindgen.typehandlers.ctypeparser.TypeTraits object at 0x7f0ddaee1a50>))
DEBUG:pybindgen.typehandlers:TypeMatcher.lookup('ns3::CallbackBase const &')
DEBUG:pybindgen.typehandlers:try to lookup type handler for 'ns3::CallbackBase const &' => success ((<class 'pybindgen.cppclass.ThisClassRefParameter'>, None, <pybindgen.typehandlers.ctypeparser.TypeTraits object at 0x7f0ddaee1b50>))
DEBUG:pybindgen.typehandlers:TypeMatcher.lookup('void')
DEBUG:pybindgen.typehandlers:try to lookup type handler for 'void' => success ((<class 'pybindgen.typehandlers.voidtype.VoidReturn'>, None, <pybindgen.typehandlers.ctypeparser.TypeTraits object at 0x7f0ddae27090>))
DEBUG:pybindgen.typehandlers:TypeMatcher.lookup('ns3::AttributeConstructionList const &')
DEBUG:pybindgen.typehandlers:try to lookup type handler for 'ns3::AttributeConstructionList const &' => success ((<class 'pybindgen.cppclass.ThisClassRefParameter'>, None, <pybindgen.typehandlers.ctypeparser.TypeTraits object at 0x7f0ddae271d0>))
DEBUG:pybindgen.typehandlers:TypeMatcher.lookup('void')
DEBUG:pybindgen.typehandlers:try to lookup type handler for 'void' => success ((<class 'pybindgen.typehandlers.voidtype.VoidReturn'>, None, <pybindgen.typehandlers.ctypeparser.TypeTraits object at 0x7f0ddae279d0>))
DEBUG:pybindgen.typehandlers:TypeMatcher.lookup('ns3::ObjectDeleter const &')
DEBUG:pybindgen.typehandlers:try to lookup type handler for 'ns3::ObjectDeleter const &' => success ((<class 'pybindgen.cppclass.ThisClassRefParameter'>, None, <pybindgen.typehandlers.ctypeparser.TypeTraits object at 0x7f0ddae2f750>))
DEBUG:pybindgen.typehandlers:TypeMatcher.lookup('void')
DEBUG:pybindgen.typehandlers:try to lookup type handler for 'void' => success ((<class 'pybindgen.typehandlers.voidtype.VoidReturn'>, None, <pybindgen.typehandlers.ctypeparser.TypeTraits object at 0x7f0ddae2fb90>))
DEBUG:pybindgen.typehandlers:TypeMatcher.lookup('ns3::Object *')
DEBUG:pybindgen.typehandlers:try to lookup type handler for 'ns3::Object *' => success ((<class 'pybindgen.cppclass.ThisClassPtrParameter'>, None, <pybindgen.typehandlers.ctypeparser.TypeTraits object at 0x7f0ddae2fcd0>))
/home/pratyu101/FlyNetSim/NetSim/ns-allinone-3.27/ns-3.27/src/core/bindings/modulegen__gcc_LP64.py:1209: Warning: exception TypeConfigurationError('Missing transfer_ownership option',) in wrapper public: retval? ???::Delete (params?);
  is_static=True)
DEBUG:pybindgen.typehandlers:TypeMatcher.lookup('ns3::ObjectFactory const &')
DEBUG:pybindgen.typehandlers:try to lookup type handler for 'ns3::ObjectFactory const &' => success ((<class 'pybindgen.cppclass.ThisClassRefParameter'>, None, <pybindgen.typehandlers.ctypeparser.TypeTraits object at 0x7f0ddae2fe50>))
DEBUG:pybindgen.typehandlers:TypeMatcher.lookup('std::string')
DEBUG:pybindgen.typehandlers:try to lookup type handler for 'std::string' => success ((<class 'pybindgen.typehandlers.stringtype.StdStringParam'>, None, <pybindgen.typehandlers.ctypeparser.TypeTraits object at 0x7f0ddae39610>))
DEBUG:pybindgen.typehandlers:TypeMatcher.lookup('ns3::Ptr< ns3::Object >')
DEBUG:pybindgen.typehandlers:try to lookup type handler for 'ns3::Ptr< ns3::Object >' => failure
DEBUG:pybindgen.typehandlers:try to lookup type handler for 'ns3::Object *' => success ((<class 'pybindgen.cppclass.ThisClassPtrReturn'>, <ns3modulegen_core_customizations.SmartPointerTransformation object at 0x7f0ddb24d5d0>, <pybindgen.typehandlers.ctypeparser.TypeTraits object at 0x7f0ddae39b50>))
DEBUG:pybindgen.typehandlers:TypeMatcher.lookup('ns3::TypeId')
DEBUG:pybindgen.typehandlers:try to lookup type handler for 'ns3::TypeId' => success ((<class 'pybindgen.cppclass.ThisClassReturn'>, None, <pybindgen.typehandlers.ctypeparser.TypeTraits object at 0x7f0ddae39e90>))
DEBUG:pybindgen.typehandlers:TypeMatcher.lookup('void')
DEBUG:pybindgen.typehandlers:try to lookup type handler for 'void' => success ((<class 'pybindgen.typehandlers.voidtype.VoidReturn'>, None, <pybindgen.typehandlers.ctypeparser.TypeTraits object at 0x7f0ddae2fd90>))
DEBUG:pybindgen.typehandlers:TypeMatcher.lookup('std::string')
DEBUG:pybindgen.typehandlers:try to lookup type handler for 'std::string' => success ((<class 'pybindgen.typehandlers.stringtype.StdStringParam'>, None, <pybindgen.typehandlers.ctypeparser.TypeTraits object at 0x7f0ddae2fb90>))
DEBUG:pybindgen.typehandlers:TypeMatcher.lookup('ns3::AttributeValue const &')
DEBUG:pybindgen.typehandlers:try to lookup type handler for 'ns3::AttributeValue const &' => success ((<class 'pybindgen.cppclass.ThisClassRefParameter'>, None, <pybindgen.typehandlers.ctypeparser.TypeTraits object at 0x7f0ddae412d0>))
DEBUG:pybindgen.typehandlers:TypeMatcher.lookup('void')
DEBUG:pybindgen.typehandlers:try to lookup type handler for 'void' => success ((<class 'pybindgen.typehandlers.voidtype.VoidReturn'>, None, <pybindgen.typehandlers.ctypeparser.TypeTraits object at 0x7f0ddae41790>))
DEBUG:pybindgen.typehandlers:TypeMatcher.lookup('ns3::TypeId')
DEBUG:pybindgen.typehandlers:try to lookup type handler for 'ns3::TypeId' => success ((<class 'pybindgen.cppclass.ThisClassParameter'>, None, <pybindgen.typehandlers.ctypeparser.TypeTraits object at 0x7f0ddae418d0>))
DEBUG:pybindgen.typehandlers:TypeMatcher.lookup('void')
DEBUG:pybindgen.typehandlers:try to lookup type handler for 'void' => success ((<class 'pybindgen.typehandlers.voidtype.VoidReturn'>, None, <pybindgen.typehandlers.ctypeparser.TypeTraits object at 0x7f0ddae41cd0>))
DEBUG:pybindgen.typehandlers:TypeMatcher.lookup('char const *')
DEBUG:pybindgen.typehandlers:try to lookup type handler for 'char const *' => success ((<class 'pybindgen.typehandlers.stringtype.CStringParam'>, None, <pybindgen.typehandlers.ctypeparser.TypeTraits object at 0x7f0ddae41e10>))
DEBUG:pybindgen.typehandlers:TypeMatcher.lookup('void')
DEBUG:pybindgen.typehandlers:try to lookup type handler for 'void' => success ((<class 'pybindgen.typehandlers.voidtype.VoidReturn'>, None, <pybindgen.typehandlers.ctypeparser.TypeTraits object at 0x7f0ddae49250>))
DEBUG:pybindgen.typehandlers:TypeMatcher.lookup('std::string')
DEBUG:pybindgen.typehandlers:try to lookup type handler for 'std::string' => success ((<class 'pybindgen.typehandlers.stringtype.StdStringParam'>, None, <pybindgen.typehandlers.ctypeparser.TypeTraits object at 0x7f0ddae493d0>))
DEBUG:pybindgen.typehandlers:TypeMatcher.lookup('ns3::ParameterLogger const &')
DEBUG:pybindgen.typehandlers:try to lookup type handler for 'ns3::ParameterLogger const &' => success ((<class 'pybindgen.cppclass.ThisClassRefParameter'>, None, <pybindgen.typehandlers.ctypeparser.TypeTraits object at 0x7f0ddae497d0>))
DEBUG:pybindgen.typehandlers:TypeMatcher.lookup('std::ostream &')
DEBUG:pybindgen.typehandlers:try to lookup type handler for 'std::ostream &' => success ((<class 'pybindgen.cppclass.ThisClassRefParameter'>, None, <pybindgen.typehandlers.ctypeparser.TypeTraits object at 0x7f0ddae49c50>))
DEBUG:pybindgen.typehandlers:TypeMatcher.lookup('ns3::RandomVariableStreamHelper const &')
DEBUG:pybindgen.typehandlers:try to lookup type handler for 'ns3::RandomVariableStreamHelper const &' => success ((<class 'pybindgen.cppclass.ThisClassRefParameter'>, None, <pybindgen.typehandlers.ctypeparser.TypeTraits object at 0x7f0ddae52390>))
DEBUG:pybindgen.typehandlers:TypeMatcher.lookup('int64_t')
DEBUG:pybindgen.typehandlers:try to lookup type handler for 'int64_t' => success ((<class 'pybindgen.typehandlers.inttype.LongLongReturn'>, None, <pybindgen.typehandlers.ctypeparser.TypeTraits object at 0x7f0ddae52790>))
DEBUG:pybindgen.typehandlers:TypeMatcher.lookup('std::string')
DEBUG:pybindgen.typehandlers:try to lookup type handler for 'std::string' => success ((<class 'pybindgen.typehandlers.stringtype.StdStringParam'>, None, <pybindgen.typehandlers.ctypeparser.TypeTraits object at 0x7f0ddae528d0>))
DEBUG:pybindgen.typehandlers:TypeMatcher.lookup('int64_t')
DEBUG:pybindgen.typehandlers:try to lookup type handler for 'int64_t' => success ((<class 'pybindgen.typehandlers.inttype.LongLongParam'>, None, <pybindgen.typehandlers.ctypeparser.TypeTraits object at 0x7f0ddae529d0>))
DEBUG:pybindgen.typehandlers:TypeMatcher.lookup('ns3::RngSeedManager const &')
DEBUG:pybindgen.typehandlers:try to lookup type handler for 'ns3::RngSeedManager const &' => success ((<class 'pybindgen.cppclass.ThisClassRefParameter'>, None, <pybindgen.typehandlers.ctypeparser.TypeTraits object at 0x7f0ddae5a150>))
DEBUG:pybindgen.typehandlers:TypeMatcher.lookup('uint64_t')
DEBUG:pybindgen.typehandlers:try to lookup type handler for 'uint64_t' => success ((<class 'pybindgen.typehandlers.inttype.UnsignedLongLongReturn'>, None, <pybindgen.typehandlers.ctypeparser.TypeTraits object at 0x7f0ddae5a590>))
DEBUG:pybindgen.typehandlers:TypeMatcher.lookup('uint64_t')
DEBUG:pybindgen.typehandlers:try to lookup type handler for 'uint64_t' => success ((<class 'pybindgen.typehandlers.inttype.UnsignedLongLongReturn'>, None, <pybindgen.typehandlers.ctypeparser.TypeTraits object at 0x7f0ddae5a9d0>))
DEBUG:pybindgen.typehandlers:TypeMatcher.lookup('uint32_t')
DEBUG:pybindgen.typehandlers:try to lookup type handler for 'uint32_t' => success ((<class 'pybindgen.typehandlers.inttype.UnsignedIntReturn'>, None, <pybindgen.typehandlers.ctypeparser.TypeTraits object at 0x7f0ddae5ae10>))
DEBUG:pybindgen.typehandlers:TypeMatcher.lookup('void')
DEBUG:pybindgen.typehandlers:try to lookup type handler for 'void' => success ((<class 'pybindgen.typehandlers.voidtype.VoidReturn'>, None, <pybindgen.typehandlers.ctypeparser.TypeTraits object at 0x7f0ddae62290>))
DEBUG:pybindgen.typehandlers:TypeMatcher.lookup('uint64_t')
DEBUG:pybindgen.typehandlers:try to lookup type handler for 'uint64_t' => success ((<class 'pybindgen.typehandlers.inttype.UnsignedLongLongParam'>, None, <pybindgen.typehandlers.ctypeparser.TypeTraits object at 0x7f0ddae623d0>))
DEBUG:pybindgen.typehandlers:TypeMatcher.lookup('void')
DEBUG:pybindgen.typehandlers:try to lookup type handler for 'void' => success ((<class 'pybindgen.typehandlers.voidtype.VoidReturn'>, None, <pybindgen.typehandlers.ctypeparser.TypeTraits object at 0x7f0ddae627d0>))
DEBUG:pybindgen.typehandlers:TypeMatcher.lookup('uint32_t')
DEBUG:pybindgen.typehandlers:try to lookup type handler for 'uint32_t' => success ((<class 'pybindgen.typehandlers.inttype.UnsignedIntParam'>, None, <pybindgen.typehandlers.ctypeparser.TypeTraits object at 0x7f0ddae62910>))
DEBUG:pybindgen.typehandlers:TypeMatcher.lookup('uint32_t')
DEBUG:pybindgen.typehandlers:try to lookup type handler for 'uint32_t' => success ((<class 'pybindgen.typehandlers.inttype.UnsignedIntParam'>, None, <pybindgen.typehandlers.ctypeparser.TypeTraits object at 0x7f0ddae62d50>))
DEBUG:pybindgen.typehandlers:TypeMatcher.lookup('uint64_t')
DEBUG:pybindgen.typehandlers:try to lookup type handler for 'uint64_t' => success ((<class 'pybindgen.typehandlers.inttype.UnsignedLongLongParam'>, None, <pybindgen.typehandlers.ctypeparser.TypeTraits object at 0x7f0ddae62e50>))
DEBUG:pybindgen.typehandlers:TypeMatcher.lookup('uint64_t')
DEBUG:pybindgen.typehandlers:try to lookup type handler for 'uint64_t' => success ((<class 'pybindgen.typehandlers.inttype.UnsignedLongLongParam'>, None, <pybindgen.typehandlers.ctypeparser.TypeTraits object at 0x7f0ddae62f50>))
DEBUG:pybindgen.typehandlers:TypeMatcher.lookup('ns3::RngStream const &')
DEBUG:pybindgen.typehandlers:try to lookup type handler for 'ns3::RngStream const &' => success ((<class 'pybindgen.cppclass.ThisClassRefParameter'>, None, <pybindgen.typehandlers.ctypeparser.TypeTraits object at 0x7f0ddadec350>))
DEBUG:pybindgen.typehandlers:TypeMatcher.lookup('double')
DEBUG:pybindgen.typehandlers:try to lookup type handler for 'double' => success ((<class 'pybindgen.typehandlers.doubletype.DoubleReturn'>, None, <pybindgen.typehandlers.ctypeparser.TypeTraits object at 0x7f0ddadec790>))
DEBUG:pybindgen.typehandlers:TypeMatcher.lookup('ns3::SimpleRefCount< ns3::Object, ns3::ObjectBase, ns3::ObjectDeleter > const &')
DEBUG:pybindgen.typehandlers:try to lookup type handler for 'ns3::SimpleRefCount< ns3::Object, ns3::ObjectBase, ns3::ObjectDeleter > const &' => success ((<class 'pybindgen.cppclass.ThisClassRefParameter'>, None, <pybindgen.typehandlers.ctypeparser.TypeTraits object at 0x7f0ddadecf10>))
DEBUG:pybindgen.typehandlers:TypeMatcher.lookup('ns3::Simulator const &')
DEBUG:pybindgen.typehandlers:try to lookup type handler for 'ns3::Simulator const &' => success ((<class 'pybindgen.cppclass.ThisClassRefParameter'>, None, <pybindgen.typehandlers.ctypeparser.TypeTraits object at 0x7f0ddadf4550>))
DEBUG:pybindgen.typehandlers:TypeMatcher.lookup('void')
DEBUG:pybindgen.typehandlers:try to lookup type handler for 'void' => success ((<class 'pybindgen.typehandlers.voidtype.VoidReturn'>, None, <pybindgen.typehandlers.ctypeparser.TypeTraits object at 0x7f0ddadf4990>))
DEBUG:pybindgen.typehandlers:TypeMatcher.lookup('ns3::EventId const &')
DEBUG:pybindgen.typehandlers:try to lookup type handler for 'ns3::EventId const &' => success ((<class 'pybindgen.cppclass.ThisClassRefParameter'>, None, <pybindgen.typehandlers.ctypeparser.TypeTraits object at 0x7f0ddadf4ad0>))
DEBUG:pybindgen.typehandlers:TypeMatcher.lookup('void')
DEBUG:pybindgen.typehandlers:try to lookup type handler for 'void' => success ((<class 'pybindgen.typehandlers.voidtype.VoidReturn'>, None, <pybindgen.typehandlers.ctypeparser.TypeTraits object at 0x7f0ddadf4fd0>))
DEBUG:pybindgen.typehandlers:TypeMatcher.lookup('uint32_t')
DEBUG:pybindgen.typehandlers:try to lookup type handler for 'uint32_t' => success ((<class 'pybindgen.typehandlers.inttype.UnsignedIntReturn'>, None, <pybindgen.typehandlers.ctypeparser.TypeTraits object at 0x7f0ddadfc450>))
DEBUG:pybindgen.typehandlers:TypeMatcher.lookup('ns3::Time')
DEBUG:pybindgen.typehandlers:try to lookup type handler for 'ns3::Time' => success ((<class 'pybindgen.cppclass.ThisClassReturn'>, None, <pybindgen.typehandlers.ctypeparser.TypeTraits object at 0x7f0ddadfc890>))
DEBUG:pybindgen.typehandlers:TypeMatcher.lookup('ns3::EventId const &')
DEBUG:pybindgen.typehandlers:try to lookup type handler for 'ns3::EventId const &' => success ((<class 'pybindgen.cppclass.ThisClassRefParameter'>, None, <pybindgen.typehandlers.ctypeparser.TypeTraits object at 0x7f0ddadfc9d0>))
DEBUG:pybindgen.typehandlers:TypeMatcher.lookup('ns3::Ptr< ns3::SimulatorImpl >')
DEBUG:pybindgen.typehandlers:try to lookup type handler for 'ns3::Ptr< ns3::SimulatorImpl >' => failure
DEBUG:pybindgen.typehandlers:try to lookup type handler for 'ns3::SimulatorImpl *' => success ((<class 'pybindgen.cppclass.ThisClassPtrReturn'>, <ns3modulegen_core_customizations.SmartPointerTransformation object at 0x7f0ddb24d5d0>, <pybindgen.typehandlers.ctypeparser.TypeTraits object at 0x7f0ddae04090>))
DEBUG:pybindgen.typehandlers:TypeMatcher.lookup('ns3::Time')
DEBUG:pybindgen.typehandlers:try to lookup type handler for 'ns3::Time' => success ((<class 'pybindgen.cppclass.ThisClassReturn'>, None, <pybindgen.typehandlers.ctypeparser.TypeTraits object at 0x7f0ddae043d0>))
DEBUG:pybindgen.typehandlers:TypeMatcher.lookup('uint32_t')
DEBUG:pybindgen.typehandlers:try to lookup type handler for 'uint32_t' => success ((<class 'pybindgen.typehandlers.inttype.UnsignedIntReturn'>, None, <pybindgen.typehandlers.ctypeparser.TypeTraits object at 0x7f0ddae04810>))
DEBUG:pybindgen.typehandlers:TypeMatcher.lookup('bool')
DEBUG:pybindgen.typehandlers:try to lookup type handler for 'bool' => success ((<class 'pybindgen.typehandlers.booltype.BoolReturn'>, None, <pybindgen.typehandlers.ctypeparser.TypeTraits object at 0x7f0ddae04c50>))
DEBUG:pybindgen.typehandlers:TypeMatcher.lookup('ns3::EventId const &')
DEBUG:pybindgen.typehandlers:try to lookup type handler for 'ns3::EventId const &' => success ((<class 'pybindgen.cppclass.ThisClassRefParameter'>, None, <pybindgen.typehandlers.ctypeparser.TypeTraits object at 0x7f0ddae04d90>))
DEBUG:pybindgen.typehandlers:TypeMatcher.lookup('bool')
DEBUG:pybindgen.typehandlers:try to lookup type handler for 'bool' => success ((<class 'pybindgen.typehandlers.booltype.BoolReturn'>, None, <pybindgen.typehandlers.ctypeparser.TypeTraits object at 0x7f0ddae0c290>))
DEBUG:pybindgen.typehandlers:TypeMatcher.lookup('ns3::Time')
DEBUG:pybindgen.typehandlers:try to lookup type handler for 'ns3::Time' => success ((<class 'pybindgen.cppclass.ThisClassReturn'>, None, <pybindgen.typehandlers.ctypeparser.TypeTraits object at 0x7f0ddae0c6d0>))
DEBUG:pybindgen.typehandlers:TypeMatcher.lookup('void')
DEBUG:pybindgen.typehandlers:try to lookup type handler for 'void' => success ((<class 'pybindgen.typehandlers.voidtype.VoidReturn'>, None, <pybindgen.typehandlers.ctypeparser.TypeTraits object at 0x7f0ddae0cb50>))
DEBUG:pybindgen.typehandlers:TypeMatcher.lookup('ns3::EventId const &')
DEBUG:pybindgen.typehandlers:try to lookup type handler for 'ns3::EventId const &' => success ((<class 'pybindgen.cppclass.ThisClassRefParameter'>, None, <pybindgen.typehandlers.ctypeparser.TypeTraits object at 0x7f0ddae0cc90>))
DEBUG:pybindgen.typehandlers:TypeMatcher.lookup('void')
DEBUG:pybindgen.typehandlers:try to lookup type handler for 'void' => success ((<class 'pybindgen.typehandlers.voidtype.VoidReturn'>, None, <pybindgen.typehandlers.ctypeparser.TypeTraits object at 0x7f0ddae141d0>))
DEBUG:pybindgen.typehandlers:TypeMatcher.lookup('ns3::Ptr< ns3::SimulatorImpl >')
DEBUG:pybindgen.typehandlers:try to lookup type handler for 'ns3::Ptr< ns3::SimulatorImpl >' => failure
DEBUG:pybindgen.typehandlers:try to lookup type handler for 'ns3::SimulatorImpl *' => success ((<class 'pybindgen.cppclass.ThisClassPtrParameter'>, <ns3modulegen_core_customizations.SmartPointerTransformation object at 0x7f0ddb24d5d0>, <pybindgen.typehandlers.ctypeparser.TypeTraits object at 0x7f0ddae144d0>))
DEBUG:pybindgen.typehandlers:TypeMatcher.lookup('void')
DEBUG:pybindgen.typehandlers:try to lookup type handler for 'void' => success ((<class 'pybindgen.typehandlers.voidtype.VoidReturn'>, None, <pybindgen.typehandlers.ctypeparser.TypeTraits object at 0x7f0ddae147d0>))
DEBUG:pybindgen.typehandlers:TypeMatcher.lookup('ns3::ObjectFactory')
DEBUG:pybindgen.typehandlers:try to lookup type handler for 'ns3::ObjectFactory' => success ((<class 'pybindgen.cppclass.ThisClassParameter'>, None, <pybindgen.typehandlers.ctypeparser.TypeTraits object at 0x7f0ddae14910>))
DEBUG:pybindgen.typehandlers:TypeMatcher.lookup('void')
DEBUG:pybindgen.typehandlers:try to lookup type handler for 'void' => success ((<class 'pybindgen.typehandlers.voidtype.VoidReturn'>, None, <pybindgen.typehandlers.ctypeparser.TypeTraits object at 0x7f0ddae14d10>))
DEBUG:pybindgen.typehandlers:TypeMatcher.lookup('void')
DEBUG:pybindgen.typehandlers:try to lookup type handler for 'void' => success ((<class 'pybindgen.typehandlers.voidtype.VoidReturn'>, None, <pybindgen.typehandlers.ctypeparser.TypeTraits object at 0x7f0ddae1c1d0>))
DEBUG:pybindgen.typehandlers:TypeMatcher.lookup('ns3::Time const &')
DEBUG:pybindgen.typehandlers:try to lookup type handler for 'ns3::Time const &' => success ((<class 'pybindgen.cppclass.ThisClassRefParameter'>, None, <pybindgen.typehandlers.ctypeparser.TypeTraits object at 0x7f0ddae1c310>))
DEBUG:pybindgen.typehandlers:TypeMatcher.lookup('ns3::DesMetrics *')
DEBUG:pybindgen.typehandlers:try to lookup type handler for 'ns3::DesMetrics *' => success ((<class 'pybindgen.cppclass.ThisClassPtrReturn'>, None, <pybindgen.typehandlers.ctypeparser.TypeTraits object at 0x7f0ddae1c790>))
/home/pratyu101/FlyNetSim/NetSim/ns-allinone-3.27/ns-3.27/src/core/bindings/modulegen__gcc_LP64.py:1402: Warning: exception TypeConfigurationError('Either caller_owns_return or self.reference_existing_object must be given',) in wrapper public: retval? ???::Get (params?);
  is_static=True)
DEBUG:pybindgen.typehandlers:TypeMatcher.lookup('ns3::SystemCondition const &')
DEBUG:pybindgen.typehandlers:try to lookup type handler for 'ns3::SystemCondition const &' => success ((<class 'pybindgen.cppclass.ThisClassRefParameter'>, None, <pybindgen.typehandlers.ctypeparser.TypeTraits object at 0x7f0ddae1c810>))
DEBUG:pybindgen.typehandlers:TypeMatcher.lookup('void')
DEBUG:pybindgen.typehandlers:try to lookup type handler for 'void' => success ((<class 'pybindgen.typehandlers.voidtype.VoidReturn'>, None, <pybindgen.typehandlers.ctypeparser.TypeTraits object at 0x7f0ddada3250>))
DEBUG:pybindgen.typehandlers:TypeMatcher.lookup('bool')
DEBUG:pybindgen.typehandlers:try to lookup type handler for 'bool' => success ((<class 'pybindgen.typehandlers.booltype.BoolReturn'>, None, <pybindgen.typehandlers.ctypeparser.TypeTraits object at 0x7f0ddada3690>))
DEBUG:pybindgen.typehandlers:TypeMatcher.lookup('void')
DEBUG:pybindgen.typehandlers:try to lookup type handler for 'void' => success ((<class 'pybindgen.typehandlers.voidtype.VoidReturn'>, None, <pybindgen.typehandlers.ctypeparser.TypeTraits object at 0x7f0ddada3ad0>))
DEBUG:pybindgen.typehandlers:TypeMatcher.lookup('bool')
DEBUG:pybindgen.typehandlers:try to lookup type handler for 'bool' => success ((<class 'pybindgen.typehandlers.booltype.BoolParam'>, None, <pybindgen.typehandlers.ctypeparser.TypeTraits object at 0x7f0ddada3c10>))
DEBUG:pybindgen.typehandlers:TypeMatcher.lookup('void')
DEBUG:pybindgen.typehandlers:try to lookup type handler for 'void' => success ((<class 'pybindgen.typehandlers.voidtype.VoidReturn'>, None, <pybindgen.typehandlers.ctypeparser.TypeTraits object at 0x7f0ddadae050>))
DEBUG:pybindgen.typehandlers:TypeMatcher.lookup('bool')
DEBUG:pybindgen.typehandlers:try to lookup type handler for 'bool' => success ((<class 'pybindgen.typehandlers.booltype.BoolReturn'>, None, <pybindgen.typehandlers.ctypeparser.TypeTraits object at 0x7f0ddadae4d0>))
DEBUG:pybindgen.typehandlers:TypeMatcher.lookup('uint64_t')
DEBUG:pybindgen.typehandlers:try to lookup type handler for 'uint64_t' => success ((<class 'pybindgen.typehandlers.inttype.UnsignedLongLongParam'>, None, <pybindgen.typehandlers.ctypeparser.TypeTraits object at 0x7f0ddadae610>))
DEBUG:pybindgen.typehandlers:TypeMatcher.lookup('void')
DEBUG:pybindgen.typehandlers:try to lookup type handler for 'void' => success ((<class 'pybindgen.typehandlers.voidtype.VoidReturn'>, None, <pybindgen.typehandlers.ctypeparser.TypeTraits object at 0x7f0ddadaea10>))
DEBUG:pybindgen.typehandlers:TypeMatcher.lookup('ns3::SystemMutex const &')
DEBUG:pybindgen.typehandlers:try to lookup type handler for 'ns3::SystemMutex const &' => success ((<class 'pybindgen.cppclass.ThisClassRefParameter'>, None, <pybindgen.typehandlers.ctypeparser.TypeTraits object at 0x7f0ddadaee90>))
DEBUG:pybindgen.typehandlers:TypeMatcher.lookup('void')
DEBUG:pybindgen.typehandlers:try to lookup type handler for 'void' => success ((<class 'pybindgen.typehandlers.voidtype.VoidReturn'>, None, <pybindgen.typehandlers.ctypeparser.TypeTraits object at 0x7f0ddadb4610>))
DEBUG:pybindgen.typehandlers:TypeMatcher.lookup('void')
DEBUG:pybindgen.typehandlers:try to lookup type handler for 'void' => success ((<class 'pybindgen.typehandlers.voidtype.VoidReturn'>, None, <pybindgen.typehandlers.ctypeparser.TypeTraits object at 0x7f0ddadb4a90>))
DEBUG:pybindgen.typehandlers:TypeMatcher.lookup('ns3::SystemWallClockMs const &')
DEBUG:pybindgen.typehandlers:try to lookup type handler for 'ns3::SystemWallClockMs const &' => success ((<class 'pybindgen.cppclass.ThisClassRefParameter'>, None, <pybindgen.typehandlers.ctypeparser.TypeTraits object at 0x7f0ddadb4f10>))
DEBUG:pybindgen.typehandlers:TypeMatcher.lookup('int64_t')
DEBUG:pybindgen.typehandlers:try to lookup type handler for 'int64_t' => success ((<class 'pybindgen.typehandlers.inttype.LongLongReturn'>, None, <pybindgen.typehandlers.ctypeparser.TypeTraits object at 0x7f0ddadbc690>))
DEBUG:pybindgen.typehandlers:TypeMatcher.lookup('int64_t')
DEBUG:pybindgen.typehandlers:try to lookup type handler for 'int64_t' => success ((<class 'pybindgen.typehandlers.inttype.LongLongReturn'>, None, <pybindgen.typehandlers.ctypeparser.TypeTraits object at 0x7f0ddadbcad0>))
DEBUG:pybindgen.typehandlers:TypeMatcher.lookup('int64_t')
DEBUG:pybindgen.typehandlers:try to lookup type handler for 'int64_t' => success ((<class 'pybindgen.typehandlers.inttype.LongLongReturn'>, None, <pybindgen.typehandlers.ctypeparser.TypeTraits object at 0x7f0ddadbcf10>))
DEBUG:pybindgen.typehandlers:TypeMatcher.lookup('int64_t')
DEBUG:pybindgen.typehandlers:try to lookup type handler for 'int64_t' => success ((<class 'pybindgen.typehandlers.inttype.LongLongReturn'>, None, <pybindgen.typehandlers.ctypeparser.TypeTraits object at 0x7f0ddadc7390>))
DEBUG:pybindgen.typehandlers:TypeMatcher.lookup('void')
DEBUG:pybindgen.typehandlers:try to lookup type handler for 'void' => success ((<class 'pybindgen.typehandlers.voidtype.VoidReturn'>, None, <pybindgen.typehandlers.ctypeparser.TypeTraits object at 0x7f0ddadc77d0>))
DEBUG:pybindgen.typehandlers:TypeMatcher.lookup('ns3::TimeWithUnit const &')
DEBUG:pybindgen.typehandlers:try to lookup type handler for 'ns3::TimeWithUnit const &' => success ((<class 'pybindgen.cppclass.ThisClassRefParameter'>, None, <pybindgen.typehandlers.ctypeparser.TypeTraits object at 0x7f0ddadc7c50>))
DEBUG:pybindgen.typehandlers:TypeMatcher.lookup('ns3::Time const')
DEBUG:pybindgen.typehandlers:try to lookup type handler for 'ns3::Time const' => success ((<class 'pybindgen.cppclass.ThisClassParameter'>, None, <pybindgen.typehandlers.ctypeparser.TypeTraits object at 0x7f0ddadd1110>))
DEBUG:pybindgen.typehandlers:TypeMatcher.lookup('ns3::Time::Unit const')
DEBUG:pybindgen.typehandlers:try to lookup type handler for 'ns3::Time::Unit const' => success ((<class 'pybindgen.enum.ThisEnumParameter'>, None, <pybindgen.typehandlers.ctypeparser.TypeTraits object at 0x7f0ddadd1250>))
DEBUG:pybindgen.typehandlers:TypeMatcher.lookup('ns3::Timer const &')
DEBUG:pybindgen.typehandlers:try to lookup type handler for 'ns3::Timer const &' => success ((<class 'pybindgen.cppclass.ThisClassRefParameter'>, None, <pybindgen.typehandlers.ctypeparser.TypeTraits object at 0x7f0ddadd1610>))
DEBUG:pybindgen.typehandlers:TypeMatcher.lookup('ns3::Timer::DestroyPolicy')
DEBUG:pybindgen.typehandlers:try to lookup type handler for 'ns3::Timer::DestroyPolicy' => success ((<class 'pybindgen.enum.ThisEnumParameter'>, None, <pybindgen.typehandlers.ctypeparser.TypeTraits object at 0x7f0ddadd1dd0>))
DEBUG:pybindgen.typehandlers:TypeMatcher.lookup('void')
DEBUG:pybindgen.typehandlers:try to lookup type handler for 'void' => success ((<class 'pybindgen.typehandlers.voidtype.VoidReturn'>, None, <pybindgen.typehandlers.ctypeparser.TypeTraits object at 0x7f0ddadda210>))
DEBUG:pybindgen.typehandlers:TypeMatcher.lookup('ns3::Time')
DEBUG:pybindgen.typehandlers:try to lookup type handler for 'ns3::Time' => success ((<class 'pybindgen.cppclass.ThisClassReturn'>, None, <pybindgen.typehandlers.ctypeparser.TypeTraits object at 0x7f0ddadda690>))
DEBUG:pybindgen.typehandlers:TypeMatcher.lookup('ns3::Time')
DEBUG:pybindgen.typehandlers:try to lookup type handler for 'ns3::Time' => success ((<class 'pybindgen.cppclass.ThisClassReturn'>, None, <pybindgen.typehandlers.ctypeparser.TypeTraits object at 0x7f0ddaddab10>))
DEBUG:pybindgen.typehandlers:TypeMatcher.lookup('ns3::Timer::State')
DEBUG:pybindgen.typehandlers:try to lookup type handler for 'ns3::Timer::State' => success ((<class 'pybindgen.enum.ThisEnumReturn'>, None, <pybindgen.typehandlers.ctypeparser.TypeTraits object at 0x7f0ddaddaf50>))
DEBUG:pybindgen.typehandlers:TypeMatcher.lookup('bool')
DEBUG:pybindgen.typehandlers:try to lookup type handler for 'bool' => success ((<class 'pybindgen.typehandlers.booltype.BoolReturn'>, None, <pybindgen.typehandlers.ctypeparser.TypeTraits object at 0x7f0ddade2450>))
DEBUG:pybindgen.typehandlers:TypeMatcher.lookup('bool')
DEBUG:pybindgen.typehandlers:try to lookup type handler for 'bool' => success ((<class 'pybindgen.typehandlers.booltype.BoolReturn'>, None, <pybindgen.typehandlers.ctypeparser.TypeTraits object at 0x7f0ddade28d0>))
DEBUG:pybindgen.typehandlers:TypeMatcher.lookup('bool')
DEBUG:pybindgen.typehandlers:try to lookup type handler for 'bool' => success ((<class 'pybindgen.typehandlers.booltype.BoolReturn'>, None, <pybindgen.typehandlers.ctypeparser.TypeTraits object at 0x7f0ddade2d50>))
DEBUG:pybindgen.typehandlers:TypeMatcher.lookup('void')
DEBUG:pybindgen.typehandlers:try to lookup type handler for 'void' => success ((<class 'pybindgen.typehandlers.voidtype.VoidReturn'>, None, <pybindgen.typehandlers.ctypeparser.TypeTraits object at 0x7f0ddad6c1d0>))
DEBUG:pybindgen.typehandlers:TypeMatcher.lookup('void')
DEBUG:pybindgen.typehandlers:try to lookup type handler for 'void' => success ((<class 'pybindgen.typehandlers.voidtype.VoidReturn'>, None, <pybindgen.typehandlers.ctypeparser.TypeTraits object at 0x7f0ddad6c650>))
DEBUG:pybindgen.typehandlers:TypeMatcher.lookup('void')
DEBUG:pybindgen.typehandlers:try to lookup type handler for 'void' => success ((<class 'pybindgen.typehandlers.voidtype.VoidReturn'>, None, <pybindgen.typehandlers.ctypeparser.TypeTraits object at 0x7f0ddad6cad0>))
DEBUG:pybindgen.typehandlers:TypeMatcher.lookup('void')
DEBUG:pybindgen.typehandlers:try to lookup type handler for 'void' => success ((<class 'pybindgen.typehandlers.voidtype.VoidReturn'>, None, <pybindgen.typehandlers.ctypeparser.TypeTraits object at 0x7f0ddad6cf50>))
DEBUG:pybindgen.typehandlers:TypeMatcher.lookup('ns3::Time')
DEBUG:pybindgen.typehandlers:try to lookup type handler for 'ns3::Time' => success ((<class 'pybindgen.cppclass.ThisClassParameter'>, None, <pybindgen.typehandlers.ctypeparser.TypeTraits object at 0x7f0ddad740d0>))
DEBUG:pybindgen.typehandlers:TypeMatcher.lookup('void')
DEBUG:pybindgen.typehandlers:try to lookup type handler for 'void' => success ((<class 'pybindgen.typehandlers.voidtype.VoidReturn'>, None, <pybindgen.typehandlers.ctypeparser.TypeTraits object at 0x7f0ddad744d0>))
DEBUG:pybindgen.typehandlers:TypeMatcher.lookup('ns3::Time const &')
DEBUG:pybindgen.typehandlers:try to lookup type handler for 'ns3::Time const &' => success ((<class 'pybindgen.cppclass.ThisClassRefParameter'>, None, <pybindgen.typehandlers.ctypeparser.TypeTraits object at 0x7f0ddad74610>))
DEBUG:pybindgen.typehandlers:TypeMatcher.lookup('void')
DEBUG:pybindgen.typehandlers:try to lookup type handler for 'void' => success ((<class 'pybindgen.typehandlers.voidtype.VoidReturn'>, None, <pybindgen.typehandlers.ctypeparser.TypeTraits object at 0x7f0ddad74ad0>))
DEBUG:pybindgen.typehandlers:TypeMatcher.lookup('ns3::TimerImpl const &')
DEBUG:pybindgen.typehandlers:try to lookup type handler for 'ns3::TimerImpl const &' => success ((<class 'pybindgen.cppclass.ThisClassRefParameter'>, None, <pybindgen.typehandlers.ctypeparser.TypeTraits object at 0x7f0ddad7a2d0>))
DEBUG:pybindgen.typehandlers:TypeMatcher.lookup('void')
DEBUG:pybindgen.typehandlers:try to lookup type handler for 'void' => success ((<class 'pybindgen.typehandlers.voidtype.VoidReturn'>, None, <pybindgen.typehandlers.ctypeparser.TypeTraits object at 0x7f0ddad7a710>))
DEBUG:pybindgen.typehandlers:TypeMatcher.lookup('ns3::EventId')
DEBUG:pybindgen.typehandlers:try to lookup type handler for 'ns3::EventId' => success ((<class 'pybindgen.cppclass.ThisClassReturn'>, None, <pybindgen.typehandlers.ctypeparser.TypeTraits object at 0x7f0ddad7ae50>))
DEBUG:pybindgen.typehandlers:TypeMatcher.lookup('ns3::Time const &')
DEBUG:pybindgen.typehandlers:try to lookup type handler for 'ns3::Time const &' => success ((<class 'pybindgen.cppclass.ThisClassRefParameter'>, None, <pybindgen.typehandlers.ctypeparser.TypeTraits object at 0x7f0ddad7af90>))
DEBUG:pybindgen.typehandlers:TypeMatcher.lookup('char const *')
DEBUG:pybindgen.typehandlers:try to lookup type handler for 'char const *' => success ((<class 'pybindgen.typehandlers.stringtype.CStringParam'>, None, <pybindgen.typehandlers.ctypeparser.TypeTraits object at 0x7f0ddad84750>))
DEBUG:pybindgen.typehandlers:TypeMatcher.lookup('ns3::TypeId const &')
DEBUG:pybindgen.typehandlers:try to lookup type handler for 'ns3::TypeId const &' => success ((<class 'pybindgen.cppclass.ThisClassRefParameter'>, None, <pybindgen.typehandlers.ctypeparser.TypeTraits object at 0x7f0ddad84f10>))
DEBUG:pybindgen.typehandlers:TypeMatcher.lookup('ns3::TypeId')
DEBUG:pybindgen.typehandlers:try to lookup type handler for 'ns3::TypeId' => success ((<class 'pybindgen.cppclass.ThisClassReturn'>, None, <pybindgen.typehandlers.ctypeparser.TypeTraits object at 0x7f0ddad8b390>))
DEBUG:pybindgen.typehandlers:TypeMatcher.lookup('std::string')
DEBUG:pybindgen.typehandlers:try to lookup type handler for 'std::string' => success ((<class 'pybindgen.typehandlers.stringtype.StdStringParam'>, None, <pybindgen.typehandlers.ctypeparser.TypeTraits object at 0x7f0ddad8b4d0>))
DEBUG:pybindgen.typehandlers:TypeMatcher.lookup('std::string')
DEBUG:pybindgen.typehandlers:try to lookup type handler for 'std::string' => success ((<class 'pybindgen.typehandlers.stringtype.StdStringParam'>, None, <pybindgen.typehandlers.ctypeparser.TypeTraits object at 0x7f0ddad8b5d0>))
DEBUG:pybindgen.typehandlers:TypeMatcher.lookup('ns3::AttributeValue const &')
DEBUG:pybindgen.typehandlers:try to lookup type handler for 'ns3::AttributeValue const &' => success ((<class 'pybindgen.cppclass.ThisClassRefParameter'>, None, <pybindgen.typehandlers.ctypeparser.TypeTraits object at 0x7f0ddad8b6d0>))
DEBUG:pybindgen.typehandlers:TypeMatcher.lookup('ns3::Ptr< ns3::AttributeAccessor const >')
DEBUG:pybindgen.typehandlers:try to lookup type handler for 'ns3::Ptr< ns3::AttributeAccessor const >' => failure
DEBUG:pybindgen.typehandlers:try to lookup type handler for 'ns3::AttributeAccessor *' => success ((<class 'pybindgen.cppclass.ThisClassPtrParameter'>, <ns3modulegen_core_customizations.SmartPointerTransformation object at 0x7f0ddb24d5d0>, <pybindgen.typehandlers.ctypeparser.TypeTraits object at 0x7f0ddad8ba90>))
DEBUG:pybindgen.typehandlers:TypeMatcher.lookup('ns3::Ptr< ns3::AttributeChecker const >')
DEBUG:pybindgen.typehandlers:try to lookup type handler for 'ns3::Ptr< ns3::AttributeChecker const >' => failure
DEBUG:pybindgen.typehandlers:try to lookup type handler for 'ns3::AttributeChecker *' => success ((<class 'pybindgen.cppclass.ThisClassPtrParameter'>, <ns3modulegen_core_customizations.SmartPointerTransformation object at 0x7f0ddb24d5d0>, <pybindgen.typehandlers.ctypeparser.TypeTraits object at 0x7f0ddad8bd10>))
DEBUG:pybindgen.typehandlers:TypeMatcher.lookup('ns3::TypeId::SupportLevel')
DEBUG:pybindgen.typehandlers:try to lookup type handler for 'ns3::TypeId::SupportLevel' => success ((<class 'pybindgen.enum.ThisEnumParameter'>, None, <pybindgen.typehandlers.ctypeparser.TypeTraits object at 0x7f0ddad8bd10>))
DEBUG:pybindgen.typehandlers:TypeMatcher.lookup('std::string const &')
DEBUG:pybindgen.typehandlers:try to lookup type handler for 'std::string const &' => success ((<class 'pybindgen.typehandlers.stringtype.StdStringRefParam'>, None, <pybindgen.typehandlers.ctypeparser.TypeTraits object at 0x7f0ddad8bd10>))
DEBUG:pybindgen.typehandlers:TypeMatcher.lookup('ns3::TypeId')
DEBUG:pybindgen.typehandlers:try to lookup type handler for 'ns3::TypeId' => success ((<class 'pybindgen.cppclass.ThisClassReturn'>, None, <pybindgen.typehandlers.ctypeparser.TypeTraits object at 0x7f0ddad96310>))
DEBUG:pybindgen.typehandlers:TypeMatcher.lookup('std::string')
DEBUG:pybindgen.typehandlers:try to lookup type handler for 'std::string' => success ((<class 'pybindgen.typehandlers.stringtype.StdStringParam'>, None, <pybindgen.typehandlers.ctypeparser.TypeTraits object at 0x7f0ddad96450>))
DEBUG:pybindgen.typehandlers:TypeMatcher.lookup('std::string')
DEBUG:pybindgen.typehandlers:try to lookup type handler for 'std::string' => success ((<class 'pybindgen.typehandlers.stringtype.StdStringParam'>, None, <pybindgen.typehandlers.ctypeparser.TypeTraits object at 0x7f0ddad96550>))
DEBUG:pybindgen.typehandlers:TypeMatcher.lookup('uint32_t')
DEBUG:pybindgen.typehandlers:try to lookup type handler for 'uint32_t' => success ((<class 'pybindgen.typehandlers.inttype.UnsignedIntParam'>, None, <pybindgen.typehandlers.ctypeparser.TypeTraits object at 0x7f0ddad96650>))
DEBUG:pybindgen.typehandlers:TypeMatcher.lookup('ns3::AttributeValue const &')
DEBUG:pybindgen.typehandlers:try to lookup type handler for 'ns3::AttributeValue const &' => success ((<class 'pybindgen.cppclass.ThisClassRefParameter'>, None, <pybindgen.typehandlers.ctypeparser.TypeTraits object at 0x7f0ddad96750>))
DEBUG:pybindgen.typehandlers:TypeMatcher.lookup('ns3::Ptr< ns3::AttributeAccessor const >')
DEBUG:pybindgen.typehandlers:try to lookup type handler for 'ns3::Ptr< ns3::AttributeAccessor const >' => failure
DEBUG:pybindgen.typehandlers:try to lookup type handler for 'ns3::AttributeAccessor *' => success ((<class 'pybindgen.cppclass.ThisClassPtrParameter'>, <ns3modulegen_core_customizations.SmartPointerTransformation object at 0x7f0ddb24d5d0>, <pybindgen.typehandlers.ctypeparser.TypeTraits object at 0x7f0ddad96b10>))
DEBUG:pybindgen.typehandlers:TypeMatcher.lookup('ns3::Ptr< ns3::AttributeChecker const >')
DEBUG:pybindgen.typehandlers:try to lookup type handler for 'ns3::Ptr< ns3::AttributeChecker const >' => failure
DEBUG:pybindgen.typehandlers:try to lookup type handler for 'ns3::AttributeChecker *' => success ((<class 'pybindgen.cppclass.ThisClassPtrParameter'>, <ns3modulegen_core_customizations.SmartPointerTransformation object at 0x7f0ddb24d5d0>, <pybindgen.typehandlers.ctypeparser.TypeTraits object at 0x7f0ddad96d90>))
DEBUG:pybindgen.typehandlers:TypeMatcher.lookup('ns3::TypeId::SupportLevel')
DEBUG:pybindgen.typehandlers:try to lookup type handler for 'ns3::TypeId::SupportLevel' => success ((<class 'pybindgen.enum.ThisEnumParameter'>, None, <pybindgen.typehandlers.ctypeparser.TypeTraits object at 0x7f0ddad96d90>))
DEBUG:pybindgen.typehandlers:TypeMatcher.lookup('std::string const &')
DEBUG:pybindgen.typehandlers:try to lookup type handler for 'std::string const &' => success ((<class 'pybindgen.typehandlers.stringtype.StdStringRefParam'>, None, <pybindgen.typehandlers.ctypeparser.TypeTraits object at 0x7f0ddad96d90>))
DEBUG:pybindgen.typehandlers:TypeMatcher.lookup('ns3::TypeId')
DEBUG:pybindgen.typehandlers:try to lookup type handler for 'ns3::TypeId' => success ((<class 'pybindgen.cppclass.ThisClassReturn'>, None, <pybindgen.typehandlers.ctypeparser.TypeTraits object at 0x7f0ddad9e310>))
DEBUG:pybindgen.typehandlers:TypeMatcher.lookup('std::string')
DEBUG:pybindgen.typehandlers:try to lookup type handler for 'std::string' => success ((<class 'pybindgen.typehandlers.stringtype.StdStringParam'>, None, <pybindgen.typehandlers.ctypeparser.TypeTraits object at 0x7f0ddad9e490>))
DEBUG:pybindgen.typehandlers:TypeMatcher.lookup('std::string')
DEBUG:pybindgen.typehandlers:try to lookup type handler for 'std::string' => success ((<class 'pybindgen.typehandlers.stringtype.StdStringParam'>, None, <pybindgen.typehandlers.ctypeparser.TypeTraits object at 0x7f0ddad9e590>))
DEBUG:pybindgen.typehandlers:TypeMatcher.lookup('ns3::Ptr< ns3::TraceSourceAccessor const >')
DEBUG:pybindgen.typehandlers:try to lookup type handler for 'ns3::Ptr< ns3::TraceSourceAccessor const >' => failure
DEBUG:pybindgen.typehandlers:try to lookup type handler for 'ns3::TraceSourceAccessor *' => success ((<class 'pybindgen.cppclass.ThisClassPtrParameter'>, <ns3modulegen_core_customizations.SmartPointerTransformation object at 0x7f0ddb24d5d0>, <pybindgen.typehandlers.ctypeparser.TypeTraits object at 0x7f0ddad9e890>))
DEBUG:pybindgen.typehandlers:TypeMatcher.lookup('ns3::TypeId')
DEBUG:pybindgen.typehandlers:try to lookup type handler for 'ns3::TypeId' => success ((<class 'pybindgen.cppclass.ThisClassReturn'>, None, <pybindgen.typehandlers.ctypeparser.TypeTraits object at 0x7f0ddad9ebd0>))
DEBUG:pybindgen.typehandlers:TypeMatcher.lookup('std::string')
DEBUG:pybindgen.typehandlers:try to lookup type handler for 'std::string' => success ((<class 'pybindgen.typehandlers.stringtype.StdStringParam'>, None, <pybindgen.typehandlers.ctypeparser.TypeTraits object at 0x7f0ddad9ed10>))
DEBUG:pybindgen.typehandlers:TypeMatcher.lookup('std::string')
DEBUG:pybindgen.typehandlers:try to lookup type handler for 'std::string' => success ((<class 'pybindgen.typehandlers.stringtype.StdStringParam'>, None, <pybindgen.typehandlers.ctypeparser.TypeTraits object at 0x7f0ddad9ee10>))
DEBUG:pybindgen.typehandlers:TypeMatcher.lookup('ns3::Ptr< ns3::TraceSourceAccessor const >')
DEBUG:pybindgen.typehandlers:try to lookup type handler for 'ns3::Ptr< ns3::TraceSourceAccessor const >' => failure
DEBUG:pybindgen.typehandlers:try to lookup type handler for 'ns3::TraceSourceAccessor *' => success ((<class 'pybindgen.cppclass.ThisClassPtrParameter'>, <ns3modulegen_core_customizations.SmartPointerTransformation object at 0x7f0ddb24d5d0>, <pybindgen.typehandlers.ctypeparser.TypeTraits object at 0x7f0ddad24150>))
DEBUG:pybindgen.typehandlers:TypeMatcher.lookup('std::string')
DEBUG:pybindgen.typehandlers:try to lookup type handler for 'std::string' => success ((<class 'pybindgen.typehandlers.stringtype.StdStringParam'>, None, <pybindgen.typehandlers.ctypeparser.TypeTraits object at 0x7f0ddad24150>))
DEBUG:pybindgen.typehandlers:TypeMatcher.lookup('ns3::TypeId::SupportLevel')
DEBUG:pybindgen.typehandlers:try to lookup type handler for 'ns3::TypeId::SupportLevel' => success ((<class 'pybindgen.enum.ThisEnumParameter'>, None, <pybindgen.typehandlers.ctypeparser.TypeTraits object at 0x7f0ddad24190>))
DEBUG:pybindgen.typehandlers:TypeMatcher.lookup('std::string const &')
DEBUG:pybindgen.typehandlers:try to lookup type handler for 'std::string const &' => success ((<class 'pybindgen.typehandlers.stringtype.StdStringRefParam'>, None, <pybindgen.typehandlers.ctypeparser.TypeTraits object at 0x7f0ddad24190>))
DEBUG:pybindgen.typehandlers:TypeMatcher.lookup('ns3::TypeId::AttributeInformation')
DEBUG:pybindgen.typehandlers:try to lookup type handler for 'ns3::TypeId::AttributeInformation' => success ((<class 'pybindgen.cppclass.ThisClassReturn'>, None, <pybindgen.typehandlers.ctypeparser.TypeTraits object at 0x7f0ddad247d0>))
DEBUG:pybindgen.typehandlers:TypeMatcher.lookup('uint32_t')
DEBUG:pybindgen.typehandlers:try to lookup type handler for 'uint32_t' => success ((<class 'pybindgen.typehandlers.inttype.UnsignedIntParam'>, None, <pybindgen.typehandlers.ctypeparser.TypeTraits object at 0x7f0ddad24950>))
DEBUG:pybindgen.typehandlers:TypeMatcher.lookup('std::string')
DEBUG:pybindgen.typehandlers:try to lookup type handler for 'std::string' => success ((<class 'pybindgen.typehandlers.stringtype.StdStringReturn'>, None, <pybindgen.typehandlers.ctypeparser.TypeTraits object at 0x7f0ddad24d50>))
DEBUG:pybindgen.typehandlers:TypeMatcher.lookup('uint32_t')
DEBUG:pybindgen.typehandlers:try to lookup type handler for 'uint32_t' => success ((<class 'pybindgen.typehandlers.inttype.UnsignedIntParam'>, None, <pybindgen.typehandlers.ctypeparser.TypeTraits object at 0x7f0ddad24e90>))
DEBUG:pybindgen.typehandlers:TypeMatcher.lookup('uint32_t')
DEBUG:pybindgen.typehandlers:try to lookup type handler for 'uint32_t' => success ((<class 'pybindgen.typehandlers.inttype.UnsignedIntReturn'>, None, <pybindgen.typehandlers.ctypeparser.TypeTraits object at 0x7f0ddad2b2d0>))
DEBUG:pybindgen.typehandlers:TypeMatcher.lookup('ns3::Callback< ns3::ObjectBase *, ns3::empty, ns3::empty, ns3::empty, ns3::empty, ns3::empty, ns3::empty, ns3::empty, ns3::empty, ns3::empty >')
DEBUG:pybindgen.typehandlers:try to lookup type handler for 'ns3::Callback< ns3::ObjectBase *, ns3::empty, ns3::empty, ns3::empty, ns3::empty, ns3::empty, ns3::empty, ns3::empty, ns3::empty, ns3::empty >' => failure
'ns3::Callback< ns3::ObjectBase *, ns3::empty, ns3::empty, ns3::empty, ns3::empty, ns3::empty, ns3::empty, ns3::empty, ns3::empty, ns3::empty >' did not match
/home/pratyu101/FlyNetSim/NetSim/ns-allinone-3.27/ns-3.27/src/core/bindings/modulegen__gcc_LP64.py:1621: Warning: exception TypeLookupError(['ns3::Callback< ns3::ObjectBase *, ns3::empty, ns3::empty, ns3::empty, ns3::empty, ns3::empty, ns3::empty, ns3::empty, ns3::empty, ns3::empty >'],) in wrapper public: retval? ???::GetConstructor (params?) const;
  is_const=True)
DEBUG:pybindgen.typehandlers:TypeMatcher.lookup('std::string')
DEBUG:pybindgen.typehandlers:try to lookup type handler for 'std::string' => success ((<class 'pybindgen.typehandlers.stringtype.StdStringReturn'>, None, <pybindgen.typehandlers.ctypeparser.TypeTraits object at 0x7f0ddad2bd50>))
DEBUG:pybindgen.typehandlers:TypeMatcher.lookup('ns3::TypeId::hash_t')
DEBUG:pybindgen.typehandlers:try to lookup type handler for 'ns3::TypeId::hash_t' => failure
'ns3::TypeId::hash_t' did not match
/home/pratyu101/FlyNetSim/NetSim/ns-allinone-3.27/ns-3.27/src/core/bindings/modulegen__gcc_LP64.py:1631: Warning: exception TypeLookupError(['ns3::TypeId::hash_t'],) in wrapper public: retval? ???::GetHash (params?) const;
  is_const=True)
DEBUG:pybindgen.typehandlers:TypeMatcher.lookup('std::string')
DEBUG:pybindgen.typehandlers:try to lookup type handler for 'std::string' => success ((<class 'pybindgen.typehandlers.stringtype.StdStringReturn'>, None, <pybindgen.typehandlers.ctypeparser.TypeTraits object at 0x7f0ddad32290>))
DEBUG:pybindgen.typehandlers:TypeMatcher.lookup('ns3::TypeId')
DEBUG:pybindgen.typehandlers:try to lookup type handler for 'ns3::TypeId' => success ((<class 'pybindgen.cppclass.ThisClassReturn'>, None, <pybindgen.typehandlers.ctypeparser.TypeTraits object at 0x7f0ddad2b710>))
DEBUG:pybindgen.typehandlers:TypeMatcher.lookup('ns3::TypeId')
DEBUG:pybindgen.typehandlers:try to lookup type handler for 'ns3::TypeId' => success ((<class 'pybindgen.cppclass.ThisClassReturn'>, None, <pybindgen.typehandlers.ctypeparser.TypeTraits object at 0x7f0ddad2bb90>))
DEBUG:pybindgen.typehandlers:TypeMatcher.lookup('uint32_t')
DEBUG:pybindgen.typehandlers:try to lookup type handler for 'uint32_t' => success ((<class 'pybindgen.typehandlers.inttype.UnsignedIntParam'>, None, <pybindgen.typehandlers.ctypeparser.TypeTraits object at 0x7f0ddad2bcd0>))
DEBUG:pybindgen.typehandlers:TypeMatcher.lookup('uint32_t')
DEBUG:pybindgen.typehandlers:try to lookup type handler for 'uint32_t' => success ((<class 'pybindgen.typehandlers.inttype.UnsignedIntReturn'>, None, <pybindgen.typehandlers.ctypeparser.TypeTraits object at 0x7f0ddad329d0>))
DEBUG:pybindgen.typehandlers:TypeMatcher.lookup('std::size_t')
DEBUG:pybindgen.typehandlers:try to lookup type handler for 'std::size_t' => success ((<class 'pybindgen.typehandlers.inttype.SizeTReturn'>, None, <pybindgen.typehandlers.ctypeparser.TypeTraits object at 0x7f0ddad32e10>))
DEBUG:pybindgen.typehandlers:TypeMatcher.lookup('ns3::TypeId::TraceSourceInformation')
DEBUG:pybindgen.typehandlers:try to lookup type handler for 'ns3::TypeId::TraceSourceInformation' => success ((<class 'pybindgen.cppclass.ThisClassReturn'>, None, <pybindgen.typehandlers.ctypeparser.TypeTraits object at 0x7f0ddad3b2d0>))
DEBUG:pybindgen.typehandlers:TypeMatcher.lookup('uint32_t')
DEBUG:pybindgen.typehandlers:try to lookup type handler for 'uint32_t' => success ((<class 'pybindgen.typehandlers.inttype.UnsignedIntParam'>, None, <pybindgen.typehandlers.ctypeparser.TypeTraits object at 0x7f0ddad3b410>))
DEBUG:pybindgen.typehandlers:TypeMatcher.lookup('uint32_t')
DEBUG:pybindgen.typehandlers:try to lookup type handler for 'uint32_t' => success ((<class 'pybindgen.typehandlers.inttype.UnsignedIntReturn'>, None, <pybindgen.typehandlers.ctypeparser.TypeTraits object at 0x7f0ddad3b810>))
DEBUG:pybindgen.typehandlers:TypeMatcher.lookup('uint16_t')
DEBUG:pybindgen.typehandlers:try to lookup type handler for 'uint16_t' => success ((<class 'pybindgen.typehandlers.inttype.UInt16Return'>, None, <pybindgen.typehandlers.ctypeparser.TypeTraits object at 0x7f0ddad3bc50>))
DEBUG:pybindgen.typehandlers:TypeMatcher.lookup('bool')
DEBUG:pybindgen.typehandlers:try to lookup type handler for 'bool' => success ((<class 'pybindgen.typehandlers.booltype.BoolReturn'>, None, <pybindgen.typehandlers.ctypeparser.TypeTraits object at 0x7f0ddad43110>))
DEBUG:pybindgen.typehandlers:TypeMatcher.lookup('bool')
DEBUG:pybindgen.typehandlers:try to lookup type handler for 'bool' => success ((<class 'pybindgen.typehandlers.booltype.BoolReturn'>, None, <pybindgen.typehandlers.ctypeparser.TypeTraits object at 0x7f0ddad43550>))
DEBUG:pybindgen.typehandlers:TypeMatcher.lookup('ns3::TypeId')
DEBUG:pybindgen.typehandlers:try to lookup type handler for 'ns3::TypeId' => success ((<class 'pybindgen.cppclass.ThisClassReturn'>, None, <pybindgen.typehandlers.ctypeparser.TypeTraits object at 0x7f0ddad439d0>))
DEBUG:pybindgen.typehandlers:TypeMatcher.lookup('bool')
DEBUG:pybindgen.typehandlers:try to lookup type handler for 'bool' => success ((<class 'pybindgen.typehandlers.booltype.BoolReturn'>, None, <pybindgen.typehandlers.ctypeparser.TypeTraits object at 0x7f0ddad43e10>))
DEBUG:pybindgen.typehandlers:TypeMatcher.lookup('ns3::TypeId')
DEBUG:pybindgen.typehandlers:try to lookup type handler for 'ns3::TypeId' => success ((<class 'pybindgen.cppclass.ThisClassParameter'>, None, <pybindgen.typehandlers.ctypeparser.TypeTraits object at 0x7f0ddad43f50>))
DEBUG:pybindgen.typehandlers:TypeMatcher.lookup('bool')
DEBUG:pybindgen.typehandlers:try to lookup type handler for 'bool' => success ((<class 'pybindgen.typehandlers.booltype.BoolReturn'>, None, <pybindgen.typehandlers.ctypeparser.TypeTraits object at 0x7f0ddad4b3d0>))
DEBUG:pybindgen.typehandlers:TypeMatcher.lookup('std::string')
DEBUG:pybindgen.typehandlers:try to lookup type handler for 'std::string' => success ((<class 'pybindgen.typehandlers.stringtype.StdStringParam'>, None, <pybindgen.typehandlers.ctypeparser.TypeTraits object at 0x7f0ddad4b510>))
DEBUG:pybindgen.typehandlers:TypeMatcher.lookup('ns3::TypeId::AttributeInformation *')
DEBUG:pybindgen.typehandlers:try to lookup type handler for 'ns3::TypeId::AttributeInformation *' => success ((<class 'pybindgen.cppclass.ThisClassPtrParameter'>, None, <pybindgen.typehandlers.ctypeparser.TypeTraits object at 0x7f0ddad4b610>))
DEBUG:pybindgen.typehandlers:TypeMatcher.lookup('ns3::TypeId')
DEBUG:pybindgen.typehandlers:try to lookup type handler for 'ns3::TypeId' => success ((<class 'pybindgen.cppclass.ThisClassReturn'>, None, <pybindgen.typehandlers.ctypeparser.TypeTraits object at 0x7f0ddad4ba50>))
DEBUG:pybindgen.typehandlers:TypeMatcher.lookup('uint32_t')
DEBUG:pybindgen.typehandlers:try to lookup type handler for 'uint32_t' => success ((<class 'pybindgen.typehandlers.inttype.UnsignedIntParam'>, None, <pybindgen.typehandlers.ctypeparser.TypeTraits object at 0x7f0ddad4bb90>))
DEBUG:pybindgen.typehandlers:TypeMatcher.lookup('bool')
DEBUG:pybindgen.typehandlers:try to lookup type handler for 'bool' => success ((<class 'pybindgen.typehandlers.booltype.BoolReturn'>, None, <pybindgen.typehandlers.ctypeparser.TypeTraits object at 0x7f0ddad4bf90>))
DEBUG:pybindgen.typehandlers:TypeMatcher.lookup('uint32_t')
DEBUG:pybindgen.typehandlers:try to lookup type handler for 'uint32_t' => success ((<class 'pybindgen.typehandlers.inttype.UnsignedIntParam'>, None, <pybindgen.typehandlers.ctypeparser.TypeTraits object at 0x7f0ddad55110>))
DEBUG:pybindgen.typehandlers:TypeMatcher.lookup('ns3::TypeId *')
DEBUG:pybindgen.typehandlers:try to lookup type handler for 'ns3::TypeId *' => success ((<class 'pybindgen.cppclass.ThisClassPtrParameter'>, None, <pybindgen.typehandlers.ctypeparser.TypeTraits object at 0x7f0ddad55210>))
/home/pratyu101/FlyNetSim/NetSim/ns-allinone-3.27/ns-3.27/src/core/bindings/modulegen__gcc_LP64.py:1705: Warning: exception TypeConfigurationError('Missing transfer_ownership option',) in wrapper public: retval? ???::LookupByHashFailSafe (params?);
  is_static=True)
DEBUG:pybindgen.typehandlers:TypeMatcher.lookup('ns3::TypeId')
DEBUG:pybindgen.typehandlers:try to lookup type handler for 'ns3::TypeId' => success ((<class 'pybindgen.cppclass.ThisClassReturn'>, None, <pybindgen.typehandlers.ctypeparser.TypeTraits object at 0x7f0ddad551d0>))
DEBUG:pybindgen.typehandlers:TypeMatcher.lookup('std::string')
DEBUG:pybindgen.typehandlers:try to lookup type handler for 'std::string' => success ((<class 'pybindgen.typehandlers.stringtype.StdStringParam'>, None, <pybindgen.typehandlers.ctypeparser.TypeTraits object at 0x7f0ddad55390>))
DEBUG:pybindgen.typehandlers:TypeMatcher.lookup('ns3::Ptr< ns3::TraceSourceAccessor const >')
DEBUG:pybindgen.typehandlers:try to lookup type handler for 'ns3::Ptr< ns3::TraceSourceAccessor const >' => failure
DEBUG:pybindgen.typehandlers:try to lookup type handler for 'ns3::TraceSourceAccessor *' => success ((<class 'pybindgen.cppclass.ThisClassPtrReturn'>, <ns3modulegen_core_customizations.SmartPointerTransformation object at 0x7f0ddb24d5d0>, <pybindgen.typehandlers.ctypeparser.TypeTraits object at 0x7f0ddad55990>))
DEBUG:pybindgen.typehandlers:TypeMatcher.lookup('std::string')
DEBUG:pybindgen.typehandlers:try to lookup type handler for 'std::string' => success ((<class 'pybindgen.typehandlers.stringtype.StdStringParam'>, None, <pybindgen.typehandlers.ctypeparser.TypeTraits object at 0x7f0ddad55a90>))
DEBUG:pybindgen.typehandlers:TypeMatcher.lookup('ns3::Ptr< ns3::TraceSourceAccessor const >')
DEBUG:pybindgen.typehandlers:try to lookup type handler for 'ns3::Ptr< ns3::TraceSourceAccessor const >' => failure
DEBUG:pybindgen.typehandlers:try to lookup type handler for 'ns3::TraceSourceAccessor *' => success ((<class 'pybindgen.cppclass.ThisClassPtrReturn'>, <ns3modulegen_core_customizations.SmartPointerTransformation object at 0x7f0ddb24d5d0>, <pybindgen.typehandlers.ctypeparser.TypeTraits object at 0x7f0ddad5c050>))
DEBUG:pybindgen.typehandlers:TypeMatcher.lookup('std::string')
DEBUG:pybindgen.typehandlers:try to lookup type handler for 'std::string' => success ((<class 'pybindgen.typehandlers.stringtype.StdStringParam'>, None, <pybindgen.typehandlers.ctypeparser.TypeTraits object at 0x7f0ddad5c150>))
DEBUG:pybindgen.typehandlers:TypeMatcher.lookup('ns3::TypeId::TraceSourceInformation *')
DEBUG:pybindgen.typehandlers:try to lookup type handler for 'ns3::TypeId::TraceSourceInformation *' => success ((<class 'pybindgen.cppclass.ThisClassPtrParameter'>, None, <pybindgen.typehandlers.ctypeparser.TypeTraits object at 0x7f0ddad5c1d0>))
/home/pratyu101/FlyNetSim/NetSim/ns-allinone-3.27/ns-3.27/src/core/bindings/modulegen__gcc_LP64.py:1720: Warning: exception TypeConfigurationError('Missing transfer_ownership option',) in wrapper public: retval? ???::LookupTraceSourceByName (params?) const;
  is_const=True)
DEBUG:pybindgen.typehandlers:TypeMatcher.lookup('bool')
DEBUG:pybindgen.typehandlers:try to lookup type handler for 'bool' => success ((<class 'pybindgen.typehandlers.booltype.BoolReturn'>, None, <pybindgen.typehandlers.ctypeparser.TypeTraits object at 0x7f0ddad5c090>))
DEBUG:pybindgen.typehandlers:TypeMatcher.lookup('bool')
DEBUG:pybindgen.typehandlers:try to lookup type handler for 'bool' => success ((<class 'pybindgen.typehandlers.booltype.BoolReturn'>, None, <pybindgen.typehandlers.ctypeparser.TypeTraits object at 0x7f0ddad5c650>))
DEBUG:pybindgen.typehandlers:TypeMatcher.lookup('uint32_t')
DEBUG:pybindgen.typehandlers:try to lookup type handler for 'uint32_t' => success ((<class 'pybindgen.typehandlers.inttype.UnsignedIntParam'>, None, <pybindgen.typehandlers.ctypeparser.TypeTraits object at 0x7f0ddad5c790>))
DEBUG:pybindgen.typehandlers:TypeMatcher.lookup('ns3::Ptr< ns3::AttributeValue const >')
DEBUG:pybindgen.typehandlers:try to lookup type handler for 'ns3::Ptr< ns3::AttributeValue const >' => failure
DEBUG:pybindgen.typehandlers:try to lookup type handler for 'ns3::AttributeValue *' => success ((<class 'pybindgen.cppclass.ThisClassPtrParameter'>, <ns3modulegen_core_customizations.SmartPointerTransformation object at 0x7f0ddb24d5d0>, <pybindgen.typehandlers.ctypeparser.TypeTraits object at 0x7f0ddad5ca10>))
DEBUG:pybindgen.typehandlers:TypeMatcher.lookup('ns3::TypeId')
DEBUG:pybindgen.typehandlers:try to lookup type handler for 'ns3::TypeId' => success ((<class 'pybindgen.cppclass.ThisClassReturn'>, None, <pybindgen.typehandlers.ctypeparser.TypeTraits object at 0x7f0ddad5cd90>))
DEBUG:pybindgen.typehandlers:TypeMatcher.lookup('std::string')
DEBUG:pybindgen.typehandlers:try to lookup type handler for 'std::string' => success ((<class 'pybindgen.typehandlers.stringtype.StdStringParam'>, None, <pybindgen.typehandlers.ctypeparser.TypeTraits object at 0x7f0ddad5ced0>))
DEBUG:pybindgen.typehandlers:TypeMatcher.lookup('ns3::TypeId')
DEBUG:pybindgen.typehandlers:try to lookup type handler for 'ns3::TypeId' => success ((<class 'pybindgen.cppclass.ThisClassReturn'>, None, <pybindgen.typehandlers.ctypeparser.TypeTraits object at 0x7f0ddad5c290>))
DEBUG:pybindgen.typehandlers:TypeMatcher.lookup('ns3::TypeId')
DEBUG:pybindgen.typehandlers:try to lookup type handler for 'ns3::TypeId' => success ((<class 'pybindgen.cppclass.ThisClassParameter'>, None, <pybindgen.typehandlers.ctypeparser.TypeTraits object at 0x7f0ddad55e50>))
DEBUG:pybindgen.typehandlers:TypeMatcher.lookup('ns3::TypeId')
DEBUG:pybindgen.typehandlers:try to lookup type handler for 'ns3::TypeId' => success ((<class 'pybindgen.cppclass.ThisClassReturn'>, None, <pybindgen.typehandlers.ctypeparser.TypeTraits object at 0x7f0ddace5250>))
DEBUG:pybindgen.typehandlers:TypeMatcher.lookup('std::size_t')
DEBUG:pybindgen.typehandlers:try to lookup type handler for 'std::size_t' => success ((<class 'pybindgen.typehandlers.inttype.SizeTParam'>, None, <pybindgen.typehandlers.ctypeparser.TypeTraits object at 0x7f0ddace5390>))
DEBUG:pybindgen.typehandlers:TypeMatcher.lookup('void')
DEBUG:pybindgen.typehandlers:try to lookup type handler for 'void' => success ((<class 'pybindgen.typehandlers.voidtype.VoidReturn'>, None, <pybindgen.typehandlers.ctypeparser.TypeTraits object at 0x7f0ddace5810>))
DEBUG:pybindgen.typehandlers:TypeMatcher.lookup('uint16_t')
DEBUG:pybindgen.typehandlers:try to lookup type handler for 'uint16_t' => success ((<class 'pybindgen.typehandlers.inttype.UInt16Param'>, None, <pybindgen.typehandlers.ctypeparser.TypeTraits object at 0x7f0ddace5950>))
DEBUG:pybindgen.typehandlers:TypeMatcher.lookup('ns3::TypeId::AttributeInformation const &')
DEBUG:pybindgen.typehandlers:try to lookup type handler for 'ns3::TypeId::AttributeInformation const &' => success ((<class 'pybindgen.cppclass.ThisClassRefParameter'>, None, <pybindgen.typehandlers.ctypeparser.TypeTraits object at 0x7f0ddacec110>))
DEBUG:pybindgen.typehandlers:TypeMatcher.lookup('ns3::Ptr< ns3::AttributeAccessor const >')
DEBUG:pybindgen.typehandlers:try to lookup type handler for 'ns3::Ptr< ns3::AttributeAccessor const >' => failure
DEBUG:pybindgen.typehandlers:try to lookup type handler for 'ns3::AttributeAccessor *' => success ((<class 'pybindgen.cppclass.ThisClassPtrReturn'>, <ns3modulegen_core_customizations.SmartPointerTransformation object at 0x7f0ddb24d5d0>, <pybindgen.typehandlers.ctypeparser.TypeTraits object at 0x7f0ddacec6d0>))
DEBUG:pybindgen.typehandlers:TypeMatcher.lookup('ns3::Ptr< ns3::AttributeChecker const >')
DEBUG:pybindgen.typehandlers:try to lookup type handler for 'ns3::Ptr< ns3::AttributeChecker const >' => failure
DEBUG:pybindgen.typehandlers:try to lookup type handler for 'ns3::AttributeChecker *' => success ((<class 'pybindgen.cppclass.ThisClassPtrReturn'>, <ns3modulegen_core_customizations.SmartPointerTransformation object at 0x7f0ddb24d5d0>, <pybindgen.typehandlers.ctypeparser.TypeTraits object at 0x7f0ddacece90>))
DEBUG:pybindgen.typehandlers:TypeMatcher.lookup('uint32_t')
DEBUG:pybindgen.typehandlers:try to lookup type handler for 'uint32_t' => success ((<class 'pybindgen.typehandlers.inttype.UnsignedIntReturn'>, None, <pybindgen.typehandlers.ctypeparser.TypeTraits object at 0x7f0ddacf3410>))
DEBUG:pybindgen.typehandlers:TypeMatcher.lookup('std::string')
DEBUG:pybindgen.typehandlers:try to lookup type handler for 'std::string' => success ((<class 'pybindgen.typehandlers.stringtype.StdStringReturn'>, None, <pybindgen.typehandlers.ctypeparser.TypeTraits object at 0x7f0ddacf3a50>))
DEBUG:pybindgen.typehandlers:TypeMatcher.lookup('ns3::Ptr< ns3::AttributeValue const >')
DEBUG:pybindgen.typehandlers:try to lookup type handler for 'ns3::Ptr< ns3::AttributeValue const >' => failure
DEBUG:pybindgen.typehandlers:try to lookup type handler for 'ns3::AttributeValue *' => success ((<class 'pybindgen.cppclass.ThisClassPtrReturn'>, <ns3modulegen_core_customizations.SmartPointerTransformation object at 0x7f0ddb24d5d0>, <pybindgen.typehandlers.ctypeparser.TypeTraits object at 0x7f0ddacfc250>))
DEBUG:pybindgen.typehandlers:TypeMatcher.lookup('std::string')
DEBUG:pybindgen.typehandlers:try to lookup type handler for 'std::string' => success ((<class 'pybindgen.typehandlers.stringtype.StdStringReturn'>, None, <pybindgen.typehandlers.ctypeparser.TypeTraits object at 0x7f0ddacfc850>))
DEBUG:pybindgen.typehandlers:TypeMatcher.lookup('ns3::Ptr< ns3::AttributeValue const >')
DEBUG:pybindgen.typehandlers:try to lookup type handler for 'ns3::Ptr< ns3::AttributeValue const >' => failure
DEBUG:pybindgen.typehandlers:try to lookup type handler for 'ns3::AttributeValue *' => success ((<class 'pybindgen.cppclass.ThisClassPtrReturn'>, <ns3modulegen_core_customizations.SmartPointerTransformation object at 0x7f0ddb24d5d0>, <pybindgen.typehandlers.ctypeparser.TypeTraits object at 0x7f0ddad06050>))
DEBUG:pybindgen.typehandlers:TypeMatcher.lookup('ns3::TypeId::SupportLevel')
DEBUG:pybindgen.typehandlers:try to lookup type handler for 'ns3::TypeId::SupportLevel' => success ((<class 'pybindgen.enum.ThisEnumReturn'>, None, <pybindgen.typehandlers.ctypeparser.TypeTraits object at 0x7f0ddad06610>))
DEBUG:pybindgen.typehandlers:TypeMatcher.lookup('std::string')
DEBUG:pybindgen.typehandlers:try to lookup type handler for 'std::string' => success ((<class 'pybindgen.typehandlers.stringtype.StdStringReturn'>, None, <pybindgen.typehandlers.ctypeparser.TypeTraits object at 0x7f0ddad06cd0>))
DEBUG:pybindgen.typehandlers:TypeMatcher.lookup('ns3::TypeId::TraceSourceInformation const &')
DEBUG:pybindgen.typehandlers:try to lookup type handler for 'ns3::TypeId::TraceSourceInformation const &' => success ((<class 'pybindgen.cppclass.ThisClassRefParameter'>, None, <pybindgen.typehandlers.ctypeparser.TypeTraits object at 0x7f0ddad0f710>))
DEBUG:pybindgen.typehandlers:TypeMatcher.lookup('ns3::Ptr< ns3::TraceSourceAccessor const >')
DEBUG:pybindgen.typehandlers:try to lookup type handler for 'ns3::Ptr< ns3::TraceSourceAccessor const >' => failure
DEBUG:pybindgen.typehandlers:try to lookup type handler for 'ns3::TraceSourceAccessor *' => success ((<class 'pybindgen.cppclass.ThisClassPtrReturn'>, <ns3modulegen_core_customizations.SmartPointerTransformation object at 0x7f0ddb24d5d0>, <pybindgen.typehandlers.ctypeparser.TypeTraits object at 0x7f0ddad0fcd0>))
DEBUG:pybindgen.typehandlers:TypeMatcher.lookup('std::string')
DEBUG:pybindgen.typehandlers:try to lookup type handler for 'std::string' => success ((<class 'pybindgen.typehandlers.stringtype.StdStringReturn'>, None, <pybindgen.typehandlers.ctypeparser.TypeTraits object at 0x7f0ddad17290>))
DEBUG:pybindgen.typehandlers:TypeMatcher.lookup('std::string')
DEBUG:pybindgen.typehandlers:try to lookup type handler for 'std::string' => success ((<class 'pybindgen.typehandlers.stringtype.StdStringReturn'>, None, <pybindgen.typehandlers.ctypeparser.TypeTraits object at 0x7f0ddad178d0>))
DEBUG:pybindgen.typehandlers:TypeMatcher.lookup('std::string')
DEBUG:pybindgen.typehandlers:try to lookup type handler for 'std::string' => success ((<class 'pybindgen.typehandlers.stringtype.StdStringReturn'>, None, <pybindgen.typehandlers.ctypeparser.TypeTraits object at 0x7f0ddad17f10>))
DEBUG:pybindgen.typehandlers:TypeMatcher.lookup('ns3::TypeId::SupportLevel')
DEBUG:pybindgen.typehandlers:try to lookup type handler for 'ns3::TypeId::SupportLevel' => success ((<class 'pybindgen.enum.ThisEnumReturn'>, None, <pybindgen.typehandlers.ctypeparser.TypeTraits object at 0x7f0ddad20590>))
DEBUG:pybindgen.typehandlers:TypeMatcher.lookup('std::string')
DEBUG:pybindgen.typehandlers:try to lookup type handler for 'std::string' => success ((<class 'pybindgen.typehandlers.stringtype.StdStringReturn'>, None, <pybindgen.typehandlers.ctypeparser.TypeTraits object at 0x7f0ddad20c50>))
DEBUG:pybindgen.typehandlers:TypeMatcher.lookup('ns3::Vector2D const &')
DEBUG:pybindgen.typehandlers:try to lookup type handler for 'ns3::Vector2D const &' => success ((<class 'pybindgen.cppclass.ThisClassRefParameter'>, None, <pybindgen.typehandlers.ctypeparser.TypeTraits object at 0x7f0ddaca9310>))
DEBUG:pybindgen.typehandlers:TypeMatcher.lookup('ns3::Vector2D const &')
DEBUG:pybindgen.typehandlers:try to lookup type handler for 'ns3::Vector2D const &' => success ((<class 'pybindgen.cppclass.ThisClassRefParameter'>, None, <pybindgen.typehandlers.ctypeparser.TypeTraits object at 0x7f0ddaca94d0>))
DEBUG:pybindgen.typehandlers:TypeMatcher.lookup('ns3::Vector2D const &')
DEBUG:pybindgen.typehandlers:try to lookup type handler for 'ns3::Vector2D const &' => success ((<class 'pybindgen.cppclass.ThisClassRefParameter'>, None, <pybindgen.typehandlers.ctypeparser.TypeTraits object at 0x7f0ddaca9710>))
DEBUG:pybindgen.typehandlers:TypeMatcher.lookup('double')
DEBUG:pybindgen.typehandlers:try to lookup type handler for 'double' => success ((<class 'pybindgen.typehandlers.doubletype.DoubleParam'>, None, <pybindgen.typehandlers.ctypeparser.TypeTraits object at 0x7f0ddaca9b90>))
DEBUG:pybindgen.typehandlers:TypeMatcher.lookup('double')
DEBUG:pybindgen.typehandlers:try to lookup type handler for 'double' => success ((<class 'pybindgen.typehandlers.doubletype.DoubleParam'>, None, <pybindgen.typehandlers.ctypeparser.TypeTraits object at 0x7f0ddaca9c90>))
DEBUG:pybindgen.typehandlers:TypeMatcher.lookup('double')
DEBUG:pybindgen.typehandlers:try to lookup type handler for 'double' => success ((<class 'pybindgen.typehandlers.doubletype.DoubleReturn'>, None, <pybindgen.typehandlers.ctypeparser.TypeTraits object at 0x7f0ddacb1350>))
DEBUG:pybindgen.typehandlers:TypeMatcher.lookup('double')
DEBUG:pybindgen.typehandlers:try to lookup type handler for 'double' => success ((<class 'pybindgen.typehandlers.doubletype.DoubleReturn'>, None, <pybindgen.typehandlers.ctypeparser.TypeTraits object at 0x7f0ddacb1710>))
DEBUG:pybindgen.typehandlers:TypeMatcher.lookup('double')
DEBUG:pybindgen.typehandlers:try to lookup type handler for 'double' => success ((<class 'pybindgen.typehandlers.doubletype.DoubleReturn'>, None, <pybindgen.typehandlers.ctypeparser.TypeTraits object at 0x7f0ddacb1e10>))
DEBUG:pybindgen.typehandlers:TypeMatcher.lookup('ns3::Vector3D const &')
DEBUG:pybindgen.typehandlers:try to lookup type handler for 'ns3::Vector3D const &' => success ((<class 'pybindgen.cppclass.ThisClassRefParameter'>, None, <pybindgen.typehandlers.ctypeparser.TypeTraits object at 0x7f0ddacb9510>))
DEBUG:pybindgen.typehandlers:TypeMatcher.lookup('ns3::Vector3D const &')
DEBUG:pybindgen.typehandlers:try to lookup type handler for 'ns3::Vector3D const &' => success ((<class 'pybindgen.cppclass.ThisClassRefParameter'>, None, <pybindgen.typehandlers.ctypeparser.TypeTraits object at 0x7f0ddacb96d0>))
DEBUG:pybindgen.typehandlers:TypeMatcher.lookup('ns3::Vector3D const &')
DEBUG:pybindgen.typehandlers:try to lookup type handler for 'ns3::Vector3D const &' => success ((<class 'pybindgen.cppclass.ThisClassRefParameter'>, None, <pybindgen.typehandlers.ctypeparser.TypeTraits object at 0x7f0ddacb9910>))
DEBUG:pybindgen.typehandlers:TypeMatcher.lookup('double')
DEBUG:pybindgen.typehandlers:try to lookup type handler for 'double' => success ((<class 'pybindgen.typehandlers.doubletype.DoubleParam'>, None, <pybindgen.typehandlers.ctypeparser.TypeTraits object at 0x7f0ddacb9d90>))
DEBUG:pybindgen.typehandlers:TypeMatcher.lookup('double')
DEBUG:pybindgen.typehandlers:try to lookup type handler for 'double' => success ((<class 'pybindgen.typehandlers.doubletype.DoubleParam'>, None, <pybindgen.typehandlers.ctypeparser.TypeTraits object at 0x7f0ddacb9e90>))
DEBUG:pybindgen.typehandlers:TypeMatcher.lookup('double')
DEBUG:pybindgen.typehandlers:try to lookup type handler for 'double' => success ((<class 'pybindgen.typehandlers.doubletype.DoubleParam'>, None, <pybindgen.typehandlers.ctypeparser.TypeTraits object at 0x7f0ddacb9f90>))
DEBUG:pybindgen.typehandlers:TypeMatcher.lookup('double')
DEBUG:pybindgen.typehandlers:try to lookup type handler for 'double' => success ((<class 'pybindgen.typehandlers.doubletype.DoubleReturn'>, None, <pybindgen.typehandlers.ctypeparser.TypeTraits object at 0x7f0ddacc1650>))
DEBUG:pybindgen.typehandlers:TypeMatcher.lookup('double')
DEBUG:pybindgen.typehandlers:try to lookup type handler for 'double' => success ((<class 'pybindgen.typehandlers.doubletype.DoubleReturn'>, None, <pybindgen.typehandlers.ctypeparser.TypeTraits object at 0x7f0ddacc1a10>))
DEBUG:pybindgen.typehandlers:TypeMatcher.lookup('double')
DEBUG:pybindgen.typehandlers:try to lookup type handler for 'double' => success ((<class 'pybindgen.typehandlers.doubletype.DoubleReturn'>, None, <pybindgen.typehandlers.ctypeparser.TypeTraits object at 0x7f0ddacc9150>))
DEBUG:pybindgen.typehandlers:TypeMatcher.lookup('double')
DEBUG:pybindgen.typehandlers:try to lookup type handler for 'double' => success ((<class 'pybindgen.typehandlers.doubletype.DoubleReturn'>, None, <pybindgen.typehandlers.ctypeparser.TypeTraits object at 0x7f0ddacc9810>))
DEBUG:pybindgen.typehandlers:TypeMatcher.lookup('ns3::Watchdog const &')
DEBUG:pybindgen.typehandlers:try to lookup type handler for 'ns3::Watchdog const &' => success ((<class 'pybindgen.cppclass.ThisClassRefParameter'>, None, <pybindgen.typehandlers.ctypeparser.TypeTraits object at 0x7f0ddacc9f50>))
DEBUG:pybindgen.typehandlers:TypeMatcher.lookup('void')
DEBUG:pybindgen.typehandlers:try to lookup type handler for 'void' => success ((<class 'pybindgen.typehandlers.voidtype.VoidReturn'>, None, <pybindgen.typehandlers.ctypeparser.TypeTraits object at 0x7f0ddacd26d0>))
DEBUG:pybindgen.typehandlers:TypeMatcher.lookup('ns3::Time')
DEBUG:pybindgen.typehandlers:try to lookup type handler for 'ns3::Time' => success ((<class 'pybindgen.cppclass.ThisClassParameter'>, None, <pybindgen.typehandlers.ctypeparser.TypeTraits object at 0x7f0ddacd2810>))
DEBUG:pybindgen.typehandlers:TypeMatcher.lookup('ns3::empty const &')
DEBUG:pybindgen.typehandlers:try to lookup type handler for 'ns3::empty const &' => success ((<class 'pybindgen.cppclass.ThisClassRefParameter'>, None, <pybindgen.typehandlers.ctypeparser.TypeTraits object at 0x7f0ddacd2fd0>))
DEBUG:pybindgen.typehandlers:TypeMatcher.lookup('ns3::int64x64_t const &')
DEBUG:pybindgen.typehandlers:try to lookup type handler for 'ns3::int64x64_t const &' => success ((<class 'pybindgen.cppclass.ThisClassRefParameter'>, None, <pybindgen.typehandlers.ctypeparser.TypeTraits object at 0x7f0ddacd9410>))
DEBUG:pybindgen.typehandlers:TypeMatcher.lookup('ns3::int64x64_t const &')
DEBUG:pybindgen.typehandlers:try to lookup type handler for 'ns3::int64x64_t const &' => success ((<class 'pybindgen.cppclass.ThisClassRefParameter'>, None, <pybindgen.typehandlers.ctypeparser.TypeTraits object at 0x7f0ddacd95d0>))
DEBUG:pybindgen.typehandlers:TypeMatcher.lookup('ns3::int64x64_t const &')
DEBUG:pybindgen.typehandlers:try to lookup type handler for 'ns3::int64x64_t const &' => success ((<class 'pybindgen.cppclass.ThisClassRefParameter'>, None, <pybindgen.typehandlers.ctypeparser.TypeTraits object at 0x7f0ddacd9790>))
DEBUG:pybindgen.typehandlers:TypeMatcher.lookup('ns3::int64x64_t const &')
DEBUG:pybindgen.typehandlers:try to lookup type handler for 'ns3::int64x64_t const &' => success ((<class 'pybindgen.cppclass.ThisClassRefParameter'>, None, <pybindgen.typehandlers.ctypeparser.TypeTraits object at 0x7f0ddacd9950>))
DEBUG:pybindgen.typehandlers:TypeMatcher.lookup('ns3::int64x64_t const &')
DEBUG:pybindgen.typehandlers:try to lookup type handler for 'ns3::int64x64_t const &' => success ((<class 'pybindgen.cppclass.ThisClassRefParameter'>, None, <pybindgen.typehandlers.ctypeparser.TypeTraits object at 0x7f0ddacd9b10>))
DEBUG:pybindgen.typehandlers:TypeMatcher.lookup('ns3::int64x64_t const &')
DEBUG:pybindgen.typehandlers:try to lookup type handler for 'ns3::int64x64_t const &' => success ((<class 'pybindgen.cppclass.ThisClassRefParameter'>, None, <pybindgen.typehandlers.ctypeparser.TypeTraits object at 0x7f0ddacd9cd0>))
DEBUG:pybindgen.typehandlers:TypeMatcher.lookup('ns3::int64x64_t const &')
DEBUG:pybindgen.typehandlers:try to lookup type handler for 'ns3::int64x64_t const &' => success ((<class 'pybindgen.cppclass.ThisClassRefParameter'>, None, <pybindgen.typehandlers.ctypeparser.TypeTraits object at 0x7f0ddacd9e90>))
DEBUG:pybindgen.typehandlers:TypeMatcher.lookup('ns3::int64x64_t const &')
DEBUG:pybindgen.typehandlers:try to lookup type handler for 'ns3::int64x64_t const &' => success ((<class 'pybindgen.cppclass.ThisClassRefParameter'>, None, <pybindgen.typehandlers.ctypeparser.TypeTraits object at 0x7f0ddace0090>))
DEBUG:pybindgen.typehandlers:TypeMatcher.lookup('double const')
DEBUG:pybindgen.typehandlers:try to lookup type handler for 'double const' => success ((<class 'pybindgen.typehandlers.doubletype.DoubleParam'>, None, <pybindgen.typehandlers.ctypeparser.TypeTraits object at 0x7f0ddace05d0>))
DEBUG:pybindgen.typehandlers:TypeMatcher.lookup('long double const')
DEBUG:pybindgen.typehandlers:try to lookup type handler for 'long double const' => failure
'long double const' did not match
/home/pratyu101/FlyNetSim/NetSim/ns-allinone-3.27/ns-3.27/src/core/bindings/modulegen__gcc_LP64.py:1877: Warning: exception TypeLookupError(['long double'],) in wrapper <pybindgen.cppmethod.CppConstructor object at 0x7f0ddace0950>
  cls.add_constructor([param('long double const', 'value')])
DEBUG:pybindgen.typehandlers:TypeMatcher.lookup('int const')
DEBUG:pybindgen.typehandlers:try to lookup type handler for 'int const' => success ((<class 'pybindgen.typehandlers.inttype.IntParam'>, None, <pybindgen.typehandlers.ctypeparser.TypeTraits object at 0x7f0ddace0b10>))
DEBUG:pybindgen.typehandlers:TypeMatcher.lookup('long int const')
DEBUG:pybindgen.typehandlers:try to lookup type handler for 'long int const' => success ((<class 'pybindgen.typehandlers.inttype.LongParam'>, None, <pybindgen.typehandlers.ctypeparser.TypeTraits object at 0x7f0ddace0f10>))
DEBUG:pybindgen.typehandlers:TypeMatcher.lookup('long long int const')
DEBUG:pybindgen.typehandlers:try to lookup type handler for 'long long int const' => success ((<class 'pybindgen.typehandlers.inttype.LongLongParam'>, None, <pybindgen.typehandlers.ctypeparser.TypeTraits object at 0x7f0ddabeb390>))
DEBUG:pybindgen.typehandlers:TypeMatcher.lookup('unsigned int const')
DEBUG:pybindgen.typehandlers:try to lookup type handler for 'unsigned int const' => success ((<class 'pybindgen.typehandlers.inttype.UnsignedIntParam'>, None, <pybindgen.typehandlers.ctypeparser.TypeTraits object at 0x7f0ddabeb810>))
DEBUG:pybindgen.typehandlers:TypeMatcher.lookup('long unsigned int const')
DEBUG:pybindgen.typehandlers:try to lookup type handler for 'long unsigned int const' => success ((<class 'pybindgen.typehandlers.inttype.UnsignedLongParam'>, None, <pybindgen.typehandlers.ctypeparser.TypeTraits object at 0x7f0ddabebc50>))
DEBUG:pybindgen.typehandlers:TypeMatcher.lookup('long long unsigned int const')
DEBUG:pybindgen.typehandlers:try to lookup type handler for 'long long unsigned int const' => success ((<class 'pybindgen.typehandlers.inttype.UnsignedLongLongParam'>, None, <pybindgen.typehandlers.ctypeparser.TypeTraits object at 0x7f0ddabf4150>))
DEBUG:pybindgen.typehandlers:TypeMatcher.lookup('int64_t const')
DEBUG:pybindgen.typehandlers:try to lookup type handler for 'int64_t const' => success ((<class 'pybindgen.typehandlers.inttype.LongLongParam'>, None, <pybindgen.typehandlers.ctypeparser.TypeTraits object at 0x7f0ddabf4610>))
DEBUG:pybindgen.typehandlers:TypeMatcher.lookup('uint64_t const')
DEBUG:pybindgen.typehandlers:try to lookup type handler for 'uint64_t const' => success ((<class 'pybindgen.typehandlers.inttype.UnsignedLongLongParam'>, None, <pybindgen.typehandlers.ctypeparser.TypeTraits object at 0x7f0ddabf4750>))
DEBUG:pybindgen.typehandlers:TypeMatcher.lookup('ns3::int64x64_t const &')
DEBUG:pybindgen.typehandlers:try to lookup type handler for 'ns3::int64x64_t const &' => success ((<class 'pybindgen.cppclass.ThisClassRefParameter'>, None, <pybindgen.typehandlers.ctypeparser.TypeTraits object at 0x7f0ddabf4b50>))
DEBUG:pybindgen.typehandlers:TypeMatcher.lookup('double')
DEBUG:pybindgen.typehandlers:try to lookup type handler for 'double' => success ((<class 'pybindgen.typehandlers.doubletype.DoubleReturn'>, None, <pybindgen.typehandlers.ctypeparser.TypeTraits object at 0x7f0ddabf4e50>))
DEBUG:pybindgen.typehandlers:TypeMatcher.lookup('int64_t')
DEBUG:pybindgen.typehandlers:try to lookup type handler for 'int64_t' => success ((<class 'pybindgen.typehandlers.inttype.LongLongReturn'>, None, <pybindgen.typehandlers.ctypeparser.TypeTraits object at 0x7f0ddabfa2d0>))
DEBUG:pybindgen.typehandlers:TypeMatcher.lookup('uint64_t')
DEBUG:pybindgen.typehandlers:try to lookup type handler for 'uint64_t' => success ((<class 'pybindgen.typehandlers.inttype.UnsignedLongLongReturn'>, None, <pybindgen.typehandlers.ctypeparser.TypeTraits object at 0x7f0ddabfa710>))
DEBUG:pybindgen.typehandlers:TypeMatcher.lookup('ns3::int64x64_t')
DEBUG:pybindgen.typehandlers:try to lookup type handler for 'ns3::int64x64_t' => success ((<class 'pybindgen.cppclass.ThisClassReturn'>, None, <pybindgen.typehandlers.ctypeparser.TypeTraits object at 0x7f0ddabfab50>))
DEBUG:pybindgen.typehandlers:TypeMatcher.lookup('uint64_t const')
DEBUG:pybindgen.typehandlers:try to lookup type handler for 'uint64_t const' => success ((<class 'pybindgen.typehandlers.inttype.UnsignedLongLongParam'>, None, <pybindgen.typehandlers.ctypeparser.TypeTraits object at 0x7f0ddabfac90>))
DEBUG:pybindgen.typehandlers:TypeMatcher.lookup('void')
DEBUG:pybindgen.typehandlers:try to lookup type handler for 'void' => success ((<class 'pybindgen.typehandlers.voidtype.VoidReturn'>, None, <pybindgen.typehandlers.ctypeparser.TypeTraits object at 0x7f0ddac04110>))
DEBUG:pybindgen.typehandlers:TypeMatcher.lookup('ns3::int64x64_t const &')
DEBUG:pybindgen.typehandlers:try to lookup type handler for 'ns3::int64x64_t const &' => success ((<class 'pybindgen.cppclass.ThisClassRefParameter'>, None, <pybindgen.typehandlers.ctypeparser.TypeTraits object at 0x7f0ddac04250>))
DEBUG:pybindgen.typehandlers:TypeMatcher.lookup('ns3::int64x64_t::impl_type const')
DEBUG:pybindgen.typehandlers:try to lookup type handler for 'ns3::int64x64_t::impl_type const' => success ((<class 'pybindgen.enum.ThisEnumReturn'>, None, <pybindgen.typehandlers.ctypeparser.TypeTraits object at 0x7f0ddac04690>))
DEBUG:pybindgen.typehandlers:TypeMatcher.lookup('void')
DEBUG:pybindgen.typehandlers:try to lookup type handler for 'void' => success ((<class 'pybindgen.typehandlers.voidtype.VoidReturn'>, None, <pybindgen.typehandlers.ctypeparser.TypeTraits object at 0x7f0ddac04b10>))
DEBUG:pybindgen.typehandlers:TypeMatcher.lookup('int')
DEBUG:pybindgen.typehandlers:try to lookup type handler for 'int' => success ((<class 'pybindgen.typehandlers.inttype.IntParam'>, None, <pybindgen.typehandlers.ctypeparser.TypeTraits object at 0x7f0ddac04c90>))
DEBUG:pybindgen.typehandlers:TypeMatcher.lookup('char * *')
DEBUG:pybindgen.typehandlers:try to lookup type handler for 'char * *' => failure
'char * *' did not match
/home/pratyu101/FlyNetSim/NetSim/ns-allinone-3.27/ns-3.27/src/core/bindings/modulegen__gcc_LP64.py:1926: Warning: exception TypeLookupError(['char * *'],) in wrapper public: retval? ???::Initialize (params?);
  [param('int', 'argc'), param('char * *', 'argv'), param('std::string', 'outDir', default_value='""')])
DEBUG:pybindgen.typehandlers:TypeMatcher.lookup('void')
DEBUG:pybindgen.typehandlers:try to lookup type handler for 'void' => success ((<class 'pybindgen.typehandlers.voidtype.VoidReturn'>, None, <pybindgen.typehandlers.ctypeparser.TypeTraits object at 0x7f0ddac04d50>))
DEBUG:pybindgen.typehandlers:TypeMatcher.lookup('ns3::Time const &')
DEBUG:pybindgen.typehandlers:try to lookup type handler for 'ns3::Time const &' => success ((<class 'pybindgen.cppclass.ThisClassRefParameter'>, None, <pybindgen.typehandlers.ctypeparser.TypeTraits object at 0x7f0ddac04ed0>))
DEBUG:pybindgen.typehandlers:TypeMatcher.lookup('ns3::Time const &')
DEBUG:pybindgen.typehandlers:try to lookup type handler for 'ns3::Time const &' => success ((<class 'pybindgen.cppclass.ThisClassRefParameter'>, None, <pybindgen.typehandlers.ctypeparser.TypeTraits object at 0x7f0ddac0c090>))
DEBUG:pybindgen.typehandlers:TypeMatcher.lookup('void')
DEBUG:pybindgen.typehandlers:try to lookup type handler for 'void' => success ((<class 'pybindgen.typehandlers.voidtype.VoidReturn'>, None, <pybindgen.typehandlers.ctypeparser.TypeTraits object at 0x7f0ddac0c550>))
DEBUG:pybindgen.typehandlers:TypeMatcher.lookup('uint32_t')
DEBUG:pybindgen.typehandlers:try to lookup type handler for 'uint32_t' => success ((<class 'pybindgen.typehandlers.inttype.UnsignedIntParam'>, None, <pybindgen.typehandlers.ctypeparser.TypeTraits object at 0x7f0ddac0c690>))
DEBUG:pybindgen.typehandlers:TypeMatcher.lookup('ns3::Time const &')
DEBUG:pybindgen.typehandlers:try to lookup type handler for 'ns3::Time const &' => success ((<class 'pybindgen.cppclass.ThisClassRefParameter'>, None, <pybindgen.typehandlers.ctypeparser.TypeTraits object at 0x7f0ddac0c790>))
DEBUG:pybindgen.typehandlers:TypeMatcher.lookup('ns3::Time const &')
DEBUG:pybindgen.typehandlers:try to lookup type handler for 'ns3::Time const &' => success ((<class 'pybindgen.cppclass.ThisClassRefParameter'>, None, <pybindgen.typehandlers.ctypeparser.TypeTraits object at 0x7f0ddac0c910>))
DEBUG:pybindgen.typehandlers:TypeMatcher.lookup('void')
DEBUG:pybindgen.typehandlers:try to lookup type handler for 'void' => success ((<class 'pybindgen.typehandlers.voidtype.VoidReturn'>, None, <pybindgen.typehandlers.ctypeparser.TypeTraits object at 0x7f0ddac131d0>))
DEBUG:pybindgen.typehandlers:TypeMatcher.lookup('ns3::Ptr< ns3::Object >')
DEBUG:pybindgen.typehandlers:try to lookup type handler for 'ns3::Ptr< ns3::Object >' => failure
DEBUG:pybindgen.typehandlers:try to lookup type handler for 'ns3::Object *' => success ((<class 'pybindgen.cppclass.ThisClassPtrParameter'>, <ns3modulegen_core_customizations.SmartPointerTransformation object at 0x7f0ddb24d5d0>, <pybindgen.typehandlers.ctypeparser.TypeTraits object at 0x7f0ddac134d0>))
DEBUG:pybindgen.typehandlers:TypeMatcher.lookup('void')
DEBUG:pybindgen.typehandlers:try to lookup type handler for 'void' => success ((<class 'pybindgen.typehandlers.voidtype.VoidReturn'>, None, <pybindgen.typehandlers.ctypeparser.TypeTraits object at 0x7f0ddac137d0>))
DEBUG:pybindgen.typehandlers:TypeMatcher.lookup('ns3::Object::AggregateIterator')
DEBUG:pybindgen.typehandlers:try to lookup type handler for 'ns3::Object::AggregateIterator' => success ((<class 'pybindgen.cppclass.ThisClassReturn'>, None, <pybindgen.typehandlers.ctypeparser.TypeTraits object at 0x7f0ddac13c50>))
DEBUG:pybindgen.typehandlers:TypeMatcher.lookup('ns3::TypeId')
DEBUG:pybindgen.typehandlers:try to lookup type handler for 'ns3::TypeId' => success ((<class 'pybindgen.cppclass.ThisClassReturn'>, None, <pybindgen.typehandlers.ctypeparser.TypeTraits object at 0x7f0ddac1c0d0>))
DEBUG:pybindgen.typehandlers:TypeMatcher.lookup('ns3::Ptr< ns3::Object >')
DEBUG:pybindgen.typehandlers:try to lookup type handler for 'ns3::Ptr< ns3::Object >' => failure
DEBUG:pybindgen.typehandlers:try to lookup type handler for 'ns3::Object *' => success ((<class 'pybindgen.cppclass.ThisClassPtrReturn'>, <ns3modulegen_core_customizations.SmartPointerTransformation object at 0x7f0ddb24d5d0>, <pybindgen.typehandlers.ctypeparser.TypeTraits object at 0x7f0ddac1ca10>))
DEBUG:pybindgen.typehandlers:TypeMatcher.lookup('ns3::TypeId')
DEBUG:pybindgen.typehandlers:try to lookup type handler for 'ns3::TypeId' => success ((<class 'pybindgen.cppclass.ThisClassParameter'>, None, <pybindgen.typehandlers.ctypeparser.TypeTraits object at 0x7f0ddac1ca50>))
DEBUG:pybindgen.typehandlers:TypeMatcher.lookup('ns3::TypeId')
DEBUG:pybindgen.typehandlers:try to lookup type handler for 'ns3::TypeId' => success ((<class 'pybindgen.cppclass.ThisClassReturn'>, None, <pybindgen.typehandlers.ctypeparser.TypeTraits object at 0x7f0ddac1ce50>))
DEBUG:pybindgen.typehandlers:TypeMatcher.lookup('void')
DEBUG:pybindgen.typehandlers:try to lookup type handler for 'void' => success ((<class 'pybindgen.typehandlers.voidtype.VoidReturn'>, None, <pybindgen.typehandlers.ctypeparser.TypeTraits object at 0x7f0ddaba5310>))
DEBUG:pybindgen.typehandlers:TypeMatcher.lookup('bool')
DEBUG:pybindgen.typehandlers:try to lookup type handler for 'bool' => success ((<class 'pybindgen.typehandlers.booltype.BoolReturn'>, None, <pybindgen.typehandlers.ctypeparser.TypeTraits object at 0x7f0ddaba5750>))
DEBUG:pybindgen.typehandlers:TypeMatcher.lookup('ns3::Object const &')
DEBUG:pybindgen.typehandlers:try to lookup type handler for 'ns3::Object const &' => success ((<class 'pybindgen.cppclass.ThisClassRefParameter'>, None, <pybindgen.typehandlers.ctypeparser.TypeTraits object at 0x7f0ddaba5c10>))
DEBUG:pybindgen.typehandlers:TypeMatcher.lookup('void')
DEBUG:pybindgen.typehandlers:try to lookup type handler for 'void' => success ((<class 'pybindgen.typehandlers.voidtype.VoidReturn'>, None, <pybindgen.typehandlers.ctypeparser.TypeTraits object at 0x7f0ddabad090>))
DEBUG:pybindgen.typehandlers:TypeMatcher.lookup('void')
DEBUG:pybindgen.typehandlers:try to lookup type handler for 'void' => success ((<class 'pybindgen.typehandlers.voidtype.VoidReturn'>, None, <pybindgen.typehandlers.ctypeparser.TypeTraits object at 0x7f0ddabadad0>))
DEBUG:pybindgen.typehandlers:TypeMatcher.lookup('void')
DEBUG:pybindgen.typehandlers:try to lookup type handler for 'void' => success ((<class 'pybindgen.typehandlers.voidtype.VoidReturn'>, None, <pybindgen.typehandlers.ctypeparser.TypeTraits object at 0x7f0ddabb5510>))
DEBUG:pybindgen.typehandlers:TypeMatcher.lookup('ns3::Object::AggregateIterator const &')
DEBUG:pybindgen.typehandlers:try to lookup type handler for 'ns3::Object::AggregateIterator const &' => success ((<class 'pybindgen.cppclass.ThisClassRefParameter'>, None, <pybindgen.typehandlers.ctypeparser.TypeTraits object at 0x7f0ddabb5f50>))
DEBUG:pybindgen.typehandlers:TypeMatcher.lookup('bool')
DEBUG:pybindgen.typehandlers:try to lookup type handler for 'bool' => success ((<class 'pybindgen.typehandlers.booltype.BoolReturn'>, None, <pybindgen.typehandlers.ctypeparser.TypeTraits object at 0x7f0ddabbf690>))
DEBUG:pybindgen.typehandlers:TypeMatcher.lookup('ns3::Ptr< ns3::Object const >')
DEBUG:pybindgen.typehandlers:try to lookup type handler for 'ns3::Ptr< ns3::Object const >' => failure
DEBUG:pybindgen.typehandlers:try to lookup type handler for 'ns3::Object *' => success ((<class 'pybindgen.cppclass.ThisClassPtrReturn'>, <ns3modulegen_core_customizations.SmartPointerTransformation object at 0x7f0ddb24d5d0>, <pybindgen.typehandlers.ctypeparser.TypeTraits object at 0x7f0ddabbfc90>))
DEBUG:pybindgen.typehandlers:TypeMatcher.lookup('ns3::TypeId')
DEBUG:pybindgen.typehandlers:try to lookup type handler for 'ns3::TypeId' => success ((<class 'pybindgen.cppclass.ThisClassReturn'>, None, <pybindgen.typehandlers.ctypeparser.TypeTraits object at 0x7f0ddabbffd0>))
DEBUG:pybindgen.typehandlers:TypeMatcher.lookup('void')
DEBUG:pybindgen.typehandlers:try to lookup type handler for 'void' => success ((<class 'pybindgen.typehandlers.voidtype.VoidReturn'>, None, <pybindgen.typehandlers.ctypeparser.TypeTraits object at 0x7f0ddabc9750>))
DEBUG:pybindgen.typehandlers:TypeMatcher.lookup('int64_t')
DEBUG:pybindgen.typehandlers:try to lookup type handler for 'int64_t' => success ((<class 'pybindgen.typehandlers.inttype.LongLongParam'>, None, <pybindgen.typehandlers.ctypeparser.TypeTraits object at 0x7f0ddabc9890>))
DEBUG:pybindgen.typehandlers:TypeMatcher.lookup('int64_t')
DEBUG:pybindgen.typehandlers:try to lookup type handler for 'int64_t' => success ((<class 'pybindgen.typehandlers.inttype.LongLongReturn'>, None, <pybindgen.typehandlers.ctypeparser.TypeTraits object at 0x7f0ddabc9c90>))
DEBUG:pybindgen.typehandlers:TypeMatcher.lookup('void')
DEBUG:pybindgen.typehandlers:try to lookup type handler for 'void' => success ((<class 'pybindgen.typehandlers.voidtype.VoidReturn'>, None, <pybindgen.typehandlers.ctypeparser.TypeTraits object at 0x7f0ddabd0110>))
DEBUG:pybindgen.typehandlers:TypeMatcher.lookup('bool')
DEBUG:pybindgen.typehandlers:try to lookup type handler for 'bool' => success ((<class 'pybindgen.typehandlers.booltype.BoolParam'>, None, <pybindgen.typehandlers.ctypeparser.TypeTraits object at 0x7f0ddabd0250>))
DEBUG:pybindgen.typehandlers:TypeMatcher.lookup('bool')
DEBUG:pybindgen.typehandlers:try to lookup type handler for 'bool' => success ((<class 'pybindgen.typehandlers.booltype.BoolReturn'>, None, <pybindgen.typehandlers.ctypeparser.TypeTraits object at 0x7f0ddabd0650>))
DEBUG:pybindgen.typehandlers:TypeMatcher.lookup('double')
DEBUG:pybindgen.typehandlers:try to lookup type handler for 'double' => success ((<class 'pybindgen.typehandlers.doubletype.DoubleReturn'>, None, <pybindgen.typehandlers.ctypeparser.TypeTraits object at 0x7f0ddabd0a90>))
DEBUG:pybindgen.typehandlers:TypeMatcher.lookup('uint32_t')
DEBUG:pybindgen.typehandlers:try to lookup type handler for 'uint32_t' => success ((<class 'pybindgen.typehandlers.inttype.UnsignedIntReturn'>, None, <pybindgen.typehandlers.ctypeparser.TypeTraits object at 0x7f0ddabda1d0>))
DEBUG:pybindgen.typehandlers:TypeMatcher.lookup('ns3::RngStream *')
DEBUG:pybindgen.typehandlers:try to lookup type handler for 'ns3::RngStream *' => success ((<class 'pybindgen.cppclass.ThisClassPtrReturn'>, None, <pybindgen.typehandlers.ctypeparser.TypeTraits object at 0x7f0ddabda890>))
/home/pratyu101/FlyNetSim/NetSim/ns-allinone-3.27/ns-3.27/src/core/bindings/modulegen__gcc_LP64.py:2055: Warning: exception TypeConfigurationError('Either caller_owns_return or self.reference_existing_object must be given',) in wrapper protected: retval? ???::Peek (params?) const;
  is_const=True, visibility='protected')
DEBUG:pybindgen.typehandlers:TypeMatcher.lookup('ns3::Scheduler const &')
DEBUG:pybindgen.typehandlers:try to lookup type handler for 'ns3::Scheduler const &' => success ((<class 'pybindgen.cppclass.ThisClassRefParameter'>, None, <pybindgen.typehandlers.ctypeparser.TypeTraits object at 0x7f0ddabdad50>))
DEBUG:pybindgen.typehandlers:TypeMatcher.lookup('ns3::TypeId')
DEBUG:pybindgen.typehandlers:try to lookup type handler for 'ns3::TypeId' => success ((<class 'pybindgen.cppclass.ThisClassReturn'>, None, <pybindgen.typehandlers.ctypeparser.TypeTraits object at 0x7f0ddab631d0>))
DEBUG:pybindgen.typehandlers:TypeMatcher.lookup('void')
DEBUG:pybindgen.typehandlers:try to lookup type handler for 'void' => success ((<class 'pybindgen.typehandlers.voidtype.VoidReturn'>, None, <pybindgen.typehandlers.ctypeparser.TypeTraits object at 0x7f0ddab63610>))
DEBUG:pybindgen.typehandlers:TypeMatcher.lookup('ns3::Scheduler::Event const &')
DEBUG:pybindgen.typehandlers:try to lookup type handler for 'ns3::Scheduler::Event const &' => success ((<class 'pybindgen.cppclass.ThisClassRefParameter'>, None, <pybindgen.typehandlers.ctypeparser.TypeTraits object at 0x7f0ddab63750>))
DEBUG:pybindgen.typehandlers:TypeMatcher.lookup('bool')
DEBUG:pybindgen.typehandlers:try to lookup type handler for 'bool' => success ((<class 'pybindgen.typehandlers.booltype.BoolReturn'>, None, <pybindgen.typehandlers.ctypeparser.TypeTraits object at 0x7f0ddab63f10>))
DEBUG:pybindgen.typehandlers:TypeMatcher.lookup('ns3::Scheduler::Event')
DEBUG:pybindgen.typehandlers:try to lookup type handler for 'ns3::Scheduler::Event' => success ((<class 'pybindgen.cppclass.ThisClassReturn'>, None, <pybindgen.typehandlers.ctypeparser.TypeTraits object at 0x7f0ddab6c610>))
DEBUG:pybindgen.typehandlers:TypeMatcher.lookup('void')
DEBUG:pybindgen.typehandlers:try to lookup type handler for 'void' => success ((<class 'pybindgen.typehandlers.voidtype.VoidReturn'>, None, <pybindgen.typehandlers.ctypeparser.TypeTraits object at 0x7f0ddab6cd10>))
DEBUG:pybindgen.typehandlers:TypeMatcher.lookup('ns3::Scheduler::Event const &')
DEBUG:pybindgen.typehandlers:try to lookup type handler for 'ns3::Scheduler::Event const &' => success ((<class 'pybindgen.cppclass.ThisClassRefParameter'>, None, <pybindgen.typehandlers.ctypeparser.TypeTraits object at 0x7f0ddab6ce50>))
DEBUG:pybindgen.typehandlers:TypeMatcher.lookup('ns3::Scheduler::Event')
DEBUG:pybindgen.typehandlers:try to lookup type handler for 'ns3::Scheduler::Event' => success ((<class 'pybindgen.cppclass.ThisClassReturn'>, None, <pybindgen.typehandlers.ctypeparser.TypeTraits object at 0x7f0ddab75490>))
DEBUG:pybindgen.typehandlers:TypeMatcher.lookup('ns3::Scheduler::Event const &')
DEBUG:pybindgen.typehandlers:try to lookup type handler for 'ns3::Scheduler::Event const &' => success ((<class 'pybindgen.cppclass.ThisClassRefParameter'>, None, <pybindgen.typehandlers.ctypeparser.TypeTraits object at 0x7f0ddab75ed0>))
DEBUG:pybindgen.typehandlers:TypeMatcher.lookup('ns3::EventImpl *')
DEBUG:pybindgen.typehandlers:try to lookup type handler for 'ns3::EventImpl *' => success ((<class 'pybindgen.cppclass.ThisClassPtrReturn'>, None, <pybindgen.typehandlers.ctypeparser.TypeTraits object at 0x7f0ddab7d310>))
bindings/python/ns3modulegen-modular.py:30: UserWarning: exception TypeConfigurationError('Either caller_owns_return or self.reference_existing_object must be given',) in wrapper None
  warnings.warn("exception %r in wrapper %s" % (exception, wrapper))
DEBUG:pybindgen.typehandlers:TypeMatcher.lookup('ns3::Scheduler::EventKey')
DEBUG:pybindgen.typehandlers:try to lookup type handler for 'ns3::Scheduler::EventKey' => success ((<class 'pybindgen.cppclass.ThisClassReturn'>, None, <pybindgen.typehandlers.ctypeparser.TypeTraits object at 0x7f0ddab7d450>))
DEBUG:pybindgen.typehandlers:TypeMatcher.lookup('ns3::Scheduler::EventKey const &')
DEBUG:pybindgen.typehandlers:try to lookup type handler for 'ns3::Scheduler::EventKey const &' => success ((<class 'pybindgen.cppclass.ThisClassRefParameter'>, None, <pybindgen.typehandlers.ctypeparser.TypeTraits object at 0x7f0ddab7de50>))
DEBUG:pybindgen.typehandlers:TypeMatcher.lookup('uint32_t')
DEBUG:pybindgen.typehandlers:try to lookup type handler for 'uint32_t' => success ((<class 'pybindgen.typehandlers.inttype.UnsignedIntReturn'>, None, <pybindgen.typehandlers.ctypeparser.TypeTraits object at 0x7f0ddab86290>))
DEBUG:pybindgen.typehandlers:TypeMatcher.lookup('uint64_t')
DEBUG:pybindgen.typehandlers:try to lookup type handler for 'uint64_t' => success ((<class 'pybindgen.typehandlers.inttype.UnsignedLongLongReturn'>, None, <pybindgen.typehandlers.ctypeparser.TypeTraits object at 0x7f0ddab86910>))
DEBUG:pybindgen.typehandlers:TypeMatcher.lookup('uint32_t')
DEBUG:pybindgen.typehandlers:try to lookup type handler for 'uint32_t' => success ((<class 'pybindgen.typehandlers.inttype.UnsignedIntReturn'>, None, <pybindgen.typehandlers.ctypeparser.TypeTraits object at 0x7f0ddab86f50>))
DEBUG:pybindgen.typehandlers:TypeMatcher.lookup('ns3::TypeId')
DEBUG:pybindgen.typehandlers:try to lookup type handler for 'ns3::TypeId' => success ((<class 'pybindgen.cppclass.ThisClassReturn'>, None, <pybindgen.typehandlers.ctypeparser.TypeTraits object at 0x7f0ddab8f4d0>))
DEBUG:pybindgen.typehandlers:TypeMatcher.lookup('double')
DEBUG:pybindgen.typehandlers:try to lookup type handler for 'double' => success ((<class 'pybindgen.typehandlers.doubletype.DoubleReturn'>, None, <pybindgen.typehandlers.ctypeparser.TypeTraits object at 0x7f0ddab8fc10>))
DEBUG:pybindgen.typehandlers:TypeMatcher.lookup('double')
DEBUG:pybindgen.typehandlers:try to lookup type handler for 'double' => success ((<class 'pybindgen.typehandlers.doubletype.DoubleReturn'>, None, <pybindgen.typehandlers.ctypeparser.TypeTraits object at 0x7f0ddab97090>))
DEBUG:pybindgen.typehandlers:TypeMatcher.lookup('ns3::Ptr< ns3::RandomVariableStream >')
DEBUG:pybindgen.typehandlers:try to lookup type handler for 'ns3::Ptr< ns3::RandomVariableStream >' => failure
DEBUG:pybindgen.typehandlers:try to lookup type handler for 'ns3::RandomVariableStream *' => success ((<class 'pybindgen.cppclass.ThisClassPtrReturn'>, <ns3modulegen_core_customizations.SmartPointerTransformation object at 0x7f0ddb24d5d0>, <pybindgen.typehandlers.ctypeparser.TypeTraits object at 0x7f0ddab976d0>))
DEBUG:pybindgen.typehandlers:TypeMatcher.lookup('uint32_t')
DEBUG:pybindgen.typehandlers:try to lookup type handler for 'uint32_t' => success ((<class 'pybindgen.typehandlers.inttype.UnsignedIntReturn'>, None, <pybindgen.typehandlers.ctypeparser.TypeTraits object at 0x7f0ddab97a10>))
DEBUG:pybindgen.typehandlers:TypeMatcher.lookup('double')
DEBUG:pybindgen.typehandlers:try to lookup type handler for 'double' => success ((<class 'pybindgen.typehandlers.doubletype.DoubleReturn'>, None, <pybindgen.typehandlers.ctypeparser.TypeTraits object at 0x7f0ddab97e50>))
DEBUG:pybindgen.typehandlers:TypeMatcher.lookup('uint32_t')
DEBUG:pybindgen.typehandlers:try to lookup type handler for 'uint32_t' => success ((<class 'pybindgen.typehandlers.inttype.UnsignedIntReturn'>, None, <pybindgen.typehandlers.ctypeparser.TypeTraits object at 0x7f0ddab9e590>))
DEBUG:pybindgen.typehandlers:TypeMatcher.lookup('ns3::SimpleRefCount< ns3::AttributeAccessor, ns3::empty, ns3::DefaultDeleter< ns3::AttributeAccessor > > const &')
DEBUG:pybindgen.typehandlers:try to lookup type handler for 'ns3::SimpleRefCount< ns3::AttributeAccessor, ns3::empty, ns3::DefaultDeleter< ns3::AttributeAccessor > > const &' => success ((<class 'pybindgen.cppclass.ThisClassRefParameter'>, None, <pybindgen.typehandlers.ctypeparser.TypeTraits object at 0x7f0ddab9ef90>))
DEBUG:pybindgen.typehandlers:TypeMatcher.lookup('ns3::SimpleRefCount< ns3::AttributeChecker, ns3::empty, ns3::DefaultDeleter< ns3::AttributeChecker > > const &')
DEBUG:pybindgen.typehandlers:try to lookup type handler for 'ns3::SimpleRefCount< ns3::AttributeChecker, ns3::empty, ns3::DefaultDeleter< ns3::AttributeChecker > > const &' => success ((<class 'pybindgen.cppclass.ThisClassRefParameter'>, None, <pybindgen.typehandlers.ctypeparser.TypeTraits object at 0x7f0ddab2aa10>))
DEBUG:pybindgen.typehandlers:TypeMatcher.lookup('ns3::SimpleRefCount< ns3::AttributeValue, ns3::empty, ns3::DefaultDeleter< ns3::AttributeValue > > const &')
DEBUG:pybindgen.typehandlers:try to lookup type handler for 'ns3::SimpleRefCount< ns3::AttributeValue, ns3::empty, ns3::DefaultDeleter< ns3::AttributeValue > > const &' => success ((<class 'pybindgen.cppclass.ThisClassRefParameter'>, None, <pybindgen.typehandlers.ctypeparser.TypeTraits object at 0x7f0ddab33490>))
DEBUG:pybindgen.typehandlers:TypeMatcher.lookup('ns3::SimpleRefCount< ns3::CallbackImplBase, ns3::empty, ns3::DefaultDeleter< ns3::CallbackImplBase > > const &')
DEBUG:pybindgen.typehandlers:try to lookup type handler for 'ns3::SimpleRefCount< ns3::CallbackImplBase, ns3::empty, ns3::DefaultDeleter< ns3::CallbackImplBase > > const &' => success ((<class 'pybindgen.cppclass.ThisClassRefParameter'>, None, <pybindgen.typehandlers.ctypeparser.TypeTraits object at 0x7f0ddab33e50>))
DEBUG:pybindgen.typehandlers:TypeMatcher.lookup('ns3::SimpleRefCount< ns3::EventImpl, ns3::empty, ns3::DefaultDeleter< ns3::EventImpl > > const &')
DEBUG:pybindgen.typehandlers:try to lookup type handler for 'ns3::SimpleRefCount< ns3::EventImpl, ns3::empty, ns3::DefaultDeleter< ns3::EventImpl > > const &' => success ((<class 'pybindgen.cppclass.ThisClassRefParameter'>, None, <pybindgen.typehandlers.ctypeparser.TypeTraits object at 0x7f0ddab3c8d0>))
DEBUG:pybindgen.typehandlers:TypeMatcher.lookup('ns3::SimpleRefCount< ns3::FdReader, ns3::empty, ns3::DefaultDeleter< ns3::FdReader > > const &')
DEBUG:pybindgen.typehandlers:try to lookup type handler for 'ns3::SimpleRefCount< ns3::FdReader, ns3::empty, ns3::DefaultDeleter< ns3::FdReader > > const &' => success ((<class 'pybindgen.cppclass.ThisClassRefParameter'>, None, <pybindgen.typehandlers.ctypeparser.TypeTraits object at 0x7f0ddab442d0>))
DEBUG:pybindgen.typehandlers:TypeMatcher.lookup('ns3::SimpleRefCount< ns3::Hash::Implementation, ns3::empty, ns3::DefaultDeleter< ns3::Hash::Implementation > > const &')
DEBUG:pybindgen.typehandlers:try to lookup type handler for 'ns3::SimpleRefCount< ns3::Hash::Implementation, ns3::empty, ns3::DefaultDeleter< ns3::Hash::Implementation > > const &' => success ((<class 'pybindgen.cppclass.ThisClassRefParameter'>, None, <pybindgen.typehandlers.ctypeparser.TypeTraits object at 0x7f0ddab44c90>))
DEBUG:pybindgen.typehandlers:TypeMatcher.lookup('ns3::SimpleRefCount< ns3::RefCountBase, ns3::empty, ns3::DefaultDeleter< ns3::RefCountBase > > const &')
DEBUG:pybindgen.typehandlers:try to lookup type handler for 'ns3::SimpleRefCount< ns3::RefCountBase, ns3::empty, ns3::DefaultDeleter< ns3::RefCountBase > > const &' => success ((<class 'pybindgen.cppclass.ThisClassRefParameter'>, None, <pybindgen.typehandlers.ctypeparser.TypeTraits object at 0x7f0ddab4c710>))
DEBUG:pybindgen.typehandlers:TypeMatcher.lookup('ns3::SimpleRefCount< ns3::SystemThread, ns3::empty, ns3::DefaultDeleter< ns3::SystemThread > > const &')
DEBUG:pybindgen.typehandlers:try to lookup type handler for 'ns3::SimpleRefCount< ns3::SystemThread, ns3::empty, ns3::DefaultDeleter< ns3::SystemThread > > const &' => success ((<class 'pybindgen.cppclass.ThisClassRefParameter'>, None, <pybindgen.typehandlers.ctypeparser.TypeTraits object at 0x7f0ddab56110>))
DEBUG:pybindgen.typehandlers:TypeMatcher.lookup('ns3::SimpleRefCount< ns3::TraceSourceAccessor, ns3::empty, ns3::DefaultDeleter< ns3::TraceSourceAccessor > > const &')
DEBUG:pybindgen.typehandlers:try to lookup type handler for 'ns3::SimpleRefCount< ns3::TraceSourceAccessor, ns3::empty, ns3::DefaultDeleter< ns3::TraceSourceAccessor > > const &' => success ((<class 'pybindgen.cppclass.ThisClassRefParameter'>, None, <pybindgen.typehandlers.ctypeparser.TypeTraits object at 0x7f0ddab56ad0>))
DEBUG:pybindgen.typehandlers:TypeMatcher.lookup('ns3::SimulatorImpl const &')
DEBUG:pybindgen.typehandlers:try to lookup type handler for 'ns3::SimulatorImpl const &' => success ((<class 'pybindgen.cppclass.ThisClassRefParameter'>, None, <pybindgen.typehandlers.ctypeparser.TypeTraits object at 0x7f0ddab60550>))
DEBUG:pybindgen.typehandlers:TypeMatcher.lookup('void')
DEBUG:pybindgen.typehandlers:try to lookup type handler for 'void' => success ((<class 'pybindgen.typehandlers.voidtype.VoidReturn'>, None, <pybindgen.typehandlers.ctypeparser.TypeTraits object at 0x7f0ddab60990>))
DEBUG:pybindgen.typehandlers:TypeMatcher.lookup('ns3::EventId const &')
DEBUG:pybindgen.typehandlers:try to lookup type handler for 'ns3::EventId const &' => success ((<class 'pybindgen.cppclass.ThisClassRefParameter'>, None, <pybindgen.typehandlers.ctypeparser.TypeTraits object at 0x7f0ddab60ad0>))
DEBUG:pybindgen.typehandlers:TypeMatcher.lookup('void')
DEBUG:pybindgen.typehandlers:try to lookup type handler for 'void' => success ((<class 'pybindgen.typehandlers.voidtype.VoidReturn'>, None, <pybindgen.typehandlers.ctypeparser.TypeTraits object at 0x7f0ddaae8290>))
DEBUG:pybindgen.typehandlers:TypeMatcher.lookup('uint32_t')
DEBUG:pybindgen.typehandlers:try to lookup type handler for 'uint32_t' => success ((<class 'pybindgen.typehandlers.inttype.UnsignedIntReturn'>, None, <pybindgen.typehandlers.ctypeparser.TypeTraits object at 0x7f0ddaae8950>))
DEBUG:pybindgen.typehandlers:TypeMatcher.lookup('ns3::Time')
DEBUG:pybindgen.typehandlers:try to lookup type handler for 'ns3::Time' => success ((<class 'pybindgen.cppclass.ThisClassReturn'>, None, <pybindgen.typehandlers.ctypeparser.TypeTraits object at 0x7f0ddaaf3050>))
DEBUG:pybindgen.typehandlers:TypeMatcher.lookup('ns3::EventId const &')
DEBUG:pybindgen.typehandlers:try to lookup type handler for 'ns3::EventId const &' => success ((<class 'pybindgen.cppclass.ThisClassRefParameter'>, None, <pybindgen.typehandlers.ctypeparser.TypeTraits object at 0x7f0ddaaf3190>))
DEBUG:pybindgen.typehandlers:TypeMatcher.lookup('ns3::Time')
DEBUG:pybindgen.typehandlers:try to lookup type handler for 'ns3::Time' => success ((<class 'pybindgen.cppclass.ThisClassReturn'>, None, <pybindgen.typehandlers.ctypeparser.TypeTraits object at 0x7f0ddaaf38d0>))
DEBUG:pybindgen.typehandlers:TypeMatcher.lookup('uint32_t')
DEBUG:pybindgen.typehandlers:try to lookup type handler for 'uint32_t' => success ((<class 'pybindgen.typehandlers.inttype.UnsignedIntReturn'>, None, <pybindgen.typehandlers.ctypeparser.TypeTraits object at 0x7f0ddaaf3f90>))
DEBUG:pybindgen.typehandlers:TypeMatcher.lookup('ns3::TypeId')
DEBUG:pybindgen.typehandlers:try to lookup type handler for 'ns3::TypeId' => success ((<class 'pybindgen.cppclass.ThisClassReturn'>, None, <pybindgen.typehandlers.ctypeparser.TypeTraits object at 0x7f0ddaafb690>))
DEBUG:pybindgen.typehandlers:TypeMatcher.lookup('bool')
DEBUG:pybindgen.typehandlers:try to lookup type handler for 'bool' => success ((<class 'pybindgen.typehandlers.booltype.BoolReturn'>, None, <pybindgen.typehandlers.ctypeparser.TypeTraits object at 0x7f0ddaafbad0>))
DEBUG:pybindgen.typehandlers:TypeMatcher.lookup('ns3::EventId const &')
DEBUG:pybindgen.typehandlers:try to lookup type handler for 'ns3::EventId const &' => success ((<class 'pybindgen.cppclass.ThisClassRefParameter'>, None, <pybindgen.typehandlers.ctypeparser.TypeTraits object at 0x7f0ddaafbc10>))
DEBUG:pybindgen.typehandlers:TypeMatcher.lookup('bool')
DEBUG:pybindgen.typehandlers:try to lookup type handler for 'bool' => success ((<class 'pybindgen.typehandlers.booltype.BoolReturn'>, None, <pybindgen.typehandlers.ctypeparser.TypeTraits object at 0x7f0ddab02390>))
DEBUG:pybindgen.typehandlers:TypeMatcher.lookup('ns3::Time')
DEBUG:pybindgen.typehandlers:try to lookup type handler for 'ns3::Time' => success ((<class 'pybindgen.cppclass.ThisClassReturn'>, None, <pybindgen.typehandlers.ctypeparser.TypeTraits object at 0x7f0ddab02a50>))
DEBUG:pybindgen.typehandlers:TypeMatcher.lookup('void')
DEBUG:pybindgen.typehandlers:try to lookup type handler for 'void' => success ((<class 'pybindgen.typehandlers.voidtype.VoidReturn'>, None, <pybindgen.typehandlers.ctypeparser.TypeTraits object at 0x7f0ddab0c150>))
DEBUG:pybindgen.typehandlers:TypeMatcher.lookup('ns3::EventId const &')
DEBUG:pybindgen.typehandlers:try to lookup type handler for 'ns3::EventId const &' => success ((<class 'pybindgen.cppclass.ThisClassRefParameter'>, None, <pybindgen.typehandlers.ctypeparser.TypeTraits object at 0x7f0ddab0c290>))
DEBUG:pybindgen.typehandlers:TypeMatcher.lookup('void')
DEBUG:pybindgen.typehandlers:try to lookup type handler for 'void' => success ((<class 'pybindgen.typehandlers.voidtype.VoidReturn'>, None, <pybindgen.typehandlers.ctypeparser.TypeTraits object at 0x7f0ddab0c9d0>))
DEBUG:pybindgen.typehandlers:TypeMatcher.lookup('ns3::EventId')
DEBUG:pybindgen.typehandlers:try to lookup type handler for 'ns3::EventId' => success ((<class 'pybindgen.cppclass.ThisClassReturn'>, None, <pybindgen.typehandlers.ctypeparser.TypeTraits object at 0x7f0ddab140d0>))
DEBUG:pybindgen.typehandlers:TypeMatcher.lookup('ns3::Time const &')
DEBUG:pybindgen.typehandlers:try to lookup type handler for 'ns3::Time const &' => success ((<class 'pybindgen.cppclass.ThisClassRefParameter'>, None, <pybindgen.typehandlers.ctypeparser.TypeTraits object at 0x7f0ddab14210>))
DEBUG:pybindgen.typehandlers:TypeMatcher.lookup('ns3::EventImpl *')
DEBUG:pybindgen.typehandlers:try to lookup type handler for 'ns3::EventImpl *' => success ((<class 'pybindgen.cppclass.ThisClassPtrParameter'>, None, <pybindgen.typehandlers.ctypeparser.TypeTraits object at 0x7f0ddab14390>))
/home/pratyu101/FlyNetSim/NetSim/ns-allinone-3.27/ns-3.27/src/core/bindings/modulegen__gcc_LP64.py:2302: Warning: exception TypeConfigurationError('Missing transfer_ownership option',) in wrapper public: virtual retval? ???::Schedule (params?) = 0;
  is_pure_virtual=True, is_virtual=True)
DEBUG:pybindgen.typehandlers:TypeMatcher.lookup('ns3::EventId')
DEBUG:pybindgen.typehandlers:try to lookup type handler for 'ns3::EventId' => success ((<class 'pybindgen.cppclass.ThisClassReturn'>, None, <pybindgen.typehandlers.ctypeparser.TypeTraits object at 0x7f0ddab149d0>))
DEBUG:pybindgen.typehandlers:TypeMatcher.lookup('ns3::EventImpl *')
DEBUG:pybindgen.typehandlers:try to lookup type handler for 'ns3::EventImpl *' => success ((<class 'pybindgen.cppclass.ThisClassPtrParameter'>, None, <pybindgen.typehandlers.ctypeparser.TypeTraits object at 0x7f0ddab14b90>))
/home/pratyu101/FlyNetSim/NetSim/ns-allinone-3.27/ns-3.27/src/core/bindings/modulegen__gcc_LP64.py:2307: Warning: exception TypeConfigurationError('Missing transfer_ownership option',) in wrapper public: virtual retval? ???::ScheduleDestroy (params?) = 0;
  is_pure_virtual=True, is_virtual=True)
DEBUG:pybindgen.typehandlers:TypeMatcher.lookup('ns3::EventId')
DEBUG:pybindgen.typehandlers:try to lookup type handler for 'ns3::EventId' => success ((<class 'pybindgen.cppclass.ThisClassReturn'>, None, <pybindgen.typehandlers.ctypeparser.TypeTraits object at 0x7f0ddab1d210>))
DEBUG:pybindgen.typehandlers:TypeMatcher.lookup('ns3::EventImpl *')
DEBUG:pybindgen.typehandlers:try to lookup type handler for 'ns3::EventImpl *' => success ((<class 'pybindgen.cppclass.ThisClassPtrParameter'>, None, <pybindgen.typehandlers.ctypeparser.TypeTraits object at 0x7f0ddab1d3d0>))
/home/pratyu101/FlyNetSim/NetSim/ns-allinone-3.27/ns-3.27/src/core/bindings/modulegen__gcc_LP64.py:2312: Warning: exception TypeConfigurationError('Missing transfer_ownership option',) in wrapper public: virtual retval? ???::ScheduleNow (params?) = 0;
  is_pure_virtual=True, is_virtual=True)
DEBUG:pybindgen.typehandlers:TypeMatcher.lookup('void')
DEBUG:pybindgen.typehandlers:try to lookup type handler for 'void' => success ((<class 'pybindgen.typehandlers.voidtype.VoidReturn'>, None, <pybindgen.typehandlers.ctypeparser.TypeTraits object at 0x7f0ddab1da10>))
DEBUG:pybindgen.typehandlers:TypeMatcher.lookup('uint32_t')
DEBUG:pybindgen.typehandlers:try to lookup type handler for 'uint32_t' => success ((<class 'pybindgen.typehandlers.inttype.UnsignedIntParam'>, None, <pybindgen.typehandlers.ctypeparser.TypeTraits object at 0x7f0ddab1dbd0>))
DEBUG:pybindgen.typehandlers:TypeMatcher.lookup('ns3::Time const &')
DEBUG:pybindgen.typehandlers:try to lookup type handler for 'ns3::Time const &' => success ((<class 'pybindgen.cppclass.ThisClassRefParameter'>, None, <pybindgen.typehandlers.ctypeparser.TypeTraits object at 0x7f0ddab1dcd0>))
DEBUG:pybindgen.typehandlers:TypeMatcher.lookup('ns3::EventImpl *')
DEBUG:pybindgen.typehandlers:try to lookup type handler for 'ns3::EventImpl *' => success ((<class 'pybindgen.cppclass.ThisClassPtrParameter'>, None, <pybindgen.typehandlers.ctypeparser.TypeTraits object at 0x7f0ddab1de50>))
/home/pratyu101/FlyNetSim/NetSim/ns-allinone-3.27/ns-3.27/src/core/bindings/modulegen__gcc_LP64.py:2317: Warning: exception TypeConfigurationError('Missing transfer_ownership option',) in wrapper public: virtual retval? ???::ScheduleWithContext (params?) = 0;
  is_pure_virtual=True, is_virtual=True)
DEBUG:pybindgen.typehandlers:TypeMatcher.lookup('void')
DEBUG:pybindgen.typehandlers:try to lookup type handler for 'void' => success ((<class 'pybindgen.typehandlers.voidtype.VoidReturn'>, None, <pybindgen.typehandlers.ctypeparser.TypeTraits object at 0x7f0ddaaa84d0>))
DEBUG:pybindgen.typehandlers:TypeMatcher.lookup('ns3::ObjectFactory')
DEBUG:pybindgen.typehandlers:try to lookup type handler for 'ns3::ObjectFactory' => success ((<class 'pybindgen.cppclass.ThisClassParameter'>, None, <pybindgen.typehandlers.ctypeparser.TypeTraits object at 0x7f0ddaaa8650>))
DEBUG:pybindgen.typehandlers:TypeMatcher.lookup('void')
DEBUG:pybindgen.typehandlers:try to lookup type handler for 'void' => success ((<class 'pybindgen.typehandlers.voidtype.VoidReturn'>, None, <pybindgen.typehandlers.ctypeparser.TypeTraits object at 0x7f0ddab1db10>))
DEBUG:pybindgen.typehandlers:TypeMatcher.lookup('void')
DEBUG:pybindgen.typehandlers:try to lookup type handler for 'void' => success ((<class 'pybindgen.typehandlers.voidtype.VoidReturn'>, None, <pybindgen.typehandlers.ctypeparser.TypeTraits object at 0x7f0ddaae8090>))
DEBUG:pybindgen.typehandlers:TypeMatcher.lookup('ns3::Time const &')
DEBUG:pybindgen.typehandlers:try to lookup type handler for 'ns3::Time const &' => success ((<class 'pybindgen.cppclass.ThisClassRefParameter'>, None, <pybindgen.typehandlers.ctypeparser.TypeTraits object at 0x7f0ddaae8650>))
DEBUG:pybindgen.typehandlers:TypeMatcher.lookup('ns3::Synchronizer const &')
DEBUG:pybindgen.typehandlers:try to lookup type handler for 'ns3::Synchronizer const &' => success ((<class 'pybindgen.cppclass.ThisClassRefParameter'>, None, <pybindgen.typehandlers.ctypeparser.TypeTraits object at 0x7f0ddaae8d90>))
DEBUG:pybindgen.typehandlers:TypeMatcher.lookup('uint64_t')
DEBUG:pybindgen.typehandlers:try to lookup type handler for 'uint64_t' => success ((<class 'pybindgen.typehandlers.inttype.UnsignedLongLongReturn'>, None, <pybindgen.typehandlers.ctypeparser.TypeTraits object at 0x7f0ddaafb610>))
DEBUG:pybindgen.typehandlers:TypeMatcher.lookup('void')
DEBUG:pybindgen.typehandlers:try to lookup type handler for 'void' => success ((<class 'pybindgen.typehandlers.voidtype.VoidReturn'>, None, <pybindgen.typehandlers.ctypeparser.TypeTraits object at 0x7f0ddab02850>))
DEBUG:pybindgen.typehandlers:TypeMatcher.lookup('uint64_t')
DEBUG:pybindgen.typehandlers:try to lookup type handler for 'uint64_t' => success ((<class 'pybindgen.typehandlers.inttype.UnsignedLongLongReturn'>, None, <pybindgen.typehandlers.ctypeparser.TypeTraits object at 0x7f0ddab14c90>))
DEBUG:pybindgen.typehandlers:TypeMatcher.lookup('int64_t')
DEBUG:pybindgen.typehandlers:try to lookup type handler for 'int64_t' => success ((<class 'pybindgen.typehandlers.inttype.LongLongReturn'>, None, <pybindgen.typehandlers.ctypeparser.TypeTraits object at 0x7f0ddab0c0d0>))
DEBUG:pybindgen.typehandlers:TypeMatcher.lookup('uint64_t')
DEBUG:pybindgen.typehandlers:try to lookup type handler for 'uint64_t' => success ((<class 'pybindgen.typehandlers.inttype.UnsignedLongLongParam'>, None, <pybindgen.typehandlers.ctypeparser.TypeTraits object at 0x7f0ddab0c790>))
DEBUG:pybindgen.typehandlers:TypeMatcher.lookup('uint64_t')
DEBUG:pybindgen.typehandlers:try to lookup type handler for 'uint64_t' => success ((<class 'pybindgen.typehandlers.inttype.UnsignedLongLongReturn'>, None, <pybindgen.typehandlers.ctypeparser.TypeTraits object at 0x7f0ddaaa8810>))
DEBUG:pybindgen.typehandlers:TypeMatcher.lookup('ns3::TypeId')
DEBUG:pybindgen.typehandlers:try to lookup type handler for 'ns3::TypeId' => success ((<class 'pybindgen.cppclass.ThisClassReturn'>, None, <pybindgen.typehandlers.ctypeparser.TypeTraits object at 0x7f0ddaaa8c50>))
DEBUG:pybindgen.typehandlers:TypeMatcher.lookup('bool')
DEBUG:pybindgen.typehandlers:try to lookup type handler for 'bool' => success ((<class 'pybindgen.typehandlers.booltype.BoolReturn'>, None, <pybindgen.typehandlers.ctypeparser.TypeTraits object at 0x7f0ddaaaf0d0>))
DEBUG:pybindgen.typehandlers:TypeMatcher.lookup('void')
DEBUG:pybindgen.typehandlers:try to lookup type handler for 'void' => success ((<class 'pybindgen.typehandlers.voidtype.VoidReturn'>, None, <pybindgen.typehandlers.ctypeparser.TypeTraits object at 0x7f0ddaaaf550>))
DEBUG:pybindgen.typehandlers:TypeMatcher.lookup('bool')
DEBUG:pybindgen.typehandlers:try to lookup type handler for 'bool' => success ((<class 'pybindgen.typehandlers.booltype.BoolParam'>, None, <pybindgen.typehandlers.ctypeparser.TypeTraits object at 0x7f0ddaaaf690>))
DEBUG:pybindgen.typehandlers:TypeMatcher.lookup('void')
DEBUG:pybindgen.typehandlers:try to lookup type handler for 'void' => success ((<class 'pybindgen.typehandlers.voidtype.VoidReturn'>, None, <pybindgen.typehandlers.ctypeparser.TypeTraits object at 0x7f0ddaaafad0>))
DEBUG:pybindgen.typehandlers:TypeMatcher.lookup('uint64_t')
DEBUG:pybindgen.typehandlers:try to lookup type handler for 'uint64_t' => success ((<class 'pybindgen.typehandlers.inttype.UnsignedLongLongParam'>, None, <pybindgen.typehandlers.ctypeparser.TypeTraits object at 0x7f0ddaaafc10>))
DEBUG:pybindgen.typehandlers:TypeMatcher.lookup('void')
DEBUG:pybindgen.typehandlers:try to lookup type handler for 'void' => success ((<class 'pybindgen.typehandlers.voidtype.VoidReturn'>, None, <pybindgen.typehandlers.ctypeparser.TypeTraits object at 0x7f0ddaab7050>))
DEBUG:pybindgen.typehandlers:TypeMatcher.lookup('bool')
DEBUG:pybindgen.typehandlers:try to lookup type handler for 'bool' => success ((<class 'pybindgen.typehandlers.booltype.BoolReturn'>, None, <pybindgen.typehandlers.ctypeparser.TypeTraits object at 0x7f0ddaab7490>))
DEBUG:pybindgen.typehandlers:TypeMatcher.lookup('uint64_t')
DEBUG:pybindgen.typehandlers:try to lookup type handler for 'uint64_t' => success ((<class 'pybindgen.typehandlers.inttype.UnsignedLongLongParam'>, None, <pybindgen.typehandlers.ctypeparser.TypeTraits object at 0x7f0ddaab75d0>))
DEBUG:pybindgen.typehandlers:TypeMatcher.lookup('uint64_t')
DEBUG:pybindgen.typehandlers:try to lookup type handler for 'uint64_t' => success ((<class 'pybindgen.typehandlers.inttype.UnsignedLongLongParam'>, None, <pybindgen.typehandlers.ctypeparser.TypeTraits object at 0x7f0ddaab76d0>))
DEBUG:pybindgen.typehandlers:TypeMatcher.lookup('uint64_t')
DEBUG:pybindgen.typehandlers:try to lookup type handler for 'uint64_t' => success ((<class 'pybindgen.typehandlers.inttype.UnsignedLongLongReturn'>, None, <pybindgen.typehandlers.ctypeparser.TypeTraits object at 0x7f0ddaab7ad0>))
DEBUG:pybindgen.typehandlers:TypeMatcher.lookup('void')
DEBUG:pybindgen.typehandlers:try to lookup type handler for 'void' => success ((<class 'pybindgen.typehandlers.voidtype.VoidReturn'>, None, <pybindgen.typehandlers.ctypeparser.TypeTraits object at 0x7f0ddaabd1d0>))
DEBUG:pybindgen.typehandlers:TypeMatcher.lookup('uint64_t')
DEBUG:pybindgen.typehandlers:try to lookup type handler for 'uint64_t' => success ((<class 'pybindgen.typehandlers.inttype.UnsignedLongLongReturn'>, None, <pybindgen.typehandlers.ctypeparser.TypeTraits object at 0x7f0ddaabd850>))
DEBUG:pybindgen.typehandlers:TypeMatcher.lookup('int64_t')
DEBUG:pybindgen.typehandlers:try to lookup type handler for 'int64_t' => success ((<class 'pybindgen.typehandlers.inttype.LongLongReturn'>, None, <pybindgen.typehandlers.ctypeparser.TypeTraits object at 0x7f0ddaabded0>))
DEBUG:pybindgen.typehandlers:TypeMatcher.lookup('uint64_t')
DEBUG:pybindgen.typehandlers:try to lookup type handler for 'uint64_t' => success ((<class 'pybindgen.typehandlers.inttype.UnsignedLongLongParam'>, None, <pybindgen.typehandlers.ctypeparser.TypeTraits object at 0x7f0ddaac9050>))
DEBUG:pybindgen.typehandlers:TypeMatcher.lookup('bool')
DEBUG:pybindgen.typehandlers:try to lookup type handler for 'bool' => success ((<class 'pybindgen.typehandlers.booltype.BoolReturn'>, None, <pybindgen.typehandlers.ctypeparser.TypeTraits object at 0x7f0ddaac9690>))
DEBUG:pybindgen.typehandlers:TypeMatcher.lookup('void')
DEBUG:pybindgen.typehandlers:try to lookup type handler for 'void' => success ((<class 'pybindgen.typehandlers.voidtype.VoidReturn'>, None, <pybindgen.typehandlers.ctypeparser.TypeTraits object at 0x7f0ddaac9d10>))
DEBUG:pybindgen.typehandlers:TypeMatcher.lookup('bool')
DEBUG:pybindgen.typehandlers:try to lookup type handler for 'bool' => success ((<class 'pybindgen.typehandlers.booltype.BoolParam'>, None, <pybindgen.typehandlers.ctypeparser.TypeTraits object at 0x7f0ddaac9e50>))
DEBUG:pybindgen.typehandlers:TypeMatcher.lookup('void')
DEBUG:pybindgen.typehandlers:try to lookup type handler for 'void' => success ((<class 'pybindgen.typehandlers.voidtype.VoidReturn'>, None, <pybindgen.typehandlers.ctypeparser.TypeTraits object at 0x7f0ddaad14d0>))
DEBUG:pybindgen.typehandlers:TypeMatcher.lookup('uint64_t')
DEBUG:pybindgen.typehandlers:try to lookup type handler for 'uint64_t' => success ((<class 'pybindgen.typehandlers.inttype.UnsignedLongLongParam'>, None, <pybindgen.typehandlers.ctypeparser.TypeTraits object at 0x7f0ddaad1610>))
DEBUG:pybindgen.typehandlers:TypeMatcher.lookup('void')
DEBUG:pybindgen.typehandlers:try to lookup type handler for 'void' => success ((<class 'pybindgen.typehandlers.voidtype.VoidReturn'>, None, <pybindgen.typehandlers.ctypeparser.TypeTraits object at 0x7f0ddaad1c50>))
DEBUG:pybindgen.typehandlers:TypeMatcher.lookup('bool')
DEBUG:pybindgen.typehandlers:try to lookup type handler for 'bool' => success ((<class 'pybindgen.typehandlers.booltype.BoolReturn'>, None, <pybindgen.typehandlers.ctypeparser.TypeTraits object at 0x7f0ddaad9310>))
DEBUG:pybindgen.typehandlers:TypeMatcher.lookup('uint64_t')
DEBUG:pybindgen.typehandlers:try to lookup type handler for 'uint64_t' => success ((<class 'pybindgen.typehandlers.inttype.UnsignedLongLongParam'>, None, <pybindgen.typehandlers.ctypeparser.TypeTraits object at 0x7f0ddaad9450>))
DEBUG:pybindgen.typehandlers:TypeMatcher.lookup('uint64_t')
DEBUG:pybindgen.typehandlers:try to lookup type handler for 'uint64_t' => success ((<class 'pybindgen.typehandlers.inttype.UnsignedLongLongParam'>, None, <pybindgen.typehandlers.ctypeparser.TypeTraits object at 0x7f0ddaad9550>))
DEBUG:pybindgen.typehandlers:TypeMatcher.lookup('ns3::SystemThread const &')
DEBUG:pybindgen.typehandlers:try to lookup type handler for 'ns3::SystemThread const &' => success ((<class 'pybindgen.cppclass.ThisClassRefParameter'>, None, <pybindgen.typehandlers.ctypeparser.TypeTraits object at 0x7f0ddaad9bd0>))
DEBUG:pybindgen.typehandlers:TypeMatcher.lookup('ns3::Callback< void, ns3::empty, ns3::empty, ns3::empty, ns3::empty, ns3::empty, ns3::empty, ns3::empty, ns3::empty, ns3::empty >')
DEBUG:pybindgen.typehandlers:try to lookup type handler for 'ns3::Callback< void, ns3::empty, ns3::empty, ns3::empty, ns3::empty, ns3::empty, ns3::empty, ns3::empty, ns3::empty, ns3::empty >' => success ((<class 'ns3modulegen_core_customizations.PythonCallbackParameter'>, None, <pybindgen.typehandlers.ctypeparser.TypeTraits object at 0x7f0ddaae2090>))
DEBUG:pybindgen.typehandlers:TypeMatcher.lookup('bool')
DEBUG:pybindgen.typehandlers:try to lookup type handler for 'bool' => success ((<class 'pybindgen.typehandlers.booltype.BoolReturn'>, None, <pybindgen.typehandlers.ctypeparser.TypeTraits object at 0x7f0ddaae2950>))
DEBUG:pybindgen.typehandlers:TypeMatcher.lookup('pthread_t')
DEBUG:pybindgen.typehandlers:try to lookup type handler for 'pthread_t' => failure
'pthread_t' did not match
/home/pratyu101/FlyNetSim/NetSim/ns-allinone-3.27/ns-3.27/src/core/bindings/modulegen__gcc_LP64.py:2441: Warning: exception TypeLookupError(['pthread_t'],) in wrapper public: retval? ???::Equals (params?);
  is_static=True)
DEBUG:pybindgen.typehandlers:TypeMatcher.lookup('void')
DEBUG:pybindgen.typehandlers:try to lookup type handler for 'void' => success ((<class 'pybindgen.typehandlers.voidtype.VoidReturn'>, None, <pybindgen.typehandlers.ctypeparser.TypeTraits object at 0x7f0ddaae2b10>))
DEBUG:pybindgen.typehandlers:TypeMatcher.lookup('ns3::SystemThread::ThreadId')
DEBUG:pybindgen.typehandlers:try to lookup type handler for 'ns3::SystemThread::ThreadId' => failure
'ns3::SystemThread::ThreadId' did not match
/home/pratyu101/FlyNetSim/NetSim/ns-allinone-3.27/ns-3.27/src/core/bindings/modulegen__gcc_LP64.py:2450: Warning: exception TypeLookupError(['ns3::SystemThread::ThreadId'],) in wrapper public: retval? ???::Self (params?);
  is_static=True)
DEBUG:pybindgen.typehandlers:TypeMatcher.lookup('void')
DEBUG:pybindgen.typehandlers:try to lookup type handler for 'void' => success ((<class 'pybindgen.typehandlers.voidtype.VoidReturn'>, None, <pybindgen.typehandlers.ctypeparser.TypeTraits object at 0x7f0ddaae2e90>))
DEBUG:pybindgen.typehandlers:TypeMatcher.lookup('ns3::Time const &')
DEBUG:pybindgen.typehandlers:try to lookup type handler for 'ns3::Time const &' => success ((<class 'pybindgen.cppclass.ThisClassRefParameter'>, None, <pybindgen.typehandlers.ctypeparser.TypeTraits object at 0x7f0dda9ea290>))
DEBUG:pybindgen.typehandlers:TypeMatcher.lookup('ns3::Time const &')
DEBUG:pybindgen.typehandlers:try to lookup type handler for 'ns3::Time const &' => success ((<class 'pybindgen.cppclass.ThisClassRefParameter'>, None, <pybindgen.typehandlers.ctypeparser.TypeTraits object at 0x7f0dda9ea450>))
DEBUG:pybindgen.typehandlers:TypeMatcher.lookup('int64_t const &')
DEBUG:pybindgen.typehandlers:try to lookup type handler for 'int64_t const &' => success ((<class 'pybindgen.typehandlers.inttype.LongLongRefParam'>, None, <pybindgen.typehandlers.ctypeparser.TypeTraits object at 0x7f0dda9ea5d0>))
DEBUG:pybindgen.typehandlers:TypeMatcher.lookup('int64_t const &')
DEBUG:pybindgen.typehandlers:try to lookup type handler for 'int64_t const &' => success ((<class 'pybindgen.typehandlers.inttype.LongLongRefParam'>, None, <pybindgen.typehandlers.ctypeparser.TypeTraits object at 0x7f0dda9ea750>))
DEBUG:pybindgen.typehandlers:TypeMatcher.lookup('ns3::Time const &')
DEBUG:pybindgen.typehandlers:try to lookup type handler for 'ns3::Time const &' => success ((<class 'pybindgen.cppclass.ThisClassRefParameter'>, None, <pybindgen.typehandlers.ctypeparser.TypeTraits object at 0x7f0dda9ea8d0>))
DEBUG:pybindgen.typehandlers:TypeMatcher.lookup('ns3::Time const &')
DEBUG:pybindgen.typehandlers:try to lookup type handler for 'ns3::Time const &' => success ((<class 'pybindgen.cppclass.ThisClassRefParameter'>, None, <pybindgen.typehandlers.ctypeparser.TypeTraits object at 0x7f0dda9eaa50>))
DEBUG:pybindgen.typehandlers:TypeMatcher.lookup('ns3::Time const &')
DEBUG:pybindgen.typehandlers:try to lookup type handler for 'ns3::Time const &' => success ((<class 'pybindgen.cppclass.ThisClassRefParameter'>, None, <pybindgen.typehandlers.ctypeparser.TypeTraits object at 0x7f0dda9eaf90>))
DEBUG:pybindgen.typehandlers:TypeMatcher.lookup('double')
DEBUG:pybindgen.typehandlers:try to lookup type handler for 'double' => success ((<class 'pybindgen.typehandlers.doubletype.DoubleParam'>, None, <pybindgen.typehandlers.ctypeparser.TypeTraits object at 0x7f0dda9f1450>))
DEBUG:pybindgen.typehandlers:TypeMatcher.lookup('int')
DEBUG:pybindgen.typehandlers:try to lookup type handler for 'int' => success ((<class 'pybindgen.typehandlers.inttype.IntParam'>, None, <pybindgen.typehandlers.ctypeparser.TypeTraits object at 0x7f0dda9f1850>))
DEBUG:pybindgen.typehandlers:TypeMatcher.lookup('long int')
DEBUG:pybindgen.typehandlers:try to lookup type handler for 'long int' => success ((<class 'pybindgen.typehandlers.inttype.LongParam'>, None, <pybindgen.typehandlers.ctypeparser.TypeTraits object at 0x7f0dda9f1c50>))
DEBUG:pybindgen.typehandlers:TypeMatcher.lookup('long long int')
DEBUG:pybindgen.typehandlers:try to lookup type handler for 'long long int' => success ((<class 'pybindgen.typehandlers.inttype.LongLongParam'>, None, <pybindgen.typehandlers.ctypeparser.TypeTraits object at 0x7f0dda9fb0d0>))
DEBUG:pybindgen.typehandlers:TypeMatcher.lookup('unsigned int')
DEBUG:pybindgen.typehandlers:try to lookup type handler for 'unsigned int' => success ((<class 'pybindgen.typehandlers.inttype.UnsignedIntParam'>, None, <pybindgen.typehandlers.ctypeparser.TypeTraits object at 0x7f0dda9fb550>))
DEBUG:pybindgen.typehandlers:TypeMatcher.lookup('long unsigned int')
DEBUG:pybindgen.typehandlers:try to lookup type handler for 'long unsigned int' => success ((<class 'pybindgen.typehandlers.inttype.UnsignedLongParam'>, None, <pybindgen.typehandlers.ctypeparser.TypeTraits object at 0x7f0dda9fb990>))
DEBUG:pybindgen.typehandlers:TypeMatcher.lookup('long long unsigned int')
DEBUG:pybindgen.typehandlers:try to lookup type handler for 'long long unsigned int' => success ((<class 'pybindgen.typehandlers.inttype.UnsignedLongLongParam'>, None, <pybindgen.typehandlers.ctypeparser.TypeTraits object at 0x7f0dda9fbd10>))
DEBUG:pybindgen.typehandlers:TypeMatcher.lookup('ns3::int64x64_t const &')
DEBUG:pybindgen.typehandlers:try to lookup type handler for 'ns3::int64x64_t const &' => success ((<class 'pybindgen.cppclass.ThisClassRefParameter'>, None, <pybindgen.typehandlers.ctypeparser.TypeTraits object at 0x7f0ddaa01250>))
DEBUG:pybindgen.typehandlers:TypeMatcher.lookup('std::string const &')
DEBUG:pybindgen.typehandlers:try to lookup type handler for 'std::string const &' => success ((<class 'pybindgen.typehandlers.stringtype.StdStringRefParam'>, None, <pybindgen.typehandlers.ctypeparser.TypeTraits object at 0x7f0ddaa01710>))
DEBUG:pybindgen.typehandlers:TypeMatcher.lookup('ns3::TimeWithUnit')
DEBUG:pybindgen.typehandlers:try to lookup type handler for 'ns3::TimeWithUnit' => success ((<class 'pybindgen.cppclass.ThisClassReturn'>, None, <pybindgen.typehandlers.ctypeparser.TypeTraits object at 0x7f0ddaa01b50>))
DEBUG:pybindgen.typehandlers:TypeMatcher.lookup('ns3::Time::Unit const')
DEBUG:pybindgen.typehandlers:try to lookup type handler for 'ns3::Time::Unit const' => success ((<class 'pybindgen.enum.ThisEnumParameter'>, None, <pybindgen.typehandlers.ctypeparser.TypeTraits object at 0x7f0ddaa01c90>))
DEBUG:pybindgen.typehandlers:TypeMatcher.lookup('int')
DEBUG:pybindgen.typehandlers:try to lookup type handler for 'int' => success ((<class 'pybindgen.typehandlers.inttype.IntReturn'>, None, <pybindgen.typehandlers.ctypeparser.TypeTraits object at 0x7f0ddaa0a0d0>))
DEBUG:pybindgen.typehandlers:TypeMatcher.lookup('ns3::Time const &')
DEBUG:pybindgen.typehandlers:try to lookup type handler for 'ns3::Time const &' => success ((<class 'pybindgen.cppclass.ThisClassRefParameter'>, None, <pybindgen.typehandlers.ctypeparser.TypeTraits object at 0x7f0ddaa0a210>))
DEBUG:pybindgen.typehandlers:TypeMatcher.lookup('ns3::Time')
DEBUG:pybindgen.typehandlers:try to lookup type handler for 'ns3::Time' => success ((<class 'pybindgen.cppclass.ThisClassReturn'>, None, <pybindgen.typehandlers.ctypeparser.TypeTraits object at 0x7f0ddaa0a6d0>))
DEBUG:pybindgen.typehandlers:TypeMatcher.lookup('ns3::int64x64_t const &')
DEBUG:pybindgen.typehandlers:try to lookup type handler for 'ns3::int64x64_t const &' => success ((<class 'pybindgen.cppclass.ThisClassRefParameter'>, None, <pybindgen.typehandlers.ctypeparser.TypeTraits object at 0x7f0ddaa0a810>))
DEBUG:pybindgen.typehandlers:TypeMatcher.lookup('ns3::Time')
DEBUG:pybindgen.typehandlers:try to lookup type handler for 'ns3::Time' => success ((<class 'pybindgen.cppclass.ThisClassReturn'>, None, <pybindgen.typehandlers.ctypeparser.TypeTraits object at 0x7f0ddaa0ad10>))
DEBUG:pybindgen.typehandlers:TypeMatcher.lookup('ns3::int64x64_t const &')
DEBUG:pybindgen.typehandlers:try to lookup type handler for 'ns3::int64x64_t const &' => success ((<class 'pybindgen.cppclass.ThisClassRefParameter'>, None, <pybindgen.typehandlers.ctypeparser.TypeTraits object at 0x7f0ddaa0ae50>))
DEBUG:pybindgen.typehandlers:TypeMatcher.lookup('ns3::Time::Unit')
DEBUG:pybindgen.typehandlers:try to lookup type handler for 'ns3::Time::Unit' => success ((<class 'pybindgen.enum.ThisEnumParameter'>, None, <pybindgen.typehandlers.ctypeparser.TypeTraits object at 0x7f0ddaa12050>))
DEBUG:pybindgen.typehandlers:TypeMatcher.lookup('ns3::Time')
DEBUG:pybindgen.typehandlers:try to lookup type handler for 'ns3::Time' => success ((<class 'pybindgen.cppclass.ThisClassReturn'>, None, <pybindgen.typehandlers.ctypeparser.TypeTraits object at 0x7f0ddaa12450>))
DEBUG:pybindgen.typehandlers:TypeMatcher.lookup('double')
DEBUG:pybindgen.typehandlers:try to lookup type handler for 'double' => success ((<class 'pybindgen.typehandlers.doubletype.DoubleParam'>, None, <pybindgen.typehandlers.ctypeparser.TypeTraits object at 0x7f0ddaa12590>))
DEBUG:pybindgen.typehandlers:TypeMatcher.lookup('ns3::Time::Unit')
DEBUG:pybindgen.typehandlers:try to lookup type handler for 'ns3::Time::Unit' => success ((<class 'pybindgen.enum.ThisEnumParameter'>, None, <pybindgen.typehandlers.ctypeparser.TypeTraits object at 0x7f0ddaa12690>))
DEBUG:pybindgen.typehandlers:TypeMatcher.lookup('ns3::Time')
DEBUG:pybindgen.typehandlers:try to lookup type handler for 'ns3::Time' => success ((<class 'pybindgen.cppclass.ThisClassReturn'>, None, <pybindgen.typehandlers.ctypeparser.TypeTraits object at 0x7f0ddaa12ad0>))
DEBUG:pybindgen.typehandlers:TypeMatcher.lookup('uint64_t')
DEBUG:pybindgen.typehandlers:try to lookup type handler for 'uint64_t' => success ((<class 'pybindgen.typehandlers.inttype.UnsignedLongLongParam'>, None, <pybindgen.typehandlers.ctypeparser.TypeTraits object at 0x7f0ddaa12c10>))
DEBUG:pybindgen.typehandlers:TypeMatcher.lookup('ns3::Time::Unit')
DEBUG:pybindgen.typehandlers:try to lookup type handler for 'ns3::Time::Unit' => success ((<class 'pybindgen.enum.ThisEnumParameter'>, None, <pybindgen.typehandlers.ctypeparser.TypeTraits object at 0x7f0ddaa12d10>))
DEBUG:pybindgen.typehandlers:TypeMatcher.lookup('double')
DEBUG:pybindgen.typehandlers:try to lookup type handler for 'double' => success ((<class 'pybindgen.typehandlers.doubletype.DoubleReturn'>, None, <pybindgen.typehandlers.ctypeparser.TypeTraits object at 0x7f0ddaa1a190>))
DEBUG:pybindgen.typehandlers:TypeMatcher.lookup('double')
DEBUG:pybindgen.typehandlers:try to lookup type handler for 'double' => success ((<class 'pybindgen.typehandlers.doubletype.DoubleReturn'>, None, <pybindgen.typehandlers.ctypeparser.TypeTraits object at 0x7f0ddaa1a610>))
DEBUG:pybindgen.typehandlers:TypeMatcher.lookup('int64_t')
DEBUG:pybindgen.typehandlers:try to lookup type handler for 'int64_t' => success ((<class 'pybindgen.typehandlers.inttype.LongLongReturn'>, None, <pybindgen.typehandlers.ctypeparser.TypeTraits object at 0x7f0ddaa1aa90>))
DEBUG:pybindgen.typehandlers:TypeMatcher.lookup('double')
DEBUG:pybindgen.typehandlers:try to lookup type handler for 'double' => success ((<class 'pybindgen.typehandlers.doubletype.DoubleReturn'>, None, <pybindgen.typehandlers.ctypeparser.TypeTraits object at 0x7f0ddaa1aed0>))
DEBUG:pybindgen.typehandlers:TypeMatcher.lookup('int64_t')
DEBUG:pybindgen.typehandlers:try to lookup type handler for 'int64_t' => success ((<class 'pybindgen.typehandlers.inttype.LongLongReturn'>, None, <pybindgen.typehandlers.ctypeparser.TypeTraits object at 0x7f0ddaa22390>))
DEBUG:pybindgen.typehandlers:TypeMatcher.lookup('int64_t')
DEBUG:pybindgen.typehandlers:try to lookup type handler for 'int64_t' => success ((<class 'pybindgen.typehandlers.inttype.LongLongReturn'>, None, <pybindgen.typehandlers.ctypeparser.TypeTraits object at 0x7f0ddaa22810>))
DEBUG:pybindgen.typehandlers:TypeMatcher.lookup('int64_t')
DEBUG:pybindgen.typehandlers:try to lookup type handler for 'int64_t' => success ((<class 'pybindgen.typehandlers.inttype.LongLongReturn'>, None, <pybindgen.typehandlers.ctypeparser.TypeTraits object at 0x7f0ddaa22c50>))
DEBUG:pybindgen.typehandlers:TypeMatcher.lookup('double')
DEBUG:pybindgen.typehandlers:try to lookup type handler for 'double' => success ((<class 'pybindgen.typehandlers.doubletype.DoubleReturn'>, None, <pybindgen.typehandlers.ctypeparser.TypeTraits object at 0x7f0dda92a0d0>))
DEBUG:pybindgen.typehandlers:TypeMatcher.lookup('int64_t')
DEBUG:pybindgen.typehandlers:try to lookup type handler for 'int64_t' => success ((<class 'pybindgen.typehandlers.inttype.LongLongReturn'>, None, <pybindgen.typehandlers.ctypeparser.TypeTraits object at 0x7f0dda92a550>))
DEBUG:pybindgen.typehandlers:TypeMatcher.lookup('int64_t')
DEBUG:pybindgen.typehandlers:try to lookup type handler for 'int64_t' => success ((<class 'pybindgen.typehandlers.inttype.LongLongReturn'>, None, <pybindgen.typehandlers.ctypeparser.TypeTraits object at 0x7f0dda92a990>))
DEBUG:pybindgen.typehandlers:TypeMatcher.lookup('ns3::Time::Unit')
DEBUG:pybindgen.typehandlers:try to lookup type handler for 'ns3::Time::Unit' => success ((<class 'pybindgen.enum.ThisEnumReturn'>, None, <pybindgen.typehandlers.ctypeparser.TypeTraits object at 0x7f0dda92add0>))
DEBUG:pybindgen.typehandlers:TypeMatcher.lookup('double')
DEBUG:pybindgen.typehandlers:try to lookup type handler for 'double' => success ((<class 'pybindgen.typehandlers.doubletype.DoubleReturn'>, None, <pybindgen.typehandlers.ctypeparser.TypeTraits object at 0x7f0dda933250>))
DEBUG:pybindgen.typehandlers:TypeMatcher.lookup('int64_t')
DEBUG:pybindgen.typehandlers:try to lookup type handler for 'int64_t' => success ((<class 'pybindgen.typehandlers.inttype.LongLongReturn'>, None, <pybindgen.typehandlers.ctypeparser.TypeTraits object at 0x7f0dda933710>))
DEBUG:pybindgen.typehandlers:TypeMatcher.lookup('double')
DEBUG:pybindgen.typehandlers:try to lookup type handler for 'double' => success ((<class 'pybindgen.typehandlers.doubletype.DoubleReturn'>, None, <pybindgen.typehandlers.ctypeparser.TypeTraits object at 0x7f0dda933b90>))
DEBUG:pybindgen.typehandlers:TypeMatcher.lookup('bool')
DEBUG:pybindgen.typehandlers:try to lookup type handler for 'bool' => success ((<class 'pybindgen.typehandlers.booltype.BoolReturn'>, None, <pybindgen.typehandlers.ctypeparser.TypeTraits object at 0x7f0dda93c050>))
DEBUG:pybindgen.typehandlers:TypeMatcher.lookup('bool')
DEBUG:pybindgen.typehandlers:try to lookup type handler for 'bool' => success ((<class 'pybindgen.typehandlers.booltype.BoolReturn'>, None, <pybindgen.typehandlers.ctypeparser.TypeTraits object at 0x7f0dda93c4d0>))
DEBUG:pybindgen.typehandlers:TypeMatcher.lookup('bool')
DEBUG:pybindgen.typehandlers:try to lookup type handler for 'bool' => success ((<class 'pybindgen.typehandlers.booltype.BoolReturn'>, None, <pybindgen.typehandlers.ctypeparser.TypeTraits object at 0x7f0dda93c950>))
DEBUG:pybindgen.typehandlers:TypeMatcher.lookup('bool')
DEBUG:pybindgen.typehandlers:try to lookup type handler for 'bool' => success ((<class 'pybindgen.typehandlers.booltype.BoolReturn'>, None, <pybindgen.typehandlers.ctypeparser.TypeTraits object at 0x7f0dda93cd90>))
DEBUG:pybindgen.typehandlers:TypeMatcher.lookup('bool')
DEBUG:pybindgen.typehandlers:try to lookup type handler for 'bool' => success ((<class 'pybindgen.typehandlers.booltype.BoolReturn'>, None, <pybindgen.typehandlers.ctypeparser.TypeTraits object at 0x7f0dda944210>))
DEBUG:pybindgen.typehandlers:TypeMatcher.lookup('ns3::Time')
DEBUG:pybindgen.typehandlers:try to lookup type handler for 'ns3::Time' => success ((<class 'pybindgen.cppclass.ThisClassReturn'>, None, <pybindgen.typehandlers.ctypeparser.TypeTraits object at 0x7f0dda944690>))
DEBUG:pybindgen.typehandlers:TypeMatcher.lookup('ns3::Time')
DEBUG:pybindgen.typehandlers:try to lookup type handler for 'ns3::Time' => success ((<class 'pybindgen.cppclass.ThisClassReturn'>, None, <pybindgen.typehandlers.ctypeparser.TypeTraits object at 0x7f0dda944ad0>))
DEBUG:pybindgen.typehandlers:TypeMatcher.lookup('void')
DEBUG:pybindgen.typehandlers:try to lookup type handler for 'void' => success ((<class 'pybindgen.typehandlers.voidtype.VoidReturn'>, None, <pybindgen.typehandlers.ctypeparser.TypeTraits object at 0x7f0dda944f10>))
DEBUG:pybindgen.typehandlers:TypeMatcher.lookup('ns3::Time::Unit')
DEBUG:pybindgen.typehandlers:try to lookup type handler for 'ns3::Time::Unit' => success ((<class 'pybindgen.enum.ThisEnumParameter'>, None, <pybindgen.typehandlers.ctypeparser.TypeTraits object at 0x7f0dda94c090>))
DEBUG:pybindgen.typehandlers:TypeMatcher.lookup('bool')
DEBUG:pybindgen.typehandlers:try to lookup type handler for 'bool' => success ((<class 'pybindgen.typehandlers.booltype.BoolReturn'>, None, <pybindgen.typehandlers.ctypeparser.TypeTraits object at 0x7f0dda94c490>))
DEBUG:pybindgen.typehandlers:TypeMatcher.lookup('ns3::int64x64_t')
DEBUG:pybindgen.typehandlers:try to lookup type handler for 'ns3::int64x64_t' => success ((<class 'pybindgen.cppclass.ThisClassReturn'>, None, <pybindgen.typehandlers.ctypeparser.TypeTraits object at 0x7f0dda94c910>))
DEBUG:pybindgen.typehandlers:TypeMatcher.lookup('ns3::Time::Unit')
DEBUG:pybindgen.typehandlers:try to lookup type handler for 'ns3::Time::Unit' => success ((<class 'pybindgen.enum.ThisEnumParameter'>, None, <pybindgen.typehandlers.ctypeparser.TypeTraits object at 0x7f0dda94ca50>))
DEBUG:pybindgen.typehandlers:TypeMatcher.lookup('double')
DEBUG:pybindgen.typehandlers:try to lookup type handler for 'double' => success ((<class 'pybindgen.typehandlers.doubletype.DoubleReturn'>, None, <pybindgen.typehandlers.ctypeparser.TypeTraits object at 0x7f0dda94ce50>))
DEBUG:pybindgen.typehandlers:TypeMatcher.lookup('ns3::Time::Unit')
DEBUG:pybindgen.typehandlers:try to lookup type handler for 'ns3::Time::Unit' => success ((<class 'pybindgen.enum.ThisEnumParameter'>, None, <pybindgen.typehandlers.ctypeparser.TypeTraits object at 0x7f0dda94cf90>))
DEBUG:pybindgen.typehandlers:TypeMatcher.lookup('int64_t')
DEBUG:pybindgen.typehandlers:try to lookup type handler for 'int64_t' => success ((<class 'pybindgen.typehandlers.inttype.LongLongReturn'>, None, <pybindgen.typehandlers.ctypeparser.TypeTraits object at 0x7f0dda954410>))
DEBUG:pybindgen.typehandlers:TypeMatcher.lookup('ns3::Time::Unit')
DEBUG:pybindgen.typehandlers:try to lookup type handler for 'ns3::Time::Unit' => success ((<class 'pybindgen.enum.ThisEnumParameter'>, None, <pybindgen.typehandlers.ctypeparser.TypeTraits object at 0x7f0dda954550>))
DEBUG:pybindgen.typehandlers:TypeMatcher.lookup('ns3::TraceSourceAccessor const &')
DEBUG:pybindgen.typehandlers:try to lookup type handler for 'ns3::TraceSourceAccessor const &' => success ((<class 'pybindgen.cppclass.ThisClassRefParameter'>, None, <pybindgen.typehandlers.ctypeparser.TypeTraits object at 0x7f0dda9549d0>))
DEBUG:pybindgen.typehandlers:TypeMatcher.lookup('bool')
DEBUG:pybindgen.typehandlers:try to lookup type handler for 'bool' => success ((<class 'pybindgen.typehandlers.booltype.BoolReturn'>, None, <pybindgen.typehandlers.ctypeparser.TypeTraits object at 0x7f0dda95c150>))
DEBUG:pybindgen.typehandlers:TypeMatcher.lookup('ns3::ObjectBase *')
DEBUG:pybindgen.typehandlers:try to lookup type handler for 'ns3::ObjectBase *' => success ((<class 'pybindgen.cppclass.ThisClassPtrParameter'>, None, <pybindgen.typehandlers.ctypeparser.TypeTraits object at 0x7f0dda95c290>))
DEBUG:pybindgen.typehandlers:TypeMatcher.lookup('std::string')
DEBUG:pybindgen.typehandlers:try to lookup type handler for 'std::string' => success ((<class 'pybindgen.typehandlers.stringtype.StdStringParam'>, None, <pybindgen.typehandlers.ctypeparser.TypeTraits object at 0x7f0dda95c3d0>))
DEBUG:pybindgen.typehandlers:TypeMatcher.lookup('ns3::CallbackBase const &')
DEBUG:pybindgen.typehandlers:try to lookup type handler for 'ns3::CallbackBase const &' => success ((<class 'pybindgen.cppclass.ThisClassRefParameter'>, None, <pybindgen.typehandlers.ctypeparser.TypeTraits object at 0x7f0dda95c4d0>))
DEBUG:pybindgen.typehandlers:TypeMatcher.lookup('bool')
DEBUG:pybindgen.typehandlers:try to lookup type handler for 'bool' => success ((<class 'pybindgen.typehandlers.booltype.BoolReturn'>, None, <pybindgen.typehandlers.ctypeparser.TypeTraits object at 0x7f0dda95c990>))
DEBUG:pybindgen.typehandlers:TypeMatcher.lookup('ns3::ObjectBase *')
DEBUG:pybindgen.typehandlers:try to lookup type handler for 'ns3::ObjectBase *' => success ((<class 'pybindgen.cppclass.ThisClassPtrParameter'>, None, <pybindgen.typehandlers.ctypeparser.TypeTraits object at 0x7f0dda95cad0>))
DEBUG:pybindgen.typehandlers:TypeMatcher.lookup('ns3::CallbackBase const &')
DEBUG:pybindgen.typehandlers:try to lookup type handler for 'ns3::CallbackBase const &' => success ((<class 'pybindgen.cppclass.ThisClassRefParameter'>, None, <pybindgen.typehandlers.ctypeparser.TypeTraits object at 0x7f0dda95cc10>))
DEBUG:pybindgen.typehandlers:TypeMatcher.lookup('bool')
DEBUG:pybindgen.typehandlers:try to lookup type handler for 'bool' => success ((<class 'pybindgen.typehandlers.booltype.BoolReturn'>, None, <pybindgen.typehandlers.ctypeparser.TypeTraits object at 0x7f0dda8e3110>))
DEBUG:pybindgen.typehandlers:TypeMatcher.lookup('ns3::ObjectBase *')
DEBUG:pybindgen.typehandlers:try to lookup type handler for 'ns3::ObjectBase *' => success ((<class 'pybindgen.cppclass.ThisClassPtrParameter'>, None, <pybindgen.typehandlers.ctypeparser.TypeTraits object at 0x7f0dda8e3250>))
DEBUG:pybindgen.typehandlers:TypeMatcher.lookup('std::string')
DEBUG:pybindgen.typehandlers:try to lookup type handler for 'std::string' => success ((<class 'pybindgen.typehandlers.stringtype.StdStringParam'>, None, <pybindgen.typehandlers.ctypeparser.TypeTraits object at 0x7f0dda8e3390>))
DEBUG:pybindgen.typehandlers:TypeMatcher.lookup('ns3::CallbackBase const &')
DEBUG:pybindgen.typehandlers:try to lookup type handler for 'ns3::CallbackBase const &' => success ((<class 'pybindgen.cppclass.ThisClassRefParameter'>, None, <pybindgen.typehandlers.ctypeparser.TypeTraits object at 0x7f0dda8e3490>))
DEBUG:pybindgen.typehandlers:TypeMatcher.lookup('bool')
DEBUG:pybindgen.typehandlers:try to lookup type handler for 'bool' => success ((<class 'pybindgen.typehandlers.booltype.BoolReturn'>, None, <pybindgen.typehandlers.ctypeparser.TypeTraits object at 0x7f0dda8e3950>))
DEBUG:pybindgen.typehandlers:TypeMatcher.lookup('ns3::ObjectBase *')
DEBUG:pybindgen.typehandlers:try to lookup type handler for 'ns3::ObjectBase *' => success ((<class 'pybindgen.cppclass.ThisClassPtrParameter'>, None, <pybindgen.typehandlers.ctypeparser.TypeTraits object at 0x7f0dda8e3a90>))
DEBUG:pybindgen.typehandlers:TypeMatcher.lookup('ns3::CallbackBase const &')
DEBUG:pybindgen.typehandlers:try to lookup type handler for 'ns3::CallbackBase const &' => success ((<class 'pybindgen.cppclass.ThisClassRefParameter'>, None, <pybindgen.typehandlers.ctypeparser.TypeTraits object at 0x7f0dda8e3bd0>))
DEBUG:pybindgen.typehandlers:TypeMatcher.lookup('ns3::TypeId')
DEBUG:pybindgen.typehandlers:try to lookup type handler for 'ns3::TypeId' => success ((<class 'pybindgen.cppclass.ThisClassReturn'>, None, <pybindgen.typehandlers.ctypeparser.TypeTraits object at 0x7f0dda8eb0d0>))
DEBUG:pybindgen.typehandlers:TypeMatcher.lookup('double')
DEBUG:pybindgen.typehandlers:try to lookup type handler for 'double' => success ((<class 'pybindgen.typehandlers.doubletype.DoubleReturn'>, None, <pybindgen.typehandlers.ctypeparser.TypeTraits object at 0x7f0dda8eb810>))
DEBUG:pybindgen.typehandlers:TypeMatcher.lookup('double')
DEBUG:pybindgen.typehandlers:try to lookup type handler for 'double' => success ((<class 'pybindgen.typehandlers.doubletype.DoubleReturn'>, None, <pybindgen.typehandlers.ctypeparser.TypeTraits object at 0x7f0dda8ebc50>))
DEBUG:pybindgen.typehandlers:TypeMatcher.lookup('double')
DEBUG:pybindgen.typehandlers:try to lookup type handler for 'double' => success ((<class 'pybindgen.typehandlers.doubletype.DoubleReturn'>, None, <pybindgen.typehandlers.ctypeparser.TypeTraits object at 0x7f0dda8f50d0>))
DEBUG:pybindgen.typehandlers:TypeMatcher.lookup('double')
DEBUG:pybindgen.typehandlers:try to lookup type handler for 'double' => success ((<class 'pybindgen.typehandlers.doubletype.DoubleReturn'>, None, <pybindgen.typehandlers.ctypeparser.TypeTraits object at 0x7f0dda8f5510>))
DEBUG:pybindgen.typehandlers:TypeMatcher.lookup('double')
DEBUG:pybindgen.typehandlers:try to lookup type handler for 'double' => success ((<class 'pybindgen.typehandlers.doubletype.DoubleParam'>, None, <pybindgen.typehandlers.ctypeparser.TypeTraits object at 0x7f0dda8f5650>))
DEBUG:pybindgen.typehandlers:TypeMatcher.lookup('double')
DEBUG:pybindgen.typehandlers:try to lookup type handler for 'double' => success ((<class 'pybindgen.typehandlers.doubletype.DoubleParam'>, None, <pybindgen.typehandlers.ctypeparser.TypeTraits object at 0x7f0dda8f5750>))
DEBUG:pybindgen.typehandlers:TypeMatcher.lookup('double')
DEBUG:pybindgen.typehandlers:try to lookup type handler for 'double' => success ((<class 'pybindgen.typehandlers.doubletype.DoubleParam'>, None, <pybindgen.typehandlers.ctypeparser.TypeTraits object at 0x7f0dda8f5850>))
DEBUG:pybindgen.typehandlers:TypeMatcher.lookup('uint32_t')
DEBUG:pybindgen.typehandlers:try to lookup type handler for 'uint32_t' => success ((<class 'pybindgen.typehandlers.inttype.UnsignedIntReturn'>, None, <pybindgen.typehandlers.ctypeparser.TypeTraits object at 0x7f0dda8f5c50>))
DEBUG:pybindgen.typehandlers:TypeMatcher.lookup('uint32_t')
DEBUG:pybindgen.typehandlers:try to lookup type handler for 'uint32_t' => success ((<class 'pybindgen.typehandlers.inttype.UnsignedIntParam'>, None, <pybindgen.typehandlers.ctypeparser.TypeTraits object at 0x7f0dda8f5d90>))
DEBUG:pybindgen.typehandlers:TypeMatcher.lookup('uint32_t')
DEBUG:pybindgen.typehandlers:try to lookup type handler for 'uint32_t' => success ((<class 'pybindgen.typehandlers.inttype.UnsignedIntParam'>, None, <pybindgen.typehandlers.ctypeparser.TypeTraits object at 0x7f0dda8f5e90>))
DEBUG:pybindgen.typehandlers:TypeMatcher.lookup('uint32_t')
DEBUG:pybindgen.typehandlers:try to lookup type handler for 'uint32_t' => success ((<class 'pybindgen.typehandlers.inttype.UnsignedIntParam'>, None, <pybindgen.typehandlers.ctypeparser.TypeTraits object at 0x7f0dda8f5f90>))
DEBUG:pybindgen.typehandlers:TypeMatcher.lookup('double')
DEBUG:pybindgen.typehandlers:try to lookup type handler for 'double' => success ((<class 'pybindgen.typehandlers.doubletype.DoubleReturn'>, None, <pybindgen.typehandlers.ctypeparser.TypeTraits object at 0x7f0dda8fc3d0>))
DEBUG:pybindgen.typehandlers:TypeMatcher.lookup('uint32_t')
DEBUG:pybindgen.typehandlers:try to lookup type handler for 'uint32_t' => success ((<class 'pybindgen.typehandlers.inttype.UnsignedIntReturn'>, None, <pybindgen.typehandlers.ctypeparser.TypeTraits object at 0x7f0dda8fca90>))
DEBUG:pybindgen.typehandlers:TypeMatcher.lookup('ns3::TypeId')
DEBUG:pybindgen.typehandlers:try to lookup type handler for 'ns3::TypeId' => success ((<class 'pybindgen.cppclass.ThisClassReturn'>, None, <pybindgen.typehandlers.ctypeparser.TypeTraits object at 0x7f0dda905150>))
DEBUG:pybindgen.typehandlers:TypeMatcher.lookup('double')
DEBUG:pybindgen.typehandlers:try to lookup type handler for 'double' => success ((<class 'pybindgen.typehandlers.doubletype.DoubleReturn'>, None, <pybindgen.typehandlers.ctypeparser.TypeTraits object at 0x7f0dda905890>))
DEBUG:pybindgen.typehandlers:TypeMatcher.lookup('double')
DEBUG:pybindgen.typehandlers:try to lookup type handler for 'double' => success ((<class 'pybindgen.typehandlers.doubletype.DoubleReturn'>, None, <pybindgen.typehandlers.ctypeparser.TypeTraits object at 0x7f0dda905cd0>))
DEBUG:pybindgen.typehandlers:TypeMatcher.lookup('double')
DEBUG:pybindgen.typehandlers:try to lookup type handler for 'double' => success ((<class 'pybindgen.typehandlers.doubletype.DoubleReturn'>, None, <pybindgen.typehandlers.ctypeparser.TypeTraits object at 0x7f0dda90d150>))
DEBUG:pybindgen.typehandlers:TypeMatcher.lookup('double')
DEBUG:pybindgen.typehandlers:try to lookup type handler for 'double' => success ((<class 'pybindgen.typehandlers.doubletype.DoubleParam'>, None, <pybindgen.typehandlers.ctypeparser.TypeTraits object at 0x7f0dda90d290>))
DEBUG:pybindgen.typehandlers:TypeMatcher.lookup('double')
DEBUG:pybindgen.typehandlers:try to lookup type handler for 'double' => success ((<class 'pybindgen.typehandlers.doubletype.DoubleParam'>, None, <pybindgen.typehandlers.ctypeparser.TypeTraits object at 0x7f0dda90d390>))
DEBUG:pybindgen.typehandlers:TypeMatcher.lookup('uint32_t')
DEBUG:pybindgen.typehandlers:try to lookup type handler for 'uint32_t' => success ((<class 'pybindgen.typehandlers.inttype.UnsignedIntReturn'>, None, <pybindgen.typehandlers.ctypeparser.TypeTraits object at 0x7f0dda90d790>))
DEBUG:pybindgen.typehandlers:TypeMatcher.lookup('uint32_t')
DEBUG:pybindgen.typehandlers:try to lookup type handler for 'uint32_t' => success ((<class 'pybindgen.typehandlers.inttype.UnsignedIntParam'>, None, <pybindgen.typehandlers.ctypeparser.TypeTraits object at 0x7f0dda90d8d0>))
DEBUG:pybindgen.typehandlers:TypeMatcher.lookup('uint32_t')
DEBUG:pybindgen.typehandlers:try to lookup type handler for 'uint32_t' => success ((<class 'pybindgen.typehandlers.inttype.UnsignedIntParam'>, None, <pybindgen.typehandlers.ctypeparser.TypeTraits object at 0x7f0dda90d9d0>))
DEBUG:pybindgen.typehandlers:TypeMatcher.lookup('double')
DEBUG:pybindgen.typehandlers:try to lookup type handler for 'double' => success ((<class 'pybindgen.typehandlers.doubletype.DoubleReturn'>, None, <pybindgen.typehandlers.ctypeparser.TypeTraits object at 0x7f0dda90ddd0>))
DEBUG:pybindgen.typehandlers:TypeMatcher.lookup('uint32_t')
DEBUG:pybindgen.typehandlers:try to lookup type handler for 'uint32_t' => success ((<class 'pybindgen.typehandlers.inttype.UnsignedIntReturn'>, None, <pybindgen.typehandlers.ctypeparser.TypeTraits object at 0x7f0dda9164d0>))
DEBUG:pybindgen.typehandlers:TypeMatcher.lookup('ns3::WallClockSynchronizer const &')
DEBUG:pybindgen.typehandlers:try to lookup type handler for 'ns3::WallClockSynchronizer const &' => success ((<class 'pybindgen.cppclass.ThisClassRefParameter'>, None, <pybindgen.typehandlers.ctypeparser.TypeTraits object at 0x7f0dda916b90>))
DEBUG:pybindgen.typehandlers:TypeMatcher.lookup('ns3::TypeId')
DEBUG:pybindgen.typehandlers:try to lookup type handler for 'ns3::TypeId' => success ((<class 'pybindgen.cppclass.ThisClassReturn'>, None, <pybindgen.typehandlers.ctypeparser.TypeTraits object at 0x7f0dda91f310>))
DEBUG:pybindgen.typehandlers:TypeMatcher.lookup('uint64_t const')
DEBUG:pybindgen.typehandlers:try to lookup type handler for 'uint64_t const' => success ((<class 'pybindgen.typehandlers.inttype.UnsignedLongLongReturn'>, None, <pybindgen.typehandlers.ctypeparser.TypeTraits object at 0x7f0dda91f6d0>))
DEBUG:pybindgen.typehandlers:TypeMatcher.lookup('uint64_t const')
DEBUG:pybindgen.typehandlers:try to lookup type handler for 'uint64_t const' => success ((<class 'pybindgen.typehandlers.inttype.UnsignedLongLongReturn'>, None, <pybindgen.typehandlers.ctypeparser.TypeTraits object at 0x7f0dda91fb10>))
DEBUG:pybindgen.typehandlers:TypeMatcher.lookup('uint64_t const')
DEBUG:pybindgen.typehandlers:try to lookup type handler for 'uint64_t const' => success ((<class 'pybindgen.typehandlers.inttype.UnsignedLongLongReturn'>, None, <pybindgen.typehandlers.ctypeparser.TypeTraits object at 0x7f0dda91ff50>))
DEBUG:pybindgen.typehandlers:TypeMatcher.lookup('uint64_t')
DEBUG:pybindgen.typehandlers:try to lookup type handler for 'uint64_t' => success ((<class 'pybindgen.typehandlers.inttype.UnsignedLongLongReturn'>, None, <pybindgen.typehandlers.ctypeparser.TypeTraits object at 0x7f0dda8a7410>))
DEBUG:pybindgen.typehandlers:TypeMatcher.lookup('void')
DEBUG:pybindgen.typehandlers:try to lookup type handler for 'void' => success ((<class 'pybindgen.typehandlers.voidtype.VoidReturn'>, None, <pybindgen.typehandlers.ctypeparser.TypeTraits object at 0x7f0dda8a7e90>))
DEBUG:pybindgen.typehandlers:TypeMatcher.lookup('uint64_t')
DEBUG:pybindgen.typehandlers:try to lookup type handler for 'uint64_t' => success ((<class 'pybindgen.typehandlers.inttype.UnsignedLongLongReturn'>, None, <pybindgen.typehandlers.ctypeparser.TypeTraits object at 0x7f0dda8b08d0>))
DEBUG:pybindgen.typehandlers:TypeMatcher.lookup('int64_t')
DEBUG:pybindgen.typehandlers:try to lookup type handler for 'int64_t' => success ((<class 'pybindgen.typehandlers.inttype.LongLongReturn'>, None, <pybindgen.typehandlers.ctypeparser.TypeTraits object at 0x7f0dda8b9310>))
DEBUG:pybindgen.typehandlers:TypeMatcher.lookup('uint64_t')
DEBUG:pybindgen.typehandlers:try to lookup type handler for 'uint64_t' => success ((<class 'pybindgen.typehandlers.inttype.UnsignedLongLongParam'>, None, <pybindgen.typehandlers.ctypeparser.TypeTraits object at 0x7f0dda8b9450>))
DEBUG:pybindgen.typehandlers:TypeMatcher.lookup('bool')
DEBUG:pybindgen.typehandlers:try to lookup type handler for 'bool' => success ((<class 'pybindgen.typehandlers.booltype.BoolReturn'>, None, <pybindgen.typehandlers.ctypeparser.TypeTraits object at 0x7f0dda8b9e10>))
DEBUG:pybindgen.typehandlers:TypeMatcher.lookup('void')
DEBUG:pybindgen.typehandlers:try to lookup type handler for 'void' => success ((<class 'pybindgen.typehandlers.voidtype.VoidReturn'>, None, <pybindgen.typehandlers.ctypeparser.TypeTraits object at 0x7f0dda8c5850>))
DEBUG:pybindgen.typehandlers:TypeMatcher.lookup('bool')
DEBUG:pybindgen.typehandlers:try to lookup type handler for 'bool' => success ((<class 'pybindgen.typehandlers.booltype.BoolParam'>, None, <pybindgen.typehandlers.ctypeparser.TypeTraits object at 0x7f0dda8c5990>))
DEBUG:pybindgen.typehandlers:TypeMatcher.lookup('void')
DEBUG:pybindgen.typehandlers:try to lookup type handler for 'void' => success ((<class 'pybindgen.typehandlers.voidtype.VoidReturn'>, None, <pybindgen.typehandlers.ctypeparser.TypeTraits object at 0x7f0dda8ce390>))
DEBUG:pybindgen.typehandlers:TypeMatcher.lookup('uint64_t')
DEBUG:pybindgen.typehandlers:try to lookup type handler for 'uint64_t' => success ((<class 'pybindgen.typehandlers.inttype.UnsignedLongLongParam'>, None, <pybindgen.typehandlers.ctypeparser.TypeTraits object at 0x7f0dda8ce4d0>))
DEBUG:pybindgen.typehandlers:TypeMatcher.lookup('void')
DEBUG:pybindgen.typehandlers:try to lookup type handler for 'void' => success ((<class 'pybindgen.typehandlers.voidtype.VoidReturn'>, None, <pybindgen.typehandlers.ctypeparser.TypeTraits object at 0x7f0dda8cee90>))
DEBUG:pybindgen.typehandlers:TypeMatcher.lookup('bool')
DEBUG:pybindgen.typehandlers:try to lookup type handler for 'bool' => success ((<class 'pybindgen.typehandlers.booltype.BoolReturn'>, None, <pybindgen.typehandlers.ctypeparser.TypeTraits object at 0x7f0dda8d68d0>))
DEBUG:pybindgen.typehandlers:TypeMatcher.lookup('uint64_t')
DEBUG:pybindgen.typehandlers:try to lookup type handler for 'uint64_t' => success ((<class 'pybindgen.typehandlers.inttype.UnsignedLongLongParam'>, None, <pybindgen.typehandlers.ctypeparser.TypeTraits object at 0x7f0dda8d6a10>))
DEBUG:pybindgen.typehandlers:TypeMatcher.lookup('uint64_t')
DEBUG:pybindgen.typehandlers:try to lookup type handler for 'uint64_t' => success ((<class 'pybindgen.typehandlers.inttype.UnsignedLongLongParam'>, None, <pybindgen.typehandlers.ctypeparser.TypeTraits object at 0x7f0dda8d6b10>))
DEBUG:pybindgen.typehandlers:TypeMatcher.lookup('uint64_t')
DEBUG:pybindgen.typehandlers:try to lookup type handler for 'uint64_t' => success ((<class 'pybindgen.typehandlers.inttype.UnsignedLongLongReturn'>, None, <pybindgen.typehandlers.ctypeparser.TypeTraits object at 0x7f0dda8de550>))
DEBUG:pybindgen.typehandlers:TypeMatcher.lookup('uint64_t')
DEBUG:pybindgen.typehandlers:try to lookup type handler for 'uint64_t' => success ((<class 'pybindgen.typehandlers.inttype.UnsignedLongLongParam'>, None, <pybindgen.typehandlers.ctypeparser.TypeTraits object at 0x7f0dda8de690>))
DEBUG:pybindgen.typehandlers:TypeMatcher.lookup('uint64_t')
DEBUG:pybindgen.typehandlers:try to lookup type handler for 'uint64_t' => success ((<class 'pybindgen.typehandlers.inttype.UnsignedLongLongParam'>, None, <pybindgen.typehandlers.ctypeparser.TypeTraits object at 0x7f0dda8de790>))
DEBUG:pybindgen.typehandlers:TypeMatcher.lookup('uint64_t')
DEBUG:pybindgen.typehandlers:try to lookup type handler for 'uint64_t' => success ((<class 'pybindgen.typehandlers.inttype.UnsignedLongLongReturn'>, None, <pybindgen.typehandlers.ctypeparser.TypeTraits object at 0x7f0dda8def50>))
DEBUG:pybindgen.typehandlers:TypeMatcher.lookup('uint64_t')
DEBUG:pybindgen.typehandlers:try to lookup type handler for 'uint64_t' => success ((<class 'pybindgen.typehandlers.inttype.UnsignedLongLongReturn'>, None, <pybindgen.typehandlers.ctypeparser.TypeTraits object at 0x7f0dda868790>))
DEBUG:pybindgen.typehandlers:TypeMatcher.lookup('void')
DEBUG:pybindgen.typehandlers:try to lookup type handler for 'void' => success ((<class 'pybindgen.typehandlers.voidtype.VoidReturn'>, None, <pybindgen.typehandlers.ctypeparser.TypeTraits object at 0x7f0dda868f90>))
DEBUG:pybindgen.typehandlers:TypeMatcher.lookup('int64_t')
DEBUG:pybindgen.typehandlers:try to lookup type handler for 'int64_t' => success ((<class 'pybindgen.typehandlers.inttype.LongLongParam'>, None, <pybindgen.typehandlers.ctypeparser.TypeTraits object at 0x7f0dda870110>))
DEBUG:pybindgen.typehandlers:TypeMatcher.lookup('timeval *')
DEBUG:pybindgen.typehandlers:try to lookup type handler for 'timeval *' => failure
'timeval *' did not match
/home/pratyu101/FlyNetSim/NetSim/ns-allinone-3.27/ns-3.27/src/core/bindings/modulegen__gcc_LP64.py:2843: Warning: exception TypeLookupError(['timeval *'],) in wrapper protected: retval? ???::NsToTimeval (params?);
  visibility='protected')
DEBUG:pybindgen.typehandlers:TypeMatcher.lookup('bool')
DEBUG:pybindgen.typehandlers:try to lookup type handler for 'bool' => success ((<class 'pybindgen.typehandlers.booltype.BoolReturn'>, None, <pybindgen.typehandlers.ctypeparser.TypeTraits object at 0x7f0dda870110>))
DEBUG:pybindgen.typehandlers:TypeMatcher.lookup('uint64_t')
DEBUG:pybindgen.typehandlers:try to lookup type handler for 'uint64_t' => success ((<class 'pybindgen.typehandlers.inttype.UnsignedLongLongParam'>, None, <pybindgen.typehandlers.ctypeparser.TypeTraits object at 0x7f0dda870350>))
DEBUG:pybindgen.typehandlers:TypeMatcher.lookup('bool')
DEBUG:pybindgen.typehandlers:try to lookup type handler for 'bool' => success ((<class 'pybindgen.typehandlers.booltype.BoolReturn'>, None, <pybindgen.typehandlers.ctypeparser.TypeTraits object at 0x7f0dda870b10>))
DEBUG:pybindgen.typehandlers:TypeMatcher.lookup('uint64_t')
DEBUG:pybindgen.typehandlers:try to lookup type handler for 'uint64_t' => success ((<class 'pybindgen.typehandlers.inttype.UnsignedLongLongParam'>, None, <pybindgen.typehandlers.ctypeparser.TypeTraits object at 0x7f0dda870c50>))
DEBUG:pybindgen.typehandlers:TypeMatcher.lookup('void')
DEBUG:pybindgen.typehandlers:try to lookup type handler for 'void' => success ((<class 'pybindgen.typehandlers.voidtype.VoidReturn'>, None, <pybindgen.typehandlers.ctypeparser.TypeTraits object at 0x7f0dda878210>))
DEBUG:pybindgen.typehandlers:TypeMatcher.lookup('timeval *')
DEBUG:pybindgen.typehandlers:try to lookup type handler for 'timeval *' => failure
'timeval *' did not match
/home/pratyu101/FlyNetSim/NetSim/ns-allinone-3.27/ns-3.27/src/core/bindings/modulegen__gcc_LP64.py:2858: Warning: exception TypeLookupError(['timeval *'],) in wrapper protected: retval? ???::TimevalAdd (params?);
  visibility='protected')
DEBUG:pybindgen.typehandlers:TypeMatcher.lookup('uint64_t')
DEBUG:pybindgen.typehandlers:try to lookup type handler for 'uint64_t' => success ((<class 'pybindgen.typehandlers.inttype.UnsignedLongLongReturn'>, None, <pybindgen.typehandlers.ctypeparser.TypeTraits object at 0x7f0dda878450>))
DEBUG:pybindgen.typehandlers:TypeMatcher.lookup('timeval *')
DEBUG:pybindgen.typehandlers:try to lookup type handler for 'timeval *' => failure
'timeval *' did not match
/home/pratyu101/FlyNetSim/NetSim/ns-allinone-3.27/ns-3.27/src/core/bindings/modulegen__gcc_LP64.py:2863: Warning: exception TypeLookupError(['timeval *'],) in wrapper protected: retval? ???::TimevalToNs (params?);
  visibility='protected')
DEBUG:pybindgen.typehandlers:TypeMatcher.lookup('ns3::TypeId')
DEBUG:pybindgen.typehandlers:try to lookup type handler for 'ns3::TypeId' => success ((<class 'pybindgen.cppclass.ThisClassReturn'>, None, <pybindgen.typehandlers.ctypeparser.TypeTraits object at 0x7f0dda878650>))
DEBUG:pybindgen.typehandlers:TypeMatcher.lookup('double')
DEBUG:pybindgen.typehandlers:try to lookup type handler for 'double' => success ((<class 'pybindgen.typehandlers.doubletype.DoubleReturn'>, None, <pybindgen.typehandlers.ctypeparser.TypeTraits object at 0x7f0dda878d90>))
DEBUG:pybindgen.typehandlers:TypeMatcher.lookup('double')
DEBUG:pybindgen.typehandlers:try to lookup type handler for 'double' => success ((<class 'pybindgen.typehandlers.doubletype.DoubleReturn'>, None, <pybindgen.typehandlers.ctypeparser.TypeTraits object at 0x7f0dda881210>))
DEBUG:pybindgen.typehandlers:TypeMatcher.lookup('double')
DEBUG:pybindgen.typehandlers:try to lookup type handler for 'double' => success ((<class 'pybindgen.typehandlers.doubletype.DoubleReturn'>, None, <pybindgen.typehandlers.ctypeparser.TypeTraits object at 0x7f0dda881650>))
DEBUG:pybindgen.typehandlers:TypeMatcher.lookup('double')
DEBUG:pybindgen.typehandlers:try to lookup type handler for 'double' => success ((<class 'pybindgen.typehandlers.doubletype.DoubleReturn'>, None, <pybindgen.typehandlers.ctypeparser.TypeTraits object at 0x7f0dda881a90>))
DEBUG:pybindgen.typehandlers:TypeMatcher.lookup('double')
DEBUG:pybindgen.typehandlers:try to lookup type handler for 'double' => success ((<class 'pybindgen.typehandlers.doubletype.DoubleParam'>, None, <pybindgen.typehandlers.ctypeparser.TypeTraits object at 0x7f0dda881bd0>))
DEBUG:pybindgen.typehandlers:TypeMatcher.lookup('double')
DEBUG:pybindgen.typehandlers:try to lookup type handler for 'double' => success ((<class 'pybindgen.typehandlers.doubletype.DoubleParam'>, None, <pybindgen.typehandlers.ctypeparser.TypeTraits object at 0x7f0dda881cd0>))
DEBUG:pybindgen.typehandlers:TypeMatcher.lookup('double')
DEBUG:pybindgen.typehandlers:try to lookup type handler for 'double' => success ((<class 'pybindgen.typehandlers.doubletype.DoubleParam'>, None, <pybindgen.typehandlers.ctypeparser.TypeTraits object at 0x7f0dda881dd0>))
DEBUG:pybindgen.typehandlers:TypeMatcher.lookup('uint32_t')
DEBUG:pybindgen.typehandlers:try to lookup type handler for 'uint32_t' => success ((<class 'pybindgen.typehandlers.inttype.UnsignedIntReturn'>, None, <pybindgen.typehandlers.ctypeparser.TypeTraits object at 0x7f0dda88a210>))
DEBUG:pybindgen.typehandlers:TypeMatcher.lookup('uint32_t')
DEBUG:pybindgen.typehandlers:try to lookup type handler for 'uint32_t' => success ((<class 'pybindgen.typehandlers.inttype.UnsignedIntParam'>, None, <pybindgen.typehandlers.ctypeparser.TypeTraits object at 0x7f0dda88a350>))
DEBUG:pybindgen.typehandlers:TypeMatcher.lookup('uint32_t')
DEBUG:pybindgen.typehandlers:try to lookup type handler for 'uint32_t' => success ((<class 'pybindgen.typehandlers.inttype.UnsignedIntParam'>, None, <pybindgen.typehandlers.ctypeparser.TypeTraits object at 0x7f0dda88a450>))
DEBUG:pybindgen.typehandlers:TypeMatcher.lookup('uint32_t')
DEBUG:pybindgen.typehandlers:try to lookup type handler for 'uint32_t' => success ((<class 'pybindgen.typehandlers.inttype.UnsignedIntParam'>, None, <pybindgen.typehandlers.ctypeparser.TypeTraits object at 0x7f0dda88a550>))
DEBUG:pybindgen.typehandlers:TypeMatcher.lookup('double')
DEBUG:pybindgen.typehandlers:try to lookup type handler for 'double' => success ((<class 'pybindgen.typehandlers.doubletype.DoubleReturn'>, None, <pybindgen.typehandlers.ctypeparser.TypeTraits object at 0x7f0dda88a950>))
DEBUG:pybindgen.typehandlers:TypeMatcher.lookup('uint32_t')
DEBUG:pybindgen.typehandlers:try to lookup type handler for 'uint32_t' => success ((<class 'pybindgen.typehandlers.inttype.UnsignedIntReturn'>, None, <pybindgen.typehandlers.ctypeparser.TypeTraits object at 0x7f0dda878250>))
DEBUG:pybindgen.typehandlers:TypeMatcher.lookup('ns3::TypeId')
DEBUG:pybindgen.typehandlers:try to lookup type handler for 'ns3::TypeId' => success ((<class 'pybindgen.cppclass.ThisClassReturn'>, None, <pybindgen.typehandlers.ctypeparser.TypeTraits object at 0x7f0dda891250>))
DEBUG:pybindgen.typehandlers:TypeMatcher.lookup('double')
DEBUG:pybindgen.typehandlers:try to lookup type handler for 'double' => success ((<class 'pybindgen.typehandlers.doubletype.DoubleReturn'>, None, <pybindgen.typehandlers.ctypeparser.TypeTraits object at 0x7f0dda891990>))
DEBUG:pybindgen.typehandlers:TypeMatcher.lookup('double')
DEBUG:pybindgen.typehandlers:try to lookup type handler for 'double' => success ((<class 'pybindgen.typehandlers.doubletype.DoubleReturn'>, None, <pybindgen.typehandlers.ctypeparser.TypeTraits object at 0x7f0dda891e10>))
DEBUG:pybindgen.typehandlers:TypeMatcher.lookup('double')
DEBUG:pybindgen.typehandlers:try to lookup type handler for 'double' => success ((<class 'pybindgen.typehandlers.doubletype.DoubleParam'>, None, <pybindgen.typehandlers.ctypeparser.TypeTraits object at 0x7f0dda891f50>))
DEBUG:pybindgen.typehandlers:TypeMatcher.lookup('uint32_t')
DEBUG:pybindgen.typehandlers:try to lookup type handler for 'uint32_t' => success ((<class 'pybindgen.typehandlers.inttype.UnsignedIntReturn'>, None, <pybindgen.typehandlers.ctypeparser.TypeTraits object at 0x7f0dda89a390>))
DEBUG:pybindgen.typehandlers:TypeMatcher.lookup('uint32_t')
DEBUG:pybindgen.typehandlers:try to lookup type handler for 'uint32_t' => success ((<class 'pybindgen.typehandlers.inttype.UnsignedIntParam'>, None, <pybindgen.typehandlers.ctypeparser.TypeTraits object at 0x7f0dda89a4d0>))
DEBUG:pybindgen.typehandlers:TypeMatcher.lookup('double')
DEBUG:pybindgen.typehandlers:try to lookup type handler for 'double' => success ((<class 'pybindgen.typehandlers.doubletype.DoubleReturn'>, None, <pybindgen.typehandlers.ctypeparser.TypeTraits object at 0x7f0dda89a8d0>))
DEBUG:pybindgen.typehandlers:TypeMatcher.lookup('uint32_t')
DEBUG:pybindgen.typehandlers:try to lookup type handler for 'uint32_t' => success ((<class 'pybindgen.typehandlers.inttype.UnsignedIntReturn'>, None, <pybindgen.typehandlers.ctypeparser.TypeTraits object at 0x7f0dda89af90>))
DEBUG:pybindgen.typehandlers:TypeMatcher.lookup('ns3::TypeId')
DEBUG:pybindgen.typehandlers:try to lookup type handler for 'ns3::TypeId' => success ((<class 'pybindgen.cppclass.ThisClassReturn'>, None, <pybindgen.typehandlers.ctypeparser.TypeTraits object at 0x7f0dda825650>))
DEBUG:pybindgen.typehandlers:TypeMatcher.lookup('uint32_t')
DEBUG:pybindgen.typehandlers:try to lookup type handler for 'uint32_t' => success ((<class 'pybindgen.typehandlers.inttype.UnsignedIntReturn'>, None, <pybindgen.typehandlers.ctypeparser.TypeTraits object at 0x7f0dda825d90>))
DEBUG:pybindgen.typehandlers:TypeMatcher.lookup('double')
DEBUG:pybindgen.typehandlers:try to lookup type handler for 'double' => success ((<class 'pybindgen.typehandlers.doubletype.DoubleReturn'>, None, <pybindgen.typehandlers.ctypeparser.TypeTraits object at 0x7f0dda82e210>))
DEBUG:pybindgen.typehandlers:TypeMatcher.lookup('double')
DEBUG:pybindgen.typehandlers:try to lookup type handler for 'double' => success ((<class 'pybindgen.typehandlers.doubletype.DoubleReturn'>, None, <pybindgen.typehandlers.ctypeparser.TypeTraits object at 0x7f0dda82e650>))
DEBUG:pybindgen.typehandlers:TypeMatcher.lookup('uint32_t')
DEBUG:pybindgen.typehandlers:try to lookup type handler for 'uint32_t' => success ((<class 'pybindgen.typehandlers.inttype.UnsignedIntParam'>, None, <pybindgen.typehandlers.ctypeparser.TypeTraits object at 0x7f0dda82e790>))
DEBUG:pybindgen.typehandlers:TypeMatcher.lookup('double')
DEBUG:pybindgen.typehandlers:try to lookup type handler for 'double' => success ((<class 'pybindgen.typehandlers.doubletype.DoubleParam'>, None, <pybindgen.typehandlers.ctypeparser.TypeTraits object at 0x7f0dda82e890>))
DEBUG:pybindgen.typehandlers:TypeMatcher.lookup('uint32_t')
DEBUG:pybindgen.typehandlers:try to lookup type handler for 'uint32_t' => success ((<class 'pybindgen.typehandlers.inttype.UnsignedIntReturn'>, None, <pybindgen.typehandlers.ctypeparser.TypeTraits object at 0x7f0dda82ec90>))
DEBUG:pybindgen.typehandlers:TypeMatcher.lookup('uint32_t')
DEBUG:pybindgen.typehandlers:try to lookup type handler for 'uint32_t' => success ((<class 'pybindgen.typehandlers.inttype.UnsignedIntParam'>, None, <pybindgen.typehandlers.ctypeparser.TypeTraits object at 0x7f0dda82edd0>))
DEBUG:pybindgen.typehandlers:TypeMatcher.lookup('uint32_t')
DEBUG:pybindgen.typehandlers:try to lookup type handler for 'uint32_t' => success ((<class 'pybindgen.typehandlers.inttype.UnsignedIntParam'>, None, <pybindgen.typehandlers.ctypeparser.TypeTraits object at 0x7f0dda82eed0>))
DEBUG:pybindgen.typehandlers:TypeMatcher.lookup('double')
DEBUG:pybindgen.typehandlers:try to lookup type handler for 'double' => success ((<class 'pybindgen.typehandlers.doubletype.DoubleReturn'>, None, <pybindgen.typehandlers.ctypeparser.TypeTraits object at 0x7f0dda835310>))
DEBUG:pybindgen.typehandlers:TypeMatcher.lookup('uint32_t')
DEBUG:pybindgen.typehandlers:try to lookup type handler for 'uint32_t' => success ((<class 'pybindgen.typehandlers.inttype.UnsignedIntReturn'>, None, <pybindgen.typehandlers.ctypeparser.TypeTraits object at 0x7f0dda8359d0>))
DEBUG:pybindgen.typehandlers:TypeMatcher.lookup('ns3::AttributeAccessor const &')
DEBUG:pybindgen.typehandlers:try to lookup type handler for 'ns3::AttributeAccessor const &' => success ((<class 'pybindgen.cppclass.ThisClassRefParameter'>, None, <pybindgen.typehandlers.ctypeparser.TypeTraits object at 0x7f0dda83f0d0>))
DEBUG:pybindgen.typehandlers:TypeMatcher.lookup('bool')
DEBUG:pybindgen.typehandlers:try to lookup type handler for 'bool' => success ((<class 'pybindgen.typehandlers.booltype.BoolReturn'>, None, <pybindgen.typehandlers.ctypeparser.TypeTraits object at 0x7f0dda83f810>))
DEBUG:pybindgen.typehandlers:TypeMatcher.lookup('ns3::ObjectBase const *')
DEBUG:pybindgen.typehandlers:try to lookup type handler for 'ns3::ObjectBase const *' => success ((<class 'pybindgen.cppclass.ThisClassPtrParameter'>, None, <pybindgen.typehandlers.ctypeparser.TypeTraits object at 0x7f0dda83f950>))
DEBUG:pybindgen.typehandlers:TypeMatcher.lookup('ns3::AttributeValue &')
DEBUG:pybindgen.typehandlers:try to lookup type handler for 'ns3::AttributeValue &' => success ((<class 'pybindgen.cppclass.ThisClassRefParameter'>, None, <pybindgen.typehandlers.ctypeparser.TypeTraits object at 0x7f0dda83fb10>))
DEBUG:pybindgen.typehandlers:TypeMatcher.lookup('bool')
DEBUG:pybindgen.typehandlers:try to lookup type handler for 'bool' => success ((<class 'pybindgen.typehandlers.booltype.BoolReturn'>, None, <pybindgen.typehandlers.ctypeparser.TypeTraits object at 0x7f0dda83ff90>))
DEBUG:pybindgen.typehandlers:TypeMatcher.lookup('bool')
DEBUG:pybindgen.typehandlers:try to lookup type handler for 'bool' => success ((<class 'pybindgen.typehandlers.booltype.BoolReturn'>, None, <pybindgen.typehandlers.ctypeparser.TypeTraits object at 0x7f0dda847410>))
DEBUG:pybindgen.typehandlers:TypeMatcher.lookup('bool')
DEBUG:pybindgen.typehandlers:try to lookup type handler for 'bool' => success ((<class 'pybindgen.typehandlers.booltype.BoolReturn'>, None, <pybindgen.typehandlers.ctypeparser.TypeTraits object at 0x7f0dda847850>))
DEBUG:pybindgen.typehandlers:TypeMatcher.lookup('ns3::ObjectBase *')
DEBUG:pybindgen.typehandlers:try to lookup type handler for 'ns3::ObjectBase *' => success ((<class 'pybindgen.cppclass.ThisClassPtrParameter'>, None, <pybindgen.typehandlers.ctypeparser.TypeTraits object at 0x7f0dda847990>))
DEBUG:pybindgen.typehandlers:TypeMatcher.lookup('ns3::AttributeValue const &')
DEBUG:pybindgen.typehandlers:try to lookup type handler for 'ns3::AttributeValue const &' => success ((<class 'pybindgen.cppclass.ThisClassRefParameter'>, None, <pybindgen.typehandlers.ctypeparser.TypeTraits object at 0x7f0dda847ad0>))
DEBUG:pybindgen.typehandlers:TypeMatcher.lookup('ns3::AttributeChecker const &')
DEBUG:pybindgen.typehandlers:try to lookup type handler for 'ns3::AttributeChecker const &' => success ((<class 'pybindgen.cppclass.ThisClassRefParameter'>, None, <pybindgen.typehandlers.ctypeparser.TypeTraits object at 0x7f0dda847fd0>))
DEBUG:pybindgen.typehandlers:TypeMatcher.lookup('bool')
DEBUG:pybindgen.typehandlers:try to lookup type handler for 'bool' => success ((<class 'pybindgen.typehandlers.booltype.BoolReturn'>, None, <pybindgen.typehandlers.ctypeparser.TypeTraits object at 0x7f0dda84f750>))
DEBUG:pybindgen.typehandlers:TypeMatcher.lookup('ns3::AttributeValue const &')
DEBUG:pybindgen.typehandlers:try to lookup type handler for 'ns3::AttributeValue const &' => success ((<class 'pybindgen.cppclass.ThisClassRefParameter'>, None, <pybindgen.typehandlers.ctypeparser.TypeTraits object at 0x7f0dda84f890>))
DEBUG:pybindgen.typehandlers:TypeMatcher.lookup('bool')
DEBUG:pybindgen.typehandlers:try to lookup type handler for 'bool' => success ((<class 'pybindgen.typehandlers.booltype.BoolReturn'>, None, <pybindgen.typehandlers.ctypeparser.TypeTraits object at 0x7f0dda84fd50>))
DEBUG:pybindgen.typehandlers:TypeMatcher.lookup('ns3::AttributeValue const &')
DEBUG:pybindgen.typehandlers:try to lookup type handler for 'ns3::AttributeValue const &' => success ((<class 'pybindgen.cppclass.ThisClassRefParameter'>, None, <pybindgen.typehandlers.ctypeparser.TypeTraits object at 0x7f0dda84fe90>))
DEBUG:pybindgen.typehandlers:TypeMatcher.lookup('ns3::AttributeValue &')
DEBUG:pybindgen.typehandlers:try to lookup type handler for 'ns3::AttributeValue &' => success ((<class 'pybindgen.cppclass.ThisClassRefParameter'>, None, <pybindgen.typehandlers.ctypeparser.TypeTraits object at 0x7f0dda858090>))
DEBUG:pybindgen.typehandlers:TypeMatcher.lookup('ns3::Ptr< ns3::AttributeValue >')
DEBUG:pybindgen.typehandlers:try to lookup type handler for 'ns3::Ptr< ns3::AttributeValue >' => failure
DEBUG:pybindgen.typehandlers:try to lookup type handler for 'ns3::AttributeValue *' => success ((<class 'pybindgen.cppclass.ThisClassPtrReturn'>, <ns3modulegen_core_customizations.SmartPointerTransformation object at 0x7f0ddb24d5d0>, <pybindgen.typehandlers.ctypeparser.TypeTraits object at 0x7f0dda8586d0>))
DEBUG:pybindgen.typehandlers:TypeMatcher.lookup('ns3::Ptr< ns3::AttributeValue >')
DEBUG:pybindgen.typehandlers:try to lookup type handler for 'ns3::Ptr< ns3::AttributeValue >' => failure
DEBUG:pybindgen.typehandlers:try to lookup type handler for 'ns3::AttributeValue *' => success ((<class 'pybindgen.cppclass.ThisClassPtrReturn'>, <ns3modulegen_core_customizations.SmartPointerTransformation object at 0x7f0ddb24d5d0>, <pybindgen.typehandlers.ctypeparser.TypeTraits object at 0x7f0dda858bd0>))
DEBUG:pybindgen.typehandlers:TypeMatcher.lookup('ns3::AttributeValue const &')
DEBUG:pybindgen.typehandlers:try to lookup type handler for 'ns3::AttributeValue const &' => success ((<class 'pybindgen.cppclass.ThisClassRefParameter'>, None, <pybindgen.typehandlers.ctypeparser.TypeTraits object at 0x7f0dda858c50>))
DEBUG:pybindgen.typehandlers:TypeMatcher.lookup('std::string')
DEBUG:pybindgen.typehandlers:try to lookup type handler for 'std::string' => success ((<class 'pybindgen.typehandlers.stringtype.StdStringReturn'>, None, <pybindgen.typehandlers.ctypeparser.TypeTraits object at 0x7f0dda85f110>))
DEBUG:pybindgen.typehandlers:TypeMatcher.lookup('std::string')
DEBUG:pybindgen.typehandlers:try to lookup type handler for 'std::string' => success ((<class 'pybindgen.typehandlers.stringtype.StdStringReturn'>, None, <pybindgen.typehandlers.ctypeparser.TypeTraits object at 0x7f0dda85f550>))
DEBUG:pybindgen.typehandlers:TypeMatcher.lookup('bool')
DEBUG:pybindgen.typehandlers:try to lookup type handler for 'bool' => success ((<class 'pybindgen.typehandlers.booltype.BoolReturn'>, None, <pybindgen.typehandlers.ctypeparser.TypeTraits object at 0x7f0dda85f990>))
DEBUG:pybindgen.typehandlers:TypeMatcher.lookup('ns3::AttributeValue const &')
DEBUG:pybindgen.typehandlers:try to lookup type handler for 'ns3::AttributeValue const &' => success ((<class 'pybindgen.cppclass.ThisClassRefParameter'>, None, <pybindgen.typehandlers.ctypeparser.TypeTraits object at 0x7f0dda85fe10>))
DEBUG:pybindgen.typehandlers:TypeMatcher.lookup('ns3::Ptr< ns3::AttributeValue >')
DEBUG:pybindgen.typehandlers:try to lookup type handler for 'ns3::Ptr< ns3::AttributeValue >' => failure
DEBUG:pybindgen.typehandlers:try to lookup type handler for 'ns3::AttributeValue *' => success ((<class 'pybindgen.cppclass.ThisClassPtrReturn'>, <ns3modulegen_core_customizations.SmartPointerTransformation object at 0x7f0ddb24d5d0>, <pybindgen.typehandlers.ctypeparser.TypeTraits object at 0x7f0dda7e7750>))
DEBUG:pybindgen.typehandlers:TypeMatcher.lookup('bool')
DEBUG:pybindgen.typehandlers:try to lookup type handler for 'bool' => success ((<class 'pybindgen.typehandlers.booltype.BoolReturn'>, None, <pybindgen.typehandlers.ctypeparser.TypeTraits object at 0x7f0dda7e7a90>))
DEBUG:pybindgen.typehandlers:TypeMatcher.lookup('std::string')
DEBUG:pybindgen.typehandlers:try to lookup type handler for 'std::string' => success ((<class 'pybindgen.typehandlers.stringtype.StdStringParam'>, None, <pybindgen.typehandlers.ctypeparser.TypeTraits object at 0x7f0dda7e7bd0>))
DEBUG:pybindgen.typehandlers:TypeMatcher.lookup('ns3::Ptr< ns3::AttributeChecker const >')
DEBUG:pybindgen.typehandlers:try to lookup type handler for 'ns3::Ptr< ns3::AttributeChecker const >' => failure
DEBUG:pybindgen.typehandlers:try to lookup type handler for 'ns3::AttributeChecker *' => success ((<class 'pybindgen.cppclass.ThisClassPtrParameter'>, <ns3modulegen_core_customizations.SmartPointerTransformation object at 0x7f0ddb24d5d0>, <pybindgen.typehandlers.ctypeparser.TypeTraits object at 0x7f0dda7e7f10>))
DEBUG:pybindgen.typehandlers:TypeMatcher.lookup('std::string')
DEBUG:pybindgen.typehandlers:try to lookup type handler for 'std::string' => success ((<class 'pybindgen.typehandlers.stringtype.StdStringReturn'>, None, <pybindgen.typehandlers.ctypeparser.TypeTraits object at 0x7f0dda7ef250>))
DEBUG:pybindgen.typehandlers:TypeMatcher.lookup('ns3::Ptr< ns3::AttributeChecker const >')
DEBUG:pybindgen.typehandlers:try to lookup type handler for 'ns3::Ptr< ns3::AttributeChecker const >' => failure
DEBUG:pybindgen.typehandlers:try to lookup type handler for 'ns3::AttributeChecker *' => success ((<class 'pybindgen.cppclass.ThisClassPtrParameter'>, <ns3modulegen_core_customizations.SmartPointerTransformation object at 0x7f0ddb24d5d0>, <pybindgen.typehandlers.ctypeparser.TypeTraits object at 0x7f0dda7ef5d0>))
DEBUG:pybindgen.typehandlers:TypeMatcher.lookup('ns3::BooleanChecker const &')
DEBUG:pybindgen.typehandlers:try to lookup type handler for 'ns3::BooleanChecker const &' => success ((<class 'pybindgen.cppclass.ThisClassRefParameter'>, None, <pybindgen.typehandlers.ctypeparser.TypeTraits object at 0x7f0dda7efc10>))
DEBUG:pybindgen.typehandlers:TypeMatcher.lookup('ns3::BooleanValue const &')
DEBUG:pybindgen.typehandlers:try to lookup type handler for 'ns3::BooleanValue const &' => success ((<class 'pybindgen.cppclass.ThisClassRefParameter'>, None, <pybindgen.typehandlers.ctypeparser.TypeTraits object at 0x7f0dda7f80d0>))
DEBUG:pybindgen.typehandlers:TypeMatcher.lookup('bool')
DEBUG:pybindgen.typehandlers:try to lookup type handler for 'bool' => success ((<class 'pybindgen.typehandlers.booltype.BoolParam'>, None, <pybindgen.typehandlers.ctypeparser.TypeTraits object at 0x7f0dda7f8850>))
DEBUG:pybindgen.typehandlers:TypeMatcher.lookup('ns3::Ptr< ns3::AttributeValue >')
DEBUG:pybindgen.typehandlers:try to lookup type handler for 'ns3::Ptr< ns3::AttributeValue >' => failure
DEBUG:pybindgen.typehandlers:try to lookup type handler for 'ns3::AttributeValue *' => success ((<class 'pybindgen.cppclass.ThisClassPtrReturn'>, <ns3modulegen_core_customizations.SmartPointerTransformation object at 0x7f0ddb24d5d0>, <pybindgen.typehandlers.ctypeparser.TypeTraits object at 0x7f0dda7f8d90>))
DEBUG:pybindgen.typehandlers:TypeMatcher.lookup('bool')
DEBUG:pybindgen.typehandlers:try to lookup type handler for 'bool' => success ((<class 'pybindgen.typehandlers.booltype.BoolReturn'>, None, <pybindgen.typehandlers.ctypeparser.TypeTraits object at 0x7f0dda801110>))
DEBUG:pybindgen.typehandlers:TypeMatcher.lookup('std::string')
DEBUG:pybindgen.typehandlers:try to lookup type handler for 'std::string' => success ((<class 'pybindgen.typehandlers.stringtype.StdStringParam'>, None, <pybindgen.typehandlers.ctypeparser.TypeTraits object at 0x7f0dda801250>))
DEBUG:pybindgen.typehandlers:TypeMatcher.lookup('ns3::Ptr< ns3::AttributeChecker const >')
DEBUG:pybindgen.typehandlers:try to lookup type handler for 'ns3::Ptr< ns3::AttributeChecker const >' => failure
DEBUG:pybindgen.typehandlers:try to lookup type handler for 'ns3::AttributeChecker *' => success ((<class 'pybindgen.cppclass.ThisClassPtrParameter'>, <ns3modulegen_core_customizations.SmartPointerTransformation object at 0x7f0ddb24d5d0>, <pybindgen.typehandlers.ctypeparser.TypeTraits object at 0x7f0dda801590>))
DEBUG:pybindgen.typehandlers:TypeMatcher.lookup('bool')
DEBUG:pybindgen.typehandlers:try to lookup type handler for 'bool' => success ((<class 'pybindgen.typehandlers.booltype.BoolReturn'>, None, <pybindgen.typehandlers.ctypeparser.TypeTraits object at 0x7f0dda801890>))
DEBUG:pybindgen.typehandlers:TypeMatcher.lookup('std::string')
DEBUG:pybindgen.typehandlers:try to lookup type handler for 'std::string' => success ((<class 'pybindgen.typehandlers.stringtype.StdStringReturn'>, None, <pybindgen.typehandlers.ctypeparser.TypeTraits object at 0x7f0dda801d10>))
DEBUG:pybindgen.typehandlers:TypeMatcher.lookup('ns3::Ptr< ns3::AttributeChecker const >')
DEBUG:pybindgen.typehandlers:try to lookup type handler for 'ns3::Ptr< ns3::AttributeChecker const >' => failure
DEBUG:pybindgen.typehandlers:try to lookup type handler for 'ns3::AttributeChecker *' => success ((<class 'pybindgen.cppclass.ThisClassPtrParameter'>, <ns3modulegen_core_customizations.SmartPointerTransformation object at 0x7f0ddb24d5d0>, <pybindgen.typehandlers.ctypeparser.TypeTraits object at 0x7f0dda80a0d0>))
DEBUG:pybindgen.typehandlers:TypeMatcher.lookup('void')
DEBUG:pybindgen.typehandlers:try to lookup type handler for 'void' => success ((<class 'pybindgen.typehandlers.voidtype.VoidReturn'>, None, <pybindgen.typehandlers.ctypeparser.TypeTraits object at 0x7f0dda80a410>))
DEBUG:pybindgen.typehandlers:TypeMatcher.lookup('bool')
DEBUG:pybindgen.typehandlers:try to lookup type handler for 'bool' => success ((<class 'pybindgen.typehandlers.booltype.BoolParam'>, None, <pybindgen.typehandlers.ctypeparser.TypeTraits object at 0x7f0dda80a550>))
DEBUG:pybindgen.typehandlers:TypeMatcher.lookup('ns3::CalendarScheduler const &')
DEBUG:pybindgen.typehandlers:try to lookup type handler for 'ns3::CalendarScheduler const &' => success ((<class 'pybindgen.cppclass.ThisClassRefParameter'>, None, <pybindgen.typehandlers.ctypeparser.TypeTraits object at 0x7f0dda80a9d0>))
DEBUG:pybindgen.typehandlers:TypeMatcher.lookup('ns3::TypeId')
DEBUG:pybindgen.typehandlers:try to lookup type handler for 'ns3::TypeId' => success ((<class 'pybindgen.cppclass.ThisClassReturn'>, None, <pybindgen.typehandlers.ctypeparser.TypeTraits object at 0x7f0dda811150>))
DEBUG:pybindgen.typehandlers:TypeMatcher.lookup('void')
DEBUG:pybindgen.typehandlers:try to lookup type handler for 'void' => success ((<class 'pybindgen.typehandlers.voidtype.VoidReturn'>, None, <pybindgen.typehandlers.ctypeparser.TypeTraits object at 0x7f0dda811590>))
DEBUG:pybindgen.typehandlers:TypeMatcher.lookup('ns3::Scheduler::Event const &')
DEBUG:pybindgen.typehandlers:try to lookup type handler for 'ns3::Scheduler::Event const &' => success ((<class 'pybindgen.cppclass.ThisClassRefParameter'>, None, <pybindgen.typehandlers.ctypeparser.TypeTraits object at 0x7f0dda8116d0>))
DEBUG:pybindgen.typehandlers:TypeMatcher.lookup('bool')
DEBUG:pybindgen.typehandlers:try to lookup type handler for 'bool' => success ((<class 'pybindgen.typehandlers.booltype.BoolReturn'>, None, <pybindgen.typehandlers.ctypeparser.TypeTraits object at 0x7f0dda811e50>))
DEBUG:pybindgen.typehandlers:TypeMatcher.lookup('ns3::Scheduler::Event')
DEBUG:pybindgen.typehandlers:try to lookup type handler for 'ns3::Scheduler::Event' => success ((<class 'pybindgen.cppclass.ThisClassReturn'>, None, <pybindgen.typehandlers.ctypeparser.TypeTraits object at 0x7f0dda81c550>))
DEBUG:pybindgen.typehandlers:TypeMatcher.lookup('void')
DEBUG:pybindgen.typehandlers:try to lookup type handler for 'void' => success ((<class 'pybindgen.typehandlers.voidtype.VoidReturn'>, None, <pybindgen.typehandlers.ctypeparser.TypeTraits object at 0x7f0dda81cc50>))
DEBUG:pybindgen.typehandlers:TypeMatcher.lookup('ns3::Scheduler::Event const &')
DEBUG:pybindgen.typehandlers:try to lookup type handler for 'ns3::Scheduler::Event const &' => success ((<class 'pybindgen.cppclass.ThisClassRefParameter'>, None, <pybindgen.typehandlers.ctypeparser.TypeTraits object at 0x7f0dda81cd90>))
DEBUG:pybindgen.typehandlers:TypeMatcher.lookup('ns3::Scheduler::Event')
DEBUG:pybindgen.typehandlers:try to lookup type handler for 'ns3::Scheduler::Event' => success ((<class 'pybindgen.cppclass.ThisClassReturn'>, None, <pybindgen.typehandlers.ctypeparser.TypeTraits object at 0x7f0dda7a5510>))
DEBUG:pybindgen.typehandlers:TypeMatcher.lookup('ns3::CallbackChecker const &')
DEBUG:pybindgen.typehandlers:try to lookup type handler for 'ns3::CallbackChecker const &' => success ((<class 'pybindgen.cppclass.ThisClassRefParameter'>, None, <pybindgen.typehandlers.ctypeparser.TypeTraits object at 0x7f0dda7a5f50>))
DEBUG:pybindgen.typehandlers:TypeMatcher.lookup('ns3::CallbackImplBase const &')
DEBUG:pybindgen.typehandlers:try to lookup type handler for 'ns3::CallbackImplBase const &' => success ((<class 'pybindgen.cppclass.ThisClassRefParameter'>, None, <pybindgen.typehandlers.ctypeparser.TypeTraits object at 0x7f0dda7ac710>))
DEBUG:pybindgen.typehandlers:TypeMatcher.lookup('std::string')
DEBUG:pybindgen.typehandlers:try to lookup type handler for 'std::string' => success ((<class 'pybindgen.typehandlers.stringtype.StdStringReturn'>, None, <pybindgen.typehandlers.ctypeparser.TypeTraits object at 0x7f0dda7acb50>))
DEBUG:pybindgen.typehandlers:TypeMatcher.lookup('bool')
DEBUG:pybindgen.typehandlers:try to lookup type handler for 'bool' => success ((<class 'pybindgen.typehandlers.booltype.BoolReturn'>, None, <pybindgen.typehandlers.ctypeparser.TypeTraits object at 0x7f0dda7acf90>))
DEBUG:pybindgen.typehandlers:TypeMatcher.lookup('ns3::Ptr< ns3::CallbackImplBase const >')
DEBUG:pybindgen.typehandlers:try to lookup type handler for 'ns3::Ptr< ns3::CallbackImplBase const >' => failure
DEBUG:pybindgen.typehandlers:try to lookup type handler for 'ns3::CallbackImplBase *' => success ((<class 'pybindgen.cppclass.ThisClassPtrParameter'>, <ns3modulegen_core_customizations.SmartPointerTransformation object at 0x7f0ddb24d5d0>, <pybindgen.typehandlers.ctypeparser.TypeTraits object at 0x7f0dda7b5350>))
DEBUG:pybindgen.typehandlers:TypeMatcher.lookup('std::string')
DEBUG:pybindgen.typehandlers:try to lookup type handler for 'std::string' => success ((<class 'pybindgen.typehandlers.stringtype.StdStringReturn'>, None, <pybindgen.typehandlers.ctypeparser.TypeTraits object at 0x7f0dda7b5650>))
DEBUG:pybindgen.typehandlers:TypeMatcher.lookup('std::string const &')
DEBUG:pybindgen.typehandlers:try to lookup type handler for 'std::string const &' => success ((<class 'pybindgen.typehandlers.stringtype.StdStringRefParam'>, None, <pybindgen.typehandlers.ctypeparser.TypeTraits object at 0x7f0dda7b5790>))
DEBUG:pybindgen.typehandlers:TypeMatcher.lookup('std::string')
DEBUG:pybindgen.typehandlers:try to lookup type handler for 'std::string' => success ((<class 'pybindgen.typehandlers.stringtype.StdStringReturn'>, None, <pybindgen.typehandlers.ctypeparser.TypeTraits object at 0x7f0dda7b5750>))
DEBUG:pybindgen.typehandlers:TypeMatcher.lookup('std::string')
DEBUG:pybindgen.typehandlers:try to lookup type handler for 'std::string' => success ((<class 'pybindgen.typehandlers.stringtype.StdStringReturn'>, None, <pybindgen.typehandlers.ctypeparser.TypeTraits object at 0x7f0dda7b5a50>))
DEBUG:pybindgen.typehandlers:TypeMatcher.lookup('std::string')
DEBUG:pybindgen.typehandlers:try to lookup type handler for 'std::string' => success ((<class 'pybindgen.typehandlers.stringtype.StdStringReturn'>, None, <pybindgen.typehandlers.ctypeparser.TypeTraits object at 0x7f0dda7b57d0>))
DEBUG:pybindgen.typehandlers:TypeMatcher.lookup('std::string')
DEBUG:pybindgen.typehandlers:try to lookup type handler for 'std::string' => success ((<class 'pybindgen.typehandlers.stringtype.StdStringReturn'>, None, <pybindgen.typehandlers.ctypeparser.TypeTraits object at 0x7f0dda7b5790>))
DEBUG:pybindgen.typehandlers:TypeMatcher.lookup('std::string')
DEBUG:pybindgen.typehandlers:try to lookup type handler for 'std::string' => success ((<class 'pybindgen.typehandlers.stringtype.StdStringReturn'>, None, <pybindgen.typehandlers.ctypeparser.TypeTraits object at 0x7f0dda7b5b10>))
DEBUG:pybindgen.typehandlers:TypeMatcher.lookup('std::string')
DEBUG:pybindgen.typehandlers:try to lookup type handler for 'std::string' => success ((<class 'pybindgen.typehandlers.stringtype.StdStringReturn'>, None, <pybindgen.typehandlers.ctypeparser.TypeTraits object at 0x7f0dda7b5810>))
DEBUG:pybindgen.typehandlers:TypeMatcher.lookup('ns3::CallbackValue const &')
DEBUG:pybindgen.typehandlers:try to lookup type handler for 'ns3::CallbackValue const &' => success ((<class 'pybindgen.cppclass.ThisClassRefParameter'>, None, <pybindgen.typehandlers.ctypeparser.TypeTraits object at 0x7f0dda7b5890>))
DEBUG:pybindgen.typehandlers:TypeMatcher.lookup('ns3::CallbackBase const &')
DEBUG:pybindgen.typehandlers:try to lookup type handler for 'ns3::CallbackBase const &' => success ((<class 'pybindgen.cppclass.ThisClassRefParameter'>, None, <pybindgen.typehandlers.ctypeparser.TypeTraits object at 0x7f0dda7b5e10>))
DEBUG:pybindgen.typehandlers:TypeMatcher.lookup('ns3::Ptr< ns3::AttributeValue >')
DEBUG:pybindgen.typehandlers:try to lookup type handler for 'ns3::Ptr< ns3::AttributeValue >' => failure
DEBUG:pybindgen.typehandlers:try to lookup type handler for 'ns3::AttributeValue *' => success ((<class 'pybindgen.cppclass.ThisClassPtrReturn'>, <ns3modulegen_core_customizations.SmartPointerTransformation object at 0x7f0ddb24d5d0>, <pybindgen.typehandlers.ctypeparser.TypeTraits object at 0x7f0dda7bf450>))
DEBUG:pybindgen.typehandlers:TypeMatcher.lookup('bool')
DEBUG:pybindgen.typehandlers:try to lookup type handler for 'bool' => success ((<class 'pybindgen.typehandlers.booltype.BoolReturn'>, None, <pybindgen.typehandlers.ctypeparser.TypeTraits object at 0x7f0dda7bf790>))
DEBUG:pybindgen.typehandlers:TypeMatcher.lookup('std::string')
DEBUG:pybindgen.typehandlers:try to lookup type handler for 'std::string' => success ((<class 'pybindgen.typehandlers.stringtype.StdStringParam'>, None, <pybindgen.typehandlers.ctypeparser.TypeTraits object at 0x7f0dda7bf8d0>))
DEBUG:pybindgen.typehandlers:TypeMatcher.lookup('ns3::Ptr< ns3::AttributeChecker const >')
DEBUG:pybindgen.typehandlers:try to lookup type handler for 'ns3::Ptr< ns3::AttributeChecker const >' => failure
DEBUG:pybindgen.typehandlers:try to lookup type handler for 'ns3::AttributeChecker *' => success ((<class 'pybindgen.cppclass.ThisClassPtrParameter'>, <ns3modulegen_core_customizations.SmartPointerTransformation object at 0x7f0ddb24d5d0>, <pybindgen.typehandlers.ctypeparser.TypeTraits object at 0x7f0dda7bfc10>))
DEBUG:pybindgen.typehandlers:TypeMatcher.lookup('std::string')
DEBUG:pybindgen.typehandlers:try to lookup type handler for 'std::string' => success ((<class 'pybindgen.typehandlers.stringtype.StdStringReturn'>, None, <pybindgen.typehandlers.ctypeparser.TypeTraits object at 0x7f0dda7bff10>))
DEBUG:pybindgen.typehandlers:TypeMatcher.lookup('ns3::Ptr< ns3::AttributeChecker const >')
DEBUG:pybindgen.typehandlers:try to lookup type handler for 'ns3::Ptr< ns3::AttributeChecker const >' => failure
DEBUG:pybindgen.typehandlers:try to lookup type handler for 'ns3::AttributeChecker *' => success ((<class 'pybindgen.cppclass.ThisClassPtrParameter'>, <ns3modulegen_core_customizations.SmartPointerTransformation object at 0x7f0ddb24d5d0>, <pybindgen.typehandlers.ctypeparser.TypeTraits object at 0x7f0dda7c72d0>))
DEBUG:pybindgen.typehandlers:TypeMatcher.lookup('void')
DEBUG:pybindgen.typehandlers:try to lookup type handler for 'void' => success ((<class 'pybindgen.typehandlers.voidtype.VoidReturn'>, None, <pybindgen.typehandlers.ctypeparser.TypeTraits object at 0x7f0dda7c75d0>))
DEBUG:pybindgen.typehandlers:TypeMatcher.lookup('ns3::CallbackBase')
DEBUG:pybindgen.typehandlers:try to lookup type handler for 'ns3::CallbackBase' => success ((<class 'pybindgen.cppclass.ThisClassParameter'>, None, <pybindgen.typehandlers.ctypeparser.TypeTraits object at 0x7f0dda7c7710>))
DEBUG:pybindgen.typehandlers:TypeMatcher.lookup('ns3::TypeId')
DEBUG:pybindgen.typehandlers:try to lookup type handler for 'ns3::TypeId' => success ((<class 'pybindgen.cppclass.ThisClassReturn'>, None, <pybindgen.typehandlers.ctypeparser.TypeTraits object at 0x7f0dda7c7b10>))
DEBUG:pybindgen.typehandlers:TypeMatcher.lookup('double')
DEBUG:pybindgen.typehandlers:try to lookup type handler for 'double' => success ((<class 'pybindgen.typehandlers.doubletype.DoubleReturn'>, None, <pybindgen.typehandlers.ctypeparser.TypeTraits object at 0x7f0dda7cd290>))
DEBUG:pybindgen.typehandlers:TypeMatcher.lookup('double')
DEBUG:pybindgen.typehandlers:try to lookup type handler for 'double' => success ((<class 'pybindgen.typehandlers.doubletype.DoubleReturn'>, None, <pybindgen.typehandlers.ctypeparser.TypeTraits object at 0x7f0dda7cd6d0>))
DEBUG:pybindgen.typehandlers:TypeMatcher.lookup('double')
DEBUG:pybindgen.typehandlers:try to lookup type handler for 'double' => success ((<class 'pybindgen.typehandlers.doubletype.DoubleParam'>, None, <pybindgen.typehandlers.ctypeparser.TypeTraits object at 0x7f0dda7cd810>))
DEBUG:pybindgen.typehandlers:TypeMatcher.lookup('uint32_t')
DEBUG:pybindgen.typehandlers:try to lookup type handler for 'uint32_t' => success ((<class 'pybindgen.typehandlers.inttype.UnsignedIntReturn'>, None, <pybindgen.typehandlers.ctypeparser.TypeTraits object at 0x7f0dda7cdc10>))
DEBUG:pybindgen.typehandlers:TypeMatcher.lookup('uint32_t')
DEBUG:pybindgen.typehandlers:try to lookup type handler for 'uint32_t' => success ((<class 'pybindgen.typehandlers.inttype.UnsignedIntParam'>, None, <pybindgen.typehandlers.ctypeparser.TypeTraits object at 0x7f0dda7cdd50>))
DEBUG:pybindgen.typehandlers:TypeMatcher.lookup('double')
DEBUG:pybindgen.typehandlers:try to lookup type handler for 'double' => success ((<class 'pybindgen.typehandlers.doubletype.DoubleReturn'>, None, <pybindgen.typehandlers.ctypeparser.TypeTraits object at 0x7f0dda7d6190>))
DEBUG:pybindgen.typehandlers:TypeMatcher.lookup('uint32_t')
DEBUG:pybindgen.typehandlers:try to lookup type handler for 'uint32_t' => success ((<class 'pybindgen.typehandlers.inttype.UnsignedIntReturn'>, None, <pybindgen.typehandlers.ctypeparser.TypeTraits object at 0x7f0dda7d6850>))
DEBUG:pybindgen.typehandlers:TypeMatcher.lookup('ns3::DefaultSimulatorImpl const &')
DEBUG:pybindgen.typehandlers:try to lookup type handler for 'ns3::DefaultSimulatorImpl const &' => success ((<class 'pybindgen.cppclass.ThisClassRefParameter'>, None, <pybindgen.typehandlers.ctypeparser.TypeTraits object at 0x7f0dda7d6f10>))
DEBUG:pybindgen.typehandlers:TypeMatcher.lookup('void')
DEBUG:pybindgen.typehandlers:try to lookup type handler for 'void' => success ((<class 'pybindgen.typehandlers.voidtype.VoidReturn'>, None, <pybindgen.typehandlers.ctypeparser.TypeTraits object at 0x7f0dda7de690>))
DEBUG:pybindgen.typehandlers:TypeMatcher.lookup('ns3::EventId const &')
DEBUG:pybindgen.typehandlers:try to lookup type handler for 'ns3::EventId const &' => success ((<class 'pybindgen.cppclass.ThisClassRefParameter'>, None, <pybindgen.typehandlers.ctypeparser.TypeTraits object at 0x7f0dda7de7d0>))
DEBUG:pybindgen.typehandlers:TypeMatcher.lookup('void')
DEBUG:pybindgen.typehandlers:try to lookup type handler for 'void' => success ((<class 'pybindgen.typehandlers.voidtype.VoidReturn'>, None, <pybindgen.typehandlers.ctypeparser.TypeTraits object at 0x7f0dda7dec90>))
DEBUG:pybindgen.typehandlers:TypeMatcher.lookup('uint32_t')
DEBUG:pybindgen.typehandlers:try to lookup type handler for 'uint32_t' => success ((<class 'pybindgen.typehandlers.inttype.UnsignedIntReturn'>, None, <pybindgen.typehandlers.ctypeparser.TypeTraits object at 0x7f0dda766110>))
DEBUG:pybindgen.typehandlers:TypeMatcher.lookup('ns3::Time')
DEBUG:pybindgen.typehandlers:try to lookup type handler for 'ns3::Time' => success ((<class 'pybindgen.cppclass.ThisClassReturn'>, None, <pybindgen.typehandlers.ctypeparser.TypeTraits object at 0x7f0dda766550>))
DEBUG:pybindgen.typehandlers:TypeMatcher.lookup('ns3::EventId const &')
DEBUG:pybindgen.typehandlers:try to lookup type handler for 'ns3::EventId const &' => success ((<class 'pybindgen.cppclass.ThisClassRefParameter'>, None, <pybindgen.typehandlers.ctypeparser.TypeTraits object at 0x7f0dda766690>))
DEBUG:pybindgen.typehandlers:TypeMatcher.lookup('ns3::Time')
DEBUG:pybindgen.typehandlers:try to lookup type handler for 'ns3::Time' => success ((<class 'pybindgen.cppclass.ThisClassReturn'>, None, <pybindgen.typehandlers.ctypeparser.TypeTraits object at 0x7f0dda766b50>))
DEBUG:pybindgen.typehandlers:TypeMatcher.lookup('uint32_t')
DEBUG:pybindgen.typehandlers:try to lookup type handler for 'uint32_t' => success ((<class 'pybindgen.typehandlers.inttype.UnsignedIntReturn'>, None, <pybindgen.typehandlers.ctypeparser.TypeTraits object at 0x7f0dda766f90>))
DEBUG:pybindgen.typehandlers:TypeMatcher.lookup('ns3::TypeId')
DEBUG:pybindgen.typehandlers:try to lookup type handler for 'ns3::TypeId' => success ((<class 'pybindgen.cppclass.ThisClassReturn'>, None, <pybindgen.typehandlers.ctypeparser.TypeTraits object at 0x7f0dda76f410>))
DEBUG:pybindgen.typehandlers:TypeMatcher.lookup('bool')
DEBUG:pybindgen.typehandlers:try to lookup type handler for 'bool' => success ((<class 'pybindgen.typehandlers.booltype.BoolReturn'>, None, <pybindgen.typehandlers.ctypeparser.TypeTraits object at 0x7f0dda76f850>))
DEBUG:pybindgen.typehandlers:TypeMatcher.lookup('ns3::EventId const &')
DEBUG:pybindgen.typehandlers:try to lookup type handler for 'ns3::EventId const &' => success ((<class 'pybindgen.cppclass.ThisClassRefParameter'>, None, <pybindgen.typehandlers.ctypeparser.TypeTraits object at 0x7f0dda76f990>))
DEBUG:pybindgen.typehandlers:TypeMatcher.lookup('bool')
DEBUG:pybindgen.typehandlers:try to lookup type handler for 'bool' => success ((<class 'pybindgen.typehandlers.booltype.BoolReturn'>, None, <pybindgen.typehandlers.ctypeparser.TypeTraits object at 0x7f0dda76fe50>))
DEBUG:pybindgen.typehandlers:TypeMatcher.lookup('ns3::Time')
DEBUG:pybindgen.typehandlers:try to lookup type handler for 'ns3::Time' => success ((<class 'pybindgen.cppclass.ThisClassReturn'>, None, <pybindgen.typehandlers.ctypeparser.TypeTraits object at 0x7f0dda77a2d0>))
DEBUG:pybindgen.typehandlers:TypeMatcher.lookup('void')
DEBUG:pybindgen.typehandlers:try to lookup type handler for 'void' => success ((<class 'pybindgen.typehandlers.voidtype.VoidReturn'>, None, <pybindgen.typehandlers.ctypeparser.TypeTraits object at 0x7f0dda77a710>))
DEBUG:pybindgen.typehandlers:TypeMatcher.lookup('ns3::EventId const &')
DEBUG:pybindgen.typehandlers:try to lookup type handler for 'ns3::EventId const &' => success ((<class 'pybindgen.cppclass.ThisClassRefParameter'>, None, <pybindgen.typehandlers.ctypeparser.TypeTraits object at 0x7f0dda77a850>))
DEBUG:pybindgen.typehandlers:TypeMatcher.lookup('void')
DEBUG:pybindgen.typehandlers:try to lookup type handler for 'void' => success ((<class 'pybindgen.typehandlers.voidtype.VoidReturn'>, None, <pybindgen.typehandlers.ctypeparser.TypeTraits object at 0x7f0dda77ad10>))
DEBUG:pybindgen.typehandlers:TypeMatcher.lookup('ns3::EventId')
DEBUG:pybindgen.typehandlers:try to lookup type handler for 'ns3::EventId' => success ((<class 'pybindgen.cppclass.ThisClassReturn'>, None, <pybindgen.typehandlers.ctypeparser.TypeTraits object at 0x7f0dda781190>))
DEBUG:pybindgen.typehandlers:TypeMatcher.lookup('ns3::Time const &')
DEBUG:pybindgen.typehandlers:try to lookup type handler for 'ns3::Time const &' => success ((<class 'pybindgen.cppclass.ThisClassRefParameter'>, None, <pybindgen.typehandlers.ctypeparser.TypeTraits object at 0x7f0dda7812d0>))
DEBUG:pybindgen.typehandlers:TypeMatcher.lookup('ns3::EventImpl *')
DEBUG:pybindgen.typehandlers:try to lookup type handler for 'ns3::EventImpl *' => success ((<class 'pybindgen.cppclass.ThisClassPtrParameter'>, None, <pybindgen.typehandlers.ctypeparser.TypeTraits object at 0x7f0dda781450>))
/home/pratyu101/FlyNetSim/NetSim/ns-allinone-3.27/ns-3.27/src/core/bindings/modulegen__gcc_LP64.py:3338: Warning: exception TypeConfigurationError('Missing transfer_ownership option',) in wrapper public: virtual retval? ???::Schedule (params?);
  is_virtual=True)
DEBUG:pybindgen.typehandlers:TypeMatcher.lookup('ns3::EventId')
DEBUG:pybindgen.typehandlers:try to lookup type handler for 'ns3::EventId' => success ((<class 'pybindgen.cppclass.ThisClassReturn'>, None, <pybindgen.typehandlers.ctypeparser.TypeTraits object at 0x7f0dda781a90>))
DEBUG:pybindgen.typehandlers:TypeMatcher.lookup('ns3::EventImpl *')
DEBUG:pybindgen.typehandlers:try to lookup type handler for 'ns3::EventImpl *' => success ((<class 'pybindgen.cppclass.ThisClassPtrParameter'>, None, <pybindgen.typehandlers.ctypeparser.TypeTraits object at 0x7f0dda781c50>))
/home/pratyu101/FlyNetSim/NetSim/ns-allinone-3.27/ns-3.27/src/core/bindings/modulegen__gcc_LP64.py:3343: Warning: exception TypeConfigurationError('Missing transfer_ownership option',) in wrapper public: virtual retval? ???::ScheduleDestroy (params?);
  is_virtual=True)
DEBUG:pybindgen.typehandlers:TypeMatcher.lookup('ns3::EventId')
DEBUG:pybindgen.typehandlers:try to lookup type handler for 'ns3::EventId' => success ((<class 'pybindgen.cppclass.ThisClassReturn'>, None, <pybindgen.typehandlers.ctypeparser.TypeTraits object at 0x7f0dda789050>))
DEBUG:pybindgen.typehandlers:TypeMatcher.lookup('ns3::EventImpl *')
DEBUG:pybindgen.typehandlers:try to lookup type handler for 'ns3::EventImpl *' => success ((<class 'pybindgen.cppclass.ThisClassPtrParameter'>, None, <pybindgen.typehandlers.ctypeparser.TypeTraits object at 0x7f0dda789210>))
/home/pratyu101/FlyNetSim/NetSim/ns-allinone-3.27/ns-3.27/src/core/bindings/modulegen__gcc_LP64.py:3348: Warning: exception TypeConfigurationError('Missing transfer_ownership option',) in wrapper public: virtual retval? ???::ScheduleNow (params?);
  is_virtual=True)
DEBUG:pybindgen.typehandlers:TypeMatcher.lookup('void')
DEBUG:pybindgen.typehandlers:try to lookup type handler for 'void' => success ((<class 'pybindgen.typehandlers.voidtype.VoidReturn'>, None, <pybindgen.typehandlers.ctypeparser.TypeTraits object at 0x7f0dda789850>))
DEBUG:pybindgen.typehandlers:TypeMatcher.lookup('uint32_t')
DEBUG:pybindgen.typehandlers:try to lookup type handler for 'uint32_t' => success ((<class 'pybindgen.typehandlers.inttype.UnsignedIntParam'>, None, <pybindgen.typehandlers.ctypeparser.TypeTraits object at 0x7f0dda789a10>))
DEBUG:pybindgen.typehandlers:TypeMatcher.lookup('ns3::Time const &')
DEBUG:pybindgen.typehandlers:try to lookup type handler for 'ns3::Time const &' => success ((<class 'pybindgen.cppclass.ThisClassRefParameter'>, None, <pybindgen.typehandlers.ctypeparser.TypeTraits object at 0x7f0dda789b10>))
DEBUG:pybindgen.typehandlers:TypeMatcher.lookup('ns3::EventImpl *')
DEBUG:pybindgen.typehandlers:try to lookup type handler for 'ns3::EventImpl *' => success ((<class 'pybindgen.cppclass.ThisClassPtrParameter'>, None, <pybindgen.typehandlers.ctypeparser.TypeTraits object at 0x7f0dda789c90>))
/home/pratyu101/FlyNetSim/NetSim/ns-allinone-3.27/ns-3.27/src/core/bindings/modulegen__gcc_LP64.py:3353: Warning: exception TypeConfigurationError('Missing transfer_ownership option',) in wrapper public: virtual retval? ???::ScheduleWithContext (params?);
  is_virtual=True)
DEBUG:pybindgen.typehandlers:TypeMatcher.lookup('void')
DEBUG:pybindgen.typehandlers:try to lookup type handler for 'void' => success ((<class 'pybindgen.typehandlers.voidtype.VoidReturn'>, None, <pybindgen.typehandlers.ctypeparser.TypeTraits object at 0x7f0dda793310>))
DEBUG:pybindgen.typehandlers:TypeMatcher.lookup('ns3::ObjectFactory')
DEBUG:pybindgen.typehandlers:try to lookup type handler for 'ns3::ObjectFactory' => success ((<class 'pybindgen.cppclass.ThisClassParameter'>, None, <pybindgen.typehandlers.ctypeparser.TypeTraits object at 0x7f0dda793490>))
DEBUG:pybindgen.typehandlers:TypeMatcher.lookup('void')
DEBUG:pybindgen.typehandlers:try to lookup type handler for 'void' => success ((<class 'pybindgen.typehandlers.voidtype.VoidReturn'>, None, <pybindgen.typehandlers.ctypeparser.TypeTraits object at 0x7f0dda793890>))
DEBUG:pybindgen.typehandlers:TypeMatcher.lookup('void')
DEBUG:pybindgen.typehandlers:try to lookup type handler for 'void' => success ((<class 'pybindgen.typehandlers.voidtype.VoidReturn'>, None, <pybindgen.typehandlers.ctypeparser.TypeTraits object at 0x7f0dda793cd0>))
DEBUG:pybindgen.typehandlers:TypeMatcher.lookup('ns3::Time const &')
DEBUG:pybindgen.typehandlers:try to lookup type handler for 'ns3::Time const &' => success ((<class 'pybindgen.cppclass.ThisClassRefParameter'>, None, <pybindgen.typehandlers.ctypeparser.TypeTraits object at 0x7f0dda793e10>))
DEBUG:pybindgen.typehandlers:TypeMatcher.lookup('void')
DEBUG:pybindgen.typehandlers:try to lookup type handler for 'void' => success ((<class 'pybindgen.typehandlers.voidtype.VoidReturn'>, None, <pybindgen.typehandlers.ctypeparser.TypeTraits object at 0x7f0dda79b250>))
DEBUG:pybindgen.typehandlers:TypeMatcher.lookup('ns3::TypeId')
DEBUG:pybindgen.typehandlers:try to lookup type handler for 'ns3::TypeId' => success ((<class 'pybindgen.cppclass.ThisClassReturn'>, None, <pybindgen.typehandlers.ctypeparser.TypeTraits object at 0x7f0dda79b650>))
DEBUG:pybindgen.typehandlers:TypeMatcher.lookup('void')
DEBUG:pybindgen.typehandlers:try to lookup type handler for 'void' => success ((<class 'pybindgen.typehandlers.voidtype.VoidReturn'>, None, <pybindgen.typehandlers.ctypeparser.TypeTraits object at 0x7f0dda789310>))
DEBUG:pybindgen.typehandlers:TypeMatcher.lookup('double *')
DEBUG:pybindgen.typehandlers:try to lookup type handler for 'double *' => success ((<class 'pybindgen.typehandlers.doubletype.DoublePtrParam'>, None, <pybindgen.typehandlers.ctypeparser.TypeTraits object at 0x7f0dda79ba10>))
DEBUG:pybindgen.typehandlers:TypeMatcher.lookup('uint64_t')
DEBUG:pybindgen.typehandlers:try to lookup type handler for 'uint64_t' => success ((<class 'pybindgen.typehandlers.inttype.UnsignedLongLongParam'>, None, <pybindgen.typehandlers.ctypeparser.TypeTraits object at 0x7f0dda79bb50>))
DEBUG:pybindgen.typehandlers:TypeMatcher.lookup('double')
DEBUG:pybindgen.typehandlers:try to lookup type handler for 'double' => success ((<class 'pybindgen.typehandlers.doubletype.DoubleReturn'>, None, <pybindgen.typehandlers.ctypeparser.TypeTraits object at 0x7f0dda79bf50>))
DEBUG:pybindgen.typehandlers:TypeMatcher.lookup('uint32_t')
DEBUG:pybindgen.typehandlers:try to lookup type handler for 'uint32_t' => success ((<class 'pybindgen.typehandlers.inttype.UnsignedIntReturn'>, None, <pybindgen.typehandlers.ctypeparser.TypeTraits object at 0x7f0dda723690>))
DEBUG:pybindgen.typehandlers:TypeMatcher.lookup('double const &')
DEBUG:pybindgen.typehandlers:try to lookup type handler for 'double const &' => success ((<class 'pybindgen.typehandlers.doubletype.DoubleRefParam'>, None, <pybindgen.typehandlers.ctypeparser.TypeTraits object at 0x7f0dda72c0d0>))
DEBUG:pybindgen.typehandlers:TypeMatcher.lookup('ns3::DoubleValue const &')
DEBUG:pybindgen.typehandlers:try to lookup type handler for 'ns3::DoubleValue const &' => success ((<class 'pybindgen.cppclass.ThisClassRefParameter'>, None, <pybindgen.typehandlers.ctypeparser.TypeTraits object at 0x7f0dda72c510>))
DEBUG:pybindgen.typehandlers:TypeMatcher.lookup('ns3::Ptr< ns3::AttributeValue >')
DEBUG:pybindgen.typehandlers:try to lookup type handler for 'ns3::Ptr< ns3::AttributeValue >' => failure
DEBUG:pybindgen.typehandlers:try to lookup type handler for 'ns3::AttributeValue *' => success ((<class 'pybindgen.cppclass.ThisClassPtrReturn'>, <ns3modulegen_core_customizations.SmartPointerTransformation object at 0x7f0ddb24d5d0>, <pybindgen.typehandlers.ctypeparser.TypeTraits object at 0x7f0dda72cb10>))
DEBUG:pybindgen.typehandlers:TypeMatcher.lookup('bool')
DEBUG:pybindgen.typehandlers:try to lookup type handler for 'bool' => success ((<class 'pybindgen.typehandlers.booltype.BoolReturn'>, None, <pybindgen.typehandlers.ctypeparser.TypeTraits object at 0x7f0dda72ce90>))
DEBUG:pybindgen.typehandlers:TypeMatcher.lookup('std::string')
DEBUG:pybindgen.typehandlers:try to lookup type handler for 'std::string' => success ((<class 'pybindgen.typehandlers.stringtype.StdStringParam'>, None, <pybindgen.typehandlers.ctypeparser.TypeTraits object at 0x7f0dda72cfd0>))
DEBUG:pybindgen.typehandlers:TypeMatcher.lookup('ns3::Ptr< ns3::AttributeChecker const >')
DEBUG:pybindgen.typehandlers:try to lookup type handler for 'ns3::Ptr< ns3::AttributeChecker const >' => failure
DEBUG:pybindgen.typehandlers:try to lookup type handler for 'ns3::AttributeChecker *' => success ((<class 'pybindgen.cppclass.ThisClassPtrParameter'>, <ns3modulegen_core_customizations.SmartPointerTransformation object at 0x7f0ddb24d5d0>, <pybindgen.typehandlers.ctypeparser.TypeTraits object at 0x7f0dda734350>))
DEBUG:pybindgen.typehandlers:TypeMatcher.lookup('double')
DEBUG:pybindgen.typehandlers:try to lookup type handler for 'double' => success ((<class 'pybindgen.typehandlers.doubletype.DoubleReturn'>, None, <pybindgen.typehandlers.ctypeparser.TypeTraits object at 0x7f0dda734650>))
DEBUG:pybindgen.typehandlers:TypeMatcher.lookup('std::string')
DEBUG:pybindgen.typehandlers:try to lookup type handler for 'std::string' => success ((<class 'pybindgen.typehandlers.stringtype.StdStringReturn'>, None, <pybindgen.typehandlers.ctypeparser.TypeTraits object at 0x7f0dda734ad0>))
DEBUG:pybindgen.typehandlers:TypeMatcher.lookup('ns3::Ptr< ns3::AttributeChecker const >')
DEBUG:pybindgen.typehandlers:try to lookup type handler for 'ns3::Ptr< ns3::AttributeChecker const >' => failure
DEBUG:pybindgen.typehandlers:try to lookup type handler for 'ns3::AttributeChecker *' => success ((<class 'pybindgen.cppclass.ThisClassPtrParameter'>, <ns3modulegen_core_customizations.SmartPointerTransformation object at 0x7f0ddb24d5d0>, <pybindgen.typehandlers.ctypeparser.TypeTraits object at 0x7f0dda734e50>))
DEBUG:pybindgen.typehandlers:TypeMatcher.lookup('void')
DEBUG:pybindgen.typehandlers:try to lookup type handler for 'void' => success ((<class 'pybindgen.typehandlers.voidtype.VoidReturn'>, None, <pybindgen.typehandlers.ctypeparser.TypeTraits object at 0x7f0dda73b190>))
DEBUG:pybindgen.typehandlers:TypeMatcher.lookup('double const &')
DEBUG:pybindgen.typehandlers:try to lookup type handler for 'double const &' => success ((<class 'pybindgen.typehandlers.doubletype.DoubleRefParam'>, None, <pybindgen.typehandlers.ctypeparser.TypeTraits object at 0x7f0dda73b2d0>))
DEBUG:pybindgen.typehandlers:TypeMatcher.lookup('void')
DEBUG:pybindgen.typehandlers:try to lookup type handler for 'void' => success ((<class 'pybindgen.typehandlers.voidtype.VoidReturn'>, None, <pybindgen.typehandlers.ctypeparser.TypeTraits object at 0x7f0dda73ba90>))
DEBUG:pybindgen.typehandlers:TypeMatcher.lookup('double')
DEBUG:pybindgen.typehandlers:try to lookup type handler for 'double' => success ((<class 'pybindgen.typehandlers.doubletype.DoubleParam'>, None, <pybindgen.typehandlers.ctypeparser.TypeTraits object at 0x7f0dda73bbd0>))
DEBUG:pybindgen.typehandlers:TypeMatcher.lookup('double')
DEBUG:pybindgen.typehandlers:try to lookup type handler for 'double' => success ((<class 'pybindgen.typehandlers.doubletype.DoubleParam'>, None, <pybindgen.typehandlers.ctypeparser.TypeTraits object at 0x7f0dda73bcd0>))
DEBUG:pybindgen.typehandlers:TypeMatcher.lookup('uint32_t')
DEBUG:pybindgen.typehandlers:try to lookup type handler for 'uint32_t' => success ((<class 'pybindgen.typehandlers.inttype.UnsignedIntReturn'>, None, <pybindgen.typehandlers.ctypeparser.TypeTraits object at 0x7f0dda744110>))
DEBUG:pybindgen.typehandlers:TypeMatcher.lookup('ns3::TypeId')
DEBUG:pybindgen.typehandlers:try to lookup type handler for 'ns3::TypeId' => success ((<class 'pybindgen.cppclass.ThisClassReturn'>, None, <pybindgen.typehandlers.ctypeparser.TypeTraits object at 0x7f0dda744810>))
DEBUG:pybindgen.typehandlers:TypeMatcher.lookup('double')
DEBUG:pybindgen.typehandlers:try to lookup type handler for 'double' => success ((<class 'pybindgen.typehandlers.doubletype.DoubleReturn'>, None, <pybindgen.typehandlers.ctypeparser.TypeTraits object at 0x7f0dda744c50>))
DEBUG:pybindgen.typehandlers:TypeMatcher.lookup('double')
DEBUG:pybindgen.typehandlers:try to lookup type handler for 'double' => success ((<class 'pybindgen.typehandlers.doubletype.DoubleReturn'>, None, <pybindgen.typehandlers.ctypeparser.TypeTraits object at 0x7f0dda74c350>))
DEBUG:pybindgen.typehandlers:TypeMatcher.lookup('double')
DEBUG:pybindgen.typehandlers:try to lookup type handler for 'double' => success ((<class 'pybindgen.typehandlers.doubletype.DoubleParam'>, None, <pybindgen.typehandlers.ctypeparser.TypeTraits object at 0x7f0dda74c490>))
DEBUG:pybindgen.typehandlers:TypeMatcher.lookup('double')
DEBUG:pybindgen.typehandlers:try to lookup type handler for 'double' => success ((<class 'pybindgen.typehandlers.doubletype.DoubleParam'>, None, <pybindgen.typehandlers.ctypeparser.TypeTraits object at 0x7f0dda781c50>))
DEBUG:pybindgen.typehandlers:TypeMatcher.lookup('double')
DEBUG:pybindgen.typehandlers:try to lookup type handler for 'double' => success ((<class 'pybindgen.typehandlers.doubletype.DoubleParam'>, None, <pybindgen.typehandlers.ctypeparser.TypeTraits object at 0x7f0dda781d50>))
DEBUG:pybindgen.typehandlers:TypeMatcher.lookup('double')
DEBUG:pybindgen.typehandlers:try to lookup type handler for 'double' => success ((<class 'pybindgen.typehandlers.doubletype.DoubleParam'>, None, <pybindgen.typehandlers.ctypeparser.TypeTraits object at 0x7f0dda781a90>))
DEBUG:pybindgen.typehandlers:TypeMatcher.lookup('double')
DEBUG:pybindgen.typehandlers:try to lookup type handler for 'double' => success ((<class 'pybindgen.typehandlers.doubletype.DoubleParam'>, None, <pybindgen.typehandlers.ctypeparser.TypeTraits object at 0x7f0dda74c610>))
DEBUG:pybindgen.typehandlers:TypeMatcher.lookup('void')
DEBUG:pybindgen.typehandlers:try to lookup type handler for 'void' => success ((<class 'pybindgen.typehandlers.voidtype.VoidReturn'>, None, <pybindgen.typehandlers.ctypeparser.TypeTraits object at 0x7f0dda74cc50>))
DEBUG:pybindgen.typehandlers:TypeMatcher.lookup('ns3::EmptyAttributeAccessor const &')
DEBUG:pybindgen.typehandlers:try to lookup type handler for 'ns3::EmptyAttributeAccessor const &' => success ((<class 'pybindgen.cppclass.ThisClassRefParameter'>, None, <pybindgen.typehandlers.ctypeparser.TypeTraits object at 0x7f0dda755350>))
DEBUG:pybindgen.typehandlers:TypeMatcher.lookup('bool')
DEBUG:pybindgen.typehandlers:try to lookup type handler for 'bool' => success ((<class 'pybindgen.typehandlers.booltype.BoolReturn'>, None, <pybindgen.typehandlers.ctypeparser.TypeTraits object at 0x7f0dda755a90>))
DEBUG:pybindgen.typehandlers:TypeMatcher.lookup('ns3::ObjectBase const *')
DEBUG:pybindgen.typehandlers:try to lookup type handler for 'ns3::ObjectBase const *' => success ((<class 'pybindgen.cppclass.ThisClassPtrParameter'>, None, <pybindgen.typehandlers.ctypeparser.TypeTraits object at 0x7f0dda755bd0>))
DEBUG:pybindgen.typehandlers:TypeMatcher.lookup('ns3::AttributeValue &')
DEBUG:pybindgen.typehandlers:try to lookup type handler for 'ns3::AttributeValue &' => success ((<class 'pybindgen.cppclass.ThisClassRefParameter'>, None, <pybindgen.typehandlers.ctypeparser.TypeTraits object at 0x7f0dda755d90>))
DEBUG:pybindgen.typehandlers:TypeMatcher.lookup('bool')
DEBUG:pybindgen.typehandlers:try to lookup type handler for 'bool' => success ((<class 'pybindgen.typehandlers.booltype.BoolReturn'>, None, <pybindgen.typehandlers.ctypeparser.TypeTraits object at 0x7f0dda75e250>))
DEBUG:pybindgen.typehandlers:TypeMatcher.lookup('bool')
DEBUG:pybindgen.typehandlers:try to lookup type handler for 'bool' => success ((<class 'pybindgen.typehandlers.booltype.BoolReturn'>, None, <pybindgen.typehandlers.ctypeparser.TypeTraits object at 0x7f0dda75e690>))
DEBUG:pybindgen.typehandlers:TypeMatcher.lookup('bool')
DEBUG:pybindgen.typehandlers:try to lookup type handler for 'bool' => success ((<class 'pybindgen.typehandlers.booltype.BoolReturn'>, None, <pybindgen.typehandlers.ctypeparser.TypeTraits object at 0x7f0dda75ead0>))
DEBUG:pybindgen.typehandlers:TypeMatcher.lookup('ns3::ObjectBase *')
DEBUG:pybindgen.typehandlers:try to lookup type handler for 'ns3::ObjectBase *' => success ((<class 'pybindgen.cppclass.ThisClassPtrParameter'>, None, <pybindgen.typehandlers.ctypeparser.TypeTraits object at 0x7f0dda75ec10>))
/home/pratyu101/FlyNetSim/NetSim/ns-allinone-3.27/ns-3.27/src/core/bindings/modulegen__gcc_LP64.py:3491: Warning: exception TypeConfigurationError('Missing transfer_ownership option',) in wrapper public: virtual retval? ???::Set (params?) const;
  is_const=True, is_virtual=True)
DEBUG:pybindgen.typehandlers:TypeMatcher.lookup('ns3::EmptyAttributeChecker const &')
DEBUG:pybindgen.typehandlers:try to lookup type handler for 'ns3::EmptyAttributeChecker const &' => success ((<class 'pybindgen.cppclass.ThisClassRefParameter'>, None, <pybindgen.typehandlers.ctypeparser.TypeTraits object at 0x7f0dda6e54d0>))
DEBUG:pybindgen.typehandlers:TypeMatcher.lookup('bool')
DEBUG:pybindgen.typehandlers:try to lookup type handler for 'bool' => success ((<class 'pybindgen.typehandlers.booltype.BoolReturn'>, None, <pybindgen.typehandlers.ctypeparser.TypeTraits object at 0x7f0dda6e5c10>))
DEBUG:pybindgen.typehandlers:TypeMatcher.lookup('ns3::AttributeValue const &')
DEBUG:pybindgen.typehandlers:try to lookup type handler for 'ns3::AttributeValue const &' => success ((<class 'pybindgen.cppclass.ThisClassRefParameter'>, None, <pybindgen.typehandlers.ctypeparser.TypeTraits object at 0x7f0dda6e5d50>))
DEBUG:pybindgen.typehandlers:TypeMatcher.lookup('bool')
DEBUG:pybindgen.typehandlers:try to lookup type handler for 'bool' => success ((<class 'pybindgen.typehandlers.booltype.BoolReturn'>, None, <pybindgen.typehandlers.ctypeparser.TypeTraits object at 0x7f0dda6ef250>))
DEBUG:pybindgen.typehandlers:TypeMatcher.lookup('ns3::AttributeValue const &')
DEBUG:pybindgen.typehandlers:try to lookup type handler for 'ns3::AttributeValue const &' => success ((<class 'pybindgen.cppclass.ThisClassRefParameter'>, None, <pybindgen.typehandlers.ctypeparser.TypeTraits object at 0x7f0dda6ef390>))
DEBUG:pybindgen.typehandlers:TypeMatcher.lookup('ns3::AttributeValue &')
DEBUG:pybindgen.typehandlers:try to lookup type handler for 'ns3::AttributeValue &' => success ((<class 'pybindgen.cppclass.ThisClassRefParameter'>, None, <pybindgen.typehandlers.ctypeparser.TypeTraits object at 0x7f0dda6ef550>))
DEBUG:pybindgen.typehandlers:TypeMatcher.lookup('ns3::Ptr< ns3::AttributeValue >')
DEBUG:pybindgen.typehandlers:try to lookup type handler for 'ns3::Ptr< ns3::AttributeValue >' => failure
DEBUG:pybindgen.typehandlers:try to lookup type handler for 'ns3::AttributeValue *' => success ((<class 'pybindgen.cppclass.ThisClassPtrReturn'>, <ns3modulegen_core_customizations.SmartPointerTransformation object at 0x7f0ddb24d5d0>, <pybindgen.typehandlers.ctypeparser.TypeTraits object at 0x7f0dda6efb90>))
DEBUG:pybindgen.typehandlers:TypeMatcher.lookup('std::string')
DEBUG:pybindgen.typehandlers:try to lookup type handler for 'std::string' => success ((<class 'pybindgen.typehandlers.stringtype.StdStringReturn'>, None, <pybindgen.typehandlers.ctypeparser.TypeTraits object at 0x7f0dda6efed0>))
DEBUG:pybindgen.typehandlers:TypeMatcher.lookup('std::string')
DEBUG:pybindgen.typehandlers:try to lookup type handler for 'std::string' => success ((<class 'pybindgen.typehandlers.stringtype.StdStringReturn'>, None, <pybindgen.typehandlers.ctypeparser.TypeTraits object at 0x7f0dda6f7350>))
DEBUG:pybindgen.typehandlers:TypeMatcher.lookup('bool')
DEBUG:pybindgen.typehandlers:try to lookup type handler for 'bool' => success ((<class 'pybindgen.typehandlers.booltype.BoolReturn'>, None, <pybindgen.typehandlers.ctypeparser.TypeTraits object at 0x7f0dda6f7790>))
DEBUG:pybindgen.typehandlers:TypeMatcher.lookup('ns3::EmptyAttributeValue const &')
DEBUG:pybindgen.typehandlers:try to lookup type handler for 'ns3::EmptyAttributeValue const &' => success ((<class 'pybindgen.cppclass.ThisClassRefParameter'>, None, <pybindgen.typehandlers.ctypeparser.TypeTraits object at 0x7f0dda6f7c10>))
DEBUG:pybindgen.typehandlers:TypeMatcher.lookup('ns3::Ptr< ns3::AttributeValue >')
DEBUG:pybindgen.typehandlers:try to lookup type handler for 'ns3::Ptr< ns3::AttributeValue >' => failure
DEBUG:pybindgen.typehandlers:try to lookup type handler for 'ns3::AttributeValue *' => success ((<class 'pybindgen.cppclass.ThisClassPtrReturn'>, <ns3modulegen_core_customizations.SmartPointerTransformation object at 0x7f0ddb24d5d0>, <pybindgen.typehandlers.ctypeparser.TypeTraits object at 0x7f0dda6fe550>))
DEBUG:pybindgen.typehandlers:TypeMatcher.lookup('bool')
DEBUG:pybindgen.typehandlers:try to lookup type handler for 'bool' => success ((<class 'pybindgen.typehandlers.booltype.BoolReturn'>, None, <pybindgen.typehandlers.ctypeparser.TypeTraits object at 0x7f0dda6fe7d0>))
DEBUG:pybindgen.typehandlers:TypeMatcher.lookup('std::string')
DEBUG:pybindgen.typehandlers:try to lookup type handler for 'std::string' => success ((<class 'pybindgen.typehandlers.stringtype.StdStringParam'>, None, <pybindgen.typehandlers.ctypeparser.TypeTraits object at 0x7f0dda6fe990>))
DEBUG:pybindgen.typehandlers:TypeMatcher.lookup('ns3::Ptr< ns3::AttributeChecker const >')
DEBUG:pybindgen.typehandlers:try to lookup type handler for 'ns3::Ptr< ns3::AttributeChecker const >' => failure
DEBUG:pybindgen.typehandlers:try to lookup type handler for 'ns3::AttributeChecker *' => success ((<class 'pybindgen.cppclass.ThisClassPtrParameter'>, <ns3modulegen_core_customizations.SmartPointerTransformation object at 0x7f0ddb24d5d0>, <pybindgen.typehandlers.ctypeparser.TypeTraits object at 0x7f0dda6fecd0>))
DEBUG:pybindgen.typehandlers:TypeMatcher.lookup('std::string')
DEBUG:pybindgen.typehandlers:try to lookup type handler for 'std::string' => success ((<class 'pybindgen.typehandlers.stringtype.StdStringReturn'>, None, <pybindgen.typehandlers.ctypeparser.TypeTraits object at 0x7f0dda6fef50>))
DEBUG:pybindgen.typehandlers:TypeMatcher.lookup('ns3::Ptr< ns3::AttributeChecker const >')
DEBUG:pybindgen.typehandlers:try to lookup type handler for 'ns3::Ptr< ns3::AttributeChecker const >' => failure
DEBUG:pybindgen.typehandlers:try to lookup type handler for 'ns3::AttributeChecker *' => success ((<class 'pybindgen.cppclass.ThisClassPtrParameter'>, <ns3modulegen_core_customizations.SmartPointerTransformation object at 0x7f0ddb24d5d0>, <pybindgen.typehandlers.ctypeparser.TypeTraits object at 0x7f0dda709350>))
DEBUG:pybindgen.typehandlers:TypeMatcher.lookup('ns3::EnumChecker const &')
DEBUG:pybindgen.typehandlers:try to lookup type handler for 'ns3::EnumChecker const &' => success ((<class 'pybindgen.cppclass.ThisClassRefParameter'>, None, <pybindgen.typehandlers.ctypeparser.TypeTraits object at 0x7f0dda709650>))
DEBUG:pybindgen.typehandlers:TypeMatcher.lookup('void')
DEBUG:pybindgen.typehandlers:try to lookup type handler for 'void' => success ((<class 'pybindgen.typehandlers.voidtype.VoidReturn'>, None, <pybindgen.typehandlers.ctypeparser.TypeTraits object at 0x7f0dda709d90>))
DEBUG:pybindgen.typehandlers:TypeMatcher.lookup('int')
DEBUG:pybindgen.typehandlers:try to lookup type handler for 'int' => success ((<class 'pybindgen.typehandlers.inttype.IntParam'>, None, <pybindgen.typehandlers.ctypeparser.TypeTraits object at 0x7f0dda709ed0>))
DEBUG:pybindgen.typehandlers:TypeMatcher.lookup('std::string')
DEBUG:pybindgen.typehandlers:try to lookup type handler for 'std::string' => success ((<class 'pybindgen.typehandlers.stringtype.StdStringParam'>, None, <pybindgen.typehandlers.ctypeparser.TypeTraits object at 0x7f0dda709fd0>))
DEBUG:pybindgen.typehandlers:TypeMatcher.lookup('void')
DEBUG:pybindgen.typehandlers:try to lookup type handler for 'void' => success ((<class 'pybindgen.typehandlers.voidtype.VoidReturn'>, None, <pybindgen.typehandlers.ctypeparser.TypeTraits object at 0x7f0dda711450>))
DEBUG:pybindgen.typehandlers:TypeMatcher.lookup('int')
DEBUG:pybindgen.typehandlers:try to lookup type handler for 'int' => success ((<class 'pybindgen.typehandlers.inttype.IntParam'>, None, <pybindgen.typehandlers.ctypeparser.TypeTraits object at 0x7f0dda711590>))
DEBUG:pybindgen.typehandlers:TypeMatcher.lookup('std::string')
DEBUG:pybindgen.typehandlers:try to lookup type handler for 'std::string' => success ((<class 'pybindgen.typehandlers.stringtype.StdStringParam'>, None, <pybindgen.typehandlers.ctypeparser.TypeTraits object at 0x7f0dda711690>))
DEBUG:pybindgen.typehandlers:TypeMatcher.lookup('bool')
DEBUG:pybindgen.typehandlers:try to lookup type handler for 'bool' => success ((<class 'pybindgen.typehandlers.booltype.BoolReturn'>, None, <pybindgen.typehandlers.ctypeparser.TypeTraits object at 0x7f0dda711a90>))
DEBUG:pybindgen.typehandlers:TypeMatcher.lookup('ns3::AttributeValue const &')
DEBUG:pybindgen.typehandlers:try to lookup type handler for 'ns3::AttributeValue const &' => success ((<class 'pybindgen.cppclass.ThisClassRefParameter'>, None, <pybindgen.typehandlers.ctypeparser.TypeTraits object at 0x7f0dda711bd0>))
DEBUG:pybindgen.typehandlers:TypeMatcher.lookup('bool')
DEBUG:pybindgen.typehandlers:try to lookup type handler for 'bool' => success ((<class 'pybindgen.typehandlers.booltype.BoolReturn'>, None, <pybindgen.typehandlers.ctypeparser.TypeTraits object at 0x7f0dda7170d0>))
DEBUG:pybindgen.typehandlers:TypeMatcher.lookup('ns3::AttributeValue const &')
DEBUG:pybindgen.typehandlers:try to lookup type handler for 'ns3::AttributeValue const &' => success ((<class 'pybindgen.cppclass.ThisClassRefParameter'>, None, <pybindgen.typehandlers.ctypeparser.TypeTraits object at 0x7f0dda717210>))
DEBUG:pybindgen.typehandlers:TypeMatcher.lookup('ns3::AttributeValue &')
DEBUG:pybindgen.typehandlers:try to lookup type handler for 'ns3::AttributeValue &' => success ((<class 'pybindgen.cppclass.ThisClassRefParameter'>, None, <pybindgen.typehandlers.ctypeparser.TypeTraits object at 0x7f0dda7173d0>))
DEBUG:pybindgen.typehandlers:TypeMatcher.lookup('ns3::Ptr< ns3::AttributeValue >')
DEBUG:pybindgen.typehandlers:try to lookup type handler for 'ns3::Ptr< ns3::AttributeValue >' => failure
DEBUG:pybindgen.typehandlers:try to lookup type handler for 'ns3::AttributeValue *' => success ((<class 'pybindgen.cppclass.ThisClassPtrReturn'>, <ns3modulegen_core_customizations.SmartPointerTransformation object at 0x7f0ddb24d5d0>, <pybindgen.typehandlers.ctypeparser.TypeTraits object at 0x7f0dda717a50>))
DEBUG:pybindgen.typehandlers:TypeMatcher.lookup('std::string')
DEBUG:pybindgen.typehandlers:try to lookup type handler for 'std::string' => success ((<class 'pybindgen.typehandlers.stringtype.StdStringReturn'>, None, <pybindgen.typehandlers.ctypeparser.TypeTraits object at 0x7f0dda717d90>))
DEBUG:pybindgen.typehandlers:TypeMatcher.lookup('std::string')
DEBUG:pybindgen.typehandlers:try to lookup type handler for 'std::string' => success ((<class 'pybindgen.typehandlers.stringtype.StdStringReturn'>, None, <pybindgen.typehandlers.ctypeparser.TypeTraits object at 0x7f0dda720210>))
DEBUG:pybindgen.typehandlers:TypeMatcher.lookup('bool')
DEBUG:pybindgen.typehandlers:try to lookup type handler for 'bool' => success ((<class 'pybindgen.typehandlers.booltype.BoolReturn'>, None, <pybindgen.typehandlers.ctypeparser.TypeTraits object at 0x7f0dda720650>))
DEBUG:pybindgen.typehandlers:TypeMatcher.lookup('ns3::EnumValue const &')
DEBUG:pybindgen.typehandlers:try to lookup type handler for 'ns3::EnumValue const &' => success ((<class 'pybindgen.cppclass.ThisClassRefParameter'>, None, <pybindgen.typehandlers.ctypeparser.TypeTraits object at 0x7f0dda720ad0>))
DEBUG:pybindgen.typehandlers:TypeMatcher.lookup('int')
DEBUG:pybindgen.typehandlers:try to lookup type handler for 'int' => success ((<class 'pybindgen.typehandlers.inttype.IntParam'>, None, <pybindgen.typehandlers.ctypeparser.TypeTraits object at 0x7f0dda6a9290>))
DEBUG:pybindgen.typehandlers:TypeMatcher.lookup('ns3::Ptr< ns3::AttributeValue >')
DEBUG:pybindgen.typehandlers:try to lookup type handler for 'ns3::Ptr< ns3::AttributeValue >' => failure
DEBUG:pybindgen.typehandlers:try to lookup type handler for 'ns3::AttributeValue *' => success ((<class 'pybindgen.cppclass.ThisClassPtrReturn'>, <ns3modulegen_core_customizations.SmartPointerTransformation object at 0x7f0ddb24d5d0>, <pybindgen.typehandlers.ctypeparser.TypeTraits object at 0x7f0dda6a97d0>))
DEBUG:pybindgen.typehandlers:TypeMatcher.lookup('bool')
DEBUG:pybindgen.typehandlers:try to lookup type handler for 'bool' => success ((<class 'pybindgen.typehandlers.booltype.BoolReturn'>, None, <pybindgen.typehandlers.ctypeparser.TypeTraits object at 0x7f0dda6a9b50>))
DEBUG:pybindgen.typehandlers:TypeMatcher.lookup('std::string')
DEBUG:pybindgen.typehandlers:try to lookup type handler for 'std::string' => success ((<class 'pybindgen.typehandlers.stringtype.StdStringParam'>, None, <pybindgen.typehandlers.ctypeparser.TypeTraits object at 0x7f0dda6a9c90>))
DEBUG:pybindgen.typehandlers:TypeMatcher.lookup('ns3::Ptr< ns3::AttributeChecker const >')
DEBUG:pybindgen.typehandlers:try to lookup type handler for 'ns3::Ptr< ns3::AttributeChecker const >' => failure
DEBUG:pybindgen.typehandlers:try to lookup type handler for 'ns3::AttributeChecker *' => success ((<class 'pybindgen.cppclass.ThisClassPtrParameter'>, <ns3modulegen_core_customizations.SmartPointerTransformation object at 0x7f0ddb24d5d0>, <pybindgen.typehandlers.ctypeparser.TypeTraits object at 0x7f0dda6a9fd0>))
DEBUG:pybindgen.typehandlers:TypeMatcher.lookup('int')
DEBUG:pybindgen.typehandlers:try to lookup type handler for 'int' => success ((<class 'pybindgen.typehandlers.inttype.IntReturn'>, None, <pybindgen.typehandlers.ctypeparser.TypeTraits object at 0x7f0dda6b2310>))
DEBUG:pybindgen.typehandlers:TypeMatcher.lookup('std::string')
DEBUG:pybindgen.typehandlers:try to lookup type handler for 'std::string' => success ((<class 'pybindgen.typehandlers.stringtype.StdStringReturn'>, None, <pybindgen.typehandlers.ctypeparser.TypeTraits object at 0x7f0dda6b2790>))
DEBUG:pybindgen.typehandlers:TypeMatcher.lookup('ns3::Ptr< ns3::AttributeChecker const >')
DEBUG:pybindgen.typehandlers:try to lookup type handler for 'ns3::Ptr< ns3::AttributeChecker const >' => failure
DEBUG:pybindgen.typehandlers:try to lookup type handler for 'ns3::AttributeChecker *' => success ((<class 'pybindgen.cppclass.ThisClassPtrParameter'>, <ns3modulegen_core_customizations.SmartPointerTransformation object at 0x7f0ddb24d5d0>, <pybindgen.typehandlers.ctypeparser.TypeTraits object at 0x7f0dda6b2b10>))
DEBUG:pybindgen.typehandlers:TypeMatcher.lookup('void')
DEBUG:pybindgen.typehandlers:try to lookup type handler for 'void' => success ((<class 'pybindgen.typehandlers.voidtype.VoidReturn'>, None, <pybindgen.typehandlers.ctypeparser.TypeTraits object at 0x7f0dda6b2e50>))
DEBUG:pybindgen.typehandlers:TypeMatcher.lookup('int')
DEBUG:pybindgen.typehandlers:try to lookup type handler for 'int' => success ((<class 'pybindgen.typehandlers.inttype.IntParam'>, None, <pybindgen.typehandlers.ctypeparser.TypeTraits object at 0x7f0dda6b2f90>))
DEBUG:pybindgen.typehandlers:TypeMatcher.lookup('ns3::TypeId')
DEBUG:pybindgen.typehandlers:try to lookup type handler for 'ns3::TypeId' => success ((<class 'pybindgen.cppclass.ThisClassReturn'>, None, <pybindgen.typehandlers.ctypeparser.TypeTraits object at 0x7f0dda6bb410>))
DEBUG:pybindgen.typehandlers:TypeMatcher.lookup('uint32_t')
DEBUG:pybindgen.typehandlers:try to lookup type handler for 'uint32_t' => success ((<class 'pybindgen.typehandlers.inttype.UnsignedIntReturn'>, None, <pybindgen.typehandlers.ctypeparser.TypeTraits object at 0x7f0dda6bbb50>))
DEBUG:pybindgen.typehandlers:TypeMatcher.lookup('double')
DEBUG:pybindgen.typehandlers:try to lookup type handler for 'double' => success ((<class 'pybindgen.typehandlers.doubletype.DoubleReturn'>, None, <pybindgen.typehandlers.ctypeparser.TypeTraits object at 0x7f0dda6bbf90>))
DEBUG:pybindgen.typehandlers:TypeMatcher.lookup('double')
DEBUG:pybindgen.typehandlers:try to lookup type handler for 'double' => success ((<class 'pybindgen.typehandlers.doubletype.DoubleReturn'>, None, <pybindgen.typehandlers.ctypeparser.TypeTraits object at 0x7f0dda6c3410>))
DEBUG:pybindgen.typehandlers:TypeMatcher.lookup('uint32_t')
DEBUG:pybindgen.typehandlers:try to lookup type handler for 'uint32_t' => success ((<class 'pybindgen.typehandlers.inttype.UnsignedIntParam'>, None, <pybindgen.typehandlers.ctypeparser.TypeTraits object at 0x7f0dda6c3550>))
DEBUG:pybindgen.typehandlers:TypeMatcher.lookup('double')
DEBUG:pybindgen.typehandlers:try to lookup type handler for 'double' => success ((<class 'pybindgen.typehandlers.doubletype.DoubleParam'>, None, <pybindgen.typehandlers.ctypeparser.TypeTraits object at 0x7f0dda6c3650>))
DEBUG:pybindgen.typehandlers:TypeMatcher.lookup('uint32_t')
DEBUG:pybindgen.typehandlers:try to lookup type handler for 'uint32_t' => success ((<class 'pybindgen.typehandlers.inttype.UnsignedIntReturn'>, None, <pybindgen.typehandlers.ctypeparser.TypeTraits object at 0x7f0dda6c3a50>))
DEBUG:pybindgen.typehandlers:TypeMatcher.lookup('uint32_t')
DEBUG:pybindgen.typehandlers:try to lookup type handler for 'uint32_t' => success ((<class 'pybindgen.typehandlers.inttype.UnsignedIntParam'>, None, <pybindgen.typehandlers.ctypeparser.TypeTraits object at 0x7f0dda6c3b90>))
DEBUG:pybindgen.typehandlers:TypeMatcher.lookup('uint32_t')
DEBUG:pybindgen.typehandlers:try to lookup type handler for 'uint32_t' => success ((<class 'pybindgen.typehandlers.inttype.UnsignedIntParam'>, None, <pybindgen.typehandlers.ctypeparser.TypeTraits object at 0x7f0dda6c3c90>))
DEBUG:pybindgen.typehandlers:TypeMatcher.lookup('double')
DEBUG:pybindgen.typehandlers:try to lookup type handler for 'double' => success ((<class 'pybindgen.typehandlers.doubletype.DoubleReturn'>, None, <pybindgen.typehandlers.ctypeparser.TypeTraits object at 0x7f0dda6cb0d0>))
DEBUG:pybindgen.typehandlers:TypeMatcher.lookup('uint32_t')
DEBUG:pybindgen.typehandlers:try to lookup type handler for 'uint32_t' => success ((<class 'pybindgen.typehandlers.inttype.UnsignedIntReturn'>, None, <pybindgen.typehandlers.ctypeparser.TypeTraits object at 0x7f0dda6cb790>))
DEBUG:pybindgen.typehandlers:TypeMatcher.lookup('ns3::EventImpl const &')
DEBUG:pybindgen.typehandlers:try to lookup type handler for 'ns3::EventImpl const &' => success ((<class 'pybindgen.cppclass.ThisClassRefParameter'>, None, <pybindgen.typehandlers.ctypeparser.TypeTraits object at 0x7f0dda6cbe50>))
DEBUG:pybindgen.typehandlers:TypeMatcher.lookup('void')
DEBUG:pybindgen.typehandlers:try to lookup type handler for 'void' => success ((<class 'pybindgen.typehandlers.voidtype.VoidReturn'>, None, <pybindgen.typehandlers.ctypeparser.TypeTraits object at 0x7f0dda6d45d0>))
DEBUG:pybindgen.typehandlers:TypeMatcher.lookup('void')
DEBUG:pybindgen.typehandlers:try to lookup type handler for 'void' => success ((<class 'pybindgen.typehandlers.voidtype.VoidReturn'>, None, <pybindgen.typehandlers.ctypeparser.TypeTraits object at 0x7f0dda6d4a50>))
DEBUG:pybindgen.typehandlers:TypeMatcher.lookup('bool')
DEBUG:pybindgen.typehandlers:try to lookup type handler for 'bool' => success ((<class 'pybindgen.typehandlers.booltype.BoolReturn'>, None, <pybindgen.typehandlers.ctypeparser.TypeTraits object at 0x7f0dda6d4ed0>))
DEBUG:pybindgen.typehandlers:TypeMatcher.lookup('void')
DEBUG:pybindgen.typehandlers:try to lookup type handler for 'void' => success ((<class 'pybindgen.typehandlers.voidtype.VoidReturn'>, None, <pybindgen.typehandlers.ctypeparser.TypeTraits object at 0x7f0dda6dc350>))
DEBUG:pybindgen.typehandlers:TypeMatcher.lookup('ns3::TypeId')
DEBUG:pybindgen.typehandlers:try to lookup type handler for 'ns3::TypeId' => success ((<class 'pybindgen.cppclass.ThisClassReturn'>, None, <pybindgen.typehandlers.ctypeparser.TypeTraits object at 0x7f0dda6dc790>))
DEBUG:pybindgen.typehandlers:TypeMatcher.lookup('double')
DEBUG:pybindgen.typehandlers:try to lookup type handler for 'double' => success ((<class 'pybindgen.typehandlers.doubletype.DoubleReturn'>, None, <pybindgen.typehandlers.ctypeparser.TypeTraits object at 0x7f0dda6dced0>))
DEBUG:pybindgen.typehandlers:TypeMatcher.lookup('double')
DEBUG:pybindgen.typehandlers:try to lookup type handler for 'double' => success ((<class 'pybindgen.typehandlers.doubletype.DoubleReturn'>, None, <pybindgen.typehandlers.ctypeparser.TypeTraits object at 0x7f0dda664350>))
DEBUG:pybindgen.typehandlers:TypeMatcher.lookup('double')
DEBUG:pybindgen.typehandlers:try to lookup type handler for 'double' => success ((<class 'pybindgen.typehandlers.doubletype.DoubleReturn'>, None, <pybindgen.typehandlers.ctypeparser.TypeTraits object at 0x7f0dda664790>))
DEBUG:pybindgen.typehandlers:TypeMatcher.lookup('double')
DEBUG:pybindgen.typehandlers:try to lookup type handler for 'double' => success ((<class 'pybindgen.typehandlers.doubletype.DoubleParam'>, None, <pybindgen.typehandlers.ctypeparser.TypeTraits object at 0x7f0dda6648d0>))
DEBUG:pybindgen.typehandlers:TypeMatcher.lookup('double')
DEBUG:pybindgen.typehandlers:try to lookup type handler for 'double' => success ((<class 'pybindgen.typehandlers.doubletype.DoubleParam'>, None, <pybindgen.typehandlers.ctypeparser.TypeTraits object at 0x7f0dda6649d0>))
DEBUG:pybindgen.typehandlers:TypeMatcher.lookup('uint32_t')
DEBUG:pybindgen.typehandlers:try to lookup type handler for 'uint32_t' => success ((<class 'pybindgen.typehandlers.inttype.UnsignedIntReturn'>, None, <pybindgen.typehandlers.ctypeparser.TypeTraits object at 0x7f0dda664dd0>))
DEBUG:pybindgen.typehandlers:TypeMatcher.lookup('uint32_t')
DEBUG:pybindgen.typehandlers:try to lookup type handler for 'uint32_t' => success ((<class 'pybindgen.typehandlers.inttype.UnsignedIntParam'>, None, <pybindgen.typehandlers.ctypeparser.TypeTraits object at 0x7f0dda664f10>))
DEBUG:pybindgen.typehandlers:TypeMatcher.lookup('uint32_t')
DEBUG:pybindgen.typehandlers:try to lookup type handler for 'uint32_t' => success ((<class 'pybindgen.typehandlers.inttype.UnsignedIntParam'>, None, <pybindgen.typehandlers.ctypeparser.TypeTraits object at 0x7f0dda66f050>))
DEBUG:pybindgen.typehandlers:TypeMatcher.lookup('double')
DEBUG:pybindgen.typehandlers:try to lookup type handler for 'double' => success ((<class 'pybindgen.typehandlers.doubletype.DoubleReturn'>, None, <pybindgen.typehandlers.ctypeparser.TypeTraits object at 0x7f0dda66f450>))
DEBUG:pybindgen.typehandlers:TypeMatcher.lookup('uint32_t')
DEBUG:pybindgen.typehandlers:try to lookup type handler for 'uint32_t' => success ((<class 'pybindgen.typehandlers.inttype.UnsignedIntReturn'>, None, <pybindgen.typehandlers.ctypeparser.TypeTraits object at 0x7f0dda66fb10>))
DEBUG:pybindgen.typehandlers:TypeMatcher.lookup('ns3::FdReader const &')
DEBUG:pybindgen.typehandlers:try to lookup type handler for 'ns3::FdReader const &' => success ((<class 'pybindgen.cppclass.ThisClassRefParameter'>, None, <pybindgen.typehandlers.ctypeparser.TypeTraits object at 0x7f0dda676210>))
DEBUG:pybindgen.typehandlers:TypeMatcher.lookup('void')
DEBUG:pybindgen.typehandlers:try to lookup type handler for 'void' => success ((<class 'pybindgen.typehandlers.voidtype.VoidReturn'>, None, <pybindgen.typehandlers.ctypeparser.TypeTraits object at 0x7f0dda676950>))
DEBUG:pybindgen.typehandlers:TypeMatcher.lookup('int')
DEBUG:pybindgen.typehandlers:try to lookup type handler for 'int' => success ((<class 'pybindgen.typehandlers.inttype.IntParam'>, None, <pybindgen.typehandlers.ctypeparser.TypeTraits object at 0x7f0dda676a90>))
DEBUG:pybindgen.typehandlers:TypeMatcher.lookup('ns3::Callback< void, unsigned char *, long, ns3::empty, ns3::empty, ns3::empty, ns3::empty, ns3::empty, ns3::empty, ns3::empty >')
DEBUG:pybindgen.typehandlers:try to lookup type handler for 'ns3::Callback< void, unsigned char *, long, ns3::empty, ns3::empty, ns3::empty, ns3::empty, ns3::empty, ns3::empty, ns3::empty >' => success ((<class 'ns3modulegen_core_customizations.PythonCallbackParameter'>, None, <pybindgen.typehandlers.ctypeparser.TypeTraits object at 0x7f0dda676b90>))
DEBUG:pybindgen.typehandlers:TypeMatcher.lookup('void')
DEBUG:pybindgen.typehandlers:try to lookup type handler for 'void' => success ((<class 'pybindgen.typehandlers.voidtype.VoidReturn'>, None, <pybindgen.typehandlers.ctypeparser.TypeTraits object at 0x7f0dda67e5d0>))
DEBUG:pybindgen.typehandlers:TypeMatcher.lookup('ns3::FdReader::Data')
DEBUG:pybindgen.typehandlers:try to lookup type handler for 'ns3::FdReader::Data' => failure
'ns3::FdReader::Data' did not match
/home/pratyu101/FlyNetSim/NetSim/ns-allinone-3.27/ns-3.27/src/core/bindings/modulegen__gcc_LP64.py:3748: Warning: exception TypeLookupError(['ns3::FdReader::Data'],) in wrapper protected: virtual retval? ???::DoRead (params?) = 0;
  is_pure_virtual=True, visibility='protected', is_virtual=True)
DEBUG:pybindgen.typehandlers:TypeMatcher.lookup('ns3::TypeId')
DEBUG:pybindgen.typehandlers:try to lookup type handler for 'ns3::TypeId' => success ((<class 'pybindgen.cppclass.ThisClassReturn'>, None, <pybindgen.typehandlers.ctypeparser.TypeTraits object at 0x7f0dda67ef50>))
DEBUG:pybindgen.typehandlers:TypeMatcher.lookup('double')
DEBUG:pybindgen.typehandlers:try to lookup type handler for 'double' => success ((<class 'pybindgen.typehandlers.doubletype.DoubleReturn'>, None, <pybindgen.typehandlers.ctypeparser.TypeTraits object at 0x7f0dda689710>))
DEBUG:pybindgen.typehandlers:TypeMatcher.lookup('double')
DEBUG:pybindgen.typehandlers:try to lookup type handler for 'double' => success ((<class 'pybindgen.typehandlers.doubletype.DoubleReturn'>, None, <pybindgen.typehandlers.ctypeparser.TypeTraits object at 0x7f0dda689b50>))
DEBUG:pybindgen.typehandlers:TypeMatcher.lookup('double')
DEBUG:pybindgen.typehandlers:try to lookup type handler for 'double' => success ((<class 'pybindgen.typehandlers.doubletype.DoubleReturn'>, None, <pybindgen.typehandlers.ctypeparser.TypeTraits object at 0x7f0dda689f90>))
DEBUG:pybindgen.typehandlers:TypeMatcher.lookup('double')
DEBUG:pybindgen.typehandlers:try to lookup type handler for 'double' => success ((<class 'pybindgen.typehandlers.doubletype.DoubleParam'>, None, <pybindgen.typehandlers.ctypeparser.TypeTraits object at 0x7f0dda693110>))
DEBUG:pybindgen.typehandlers:TypeMatcher.lookup('double')
DEBUG:pybindgen.typehandlers:try to lookup type handler for 'double' => success ((<class 'pybindgen.typehandlers.doubletype.DoubleParam'>, None, <pybindgen.typehandlers.ctypeparser.TypeTraits object at 0x7f0dda693210>))
DEBUG:pybindgen.typehandlers:TypeMatcher.lookup('uint32_t')
DEBUG:pybindgen.typehandlers:try to lookup type handler for 'uint32_t' => success ((<class 'pybindgen.typehandlers.inttype.UnsignedIntReturn'>, None, <pybindgen.typehandlers.ctypeparser.TypeTraits object at 0x7f0dda693610>))
DEBUG:pybindgen.typehandlers:TypeMatcher.lookup('uint32_t')
DEBUG:pybindgen.typehandlers:try to lookup type handler for 'uint32_t' => success ((<class 'pybindgen.typehandlers.inttype.UnsignedIntParam'>, None, <pybindgen.typehandlers.ctypeparser.TypeTraits object at 0x7f0dda693750>))
DEBUG:pybindgen.typehandlers:TypeMatcher.lookup('uint32_t')
DEBUG:pybindgen.typehandlers:try to lookup type handler for 'uint32_t' => success ((<class 'pybindgen.typehandlers.inttype.UnsignedIntParam'>, None, <pybindgen.typehandlers.ctypeparser.TypeTraits object at 0x7f0dda693850>))
DEBUG:pybindgen.typehandlers:TypeMatcher.lookup('double')
DEBUG:pybindgen.typehandlers:try to lookup type handler for 'double' => success ((<class 'pybindgen.typehandlers.doubletype.DoubleReturn'>, None, <pybindgen.typehandlers.ctypeparser.TypeTraits object at 0x7f0dda67ea50>))
DEBUG:pybindgen.typehandlers:TypeMatcher.lookup('uint32_t')
DEBUG:pybindgen.typehandlers:try to lookup type handler for 'uint32_t' => success ((<class 'pybindgen.typehandlers.inttype.UnsignedIntReturn'>, None, <pybindgen.typehandlers.ctypeparser.TypeTraits object at 0x7f0dda69a290>))
DEBUG:pybindgen.typehandlers:TypeMatcher.lookup('ns3::HeapScheduler const &')
DEBUG:pybindgen.typehandlers:try to lookup type handler for 'ns3::HeapScheduler const &' => success ((<class 'pybindgen.cppclass.ThisClassRefParameter'>, None, <pybindgen.typehandlers.ctypeparser.TypeTraits object at 0x7f0dda69a950>))
DEBUG:pybindgen.typehandlers:TypeMatcher.lookup('ns3::TypeId')
DEBUG:pybindgen.typehandlers:try to lookup type handler for 'ns3::TypeId' => success ((<class 'pybindgen.cppclass.ThisClassReturn'>, None, <pybindgen.typehandlers.ctypeparser.TypeTraits object at 0x7f0dda6a20d0>))
DEBUG:pybindgen.typehandlers:TypeMatcher.lookup('void')
DEBUG:pybindgen.typehandlers:try to lookup type handler for 'void' => success ((<class 'pybindgen.typehandlers.voidtype.VoidReturn'>, None, <pybindgen.typehandlers.ctypeparser.TypeTraits object at 0x7f0dda6a2510>))
DEBUG:pybindgen.typehandlers:TypeMatcher.lookup('ns3::Scheduler::Event const &')
DEBUG:pybindgen.typehandlers:try to lookup type handler for 'ns3::Scheduler::Event const &' => success ((<class 'pybindgen.cppclass.ThisClassRefParameter'>, None, <pybindgen.typehandlers.ctypeparser.TypeTraits object at 0x7f0dda6a2650>))
DEBUG:pybindgen.typehandlers:TypeMatcher.lookup('bool')
DEBUG:pybindgen.typehandlers:try to lookup type handler for 'bool' => success ((<class 'pybindgen.typehandlers.booltype.BoolReturn'>, None, <pybindgen.typehandlers.ctypeparser.TypeTraits object at 0x7f0dda6a2dd0>))
DEBUG:pybindgen.typehandlers:TypeMatcher.lookup('ns3::Scheduler::Event')
DEBUG:pybindgen.typehandlers:try to lookup type handler for 'ns3::Scheduler::Event' => success ((<class 'pybindgen.cppclass.ThisClassReturn'>, None, <pybindgen.typehandlers.ctypeparser.TypeTraits object at 0x7f0dda62b4d0>))
DEBUG:pybindgen.typehandlers:TypeMatcher.lookup('void')
DEBUG:pybindgen.typehandlers:try to lookup type handler for 'void' => success ((<class 'pybindgen.typehandlers.voidtype.VoidReturn'>, None, <pybindgen.typehandlers.ctypeparser.TypeTraits object at 0x7f0dda62bbd0>))
DEBUG:pybindgen.typehandlers:TypeMatcher.lookup('ns3::Scheduler::Event const &')
DEBUG:pybindgen.typehandlers:try to lookup type handler for 'ns3::Scheduler::Event const &' => success ((<class 'pybindgen.cppclass.ThisClassRefParameter'>, None, <pybindgen.typehandlers.ctypeparser.TypeTraits object at 0x7f0dda62bd10>))
DEBUG:pybindgen.typehandlers:TypeMatcher.lookup('ns3::Scheduler::Event')
DEBUG:pybindgen.typehandlers:try to lookup type handler for 'ns3::Scheduler::Event' => success ((<class 'pybindgen.cppclass.ThisClassReturn'>, None, <pybindgen.typehandlers.ctypeparser.TypeTraits object at 0x7f0dda633490>))
DEBUG:pybindgen.typehandlers:TypeMatcher.lookup('int64_t const &')
DEBUG:pybindgen.typehandlers:try to lookup type handler for 'int64_t const &' => success ((<class 'pybindgen.typehandlers.inttype.LongLongRefParam'>, None, <pybindgen.typehandlers.ctypeparser.TypeTraits object at 0x7f0dda633ed0>))
DEBUG:pybindgen.typehandlers:TypeMatcher.lookup('ns3::IntegerValue const &')
DEBUG:pybindgen.typehandlers:try to lookup type handler for 'ns3::IntegerValue const &' => success ((<class 'pybindgen.cppclass.ThisClassRefParameter'>, None, <pybindgen.typehandlers.ctypeparser.TypeTraits object at 0x7f0dda63c350>))
DEBUG:pybindgen.typehandlers:TypeMatcher.lookup('ns3::Ptr< ns3::AttributeValue >')
DEBUG:pybindgen.typehandlers:try to lookup type handler for 'ns3::Ptr< ns3::AttributeValue >' => failure
DEBUG:pybindgen.typehandlers:try to lookup type handler for 'ns3::AttributeValue *' => success ((<class 'pybindgen.cppclass.ThisClassPtrReturn'>, <ns3modulegen_core_customizations.SmartPointerTransformation object at 0x7f0ddb24d5d0>, <pybindgen.typehandlers.ctypeparser.TypeTraits object at 0x7f0dda63c950>))
DEBUG:pybindgen.typehandlers:TypeMatcher.lookup('bool')
DEBUG:pybindgen.typehandlers:try to lookup type handler for 'bool' => success ((<class 'pybindgen.typehandlers.booltype.BoolReturn'>, None, <pybindgen.typehandlers.ctypeparser.TypeTraits object at 0x7f0dda63cc90>))
DEBUG:pybindgen.typehandlers:TypeMatcher.lookup('std::string')
DEBUG:pybindgen.typehandlers:try to lookup type handler for 'std::string' => success ((<class 'pybindgen.typehandlers.stringtype.StdStringParam'>, None, <pybindgen.typehandlers.ctypeparser.TypeTraits object at 0x7f0dda63cdd0>))
DEBUG:pybindgen.typehandlers:TypeMatcher.lookup('ns3::Ptr< ns3::AttributeChecker const >')
DEBUG:pybindgen.typehandlers:try to lookup type handler for 'ns3::Ptr< ns3::AttributeChecker const >' => failure
DEBUG:pybindgen.typehandlers:try to lookup type handler for 'ns3::AttributeChecker *' => success ((<class 'pybindgen.cppclass.ThisClassPtrParameter'>, <ns3modulegen_core_customizations.SmartPointerTransformation object at 0x7f0ddb24d5d0>, <pybindgen.typehandlers.ctypeparser.TypeTraits object at 0x7f0dda645150>))
DEBUG:pybindgen.typehandlers:TypeMatcher.lookup('int64_t')
DEBUG:pybindgen.typehandlers:try to lookup type handler for 'int64_t' => success ((<class 'pybindgen.typehandlers.inttype.LongLongReturn'>, None, <pybindgen.typehandlers.ctypeparser.TypeTraits object at 0x7f0dda645450>))
DEBUG:pybindgen.typehandlers:TypeMatcher.lookup('std::string')
DEBUG:pybindgen.typehandlers:try to lookup type handler for 'std::string' => success ((<class 'pybindgen.typehandlers.stringtype.StdStringReturn'>, None, <pybindgen.typehandlers.ctypeparser.TypeTraits object at 0x7f0dda6458d0>))
DEBUG:pybindgen.typehandlers:TypeMatcher.lookup('ns3::Ptr< ns3::AttributeChecker const >')
DEBUG:pybindgen.typehandlers:try to lookup type handler for 'ns3::Ptr< ns3::AttributeChecker const >' => failure
DEBUG:pybindgen.typehandlers:try to lookup type handler for 'ns3::AttributeChecker *' => success ((<class 'pybindgen.cppclass.ThisClassPtrParameter'>, <ns3modulegen_core_customizations.SmartPointerTransformation object at 0x7f0ddb24d5d0>, <pybindgen.typehandlers.ctypeparser.TypeTraits object at 0x7f0dda645c50>))
DEBUG:pybindgen.typehandlers:TypeMatcher.lookup('void')
DEBUG:pybindgen.typehandlers:try to lookup type handler for 'void' => success ((<class 'pybindgen.typehandlers.voidtype.VoidReturn'>, None, <pybindgen.typehandlers.ctypeparser.TypeTraits object at 0x7f0dda645f50>))
DEBUG:pybindgen.typehandlers:TypeMatcher.lookup('int64_t const &')
DEBUG:pybindgen.typehandlers:try to lookup type handler for 'int64_t const &' => success ((<class 'pybindgen.typehandlers.inttype.LongLongRefParam'>, None, <pybindgen.typehandlers.ctypeparser.TypeTraits object at 0x7f0dda64d0d0>))
DEBUG:pybindgen.typehandlers:TypeMatcher.lookup('ns3::ListScheduler const &')
DEBUG:pybindgen.typehandlers:try to lookup type handler for 'ns3::ListScheduler const &' => success ((<class 'pybindgen.cppclass.ThisClassRefParameter'>, None, <pybindgen.typehandlers.ctypeparser.TypeTraits object at 0x7f0dda64d5d0>))
DEBUG:pybindgen.typehandlers:TypeMatcher.lookup('ns3::TypeId')
DEBUG:pybindgen.typehandlers:try to lookup type handler for 'ns3::TypeId' => success ((<class 'pybindgen.cppclass.ThisClassReturn'>, None, <pybindgen.typehandlers.ctypeparser.TypeTraits object at 0x7f0dda64dd10>))
DEBUG:pybindgen.typehandlers:TypeMatcher.lookup('void')
DEBUG:pybindgen.typehandlers:try to lookup type handler for 'void' => success ((<class 'pybindgen.typehandlers.voidtype.VoidReturn'>, None, <pybindgen.typehandlers.ctypeparser.TypeTraits object at 0x7f0dda655190>))
DEBUG:pybindgen.typehandlers:TypeMatcher.lookup('ns3::Scheduler::Event const &')
DEBUG:pybindgen.typehandlers:try to lookup type handler for 'ns3::Scheduler::Event const &' => success ((<class 'pybindgen.cppclass.ThisClassRefParameter'>, None, <pybindgen.typehandlers.ctypeparser.TypeTraits object at 0x7f0dda6552d0>))
DEBUG:pybindgen.typehandlers:TypeMatcher.lookup('bool')
DEBUG:pybindgen.typehandlers:try to lookup type handler for 'bool' => success ((<class 'pybindgen.typehandlers.booltype.BoolReturn'>, None, <pybindgen.typehandlers.ctypeparser.TypeTraits object at 0x7f0dda655a50>))
DEBUG:pybindgen.typehandlers:TypeMatcher.lookup('ns3::Scheduler::Event')
DEBUG:pybindgen.typehandlers:try to lookup type handler for 'ns3::Scheduler::Event' => success ((<class 'pybindgen.cppclass.ThisClassReturn'>, None, <pybindgen.typehandlers.ctypeparser.TypeTraits object at 0x7f0dda65e150>))
DEBUG:pybindgen.typehandlers:TypeMatcher.lookup('void')
DEBUG:pybindgen.typehandlers:try to lookup type handler for 'void' => success ((<class 'pybindgen.typehandlers.voidtype.VoidReturn'>, None, <pybindgen.typehandlers.ctypeparser.TypeTraits object at 0x7f0dda65e850>))
DEBUG:pybindgen.typehandlers:TypeMatcher.lookup('ns3::Scheduler::Event const &')
DEBUG:pybindgen.typehandlers:try to lookup type handler for 'ns3::Scheduler::Event const &' => success ((<class 'pybindgen.cppclass.ThisClassRefParameter'>, None, <pybindgen.typehandlers.ctypeparser.TypeTraits object at 0x7f0dda65e990>))
DEBUG:pybindgen.typehandlers:TypeMatcher.lookup('ns3::Scheduler::Event')
DEBUG:pybindgen.typehandlers:try to lookup type handler for 'ns3::Scheduler::Event' => success ((<class 'pybindgen.cppclass.ThisClassReturn'>, None, <pybindgen.typehandlers.ctypeparser.TypeTraits object at 0x7f0dda5e7110>))
DEBUG:pybindgen.typehandlers:TypeMatcher.lookup('ns3::TypeId')
DEBUG:pybindgen.typehandlers:try to lookup type handler for 'ns3::TypeId' => success ((<class 'pybindgen.cppclass.ThisClassReturn'>, None, <pybindgen.typehandlers.ctypeparser.TypeTraits object at 0x7f0dda5e7810>))
DEBUG:pybindgen.typehandlers:TypeMatcher.lookup('double')
DEBUG:pybindgen.typehandlers:try to lookup type handler for 'double' => success ((<class 'pybindgen.typehandlers.doubletype.DoubleReturn'>, None, <pybindgen.typehandlers.ctypeparser.TypeTraits object at 0x7f0dda5e7f50>))
DEBUG:pybindgen.typehandlers:TypeMatcher.lookup('double')
DEBUG:pybindgen.typehandlers:try to lookup type handler for 'double' => success ((<class 'pybindgen.typehandlers.doubletype.DoubleReturn'>, None, <pybindgen.typehandlers.ctypeparser.TypeTraits object at 0x7f0dda5f03d0>))
DEBUG:pybindgen.typehandlers:TypeMatcher.lookup('double')
DEBUG:pybindgen.typehandlers:try to lookup type handler for 'double' => success ((<class 'pybindgen.typehandlers.doubletype.DoubleReturn'>, None, <pybindgen.typehandlers.ctypeparser.TypeTraits object at 0x7f0dda5f0810>))
DEBUG:pybindgen.typehandlers:TypeMatcher.lookup('double')
DEBUG:pybindgen.typehandlers:try to lookup type handler for 'double' => success ((<class 'pybindgen.typehandlers.doubletype.DoubleParam'>, None, <pybindgen.typehandlers.ctypeparser.TypeTraits object at 0x7f0dda5f0950>))
DEBUG:pybindgen.typehandlers:TypeMatcher.lookup('double')
DEBUG:pybindgen.typehandlers:try to lookup type handler for 'double' => success ((<class 'pybindgen.typehandlers.doubletype.DoubleParam'>, None, <pybindgen.typehandlers.ctypeparser.TypeTraits object at 0x7f0dda5f0a50>))
DEBUG:pybindgen.typehandlers:TypeMatcher.lookup('uint32_t')
DEBUG:pybindgen.typehandlers:try to lookup type handler for 'uint32_t' => success ((<class 'pybindgen.typehandlers.inttype.UnsignedIntReturn'>, None, <pybindgen.typehandlers.ctypeparser.TypeTraits object at 0x7f0dda5f0e50>))
DEBUG:pybindgen.typehandlers:TypeMatcher.lookup('uint32_t')
DEBUG:pybindgen.typehandlers:try to lookup type handler for 'uint32_t' => success ((<class 'pybindgen.typehandlers.inttype.UnsignedIntParam'>, None, <pybindgen.typehandlers.ctypeparser.TypeTraits object at 0x7f0dda5f0f90>))
DEBUG:pybindgen.typehandlers:TypeMatcher.lookup('uint32_t')
DEBUG:pybindgen.typehandlers:try to lookup type handler for 'uint32_t' => success ((<class 'pybindgen.typehandlers.inttype.UnsignedIntParam'>, None, <pybindgen.typehandlers.ctypeparser.TypeTraits object at 0x7f0dda5f80d0>))
DEBUG:pybindgen.typehandlers:TypeMatcher.lookup('double')
DEBUG:pybindgen.typehandlers:try to lookup type handler for 'double' => success ((<class 'pybindgen.typehandlers.doubletype.DoubleReturn'>, None, <pybindgen.typehandlers.ctypeparser.TypeTraits object at 0x7f0dda5f84d0>))
DEBUG:pybindgen.typehandlers:TypeMatcher.lookup('uint32_t')
DEBUG:pybindgen.typehandlers:try to lookup type handler for 'uint32_t' => success ((<class 'pybindgen.typehandlers.inttype.UnsignedIntReturn'>, None, <pybindgen.typehandlers.ctypeparser.TypeTraits object at 0x7f0dda5f8910>))
DEBUG:pybindgen.typehandlers:TypeMatcher.lookup('ns3::MapScheduler const &')
DEBUG:pybindgen.typehandlers:try to lookup type handler for 'ns3::MapScheduler const &' => success ((<class 'pybindgen.cppclass.ThisClassRefParameter'>, None, <pybindgen.typehandlers.ctypeparser.TypeTraits object at 0x7f0dda5f8fd0>))
DEBUG:pybindgen.typehandlers:TypeMatcher.lookup('ns3::TypeId')
DEBUG:pybindgen.typehandlers:try to lookup type handler for 'ns3::TypeId' => success ((<class 'pybindgen.cppclass.ThisClassReturn'>, None, <pybindgen.typehandlers.ctypeparser.TypeTraits object at 0x7f0dda600750>))
DEBUG:pybindgen.typehandlers:TypeMatcher.lookup('void')
DEBUG:pybindgen.typehandlers:try to lookup type handler for 'void' => success ((<class 'pybindgen.typehandlers.voidtype.VoidReturn'>, None, <pybindgen.typehandlers.ctypeparser.TypeTraits object at 0x7f0dda600b90>))
DEBUG:pybindgen.typehandlers:TypeMatcher.lookup('ns3::Scheduler::Event const &')
DEBUG:pybindgen.typehandlers:try to lookup type handler for 'ns3::Scheduler::Event const &' => success ((<class 'pybindgen.cppclass.ThisClassRefParameter'>, None, <pybindgen.typehandlers.ctypeparser.TypeTraits object at 0x7f0dda600cd0>))
DEBUG:pybindgen.typehandlers:TypeMatcher.lookup('bool')
DEBUG:pybindgen.typehandlers:try to lookup type handler for 'bool' => success ((<class 'pybindgen.typehandlers.booltype.BoolReturn'>, None, <pybindgen.typehandlers.ctypeparser.TypeTraits object at 0x7f0dda608490>))
DEBUG:pybindgen.typehandlers:TypeMatcher.lookup('ns3::Scheduler::Event')
DEBUG:pybindgen.typehandlers:try to lookup type handler for 'ns3::Scheduler::Event' => success ((<class 'pybindgen.cppclass.ThisClassReturn'>, None, <pybindgen.typehandlers.ctypeparser.TypeTraits object at 0x7f0dda608b50>))
DEBUG:pybindgen.typehandlers:TypeMatcher.lookup('void')
DEBUG:pybindgen.typehandlers:try to lookup type handler for 'void' => success ((<class 'pybindgen.typehandlers.voidtype.VoidReturn'>, None, <pybindgen.typehandlers.ctypeparser.TypeTraits object at 0x7f0dda612290>))
DEBUG:pybindgen.typehandlers:TypeMatcher.lookup('ns3::Scheduler::Event const &')
DEBUG:pybindgen.typehandlers:try to lookup type handler for 'ns3::Scheduler::Event const &' => success ((<class 'pybindgen.cppclass.ThisClassRefParameter'>, None, <pybindgen.typehandlers.ctypeparser.TypeTraits object at 0x7f0dda6123d0>))
DEBUG:pybindgen.typehandlers:TypeMatcher.lookup('ns3::Scheduler::Event')
DEBUG:pybindgen.typehandlers:try to lookup type handler for 'ns3::Scheduler::Event' => success ((<class 'pybindgen.cppclass.ThisClassReturn'>, None, <pybindgen.typehandlers.ctypeparser.TypeTraits object at 0x7f0dda612b10>))
DEBUG:pybindgen.typehandlers:TypeMatcher.lookup('double const')
DEBUG:pybindgen.typehandlers:try to lookup type handler for 'double const' => success ((<class 'pybindgen.typehandlers.doubletype.DoubleReturn'>, None, <pybindgen.typehandlers.ctypeparser.TypeTraits object at 0x7f0dda61a210>))
DEBUG:pybindgen.typehandlers:TypeMatcher.lookup('ns3::TypeId')
DEBUG:pybindgen.typehandlers:try to lookup type handler for 'ns3::TypeId' => success ((<class 'pybindgen.cppclass.ThisClassReturn'>, None, <pybindgen.typehandlers.ctypeparser.TypeTraits object at 0x7f0dda61a650>))
DEBUG:pybindgen.typehandlers:TypeMatcher.lookup('double')
DEBUG:pybindgen.typehandlers:try to lookup type handler for 'double' => success ((<class 'pybindgen.typehandlers.doubletype.DoubleReturn'>, None, <pybindgen.typehandlers.ctypeparser.TypeTraits object at 0x7f0dda61add0>))
DEBUG:pybindgen.typehandlers:TypeMatcher.lookup('double')
DEBUG:pybindgen.typehandlers:try to lookup type handler for 'double' => success ((<class 'pybindgen.typehandlers.doubletype.DoubleReturn'>, None, <pybindgen.typehandlers.ctypeparser.TypeTraits object at 0x7f0dda5a3250>))
DEBUG:pybindgen.typehandlers:TypeMatcher.lookup('double')
DEBUG:pybindgen.typehandlers:try to lookup type handler for 'double' => success ((<class 'pybindgen.typehandlers.doubletype.DoubleReturn'>, None, <pybindgen.typehandlers.ctypeparser.TypeTraits object at 0x7f0dda5a3690>))
DEBUG:pybindgen.typehandlers:TypeMatcher.lookup('double')
DEBUG:pybindgen.typehandlers:try to lookup type handler for 'double' => success ((<class 'pybindgen.typehandlers.doubletype.DoubleReturn'>, None, <pybindgen.typehandlers.ctypeparser.TypeTraits object at 0x7f0dda5a3ad0>))
DEBUG:pybindgen.typehandlers:TypeMatcher.lookup('double')
DEBUG:pybindgen.typehandlers:try to lookup type handler for 'double' => success ((<class 'pybindgen.typehandlers.doubletype.DoubleParam'>, None, <pybindgen.typehandlers.ctypeparser.TypeTraits object at 0x7f0dda5a3c10>))
DEBUG:pybindgen.typehandlers:TypeMatcher.lookup('double')
DEBUG:pybindgen.typehandlers:try to lookup type handler for 'double' => success ((<class 'pybindgen.typehandlers.doubletype.DoubleParam'>, None, <pybindgen.typehandlers.ctypeparser.TypeTraits object at 0x7f0dda5a3d10>))
DEBUG:pybindgen.typehandlers:TypeMatcher.lookup('double')
DEBUG:pybindgen.typehandlers:try to lookup type handler for 'double' => success ((<class 'pybindgen.typehandlers.doubletype.DoubleParam'>, None, <pybindgen.typehandlers.ctypeparser.TypeTraits object at 0x7f0dda5a3e10>))
DEBUG:pybindgen.typehandlers:TypeMatcher.lookup('uint32_t')
DEBUG:pybindgen.typehandlers:try to lookup type handler for 'uint32_t' => success ((<class 'pybindgen.typehandlers.inttype.UnsignedIntReturn'>, None, <pybindgen.typehandlers.ctypeparser.TypeTraits object at 0x7f0dda5ad250>))
DEBUG:pybindgen.typehandlers:TypeMatcher.lookup('uint32_t')
DEBUG:pybindgen.typehandlers:try to lookup type handler for 'uint32_t' => success ((<class 'pybindgen.typehandlers.inttype.UnsignedIntParam'>, None, <pybindgen.typehandlers.ctypeparser.TypeTraits object at 0x7f0dda5ad390>))
DEBUG:pybindgen.typehandlers:TypeMatcher.lookup('uint32_t')
DEBUG:pybindgen.typehandlers:try to lookup type handler for 'uint32_t' => success ((<class 'pybindgen.typehandlers.inttype.UnsignedIntParam'>, None, <pybindgen.typehandlers.ctypeparser.TypeTraits object at 0x7f0dda5ad490>))
DEBUG:pybindgen.typehandlers:TypeMatcher.lookup('uint32_t')
DEBUG:pybindgen.typehandlers:try to lookup type handler for 'uint32_t' => success ((<class 'pybindgen.typehandlers.inttype.UnsignedIntParam'>, None, <pybindgen.typehandlers.ctypeparser.TypeTraits object at 0x7f0dda5ad590>))
DEBUG:pybindgen.typehandlers:TypeMatcher.lookup('double')
DEBUG:pybindgen.typehandlers:try to lookup type handler for 'double' => success ((<class 'pybindgen.typehandlers.doubletype.DoubleReturn'>, None, <pybindgen.typehandlers.ctypeparser.TypeTraits object at 0x7f0dda5ad990>))
DEBUG:pybindgen.typehandlers:TypeMatcher.lookup('uint32_t')
DEBUG:pybindgen.typehandlers:try to lookup type handler for 'uint32_t' => success ((<class 'pybindgen.typehandlers.inttype.UnsignedIntReturn'>, None, <pybindgen.typehandlers.ctypeparser.TypeTraits object at 0x7f0dda5b5090>))
DEBUG:pybindgen.typehandlers:TypeMatcher.lookup('ns3::ObjectFactoryChecker const &')
DEBUG:pybindgen.typehandlers:try to lookup type handler for 'ns3::ObjectFactoryChecker const &' => success ((<class 'pybindgen.cppclass.ThisClassRefParameter'>, None, <pybindgen.typehandlers.ctypeparser.TypeTraits object at 0x7f0dda5b5a50>))
DEBUG:pybindgen.typehandlers:TypeMatcher.lookup('ns3::ObjectFactory const &')
DEBUG:pybindgen.typehandlers:try to lookup type handler for 'ns3::ObjectFactory const &' => success ((<class 'pybindgen.cppclass.ThisClassRefParameter'>, None, <pybindgen.typehandlers.ctypeparser.TypeTraits object at 0x7f0dda5be210>))
DEBUG:pybindgen.typehandlers:TypeMatcher.lookup('ns3::ObjectFactoryValue const &')
DEBUG:pybindgen.typehandlers:try to lookup type handler for 'ns3::ObjectFactoryValue const &' => success ((<class 'pybindgen.cppclass.ThisClassRefParameter'>, None, <pybindgen.typehandlers.ctypeparser.TypeTraits object at 0x7f0dda5be690>))
DEBUG:pybindgen.typehandlers:TypeMatcher.lookup('ns3::Ptr< ns3::AttributeValue >')
DEBUG:pybindgen.typehandlers:try to lookup type handler for 'ns3::Ptr< ns3::AttributeValue >' => failure
DEBUG:pybindgen.typehandlers:try to lookup type handler for 'ns3::AttributeValue *' => success ((<class 'pybindgen.cppclass.ThisClassPtrReturn'>, <ns3modulegen_core_customizations.SmartPointerTransformation object at 0x7f0ddb24d5d0>, <pybindgen.typehandlers.ctypeparser.TypeTraits object at 0x7f0dda5bec90>))
DEBUG:pybindgen.typehandlers:TypeMatcher.lookup('bool')
DEBUG:pybindgen.typehandlers:try to lookup type handler for 'bool' => success ((<class 'pybindgen.typehandlers.booltype.BoolReturn'>, None, <pybindgen.typehandlers.ctypeparser.TypeTraits object at 0x7f0dda5befd0>))
DEBUG:pybindgen.typehandlers:TypeMatcher.lookup('std::string')
DEBUG:pybindgen.typehandlers:try to lookup type handler for 'std::string' => success ((<class 'pybindgen.typehandlers.stringtype.StdStringParam'>, None, <pybindgen.typehandlers.ctypeparser.TypeTraits object at 0x7f0dda5c8150>))
DEBUG:pybindgen.typehandlers:TypeMatcher.lookup('ns3::Ptr< ns3::AttributeChecker const >')
DEBUG:pybindgen.typehandlers:try to lookup type handler for 'ns3::Ptr< ns3::AttributeChecker const >' => failure
DEBUG:pybindgen.typehandlers:try to lookup type handler for 'ns3::AttributeChecker *' => success ((<class 'pybindgen.cppclass.ThisClassPtrParameter'>, <ns3modulegen_core_customizations.SmartPointerTransformation object at 0x7f0ddb24d5d0>, <pybindgen.typehandlers.ctypeparser.TypeTraits object at 0x7f0dda5c8490>))
DEBUG:pybindgen.typehandlers:TypeMatcher.lookup('ns3::ObjectFactory')
DEBUG:pybindgen.typehandlers:try to lookup type handler for 'ns3::ObjectFactory' => success ((<class 'pybindgen.cppclass.ThisClassReturn'>, None, <pybindgen.typehandlers.ctypeparser.TypeTraits object at 0x7f0dda5c8790>))
DEBUG:pybindgen.typehandlers:TypeMatcher.lookup('std::string')
DEBUG:pybindgen.typehandlers:try to lookup type handler for 'std::string' => success ((<class 'pybindgen.typehandlers.stringtype.StdStringReturn'>, None, <pybindgen.typehandlers.ctypeparser.TypeTraits object at 0x7f0dda5c8bd0>))
DEBUG:pybindgen.typehandlers:TypeMatcher.lookup('ns3::Ptr< ns3::AttributeChecker const >')
DEBUG:pybindgen.typehandlers:try to lookup type handler for 'ns3::Ptr< ns3::AttributeChecker const >' => failure
DEBUG:pybindgen.typehandlers:try to lookup type handler for 'ns3::AttributeChecker *' => success ((<class 'pybindgen.cppclass.ThisClassPtrParameter'>, <ns3modulegen_core_customizations.SmartPointerTransformation object at 0x7f0ddb24d5d0>, <pybindgen.typehandlers.ctypeparser.TypeTraits object at 0x7f0dda5c8f50>))
DEBUG:pybindgen.typehandlers:TypeMatcher.lookup('void')
DEBUG:pybindgen.typehandlers:try to lookup type handler for 'void' => success ((<class 'pybindgen.typehandlers.voidtype.VoidReturn'>, None, <pybindgen.typehandlers.ctypeparser.TypeTraits object at 0x7f0dda5d0290>))
DEBUG:pybindgen.typehandlers:TypeMatcher.lookup('ns3::ObjectFactory const &')
DEBUG:pybindgen.typehandlers:try to lookup type handler for 'ns3::ObjectFactory const &' => success ((<class 'pybindgen.cppclass.ThisClassRefParameter'>, None, <pybindgen.typehandlers.ctypeparser.TypeTraits object at 0x7f0dda5d03d0>))
DEBUG:pybindgen.typehandlers:TypeMatcher.lookup('ns3::ObjectPtrContainerAccessor const &')
DEBUG:pybindgen.typehandlers:try to lookup type handler for 'ns3::ObjectPtrContainerAccessor const &' => success ((<class 'pybindgen.cppclass.ThisClassRefParameter'>, None, <pybindgen.typehandlers.ctypeparser.TypeTraits object at 0x7f0dda5d0bd0>))
DEBUG:pybindgen.typehandlers:TypeMatcher.lookup('bool')
DEBUG:pybindgen.typehandlers:try to lookup type handler for 'bool' => success ((<class 'pybindgen.typehandlers.booltype.BoolReturn'>, None, <pybindgen.typehandlers.ctypeparser.TypeTraits object at 0x7f0dda5d0fd0>))
DEBUG:pybindgen.typehandlers:TypeMatcher.lookup('ns3::ObjectBase const *')
DEBUG:pybindgen.typehandlers:try to lookup type handler for 'ns3::ObjectBase const *' => success ((<class 'pybindgen.cppclass.ThisClassPtrParameter'>, None, <pybindgen.typehandlers.ctypeparser.TypeTraits object at 0x7f0dda5d9150>))
DEBUG:pybindgen.typehandlers:TypeMatcher.lookup('ns3::AttributeValue &')
DEBUG:pybindgen.typehandlers:try to lookup type handler for 'ns3::AttributeValue &' => success ((<class 'pybindgen.cppclass.ThisClassRefParameter'>, None, <pybindgen.typehandlers.ctypeparser.TypeTraits object at 0x7f0dda5d9310>))
DEBUG:pybindgen.typehandlers:TypeMatcher.lookup('bool')
DEBUG:pybindgen.typehandlers:try to lookup type handler for 'bool' => success ((<class 'pybindgen.typehandlers.booltype.BoolReturn'>, None, <pybindgen.typehandlers.ctypeparser.TypeTraits object at 0x7f0dda5d9790>))
DEBUG:pybindgen.typehandlers:TypeMatcher.lookup('bool')
DEBUG:pybindgen.typehandlers:try to lookup type handler for 'bool' => success ((<class 'pybindgen.typehandlers.booltype.BoolReturn'>, None, <pybindgen.typehandlers.ctypeparser.TypeTraits object at 0x7f0dda5d9bd0>))
DEBUG:pybindgen.typehandlers:TypeMatcher.lookup('bool')
DEBUG:pybindgen.typehandlers:try to lookup type handler for 'bool' => success ((<class 'pybindgen.typehandlers.booltype.BoolReturn'>, None, <pybindgen.typehandlers.ctypeparser.TypeTraits object at 0x7f0dda5e1050>))
DEBUG:pybindgen.typehandlers:TypeMatcher.lookup('ns3::ObjectBase *')
DEBUG:pybindgen.typehandlers:try to lookup type handler for 'ns3::ObjectBase *' => success ((<class 'pybindgen.cppclass.ThisClassPtrParameter'>, None, <pybindgen.typehandlers.ctypeparser.TypeTraits object at 0x7f0dda5e1190>))
/home/pratyu101/FlyNetSim/NetSim/ns-allinone-3.27/ns-3.27/src/core/bindings/modulegen__gcc_LP64.py:4080: Warning: exception TypeConfigurationError('Missing transfer_ownership option',) in wrapper public: virtual retval? ???::Set (params?) const;
  is_const=True, is_virtual=True)
DEBUG:pybindgen.typehandlers:TypeMatcher.lookup('ns3::Ptr< ns3::Object >')
DEBUG:pybindgen.typehandlers:try to lookup type handler for 'ns3::Ptr< ns3::Object >' => failure
DEBUG:pybindgen.typehandlers:try to lookup type handler for 'ns3::Object *' => success ((<class 'pybindgen.cppclass.ThisClassPtrReturn'>, <ns3modulegen_core_customizations.SmartPointerTransformation object at 0x7f0ddb24d5d0>, <pybindgen.typehandlers.ctypeparser.TypeTraits object at 0x7f0dda5e1b90>))
DEBUG:pybindgen.typehandlers:TypeMatcher.lookup('ns3::ObjectBase const *')
DEBUG:pybindgen.typehandlers:try to lookup type handler for 'ns3::ObjectBase const *' => success ((<class 'pybindgen.cppclass.ThisClassPtrParameter'>, None, <pybindgen.typehandlers.ctypeparser.TypeTraits object at 0x7f0dda5e1bd0>))
DEBUG:pybindgen.typehandlers:TypeMatcher.lookup('uint32_t')
DEBUG:pybindgen.typehandlers:try to lookup type handler for 'uint32_t' => success ((<class 'pybindgen.typehandlers.inttype.UnsignedIntParam'>, None, <pybindgen.typehandlers.ctypeparser.TypeTraits object at 0x7f0dda5e1d90>))
DEBUG:pybindgen.typehandlers:TypeMatcher.lookup('uint32_t *')
DEBUG:pybindgen.typehandlers:try to lookup type handler for 'uint32_t *' => success ((<class 'pybindgen.typehandlers.inttype.UnsignedIntPtrParam'>, None, <pybindgen.typehandlers.ctypeparser.TypeTraits object at 0x7f0dda5e1e90>))
DEBUG:pybindgen.typehandlers:TypeMatcher.lookup('bool')
DEBUG:pybindgen.typehandlers:try to lookup type handler for 'bool' => success ((<class 'pybindgen.typehandlers.booltype.BoolReturn'>, None, <pybindgen.typehandlers.ctypeparser.TypeTraits object at 0x7f0dda568290>))
DEBUG:pybindgen.typehandlers:TypeMatcher.lookup('ns3::ObjectBase const *')
DEBUG:pybindgen.typehandlers:try to lookup type handler for 'ns3::ObjectBase const *' => success ((<class 'pybindgen.cppclass.ThisClassPtrParameter'>, None, <pybindgen.typehandlers.ctypeparser.TypeTraits object at 0x7f0dda568410>))
DEBUG:pybindgen.typehandlers:TypeMatcher.lookup('uint32_t *')
DEBUG:pybindgen.typehandlers:try to lookup type handler for 'uint32_t *' => success ((<class 'pybindgen.typehandlers.inttype.UnsignedIntPtrParam'>, None, <pybindgen.typehandlers.ctypeparser.TypeTraits object at 0x7f0dda5685d0>))
DEBUG:pybindgen.typehandlers:TypeMatcher.lookup('ns3::ObjectPtrContainerChecker const &')
DEBUG:pybindgen.typehandlers:try to lookup type handler for 'ns3::ObjectPtrContainerChecker const &' => success ((<class 'pybindgen.cppclass.ThisClassRefParameter'>, None, <pybindgen.typehandlers.ctypeparser.TypeTraits object at 0x7f0dda568d10>))
DEBUG:pybindgen.typehandlers:TypeMatcher.lookup('ns3::TypeId')
DEBUG:pybindgen.typehandlers:try to lookup type handler for 'ns3::TypeId' => success ((<class 'pybindgen.cppclass.ThisClassReturn'>, None, <pybindgen.typehandlers.ctypeparser.TypeTraits object at 0x7f0dda56f150>))
DEBUG:pybindgen.typehandlers:TypeMatcher.lookup('ns3::ObjectPtrContainerValue const &')
DEBUG:pybindgen.typehandlers:try to lookup type handler for 'ns3::ObjectPtrContainerValue const &' => success ((<class 'pybindgen.cppclass.ThisClassRefParameter'>, None, <pybindgen.typehandlers.ctypeparser.TypeTraits object at 0x7f0dda56f5d0>))
DEBUG:pybindgen.typehandlers:TypeMatcher.lookup('ns3::ObjectPtrContainerValue::Iterator')
DEBUG:pybindgen.typehandlers:try to lookup type handler for 'ns3::ObjectPtrContainerValue::Iterator' => failure
'ns3::ObjectPtrContainerValue::Iterator' did not match
/home/pratyu101/FlyNetSim/NetSim/ns-allinone-3.27/ns-3.27/src/core/bindings/modulegen__gcc_LP64.py:4114: Warning: exception TypeLookupError(['ns3::ObjectPtrContainerValue::Iterator'],) in wrapper public: retval? ???::Begin (params?) const;
  is_const=True)
DEBUG:pybindgen.typehandlers:TypeMatcher.lookup('ns3::Ptr< ns3::AttributeValue >')
DEBUG:pybindgen.typehandlers:try to lookup type handler for 'ns3::Ptr< ns3::AttributeValue >' => failure
DEBUG:pybindgen.typehandlers:try to lookup type handler for 'ns3::AttributeValue *' => success ((<class 'pybindgen.cppclass.ThisClassPtrReturn'>, <ns3modulegen_core_customizations.SmartPointerTransformation object at 0x7f0ddb24d5d0>, <pybindgen.typehandlers.ctypeparser.TypeTraits object at 0x7f0dda56fd10>))
DEBUG:pybindgen.typehandlers:TypeMatcher.lookup('bool')
DEBUG:pybindgen.typehandlers:try to lookup type handler for 'bool' => success ((<class 'pybindgen.typehandlers.booltype.BoolReturn'>, None, <pybindgen.typehandlers.ctypeparser.TypeTraits object at 0x7f0dda57a210>))
DEBUG:pybindgen.typehandlers:TypeMatcher.lookup('std::string')
DEBUG:pybindgen.typehandlers:try to lookup type handler for 'std::string' => success ((<class 'pybindgen.typehandlers.stringtype.StdStringParam'>, None, <pybindgen.typehandlers.ctypeparser.TypeTraits object at 0x7f0dda57a350>))
DEBUG:pybindgen.typehandlers:TypeMatcher.lookup('ns3::Ptr< ns3::AttributeChecker const >')
DEBUG:pybindgen.typehandlers:try to lookup type handler for 'ns3::Ptr< ns3::AttributeChecker const >' => failure
DEBUG:pybindgen.typehandlers:try to lookup type handler for 'ns3::AttributeChecker *' => success ((<class 'pybindgen.cppclass.ThisClassPtrParameter'>, <ns3modulegen_core_customizations.SmartPointerTransformation object at 0x7f0ddb24d5d0>, <pybindgen.typehandlers.ctypeparser.TypeTraits object at 0x7f0dda57a690>))
DEBUG:pybindgen.typehandlers:TypeMatcher.lookup('ns3::ObjectPtrContainerValue::Iterator')
DEBUG:pybindgen.typehandlers:try to lookup type handler for 'ns3::ObjectPtrContainerValue::Iterator' => failure
'ns3::ObjectPtrContainerValue::Iterator' did not match
/home/pratyu101/FlyNetSim/NetSim/ns-allinone-3.27/ns-3.27/src/core/bindings/modulegen__gcc_LP64.py:4129: Warning: exception TypeLookupError(['ns3::ObjectPtrContainerValue::Iterator'],) in wrapper public: retval? ???::End (params?) const;
  is_const=True)
DEBUG:pybindgen.typehandlers:TypeMatcher.lookup('ns3::Ptr< ns3::Object >')
DEBUG:pybindgen.typehandlers:try to lookup type handler for 'ns3::Ptr< ns3::Object >' => failure
DEBUG:pybindgen.typehandlers:try to lookup type handler for 'ns3::Object *' => success ((<class 'pybindgen.cppclass.ThisClassPtrReturn'>, <ns3modulegen_core_customizations.SmartPointerTransformation object at 0x7f0ddb24d5d0>, <pybindgen.typehandlers.ctypeparser.TypeTraits object at 0x7f0dda57ac10>))
DEBUG:pybindgen.typehandlers:TypeMatcher.lookup('uint32_t')
DEBUG:pybindgen.typehandlers:try to lookup type handler for 'uint32_t' => success ((<class 'pybindgen.typehandlers.inttype.UnsignedIntParam'>, None, <pybindgen.typehandlers.ctypeparser.TypeTraits object at 0x7f0dda57ac50>))
DEBUG:pybindgen.typehandlers:TypeMatcher.lookup('uint32_t')
DEBUG:pybindgen.typehandlers:try to lookup type handler for 'uint32_t' => success ((<class 'pybindgen.typehandlers.inttype.UnsignedIntReturn'>, None, <pybindgen.typehandlers.ctypeparser.TypeTraits object at 0x7f0dda581090>))
DEBUG:pybindgen.typehandlers:TypeMatcher.lookup('std::string')
DEBUG:pybindgen.typehandlers:try to lookup type handler for 'std::string' => success ((<class 'pybindgen.typehandlers.stringtype.StdStringReturn'>, None, <pybindgen.typehandlers.ctypeparser.TypeTraits object at 0x7f0dda5814d0>))
DEBUG:pybindgen.typehandlers:TypeMatcher.lookup('ns3::Ptr< ns3::AttributeChecker const >')
DEBUG:pybindgen.typehandlers:try to lookup type handler for 'ns3::Ptr< ns3::AttributeChecker const >' => failure
DEBUG:pybindgen.typehandlers:try to lookup type handler for 'ns3::AttributeChecker *' => success ((<class 'pybindgen.cppclass.ThisClassPtrParameter'>, <ns3modulegen_core_customizations.SmartPointerTransformation object at 0x7f0ddb24d5d0>, <pybindgen.typehandlers.ctypeparser.TypeTraits object at 0x7f0dda581850>))
DEBUG:pybindgen.typehandlers:TypeMatcher.lookup('ns3::TypeId')
DEBUG:pybindgen.typehandlers:try to lookup type handler for 'ns3::TypeId' => success ((<class 'pybindgen.cppclass.ThisClassReturn'>, None, <pybindgen.typehandlers.ctypeparser.TypeTraits object at 0x7f0dda581b50>))
DEBUG:pybindgen.typehandlers:TypeMatcher.lookup('double')
DEBUG:pybindgen.typehandlers:try to lookup type handler for 'double' => success ((<class 'pybindgen.typehandlers.doubletype.DoubleReturn'>, None, <pybindgen.typehandlers.ctypeparser.TypeTraits object at 0x7f0dda58a2d0>))
DEBUG:pybindgen.typehandlers:TypeMatcher.lookup('double')
DEBUG:pybindgen.typehandlers:try to lookup type handler for 'double' => success ((<class 'pybindgen.typehandlers.doubletype.DoubleReturn'>, None, <pybindgen.typehandlers.ctypeparser.TypeTraits object at 0x7f0dda58a710>))
DEBUG:pybindgen.typehandlers:TypeMatcher.lookup('double')
DEBUG:pybindgen.typehandlers:try to lookup type handler for 'double' => success ((<class 'pybindgen.typehandlers.doubletype.DoubleReturn'>, None, <pybindgen.typehandlers.ctypeparser.TypeTraits object at 0x7f0dda58ab50>))
DEBUG:pybindgen.typehandlers:TypeMatcher.lookup('double')
DEBUG:pybindgen.typehandlers:try to lookup type handler for 'double' => success ((<class 'pybindgen.typehandlers.doubletype.DoubleReturn'>, None, <pybindgen.typehandlers.ctypeparser.TypeTraits object at 0x7f0dda58aed0>))
DEBUG:pybindgen.typehandlers:TypeMatcher.lookup('double')
DEBUG:pybindgen.typehandlers:try to lookup type handler for 'double' => success ((<class 'pybindgen.typehandlers.doubletype.DoubleReturn'>, None, <pybindgen.typehandlers.ctypeparser.TypeTraits object at 0x7f0dda591350>))
DEBUG:pybindgen.typehandlers:TypeMatcher.lookup('double')
DEBUG:pybindgen.typehandlers:try to lookup type handler for 'double' => success ((<class 'pybindgen.typehandlers.doubletype.DoubleParam'>, None, <pybindgen.typehandlers.ctypeparser.TypeTraits object at 0x7f0dda591490>))
DEBUG:pybindgen.typehandlers:TypeMatcher.lookup('double')
DEBUG:pybindgen.typehandlers:try to lookup type handler for 'double' => success ((<class 'pybindgen.typehandlers.doubletype.DoubleParam'>, None, <pybindgen.typehandlers.ctypeparser.TypeTraits object at 0x7f0dda591590>))
DEBUG:pybindgen.typehandlers:TypeMatcher.lookup('double')
DEBUG:pybindgen.typehandlers:try to lookup type handler for 'double' => success ((<class 'pybindgen.typehandlers.doubletype.DoubleParam'>, None, <pybindgen.typehandlers.ctypeparser.TypeTraits object at 0x7f0dda591690>))
DEBUG:pybindgen.typehandlers:TypeMatcher.lookup('uint32_t')
DEBUG:pybindgen.typehandlers:try to lookup type handler for 'uint32_t' => success ((<class 'pybindgen.typehandlers.inttype.UnsignedIntReturn'>, None, <pybindgen.typehandlers.ctypeparser.TypeTraits object at 0x7f0dda591a90>))
DEBUG:pybindgen.typehandlers:TypeMatcher.lookup('uint32_t')
DEBUG:pybindgen.typehandlers:try to lookup type handler for 'uint32_t' => success ((<class 'pybindgen.typehandlers.inttype.UnsignedIntParam'>, None, <pybindgen.typehandlers.ctypeparser.TypeTraits object at 0x7f0dda591bd0>))
DEBUG:pybindgen.typehandlers:TypeMatcher.lookup('uint32_t')
DEBUG:pybindgen.typehandlers:try to lookup type handler for 'uint32_t' => success ((<class 'pybindgen.typehandlers.inttype.UnsignedIntParam'>, None, <pybindgen.typehandlers.ctypeparser.TypeTraits object at 0x7f0dda591cd0>))
DEBUG:pybindgen.typehandlers:TypeMatcher.lookup('uint32_t')
DEBUG:pybindgen.typehandlers:try to lookup type handler for 'uint32_t' => success ((<class 'pybindgen.typehandlers.inttype.UnsignedIntParam'>, None, <pybindgen.typehandlers.ctypeparser.TypeTraits object at 0x7f0dda591dd0>))
DEBUG:pybindgen.typehandlers:TypeMatcher.lookup('double')
DEBUG:pybindgen.typehandlers:try to lookup type handler for 'double' => success ((<class 'pybindgen.typehandlers.doubletype.DoubleReturn'>, None, <pybindgen.typehandlers.ctypeparser.TypeTraits object at 0x7f0dda599210>))
DEBUG:pybindgen.typehandlers:TypeMatcher.lookup('uint32_t')
DEBUG:pybindgen.typehandlers:try to lookup type handler for 'uint32_t' => success ((<class 'pybindgen.typehandlers.inttype.UnsignedIntReturn'>, None, <pybindgen.typehandlers.ctypeparser.TypeTraits object at 0x7f0dda5998d0>))
DEBUG:pybindgen.typehandlers:TypeMatcher.lookup('ns3::PointerChecker const &')
DEBUG:pybindgen.typehandlers:try to lookup type handler for 'ns3::PointerChecker const &' => success ((<class 'pybindgen.cppclass.ThisClassRefParameter'>, None, <pybindgen.typehandlers.ctypeparser.TypeTraits object at 0x7f0dda5a22d0>))
DEBUG:pybindgen.typehandlers:TypeMatcher.lookup('ns3::TypeId')
DEBUG:pybindgen.typehandlers:try to lookup type handler for 'ns3::TypeId' => success ((<class 'pybindgen.cppclass.ThisClassReturn'>, None, <pybindgen.typehandlers.ctypeparser.TypeTraits object at 0x7f0dda5a2710>))
DEBUG:pybindgen.typehandlers:TypeMatcher.lookup('ns3::PointerValue const &')
DEBUG:pybindgen.typehandlers:try to lookup type handler for 'ns3::PointerValue const &' => success ((<class 'pybindgen.cppclass.ThisClassRefParameter'>, None, <pybindgen.typehandlers.ctypeparser.TypeTraits object at 0x7f0dda5a2b90>))
DEBUG:pybindgen.typehandlers:TypeMatcher.lookup('ns3::Ptr< ns3::Object >')
DEBUG:pybindgen.typehandlers:try to lookup type handler for 'ns3::Ptr< ns3::Object >' => failure
DEBUG:pybindgen.typehandlers:try to lookup type handler for 'ns3::Object *' => success ((<class 'pybindgen.cppclass.ThisClassPtrParameter'>, <ns3modulegen_core_customizations.SmartPointerTransformation object at 0x7f0ddb24d5d0>, <pybindgen.typehandlers.ctypeparser.TypeTraits object at 0x7f0dda52b510>))
DEBUG:pybindgen.typehandlers:TypeMatcher.lookup('ns3::Ptr< ns3::AttributeValue >')
DEBUG:pybindgen.typehandlers:try to lookup type handler for 'ns3::Ptr< ns3::AttributeValue >' => failure
DEBUG:pybindgen.typehandlers:try to lookup type handler for 'ns3::AttributeValue *' => success ((<class 'pybindgen.cppclass.ThisClassPtrReturn'>, <ns3modulegen_core_customizations.SmartPointerTransformation object at 0x7f0ddb24d5d0>, <pybindgen.typehandlers.ctypeparser.TypeTraits object at 0x7f0dda52b950>))
DEBUG:pybindgen.typehandlers:TypeMatcher.lookup('bool')
DEBUG:pybindgen.typehandlers:try to lookup type handler for 'bool' => success ((<class 'pybindgen.typehandlers.booltype.BoolReturn'>, None, <pybindgen.typehandlers.ctypeparser.TypeTraits object at 0x7f0dda52bc90>))
DEBUG:pybindgen.typehandlers:TypeMatcher.lookup('std::string')
DEBUG:pybindgen.typehandlers:try to lookup type handler for 'std::string' => success ((<class 'pybindgen.typehandlers.stringtype.StdStringParam'>, None, <pybindgen.typehandlers.ctypeparser.TypeTraits object at 0x7f0dda52bdd0>))
DEBUG:pybindgen.typehandlers:TypeMatcher.lookup('ns3::Ptr< ns3::AttributeChecker const >')
DEBUG:pybindgen.typehandlers:try to lookup type handler for 'ns3::Ptr< ns3::AttributeChecker const >' => failure
DEBUG:pybindgen.typehandlers:try to lookup type handler for 'ns3::AttributeChecker *' => success ((<class 'pybindgen.cppclass.ThisClassPtrParameter'>, <ns3modulegen_core_customizations.SmartPointerTransformation object at 0x7f0ddb24d5d0>, <pybindgen.typehandlers.ctypeparser.TypeTraits object at 0x7f0dda535150>))
DEBUG:pybindgen.typehandlers:TypeMatcher.lookup('ns3::Ptr< ns3::Object >')
DEBUG:pybindgen.typehandlers:try to lookup type handler for 'ns3::Ptr< ns3::Object >' => failure
DEBUG:pybindgen.typehandlers:try to lookup type handler for 'ns3::Object *' => success ((<class 'pybindgen.cppclass.ThisClassPtrReturn'>, <ns3modulegen_core_customizations.SmartPointerTransformation object at 0x7f0ddb24d5d0>, <pybindgen.typehandlers.ctypeparser.TypeTraits object at 0x7f0dda535610>))
DEBUG:pybindgen.typehandlers:TypeMatcher.lookup('std::string')
DEBUG:pybindgen.typehandlers:try to lookup type handler for 'std::string' => success ((<class 'pybindgen.typehandlers.stringtype.StdStringReturn'>, None, <pybindgen.typehandlers.ctypeparser.TypeTraits object at 0x7f0dda535950>))
DEBUG:pybindgen.typehandlers:TypeMatcher.lookup('ns3::Ptr< ns3::AttributeChecker const >')
DEBUG:pybindgen.typehandlers:try to lookup type handler for 'ns3::Ptr< ns3::AttributeChecker const >' => failure
DEBUG:pybindgen.typehandlers:try to lookup type handler for 'ns3::AttributeChecker *' => success ((<class 'pybindgen.cppclass.ThisClassPtrParameter'>, <ns3modulegen_core_customizations.SmartPointerTransformation object at 0x7f0ddb24d5d0>, <pybindgen.typehandlers.ctypeparser.TypeTraits object at 0x7f0dda535cd0>))
DEBUG:pybindgen.typehandlers:TypeMatcher.lookup('void')
DEBUG:pybindgen.typehandlers:try to lookup type handler for 'void' => success ((<class 'pybindgen.typehandlers.voidtype.VoidReturn'>, None, <pybindgen.typehandlers.ctypeparser.TypeTraits object at 0x7f0dda535fd0>))
DEBUG:pybindgen.typehandlers:TypeMatcher.lookup('ns3::Ptr< ns3::Object >')
DEBUG:pybindgen.typehandlers:try to lookup type handler for 'ns3::Ptr< ns3::Object >' => failure
DEBUG:pybindgen.typehandlers:try to lookup type handler for 'ns3::Object *' => success ((<class 'pybindgen.cppclass.ThisClassPtrParameter'>, <ns3modulegen_core_customizations.SmartPointerTransformation object at 0x7f0ddb24d5d0>, <pybindgen.typehandlers.ctypeparser.TypeTraits object at 0x7f0dda53d310>))
DEBUG:pybindgen.typehandlers:TypeMatcher.lookup('ns3::RealtimeSimulatorImpl const &')
DEBUG:pybindgen.typehandlers:try to lookup type handler for 'ns3::RealtimeSimulatorImpl const &' => success ((<class 'pybindgen.cppclass.ThisClassRefParameter'>, None, <pybindgen.typehandlers.ctypeparser.TypeTraits object at 0x7f0dda53d650>))
DEBUG:pybindgen.typehandlers:TypeMatcher.lookup('void')
DEBUG:pybindgen.typehandlers:try to lookup type handler for 'void' => success ((<class 'pybindgen.typehandlers.voidtype.VoidReturn'>, None, <pybindgen.typehandlers.ctypeparser.TypeTraits object at 0x7f0dda53dd90>))
DEBUG:pybindgen.typehandlers:TypeMatcher.lookup('ns3::EventId const &')
DEBUG:pybindgen.typehandlers:try to lookup type handler for 'ns3::EventId const &' => success ((<class 'pybindgen.cppclass.ThisClassRefParameter'>, None, <pybindgen.typehandlers.ctypeparser.TypeTraits object at 0x7f0dda53ded0>))
DEBUG:pybindgen.typehandlers:TypeMatcher.lookup('void')
DEBUG:pybindgen.typehandlers:try to lookup type handler for 'void' => success ((<class 'pybindgen.typehandlers.voidtype.VoidReturn'>, None, <pybindgen.typehandlers.ctypeparser.TypeTraits object at 0x7f0dda5463d0>))
DEBUG:pybindgen.typehandlers:TypeMatcher.lookup('uint32_t')
DEBUG:pybindgen.typehandlers:try to lookup type handler for 'uint32_t' => success ((<class 'pybindgen.typehandlers.inttype.UnsignedIntReturn'>, None, <pybindgen.typehandlers.ctypeparser.TypeTraits object at 0x7f0dda546810>))
DEBUG:pybindgen.typehandlers:TypeMatcher.lookup('ns3::Time')
DEBUG:pybindgen.typehandlers:try to lookup type handler for 'ns3::Time' => success ((<class 'pybindgen.cppclass.ThisClassReturn'>, None, <pybindgen.typehandlers.ctypeparser.TypeTraits object at 0x7f0dda546c50>))
DEBUG:pybindgen.typehandlers:TypeMatcher.lookup('ns3::EventId const &')
DEBUG:pybindgen.typehandlers:try to lookup type handler for 'ns3::EventId const &' => success ((<class 'pybindgen.cppclass.ThisClassRefParameter'>, None, <pybindgen.typehandlers.ctypeparser.TypeTraits object at 0x7f0dda546d90>))
DEBUG:pybindgen.typehandlers:TypeMatcher.lookup('ns3::Time')
DEBUG:pybindgen.typehandlers:try to lookup type handler for 'ns3::Time' => success ((<class 'pybindgen.cppclass.ThisClassReturn'>, None, <pybindgen.typehandlers.ctypeparser.TypeTraits object at 0x7f0dda54e290>))
DEBUG:pybindgen.typehandlers:TypeMatcher.lookup('ns3::Time')
DEBUG:pybindgen.typehandlers:try to lookup type handler for 'ns3::Time' => success ((<class 'pybindgen.cppclass.ThisClassReturn'>, None, <pybindgen.typehandlers.ctypeparser.TypeTraits object at 0x7f0dda54e6d0>))
DEBUG:pybindgen.typehandlers:TypeMatcher.lookup('ns3::RealtimeSimulatorImpl::SynchronizationMode')
DEBUG:pybindgen.typehandlers:try to lookup type handler for 'ns3::RealtimeSimulatorImpl::SynchronizationMode' => success ((<class 'pybindgen.enum.ThisEnumReturn'>, None, <pybindgen.typehandlers.ctypeparser.TypeTraits object at 0x7f0dda54eb10>))
DEBUG:pybindgen.typehandlers:TypeMatcher.lookup('uint32_t')
DEBUG:pybindgen.typehandlers:try to lookup type handler for 'uint32_t' => success ((<class 'pybindgen.typehandlers.inttype.UnsignedIntReturn'>, None, <pybindgen.typehandlers.ctypeparser.TypeTraits object at 0x7f0dda54ef50>))
DEBUG:pybindgen.typehandlers:TypeMatcher.lookup('ns3::TypeId')
DEBUG:pybindgen.typehandlers:try to lookup type handler for 'ns3::TypeId' => success ((<class 'pybindgen.cppclass.ThisClassReturn'>, None, <pybindgen.typehandlers.ctypeparser.TypeTraits object at 0x7f0dda5573d0>))
DEBUG:pybindgen.typehandlers:TypeMatcher.lookup('bool')
DEBUG:pybindgen.typehandlers:try to lookup type handler for 'bool' => success ((<class 'pybindgen.typehandlers.booltype.BoolReturn'>, None, <pybindgen.typehandlers.ctypeparser.TypeTraits object at 0x7f0dda557810>))
DEBUG:pybindgen.typehandlers:TypeMatcher.lookup('ns3::EventId const &')
DEBUG:pybindgen.typehandlers:try to lookup type handler for 'ns3::EventId const &' => success ((<class 'pybindgen.cppclass.ThisClassRefParameter'>, None, <pybindgen.typehandlers.ctypeparser.TypeTraits object at 0x7f0dda557950>))
DEBUG:pybindgen.typehandlers:TypeMatcher.lookup('bool')
DEBUG:pybindgen.typehandlers:try to lookup type handler for 'bool' => success ((<class 'pybindgen.typehandlers.booltype.BoolReturn'>, None, <pybindgen.typehandlers.ctypeparser.TypeTraits object at 0x7f0dda557e10>))
DEBUG:pybindgen.typehandlers:TypeMatcher.lookup('ns3::Time')
DEBUG:pybindgen.typehandlers:try to lookup type handler for 'ns3::Time' => success ((<class 'pybindgen.cppclass.ThisClassReturn'>, None, <pybindgen.typehandlers.ctypeparser.TypeTraits object at 0x7f0dda55f290>))
DEBUG:pybindgen.typehandlers:TypeMatcher.lookup('ns3::Time')
DEBUG:pybindgen.typehandlers:try to lookup type handler for 'ns3::Time' => success ((<class 'pybindgen.cppclass.ThisClassReturn'>, None, <pybindgen.typehandlers.ctypeparser.TypeTraits object at 0x7f0dda55f6d0>))
DEBUG:pybindgen.typehandlers:TypeMatcher.lookup('void')
DEBUG:pybindgen.typehandlers:try to lookup type handler for 'void' => success ((<class 'pybindgen.typehandlers.voidtype.VoidReturn'>, None, <pybindgen.typehandlers.ctypeparser.TypeTraits object at 0x7f0dda55fb10>))
DEBUG:pybindgen.typehandlers:TypeMatcher.lookup('ns3::EventId const &')
DEBUG:pybindgen.typehandlers:try to lookup type handler for 'ns3::EventId const &' => success ((<class 'pybindgen.cppclass.ThisClassRefParameter'>, None, <pybindgen.typehandlers.ctypeparser.TypeTraits object at 0x7f0dda55fc50>))
DEBUG:pybindgen.typehandlers:TypeMatcher.lookup('void')
DEBUG:pybindgen.typehandlers:try to lookup type handler for 'void' => success ((<class 'pybindgen.typehandlers.voidtype.VoidReturn'>, None, <pybindgen.typehandlers.ctypeparser.TypeTraits object at 0x7f0dda4e7150>))
DEBUG:pybindgen.typehandlers:TypeMatcher.lookup('ns3::EventId')
DEBUG:pybindgen.typehandlers:try to lookup type handler for 'ns3::EventId' => success ((<class 'pybindgen.cppclass.ThisClassReturn'>, None, <pybindgen.typehandlers.ctypeparser.TypeTraits object at 0x7f0dda4e7590>))
DEBUG:pybindgen.typehandlers:TypeMatcher.lookup('ns3::Time const &')
DEBUG:pybindgen.typehandlers:try to lookup type handler for 'ns3::Time const &' => success ((<class 'pybindgen.cppclass.ThisClassRefParameter'>, None, <pybindgen.typehandlers.ctypeparser.TypeTraits object at 0x7f0dda4e76d0>))
DEBUG:pybindgen.typehandlers:TypeMatcher.lookup('ns3::EventImpl *')
DEBUG:pybindgen.typehandlers:try to lookup type handler for 'ns3::EventImpl *' => success ((<class 'pybindgen.cppclass.ThisClassPtrParameter'>, None, <pybindgen.typehandlers.ctypeparser.TypeTraits object at 0x7f0dda4e7850>))
/home/pratyu101/FlyNetSim/NetSim/ns-allinone-3.27/ns-3.27/src/core/bindings/modulegen__gcc_LP64.py:4324: Warning: exception TypeConfigurationError('Missing transfer_ownership option',) in wrapper public: virtual retval? ???::Schedule (params?);
  is_virtual=True)
DEBUG:pybindgen.typehandlers:TypeMatcher.lookup('ns3::EventId')
DEBUG:pybindgen.typehandlers:try to lookup type handler for 'ns3::EventId' => success ((<class 'pybindgen.cppclass.ThisClassReturn'>, None, <pybindgen.typehandlers.ctypeparser.TypeTraits object at 0x7f0dda4e7e90>))
DEBUG:pybindgen.typehandlers:TypeMatcher.lookup('ns3::EventImpl *')
DEBUG:pybindgen.typehandlers:try to lookup type handler for 'ns3::EventImpl *' => success ((<class 'pybindgen.cppclass.ThisClassPtrParameter'>, None, <pybindgen.typehandlers.ctypeparser.TypeTraits object at 0x7f0dda4ef090>))
/home/pratyu101/FlyNetSim/NetSim/ns-allinone-3.27/ns-3.27/src/core/bindings/modulegen__gcc_LP64.py:4329: Warning: exception TypeConfigurationError('Missing transfer_ownership option',) in wrapper public: virtual retval? ???::ScheduleDestroy (params?);
  is_virtual=True)
DEBUG:pybindgen.typehandlers:TypeMatcher.lookup('ns3::EventId')
DEBUG:pybindgen.typehandlers:try to lookup type handler for 'ns3::EventId' => success ((<class 'pybindgen.cppclass.ThisClassReturn'>, None, <pybindgen.typehandlers.ctypeparser.TypeTraits object at 0x7f0dda4ef6d0>))
DEBUG:pybindgen.typehandlers:TypeMatcher.lookup('ns3::EventImpl *')
DEBUG:pybindgen.typehandlers:try to lookup type handler for 'ns3::EventImpl *' => success ((<class 'pybindgen.cppclass.ThisClassPtrParameter'>, None, <pybindgen.typehandlers.ctypeparser.TypeTraits object at 0x7f0dda4e7e90>))
/home/pratyu101/FlyNetSim/NetSim/ns-allinone-3.27/ns-3.27/src/core/bindings/modulegen__gcc_LP64.py:4334: Warning: exception TypeConfigurationError('Missing transfer_ownership option',) in wrapper public: virtual retval? ???::ScheduleNow (params?);
  is_virtual=True)
DEBUG:pybindgen.typehandlers:TypeMatcher.lookup('void')
DEBUG:pybindgen.typehandlers:try to lookup type handler for 'void' => success ((<class 'pybindgen.typehandlers.voidtype.VoidReturn'>, None, <pybindgen.typehandlers.ctypeparser.TypeTraits object at 0x7f0dda4ef9d0>))
DEBUG:pybindgen.typehandlers:TypeMatcher.lookup('ns3::Time const &')
DEBUG:pybindgen.typehandlers:try to lookup type handler for 'ns3::Time const &' => success ((<class 'pybindgen.cppclass.ThisClassRefParameter'>, None, <pybindgen.typehandlers.ctypeparser.TypeTraits object at 0x7f0dda4efb90>))
DEBUG:pybindgen.typehandlers:TypeMatcher.lookup('ns3::EventImpl *')
DEBUG:pybindgen.typehandlers:try to lookup type handler for 'ns3::EventImpl *' => success ((<class 'pybindgen.cppclass.ThisClassPtrParameter'>, None, <pybindgen.typehandlers.ctypeparser.TypeTraits object at 0x7f0dda4efd10>))
/home/pratyu101/FlyNetSim/NetSim/ns-allinone-3.27/ns-3.27/src/core/bindings/modulegen__gcc_LP64.py:4338: Warning: exception TypeConfigurationError('Missing transfer_ownership option',) in wrapper public: retval? ???::ScheduleRealtime (params?);
  [param('ns3::Time const &', 'delay'), param('ns3::EventImpl *', 'event')])
DEBUG:pybindgen.typehandlers:TypeMatcher.lookup('void')
DEBUG:pybindgen.typehandlers:try to lookup type handler for 'void' => success ((<class 'pybindgen.typehandlers.voidtype.VoidReturn'>, None, <pybindgen.typehandlers.ctypeparser.TypeTraits object at 0x7f0dda4efcd0>))
DEBUG:pybindgen.typehandlers:TypeMatcher.lookup('ns3::EventImpl *')
DEBUG:pybindgen.typehandlers:try to lookup type handler for 'ns3::EventImpl *' => success ((<class 'pybindgen.cppclass.ThisClassPtrParameter'>, None, <pybindgen.typehandlers.ctypeparser.TypeTraits object at 0x7f0dda4efb50>))
/home/pratyu101/FlyNetSim/NetSim/ns-allinone-3.27/ns-3.27/src/core/bindings/modulegen__gcc_LP64.py:4342: Warning: exception TypeConfigurationError('Missing transfer_ownership option',) in wrapper public: retval? ???::ScheduleRealtimeNow (params?);
  [param('ns3::EventImpl *', 'event')])
DEBUG:pybindgen.typehandlers:TypeMatcher.lookup('void')
DEBUG:pybindgen.typehandlers:try to lookup type handler for 'void' => success ((<class 'pybindgen.typehandlers.voidtype.VoidReturn'>, None, <pybindgen.typehandlers.ctypeparser.TypeTraits object at 0x7f0dda4eff50>))
DEBUG:pybindgen.typehandlers:TypeMatcher.lookup('uint32_t')
DEBUG:pybindgen.typehandlers:try to lookup type handler for 'uint32_t' => success ((<class 'pybindgen.typehandlers.inttype.UnsignedIntParam'>, None, <pybindgen.typehandlers.ctypeparser.TypeTraits object at 0x7f0dda4fa0d0>))
DEBUG:pybindgen.typehandlers:TypeMatcher.lookup('ns3::EventImpl *')
DEBUG:pybindgen.typehandlers:try to lookup type handler for 'ns3::EventImpl *' => success ((<class 'pybindgen.cppclass.ThisClassPtrParameter'>, None, <pybindgen.typehandlers.ctypeparser.TypeTraits object at 0x7f0dda4fa1d0>))
/home/pratyu101/FlyNetSim/NetSim/ns-allinone-3.27/ns-3.27/src/core/bindings/modulegen__gcc_LP64.py:4346: Warning: exception TypeConfigurationError('Missing transfer_ownership option',) in wrapper public: retval? ???::ScheduleRealtimeNowWithContext (params?);
  [param('uint32_t', 'context'), param('ns3::EventImpl *', 'event')])
DEBUG:pybindgen.typehandlers:TypeMatcher.lookup('void')
DEBUG:pybindgen.typehandlers:try to lookup type handler for 'void' => success ((<class 'pybindgen.typehandlers.voidtype.VoidReturn'>, None, <pybindgen.typehandlers.ctypeparser.TypeTraits object at 0x7f0dda4fa190>))
DEBUG:pybindgen.typehandlers:TypeMatcher.lookup('uint32_t')
DEBUG:pybindgen.typehandlers:try to lookup type handler for 'uint32_t' => success ((<class 'pybindgen.typehandlers.inttype.UnsignedIntParam'>, None, <pybindgen.typehandlers.ctypeparser.TypeTraits object at 0x7f0dda4fa350>))
DEBUG:pybindgen.typehandlers:TypeMatcher.lookup('ns3::Time const &')
DEBUG:pybindgen.typehandlers:try to lookup type handler for 'ns3::Time const &' => success ((<class 'pybindgen.cppclass.ThisClassRefParameter'>, None, <pybindgen.typehandlers.ctypeparser.TypeTraits object at 0x7f0dda4fa450>))
DEBUG:pybindgen.typehandlers:TypeMatcher.lookup('ns3::EventImpl *')
DEBUG:pybindgen.typehandlers:try to lookup type handler for 'ns3::EventImpl *' => success ((<class 'pybindgen.cppclass.ThisClassPtrParameter'>, None, <pybindgen.typehandlers.ctypeparser.TypeTraits object at 0x7f0dda4fa5d0>))
/home/pratyu101/FlyNetSim/NetSim/ns-allinone-3.27/ns-3.27/src/core/bindings/modulegen__gcc_LP64.py:4350: Warning: exception TypeConfigurationError('Missing transfer_ownership option',) in wrapper public: retval? ???::ScheduleRealtimeWithContext (params?);
  [param('uint32_t', 'context'), param('ns3::Time const &', 'delay'), param('ns3::EventImpl *', 'event')])
DEBUG:pybindgen.typehandlers:TypeMatcher.lookup('void')
DEBUG:pybindgen.typehandlers:try to lookup type handler for 'void' => success ((<class 'pybindgen.typehandlers.voidtype.VoidReturn'>, None, <pybindgen.typehandlers.ctypeparser.TypeTraits object at 0x7f0dda4fa410>))
DEBUG:pybindgen.typehandlers:TypeMatcher.lookup('uint32_t')
DEBUG:pybindgen.typehandlers:try to lookup type handler for 'uint32_t' => success ((<class 'pybindgen.typehandlers.inttype.UnsignedIntParam'>, None, <pybindgen.typehandlers.ctypeparser.TypeTraits object at 0x7f0dda4fa450>))
DEBUG:pybindgen.typehandlers:TypeMatcher.lookup('ns3::Time const &')
DEBUG:pybindgen.typehandlers:try to lookup type handler for 'ns3::Time const &' => success ((<class 'pybindgen.cppclass.ThisClassRefParameter'>, None, <pybindgen.typehandlers.ctypeparser.TypeTraits object at 0x7f0dda4fa310>))
DEBUG:pybindgen.typehandlers:TypeMatcher.lookup('ns3::EventImpl *')
DEBUG:pybindgen.typehandlers:try to lookup type handler for 'ns3::EventImpl *' => success ((<class 'pybindgen.cppclass.ThisClassPtrParameter'>, None, <pybindgen.typehandlers.ctypeparser.TypeTraits object at 0x7f0dda4fa850>))
/home/pratyu101/FlyNetSim/NetSim/ns-allinone-3.27/ns-3.27/src/core/bindings/modulegen__gcc_LP64.py:4355: Warning: exception TypeConfigurationError('Missing transfer_ownership option',) in wrapper public: virtual retval? ???::ScheduleWithContext (params?);
  is_virtual=True)
DEBUG:pybindgen.typehandlers:TypeMatcher.lookup('void')
DEBUG:pybindgen.typehandlers:try to lookup type handler for 'void' => success ((<class 'pybindgen.typehandlers.voidtype.VoidReturn'>, None, <pybindgen.typehandlers.ctypeparser.TypeTraits object at 0x7f0dda4fae90>))
DEBUG:pybindgen.typehandlers:TypeMatcher.lookup('ns3::Time')
DEBUG:pybindgen.typehandlers:try to lookup type handler for 'ns3::Time' => success ((<class 'pybindgen.cppclass.ThisClassParameter'>, None, <pybindgen.typehandlers.ctypeparser.TypeTraits object at 0x7f0dda505050>))
DEBUG:pybindgen.typehandlers:TypeMatcher.lookup('void')
DEBUG:pybindgen.typehandlers:try to lookup type handler for 'void' => success ((<class 'pybindgen.typehandlers.voidtype.VoidReturn'>, None, <pybindgen.typehandlers.ctypeparser.TypeTraits object at 0x7f0dda505450>))
DEBUG:pybindgen.typehandlers:TypeMatcher.lookup('ns3::ObjectFactory')
DEBUG:pybindgen.typehandlers:try to lookup type handler for 'ns3::ObjectFactory' => success ((<class 'pybindgen.cppclass.ThisClassParameter'>, None, <pybindgen.typehandlers.ctypeparser.TypeTraits object at 0x7f0dda505590>))
DEBUG:pybindgen.typehandlers:TypeMatcher.lookup('void')
DEBUG:pybindgen.typehandlers:try to lookup type handler for 'void' => success ((<class 'pybindgen.typehandlers.voidtype.VoidReturn'>, None, <pybindgen.typehandlers.ctypeparser.TypeTraits object at 0x7f0dda505990>))
DEBUG:pybindgen.typehandlers:TypeMatcher.lookup('ns3::RealtimeSimulatorImpl::SynchronizationMode')
DEBUG:pybindgen.typehandlers:try to lookup type handler for 'ns3::RealtimeSimulatorImpl::SynchronizationMode' => success ((<class 'pybindgen.enum.ThisEnumParameter'>, None, <pybindgen.typehandlers.ctypeparser.TypeTraits object at 0x7f0dda505ad0>))
DEBUG:pybindgen.typehandlers:TypeMatcher.lookup('void')
DEBUG:pybindgen.typehandlers:try to lookup type handler for 'void' => success ((<class 'pybindgen.typehandlers.voidtype.VoidReturn'>, None, <pybindgen.typehandlers.ctypeparser.TypeTraits object at 0x7f0dda4fa090>))
DEBUG:pybindgen.typehandlers:TypeMatcher.lookup('void')
DEBUG:pybindgen.typehandlers:try to lookup type handler for 'void' => success ((<class 'pybindgen.typehandlers.voidtype.VoidReturn'>, None, <pybindgen.typehandlers.ctypeparser.TypeTraits object at 0x7f0dda4eff10>))
DEBUG:pybindgen.typehandlers:TypeMatcher.lookup('ns3::Time const &')
DEBUG:pybindgen.typehandlers:try to lookup type handler for 'ns3::Time const &' => success ((<class 'pybindgen.cppclass.ThisClassRefParameter'>, None, <pybindgen.typehandlers.ctypeparser.TypeTraits object at 0x7f0dda4efbd0>))
DEBUG:pybindgen.typehandlers:TypeMatcher.lookup('void')
DEBUG:pybindgen.typehandlers:try to lookup type handler for 'void' => success ((<class 'pybindgen.typehandlers.voidtype.VoidReturn'>, None, <pybindgen.typehandlers.ctypeparser.TypeTraits object at 0x7f0dda4e7e90>))
DEBUG:pybindgen.typehandlers:TypeMatcher.lookup('ns3::RefCountBase const &')
DEBUG:pybindgen.typehandlers:try to lookup type handler for 'ns3::RefCountBase const &' => success ((<class 'pybindgen.cppclass.ThisClassRefParameter'>, None, <pybindgen.typehandlers.ctypeparser.TypeTraits object at 0x7f0dda50b110>))
DEBUG:pybindgen.typehandlers:TypeMatcher.lookup('ns3::StringChecker const &')
DEBUG:pybindgen.typehandlers:try to lookup type handler for 'ns3::StringChecker const &' => success ((<class 'pybindgen.cppclass.ThisClassRefParameter'>, None, <pybindgen.typehandlers.ctypeparser.TypeTraits object at 0x7f0dda50b890>))
DEBUG:pybindgen.typehandlers:TypeMatcher.lookup('std::string const &')
DEBUG:pybindgen.typehandlers:try to lookup type handler for 'std::string const &' => success ((<class 'pybindgen.typehandlers.stringtype.StdStringRefParam'>, None, <pybindgen.typehandlers.ctypeparser.TypeTraits object at 0x7f0dda515050>))
DEBUG:pybindgen.typehandlers:TypeMatcher.lookup('ns3::StringValue const &')
DEBUG:pybindgen.typehandlers:try to lookup type handler for 'ns3::StringValue const &' => success ((<class 'pybindgen.cppclass.ThisClassRefParameter'>, None, <pybindgen.typehandlers.ctypeparser.TypeTraits object at 0x7f0dda515490>))
DEBUG:pybindgen.typehandlers:TypeMatcher.lookup('ns3::Ptr< ns3::AttributeValue >')
DEBUG:pybindgen.typehandlers:try to lookup type handler for 'ns3::Ptr< ns3::AttributeValue >' => failure
DEBUG:pybindgen.typehandlers:try to lookup type handler for 'ns3::AttributeValue *' => success ((<class 'pybindgen.cppclass.ThisClassPtrReturn'>, <ns3modulegen_core_customizations.SmartPointerTransformation object at 0x7f0ddb24d5d0>, <pybindgen.typehandlers.ctypeparser.TypeTraits object at 0x7f0dda515a90>))
DEBUG:pybindgen.typehandlers:TypeMatcher.lookup('bool')
DEBUG:pybindgen.typehandlers:try to lookup type handler for 'bool' => success ((<class 'pybindgen.typehandlers.booltype.BoolReturn'>, None, <pybindgen.typehandlers.ctypeparser.TypeTraits object at 0x7f0dda515e10>))
DEBUG:pybindgen.typehandlers:TypeMatcher.lookup('std::string')
DEBUG:pybindgen.typehandlers:try to lookup type handler for 'std::string' => success ((<class 'pybindgen.typehandlers.stringtype.StdStringParam'>, None, <pybindgen.typehandlers.ctypeparser.TypeTraits object at 0x7f0dda515f50>))
DEBUG:pybindgen.typehandlers:TypeMatcher.lookup('ns3::Ptr< ns3::AttributeChecker const >')
DEBUG:pybindgen.typehandlers:try to lookup type handler for 'ns3::Ptr< ns3::AttributeChecker const >' => failure
DEBUG:pybindgen.typehandlers:try to lookup type handler for 'ns3::AttributeChecker *' => success ((<class 'pybindgen.cppclass.ThisClassPtrParameter'>, <ns3modulegen_core_customizations.SmartPointerTransformation object at 0x7f0ddb24d5d0>, <pybindgen.typehandlers.ctypeparser.TypeTraits object at 0x7f0dda51c2d0>))
DEBUG:pybindgen.typehandlers:TypeMatcher.lookup('std::string')
DEBUG:pybindgen.typehandlers:try to lookup type handler for 'std::string' => success ((<class 'pybindgen.typehandlers.stringtype.StdStringReturn'>, None, <pybindgen.typehandlers.ctypeparser.TypeTraits object at 0x7f0dda51c5d0>))
DEBUG:pybindgen.typehandlers:TypeMatcher.lookup('std::string')
DEBUG:pybindgen.typehandlers:try to lookup type handler for 'std::string' => success ((<class 'pybindgen.typehandlers.stringtype.StdStringReturn'>, None, <pybindgen.typehandlers.ctypeparser.TypeTraits object at 0x7f0dda51c7d0>))
DEBUG:pybindgen.typehandlers:TypeMatcher.lookup('ns3::Ptr< ns3::AttributeChecker const >')
DEBUG:pybindgen.typehandlers:try to lookup type handler for 'ns3::Ptr< ns3::AttributeChecker const >' => failure
DEBUG:pybindgen.typehandlers:try to lookup type handler for 'ns3::AttributeChecker *' => success ((<class 'pybindgen.cppclass.ThisClassPtrParameter'>, <ns3modulegen_core_customizations.SmartPointerTransformation object at 0x7f0ddb24d5d0>, <pybindgen.typehandlers.ctypeparser.TypeTraits object at 0x7f0dda51cb50>))
DEBUG:pybindgen.typehandlers:TypeMatcher.lookup('void')
DEBUG:pybindgen.typehandlers:try to lookup type handler for 'void' => success ((<class 'pybindgen.typehandlers.voidtype.VoidReturn'>, None, <pybindgen.typehandlers.ctypeparser.TypeTraits object at 0x7f0dda51ce50>))
DEBUG:pybindgen.typehandlers:TypeMatcher.lookup('std::string const &')
DEBUG:pybindgen.typehandlers:try to lookup type handler for 'std::string const &' => success ((<class 'pybindgen.typehandlers.stringtype.StdStringRefParam'>, None, <pybindgen.typehandlers.ctypeparser.TypeTraits object at 0x7f0dda51cf90>))
DEBUG:pybindgen.typehandlers:TypeMatcher.lookup('ns3::Time const &')
DEBUG:pybindgen.typehandlers:try to lookup type handler for 'ns3::Time const &' => success ((<class 'pybindgen.cppclass.ThisClassRefParameter'>, None, <pybindgen.typehandlers.ctypeparser.TypeTraits object at 0x7f0dda5227d0>))
DEBUG:pybindgen.typehandlers:TypeMatcher.lookup('ns3::TimeValue const &')
DEBUG:pybindgen.typehandlers:try to lookup type handler for 'ns3::TimeValue const &' => success ((<class 'pybindgen.cppclass.ThisClassRefParameter'>, None, <pybindgen.typehandlers.ctypeparser.TypeTraits object at 0x7f0dda522c10>))
DEBUG:pybindgen.typehandlers:TypeMatcher.lookup('ns3::Ptr< ns3::AttributeValue >')
DEBUG:pybindgen.typehandlers:try to lookup type handler for 'ns3::Ptr< ns3::AttributeValue >' => failure
DEBUG:pybindgen.typehandlers:try to lookup type handler for 'ns3::AttributeValue *' => success ((<class 'pybindgen.cppclass.ThisClassPtrReturn'>, <ns3modulegen_core_customizations.SmartPointerTransformation object at 0x7f0ddb24d5d0>, <pybindgen.typehandlers.ctypeparser.TypeTraits object at 0x7f0dda4ac250>))
DEBUG:pybindgen.typehandlers:TypeMatcher.lookup('bool')
DEBUG:pybindgen.typehandlers:try to lookup type handler for 'bool' => success ((<class 'pybindgen.typehandlers.booltype.BoolReturn'>, None, <pybindgen.typehandlers.ctypeparser.TypeTraits object at 0x7f0dda4ac5d0>))
DEBUG:pybindgen.typehandlers:TypeMatcher.lookup('std::string')
DEBUG:pybindgen.typehandlers:try to lookup type handler for 'std::string' => success ((<class 'pybindgen.typehandlers.stringtype.StdStringParam'>, None, <pybindgen.typehandlers.ctypeparser.TypeTraits object at 0x7f0dda4ac710>))
DEBUG:pybindgen.typehandlers:TypeMatcher.lookup('ns3::Ptr< ns3::AttributeChecker const >')
DEBUG:pybindgen.typehandlers:try to lookup type handler for 'ns3::Ptr< ns3::AttributeChecker const >' => failure
DEBUG:pybindgen.typehandlers:try to lookup type handler for 'ns3::AttributeChecker *' => success ((<class 'pybindgen.cppclass.ThisClassPtrParameter'>, <ns3modulegen_core_customizations.SmartPointerTransformation object at 0x7f0ddb24d5d0>, <pybindgen.typehandlers.ctypeparser.TypeTraits object at 0x7f0dda4aca50>))
DEBUG:pybindgen.typehandlers:TypeMatcher.lookup('ns3::Time')
DEBUG:pybindgen.typehandlers:try to lookup type handler for 'ns3::Time' => success ((<class 'pybindgen.cppclass.ThisClassReturn'>, None, <pybindgen.typehandlers.ctypeparser.TypeTraits object at 0x7f0dda4acd50>))
DEBUG:pybindgen.typehandlers:TypeMatcher.lookup('std::string')
DEBUG:pybindgen.typehandlers:try to lookup type handler for 'std::string' => success ((<class 'pybindgen.typehandlers.stringtype.StdStringReturn'>, None, <pybindgen.typehandlers.ctypeparser.TypeTraits object at 0x7f0dda4b3210>))
DEBUG:pybindgen.typehandlers:TypeMatcher.lookup('ns3::Ptr< ns3::AttributeChecker const >')
DEBUG:pybindgen.typehandlers:try to lookup type handler for 'ns3::Ptr< ns3::AttributeChecker const >' => failure
DEBUG:pybindgen.typehandlers:try to lookup type handler for 'ns3::AttributeChecker *' => success ((<class 'pybindgen.cppclass.ThisClassPtrParameter'>, <ns3modulegen_core_customizations.SmartPointerTransformation object at 0x7f0ddb24d5d0>, <pybindgen.typehandlers.ctypeparser.TypeTraits object at 0x7f0dda4b3590>))
DEBUG:pybindgen.typehandlers:TypeMatcher.lookup('void')
DEBUG:pybindgen.typehandlers:try to lookup type handler for 'void' => success ((<class 'pybindgen.typehandlers.voidtype.VoidReturn'>, None, <pybindgen.typehandlers.ctypeparser.TypeTraits object at 0x7f0ddafa3b50>))
DEBUG:pybindgen.typehandlers:TypeMatcher.lookup('ns3::Time const &')
DEBUG:pybindgen.typehandlers:try to lookup type handler for 'ns3::Time const &' => success ((<class 'pybindgen.cppclass.ThisClassRefParameter'>, None, <pybindgen.typehandlers.ctypeparser.TypeTraits object at 0x7f0ddafaea90>))
DEBUG:pybindgen.typehandlers:TypeMatcher.lookup('ns3::TypeIdChecker const &')
DEBUG:pybindgen.typehandlers:try to lookup type handler for 'ns3::TypeIdChecker const &' => success ((<class 'pybindgen.cppclass.ThisClassRefParameter'>, None, <pybindgen.typehandlers.ctypeparser.TypeTraits object at 0x7f0dda4b3f10>))
DEBUG:pybindgen.typehandlers:TypeMatcher.lookup('ns3::TypeId const &')
DEBUG:pybindgen.typehandlers:try to lookup type handler for 'ns3::TypeId const &' => success ((<class 'pybindgen.cppclass.ThisClassRefParameter'>, None, <pybindgen.typehandlers.ctypeparser.TypeTraits object at 0x7f0dda4bc6d0>))
DEBUG:pybindgen.typehandlers:TypeMatcher.lookup('ns3::TypeIdValue const &')
DEBUG:pybindgen.typehandlers:try to lookup type handler for 'ns3::TypeIdValue const &' => success ((<class 'pybindgen.cppclass.ThisClassRefParameter'>, None, <pybindgen.typehandlers.ctypeparser.TypeTraits object at 0x7f0dda4bcb10>))
DEBUG:pybindgen.typehandlers:TypeMatcher.lookup('ns3::Ptr< ns3::AttributeValue >')
DEBUG:pybindgen.typehandlers:try to lookup type handler for 'ns3::Ptr< ns3::AttributeValue >' => failure
DEBUG:pybindgen.typehandlers:try to lookup type handler for 'ns3::AttributeValue *' => success ((<class 'pybindgen.cppclass.ThisClassPtrReturn'>, <ns3modulegen_core_customizations.SmartPointerTransformation object at 0x7f0ddb24d5d0>, <pybindgen.typehandlers.ctypeparser.TypeTraits object at 0x7f0dda4c3150>))
DEBUG:pybindgen.typehandlers:TypeMatcher.lookup('bool')
DEBUG:pybindgen.typehandlers:try to lookup type handler for 'bool' => success ((<class 'pybindgen.typehandlers.booltype.BoolReturn'>, None, <pybindgen.typehandlers.ctypeparser.TypeTraits object at 0x7f0dda4c3550>))
DEBUG:pybindgen.typehandlers:TypeMatcher.lookup('std::string')
DEBUG:pybindgen.typehandlers:try to lookup type handler for 'std::string' => success ((<class 'pybindgen.typehandlers.stringtype.StdStringParam'>, None, <pybindgen.typehandlers.ctypeparser.TypeTraits object at 0x7f0dda4c3690>))
DEBUG:pybindgen.typehandlers:TypeMatcher.lookup('ns3::Ptr< ns3::AttributeChecker const >')
DEBUG:pybindgen.typehandlers:try to lookup type handler for 'ns3::Ptr< ns3::AttributeChecker const >' => failure
DEBUG:pybindgen.typehandlers:try to lookup type handler for 'ns3::AttributeChecker *' => success ((<class 'pybindgen.cppclass.ThisClassPtrParameter'>, <ns3modulegen_core_customizations.SmartPointerTransformation object at 0x7f0ddb24d5d0>, <pybindgen.typehandlers.ctypeparser.TypeTraits object at 0x7f0dda4c39d0>))
DEBUG:pybindgen.typehandlers:TypeMatcher.lookup('ns3::TypeId')
DEBUG:pybindgen.typehandlers:try to lookup type handler for 'ns3::TypeId' => success ((<class 'pybindgen.cppclass.ThisClassReturn'>, None, <pybindgen.typehandlers.ctypeparser.TypeTraits object at 0x7f0dda4c3cd0>))
DEBUG:pybindgen.typehandlers:TypeMatcher.lookup('std::string')
DEBUG:pybindgen.typehandlers:try to lookup type handler for 'std::string' => success ((<class 'pybindgen.typehandlers.stringtype.StdStringReturn'>, None, <pybindgen.typehandlers.ctypeparser.TypeTraits object at 0x7f0dda4c9190>))
DEBUG:pybindgen.typehandlers:TypeMatcher.lookup('ns3::Ptr< ns3::AttributeChecker const >')
DEBUG:pybindgen.typehandlers:try to lookup type handler for 'ns3::Ptr< ns3::AttributeChecker const >' => failure
DEBUG:pybindgen.typehandlers:try to lookup type handler for 'ns3::AttributeChecker *' => success ((<class 'pybindgen.cppclass.ThisClassPtrParameter'>, <ns3modulegen_core_customizations.SmartPointerTransformation object at 0x7f0ddb24d5d0>, <pybindgen.typehandlers.ctypeparser.TypeTraits object at 0x7f0dda4c9510>))
DEBUG:pybindgen.typehandlers:TypeMatcher.lookup('void')
DEBUG:pybindgen.typehandlers:try to lookup type handler for 'void' => success ((<class 'pybindgen.typehandlers.voidtype.VoidReturn'>, None, <pybindgen.typehandlers.ctypeparser.TypeTraits object at 0x7f0dda4c9810>))
DEBUG:pybindgen.typehandlers:TypeMatcher.lookup('ns3::TypeId const &')
DEBUG:pybindgen.typehandlers:try to lookup type handler for 'ns3::TypeId const &' => success ((<class 'pybindgen.cppclass.ThisClassRefParameter'>, None, <pybindgen.typehandlers.ctypeparser.TypeTraits object at 0x7f0dda4c9950>))
DEBUG:pybindgen.typehandlers:TypeMatcher.lookup('uint64_t const &')
DEBUG:pybindgen.typehandlers:try to lookup type handler for 'uint64_t const &' => success ((<class 'pybindgen.typehandlers.inttype.UnsignedLongLongRefParam'>, None, <pybindgen.typehandlers.ctypeparser.TypeTraits object at 0x7f0dda4cf190>))
DEBUG:pybindgen.typehandlers:TypeMatcher.lookup('ns3::UintegerValue const &')
DEBUG:pybindgen.typehandlers:try to lookup type handler for 'ns3::UintegerValue const &' => success ((<class 'pybindgen.cppclass.ThisClassRefParameter'>, None, <pybindgen.typehandlers.ctypeparser.TypeTraits object at 0x7f0dda4cf5d0>))
DEBUG:pybindgen.typehandlers:TypeMatcher.lookup('ns3::Ptr< ns3::AttributeValue >')
DEBUG:pybindgen.typehandlers:try to lookup type handler for 'ns3::Ptr< ns3::AttributeValue >' => failure
DEBUG:pybindgen.typehandlers:try to lookup type handler for 'ns3::AttributeValue *' => success ((<class 'pybindgen.cppclass.ThisClassPtrReturn'>, <ns3modulegen_core_customizations.SmartPointerTransformation object at 0x7f0ddb24d5d0>, <pybindgen.typehandlers.ctypeparser.TypeTraits object at 0x7f0dda4cfbd0>))
DEBUG:pybindgen.typehandlers:TypeMatcher.lookup('bool')
DEBUG:pybindgen.typehandlers:try to lookup type handler for 'bool' => success ((<class 'pybindgen.typehandlers.booltype.BoolReturn'>, None, <pybindgen.typehandlers.ctypeparser.TypeTraits object at 0x7f0dda4cff10>))
DEBUG:pybindgen.typehandlers:TypeMatcher.lookup('std::string')
DEBUG:pybindgen.typehandlers:try to lookup type handler for 'std::string' => success ((<class 'pybindgen.typehandlers.stringtype.StdStringParam'>, None, <pybindgen.typehandlers.ctypeparser.TypeTraits object at 0x7f0dda4d6090>))
DEBUG:pybindgen.typehandlers:TypeMatcher.lookup('ns3::Ptr< ns3::AttributeChecker const >')
DEBUG:pybindgen.typehandlers:try to lookup type handler for 'ns3::Ptr< ns3::AttributeChecker const >' => failure
DEBUG:pybindgen.typehandlers:try to lookup type handler for 'ns3::AttributeChecker *' => success ((<class 'pybindgen.cppclass.ThisClassPtrParameter'>, <ns3modulegen_core_customizations.SmartPointerTransformation object at 0x7f0ddb24d5d0>, <pybindgen.typehandlers.ctypeparser.TypeTraits object at 0x7f0dda4d63d0>))
DEBUG:pybindgen.typehandlers:TypeMatcher.lookup('uint64_t')
DEBUG:pybindgen.typehandlers:try to lookup type handler for 'uint64_t' => success ((<class 'pybindgen.typehandlers.inttype.UnsignedLongLongReturn'>, None, <pybindgen.typehandlers.ctypeparser.TypeTraits object at 0x7f0dda4d66d0>))
DEBUG:pybindgen.typehandlers:TypeMatcher.lookup('std::string')
DEBUG:pybindgen.typehandlers:try to lookup type handler for 'std::string' => success ((<class 'pybindgen.typehandlers.stringtype.StdStringReturn'>, None, <pybindgen.typehandlers.ctypeparser.TypeTraits object at 0x7f0dda4d6b10>))
DEBUG:pybindgen.typehandlers:TypeMatcher.lookup('ns3::Ptr< ns3::AttributeChecker const >')
DEBUG:pybindgen.typehandlers:try to lookup type handler for 'ns3::Ptr< ns3::AttributeChecker const >' => failure
DEBUG:pybindgen.typehandlers:try to lookup type handler for 'ns3::AttributeChecker *' => success ((<class 'pybindgen.cppclass.ThisClassPtrParameter'>, <ns3modulegen_core_customizations.SmartPointerTransformation object at 0x7f0ddb24d5d0>, <pybindgen.typehandlers.ctypeparser.TypeTraits object at 0x7f0dda4d6e90>))
DEBUG:pybindgen.typehandlers:TypeMatcher.lookup('void')
DEBUG:pybindgen.typehandlers:try to lookup type handler for 'void' => success ((<class 'pybindgen.typehandlers.voidtype.VoidReturn'>, None, <pybindgen.typehandlers.ctypeparser.TypeTraits object at 0x7f0dda4df1d0>))
DEBUG:pybindgen.typehandlers:TypeMatcher.lookup('uint64_t const &')
DEBUG:pybindgen.typehandlers:try to lookup type handler for 'uint64_t const &' => success ((<class 'pybindgen.typehandlers.inttype.UnsignedLongLongRefParam'>, None, <pybindgen.typehandlers.ctypeparser.TypeTraits object at 0x7f0dda4df310>))
DEBUG:pybindgen.typehandlers:TypeMatcher.lookup('ns3::Vector2DChecker const &')
DEBUG:pybindgen.typehandlers:try to lookup type handler for 'ns3::Vector2DChecker const &' => success ((<class 'pybindgen.cppclass.ThisClassRefParameter'>, None, <pybindgen.typehandlers.ctypeparser.TypeTraits object at 0x7f0dda4dfad0>))
DEBUG:pybindgen.typehandlers:TypeMatcher.lookup('ns3::Vector2D const &')
DEBUG:pybindgen.typehandlers:try to lookup type handler for 'ns3::Vector2D const &' => success ((<class 'pybindgen.cppclass.ThisClassRefParameter'>, None, <pybindgen.typehandlers.ctypeparser.TypeTraits object at 0x7f0dda464290>))
DEBUG:pybindgen.typehandlers:TypeMatcher.lookup('ns3::Vector2DValue const &')
DEBUG:pybindgen.typehandlers:try to lookup type handler for 'ns3::Vector2DValue const &' => success ((<class 'pybindgen.cppclass.ThisClassRefParameter'>, None, <pybindgen.typehandlers.ctypeparser.TypeTraits object at 0x7f0dda464710>))
DEBUG:pybindgen.typehandlers:TypeMatcher.lookup('ns3::Ptr< ns3::AttributeValue >')
DEBUG:pybindgen.typehandlers:try to lookup type handler for 'ns3::Ptr< ns3::AttributeValue >' => failure
DEBUG:pybindgen.typehandlers:try to lookup type handler for 'ns3::AttributeValue *' => success ((<class 'pybindgen.cppclass.ThisClassPtrReturn'>, <ns3modulegen_core_customizations.SmartPointerTransformation object at 0x7f0ddb24d5d0>, <pybindgen.typehandlers.ctypeparser.TypeTraits object at 0x7f0dda464d10>))
DEBUG:pybindgen.typehandlers:TypeMatcher.lookup('bool')
DEBUG:pybindgen.typehandlers:try to lookup type handler for 'bool' => success ((<class 'pybindgen.typehandlers.booltype.BoolReturn'>, None, <pybindgen.typehandlers.ctypeparser.TypeTraits object at 0x7f0dda46e090>))
DEBUG:pybindgen.typehandlers:TypeMatcher.lookup('std::string')
DEBUG:pybindgen.typehandlers:try to lookup type handler for 'std::string' => success ((<class 'pybindgen.typehandlers.stringtype.StdStringParam'>, None, <pybindgen.typehandlers.ctypeparser.TypeTraits object at 0x7f0dda46e1d0>))
DEBUG:pybindgen.typehandlers:TypeMatcher.lookup('ns3::Ptr< ns3::AttributeChecker const >')
DEBUG:pybindgen.typehandlers:try to lookup type handler for 'ns3::Ptr< ns3::AttributeChecker const >' => failure
DEBUG:pybindgen.typehandlers:try to lookup type handler for 'ns3::AttributeChecker *' => success ((<class 'pybindgen.cppclass.ThisClassPtrParameter'>, <ns3modulegen_core_customizations.SmartPointerTransformation object at 0x7f0ddb24d5d0>, <pybindgen.typehandlers.ctypeparser.TypeTraits object at 0x7f0dda46e510>))
DEBUG:pybindgen.typehandlers:TypeMatcher.lookup('ns3::Vector2D')
DEBUG:pybindgen.typehandlers:try to lookup type handler for 'ns3::Vector2D' => success ((<class 'pybindgen.cppclass.ThisClassReturn'>, None, <pybindgen.typehandlers.ctypeparser.TypeTraits object at 0x7f0dda46e810>))
DEBUG:pybindgen.typehandlers:TypeMatcher.lookup('std::string')
DEBUG:pybindgen.typehandlers:try to lookup type handler for 'std::string' => success ((<class 'pybindgen.typehandlers.stringtype.StdStringReturn'>, None, <pybindgen.typehandlers.ctypeparser.TypeTraits object at 0x7f0dda46ec50>))
DEBUG:pybindgen.typehandlers:TypeMatcher.lookup('ns3::Ptr< ns3::AttributeChecker const >')
DEBUG:pybindgen.typehandlers:try to lookup type handler for 'ns3::Ptr< ns3::AttributeChecker const >' => failure
DEBUG:pybindgen.typehandlers:try to lookup type handler for 'ns3::AttributeChecker *' => success ((<class 'pybindgen.cppclass.ThisClassPtrParameter'>, <ns3modulegen_core_customizations.SmartPointerTransformation object at 0x7f0ddb24d5d0>, <pybindgen.typehandlers.ctypeparser.TypeTraits object at 0x7f0dda46efd0>))
DEBUG:pybindgen.typehandlers:TypeMatcher.lookup('void')
DEBUG:pybindgen.typehandlers:try to lookup type handler for 'void' => success ((<class 'pybindgen.typehandlers.voidtype.VoidReturn'>, None, <pybindgen.typehandlers.ctypeparser.TypeTraits object at 0x7f0dda477310>))
DEBUG:pybindgen.typehandlers:TypeMatcher.lookup('ns3::Vector2D const &')
DEBUG:pybindgen.typehandlers:try to lookup type handler for 'ns3::Vector2D const &' => success ((<class 'pybindgen.cppclass.ThisClassRefParameter'>, None, <pybindgen.typehandlers.ctypeparser.TypeTraits object at 0x7f0dda477450>))
DEBUG:pybindgen.typehandlers:TypeMatcher.lookup('ns3::Vector3DChecker const &')
DEBUG:pybindgen.typehandlers:try to lookup type handler for 'ns3::Vector3DChecker const &' => success ((<class 'pybindgen.cppclass.ThisClassRefParameter'>, None, <pybindgen.typehandlers.ctypeparser.TypeTraits object at 0x7f0dda477c50>))
DEBUG:pybindgen.typehandlers:TypeMatcher.lookup('ns3::Vector3D const &')
DEBUG:pybindgen.typehandlers:try to lookup type handler for 'ns3::Vector3D const &' => success ((<class 'pybindgen.cppclass.ThisClassRefParameter'>, None, <pybindgen.typehandlers.ctypeparser.TypeTraits object at 0x7f0dda47f410>))
DEBUG:pybindgen.typehandlers:TypeMatcher.lookup('ns3::Vector3DValue const &')
DEBUG:pybindgen.typehandlers:try to lookup type handler for 'ns3::Vector3DValue const &' => success ((<class 'pybindgen.cppclass.ThisClassRefParameter'>, None, <pybindgen.typehandlers.ctypeparser.TypeTraits object at 0x7f0dda47f890>))
DEBUG:pybindgen.typehandlers:TypeMatcher.lookup('ns3::Ptr< ns3::AttributeValue >')
DEBUG:pybindgen.typehandlers:try to lookup type handler for 'ns3::Ptr< ns3::AttributeValue >' => failure
DEBUG:pybindgen.typehandlers:try to lookup type handler for 'ns3::AttributeValue *' => success ((<class 'pybindgen.cppclass.ThisClassPtrReturn'>, <ns3modulegen_core_customizations.SmartPointerTransformation object at 0x7f0ddb24d5d0>, <pybindgen.typehandlers.ctypeparser.TypeTraits object at 0x7f0dda47fe90>))
DEBUG:pybindgen.typehandlers:TypeMatcher.lookup('bool')
DEBUG:pybindgen.typehandlers:try to lookup type handler for 'bool' => success ((<class 'pybindgen.typehandlers.booltype.BoolReturn'>, None, <pybindgen.typehandlers.ctypeparser.TypeTraits object at 0x7f0dda488210>))
DEBUG:pybindgen.typehandlers:TypeMatcher.lookup('std::string')
DEBUG:pybindgen.typehandlers:try to lookup type handler for 'std::string' => success ((<class 'pybindgen.typehandlers.stringtype.StdStringParam'>, None, <pybindgen.typehandlers.ctypeparser.TypeTraits object at 0x7f0dda488350>))
DEBUG:pybindgen.typehandlers:TypeMatcher.lookup('ns3::Ptr< ns3::AttributeChecker const >')
DEBUG:pybindgen.typehandlers:try to lookup type handler for 'ns3::Ptr< ns3::AttributeChecker const >' => failure
DEBUG:pybindgen.typehandlers:try to lookup type handler for 'ns3::AttributeChecker *' => success ((<class 'pybindgen.cppclass.ThisClassPtrParameter'>, <ns3modulegen_core_customizations.SmartPointerTransformation object at 0x7f0ddb24d5d0>, <pybindgen.typehandlers.ctypeparser.TypeTraits object at 0x7f0dda488690>))
DEBUG:pybindgen.typehandlers:TypeMatcher.lookup('ns3::Vector3D')
DEBUG:pybindgen.typehandlers:try to lookup type handler for 'ns3::Vector3D' => success ((<class 'pybindgen.cppclass.ThisClassReturn'>, None, <pybindgen.typehandlers.ctypeparser.TypeTraits object at 0x7f0dda488990>))
DEBUG:pybindgen.typehandlers:TypeMatcher.lookup('std::string')
DEBUG:pybindgen.typehandlers:try to lookup type handler for 'std::string' => success ((<class 'pybindgen.typehandlers.stringtype.StdStringReturn'>, None, <pybindgen.typehandlers.ctypeparser.TypeTraits object at 0x7f0dda488dd0>))
DEBUG:pybindgen.typehandlers:TypeMatcher.lookup('ns3::Ptr< ns3::AttributeChecker const >')
DEBUG:pybindgen.typehandlers:try to lookup type handler for 'ns3::Ptr< ns3::AttributeChecker const >' => failure
DEBUG:pybindgen.typehandlers:try to lookup type handler for 'ns3::AttributeChecker *' => success ((<class 'pybindgen.cppclass.ThisClassPtrParameter'>, <ns3modulegen_core_customizations.SmartPointerTransformation object at 0x7f0ddb24d5d0>, <pybindgen.typehandlers.ctypeparser.TypeTraits object at 0x7f0dda491190>))
DEBUG:pybindgen.typehandlers:TypeMatcher.lookup('void')
DEBUG:pybindgen.typehandlers:try to lookup type handler for 'void' => success ((<class 'pybindgen.typehandlers.voidtype.VoidReturn'>, None, <pybindgen.typehandlers.ctypeparser.TypeTraits object at 0x7f0dda491490>))
DEBUG:pybindgen.typehandlers:TypeMatcher.lookup('ns3::Vector3D const &')
DEBUG:pybindgen.typehandlers:try to lookup type handler for 'ns3::Vector3D const &' => success ((<class 'pybindgen.cppclass.ThisClassRefParameter'>, None, <pybindgen.typehandlers.ctypeparser.TypeTraits object at 0x7f0dda4915d0>))
DEBUG:pybindgen.typehandlers:TypeMatcher.lookup('ns3::CallbackImpl< bool, std::basic_string< char >, ns3::empty, ns3::empty, ns3::empty, ns3::empty, ns3::empty, ns3::empty, ns3::empty, ns3::empty > const &')
DEBUG:pybindgen.typehandlers:try to lookup type handler for 'ns3::CallbackImpl< bool, std::basic_string< char >, ns3::empty, ns3::empty, ns3::empty, ns3::empty, ns3::empty, ns3::empty, ns3::empty, ns3::empty > const &' => success ((<class 'pybindgen.cppclass.ThisClassRefParameter'>, None, <pybindgen.typehandlers.ctypeparser.TypeTraits object at 0x7f0dda491dd0>))
DEBUG:pybindgen.typehandlers:TypeMatcher.lookup('std::string')
DEBUG:pybindgen.typehandlers:try to lookup type handler for 'std::string' => success ((<class 'pybindgen.typehandlers.stringtype.StdStringReturn'>, None, <pybindgen.typehandlers.ctypeparser.TypeTraits object at 0x7f0dda497810>))
DEBUG:pybindgen.typehandlers:TypeMatcher.lookup('std::string')
DEBUG:pybindgen.typehandlers:try to lookup type handler for 'std::string' => success ((<class 'pybindgen.typehandlers.stringtype.StdStringReturn'>, None, <pybindgen.typehandlers.ctypeparser.TypeTraits object at 0x7f0dda497c50>))
DEBUG:pybindgen.typehandlers:TypeMatcher.lookup('bool')
DEBUG:pybindgen.typehandlers:try to lookup type handler for 'bool' => success ((<class 'pybindgen.typehandlers.booltype.BoolReturn'>, None, <pybindgen.typehandlers.ctypeparser.TypeTraits object at 0x7f0dda4a10d0>))
DEBUG:pybindgen.typehandlers:TypeMatcher.lookup('std::string')
DEBUG:pybindgen.typehandlers:try to lookup type handler for 'std::string' => success ((<class 'pybindgen.typehandlers.stringtype.StdStringParam'>, None, <pybindgen.typehandlers.ctypeparser.TypeTraits object at 0x7f0dda4a1210>))
DEBUG:pybindgen.typehandlers:TypeMatcher.lookup('ns3::CallbackImpl< ns3::ObjectBase *, ns3::empty, ns3::empty, ns3::empty, ns3::empty, ns3::empty, ns3::empty, ns3::empty, ns3::empty, ns3::empty > const &')
DEBUG:pybindgen.typehandlers:try to lookup type handler for 'ns3::CallbackImpl< ns3::ObjectBase *, ns3::empty, ns3::empty, ns3::empty, ns3::empty, ns3::empty, ns3::empty, ns3::empty, ns3::empty, ns3::empty > const &' => success ((<class 'pybindgen.cppclass.ThisClassRefParameter'>, None, <pybindgen.typehandlers.ctypeparser.TypeTraits object at 0x7f0dda4a1950>))
DEBUG:pybindgen.typehandlers:TypeMatcher.lookup('std::string')
DEBUG:pybindgen.typehandlers:try to lookup type handler for 'std::string' => success ((<class 'pybindgen.typehandlers.stringtype.StdStringReturn'>, None, <pybindgen.typehandlers.ctypeparser.TypeTraits object at 0x7f0dda42a310>))
DEBUG:pybindgen.typehandlers:TypeMatcher.lookup('std::string')
DEBUG:pybindgen.typehandlers:try to lookup type handler for 'std::string' => success ((<class 'pybindgen.typehandlers.stringtype.StdStringReturn'>, None, <pybindgen.typehandlers.ctypeparser.TypeTraits object at 0x7f0dda42a750>))
DEBUG:pybindgen.typehandlers:TypeMatcher.lookup('ns3::ObjectBase *')
DEBUG:pybindgen.typehandlers:try to lookup type handler for 'ns3::ObjectBase *' => success ((<class 'pybindgen.cppclass.ThisClassPtrReturn'>, None, <pybindgen.typehandlers.ctypeparser.TypeTraits object at 0x7f0dda42ab90>))
/home/pratyu101/FlyNetSim/NetSim/ns-allinone-3.27/ns-3.27/src/core/bindings/modulegen__gcc_LP64.py:4660: Warning: exception TypeConfigurationError('Either caller_owns_return or self.reference_existing_object must be given',) in wrapper public: virtual retval? ???::operator() (params?) = 0;
  is_pure_virtual=True, is_virtual=True, custom_name=u'__call__')
DEBUG:pybindgen.typehandlers:TypeMatcher.lookup('ns3::CallbackImpl< void, ns3::empty, ns3::empty, ns3::empty, ns3::empty, ns3::empty, ns3::empty, ns3::empty, ns3::empty, ns3::empty > const &')
DEBUG:pybindgen.typehandlers:try to lookup type handler for 'ns3::CallbackImpl< void, ns3::empty, ns3::empty, ns3::empty, ns3::empty, ns3::empty, ns3::empty, ns3::empty, ns3::empty, ns3::empty > const &' => success ((<class 'pybindgen.cppclass.ThisClassRefParameter'>, None, <pybindgen.typehandlers.ctypeparser.TypeTraits object at 0x7f0dda433550>))
DEBUG:pybindgen.typehandlers:TypeMatcher.lookup('std::string')
DEBUG:pybindgen.typehandlers:try to lookup type handler for 'std::string' => success ((<class 'pybindgen.typehandlers.stringtype.StdStringReturn'>, None, <pybindgen.typehandlers.ctypeparser.TypeTraits object at 0x7f0dda433e90>))
DEBUG:pybindgen.typehandlers:TypeMatcher.lookup('std::string')
DEBUG:pybindgen.typehandlers:try to lookup type handler for 'std::string' => success ((<class 'pybindgen.typehandlers.stringtype.StdStringReturn'>, None, <pybindgen.typehandlers.ctypeparser.TypeTraits object at 0x7f0dda43b310>))
DEBUG:pybindgen.typehandlers:TypeMatcher.lookup('void')
DEBUG:pybindgen.typehandlers:try to lookup type handler for 'void' => success ((<class 'pybindgen.typehandlers.voidtype.VoidReturn'>, None, <pybindgen.typehandlers.ctypeparser.TypeTraits object at 0x7f0dda43b750>))
DEBUG:pybindgen.typehandlers:TypeMatcher.lookup('ns3::CallbackImpl< void, unsigned char *, long, ns3::empty, ns3::empty, ns3::empty, ns3::empty, ns3::empty, ns3::empty, ns3::empty > const &')
DEBUG:pybindgen.typehandlers:try to lookup type handler for 'ns3::CallbackImpl< void, unsigned char *, long, ns3::empty, ns3::empty, ns3::empty, ns3::empty, ns3::empty, ns3::empty, ns3::empty > const &' => success ((<class 'pybindgen.cppclass.ThisClassRefParameter'>, None, <pybindgen.typehandlers.ctypeparser.TypeTraits object at 0x7f0dda43bed0>))
DEBUG:pybindgen.typehandlers:TypeMatcher.lookup('std::string')
DEBUG:pybindgen.typehandlers:try to lookup type handler for 'std::string' => success ((<class 'pybindgen.typehandlers.stringtype.StdStringReturn'>, None, <pybindgen.typehandlers.ctypeparser.TypeTraits object at 0x7f0dda446750>))
DEBUG:pybindgen.typehandlers:TypeMatcher.lookup('std::string')
DEBUG:pybindgen.typehandlers:try to lookup type handler for 'std::string' => success ((<class 'pybindgen.typehandlers.stringtype.StdStringReturn'>, None, <pybindgen.typehandlers.ctypeparser.TypeTraits object at 0x7f0dda446b90>))
DEBUG:pybindgen.typehandlers:TypeMatcher.lookup('void')
DEBUG:pybindgen.typehandlers:try to lookup type handler for 'void' => success ((<class 'pybindgen.typehandlers.voidtype.VoidReturn'>, None, <pybindgen.typehandlers.ctypeparser.TypeTraits object at 0x7f0dda446fd0>))
DEBUG:pybindgen.typehandlers:TypeMatcher.lookup('unsigned char *')
DEBUG:pybindgen.typehandlers:try to lookup type handler for 'unsigned char *' => failure
'unsigned char *' did not match
/home/pratyu101/FlyNetSim/NetSim/ns-allinone-3.27/ns-3.27/src/core/bindings/modulegen__gcc_LP64.py:4704: Warning: exception TypeLookupError(['unsigned char *'],) in wrapper public: virtual retval? ???::operator() (params?) = 0;
  is_pure_virtual=True, is_virtual=True, custom_name=u'__call__')
DEBUG:pybindgen.typehandlers:TypeMatcher.lookup('ns3::Config::MatchContainer const &')
DEBUG:pybindgen.typehandlers:try to lookup type handler for 'ns3::Config::MatchContainer const &' => success ((<class 'pybindgen.cppclass.ThisClassRefParameter'>, None, <pybindgen.typehandlers.ctypeparser.TypeTraits object at 0x7f0dda44f950>))
DEBUG:pybindgen.typehandlers:TypeMatcher.lookup('std::vector< ns3::Ptr< ns3::Object > > const &')
DEBUG:pybindgen.typehandlers:try to lookup type handler for 'std::vector< ns3::Ptr< ns3::Object > > const &' => success ((<class 'pybindgen.container.ThisContainerRefParameter'>, None, <pybindgen.typehandlers.ctypeparser.TypeTraits object at 0x7f0dda457110>))
DEBUG:pybindgen.typehandlers:TypeMatcher.lookup('std::vector< std::string > const &')
DEBUG:pybindgen.typehandlers:try to lookup type handler for 'std::vector< std::string > const &' => success ((<class 'pybindgen.container.ThisContainerRefParameter'>, None, <pybindgen.typehandlers.ctypeparser.TypeTraits object at 0x7f0dda457390>))
DEBUG:pybindgen.typehandlers:TypeMatcher.lookup('std::string')
DEBUG:pybindgen.typehandlers:try to lookup type handler for 'std::string' => success ((<class 'pybindgen.typehandlers.stringtype.StdStringParam'>, None, <pybindgen.typehandlers.ctypeparser.TypeTraits object at 0x7f0dda457650>))
DEBUG:pybindgen.typehandlers:TypeMatcher.lookup('ns3::Config::MatchContainer::Iterator')
DEBUG:pybindgen.typehandlers:try to lookup type handler for 'ns3::Config::MatchContainer::Iterator' => failure
'ns3::Config::MatchContainer::Iterator' did not match
/home/pratyu101/FlyNetSim/NetSim/ns-allinone-3.27/ns-3.27/src/core/bindings/modulegen__gcc_LP64.py:4718: Warning: exception TypeLookupError(['ns3::Config::MatchContainer::Iterator'],) in wrapper public: retval? ???::Begin (params?) const;
  is_const=True)
DEBUG:pybindgen.typehandlers:TypeMatcher.lookup('void')
DEBUG:pybindgen.typehandlers:try to lookup type handler for 'void' => success ((<class 'pybindgen.typehandlers.voidtype.VoidReturn'>, None, <pybindgen.typehandlers.ctypeparser.TypeTraits object at 0x7f0dda457a90>))
DEBUG:pybindgen.typehandlers:TypeMatcher.lookup('std::string')
DEBUG:pybindgen.typehandlers:try to lookup type handler for 'std::string' => success ((<class 'pybindgen.typehandlers.stringtype.StdStringParam'>, None, <pybindgen.typehandlers.ctypeparser.TypeTraits object at 0x7f0dda457c10>))
DEBUG:pybindgen.typehandlers:TypeMatcher.lookup('ns3::CallbackBase const &')
DEBUG:pybindgen.typehandlers:try to lookup type handler for 'ns3::CallbackBase const &' => success ((<class 'pybindgen.cppclass.ThisClassRefParameter'>, None, <pybindgen.typehandlers.ctypeparser.TypeTraits object at 0x7f0dda44f150>))
DEBUG:pybindgen.typehandlers:TypeMatcher.lookup('void')
DEBUG:pybindgen.typehandlers:try to lookup type handler for 'void' => success ((<class 'pybindgen.typehandlers.voidtype.VoidReturn'>, None, <pybindgen.typehandlers.ctypeparser.TypeTraits object at 0x7f0dda457ed0>))
DEBUG:pybindgen.typehandlers:TypeMatcher.lookup('std::string')
DEBUG:pybindgen.typehandlers:try to lookup type handler for 'std::string' => success ((<class 'pybindgen.typehandlers.stringtype.StdStringParam'>, None, <pybindgen.typehandlers.ctypeparser.TypeTraits object at 0x7f0dda45f050>))
DEBUG:pybindgen.typehandlers:TypeMatcher.lookup('ns3::CallbackBase const &')
DEBUG:pybindgen.typehandlers:try to lookup type handler for 'ns3::CallbackBase const &' => success ((<class 'pybindgen.cppclass.ThisClassRefParameter'>, None, <pybindgen.typehandlers.ctypeparser.TypeTraits object at 0x7f0dda45f150>))
DEBUG:pybindgen.typehandlers:TypeMatcher.lookup('void')
DEBUG:pybindgen.typehandlers:try to lookup type handler for 'void' => success ((<class 'pybindgen.typehandlers.voidtype.VoidReturn'>, None, <pybindgen.typehandlers.ctypeparser.TypeTraits object at 0x7f0dda45f610>))
DEBUG:pybindgen.typehandlers:TypeMatcher.lookup('std::string')
DEBUG:pybindgen.typehandlers:try to lookup type handler for 'std::string' => success ((<class 'pybindgen.typehandlers.stringtype.StdStringParam'>, None, <pybindgen.typehandlers.ctypeparser.TypeTraits object at 0x7f0dda45f750>))
DEBUG:pybindgen.typehandlers:TypeMatcher.lookup('ns3::CallbackBase const &')
DEBUG:pybindgen.typehandlers:try to lookup type handler for 'ns3::CallbackBase const &' => success ((<class 'pybindgen.cppclass.ThisClassRefParameter'>, None, <pybindgen.typehandlers.ctypeparser.TypeTraits object at 0x7f0dda45f850>))
DEBUG:pybindgen.typehandlers:TypeMatcher.lookup('void')
DEBUG:pybindgen.typehandlers:try to lookup type handler for 'void' => success ((<class 'pybindgen.typehandlers.voidtype.VoidReturn'>, None, <pybindgen.typehandlers.ctypeparser.TypeTraits object at 0x7f0dda45fd10>))
DEBUG:pybindgen.typehandlers:TypeMatcher.lookup('std::string')
DEBUG:pybindgen.typehandlers:try to lookup type handler for 'std::string' => success ((<class 'pybindgen.typehandlers.stringtype.StdStringParam'>, None, <pybindgen.typehandlers.ctypeparser.TypeTraits object at 0x7f0dda45fe50>))
DEBUG:pybindgen.typehandlers:TypeMatcher.lookup('ns3::CallbackBase const &')
DEBUG:pybindgen.typehandlers:try to lookup type handler for 'ns3::CallbackBase const &' => success ((<class 'pybindgen.cppclass.ThisClassRefParameter'>, None, <pybindgen.typehandlers.ctypeparser.TypeTraits object at 0x7f0dda45ff50>))
DEBUG:pybindgen.typehandlers:TypeMatcher.lookup('ns3::Config::MatchContainer::Iterator')
DEBUG:pybindgen.typehandlers:try to lookup type handler for 'ns3::Config::MatchContainer::Iterator' => failure
'ns3::Config::MatchContainer::Iterator' did not match
/home/pratyu101/FlyNetSim/NetSim/ns-allinone-3.27/ns-3.27/src/core/bindings/modulegen__gcc_LP64.py:4739: Warning: exception TypeLookupError(['ns3::Config::MatchContainer::Iterator'],) in wrapper public: retval? ???::End (params?) const;
  is_const=True)
DEBUG:pybindgen.typehandlers:TypeMatcher.lookup('ns3::Ptr< ns3::Object >')
DEBUG:pybindgen.typehandlers:try to lookup type handler for 'ns3::Ptr< ns3::Object >' => failure
DEBUG:pybindgen.typehandlers:try to lookup type handler for 'ns3::Object *' => success ((<class 'pybindgen.cppclass.ThisClassPtrReturn'>, <ns3modulegen_core_customizations.SmartPointerTransformation object at 0x7f0ddb24d5d0>, <pybindgen.typehandlers.ctypeparser.TypeTraits object at 0x7f0dda3e56d0>))
DEBUG:pybindgen.typehandlers:TypeMatcher.lookup('uint32_t')
DEBUG:pybindgen.typehandlers:try to lookup type handler for 'uint32_t' => success ((<class 'pybindgen.typehandlers.inttype.UnsignedIntParam'>, None, <pybindgen.typehandlers.ctypeparser.TypeTraits object at 0x7f0dda3e5710>))
DEBUG:pybindgen.typehandlers:TypeMatcher.lookup('std::string')
DEBUG:pybindgen.typehandlers:try to lookup type handler for 'std::string' => success ((<class 'pybindgen.typehandlers.stringtype.StdStringReturn'>, None, <pybindgen.typehandlers.ctypeparser.TypeTraits object at 0x7f0dda3e5b50>))
DEBUG:pybindgen.typehandlers:TypeMatcher.lookup('uint32_t')
DEBUG:pybindgen.typehandlers:try to lookup type handler for 'uint32_t' => success ((<class 'pybindgen.typehandlers.inttype.UnsignedIntParam'>, None, <pybindgen.typehandlers.ctypeparser.TypeTraits object at 0x7f0dda3e5c90>))
DEBUG:pybindgen.typehandlers:TypeMatcher.lookup('uint32_t')
DEBUG:pybindgen.typehandlers:try to lookup type handler for 'uint32_t' => success ((<class 'pybindgen.typehandlers.inttype.UnsignedIntReturn'>, None, <pybindgen.typehandlers.ctypeparser.TypeTraits object at 0x7f0dda3ef0d0>))
DEBUG:pybindgen.typehandlers:TypeMatcher.lookup('std::string')
DEBUG:pybindgen.typehandlers:try to lookup type handler for 'std::string' => success ((<class 'pybindgen.typehandlers.stringtype.StdStringReturn'>, None, <pybindgen.typehandlers.ctypeparser.TypeTraits object at 0x7f0dda3ef510>))
DEBUG:pybindgen.typehandlers:TypeMatcher.lookup('void')
DEBUG:pybindgen.typehandlers:try to lookup type handler for 'void' => success ((<class 'pybindgen.typehandlers.voidtype.VoidReturn'>, None, <pybindgen.typehandlers.ctypeparser.TypeTraits object at 0x7f0dda3ef950>))
DEBUG:pybindgen.typehandlers:TypeMatcher.lookup('std::string')
DEBUG:pybindgen.typehandlers:try to lookup type handler for 'std::string' => success ((<class 'pybindgen.typehandlers.stringtype.StdStringParam'>, None, <pybindgen.typehandlers.ctypeparser.TypeTraits object at 0x7f0dda3efa90>))
DEBUG:pybindgen.typehandlers:TypeMatcher.lookup('ns3::AttributeValue const &')
DEBUG:pybindgen.typehandlers:try to lookup type handler for 'ns3::AttributeValue const &' => success ((<class 'pybindgen.cppclass.ThisClassRefParameter'>, None, <pybindgen.typehandlers.ctypeparser.TypeTraits object at 0x7f0dda3e53d0>))
DEBUG:pybindgen.typehandlers:TypeMatcher.lookup('ns3::Hash::Implementation const &')
DEBUG:pybindgen.typehandlers:try to lookup type handler for 'ns3::Hash::Implementation const &' => success ((<class 'pybindgen.cppclass.ThisClassRefParameter'>, None, <pybindgen.typehandlers.ctypeparser.TypeTraits object at 0x7f0dda3effd0>))
DEBUG:pybindgen.typehandlers:TypeMatcher.lookup('uint32_t')
DEBUG:pybindgen.typehandlers:try to lookup type handler for 'uint32_t' => success ((<class 'pybindgen.typehandlers.inttype.UnsignedIntReturn'>, None, <pybindgen.typehandlers.ctypeparser.TypeTraits object at 0x7f0dda3f5750>))
DEBUG:pybindgen.typehandlers:TypeMatcher.lookup('char const *')
DEBUG:pybindgen.typehandlers:try to lookup type handler for 'char const *' => success ((<class 'pybindgen.typehandlers.stringtype.CStringParam'>, None, <pybindgen.typehandlers.ctypeparser.TypeTraits object at 0x7f0dda3f5890>))
DEBUG:pybindgen.typehandlers:TypeMatcher.lookup('size_t const')
DEBUG:pybindgen.typehandlers:try to lookup type handler for 'size_t const' => success ((<class 'pybindgen.typehandlers.inttype.SizeTParam'>, None, <pybindgen.typehandlers.ctypeparser.TypeTraits object at 0x7f0dda3f5a10>))
DEBUG:pybindgen.typehandlers:TypeMatcher.lookup('uint64_t')
DEBUG:pybindgen.typehandlers:try to lookup type handler for 'uint64_t' => success ((<class 'pybindgen.typehandlers.inttype.UnsignedLongLongReturn'>, None, <pybindgen.typehandlers.ctypeparser.TypeTraits object at 0x7f0dda3f5e50>))
DEBUG:pybindgen.typehandlers:TypeMatcher.lookup('char const *')
DEBUG:pybindgen.typehandlers:try to lookup type handler for 'char const *' => success ((<class 'pybindgen.typehandlers.stringtype.CStringParam'>, None, <pybindgen.typehandlers.ctypeparser.TypeTraits object at 0x7f0dda3f5f90>))
DEBUG:pybindgen.typehandlers:TypeMatcher.lookup('size_t const')
DEBUG:pybindgen.typehandlers:try to lookup type handler for 'size_t const' => success ((<class 'pybindgen.typehandlers.inttype.SizeTParam'>, None, <pybindgen.typehandlers.ctypeparser.TypeTraits object at 0x7f0dda400150>))
DEBUG:pybindgen.typehandlers:TypeMatcher.lookup('void')
DEBUG:pybindgen.typehandlers:try to lookup type handler for 'void' => success ((<class 'pybindgen.typehandlers.voidtype.VoidReturn'>, None, <pybindgen.typehandlers.ctypeparser.TypeTraits object at 0x7f0dda400590>))
DEBUG:pybindgen.typehandlers:TypeMatcher.lookup('ns3::Hash::Function::Fnv1a const &')
DEBUG:pybindgen.typehandlers:try to lookup type handler for 'ns3::Hash::Function::Fnv1a const &' => success ((<class 'pybindgen.cppclass.ThisClassRefParameter'>, None, <pybindgen.typehandlers.ctypeparser.TypeTraits object at 0x7f0dda400a10>))
DEBUG:pybindgen.typehandlers:TypeMatcher.lookup('uint32_t')
DEBUG:pybindgen.typehandlers:try to lookup type handler for 'uint32_t' => success ((<class 'pybindgen.typehandlers.inttype.UnsignedIntReturn'>, None, <pybindgen.typehandlers.ctypeparser.TypeTraits object at 0x7f0dda407190>))
DEBUG:pybindgen.typehandlers:TypeMatcher.lookup('char const *')
DEBUG:pybindgen.typehandlers:try to lookup type handler for 'char const *' => success ((<class 'pybindgen.typehandlers.stringtype.CStringParam'>, None, <pybindgen.typehandlers.ctypeparser.TypeTraits object at 0x7f0dda4072d0>))
DEBUG:pybindgen.typehandlers:TypeMatcher.lookup('size_t const')
DEBUG:pybindgen.typehandlers:try to lookup type handler for 'size_t const' => success ((<class 'pybindgen.typehandlers.inttype.SizeTParam'>, None, <pybindgen.typehandlers.ctypeparser.TypeTraits object at 0x7f0dda407450>))
DEBUG:pybindgen.typehandlers:TypeMatcher.lookup('uint64_t')
DEBUG:pybindgen.typehandlers:try to lookup type handler for 'uint64_t' => success ((<class 'pybindgen.typehandlers.inttype.UnsignedLongLongReturn'>, None, <pybindgen.typehandlers.ctypeparser.TypeTraits object at 0x7f0dda407890>))
DEBUG:pybindgen.typehandlers:TypeMatcher.lookup('char const *')
DEBUG:pybindgen.typehandlers:try to lookup type handler for 'char const *' => success ((<class 'pybindgen.typehandlers.stringtype.CStringParam'>, None, <pybindgen.typehandlers.ctypeparser.TypeTraits object at 0x7f0dda4079d0>))
DEBUG:pybindgen.typehandlers:TypeMatcher.lookup('size_t const')
DEBUG:pybindgen.typehandlers:try to lookup type handler for 'size_t const' => success ((<class 'pybindgen.typehandlers.inttype.SizeTParam'>, None, <pybindgen.typehandlers.ctypeparser.TypeTraits object at 0x7f0dda407b50>))
DEBUG:pybindgen.typehandlers:TypeMatcher.lookup('void')
DEBUG:pybindgen.typehandlers:try to lookup type handler for 'void' => success ((<class 'pybindgen.typehandlers.voidtype.VoidReturn'>, None, <pybindgen.typehandlers.ctypeparser.TypeTraits object at 0x7f0dda407f90>))
DEBUG:pybindgen.typehandlers:TypeMatcher.lookup('ns3::Hash::Function::Hash32 const &')
DEBUG:pybindgen.typehandlers:try to lookup type handler for 'ns3::Hash::Function::Hash32 const &' => success ((<class 'pybindgen.cppclass.ThisClassRefParameter'>, None, <pybindgen.typehandlers.ctypeparser.TypeTraits object at 0x7f0dda410450>))
DEBUG:pybindgen.typehandlers:TypeMatcher.lookup('ns3::Hash::Hash32Function_ptr')
DEBUG:pybindgen.typehandlers:try to lookup type handler for 'ns3::Hash::Hash32Function_ptr' => failure
'ns3::Hash::Hash32Function_ptr' did not match
/home/pratyu101/FlyNetSim/NetSim/ns-allinone-3.27/ns-3.27/src/core/bindings/modulegen__gcc_LP64.py:4814: Warning: exception TypeLookupError(['ns3::Hash::Hash32Function_ptr'],) in wrapper <pybindgen.cppmethod.CppConstructor object at 0x7f0dda410850>
  cls.add_constructor([param('ns3::Hash::Hash32Function_ptr', 'hp')])
DEBUG:pybindgen.typehandlers:TypeMatcher.lookup('uint32_t')
DEBUG:pybindgen.typehandlers:try to lookup type handler for 'uint32_t' => success ((<class 'pybindgen.typehandlers.inttype.UnsignedIntReturn'>, None, <pybindgen.typehandlers.ctypeparser.TypeTraits object at 0x7f0dda410950>))
DEBUG:pybindgen.typehandlers:TypeMatcher.lookup('char const *')
DEBUG:pybindgen.typehandlers:try to lookup type handler for 'char const *' => success ((<class 'pybindgen.typehandlers.stringtype.CStringParam'>, None, <pybindgen.typehandlers.ctypeparser.TypeTraits object at 0x7f0dda410a90>))
DEBUG:pybindgen.typehandlers:TypeMatcher.lookup('size_t const')
DEBUG:pybindgen.typehandlers:try to lookup type handler for 'size_t const' => success ((<class 'pybindgen.typehandlers.inttype.SizeTParam'>, None, <pybindgen.typehandlers.ctypeparser.TypeTraits object at 0x7f0dda410c10>))
DEBUG:pybindgen.typehandlers:TypeMatcher.lookup('void')
DEBUG:pybindgen.typehandlers:try to lookup type handler for 'void' => success ((<class 'pybindgen.typehandlers.voidtype.VoidReturn'>, None, <pybindgen.typehandlers.ctypeparser.TypeTraits object at 0x7f0dda419090>))
DEBUG:pybindgen.typehandlers:TypeMatcher.lookup('ns3::Hash::Function::Hash64 const &')
DEBUG:pybindgen.typehandlers:try to lookup type handler for 'ns3::Hash::Function::Hash64 const &' => success ((<class 'pybindgen.cppclass.ThisClassRefParameter'>, None, <pybindgen.typehandlers.ctypeparser.TypeTraits object at 0x7f0dda419510>))
DEBUG:pybindgen.typehandlers:TypeMatcher.lookup('ns3::Hash::Hash64Function_ptr')
DEBUG:pybindgen.typehandlers:try to lookup type handler for 'ns3::Hash::Hash64Function_ptr' => failure
'ns3::Hash::Hash64Function_ptr' did not match
/home/pratyu101/FlyNetSim/NetSim/ns-allinone-3.27/ns-3.27/src/core/bindings/modulegen__gcc_LP64.py:4831: Warning: exception TypeLookupError(['ns3::Hash::Hash64Function_ptr'],) in wrapper <pybindgen.cppmethod.CppConstructor object at 0x7f0dda419910>
  cls.add_constructor([param('ns3::Hash::Hash64Function_ptr', 'hp')])
DEBUG:pybindgen.typehandlers:TypeMatcher.lookup('uint32_t')
DEBUG:pybindgen.typehandlers:try to lookup type handler for 'uint32_t' => success ((<class 'pybindgen.typehandlers.inttype.UnsignedIntReturn'>, None, <pybindgen.typehandlers.ctypeparser.TypeTraits object at 0x7f0dda419a10>))
DEBUG:pybindgen.typehandlers:TypeMatcher.lookup('char const *')
DEBUG:pybindgen.typehandlers:try to lookup type handler for 'char const *' => success ((<class 'pybindgen.typehandlers.stringtype.CStringParam'>, None, <pybindgen.typehandlers.ctypeparser.TypeTraits object at 0x7f0dda419b50>))
DEBUG:pybindgen.typehandlers:TypeMatcher.lookup('size_t const')
DEBUG:pybindgen.typehandlers:try to lookup type handler for 'size_t const' => success ((<class 'pybindgen.typehandlers.inttype.SizeTParam'>, None, <pybindgen.typehandlers.ctypeparser.TypeTraits object at 0x7f0dda419cd0>))
DEBUG:pybindgen.typehandlers:TypeMatcher.lookup('uint64_t')
DEBUG:pybindgen.typehandlers:try to lookup type handler for 'uint64_t' => success ((<class 'pybindgen.typehandlers.inttype.UnsignedLongLongReturn'>, None, <pybindgen.typehandlers.ctypeparser.TypeTraits object at 0x7f0dda421150>))
DEBUG:pybindgen.typehandlers:TypeMatcher.lookup('char const *')
DEBUG:pybindgen.typehandlers:try to lookup type handler for 'char const *' => success ((<class 'pybindgen.typehandlers.stringtype.CStringParam'>, None, <pybindgen.typehandlers.ctypeparser.TypeTraits object at 0x7f0dda421290>))
DEBUG:pybindgen.typehandlers:TypeMatcher.lookup('size_t const')
DEBUG:pybindgen.typehandlers:try to lookup type handler for 'size_t const' => success ((<class 'pybindgen.typehandlers.inttype.SizeTParam'>, None, <pybindgen.typehandlers.ctypeparser.TypeTraits object at 0x7f0dda421410>))
DEBUG:pybindgen.typehandlers:TypeMatcher.lookup('void')
DEBUG:pybindgen.typehandlers:try to lookup type handler for 'void' => success ((<class 'pybindgen.typehandlers.voidtype.VoidReturn'>, None, <pybindgen.typehandlers.ctypeparser.TypeTraits object at 0x7f0dda4199d0>))
DEBUG:pybindgen.typehandlers:TypeMatcher.lookup('ns3::Hash::Function::Murmur3 const &')
DEBUG:pybindgen.typehandlers:try to lookup type handler for 'ns3::Hash::Function::Murmur3 const &' => success ((<class 'pybindgen.cppclass.ThisClassRefParameter'>, None, <pybindgen.typehandlers.ctypeparser.TypeTraits object at 0x7f0dda421b50>))
DEBUG:pybindgen.typehandlers:TypeMatcher.lookup('uint32_t')
DEBUG:pybindgen.typehandlers:try to lookup type handler for 'uint32_t' => success ((<class 'pybindgen.typehandlers.inttype.UnsignedIntReturn'>, None, <pybindgen.typehandlers.ctypeparser.TypeTraits object at 0x7f0dda3a9290>))
DEBUG:pybindgen.typehandlers:TypeMatcher.lookup('char const *')
DEBUG:pybindgen.typehandlers:try to lookup type handler for 'char const *' => success ((<class 'pybindgen.typehandlers.stringtype.CStringParam'>, None, <pybindgen.typehandlers.ctypeparser.TypeTraits object at 0x7f0dda3a93d0>))
DEBUG:pybindgen.typehandlers:TypeMatcher.lookup('size_t const')
DEBUG:pybindgen.typehandlers:try to lookup type handler for 'size_t const' => success ((<class 'pybindgen.typehandlers.inttype.SizeTParam'>, None, <pybindgen.typehandlers.ctypeparser.TypeTraits object at 0x7f0dda3a9550>))
DEBUG:pybindgen.typehandlers:TypeMatcher.lookup('uint64_t')
DEBUG:pybindgen.typehandlers:try to lookup type handler for 'uint64_t' => success ((<class 'pybindgen.typehandlers.inttype.UnsignedLongLongReturn'>, None, <pybindgen.typehandlers.ctypeparser.TypeTraits object at 0x7f0dda3a9990>))
DEBUG:pybindgen.typehandlers:TypeMatcher.lookup('char const *')
DEBUG:pybindgen.typehandlers:try to lookup type handler for 'char const *' => success ((<class 'pybindgen.typehandlers.stringtype.CStringParam'>, None, <pybindgen.typehandlers.ctypeparser.TypeTraits object at 0x7f0dda3a9ad0>))
DEBUG:pybindgen.typehandlers:TypeMatcher.lookup('size_t const')
DEBUG:pybindgen.typehandlers:try to lookup type handler for 'size_t const' => success ((<class 'pybindgen.typehandlers.inttype.SizeTParam'>, None, <pybindgen.typehandlers.ctypeparser.TypeTraits object at 0x7f0dda3a9c50>))
DEBUG:pybindgen.typehandlers:TypeMatcher.lookup('void')
DEBUG:pybindgen.typehandlers:try to lookup type handler for 'void' => success ((<class 'pybindgen.typehandlers.voidtype.VoidReturn'>, None, <pybindgen.typehandlers.ctypeparser.TypeTraits object at 0x7f0dda3b20d0>))
DEBUG:pybindgen.typehandlers:TypeMatcher.lookup('ns3::ObjectBase *')
DEBUG:pybindgen.typehandlers:try to lookup type handler for 'ns3::ObjectBase *' => success ((<class 'pybindgen.cppclass.ThisClassPtrReturn'>, None, <pybindgen.typehandlers.ctypeparser.TypeTraits object at 0x7f0dda3b2590>))
/home/pratyu101/FlyNetSim/NetSim/ns-allinone-3.27/ns-3.27/bindings/python/ns3modulegen_core_customizations.py:228: Warning: ***** Unable to register callback; Return value 'ns3::ObjectBase *' error (used in ns3::Callback< ns3::ObjectBase *, ns3::empty, ns3::empty, ns3::empty, ns3::empty, ns3::empty, ns3::empty, ns3::empty, ns3::empty, ns3::empty >): TypeConfigurationError('Either caller_owns_return or self.reference_existing_object must be given',)
  Warning)
DEBUG:pybindgen.typehandlers:TypeMatcher.lookup('bool')
DEBUG:pybindgen.typehandlers:try to lookup type handler for 'bool' => success ((<class 'pybindgen.typehandlers.booltype.BoolReturn'>, None, <pybindgen.typehandlers.ctypeparser.TypeTraits object at 0x7f0dda3b2650>))
DEBUG:pybindgen.typehandlers:TypeMatcher.lookup('std::basic_string< char >')
DEBUG:pybindgen.typehandlers:try to lookup type handler for 'std::basic_string< char >' => failure
'std::basic_string< char >' did not match
/home/pratyu101/FlyNetSim/NetSim/ns-allinone-3.27/ns-3.27/bindings/python/ns3modulegen_core_customizations.py:257: Warning: ***** Unable to register callback; parameter 'std::basic_string<char> arg1' error (used in ns3::Callback< bool, std::basic_string<char>, ns3::empty, ns3::empty, ns3::empty, ns3::empty, ns3::empty, ns3::empty, ns3::empty, ns3::empty >): TypeLookupError(['std::basic_string< char >'],)
  Warning)
DEBUG:pybindgen.typehandlers:TypeMatcher.lookup('ns3::Callback< bool, std::basic_string<char>, ns3::empty, ns3::empty, ns3::empty, ns3::empty, ns3::empty, ns3::empty, ns3::empty, ns3::empty >')
DEBUG:pybindgen.typehandlers:try to lookup type handler for 'ns3::Callback< bool, std::basic_string<char>, ns3::empty, ns3::empty, ns3::empty, ns3::empty, ns3::empty, ns3::empty, ns3::empty, ns3::empty >' => failure
'ns3::Callback< bool, std::basic_string<char>, ns3::empty, ns3::empty, ns3::empty, ns3::empty, ns3::empty, ns3::empty, ns3::empty, ns3::empty >' did not match
DEBUG:pybindgen.typehandlers:TypeMatcher.lookup('ns3::Callback< bool, std::basic_string<char>, ns3::empty, ns3::empty, ns3::empty, ns3::empty, ns3::empty, ns3::empty, ns3::empty, ns3::empty >')
DEBUG:pybindgen.typehandlers:try to lookup type handler for 'ns3::Callback< bool, std::basic_string<char>, ns3::empty, ns3::empty, ns3::empty, ns3::empty, ns3::empty, ns3::empty, ns3::empty, ns3::empty >' => success ((<class 'ns3modulegen_core_customizations.PythonCallbackParameter'>, None, <pybindgen.typehandlers.ctypeparser.TypeTraits object at 0x7f0dda3b2710>))
DEBUG:pybindgen.typehandlers:TypeMatcher.lookup('void')
DEBUG:pybindgen.typehandlers:try to lookup type handler for 'void' => success ((<class 'pybindgen.typehandlers.voidtype.VoidReturn'>, None, <pybindgen.typehandlers.ctypeparser.TypeTraits object at 0x7f0dda3b2750>))
Flushing to  <pybindgen.typehandlers.codesink.MemoryCodeSink object at 0x7f0ddb24de10>
DEBUG:pybindgen.typehandlers:TypeMatcher.lookup('void')
DEBUG:pybindgen.typehandlers:try to lookup type handler for 'void' => success ((<class 'pybindgen.typehandlers.voidtype.VoidReturn'>, None, <pybindgen.typehandlers.ctypeparser.TypeTraits object at 0x7f0dda3b2f10>))
DEBUG:pybindgen.typehandlers:TypeMatcher.lookup('unsigned char *')
DEBUG:pybindgen.typehandlers:try to lookup type handler for 'unsigned char *' => failure
'unsigned char *' did not match
/home/pratyu101/FlyNetSim/NetSim/ns-allinone-3.27/ns-3.27/bindings/python/ns3modulegen_core_customizations.py:257: Warning: ***** Unable to register callback; parameter 'unsigned char * arg1' error (used in ns3::Callback< void, unsigned char *, long, ns3::empty, ns3::empty, ns3::empty, ns3::empty, ns3::empty, ns3::empty, ns3::empty >): TypeLookupError(['unsigned char *'],)
  Warning)
DEBUG:pybindgen.typehandlers:TypeMatcher.lookup('long')
DEBUG:pybindgen.typehandlers:try to lookup type handler for 'long' => success ((<class 'pybindgen.typehandlers.inttype.LongParam'>, None, <pybindgen.typehandlers.ctypeparser.TypeTraits object at 0x7f0dda3b26d0>))
DEBUG:pybindgen.typehandlers:TypeMatcher.lookup('ns3::Callback< void, unsigned char *, long, ns3::empty, ns3::empty, ns3::empty, ns3::empty, ns3::empty, ns3::empty, ns3::empty >')
DEBUG:pybindgen.typehandlers:try to lookup type handler for 'ns3::Callback< void, unsigned char *, long, ns3::empty, ns3::empty, ns3::empty, ns3::empty, ns3::empty, ns3::empty, ns3::empty >' => failure
'ns3::Callback< void, unsigned char *, long, ns3::empty, ns3::empty, ns3::empty, ns3::empty, ns3::empty, ns3::empty, ns3::empty >' did not match
DEBUG:pybindgen.typehandlers:TypeMatcher.lookup('ns3::Callback< void, unsigned char *, long, ns3::empty, ns3::empty, ns3::empty, ns3::empty, ns3::empty, ns3::empty, ns3::empty >')
DEBUG:pybindgen.typehandlers:try to lookup type handler for 'ns3::Callback< void, unsigned char *, long, ns3::empty, ns3::empty, ns3::empty, ns3::empty, ns3::empty, ns3::empty, ns3::empty >' => success ((<class 'ns3modulegen_core_customizations.PythonCallbackParameter'>, None, <pybindgen.typehandlers.ctypeparser.TypeTraits object at 0x7f0dda3be090>))
DEBUG:pybindgen.typehandlers:TypeMatcher.lookup('ns3::Time')
DEBUG:pybindgen.typehandlers:try to lookup type handler for 'ns3::Time' => success ((<class 'pybindgen.cppclass.ThisClassReturn'>, None, <pybindgen.typehandlers.ctypeparser.TypeTraits object at 0x7f0dda3b2590>))
DEBUG:pybindgen.typehandlers:TypeMatcher.lookup('ns3::Time const &')
DEBUG:pybindgen.typehandlers:try to lookup type handler for 'ns3::Time const &' => success ((<class 'pybindgen.cppclass.ThisClassRefParameter'>, None, <pybindgen.typehandlers.ctypeparser.TypeTraits object at 0x7f0dda3be2d0>))
DEBUG:pybindgen.typehandlers:TypeMatcher.lookup('ns3::int64x64_t')
DEBUG:pybindgen.typehandlers:try to lookup type handler for 'ns3::int64x64_t' => success ((<class 'pybindgen.cppclass.ThisClassReturn'>, None, <pybindgen.typehandlers.ctypeparser.TypeTraits object at 0x7f0dda3be310>))
DEBUG:pybindgen.typehandlers:TypeMatcher.lookup('ns3::int64x64_t const &')
DEBUG:pybindgen.typehandlers:try to lookup type handler for 'ns3::int64x64_t const &' => success ((<class 'pybindgen.cppclass.ThisClassRefParameter'>, None, <pybindgen.typehandlers.ctypeparser.TypeTraits object at 0x7f0dda3be450>))
DEBUG:pybindgen.typehandlers:TypeMatcher.lookup('void')
DEBUG:pybindgen.typehandlers:try to lookup type handler for 'void' => success ((<class 'pybindgen.typehandlers.voidtype.VoidReturn'>, None, <pybindgen.typehandlers.ctypeparser.TypeTraits object at 0x7f0dda3be150>))
DEBUG:pybindgen.typehandlers:TypeMatcher.lookup('double')
DEBUG:pybindgen.typehandlers:try to lookup type handler for 'double' => success ((<class 'pybindgen.typehandlers.doubletype.DoubleReturn'>, None, <pybindgen.typehandlers.ctypeparser.TypeTraits object at 0x7f0dda3d0090>))
DEBUG:pybindgen.typehandlers:TypeMatcher.lookup('ns3::Vector2D const &')
DEBUG:pybindgen.typehandlers:try to lookup type handler for 'ns3::Vector2D const &' => success ((<class 'pybindgen.cppclass.ThisClassRefParameter'>, None, <pybindgen.typehandlers.ctypeparser.TypeTraits object at 0x7f0dda3d01d0>))
DEBUG:pybindgen.typehandlers:TypeMatcher.lookup('ns3::Vector2D const &')
DEBUG:pybindgen.typehandlers:try to lookup type handler for 'ns3::Vector2D const &' => success ((<class 'pybindgen.cppclass.ThisClassRefParameter'>, None, <pybindgen.typehandlers.ctypeparser.TypeTraits object at 0x7f0dda3d0390>))
DEBUG:pybindgen.typehandlers:TypeMatcher.lookup('double')
DEBUG:pybindgen.typehandlers:try to lookup type handler for 'double' => success ((<class 'pybindgen.typehandlers.doubletype.DoubleReturn'>, None, <pybindgen.typehandlers.ctypeparser.TypeTraits object at 0x7f0dda3d0850>))
DEBUG:pybindgen.typehandlers:TypeMatcher.lookup('ns3::Vector3D const &')
DEBUG:pybindgen.typehandlers:try to lookup type handler for 'ns3::Vector3D const &' => success ((<class 'pybindgen.cppclass.ThisClassRefParameter'>, None, <pybindgen.typehandlers.ctypeparser.TypeTraits object at 0x7f0dda3d0990>))
DEBUG:pybindgen.typehandlers:TypeMatcher.lookup('ns3::Vector3D const &')
DEBUG:pybindgen.typehandlers:try to lookup type handler for 'ns3::Vector3D const &' => success ((<class 'pybindgen.cppclass.ThisClassRefParameter'>, None, <pybindgen.typehandlers.ctypeparser.TypeTraits object at 0x7f0dda3d0b50>))
DEBUG:pybindgen.typehandlers:TypeMatcher.lookup('ns3::Ptr< ns3::ObjectPtrContainerValue >')
DEBUG:pybindgen.typehandlers:try to lookup type handler for 'ns3::Ptr< ns3::ObjectPtrContainerValue >' => failure
DEBUG:pybindgen.typehandlers:try to lookup type handler for 'ns3::ObjectPtrContainerValue *' => success ((<class 'pybindgen.cppclass.ThisClassPtrReturn'>, <ns3modulegen_core_customizations.SmartPointerTransformation object at 0x7f0ddb24d5d0>, <pybindgen.typehandlers.ctypeparser.TypeTraits object at 0x7f0dda3d8190>))
DEBUG:pybindgen.typehandlers:TypeMatcher.lookup('ns3::Ptr< ns3::PointerValue >')
DEBUG:pybindgen.typehandlers:try to lookup type handler for 'ns3::Ptr< ns3::PointerValue >' => failure
DEBUG:pybindgen.typehandlers:try to lookup type handler for 'ns3::PointerValue *' => success ((<class 'pybindgen.cppclass.ThisClassPtrReturn'>, <ns3modulegen_core_customizations.SmartPointerTransformation object at 0x7f0ddb24d5d0>, <pybindgen.typehandlers.ctypeparser.TypeTraits object at 0x7f0dda3d8650>))
DEBUG:pybindgen.typehandlers:TypeMatcher.lookup('ns3::Time')
DEBUG:pybindgen.typehandlers:try to lookup type handler for 'ns3::Time' => success ((<class 'pybindgen.cppclass.ThisClassReturn'>, None, <pybindgen.typehandlers.ctypeparser.TypeTraits object at 0x7f0dda3d8990>))
DEBUG:pybindgen.typehandlers:TypeMatcher.lookup('ns3::int64x64_t')
DEBUG:pybindgen.typehandlers:try to lookup type handler for 'ns3::int64x64_t' => success ((<class 'pybindgen.cppclass.ThisClassParameter'>, None, <pybindgen.typehandlers.ctypeparser.TypeTraits object at 0x7f0dda3d8ad0>))
DEBUG:pybindgen.typehandlers:TypeMatcher.lookup('ns3::Time')
DEBUG:pybindgen.typehandlers:try to lookup type handler for 'ns3::Time' => success ((<class 'pybindgen.cppclass.ThisClassReturn'>, None, <pybindgen.typehandlers.ctypeparser.TypeTraits object at 0x7f0dda3d8f10>))
DEBUG:pybindgen.typehandlers:TypeMatcher.lookup('double')
DEBUG:pybindgen.typehandlers:try to lookup type handler for 'double' => success ((<class 'pybindgen.typehandlers.doubletype.DoubleParam'>, None, <pybindgen.typehandlers.ctypeparser.TypeTraits object at 0x7f0dda3e0090>))
DEBUG:pybindgen.typehandlers:TypeMatcher.lookup('ns3::Time')
DEBUG:pybindgen.typehandlers:try to lookup type handler for 'ns3::Time' => success ((<class 'pybindgen.cppclass.ThisClassReturn'>, None, <pybindgen.typehandlers.ctypeparser.TypeTraits object at 0x7f0dda3e0410>))
DEBUG:pybindgen.typehandlers:TypeMatcher.lookup('ns3::int64x64_t')
DEBUG:pybindgen.typehandlers:try to lookup type handler for 'ns3::int64x64_t' => success ((<class 'pybindgen.cppclass.ThisClassParameter'>, None, <pybindgen.typehandlers.ctypeparser.TypeTraits object at 0x7f0dda3e0590>))
DEBUG:pybindgen.typehandlers:TypeMatcher.lookup('ns3::Time')
DEBUG:pybindgen.typehandlers:try to lookup type handler for 'ns3::Time' => success ((<class 'pybindgen.cppclass.ThisClassReturn'>, None, <pybindgen.typehandlers.ctypeparser.TypeTraits object at 0x7f0dda3e09d0>))
DEBUG:pybindgen.typehandlers:TypeMatcher.lookup('uint64_t')
DEBUG:pybindgen.typehandlers:try to lookup type handler for 'uint64_t' => success ((<class 'pybindgen.typehandlers.inttype.UnsignedLongLongParam'>, None, <pybindgen.typehandlers.ctypeparser.TypeTraits object at 0x7f0dda3e0b10>))
DEBUG:pybindgen.typehandlers:TypeMatcher.lookup('ns3::LogComponent &')
DEBUG:pybindgen.typehandlers:try to lookup type handler for 'ns3::LogComponent &' => success ((<class 'pybindgen.cppclass.ThisClassRefReturn'>, None, <pybindgen.typehandlers.ctypeparser.TypeTraits object at 0x7f0dda3e0f10>))
DEBUG:pybindgen.typehandlers:TypeMatcher.lookup('std::string const')
DEBUG:pybindgen.typehandlers:try to lookup type handler for 'std::string const' => success ((<class 'pybindgen.typehandlers.stringtype.StdStringParam'>, None, <pybindgen.typehandlers.ctypeparser.TypeTraits object at 0x7f0dda36a0d0>))
DEBUG:pybindgen.typehandlers:TypeMatcher.lookup('uint32_t')
DEBUG:pybindgen.typehandlers:try to lookup type handler for 'uint32_t' => success ((<class 'pybindgen.typehandlers.inttype.UnsignedIntReturn'>, None, <pybindgen.typehandlers.ctypeparser.TypeTraits object at 0x7f0dda36a550>))
DEBUG:pybindgen.typehandlers:TypeMatcher.lookup('std::string const')
DEBUG:pybindgen.typehandlers:try to lookup type handler for 'std::string const' => success ((<class 'pybindgen.typehandlers.stringtype.StdStringParam'>, None, <pybindgen.typehandlers.ctypeparser.TypeTraits object at 0x7f0dda36a690>))
DEBUG:pybindgen.typehandlers:TypeMatcher.lookup('uint32_t')
DEBUG:pybindgen.typehandlers:try to lookup type handler for 'uint32_t' => success ((<class 'pybindgen.typehandlers.inttype.UnsignedIntReturn'>, None, <pybindgen.typehandlers.ctypeparser.TypeTraits object at 0x7f0dda36aad0>))
DEBUG:pybindgen.typehandlers:TypeMatcher.lookup('char const *')
DEBUG:pybindgen.typehandlers:try to lookup type handler for 'char const *' => success ((<class 'pybindgen.typehandlers.stringtype.CStringParam'>, None, <pybindgen.typehandlers.ctypeparser.TypeTraits object at 0x7f0dda36ac10>))
DEBUG:pybindgen.typehandlers:TypeMatcher.lookup('size_t const')
DEBUG:pybindgen.typehandlers:try to lookup type handler for 'size_t const' => success ((<class 'pybindgen.typehandlers.inttype.SizeTParam'>, None, <pybindgen.typehandlers.ctypeparser.TypeTraits object at 0x7f0dda36ad90>))
DEBUG:pybindgen.typehandlers:TypeMatcher.lookup('uint64_t')
DEBUG:pybindgen.typehandlers:try to lookup type handler for 'uint64_t' => success ((<class 'pybindgen.typehandlers.inttype.UnsignedLongLongReturn'>, None, <pybindgen.typehandlers.ctypeparser.TypeTraits object at 0x7f0dda371190>))
DEBUG:pybindgen.typehandlers:TypeMatcher.lookup('std::string const')
DEBUG:pybindgen.typehandlers:try to lookup type handler for 'std::string const' => success ((<class 'pybindgen.typehandlers.stringtype.StdStringParam'>, None, <pybindgen.typehandlers.ctypeparser.TypeTraits object at 0x7f0dda371310>))
DEBUG:pybindgen.typehandlers:TypeMatcher.lookup('uint64_t')
DEBUG:pybindgen.typehandlers:try to lookup type handler for 'uint64_t' => success ((<class 'pybindgen.typehandlers.inttype.UnsignedLongLongReturn'>, None, <pybindgen.typehandlers.ctypeparser.TypeTraits object at 0x7f0dda371750>))
DEBUG:pybindgen.typehandlers:TypeMatcher.lookup('char const *')
DEBUG:pybindgen.typehandlers:try to lookup type handler for 'char const *' => success ((<class 'pybindgen.typehandlers.stringtype.CStringParam'>, None, <pybindgen.typehandlers.ctypeparser.TypeTraits object at 0x7f0dda371890>))
DEBUG:pybindgen.typehandlers:TypeMatcher.lookup('size_t const')
DEBUG:pybindgen.typehandlers:try to lookup type handler for 'size_t const' => success ((<class 'pybindgen.typehandlers.inttype.SizeTParam'>, None, <pybindgen.typehandlers.ctypeparser.TypeTraits object at 0x7f0dda371a10>))
DEBUG:pybindgen.typehandlers:TypeMatcher.lookup('ns3::Time')
DEBUG:pybindgen.typehandlers:try to lookup type handler for 'ns3::Time' => success ((<class 'pybindgen.cppclass.ThisClassReturn'>, None, <pybindgen.typehandlers.ctypeparser.TypeTraits object at 0x7f0dda371dd0>))
DEBUG:pybindgen.typehandlers:TypeMatcher.lookup('ns3::int64x64_t')
DEBUG:pybindgen.typehandlers:try to lookup type handler for 'ns3::int64x64_t' => success ((<class 'pybindgen.cppclass.ThisClassParameter'>, None, <pybindgen.typehandlers.ctypeparser.TypeTraits object at 0x7f0dda371f50>))
DEBUG:pybindgen.typehandlers:TypeMatcher.lookup('ns3::Time')
DEBUG:pybindgen.typehandlers:try to lookup type handler for 'ns3::Time' => success ((<class 'pybindgen.cppclass.ThisClassReturn'>, None, <pybindgen.typehandlers.ctypeparser.TypeTraits object at 0x7f0dda3793d0>))
DEBUG:pybindgen.typehandlers:TypeMatcher.lookup('double')
DEBUG:pybindgen.typehandlers:try to lookup type handler for 'double' => success ((<class 'pybindgen.typehandlers.doubletype.DoubleParam'>, None, <pybindgen.typehandlers.ctypeparser.TypeTraits object at 0x7f0dda379510>))
DEBUG:pybindgen.typehandlers:TypeMatcher.lookup('void')
DEBUG:pybindgen.typehandlers:try to lookup type handler for 'void' => success ((<class 'pybindgen.typehandlers.voidtype.VoidReturn'>, None, <pybindgen.typehandlers.ctypeparser.TypeTraits object at 0x7f0dda379890>))
DEBUG:pybindgen.typehandlers:TypeMatcher.lookup('char const *')
DEBUG:pybindgen.typehandlers:try to lookup type handler for 'char const *' => success ((<class 'pybindgen.typehandlers.stringtype.CStringParam'>, None, <pybindgen.typehandlers.ctypeparser.TypeTraits object at 0x7f0dda379a10>))
DEBUG:pybindgen.typehandlers:TypeMatcher.lookup('ns3::LogLevel')
DEBUG:pybindgen.typehandlers:try to lookup type handler for 'ns3::LogLevel' => success ((<class 'pybindgen.enum.ThisEnumParameter'>, None, <pybindgen.typehandlers.ctypeparser.TypeTraits object at 0x7f0dda379b90>))
DEBUG:pybindgen.typehandlers:TypeMatcher.lookup('void')
DEBUG:pybindgen.typehandlers:try to lookup type handler for 'void' => success ((<class 'pybindgen.typehandlers.voidtype.VoidReturn'>, None, <pybindgen.typehandlers.ctypeparser.TypeTraits object at 0x7f0dda379f90>))
DEBUG:pybindgen.typehandlers:TypeMatcher.lookup('ns3::LogLevel')
DEBUG:pybindgen.typehandlers:try to lookup type handler for 'ns3::LogLevel' => success ((<class 'pybindgen.enum.ThisEnumParameter'>, None, <pybindgen.typehandlers.ctypeparser.TypeTraits object at 0x7f0dda382110>))
DEBUG:pybindgen.typehandlers:TypeMatcher.lookup('void')
DEBUG:pybindgen.typehandlers:try to lookup type handler for 'void' => success ((<class 'pybindgen.typehandlers.voidtype.VoidReturn'>, None, <pybindgen.typehandlers.ctypeparser.TypeTraits object at 0x7f0dda382510>))
DEBUG:pybindgen.typehandlers:TypeMatcher.lookup('char const *')
DEBUG:pybindgen.typehandlers:try to lookup type handler for 'char const *' => success ((<class 'pybindgen.typehandlers.stringtype.CStringParam'>, None, <pybindgen.typehandlers.ctypeparser.TypeTraits object at 0x7f0dda382650>))
DEBUG:pybindgen.typehandlers:TypeMatcher.lookup('ns3::LogLevel')
DEBUG:pybindgen.typehandlers:try to lookup type handler for 'ns3::LogLevel' => success ((<class 'pybindgen.enum.ThisEnumParameter'>, None, <pybindgen.typehandlers.ctypeparser.TypeTraits object at 0x7f0dda3827d0>))
DEBUG:pybindgen.typehandlers:TypeMatcher.lookup('void')
DEBUG:pybindgen.typehandlers:try to lookup type handler for 'void' => success ((<class 'pybindgen.typehandlers.voidtype.VoidReturn'>, None, <pybindgen.typehandlers.ctypeparser.TypeTraits object at 0x7f0dda382bd0>))
DEBUG:pybindgen.typehandlers:TypeMatcher.lookup('ns3::LogLevel')
DEBUG:pybindgen.typehandlers:try to lookup type handler for 'ns3::LogLevel' => success ((<class 'pybindgen.enum.ThisEnumParameter'>, None, <pybindgen.typehandlers.ctypeparser.TypeTraits object at 0x7f0dda382d10>))
DEBUG:pybindgen.typehandlers:TypeMatcher.lookup('void')
DEBUG:pybindgen.typehandlers:try to lookup type handler for 'void' => success ((<class 'pybindgen.typehandlers.voidtype.VoidReturn'>, None, <pybindgen.typehandlers.ctypeparser.TypeTraits object at 0x7f0dda389150>))
DEBUG:pybindgen.typehandlers:TypeMatcher.lookup('ns3::LogNodePrinter')
DEBUG:pybindgen.typehandlers:try to lookup type handler for 'ns3::LogNodePrinter' => failure
'ns3::LogNodePrinter' did not match
/home/pratyu101/FlyNetSim/NetSim/ns-allinone-3.27/ns-3.27/src/core/bindings/modulegen__gcc_LP64.py:4970: Warning: exception TypeLookupError(['ns3::LogNodePrinter'],) in wrapper <pybindgen.function.Function object at 0x7f0dda389510>
  [])
DEBUG:pybindgen.typehandlers:TypeMatcher.lookup('ns3::LogTimePrinter')
DEBUG:pybindgen.typehandlers:try to lookup type handler for 'ns3::LogTimePrinter' => failure
'ns3::LogTimePrinter' did not match
/home/pratyu101/FlyNetSim/NetSim/ns-allinone-3.27/ns-3.27/src/core/bindings/modulegen__gcc_LP64.py:4974: Warning: exception TypeLookupError(['ns3::LogTimePrinter'],) in wrapper <pybindgen.function.Function object at 0x7f0dda3895d0>
  [])
DEBUG:pybindgen.typehandlers:TypeMatcher.lookup('void')
DEBUG:pybindgen.typehandlers:try to lookup type handler for 'void' => success ((<class 'pybindgen.typehandlers.voidtype.VoidReturn'>, None, <pybindgen.typehandlers.ctypeparser.TypeTraits object at 0x7f0dda389710>))
DEBUG:pybindgen.typehandlers:TypeMatcher.lookup('ns3::LogNodePrinter')
DEBUG:pybindgen.typehandlers:try to lookup type handler for 'ns3::LogNodePrinter' => failure
'ns3::LogNodePrinter' did not match
/home/pratyu101/FlyNetSim/NetSim/ns-allinone-3.27/ns-3.27/src/core/bindings/modulegen__gcc_LP64.py:4978: Warning: exception TypeLookupError(['ns3::LogNodePrinter'],) in wrapper <pybindgen.function.Function object at 0x7f0dda389690>
  [param('ns3::LogNodePrinter', 'np')])
DEBUG:pybindgen.typehandlers:TypeMatcher.lookup('void')
DEBUG:pybindgen.typehandlers:try to lookup type handler for 'void' => success ((<class 'pybindgen.typehandlers.voidtype.VoidReturn'>, None, <pybindgen.typehandlers.ctypeparser.TypeTraits object at 0x7f0dda3898d0>))
DEBUG:pybindgen.typehandlers:TypeMatcher.lookup('ns3::LogTimePrinter')
DEBUG:pybindgen.typehandlers:try to lookup type handler for 'ns3::LogTimePrinter' => failure
'ns3::LogTimePrinter' did not match
/home/pratyu101/FlyNetSim/NetSim/ns-allinone-3.27/ns-3.27/src/core/bindings/modulegen__gcc_LP64.py:4982: Warning: exception TypeLookupError(['ns3::LogTimePrinter'],) in wrapper <pybindgen.function.Function object at 0x7f0dda389850>
  [param('ns3::LogTimePrinter', 'lp')])
DEBUG:pybindgen.typehandlers:TypeMatcher.lookup('ns3::Ptr< ns3::AttributeChecker const >')
DEBUG:pybindgen.typehandlers:try to lookup type handler for 'ns3::Ptr< ns3::AttributeChecker const >' => failure
DEBUG:pybindgen.typehandlers:try to lookup type handler for 'ns3::AttributeChecker *' => success ((<class 'pybindgen.cppclass.ThisClassPtrReturn'>, <ns3modulegen_core_customizations.SmartPointerTransformation object at 0x7f0ddb24d5d0>, <pybindgen.typehandlers.ctypeparser.TypeTraits object at 0x7f0dda389d90>))
DEBUG:pybindgen.typehandlers:TypeMatcher.lookup('ns3::Ptr< ns3::AttributeChecker const >')
DEBUG:pybindgen.typehandlers:try to lookup type handler for 'ns3::Ptr< ns3::AttributeChecker const >' => failure
DEBUG:pybindgen.typehandlers:try to lookup type handler for 'ns3::AttributeChecker *' => success ((<class 'pybindgen.cppclass.ThisClassPtrReturn'>, <ns3modulegen_core_customizations.SmartPointerTransformation object at 0x7f0ddb24d5d0>, <pybindgen.typehandlers.ctypeparser.TypeTraits object at 0x7f0dda3923d0>))
DEBUG:pybindgen.typehandlers:TypeMatcher.lookup('ns3::Ptr< ns3::AttributeAccessor const >')
DEBUG:pybindgen.typehandlers:try to lookup type handler for 'ns3::Ptr< ns3::AttributeAccessor const >' => failure
DEBUG:pybindgen.typehandlers:try to lookup type handler for 'ns3::AttributeAccessor *' => success ((<class 'pybindgen.cppclass.ThisClassPtrReturn'>, <ns3modulegen_core_customizations.SmartPointerTransformation object at 0x7f0ddb24d5d0>, <pybindgen.typehandlers.ctypeparser.TypeTraits object at 0x7f0dda392310>))
DEBUG:pybindgen.typehandlers:TypeMatcher.lookup('ns3::Ptr< ns3::AttributeChecker >')
DEBUG:pybindgen.typehandlers:try to lookup type handler for 'ns3::Ptr< ns3::AttributeChecker >' => failure
DEBUG:pybindgen.typehandlers:try to lookup type handler for 'ns3::AttributeChecker *' => success ((<class 'pybindgen.cppclass.ThisClassPtrReturn'>, <ns3modulegen_core_customizations.SmartPointerTransformation object at 0x7f0ddb24d5d0>, <pybindgen.typehandlers.ctypeparser.TypeTraits object at 0x7f0dda392990>))
DEBUG:pybindgen.typehandlers:TypeMatcher.lookup('ns3::Ptr< ns3::TraceSourceAccessor const >')
DEBUG:pybindgen.typehandlers:try to lookup type handler for 'ns3::Ptr< ns3::TraceSourceAccessor const >' => failure
DEBUG:pybindgen.typehandlers:try to lookup type handler for 'ns3::TraceSourceAccessor *' => success ((<class 'pybindgen.cppclass.ThisClassPtrReturn'>, <ns3modulegen_core_customizations.SmartPointerTransformation object at 0x7f0ddb24d5d0>, <pybindgen.typehandlers.ctypeparser.TypeTraits object at 0x7f0dda392ed0>))
DEBUG:pybindgen.typehandlers:TypeMatcher.lookup('ns3::Ptr< ns3::AttributeChecker const >')
DEBUG:pybindgen.typehandlers:try to lookup type handler for 'ns3::Ptr< ns3::AttributeChecker const >' => failure
DEBUG:pybindgen.typehandlers:try to lookup type handler for 'ns3::AttributeChecker *' => success ((<class 'pybindgen.cppclass.ThisClassPtrReturn'>, <ns3modulegen_core_customizations.SmartPointerTransformation object at 0x7f0ddb24d5d0>, <pybindgen.typehandlers.ctypeparser.TypeTraits object at 0x7f0dda3984d0>))
DEBUG:pybindgen.typehandlers:TypeMatcher.lookup('int')
DEBUG:pybindgen.typehandlers:try to lookup type handler for 'int' => success ((<class 'pybindgen.typehandlers.inttype.IntParam'>, None, <pybindgen.typehandlers.ctypeparser.TypeTraits object at 0x7f0dda398590>))
DEBUG:pybindgen.typehandlers:TypeMatcher.lookup('std::string')
DEBUG:pybindgen.typehandlers:try to lookup type handler for 'std::string' => success ((<class 'pybindgen.typehandlers.stringtype.StdStringParam'>, None, <pybindgen.typehandlers.ctypeparser.TypeTraits object at 0x7f0dda398610>))
DEBUG:pybindgen.typehandlers:TypeMatcher.lookup('int')
DEBUG:pybindgen.typehandlers:try to lookup type handler for 'int' => success ((<class 'pybindgen.typehandlers.inttype.IntParam'>, None, <pybindgen.typehandlers.ctypeparser.TypeTraits object at 0x7f0dda398710>))
DEBUG:pybindgen.typehandlers:TypeMatcher.lookup('std::string')
DEBUG:pybindgen.typehandlers:try to lookup type handler for 'std::string' => success ((<class 'pybindgen.typehandlers.stringtype.StdStringParam'>, None, <pybindgen.typehandlers.ctypeparser.TypeTraits object at 0x7f0dda398810>))
DEBUG:pybindgen.typehandlers:TypeMatcher.lookup('int')
DEBUG:pybindgen.typehandlers:try to lookup type handler for 'int' => success ((<class 'pybindgen.typehandlers.inttype.IntParam'>, None, <pybindgen.typehandlers.ctypeparser.TypeTraits object at 0x7f0dda398910>))
DEBUG:pybindgen.typehandlers:TypeMatcher.lookup('std::string')
DEBUG:pybindgen.typehandlers:try to lookup type handler for 'std::string' => success ((<class 'pybindgen.typehandlers.stringtype.StdStringParam'>, None, <pybindgen.typehandlers.ctypeparser.TypeTraits object at 0x7f0dda398a10>))
DEBUG:pybindgen.typehandlers:TypeMatcher.lookup('int')
DEBUG:pybindgen.typehandlers:try to lookup type handler for 'int' => success ((<class 'pybindgen.typehandlers.inttype.IntParam'>, None, <pybindgen.typehandlers.ctypeparser.TypeTraits object at 0x7f0dda398b10>))
DEBUG:pybindgen.typehandlers:TypeMatcher.lookup('std::string')
DEBUG:pybindgen.typehandlers:try to lookup type handler for 'std::string' => success ((<class 'pybindgen.typehandlers.stringtype.StdStringParam'>, None, <pybindgen.typehandlers.ctypeparser.TypeTraits object at 0x7f0dda398c10>))
DEBUG:pybindgen.typehandlers:TypeMatcher.lookup('int')
DEBUG:pybindgen.typehandlers:try to lookup type handler for 'int' => success ((<class 'pybindgen.typehandlers.inttype.IntParam'>, None, <pybindgen.typehandlers.ctypeparser.TypeTraits object at 0x7f0dda398d10>))
DEBUG:pybindgen.typehandlers:TypeMatcher.lookup('std::string')
DEBUG:pybindgen.typehandlers:try to lookup type handler for 'std::string' => success ((<class 'pybindgen.typehandlers.stringtype.StdStringParam'>, None, <pybindgen.typehandlers.ctypeparser.TypeTraits object at 0x7f0dda398e10>))
DEBUG:pybindgen.typehandlers:TypeMatcher.lookup('int')
DEBUG:pybindgen.typehandlers:try to lookup type handler for 'int' => success ((<class 'pybindgen.typehandlers.inttype.IntParam'>, None, <pybindgen.typehandlers.ctypeparser.TypeTraits object at 0x7f0dda398f10>))
DEBUG:pybindgen.typehandlers:TypeMatcher.lookup('std::string')
DEBUG:pybindgen.typehandlers:try to lookup type handler for 'std::string' => success ((<class 'pybindgen.typehandlers.stringtype.StdStringParam'>, None, <pybindgen.typehandlers.ctypeparser.TypeTraits object at 0x7f0dda324050>))
DEBUG:pybindgen.typehandlers:TypeMatcher.lookup('int')
DEBUG:pybindgen.typehandlers:try to lookup type handler for 'int' => success ((<class 'pybindgen.typehandlers.inttype.IntParam'>, None, <pybindgen.typehandlers.ctypeparser.TypeTraits object at 0x7f0dda324150>))
DEBUG:pybindgen.typehandlers:TypeMatcher.lookup('std::string')
DEBUG:pybindgen.typehandlers:try to lookup type handler for 'std::string' => success ((<class 'pybindgen.typehandlers.stringtype.StdStringParam'>, None, <pybindgen.typehandlers.ctypeparser.TypeTraits object at 0x7f0dda324250>))
DEBUG:pybindgen.typehandlers:TypeMatcher.lookup('int')
DEBUG:pybindgen.typehandlers:try to lookup type handler for 'int' => success ((<class 'pybindgen.typehandlers.inttype.IntParam'>, None, <pybindgen.typehandlers.ctypeparser.TypeTraits object at 0x7f0dda324350>))
DEBUG:pybindgen.typehandlers:TypeMatcher.lookup('std::string')
DEBUG:pybindgen.typehandlers:try to lookup type handler for 'std::string' => success ((<class 'pybindgen.typehandlers.stringtype.StdStringParam'>, None, <pybindgen.typehandlers.ctypeparser.TypeTraits object at 0x7f0dda324450>))
DEBUG:pybindgen.typehandlers:TypeMatcher.lookup('int')
DEBUG:pybindgen.typehandlers:try to lookup type handler for 'int' => success ((<class 'pybindgen.typehandlers.inttype.IntParam'>, None, <pybindgen.typehandlers.ctypeparser.TypeTraits object at 0x7f0dda324550>))
DEBUG:pybindgen.typehandlers:TypeMatcher.lookup('std::string')
DEBUG:pybindgen.typehandlers:try to lookup type handler for 'std::string' => success ((<class 'pybindgen.typehandlers.stringtype.StdStringParam'>, None, <pybindgen.typehandlers.ctypeparser.TypeTraits object at 0x7f0dda324650>))
DEBUG:pybindgen.typehandlers:TypeMatcher.lookup('int')
DEBUG:pybindgen.typehandlers:try to lookup type handler for 'int' => success ((<class 'pybindgen.typehandlers.inttype.IntParam'>, None, <pybindgen.typehandlers.ctypeparser.TypeTraits object at 0x7f0dda324750>))
DEBUG:pybindgen.typehandlers:TypeMatcher.lookup('std::string')
DEBUG:pybindgen.typehandlers:try to lookup type handler for 'std::string' => success ((<class 'pybindgen.typehandlers.stringtype.StdStringParam'>, None, <pybindgen.typehandlers.ctypeparser.TypeTraits object at 0x7f0dda324850>))
DEBUG:pybindgen.typehandlers:TypeMatcher.lookup('int')
DEBUG:pybindgen.typehandlers:try to lookup type handler for 'int' => success ((<class 'pybindgen.typehandlers.inttype.IntParam'>, None, <pybindgen.typehandlers.ctypeparser.TypeTraits object at 0x7f0dda324950>))
DEBUG:pybindgen.typehandlers:TypeMatcher.lookup('std::string')
DEBUG:pybindgen.typehandlers:try to lookup type handler for 'std::string' => success ((<class 'pybindgen.typehandlers.stringtype.StdStringParam'>, None, <pybindgen.typehandlers.ctypeparser.TypeTraits object at 0x7f0dda324a50>))
DEBUG:pybindgen.typehandlers:TypeMatcher.lookup('int')
DEBUG:pybindgen.typehandlers:try to lookup type handler for 'int' => success ((<class 'pybindgen.typehandlers.inttype.IntParam'>, None, <pybindgen.typehandlers.ctypeparser.TypeTraits object at 0x7f0dda324b50>))
DEBUG:pybindgen.typehandlers:TypeMatcher.lookup('std::string')
DEBUG:pybindgen.typehandlers:try to lookup type handler for 'std::string' => success ((<class 'pybindgen.typehandlers.stringtype.StdStringParam'>, None, <pybindgen.typehandlers.ctypeparser.TypeTraits object at 0x7f0dda324c50>))
DEBUG:pybindgen.typehandlers:TypeMatcher.lookup('int')
DEBUG:pybindgen.typehandlers:try to lookup type handler for 'int' => success ((<class 'pybindgen.typehandlers.inttype.IntParam'>, None, <pybindgen.typehandlers.ctypeparser.TypeTraits object at 0x7f0dda324d50>))
DEBUG:pybindgen.typehandlers:TypeMatcher.lookup('std::string')
DEBUG:pybindgen.typehandlers:try to lookup type handler for 'std::string' => success ((<class 'pybindgen.typehandlers.stringtype.StdStringParam'>, None, <pybindgen.typehandlers.ctypeparser.TypeTraits object at 0x7f0dda324e50>))
DEBUG:pybindgen.typehandlers:TypeMatcher.lookup('int')
DEBUG:pybindgen.typehandlers:try to lookup type handler for 'int' => success ((<class 'pybindgen.typehandlers.inttype.IntParam'>, None, <pybindgen.typehandlers.ctypeparser.TypeTraits object at 0x7f0dda324f50>))
DEBUG:pybindgen.typehandlers:TypeMatcher.lookup('std::string')
DEBUG:pybindgen.typehandlers:try to lookup type handler for 'std::string' => success ((<class 'pybindgen.typehandlers.stringtype.StdStringParam'>, None, <pybindgen.typehandlers.ctypeparser.TypeTraits object at 0x7f0dda32a090>))
DEBUG:pybindgen.typehandlers:TypeMatcher.lookup('int')
DEBUG:pybindgen.typehandlers:try to lookup type handler for 'int' => success ((<class 'pybindgen.typehandlers.inttype.IntParam'>, None, <pybindgen.typehandlers.ctypeparser.TypeTraits object at 0x7f0dda32a190>))
DEBUG:pybindgen.typehandlers:TypeMatcher.lookup('std::string')
DEBUG:pybindgen.typehandlers:try to lookup type handler for 'std::string' => success ((<class 'pybindgen.typehandlers.stringtype.StdStringParam'>, None, <pybindgen.typehandlers.ctypeparser.TypeTraits object at 0x7f0dda32a290>))
DEBUG:pybindgen.typehandlers:TypeMatcher.lookup('int')
DEBUG:pybindgen.typehandlers:try to lookup type handler for 'int' => success ((<class 'pybindgen.typehandlers.inttype.IntParam'>, None, <pybindgen.typehandlers.ctypeparser.TypeTraits object at 0x7f0dda32a390>))
DEBUG:pybindgen.typehandlers:TypeMatcher.lookup('std::string')
DEBUG:pybindgen.typehandlers:try to lookup type handler for 'std::string' => success ((<class 'pybindgen.typehandlers.stringtype.StdStringParam'>, None, <pybindgen.typehandlers.ctypeparser.TypeTraits object at 0x7f0dda32a490>))
DEBUG:pybindgen.typehandlers:TypeMatcher.lookup('int')
DEBUG:pybindgen.typehandlers:try to lookup type handler for 'int' => success ((<class 'pybindgen.typehandlers.inttype.IntParam'>, None, <pybindgen.typehandlers.ctypeparser.TypeTraits object at 0x7f0dda32a590>))
DEBUG:pybindgen.typehandlers:TypeMatcher.lookup('std::string')
DEBUG:pybindgen.typehandlers:try to lookup type handler for 'std::string' => success ((<class 'pybindgen.typehandlers.stringtype.StdStringParam'>, None, <pybindgen.typehandlers.ctypeparser.TypeTraits object at 0x7f0dda32a690>))
DEBUG:pybindgen.typehandlers:TypeMatcher.lookup('int')
DEBUG:pybindgen.typehandlers:try to lookup type handler for 'int' => success ((<class 'pybindgen.typehandlers.inttype.IntParam'>, None, <pybindgen.typehandlers.ctypeparser.TypeTraits object at 0x7f0dda32a790>))
DEBUG:pybindgen.typehandlers:TypeMatcher.lookup('std::string')
DEBUG:pybindgen.typehandlers:try to lookup type handler for 'std::string' => success ((<class 'pybindgen.typehandlers.stringtype.StdStringParam'>, None, <pybindgen.typehandlers.ctypeparser.TypeTraits object at 0x7f0dda32a890>))
DEBUG:pybindgen.typehandlers:TypeMatcher.lookup('int')
DEBUG:pybindgen.typehandlers:try to lookup type handler for 'int' => success ((<class 'pybindgen.typehandlers.inttype.IntParam'>, None, <pybindgen.typehandlers.ctypeparser.TypeTraits object at 0x7f0dda32a990>))
DEBUG:pybindgen.typehandlers:TypeMatcher.lookup('std::string')
DEBUG:pybindgen.typehandlers:try to lookup type handler for 'std::string' => success ((<class 'pybindgen.typehandlers.stringtype.StdStringParam'>, None, <pybindgen.typehandlers.ctypeparser.TypeTraits object at 0x7f0dda32aa90>))
DEBUG:pybindgen.typehandlers:TypeMatcher.lookup('int')
DEBUG:pybindgen.typehandlers:try to lookup type handler for 'int' => success ((<class 'pybindgen.typehandlers.inttype.IntParam'>, None, <pybindgen.typehandlers.ctypeparser.TypeTraits object at 0x7f0dda32ab90>))
DEBUG:pybindgen.typehandlers:TypeMatcher.lookup('std::string')
DEBUG:pybindgen.typehandlers:try to lookup type handler for 'std::string' => success ((<class 'pybindgen.typehandlers.stringtype.StdStringParam'>, None, <pybindgen.typehandlers.ctypeparser.TypeTraits object at 0x7f0dda32ac90>))
DEBUG:pybindgen.typehandlers:TypeMatcher.lookup('int')
DEBUG:pybindgen.typehandlers:try to lookup type handler for 'int' => success ((<class 'pybindgen.typehandlers.inttype.IntParam'>, None, <pybindgen.typehandlers.ctypeparser.TypeTraits object at 0x7f0dda32ad90>))
DEBUG:pybindgen.typehandlers:TypeMatcher.lookup('std::string')
DEBUG:pybindgen.typehandlers:try to lookup type handler for 'std::string' => success ((<class 'pybindgen.typehandlers.stringtype.StdStringParam'>, None, <pybindgen.typehandlers.ctypeparser.TypeTraits object at 0x7f0dda32ae90>))
DEBUG:pybindgen.typehandlers:TypeMatcher.lookup('int')
DEBUG:pybindgen.typehandlers:try to lookup type handler for 'int' => success ((<class 'pybindgen.typehandlers.inttype.IntParam'>, None, <pybindgen.typehandlers.ctypeparser.TypeTraits object at 0x7f0dda32af90>))
DEBUG:pybindgen.typehandlers:TypeMatcher.lookup('std::string')
DEBUG:pybindgen.typehandlers:try to lookup type handler for 'std::string' => success ((<class 'pybindgen.typehandlers.stringtype.StdStringParam'>, None, <pybindgen.typehandlers.ctypeparser.TypeTraits object at 0x7f0dda3310d0>))
DEBUG:pybindgen.typehandlers:TypeMatcher.lookup('ns3::EventImpl *')
DEBUG:pybindgen.typehandlers:try to lookup type handler for 'ns3::EventImpl *' => success ((<class 'pybindgen.cppclass.ThisClassPtrReturn'>, None, <pybindgen.typehandlers.ctypeparser.TypeTraits object at 0x7f0dda331510>))
/home/pratyu101/FlyNetSim/NetSim/ns-allinone-3.27/ns-3.27/src/core/bindings/modulegen__gcc_LP64.py:5010: Warning: exception TypeConfigurationError('Either caller_owns_return or self.reference_existing_object must be given',) in wrapper <pybindgen.function.Function object at 0x7f0dda3314d0>
  [param('void ( * ) (  )', 'f')])
DEBUG:pybindgen.typehandlers:TypeMatcher.lookup('ns3::Ptr< ns3::AttributeChecker const >')
DEBUG:pybindgen.typehandlers:try to lookup type handler for 'ns3::Ptr< ns3::AttributeChecker const >' => failure
DEBUG:pybindgen.typehandlers:try to lookup type handler for 'ns3::AttributeChecker *' => success ((<class 'pybindgen.cppclass.ThisClassPtrReturn'>, <ns3modulegen_core_customizations.SmartPointerTransformation object at 0x7f0ddb24d5d0>, <pybindgen.typehandlers.ctypeparser.TypeTraits object at 0x7f0dda3318d0>))
DEBUG:pybindgen.typehandlers:TypeMatcher.lookup('ns3::Ptr< ns3::AttributeChecker const >')
DEBUG:pybindgen.typehandlers:try to lookup type handler for 'ns3::Ptr< ns3::AttributeChecker const >' => failure
DEBUG:pybindgen.typehandlers:try to lookup type handler for 'ns3::AttributeChecker *' => success ((<class 'pybindgen.cppclass.ThisClassPtrReturn'>, <ns3modulegen_core_customizations.SmartPointerTransformation object at 0x7f0ddb24d5d0>, <pybindgen.typehandlers.ctypeparser.TypeTraits object at 0x7f0dda331e50>))
DEBUG:pybindgen.typehandlers:TypeMatcher.lookup('ns3::Ptr< ns3::AttributeChecker const >')
DEBUG:pybindgen.typehandlers:try to lookup type handler for 'ns3::Ptr< ns3::AttributeChecker const >' => failure
DEBUG:pybindgen.typehandlers:try to lookup type handler for 'ns3::AttributeChecker *' => success ((<class 'pybindgen.cppclass.ThisClassPtrReturn'>, <ns3modulegen_core_customizations.SmartPointerTransformation object at 0x7f0ddb24d5d0>, <pybindgen.typehandlers.ctypeparser.TypeTraits object at 0x7f0dda334410>))
DEBUG:pybindgen.typehandlers:TypeMatcher.lookup('ns3::Ptr< ns3::AttributeChecker const >')
DEBUG:pybindgen.typehandlers:try to lookup type handler for 'ns3::Ptr< ns3::AttributeChecker const >' => failure
DEBUG:pybindgen.typehandlers:try to lookup type handler for 'ns3::AttributeChecker *' => success ((<class 'pybindgen.cppclass.ThisClassPtrReturn'>, <ns3modulegen_core_customizations.SmartPointerTransformation object at 0x7f0ddb24d5d0>, <pybindgen.typehandlers.ctypeparser.TypeTraits object at 0x7f0dda3349d0>))
DEBUG:pybindgen.typehandlers:TypeMatcher.lookup('ns3::Time const')
DEBUG:pybindgen.typehandlers:try to lookup type handler for 'ns3::Time const' => success ((<class 'pybindgen.cppclass.ThisClassParameter'>, None, <pybindgen.typehandlers.ctypeparser.TypeTraits object at 0x7f0dda334a90>))
DEBUG:pybindgen.typehandlers:TypeMatcher.lookup('ns3::Ptr< ns3::AttributeChecker const >')
DEBUG:pybindgen.typehandlers:try to lookup type handler for 'ns3::Ptr< ns3::AttributeChecker const >' => failure
DEBUG:pybindgen.typehandlers:try to lookup type handler for 'ns3::AttributeChecker *' => success ((<class 'pybindgen.cppclass.ThisClassPtrReturn'>, <ns3modulegen_core_customizations.SmartPointerTransformation object at 0x7f0ddb24d5d0>, <pybindgen.typehandlers.ctypeparser.TypeTraits object at 0x7f0dda33c0d0>))
DEBUG:pybindgen.typehandlers:TypeMatcher.lookup('ns3::Time const')
DEBUG:pybindgen.typehandlers:try to lookup type handler for 'ns3::Time const' => success ((<class 'pybindgen.cppclass.ThisClassParameter'>, None, <pybindgen.typehandlers.ctypeparser.TypeTraits object at 0x7f0dda33c190>))
DEBUG:pybindgen.typehandlers:TypeMatcher.lookup('ns3::Time const')
DEBUG:pybindgen.typehandlers:try to lookup type handler for 'ns3::Time const' => success ((<class 'pybindgen.cppclass.ThisClassParameter'>, None, <pybindgen.typehandlers.ctypeparser.TypeTraits object at 0x7f0dda33c250>))
DEBUG:pybindgen.typehandlers:TypeMatcher.lookup('ns3::Ptr< ns3::AttributeChecker const >')
DEBUG:pybindgen.typehandlers:try to lookup type handler for 'ns3::Ptr< ns3::AttributeChecker const >' => failure
DEBUG:pybindgen.typehandlers:try to lookup type handler for 'ns3::AttributeChecker *' => success ((<class 'pybindgen.cppclass.ThisClassPtrReturn'>, <ns3modulegen_core_customizations.SmartPointerTransformation object at 0x7f0ddb24d5d0>, <pybindgen.typehandlers.ctypeparser.TypeTraits object at 0x7f0dda33c750>))
DEBUG:pybindgen.typehandlers:TypeMatcher.lookup('ns3::Ptr< ns3::AttributeChecker const >')
DEBUG:pybindgen.typehandlers:try to lookup type handler for 'ns3::Ptr< ns3::AttributeChecker const >' => failure
DEBUG:pybindgen.typehandlers:try to lookup type handler for 'ns3::AttributeChecker *' => success ((<class 'pybindgen.cppclass.ThisClassPtrReturn'>, <ns3modulegen_core_customizations.SmartPointerTransformation object at 0x7f0ddb24d5d0>, <pybindgen.typehandlers.ctypeparser.TypeTraits object at 0x7f0dda33ccd0>))
DEBUG:pybindgen.typehandlers:TypeMatcher.lookup('ns3::Ptr< ns3::AttributeChecker const >')
DEBUG:pybindgen.typehandlers:try to lookup type handler for 'ns3::Ptr< ns3::AttributeChecker const >' => failure
DEBUG:pybindgen.typehandlers:try to lookup type handler for 'ns3::AttributeChecker *' => success ((<class 'pybindgen.cppclass.ThisClassPtrReturn'>, <ns3modulegen_core_customizations.SmartPointerTransformation object at 0x7f0ddb24d5d0>, <pybindgen.typehandlers.ctypeparser.TypeTraits object at 0x7f0dda343290>))
DEBUG:pybindgen.typehandlers:TypeMatcher.lookup('ns3::Ptr< ns3::AttributeChecker const >')
DEBUG:pybindgen.typehandlers:try to lookup type handler for 'ns3::Ptr< ns3::AttributeChecker const >' => failure
DEBUG:pybindgen.typehandlers:try to lookup type handler for 'ns3::AttributeChecker *' => success ((<class 'pybindgen.cppclass.ThisClassPtrReturn'>, <ns3modulegen_core_customizations.SmartPointerTransformation object at 0x7f0ddb24d5d0>, <pybindgen.typehandlers.ctypeparser.TypeTraits object at 0x7f0dda343810>))
DEBUG:pybindgen.typehandlers:TypeMatcher.lookup('ns3::Time')
DEBUG:pybindgen.typehandlers:try to lookup type handler for 'ns3::Time' => success ((<class 'pybindgen.cppclass.ThisClassReturn'>, None, <pybindgen.typehandlers.ctypeparser.TypeTraits object at 0x7f0dda343b50>))
DEBUG:pybindgen.typehandlers:TypeMatcher.lookup('ns3::Time const &')
DEBUG:pybindgen.typehandlers:try to lookup type handler for 'ns3::Time const &' => success ((<class 'pybindgen.cppclass.ThisClassRefParameter'>, None, <pybindgen.typehandlers.ctypeparser.TypeTraits object at 0x7f0dda343c90>))
DEBUG:pybindgen.typehandlers:TypeMatcher.lookup('ns3::Time const &')
DEBUG:pybindgen.typehandlers:try to lookup type handler for 'ns3::Time const &' => success ((<class 'pybindgen.cppclass.ThisClassRefParameter'>, None, <pybindgen.typehandlers.ctypeparser.TypeTraits object at 0x7f0dda343e10>))
DEBUG:pybindgen.typehandlers:TypeMatcher.lookup('ns3::int64x64_t')
DEBUG:pybindgen.typehandlers:try to lookup type handler for 'ns3::int64x64_t' => success ((<class 'pybindgen.cppclass.ThisClassReturn'>, None, <pybindgen.typehandlers.ctypeparser.TypeTraits object at 0x7f0dda34b2d0>))
DEBUG:pybindgen.typehandlers:TypeMatcher.lookup('ns3::int64x64_t const &')
DEBUG:pybindgen.typehandlers:try to lookup type handler for 'ns3::int64x64_t const &' => success ((<class 'pybindgen.cppclass.ThisClassRefParameter'>, None, <pybindgen.typehandlers.ctypeparser.TypeTraits object at 0x7f0dda34b410>))
DEBUG:pybindgen.typehandlers:TypeMatcher.lookup('ns3::int64x64_t const &')
DEBUG:pybindgen.typehandlers:try to lookup type handler for 'ns3::int64x64_t const &' => success ((<class 'pybindgen.cppclass.ThisClassRefParameter'>, None, <pybindgen.typehandlers.ctypeparser.TypeTraits object at 0x7f0dda34b5d0>))
DEBUG:pybindgen.typehandlers:TypeMatcher.lookup('ns3::Time')
DEBUG:pybindgen.typehandlers:try to lookup type handler for 'ns3::Time' => success ((<class 'pybindgen.cppclass.ThisClassReturn'>, None, <pybindgen.typehandlers.ctypeparser.TypeTraits object at 0x7f0dda34ba10>))
DEBUG:pybindgen.typehandlers:TypeMatcher.lookup('ns3::int64x64_t')
DEBUG:pybindgen.typehandlers:try to lookup type handler for 'ns3::int64x64_t' => success ((<class 'pybindgen.cppclass.ThisClassParameter'>, None, <pybindgen.typehandlers.ctypeparser.TypeTraits object at 0x7f0dda34bb90>))
DEBUG:pybindgen.typehandlers:TypeMatcher.lookup('ns3::Time')
DEBUG:pybindgen.typehandlers:try to lookup type handler for 'ns3::Time' => success ((<class 'pybindgen.cppclass.ThisClassReturn'>, None, <pybindgen.typehandlers.ctypeparser.TypeTraits object at 0x7f0dda34bfd0>))
DEBUG:pybindgen.typehandlers:TypeMatcher.lookup('uint64_t')
DEBUG:pybindgen.typehandlers:try to lookup type handler for 'uint64_t' => success ((<class 'pybindgen.typehandlers.inttype.UnsignedLongLongParam'>, None, <pybindgen.typehandlers.ctypeparser.TypeTraits object at 0x7f0dda352150>))
DEBUG:pybindgen.typehandlers:TypeMatcher.lookup('ns3::Time')
DEBUG:pybindgen.typehandlers:try to lookup type handler for 'ns3::Time' => success ((<class 'pybindgen.cppclass.ThisClassReturn'>, None, <pybindgen.typehandlers.ctypeparser.TypeTraits object at 0x7f0dda352550>))
DEBUG:pybindgen.typehandlers:TypeMatcher.lookup('ns3::int64x64_t')
DEBUG:pybindgen.typehandlers:try to lookup type handler for 'ns3::int64x64_t' => success ((<class 'pybindgen.cppclass.ThisClassParameter'>, None, <pybindgen.typehandlers.ctypeparser.TypeTraits object at 0x7f0dda352690>))
DEBUG:pybindgen.typehandlers:TypeMatcher.lookup('ns3::Time')
DEBUG:pybindgen.typehandlers:try to lookup type handler for 'ns3::Time' => success ((<class 'pybindgen.cppclass.ThisClassReturn'>, None, <pybindgen.typehandlers.ctypeparser.TypeTraits object at 0x7f0dda352ad0>))
DEBUG:pybindgen.typehandlers:TypeMatcher.lookup('uint64_t')
DEBUG:pybindgen.typehandlers:try to lookup type handler for 'uint64_t' => success ((<class 'pybindgen.typehandlers.inttype.UnsignedLongLongParam'>, None, <pybindgen.typehandlers.ctypeparser.TypeTraits object at 0x7f0dda352c10>))
DEBUG:pybindgen.typehandlers:TypeMatcher.lookup('ns3::Time')
DEBUG:pybindgen.typehandlers:try to lookup type handler for 'ns3::Time' => success ((<class 'pybindgen.cppclass.ThisClassReturn'>, None, <pybindgen.typehandlers.ctypeparser.TypeTraits object at 0x7f0dda35a050>))
DEBUG:pybindgen.typehandlers:TypeMatcher.lookup('ns3::Time const &')
DEBUG:pybindgen.typehandlers:try to lookup type handler for 'ns3::Time const &' => success ((<class 'pybindgen.cppclass.ThisClassRefParameter'>, None, <pybindgen.typehandlers.ctypeparser.TypeTraits object at 0x7f0dda35a190>))
DEBUG:pybindgen.typehandlers:TypeMatcher.lookup('ns3::Time const &')
DEBUG:pybindgen.typehandlers:try to lookup type handler for 'ns3::Time const &' => success ((<class 'pybindgen.cppclass.ThisClassRefParameter'>, None, <pybindgen.typehandlers.ctypeparser.TypeTraits object at 0x7f0dda35a310>))
DEBUG:pybindgen.typehandlers:TypeMatcher.lookup('ns3::int64x64_t')
DEBUG:pybindgen.typehandlers:try to lookup type handler for 'ns3::int64x64_t' => success ((<class 'pybindgen.cppclass.ThisClassReturn'>, None, <pybindgen.typehandlers.ctypeparser.TypeTraits object at 0x7f0dda35a790>))
DEBUG:pybindgen.typehandlers:TypeMatcher.lookup('ns3::int64x64_t const &')
DEBUG:pybindgen.typehandlers:try to lookup type handler for 'ns3::int64x64_t const &' => success ((<class 'pybindgen.cppclass.ThisClassRefParameter'>, None, <pybindgen.typehandlers.ctypeparser.TypeTraits object at 0x7f0dda35a8d0>))
DEBUG:pybindgen.typehandlers:TypeMatcher.lookup('ns3::int64x64_t const &')
DEBUG:pybindgen.typehandlers:try to lookup type handler for 'ns3::int64x64_t const &' => success ((<class 'pybindgen.cppclass.ThisClassRefParameter'>, None, <pybindgen.typehandlers.ctypeparser.TypeTraits object at 0x7f0dda35aa90>))
DEBUG:pybindgen.typehandlers:TypeMatcher.lookup('ns3::Time')
DEBUG:pybindgen.typehandlers:try to lookup type handler for 'ns3::Time' => success ((<class 'pybindgen.cppclass.ThisClassReturn'>, None, <pybindgen.typehandlers.ctypeparser.TypeTraits object at 0x7f0dda35aed0>))
DEBUG:pybindgen.typehandlers:TypeMatcher.lookup('ns3::int64x64_t')
DEBUG:pybindgen.typehandlers:try to lookup type handler for 'ns3::int64x64_t' => success ((<class 'pybindgen.cppclass.ThisClassParameter'>, None, <pybindgen.typehandlers.ctypeparser.TypeTraits object at 0x7f0dda362090>))
DEBUG:pybindgen.typehandlers:TypeMatcher.lookup('ns3::Time')
DEBUG:pybindgen.typehandlers:try to lookup type handler for 'ns3::Time' => success ((<class 'pybindgen.cppclass.ThisClassReturn'>, None, <pybindgen.typehandlers.ctypeparser.TypeTraits object at 0x7f0dda3624d0>))
DEBUG:pybindgen.typehandlers:TypeMatcher.lookup('double')
DEBUG:pybindgen.typehandlers:try to lookup type handler for 'double' => success ((<class 'pybindgen.typehandlers.doubletype.DoubleParam'>, None, <pybindgen.typehandlers.ctypeparser.TypeTraits object at 0x7f0dda362610>))
DEBUG:pybindgen.typehandlers:TypeMatcher.lookup('ns3::Time')
DEBUG:pybindgen.typehandlers:try to lookup type handler for 'ns3::Time' => success ((<class 'pybindgen.cppclass.ThisClassReturn'>, None, <pybindgen.typehandlers.ctypeparser.TypeTraits object at 0x7f0dda362990>))
DEBUG:pybindgen.typehandlers:TypeMatcher.lookup('ns3::int64x64_t')
DEBUG:pybindgen.typehandlers:try to lookup type handler for 'ns3::int64x64_t' => success ((<class 'pybindgen.cppclass.ThisClassParameter'>, None, <pybindgen.typehandlers.ctypeparser.TypeTraits object at 0x7f0dda362b10>))
DEBUG:pybindgen.typehandlers:TypeMatcher.lookup('ns3::Time')
DEBUG:pybindgen.typehandlers:try to lookup type handler for 'ns3::Time' => success ((<class 'pybindgen.cppclass.ThisClassReturn'>, None, <pybindgen.typehandlers.ctypeparser.TypeTraits object at 0x7f0dda362f50>))
DEBUG:pybindgen.typehandlers:TypeMatcher.lookup('uint64_t')
DEBUG:pybindgen.typehandlers:try to lookup type handler for 'uint64_t' => success ((<class 'pybindgen.typehandlers.inttype.UnsignedLongLongParam'>, None, <pybindgen.typehandlers.ctypeparser.TypeTraits object at 0x7f0dda2eb0d0>))
DEBUG:pybindgen.typehandlers:TypeMatcher.lookup('ns3::Time')
DEBUG:pybindgen.typehandlers:try to lookup type handler for 'ns3::Time' => success ((<class 'pybindgen.cppclass.ThisClassReturn'>, None, <pybindgen.typehandlers.ctypeparser.TypeTraits object at 0x7f0dda2eb4d0>))
DEBUG:pybindgen.typehandlers:TypeMatcher.lookup('ns3::Time')
DEBUG:pybindgen.typehandlers:try to lookup type handler for 'ns3::Time' => success ((<class 'pybindgen.cppclass.ThisClassReturn'>, None, <pybindgen.typehandlers.ctypeparser.TypeTraits object at 0x7f0dda2eb910>))
DEBUG:pybindgen.typehandlers:TypeMatcher.lookup('ns3::int64x64_t')
DEBUG:pybindgen.typehandlers:try to lookup type handler for 'ns3::int64x64_t' => success ((<class 'pybindgen.cppclass.ThisClassParameter'>, None, <pybindgen.typehandlers.ctypeparser.TypeTraits object at 0x7f0dda2eba50>))
DEBUG:pybindgen.typehandlers:TypeMatcher.lookup('ns3::Time')
DEBUG:pybindgen.typehandlers:try to lookup type handler for 'ns3::Time' => success ((<class 'pybindgen.cppclass.ThisClassReturn'>, None, <pybindgen.typehandlers.ctypeparser.TypeTraits object at 0x7f0dda2ebe90>))
DEBUG:pybindgen.typehandlers:TypeMatcher.lookup('uint64_t')
DEBUG:pybindgen.typehandlers:try to lookup type handler for 'uint64_t' => success ((<class 'pybindgen.typehandlers.inttype.UnsignedLongLongParam'>, None, <pybindgen.typehandlers.ctypeparser.TypeTraits object at 0x7f0dda2ebfd0>))
DEBUG:pybindgen.typehandlers:TypeMatcher.lookup('ns3::Time')
DEBUG:pybindgen.typehandlers:try to lookup type handler for 'ns3::Time' => success ((<class 'pybindgen.cppclass.ThisClassReturn'>, None, <pybindgen.typehandlers.ctypeparser.TypeTraits object at 0x7f0dda2f1410>))
DEBUG:pybindgen.typehandlers:TypeMatcher.lookup('ns3::int64x64_t')
DEBUG:pybindgen.typehandlers:try to lookup type handler for 'ns3::int64x64_t' => success ((<class 'pybindgen.cppclass.ThisClassParameter'>, None, <pybindgen.typehandlers.ctypeparser.TypeTraits object at 0x7f0dda2f1550>))
DEBUG:pybindgen.typehandlers:TypeMatcher.lookup('ns3::Time')
DEBUG:pybindgen.typehandlers:try to lookup type handler for 'ns3::Time' => success ((<class 'pybindgen.cppclass.ThisClassReturn'>, None, <pybindgen.typehandlers.ctypeparser.TypeTraits object at 0x7f0dda2f1990>))
DEBUG:pybindgen.typehandlers:TypeMatcher.lookup('double')
DEBUG:pybindgen.typehandlers:try to lookup type handler for 'double' => success ((<class 'pybindgen.typehandlers.doubletype.DoubleParam'>, None, <pybindgen.typehandlers.ctypeparser.TypeTraits object at 0x7f0dda2f1ad0>))
DEBUG:pybindgen.typehandlers:TypeMatcher.lookup('bool')
DEBUG:pybindgen.typehandlers:try to lookup type handler for 'bool' => success ((<class 'pybindgen.typehandlers.booltype.BoolReturn'>, None, <pybindgen.typehandlers.ctypeparser.TypeTraits object at 0x7f0dda2f1e50>))
DEBUG:pybindgen.typehandlers:TypeMatcher.lookup('double const')
DEBUG:pybindgen.typehandlers:try to lookup type handler for 'double const' => success ((<class 'pybindgen.typehandlers.doubletype.DoubleParam'>, None, <pybindgen.typehandlers.ctypeparser.TypeTraits object at 0x7f0dda2f1fd0>))
DEBUG:pybindgen.typehandlers:TypeMatcher.lookup('double const')
DEBUG:pybindgen.typehandlers:try to lookup type handler for 'double const' => success ((<class 'pybindgen.typehandlers.doubletype.DoubleParam'>, None, <pybindgen.typehandlers.ctypeparser.TypeTraits object at 0x7f0dda2fb150>))
DEBUG:pybindgen.typehandlers:TypeMatcher.lookup('double const')
DEBUG:pybindgen.typehandlers:try to lookup type handler for 'double const' => success ((<class 'pybindgen.typehandlers.doubletype.DoubleParam'>, None, <pybindgen.typehandlers.ctypeparser.TypeTraits object at 0x7f0dda2fb290>))
DEBUG:pybindgen.typehandlers:TypeMatcher.lookup('ns3::Time')
DEBUG:pybindgen.typehandlers:try to lookup type handler for 'ns3::Time' => success ((<class 'pybindgen.cppclass.ThisClassReturn'>, None, <pybindgen.typehandlers.ctypeparser.TypeTraits object at 0x7f0dda2fb710>))
DEBUG:pybindgen.typehandlers:TypeMatcher.lookup('uint64_t')
DEBUG:pybindgen.typehandlers:try to lookup type handler for 'uint64_t' => success ((<class 'pybindgen.typehandlers.inttype.UnsignedLongLongParam'>, None, <pybindgen.typehandlers.ctypeparser.TypeTraits object at 0x7f0dda2fb850>))
DEBUG:pybindgen.typehandlers:TypeMatcher.lookup('std::string')
DEBUG:pybindgen.typehandlers:try to lookup type handler for 'std::string' => success ((<class 'pybindgen.typehandlers.stringtype.StdStringReturn'>, None, <pybindgen.typehandlers.ctypeparser.TypeTraits object at 0x7f0dda2fbc90>))
DEBUG:pybindgen.typehandlers:TypeMatcher.lookup('std::string')
DEBUG:pybindgen.typehandlers:try to lookup type handler for 'std::string' => success ((<class 'pybindgen.typehandlers.stringtype.StdStringReturn'>, None, <pybindgen.typehandlers.ctypeparser.TypeTraits object at 0x7f0dda301110>))
DEBUG:pybindgen.typehandlers:TypeMatcher.lookup('std::string')
DEBUG:pybindgen.typehandlers:try to lookup type handler for 'std::string' => success ((<class 'pybindgen.typehandlers.stringtype.StdStringReturn'>, None, <pybindgen.typehandlers.ctypeparser.TypeTraits object at 0x7f0dda301550>))
DEBUG:pybindgen.typehandlers:TypeMatcher.lookup('std::string')
DEBUG:pybindgen.typehandlers:try to lookup type handler for 'std::string' => success ((<class 'pybindgen.typehandlers.stringtype.StdStringReturn'>, None, <pybindgen.typehandlers.ctypeparser.TypeTraits object at 0x7f0dda301990>))
DEBUG:pybindgen.typehandlers:TypeMatcher.lookup('std::string')
DEBUG:pybindgen.typehandlers:try to lookup type handler for 'std::string' => success ((<class 'pybindgen.typehandlers.stringtype.StdStringReturn'>, None, <pybindgen.typehandlers.ctypeparser.TypeTraits object at 0x7f0dda301dd0>))
DEBUG:pybindgen.typehandlers:TypeMatcher.lookup('std::string')
DEBUG:pybindgen.typehandlers:try to lookup type handler for 'std::string' => success ((<class 'pybindgen.typehandlers.stringtype.StdStringReturn'>, None, <pybindgen.typehandlers.ctypeparser.TypeTraits object at 0x7f0dda309250>))
DEBUG:pybindgen.typehandlers:TypeMatcher.lookup('std::string')
DEBUG:pybindgen.typehandlers:try to lookup type handler for 'std::string' => success ((<class 'pybindgen.typehandlers.stringtype.StdStringReturn'>, None, <pybindgen.typehandlers.ctypeparser.TypeTraits object at 0x7f0dda309690>))
DEBUG:pybindgen.typehandlers:TypeMatcher.lookup('std::string')
DEBUG:pybindgen.typehandlers:try to lookup type handler for 'std::string' => success ((<class 'pybindgen.typehandlers.stringtype.StdStringReturn'>, None, <pybindgen.typehandlers.ctypeparser.TypeTraits object at 0x7f0dda309ad0>))
DEBUG:pybindgen.typehandlers:TypeMatcher.lookup('std::string')
DEBUG:pybindgen.typehandlers:try to lookup type handler for 'std::string' => success ((<class 'pybindgen.typehandlers.stringtype.StdStringReturn'>, None, <pybindgen.typehandlers.ctypeparser.TypeTraits object at 0x7f0dda309f10>))
DEBUG:pybindgen.typehandlers:TypeMatcher.lookup('std::string')
DEBUG:pybindgen.typehandlers:try to lookup type handler for 'std::string' => success ((<class 'pybindgen.typehandlers.stringtype.StdStringReturn'>, None, <pybindgen.typehandlers.ctypeparser.TypeTraits object at 0x7f0dda314390>))
DEBUG:pybindgen.typehandlers:TypeMatcher.lookup('ns3::Time')
DEBUG:pybindgen.typehandlers:try to lookup type handler for 'ns3::Time' => success ((<class 'pybindgen.cppclass.ThisClassReturn'>, None, <pybindgen.typehandlers.ctypeparser.TypeTraits object at 0x7f0dda3147d0>))
DEBUG:pybindgen.typehandlers:TypeMatcher.lookup('ns3::int64x64_t')
DEBUG:pybindgen.typehandlers:try to lookup type handler for 'ns3::int64x64_t' => success ((<class 'pybindgen.cppclass.ThisClassParameter'>, None, <pybindgen.typehandlers.ctypeparser.TypeTraits object at 0x7f0dda314910>))
DEBUG:pybindgen.typehandlers:TypeMatcher.lookup('ns3::Time')
DEBUG:pybindgen.typehandlers:try to lookup type handler for 'ns3::Time' => success ((<class 'pybindgen.cppclass.ThisClassReturn'>, None, <pybindgen.typehandlers.ctypeparser.TypeTraits object at 0x7f0dda314d50>))
DEBUG:pybindgen.typehandlers:TypeMatcher.lookup('double')
DEBUG:pybindgen.typehandlers:try to lookup type handler for 'double' => success ((<class 'pybindgen.typehandlers.doubletype.DoubleParam'>, None, <pybindgen.typehandlers.ctypeparser.TypeTraits object at 0x7f0dda314e90>))
DEBUG:pybindgen.typehandlers:TypeMatcher.lookup('std::string')
DEBUG:pybindgen.typehandlers:try to lookup type handler for 'std::string' => success ((<class 'pybindgen.typehandlers.stringtype.StdStringReturn'>, None, <pybindgen.typehandlers.ctypeparser.TypeTraits object at 0x7f0dda31e250>))
DEBUG:pybindgen.typehandlers:TypeMatcher.lookup('bool const &')
DEBUG:pybindgen.typehandlers:try to lookup type handler for 'bool const &' => success ((<class 'pybindgen.typehandlers.booltype.BoolRefParam'>, None, <pybindgen.typehandlers.ctypeparser.TypeTraits object at 0x7f0dda31e3d0>))
DEBUG:pybindgen.typehandlers:TypeMatcher.lookup('bool')
DEBUG:pybindgen.typehandlers:try to lookup type handler for 'bool' => success ((<class 'pybindgen.typehandlers.booltype.BoolReturn'>, None, <pybindgen.typehandlers.ctypeparser.TypeTraits object at 0x7f0dda31e850>))
DEBUG:pybindgen.typehandlers:TypeMatcher.lookup('std::string const')
DEBUG:pybindgen.typehandlers:try to lookup type handler for 'std::string const' => success ((<class 'pybindgen.typehandlers.stringtype.StdStringParam'>, None, <pybindgen.typehandlers.ctypeparser.TypeTraits object at 0x7f0dda31e990>))
DEBUG:pybindgen.typehandlers:TypeMatcher.lookup('bool &')
DEBUG:pybindgen.typehandlers:try to lookup type handler for 'bool &' => success ((<class 'pybindgen.typehandlers.booltype.BoolRefParam'>, None, <pybindgen.typehandlers.ctypeparser.TypeTraits object at 0x7f0dda31ead0>))
DEBUG:pybindgen.typehandlers:TypeMatcher.lookup('void')
DEBUG:pybindgen.typehandlers:try to lookup type handler for 'void' => success ((<class 'pybindgen.typehandlers.voidtype.VoidReturn'>, None, <pybindgen.typehandlers.ctypeparser.TypeTraits object at 0x7f0dda31ef10>))
DEBUG:pybindgen.typehandlers:TypeMatcher.lookup('std::string')
DEBUG:pybindgen.typehandlers:try to lookup type handler for 'std::string' => success ((<class 'pybindgen.typehandlers.stringtype.StdStringParam'>, None, <pybindgen.typehandlers.ctypeparser.TypeTraits object at 0x7f0dda2a8090>))
DEBUG:pybindgen.typehandlers:TypeMatcher.lookup('ns3::CallbackBase const &')
DEBUG:pybindgen.typehandlers:try to lookup type handler for 'ns3::CallbackBase const &' => success ((<class 'pybindgen.cppclass.ThisClassRefParameter'>, None, <pybindgen.typehandlers.ctypeparser.TypeTraits object at 0x7f0dda2a8190>))
DEBUG:pybindgen.typehandlers:TypeMatcher.lookup('void')
DEBUG:pybindgen.typehandlers:try to lookup type handler for 'void' => success ((<class 'pybindgen.typehandlers.voidtype.VoidReturn'>, None, <pybindgen.typehandlers.ctypeparser.TypeTraits object at 0x7f0dda2a8690>))
DEBUG:pybindgen.typehandlers:TypeMatcher.lookup('std::string')
DEBUG:pybindgen.typehandlers:try to lookup type handler for 'std::string' => success ((<class 'pybindgen.typehandlers.stringtype.StdStringParam'>, None, <pybindgen.typehandlers.ctypeparser.TypeTraits object at 0x7f0dda2a87d0>))
DEBUG:pybindgen.typehandlers:TypeMatcher.lookup('ns3::CallbackBase const &')
DEBUG:pybindgen.typehandlers:try to lookup type handler for 'ns3::CallbackBase const &' => success ((<class 'pybindgen.cppclass.ThisClassRefParameter'>, None, <pybindgen.typehandlers.ctypeparser.TypeTraits object at 0x7f0dda2a88d0>))
DEBUG:pybindgen.typehandlers:TypeMatcher.lookup('void')
DEBUG:pybindgen.typehandlers:try to lookup type handler for 'void' => success ((<class 'pybindgen.typehandlers.voidtype.VoidReturn'>, None, <pybindgen.typehandlers.ctypeparser.TypeTraits object at 0x7f0dda2a8d90>))
DEBUG:pybindgen.typehandlers:TypeMatcher.lookup('std::string')
DEBUG:pybindgen.typehandlers:try to lookup type handler for 'std::string' => success ((<class 'pybindgen.typehandlers.stringtype.StdStringParam'>, None, <pybindgen.typehandlers.ctypeparser.TypeTraits object at 0x7f0dda2a8ed0>))
DEBUG:pybindgen.typehandlers:TypeMatcher.lookup('ns3::CallbackBase const &')
DEBUG:pybindgen.typehandlers:try to lookup type handler for 'ns3::CallbackBase const &' => success ((<class 'pybindgen.cppclass.ThisClassRefParameter'>, None, <pybindgen.typehandlers.ctypeparser.TypeTraits object at 0x7f0dda2a8fd0>))
DEBUG:pybindgen.typehandlers:TypeMatcher.lookup('void')
DEBUG:pybindgen.typehandlers:try to lookup type handler for 'void' => success ((<class 'pybindgen.typehandlers.voidtype.VoidReturn'>, None, <pybindgen.typehandlers.ctypeparser.TypeTraits object at 0x7f0dda2af4d0>))
DEBUG:pybindgen.typehandlers:TypeMatcher.lookup('std::string')
DEBUG:pybindgen.typehandlers:try to lookup type handler for 'std::string' => success ((<class 'pybindgen.typehandlers.stringtype.StdStringParam'>, None, <pybindgen.typehandlers.ctypeparser.TypeTraits object at 0x7f0dda2af610>))
DEBUG:pybindgen.typehandlers:TypeMatcher.lookup('ns3::CallbackBase const &')
DEBUG:pybindgen.typehandlers:try to lookup type handler for 'ns3::CallbackBase const &' => success ((<class 'pybindgen.cppclass.ThisClassRefParameter'>, None, <pybindgen.typehandlers.ctypeparser.TypeTraits object at 0x7f0dda2af710>))
DEBUG:pybindgen.typehandlers:TypeMatcher.lookup('ns3::Ptr< ns3::Object >')
DEBUG:pybindgen.typehandlers:try to lookup type handler for 'ns3::Ptr< ns3::Object >' => failure
DEBUG:pybindgen.typehandlers:try to lookup type handler for 'ns3::Object *' => success ((<class 'pybindgen.cppclass.ThisClassPtrReturn'>, <ns3modulegen_core_customizations.SmartPointerTransformation object at 0x7f0ddb24d5d0>, <pybindgen.typehandlers.ctypeparser.TypeTraits object at 0x7f0dda2afdd0>))
DEBUG:pybindgen.typehandlers:TypeMatcher.lookup('uint32_t')
DEBUG:pybindgen.typehandlers:try to lookup type handler for 'uint32_t' => success ((<class 'pybindgen.typehandlers.inttype.UnsignedIntParam'>, None, <pybindgen.typehandlers.ctypeparser.TypeTraits object at 0x7f0dda2afe10>))
DEBUG:pybindgen.typehandlers:TypeMatcher.lookup('uint32_t')
DEBUG:pybindgen.typehandlers:try to lookup type handler for 'uint32_t' => success ((<class 'pybindgen.typehandlers.inttype.UnsignedIntReturn'>, None, <pybindgen.typehandlers.ctypeparser.TypeTraits object at 0x7f0dda2b6250>))
DEBUG:pybindgen.typehandlers:TypeMatcher.lookup('ns3::Config::MatchContainer')
DEBUG:pybindgen.typehandlers:try to lookup type handler for 'ns3::Config::MatchContainer' => success ((<class 'pybindgen.cppclass.ThisClassReturn'>, None, <pybindgen.typehandlers.ctypeparser.TypeTraits object at 0x7f0dda2b6690>))
DEBUG:pybindgen.typehandlers:TypeMatcher.lookup('std::string')
DEBUG:pybindgen.typehandlers:try to lookup type handler for 'std::string' => success ((<class 'pybindgen.typehandlers.stringtype.StdStringParam'>, None, <pybindgen.typehandlers.ctypeparser.TypeTraits object at 0x7f0dda2b6810>))
DEBUG:pybindgen.typehandlers:TypeMatcher.lookup('void')
DEBUG:pybindgen.typehandlers:try to lookup type handler for 'void' => success ((<class 'pybindgen.typehandlers.voidtype.VoidReturn'>, None, <pybindgen.typehandlers.ctypeparser.TypeTraits object at 0x7f0dda2b6c10>))
DEBUG:pybindgen.typehandlers:TypeMatcher.lookup('ns3::Ptr< ns3::Object >')
DEBUG:pybindgen.typehandlers:try to lookup type handler for 'ns3::Ptr< ns3::Object >' => failure
DEBUG:pybindgen.typehandlers:try to lookup type handler for 'ns3::Object *' => success ((<class 'pybindgen.cppclass.ThisClassPtrParameter'>, <ns3modulegen_core_customizations.SmartPointerTransformation object at 0x7f0ddb24d5d0>, <pybindgen.typehandlers.ctypeparser.TypeTraits object at 0x7f0dda2b6f10>))
DEBUG:pybindgen.typehandlers:TypeMatcher.lookup('void')
DEBUG:pybindgen.typehandlers:try to lookup type handler for 'void' => success ((<class 'pybindgen.typehandlers.voidtype.VoidReturn'>, None, <pybindgen.typehandlers.ctypeparser.TypeTraits object at 0x7f0dda2bf250>))
DEBUG:pybindgen.typehandlers:TypeMatcher.lookup('void')
DEBUG:pybindgen.typehandlers:try to lookup type handler for 'void' => success ((<class 'pybindgen.typehandlers.voidtype.VoidReturn'>, None, <pybindgen.typehandlers.ctypeparser.TypeTraits object at 0x7f0dda2bf6d0>))
DEBUG:pybindgen.typehandlers:TypeMatcher.lookup('std::string')
DEBUG:pybindgen.typehandlers:try to lookup type handler for 'std::string' => success ((<class 'pybindgen.typehandlers.stringtype.StdStringParam'>, None, <pybindgen.typehandlers.ctypeparser.TypeTraits object at 0x7f0dda2bf810>))
DEBUG:pybindgen.typehandlers:TypeMatcher.lookup('ns3::AttributeValue const &')
DEBUG:pybindgen.typehandlers:try to lookup type handler for 'ns3::AttributeValue const &' => success ((<class 'pybindgen.cppclass.ThisClassRefParameter'>, None, <pybindgen.typehandlers.ctypeparser.TypeTraits object at 0x7f0dda2bf910>))
DEBUG:pybindgen.typehandlers:TypeMatcher.lookup('void')
DEBUG:pybindgen.typehandlers:try to lookup type handler for 'void' => success ((<class 'pybindgen.typehandlers.voidtype.VoidReturn'>, None, <pybindgen.typehandlers.ctypeparser.TypeTraits object at 0x7f0dda2bfe10>))
DEBUG:pybindgen.typehandlers:TypeMatcher.lookup('std::string')
DEBUG:pybindgen.typehandlers:try to lookup type handler for 'std::string' => success ((<class 'pybindgen.typehandlers.stringtype.StdStringParam'>, None, <pybindgen.typehandlers.ctypeparser.TypeTraits object at 0x7f0dda2bff50>))
DEBUG:pybindgen.typehandlers:TypeMatcher.lookup('ns3::AttributeValue const &')
DEBUG:pybindgen.typehandlers:try to lookup type handler for 'ns3::AttributeValue const &' => success ((<class 'pybindgen.cppclass.ThisClassRefParameter'>, None, <pybindgen.typehandlers.ctypeparser.TypeTraits object at 0x7f0dda2c6090>))
DEBUG:pybindgen.typehandlers:TypeMatcher.lookup('bool')
DEBUG:pybindgen.typehandlers:try to lookup type handler for 'bool' => success ((<class 'pybindgen.typehandlers.booltype.BoolReturn'>, None, <pybindgen.typehandlers.ctypeparser.TypeTraits object at 0x7f0dda2c6550>))
DEBUG:pybindgen.typehandlers:TypeMatcher.lookup('std::string')
DEBUG:pybindgen.typehandlers:try to lookup type handler for 'std::string' => success ((<class 'pybindgen.typehandlers.stringtype.StdStringParam'>, None, <pybindgen.typehandlers.ctypeparser.TypeTraits object at 0x7f0dda2c6690>))
DEBUG:pybindgen.typehandlers:TypeMatcher.lookup('ns3::AttributeValue const &')
DEBUG:pybindgen.typehandlers:try to lookup type handler for 'ns3::AttributeValue const &' => success ((<class 'pybindgen.cppclass.ThisClassRefParameter'>, None, <pybindgen.typehandlers.ctypeparser.TypeTraits object at 0x7f0dda2c6790>))
DEBUG:pybindgen.typehandlers:TypeMatcher.lookup('void')
DEBUG:pybindgen.typehandlers:try to lookup type handler for 'void' => success ((<class 'pybindgen.typehandlers.voidtype.VoidReturn'>, None, <pybindgen.typehandlers.ctypeparser.TypeTraits object at 0x7f0dda2c6c50>))
DEBUG:pybindgen.typehandlers:TypeMatcher.lookup('std::string')
DEBUG:pybindgen.typehandlers:try to lookup type handler for 'std::string' => success ((<class 'pybindgen.typehandlers.stringtype.StdStringParam'>, None, <pybindgen.typehandlers.ctypeparser.TypeTraits object at 0x7f0dda2c6d90>))
DEBUG:pybindgen.typehandlers:TypeMatcher.lookup('ns3::AttributeValue const &')
DEBUG:pybindgen.typehandlers:try to lookup type handler for 'ns3::AttributeValue const &' => success ((<class 'pybindgen.cppclass.ThisClassRefParameter'>, None, <pybindgen.typehandlers.ctypeparser.TypeTraits object at 0x7f0dda2c6e90>))
DEBUG:pybindgen.typehandlers:TypeMatcher.lookup('bool')
DEBUG:pybindgen.typehandlers:try to lookup type handler for 'bool' => success ((<class 'pybindgen.typehandlers.booltype.BoolReturn'>, None, <pybindgen.typehandlers.ctypeparser.TypeTraits object at 0x7f0dda2ce390>))
DEBUG:pybindgen.typehandlers:TypeMatcher.lookup('std::string')
DEBUG:pybindgen.typehandlers:try to lookup type handler for 'std::string' => success ((<class 'pybindgen.typehandlers.stringtype.StdStringParam'>, None, <pybindgen.typehandlers.ctypeparser.TypeTraits object at 0x7f0dda2ce4d0>))
DEBUG:pybindgen.typehandlers:TypeMatcher.lookup('ns3::AttributeValue const &')
DEBUG:pybindgen.typehandlers:try to lookup type handler for 'ns3::AttributeValue const &' => success ((<class 'pybindgen.cppclass.ThisClassRefParameter'>, None, <pybindgen.typehandlers.ctypeparser.TypeTraits object at 0x7f0dda2ce5d0>))
DEBUG:pybindgen.typehandlers:TypeMatcher.lookup('void')
DEBUG:pybindgen.typehandlers:try to lookup type handler for 'void' => success ((<class 'pybindgen.typehandlers.voidtype.VoidReturn'>, None, <pybindgen.typehandlers.ctypeparser.TypeTraits object at 0x7f0dda2cea90>))
DEBUG:pybindgen.typehandlers:TypeMatcher.lookup('ns3::Ptr< ns3::Object >')
DEBUG:pybindgen.typehandlers:try to lookup type handler for 'ns3::Ptr< ns3::Object >' => failure
DEBUG:pybindgen.typehandlers:try to lookup type handler for 'ns3::Object *' => success ((<class 'pybindgen.cppclass.ThisClassPtrParameter'>, <ns3modulegen_core_customizations.SmartPointerTransformation object at 0x7f0ddb24d5d0>, <pybindgen.typehandlers.ctypeparser.TypeTraits object at 0x7f0dda2ced90>))
DEBUG:pybindgen.typehandlers:TypeMatcher.lookup('void')
DEBUG:pybindgen.typehandlers:try to lookup type handler for 'void' => success ((<class 'pybindgen.typehandlers.voidtype.VoidReturn'>, None, <pybindgen.typehandlers.ctypeparser.TypeTraits object at 0x7f0dda2d50d0>))
DEBUG:pybindgen.typehandlers:TypeMatcher.lookup('void')
DEBUG:pybindgen.typehandlers:try to lookup type handler for 'void' => success ((<class 'pybindgen.typehandlers.voidtype.VoidReturn'>, None, <pybindgen.typehandlers.ctypeparser.TypeTraits object at 0x7f0dda2d5510>))
DEBUG:pybindgen.typehandlers:TypeMatcher.lookup('std::ostream *')
DEBUG:pybindgen.typehandlers:try to lookup type handler for 'std::ostream *' => success ((<class 'pybindgen.cppclass.ThisClassPtrParameter'>, None, <pybindgen.typehandlers.ctypeparser.TypeTraits object at 0x7f0dda2d5650>))
/home/pratyu101/FlyNetSim/NetSim/ns-allinone-3.27/ns-3.27/src/core/bindings/modulegen__gcc_LP64.py:5275: Warning: exception TypeConfigurationError('Missing transfer_ownership option',) in wrapper <pybindgen.function.Function object at 0x7f0dda2d5490>
  [param('std::ostream *', 'stream')])
DEBUG:pybindgen.typehandlers:TypeMatcher.lookup('void')
DEBUG:pybindgen.typehandlers:try to lookup type handler for 'void' => success ((<class 'pybindgen.typehandlers.voidtype.VoidReturn'>, None, <pybindgen.typehandlers.ctypeparser.TypeTraits object at 0x7f0dda2d5790>))
DEBUG:pybindgen.typehandlers:TypeMatcher.lookup('std::ostream *')
DEBUG:pybindgen.typehandlers:try to lookup type handler for 'std::ostream *' => success ((<class 'pybindgen.cppclass.ThisClassPtrParameter'>, None, <pybindgen.typehandlers.ctypeparser.TypeTraits object at 0x7f0dda2d58d0>))
/home/pratyu101/FlyNetSim/NetSim/ns-allinone-3.27/ns-3.27/src/core/bindings/modulegen__gcc_LP64.py:5279: Warning: exception TypeConfigurationError('Missing transfer_ownership option',) in wrapper <pybindgen.function.Function object at 0x7f0dda2d5610>
  [param('std::ostream *', 'stream')])
DEBUG:pybindgen.typehandlers:TypeMatcher.lookup('std::string')
DEBUG:pybindgen.typehandlers:try to lookup type handler for 'std::string' => success ((<class 'pybindgen.typehandlers.stringtype.StdStringReturn'>, None, <pybindgen.typehandlers.ctypeparser.TypeTraits object at 0x7f0dda2d5a10>))
DEBUG:pybindgen.typehandlers:TypeMatcher.lookup('std::string')
DEBUG:pybindgen.typehandlers:try to lookup type handler for 'std::string' => success ((<class 'pybindgen.typehandlers.stringtype.StdStringParam'>, None, <pybindgen.typehandlers.ctypeparser.TypeTraits object at 0x7f0dda2d5b50>))
DEBUG:pybindgen.typehandlers:TypeMatcher.lookup('std::string')
DEBUG:pybindgen.typehandlers:try to lookup type handler for 'std::string' => success ((<class 'pybindgen.typehandlers.stringtype.StdStringParam'>, None, <pybindgen.typehandlers.ctypeparser.TypeTraits object at 0x7f0dda2d5c50>))
DEBUG:pybindgen.typehandlers:TypeMatcher.lookup('std::string')
DEBUG:pybindgen.typehandlers:try to lookup type handler for 'std::string' => success ((<class 'pybindgen.typehandlers.stringtype.StdStringReturn'>, None, <pybindgen.typehandlers.ctypeparser.TypeTraits object at 0x7f0dda2df090>))
DEBUG:pybindgen.typehandlers:TypeMatcher.lookup('std::string')
DEBUG:pybindgen.typehandlers:try to lookup type handler for 'std::string' => success ((<class 'pybindgen.typehandlers.stringtype.StdStringReturn'>, None, <pybindgen.typehandlers.ctypeparser.TypeTraits object at 0x7f0dda2df4d0>))
DEBUG:pybindgen.typehandlers:TypeMatcher.lookup('std::list< std::string > const_iterator')
DEBUG:pybindgen.typehandlers:try to lookup type handler for 'std::list< std::string > const_iterator' => failure
'std::list< std::string > const_iterator' did not match
/home/pratyu101/FlyNetSim/NetSim/ns-allinone-3.27/ns-3.27/src/core/bindings/modulegen__gcc_LP64.py:5301: Warning: exception TypeLookupError(['std::list< std::string > const_iterator'],) in wrapper <pybindgen.function.Function object at 0x7f0dda2df450>
  [param('std::list< std::string > const_iterator', 'begin'), param('std::list< std::string > const_iterator', 'end')])
DEBUG:pybindgen.typehandlers:TypeMatcher.lookup('void')
DEBUG:pybindgen.typehandlers:try to lookup type handler for 'void' => success ((<class 'pybindgen.typehandlers.voidtype.VoidReturn'>, None, <pybindgen.typehandlers.ctypeparser.TypeTraits object at 0x7f0dda2df790>))
DEBUG:pybindgen.typehandlers:TypeMatcher.lookup('std::string')
DEBUG:pybindgen.typehandlers:try to lookup type handler for 'std::string' => success ((<class 'pybindgen.typehandlers.stringtype.StdStringParam'>, None, <pybindgen.typehandlers.ctypeparser.TypeTraits object at 0x7f0dda2df8d0>))
DEBUG:pybindgen.typehandlers:TypeMatcher.lookup('std::string')
DEBUG:pybindgen.typehandlers:try to lookup type handler for 'std::string' => success ((<class 'pybindgen.typehandlers.stringtype.StdStringReturn'>, None, <pybindgen.typehandlers.ctypeparser.TypeTraits object at 0x7f0dda2dfcd0>))
DEBUG:pybindgen.typehandlers:TypeMatcher.lookup('std::list< std::string >')
DEBUG:pybindgen.typehandlers:try to lookup type handler for 'std::list< std::string >' => success ((<class 'pybindgen.container.ThisContainerReturn'>, None, <pybindgen.typehandlers.ctypeparser.TypeTraits object at 0x7f0dda269150>))
DEBUG:pybindgen.typehandlers:TypeMatcher.lookup('std::string')
DEBUG:pybindgen.typehandlers:try to lookup type handler for 'std::string' => success ((<class 'pybindgen.typehandlers.stringtype.StdStringParam'>, None, <pybindgen.typehandlers.ctypeparser.TypeTraits object at 0x7f0dda269390>))
DEBUG:pybindgen.typehandlers:TypeMatcher.lookup('std::list< std::string >')
DEBUG:pybindgen.typehandlers:try to lookup type handler for 'std::list< std::string >' => success ((<class 'pybindgen.container.ThisContainerReturn'>, None, <pybindgen.typehandlers.ctypeparser.TypeTraits object at 0x7f0dda2df750>))
DEBUG:pybindgen.typehandlers:TypeMatcher.lookup('std::string')
DEBUG:pybindgen.typehandlers:try to lookup type handler for 'std::string' => success ((<class 'pybindgen.typehandlers.stringtype.StdStringParam'>, None, <pybindgen.typehandlers.ctypeparser.TypeTraits object at 0x7f0dda2d5990>))
DEBUG:pybindgen.typehandlers:TypeMatcher.lookup('ns3::Ptr< ns3::AttributeChecker const >')
DEBUG:pybindgen.typehandlers:try to lookup type handler for 'ns3::Ptr< ns3::AttributeChecker const >' => failure
DEBUG:pybindgen.typehandlers:try to lookup type handler for 'ns3::AttributeChecker *' => success ((<class 'pybindgen.cppclass.ThisClassPtrReturn'>, <ns3modulegen_core_customizations.SmartPointerTransformation object at 0x7f0ddb24d5d0>, <pybindgen.typehandlers.ctypeparser.TypeTraits object at 0x7f0dda269850>))
DEBUG:pybindgen.typehandlers:TypeMatcher.lookup('double')
DEBUG:pybindgen.typehandlers:try to lookup type handler for 'double' => success ((<class 'pybindgen.typehandlers.doubletype.DoubleParam'>, None, <pybindgen.typehandlers.ctypeparser.TypeTraits object at 0x7f0dda269910>))
DEBUG:pybindgen.typehandlers:TypeMatcher.lookup('double')
DEBUG:pybindgen.typehandlers:try to lookup type handler for 'double' => success ((<class 'pybindgen.typehandlers.doubletype.DoubleParam'>, None, <pybindgen.typehandlers.ctypeparser.TypeTraits object at 0x7f0dda269990>))
DEBUG:pybindgen.typehandlers:TypeMatcher.lookup('std::string')
DEBUG:pybindgen.typehandlers:try to lookup type handler for 'std::string' => success ((<class 'pybindgen.typehandlers.stringtype.StdStringParam'>, None, <pybindgen.typehandlers.ctypeparser.TypeTraits object at 0x7f0dda269a90>))
DEBUG:pybindgen.typehandlers:TypeMatcher.lookup('ns3::Ptr< ns3::AttributeChecker const >')
DEBUG:pybindgen.typehandlers:try to lookup type handler for 'ns3::Ptr< ns3::AttributeChecker const >' => failure
DEBUG:pybindgen.typehandlers:try to lookup type handler for 'ns3::AttributeChecker *' => success ((<class 'pybindgen.cppclass.ThisClassPtrReturn'>, <ns3modulegen_core_customizations.SmartPointerTransformation object at 0x7f0ddb24d5d0>, <pybindgen.typehandlers.ctypeparser.TypeTraits object at 0x7f0dda26f110>))
DEBUG:pybindgen.typehandlers:TypeMatcher.lookup('int64_t')
DEBUG:pybindgen.typehandlers:try to lookup type handler for 'int64_t' => success ((<class 'pybindgen.typehandlers.inttype.LongLongParam'>, None, <pybindgen.typehandlers.ctypeparser.TypeTraits object at 0x7f0dda26f1d0>))
DEBUG:pybindgen.typehandlers:TypeMatcher.lookup('int64_t')
DEBUG:pybindgen.typehandlers:try to lookup type handler for 'int64_t' => success ((<class 'pybindgen.typehandlers.inttype.LongLongParam'>, None, <pybindgen.typehandlers.ctypeparser.TypeTraits object at 0x7f0dda26f250>))
DEBUG:pybindgen.typehandlers:TypeMatcher.lookup('std::string')
DEBUG:pybindgen.typehandlers:try to lookup type handler for 'std::string' => success ((<class 'pybindgen.typehandlers.stringtype.StdStringParam'>, None, <pybindgen.typehandlers.ctypeparser.TypeTraits object at 0x7f0dda26f350>))
DEBUG:pybindgen.typehandlers:TypeMatcher.lookup('ns3::Ptr< ns3::AttributeChecker const >')
DEBUG:pybindgen.typehandlers:try to lookup type handler for 'ns3::Ptr< ns3::AttributeChecker const >' => failure
DEBUG:pybindgen.typehandlers:try to lookup type handler for 'ns3::AttributeChecker *' => success ((<class 'pybindgen.cppclass.ThisClassPtrReturn'>, <ns3modulegen_core_customizations.SmartPointerTransformation object at 0x7f0ddb24d5d0>, <pybindgen.typehandlers.ctypeparser.TypeTraits object at 0x7f0dda26f990>))
DEBUG:pybindgen.typehandlers:TypeMatcher.lookup('uint64_t')
DEBUG:pybindgen.typehandlers:try to lookup type handler for 'uint64_t' => success ((<class 'pybindgen.typehandlers.inttype.UnsignedLongLongParam'>, None, <pybindgen.typehandlers.ctypeparser.TypeTraits object at 0x7f0dda26fa50>))
DEBUG:pybindgen.typehandlers:TypeMatcher.lookup('uint64_t')
DEBUG:pybindgen.typehandlers:try to lookup type handler for 'uint64_t' => success ((<class 'pybindgen.typehandlers.inttype.UnsignedLongLongParam'>, None, <pybindgen.typehandlers.ctypeparser.TypeTraits object at 0x7f0dda26fad0>))
DEBUG:pybindgen.typehandlers:TypeMatcher.lookup('std::string')
DEBUG:pybindgen.typehandlers:try to lookup type handler for 'std::string' => success ((<class 'pybindgen.typehandlers.stringtype.StdStringParam'>, None, <pybindgen.typehandlers.ctypeparser.TypeTraits object at 0x7f0dda26fbd0>))
/home/pratyu101/FlyNetSim/NetSim/ns-allinone-3.27/pybindgen-0.17.0.post58+ngcf00cc0/pybindgen/cppclass.py:3818: UserWarning: Returning shared pointers is dangerous!  The C++ API should be redesigned to avoid this situation.
  warnings.warn("Returning shared pointers is dangerous!"
bindings/python/ns3modulegen-modular.py:30: UserWarning: exception CodeGenerationError('ns3::Hash::Implementation cannot be constructed (have pure virtual methods but no helper class)',) in wrapper <pybindgen.CppClass 'ns3::Hash::Implementation'>
  warnings.warn("exception %r in wrapper %s" % (exception, wrapper))
/home/pratyu101/FlyNetSim/NetSim/ns-allinone-3.27/ns-3.27/src/core/bindings/modulegen__gcc_LP64.py:704: Warning: exception CodeGenerationError('wrapper could not be generated',) in wrapper public: void ns3::CommandLine::AddValue (std::string const & name, std::string const & help, ns3::Callback< bool, std::basic_string< char >, ns3::empty, ns3::empty, ns3::empty, ns3::empty, ns3::empty, ns3::empty, ns3::empty, ns3::empty > callback);
  [param('std::string const &', 'name'), param('std::string const &', 'help'), param('ns3::Callback< bool, std::basic_string< char >, ns3::empty, ns3::empty, ns3::empty, ns3::empty, ns3::empty, ns3::empty, ns3::empty, ns3::empty >', 'callback')])
/home/pratyu101/FlyNetSim/NetSim/ns-allinone-3.27/ns-3.27/src/core/bindings/modulegen__gcc_LP64.py:502: Warning: exception SkipWrapper() in wrapper public: void ns3::CommandLine::AddValue (std::string const & name, std::string const & help, ns3::Callback< bool, std::basic_string< char >, ns3::empty, ns3::empty, ns3::empty, ns3::empty, ns3::empty, ns3::empty, ns3::empty, ns3::empty > callback);
  register_Ns3CommandLine_methods(root_module, root_module['ns3::CommandLine'])
bindings/python/ns3modulegen-modular.py:30: UserWarning: exception CodeGenerationError('ns3::ObjectBase cannot be constructed (class has pure virtual methods)',) in wrapper <pybindgen.CppClass 'ns3::ObjectBase'>
  warnings.warn("exception %r in wrapper %s" % (exception, wrapper))
bindings/python/ns3modulegen-modular.py:30: UserWarning: exception CodeGenerationError('ns3::SimpleRefCount< ns3::Object, ns3::ObjectBase, ns3::ObjectDeleter > cannot be constructed (have pure virtual methods but no helper class)',) in wrapper <pybindgen.CppClass 'ns3::SimpleRefCount< ns3::Object, ns3::ObjectBase, ns3::ObjectDeleter >'>
  warnings.warn("exception %r in wrapper %s" % (exception, wrapper))
bindings/python/ns3modulegen-modular.py:30: UserWarning: exception CodeGenerationError('ns3::TimerImpl cannot be constructed (class has pure virtual methods)',) in wrapper <pybindgen.CppClass 'ns3::TimerImpl'>
  warnings.warn("exception %r in wrapper %s" % (exception, wrapper))
DEBUG:pybindgen.typehandlers:TypeMatcher.lookup('ns3::Vector2D')
DEBUG:pybindgen.typehandlers:try to lookup type handler for 'ns3::Vector2D' => success ((<class 'pybindgen.cppclass.ThisClassReturn'>, None, <pybindgen.typehandlers.ctypeparser.TypeTraits object at 0x7f0dd9fc47d0>))
DEBUG:pybindgen.typehandlers:TypeMatcher.lookup('ns3::Vector2D')
DEBUG:pybindgen.typehandlers:try to lookup type handler for 'ns3::Vector2D' => success ((<class 'pybindgen.cppclass.ThisClassReturn'>, None, <pybindgen.typehandlers.ctypeparser.TypeTraits object at 0x7f0dd9fc45d0>))
DEBUG:pybindgen.typehandlers:TypeMatcher.lookup('ns3::Vector2D')
DEBUG:pybindgen.typehandlers:try to lookup type handler for 'ns3::Vector2D' => success ((<class 'pybindgen.cppclass.ThisClassReturn'>, None, <pybindgen.typehandlers.ctypeparser.TypeTraits object at 0x7f0dd9fc4450>))
DEBUG:pybindgen.typehandlers:TypeMatcher.lookup('ns3::Vector2D')
DEBUG:pybindgen.typehandlers:try to lookup type handler for 'ns3::Vector2D' => success ((<class 'pybindgen.cppclass.ThisClassReturn'>, None, <pybindgen.typehandlers.ctypeparser.TypeTraits object at 0x7f0dd9fc44d0>))
DEBUG:pybindgen.typehandlers:TypeMatcher.lookup('ns3::Vector3D')
DEBUG:pybindgen.typehandlers:try to lookup type handler for 'ns3::Vector3D' => success ((<class 'pybindgen.cppclass.ThisClassReturn'>, None, <pybindgen.typehandlers.ctypeparser.TypeTraits object at 0x7f0dd9fc4fd0>))
DEBUG:pybindgen.typehandlers:TypeMatcher.lookup('ns3::Vector3D')
DEBUG:pybindgen.typehandlers:try to lookup type handler for 'ns3::Vector3D' => success ((<class 'pybindgen.cppclass.ThisClassReturn'>, None, <pybindgen.typehandlers.ctypeparser.TypeTraits object at 0x7f0dd9fc44d0>))
DEBUG:pybindgen.typehandlers:TypeMatcher.lookup('ns3::Vector3D')
DEBUG:pybindgen.typehandlers:try to lookup type handler for 'ns3::Vector3D' => success ((<class 'pybindgen.cppclass.ThisClassReturn'>, None, <pybindgen.typehandlers.ctypeparser.TypeTraits object at 0x7f0dd9fc4790>))
DEBUG:pybindgen.typehandlers:TypeMatcher.lookup('ns3::Vector3D')
DEBUG:pybindgen.typehandlers:try to lookup type handler for 'ns3::Vector3D' => success ((<class 'pybindgen.cppclass.ThisClassReturn'>, None, <pybindgen.typehandlers.ctypeparser.TypeTraits object at 0x7f0dd9fc4f90>))
DEBUG:pybindgen.typehandlers:TypeMatcher.lookup('ns3::int64x64_t')
DEBUG:pybindgen.typehandlers:try to lookup type handler for 'ns3::int64x64_t' => success ((<class 'pybindgen.cppclass.ThisClassReturn'>, None, <pybindgen.typehandlers.ctypeparser.TypeTraits object at 0x7f0dd9fc4a10>))
DEBUG:pybindgen.typehandlers:TypeMatcher.lookup('ns3::int64x64_t')
DEBUG:pybindgen.typehandlers:try to lookup type handler for 'ns3::int64x64_t' => success ((<class 'pybindgen.cppclass.ThisClassReturn'>, None, <pybindgen.typehandlers.ctypeparser.TypeTraits object at 0x7f0dd9fc4a90>))
DEBUG:pybindgen.typehandlers:TypeMatcher.lookup('ns3::int64x64_t')
DEBUG:pybindgen.typehandlers:try to lookup type handler for 'ns3::int64x64_t' => success ((<class 'pybindgen.cppclass.ThisClassReturn'>, None, <pybindgen.typehandlers.ctypeparser.TypeTraits object at 0x7f0dd9fc4b10>))
DEBUG:pybindgen.typehandlers:TypeMatcher.lookup('ns3::int64x64_t')
DEBUG:pybindgen.typehandlers:try to lookup type handler for 'ns3::int64x64_t' => success ((<class 'pybindgen.cppclass.ThisClassReturn'>, None, <pybindgen.typehandlers.ctypeparser.TypeTraits object at 0x7f0dd9fc4a10>))
DEBUG:pybindgen.typehandlers:TypeMatcher.lookup('ns3::int64x64_t')
DEBUG:pybindgen.typehandlers:try to lookup type handler for 'ns3::int64x64_t' => success ((<class 'pybindgen.cppclass.ThisClassReturn'>, None, <pybindgen.typehandlers.ctypeparser.TypeTraits object at 0x7f0dd9fc4a90>))
DEBUG:pybindgen.typehandlers:TypeMatcher.lookup('ns3::int64x64_t')
DEBUG:pybindgen.typehandlers:try to lookup type handler for 'ns3::int64x64_t' => success ((<class 'pybindgen.cppclass.ThisClassReturn'>, None, <pybindgen.typehandlers.ctypeparser.TypeTraits object at 0x7f0dd9fc4c10>))
DEBUG:pybindgen.typehandlers:TypeMatcher.lookup('ns3::int64x64_t')
DEBUG:pybindgen.typehandlers:try to lookup type handler for 'ns3::int64x64_t' => success ((<class 'pybindgen.cppclass.ThisClassReturn'>, None, <pybindgen.typehandlers.ctypeparser.TypeTraits object at 0x7f0dd9fc4b10>))
DEBUG:pybindgen.typehandlers:TypeMatcher.lookup('ns3::int64x64_t')
DEBUG:pybindgen.typehandlers:try to lookup type handler for 'ns3::int64x64_t' => success ((<class 'pybindgen.cppclass.ThisClassReturn'>, None, <pybindgen.typehandlers.ctypeparser.TypeTraits object at 0x7f0dd9fc4a90>))
DEBUG:pybindgen.typehandlers:TypeMatcher.lookup('ns3::int64x64_t')
DEBUG:pybindgen.typehandlers:try to lookup type handler for 'ns3::int64x64_t' => success ((<class 'pybindgen.cppclass.ThisClassReturn'>, None, <pybindgen.typehandlers.ctypeparser.TypeTraits object at 0x7f0dd9fc4c10>))
DEBUG:pybindgen.typehandlers:TypeMatcher.lookup('ns3::int64x64_t')
DEBUG:pybindgen.typehandlers:try to lookup type handler for 'ns3::int64x64_t' => success ((<class 'pybindgen.cppclass.ThisClassReturn'>, None, <pybindgen.typehandlers.ctypeparser.TypeTraits object at 0x7f0dd9fc4b10>))
DEBUG:pybindgen.typehandlers:TypeMatcher.lookup('ns3::int64x64_t')
DEBUG:pybindgen.typehandlers:try to lookup type handler for 'ns3::int64x64_t' => success ((<class 'pybindgen.cppclass.ThisClassReturn'>, None, <pybindgen.typehandlers.ctypeparser.TypeTraits object at 0x7f0dd9fc4c50>))
DEBUG:pybindgen.typehandlers:TypeMatcher.lookup('ns3::int64x64_t')
DEBUG:pybindgen.typehandlers:try to lookup type handler for 'ns3::int64x64_t' => success ((<class 'pybindgen.cppclass.ThisClassReturn'>, None, <pybindgen.typehandlers.ctypeparser.TypeTraits object at 0x7f0dd9fc4d50>))
DEBUG:pybindgen.typehandlers:TypeMatcher.lookup('ns3::int64x64_t')
DEBUG:pybindgen.typehandlers:try to lookup type handler for 'ns3::int64x64_t' => success ((<class 'pybindgen.cppclass.ThisClassReturn'>, None, <pybindgen.typehandlers.ctypeparser.TypeTraits object at 0x7f0dd9fc4c50>))
DEBUG:pybindgen.typehandlers:TypeMatcher.lookup('ns3::int64x64_t')
DEBUG:pybindgen.typehandlers:try to lookup type handler for 'ns3::int64x64_t' => success ((<class 'pybindgen.cppclass.ThisClassReturn'>, None, <pybindgen.typehandlers.ctypeparser.TypeTraits object at 0x7f0dd9fc4c90>))
DEBUG:pybindgen.typehandlers:TypeMatcher.lookup('ns3::int64x64_t')
DEBUG:pybindgen.typehandlers:try to lookup type handler for 'ns3::int64x64_t' => success ((<class 'pybindgen.cppclass.ThisClassReturn'>, None, <pybindgen.typehandlers.ctypeparser.TypeTraits object at 0x7f0dd9fc4a90>))
DEBUG:pybindgen.typehandlers:TypeMatcher.lookup('ns3::int64x64_t')
DEBUG:pybindgen.typehandlers:try to lookup type handler for 'ns3::int64x64_t' => success ((<class 'pybindgen.cppclass.ThisClassReturn'>, None, <pybindgen.typehandlers.ctypeparser.TypeTraits object at 0x7f0dd9fc4d50>))
bindings/python/ns3modulegen-modular.py:30: UserWarning: exception CodeGenerationError('ns3::Scheduler cannot be constructed (class has pure virtual methods)',) in wrapper <pybindgen.CppClass 'ns3::Scheduler'>
  warnings.warn("exception %r in wrapper %s" % (exception, wrapper))
bindings/python/ns3modulegen-modular.py:30: UserWarning: exception CodeGenerationError('ns3::SimulatorImpl cannot be constructed (have pure virtual methods but no helper class)',) in wrapper <pybindgen.CppClass 'ns3::SimulatorImpl'>
  warnings.warn("exception %r in wrapper %s" % (exception, wrapper))
bindings/python/ns3modulegen-modular.py:30: UserWarning: exception CodeGenerationError('ns3::Synchronizer cannot be constructed (class has pure virtual methods)',) in wrapper <pybindgen.CppClass 'ns3::Synchronizer'>
  warnings.warn("exception %r in wrapper %s" % (exception, wrapper))
DEBUG:pybindgen.typehandlers:TypeMatcher.lookup('ns3::Time')
DEBUG:pybindgen.typehandlers:try to lookup type handler for 'ns3::Time' => success ((<class 'pybindgen.cppclass.ThisClassReturn'>, None, <pybindgen.typehandlers.ctypeparser.TypeTraits object at 0x7f0ddaa22310>))
DEBUG:pybindgen.typehandlers:TypeMatcher.lookup('int64_t')
DEBUG:pybindgen.typehandlers:try to lookup type handler for 'int64_t' => success ((<class 'pybindgen.typehandlers.inttype.LongLongReturn'>, None, <pybindgen.typehandlers.ctypeparser.TypeTraits object at 0x7f0dda954910>))
DEBUG:pybindgen.typehandlers:TypeMatcher.lookup('ns3::Time')
DEBUG:pybindgen.typehandlers:try to lookup type handler for 'ns3::Time' => success ((<class 'pybindgen.cppclass.ThisClassReturn'>, None, <pybindgen.typehandlers.ctypeparser.TypeTraits object at 0x7f0ddaa22310>))
DEBUG:pybindgen.typehandlers:TypeMatcher.lookup('int64_t')
DEBUG:pybindgen.typehandlers:try to lookup type handler for 'int64_t' => success ((<class 'pybindgen.typehandlers.inttype.LongLongReturn'>, None, <pybindgen.typehandlers.ctypeparser.TypeTraits object at 0x7f0dda954910>))
DEBUG:pybindgen.typehandlers:TypeMatcher.lookup('ns3::Time')
DEBUG:pybindgen.typehandlers:try to lookup type handler for 'ns3::Time' => success ((<class 'pybindgen.cppclass.ThisClassReturn'>, None, <pybindgen.typehandlers.ctypeparser.TypeTraits object at 0x7f0ddaa22310>))
DEBUG:pybindgen.typehandlers:TypeMatcher.lookup('ns3::Time')
DEBUG:pybindgen.typehandlers:try to lookup type handler for 'ns3::Time' => success ((<class 'pybindgen.cppclass.ThisClassReturn'>, None, <pybindgen.typehandlers.ctypeparser.TypeTraits object at 0x7f0dda954390>))
DEBUG:pybindgen.typehandlers:TypeMatcher.lookup('ns3::Time')
DEBUG:pybindgen.typehandlers:try to lookup type handler for 'ns3::Time' => success ((<class 'pybindgen.cppclass.ThisClassReturn'>, None, <pybindgen.typehandlers.ctypeparser.TypeTraits object at 0x7f0dda92a090>))
DEBUG:pybindgen.typehandlers:TypeMatcher.lookup('ns3::Time')
DEBUG:pybindgen.typehandlers:try to lookup type handler for 'ns3::Time' => success ((<class 'pybindgen.cppclass.ThisClassReturn'>, None, <pybindgen.typehandlers.ctypeparser.TypeTraits object at 0x7f0ddaa22790>))
DEBUG:pybindgen.typehandlers:TypeMatcher.lookup('int64_t')
DEBUG:pybindgen.typehandlers:try to lookup type handler for 'int64_t' => success ((<class 'pybindgen.typehandlers.inttype.LongLongReturn'>, None, <pybindgen.typehandlers.ctypeparser.TypeTraits object at 0x7f0dda954910>))
DEBUG:pybindgen.typehandlers:TypeMatcher.lookup('int64_t')
DEBUG:pybindgen.typehandlers:try to lookup type handler for 'int64_t' => success ((<class 'pybindgen.typehandlers.inttype.LongLongReturn'>, None, <pybindgen.typehandlers.ctypeparser.TypeTraits object at 0x7f0dda954910>))
DEBUG:pybindgen.typehandlers:TypeMatcher.lookup('ns3::Time')
DEBUG:pybindgen.typehandlers:try to lookup type handler for 'ns3::Time' => success ((<class 'pybindgen.cppclass.ThisClassReturn'>, None, <pybindgen.typehandlers.ctypeparser.TypeTraits object at 0x7f0ddaa22790>))
DEBUG:pybindgen.typehandlers:TypeMatcher.lookup('ns3::Time')
DEBUG:pybindgen.typehandlers:try to lookup type handler for 'ns3::Time' => success ((<class 'pybindgen.cppclass.ThisClassReturn'>, None, <pybindgen.typehandlers.ctypeparser.TypeTraits object at 0x7f0ddaa22310>))
bindings/python/ns3modulegen-modular.py:30: UserWarning: exception CodeGenerationError('ns3::TraceSourceAccessor cannot be constructed (have pure virtual methods but no helper class)',) in wrapper <pybindgen.CppClass 'ns3::TraceSourceAccessor'>
  warnings.warn("exception %r in wrapper %s" % (exception, wrapper))
bindings/python/ns3modulegen-modular.py:30: UserWarning: exception CodeGenerationError('ns3::AttributeAccessor cannot be constructed (have pure virtual methods but no helper class)',) in wrapper <pybindgen.CppClass 'ns3::AttributeAccessor'>
  warnings.warn("exception %r in wrapper %s" % (exception, wrapper))
bindings/python/ns3modulegen-modular.py:30: UserWarning: exception CodeGenerationError('ns3::AttributeChecker cannot be constructed (have pure virtual methods but no helper class)',) in wrapper <pybindgen.CppClass 'ns3::AttributeChecker'>
  warnings.warn("exception %r in wrapper %s" % (exception, wrapper))
bindings/python/ns3modulegen-modular.py:30: UserWarning: exception CodeGenerationError('ns3::AttributeValue cannot be constructed (have pure virtual methods but no helper class)',) in wrapper <pybindgen.CppClass 'ns3::AttributeValue'>
  warnings.warn("exception %r in wrapper %s" % (exception, wrapper))
bindings/python/ns3modulegen-modular.py:30: UserWarning: exception CodeGenerationError('ns3::BooleanChecker cannot be constructed (have pure virtual methods but no helper class)',) in wrapper <pybindgen.CppClass 'ns3::BooleanChecker'>
  warnings.warn("exception %r in wrapper %s" % (exception, wrapper))
bindings/python/ns3modulegen-modular.py:30: UserWarning: exception CodeGenerationError('ns3::CallbackChecker cannot be constructed (have pure virtual methods but no helper class)',) in wrapper <pybindgen.CppClass 'ns3::CallbackChecker'>
  warnings.warn("exception %r in wrapper %s" % (exception, wrapper))
bindings/python/ns3modulegen-modular.py:30: UserWarning: exception CodeGenerationError('ns3::CallbackImplBase cannot be constructed (have pure virtual methods but no helper class)',) in wrapper <pybindgen.CppClass 'ns3::CallbackImplBase'>
  warnings.warn("exception %r in wrapper %s" % (exception, wrapper))
bindings/python/ns3modulegen-modular.py:30: UserWarning: exception CodeGenerationError('ns3::EventImpl cannot be constructed (have pure virtual methods but no helper class)',) in wrapper <pybindgen.CppClass 'ns3::EventImpl'>
  warnings.warn("exception %r in wrapper %s" % (exception, wrapper))
/home/pratyu101/FlyNetSim/NetSim/ns-allinone-3.27/ns-3.27/src/core/bindings/modulegen__gcc_LP64.py:3739: Warning: exception CodeGenerationError('wrapper could not be generated',) in wrapper public: void ns3::FdReader::Start (int fd, ns3::Callback< void, unsigned char *, long, ns3::empty, ns3::empty, ns3::empty, ns3::empty, ns3::empty, ns3::empty, ns3::empty > readCallback);
  [param('int', 'fd'), param('ns3::Callback< void, unsigned char *, long, ns3::empty, ns3::empty, ns3::empty, ns3::empty, ns3::empty, ns3::empty, ns3::empty >', 'readCallback')])
bindings/python/ns3modulegen-modular.py:30: UserWarning: exception CodeGenerationError('ns3::FdReader cannot be constructed (have pure virtual methods but no helper class)',) in wrapper <pybindgen.CppClass 'ns3::FdReader'>
  warnings.warn("exception %r in wrapper %s" % (exception, wrapper))
bindings/python/ns3modulegen-modular.py:30: UserWarning: exception CodeGenerationError('ns3::ObjectFactoryChecker cannot be constructed (have pure virtual methods but no helper class)',) in wrapper <pybindgen.CppClass 'ns3::ObjectFactoryChecker'>
  warnings.warn("exception %r in wrapper %s" % (exception, wrapper))
bindings/python/ns3modulegen-modular.py:30: UserWarning: exception CodeGenerationError('ns3::ObjectPtrContainerAccessor cannot be constructed (have pure virtual methods but no helper class)',) in wrapper <pybindgen.CppClass 'ns3::ObjectPtrContainerAccessor'>
  warnings.warn("exception %r in wrapper %s" % (exception, wrapper))
bindings/python/ns3modulegen-modular.py:30: UserWarning: exception CodeGenerationError('ns3::ObjectPtrContainerChecker cannot be constructed (have pure virtual methods but no helper class)',) in wrapper <pybindgen.CppClass 'ns3::ObjectPtrContainerChecker'>
  warnings.warn("exception %r in wrapper %s" % (exception, wrapper))
bindings/python/ns3modulegen-modular.py:30: UserWarning: exception CodeGenerationError('ns3::PointerChecker cannot be constructed (have pure virtual methods but no helper class)',) in wrapper <pybindgen.CppClass 'ns3::PointerChecker'>
  warnings.warn("exception %r in wrapper %s" % (exception, wrapper))
bindings/python/ns3modulegen-modular.py:30: UserWarning: exception CodeGenerationError('ns3::StringChecker cannot be constructed (have pure virtual methods but no helper class)',) in wrapper <pybindgen.CppClass 'ns3::StringChecker'>
  warnings.warn("exception %r in wrapper %s" % (exception, wrapper))
bindings/python/ns3modulegen-modular.py:30: UserWarning: exception CodeGenerationError('ns3::TypeIdChecker cannot be constructed (have pure virtual methods but no helper class)',) in wrapper <pybindgen.CppClass 'ns3::TypeIdChecker'>
  warnings.warn("exception %r in wrapper %s" % (exception, wrapper))
bindings/python/ns3modulegen-modular.py:30: UserWarning: exception CodeGenerationError('ns3::Vector2DChecker cannot be constructed (have pure virtual methods but no helper class)',) in wrapper <pybindgen.CppClass 'ns3::Vector2DChecker'>
  warnings.warn("exception %r in wrapper %s" % (exception, wrapper))
bindings/python/ns3modulegen-modular.py:30: UserWarning: exception CodeGenerationError('ns3::Vector3DChecker cannot be constructed (have pure virtual methods but no helper class)',) in wrapper <pybindgen.CppClass 'ns3::Vector3DChecker'>
  warnings.warn("exception %r in wrapper %s" % (exception, wrapper))
bindings/python/ns3modulegen-modular.py:30: UserWarning: exception CodeGenerationError('ns3::CallbackImpl< bool, std::basic_string<char>, ns3::empty, ns3::empty, ns3::empty, ns3::empty, ns3::empty, ns3::empty, ns3::empty, ns3::empty > cannot be constructed (have pure virtual methods but no helper class)',) in wrapper <pybindgen.CppClass 'ns3::CallbackImpl< bool, std::basic_string<char>, ns3::empty, ns3::empty, ns3::empty, ns3::empty, ns3::empty, ns3::empty, ns3::empty, ns3::empty >'>
  warnings.warn("exception %r in wrapper %s" % (exception, wrapper))
bindings/python/ns3modulegen-modular.py:30: UserWarning: exception CodeGenerationError('ns3::CallbackImpl< ns3::ObjectBase *, ns3::empty, ns3::empty, ns3::empty, ns3::empty, ns3::empty, ns3::empty, ns3::empty, ns3::empty, ns3::empty > cannot be constructed (have pure virtual methods but no helper class)',) in wrapper <pybindgen.CppClass 'ns3::CallbackImpl< ns3::ObjectBase *, ns3::empty, ns3::empty, ns3::empty, ns3::empty, ns3::empty, ns3::empty, ns3::empty, ns3::empty, ns3::empty >'>
  warnings.warn("exception %r in wrapper %s" % (exception, wrapper))
bindings/python/ns3modulegen-modular.py:30: UserWarning: exception CodeGenerationError('ns3::CallbackImpl< void, ns3::empty, ns3::empty, ns3::empty, ns3::empty, ns3::empty, ns3::empty, ns3::empty, ns3::empty, ns3::empty > cannot be constructed (have pure virtual methods but no helper class)',) in wrapper <pybindgen.CppClass 'ns3::CallbackImpl< void, ns3::empty, ns3::empty, ns3::empty, ns3::empty, ns3::empty, ns3::empty, ns3::empty, ns3::empty, ns3::empty >'>
  warnings.warn("exception %r in wrapper %s" % (exception, wrapper))
bindings/python/ns3modulegen-modular.py:30: UserWarning: exception CodeGenerationError('ns3::CallbackImpl< void, unsigned char *, long, ns3::empty, ns3::empty, ns3::empty, ns3::empty, ns3::empty, ns3::empty, ns3::empty > cannot be constructed (have pure virtual methods but no helper class)',) in wrapper <pybindgen.CppClass 'ns3::CallbackImpl< void, unsigned char *, long, ns3::empty, ns3::empty, ns3::empty, ns3::empty, ns3::empty, ns3::empty, ns3::empty >'>
  warnings.warn("exception %r in wrapper %s" % (exception, wrapper))
