time,sim_time,uav_x,uav_y,uav_z,zone,sensor_id,sensor_x,sensor_y,sensor_z,orientation_deg,fov_deg,true_distance_m,rx_power_dbm_ideal,rssi_noise_db,rx_power_dbm_noisy,true_aoa_deg,aoa_noise_deg,measured_aoa_deg,detected
1,0,121.386,165.462,20,early_warning_zone,0,250,300,15,-141.34019174591,120,186.190854877462,-65.4533917534123,1.1321695958175,-64.3212221575948,-133.710392174487,0.0957114147668275,-133.61468075972,1
1,0,121.386,165.462,20,early_warning_zone,1,250,350,15,-149.036243467926,120,224.990743009574,-67.0975178326759,0.193838756568616,-66.9036790761073,-124.874619103306,0.743733041693189,-124.130886061612,0
1,0,121.386,165.462,20,early_warning_zone,2,250,450,15,-168.69006752598,120,312.29542814457,-69.9455373625044,-0.0795943367753545,-70.0251316992798,-114.32344057903,-0.634215825387215,-114.957656404417,0
1,0,121.386,165.462,20,early_warning_zone,3,250,550,15,168.69006752598,120,405.507132415695,-72.214194781577,-0.539562405560029,-72.753757187137,-108.493217454341,-0.64787227107668,-109.141089725418,0
1,0,121.386,165.462,20,early_warning_zone,4,250,650,15,149.036243467926,120,501.341833921727,-74.0569037413077,2.33594571024355,-71.7209580310642,-104.865585257377,-0.263463521510884,-105.129048778888,0
1,0,121.386,165.462,20,early_warning_zone,5,250,700,15,141.34019174591,120,549.815818652028,-74.8585694481446,1.31984759108375,-73.5387218570609,-103.528655237531,0.147664806999492,-103.380990430531,0
1,0,121.386,165.462,20,early_warning_zone,6,300,700,15,135,120,563.612308630676,-75.0738342146751,-0.181938252063201,-75.2557724667383,-108.476870329684,-0.631943114822161,-109.108813444506,0
1,0,121.386,165.462,20,early_warning_zone,7,400,700,15,116.565051177078,120,602.811441862213,-75.6578545740535,0.570090322557557,-75.087764251496,-117.529604169434,0.436174720409431,-117.093429449025,0
1,0,121.386,165.462,20,early_warning_zone,8,600,700,15,63.434948822922,120,717.514623154121,-77.1708399650824,0.377207472455783,-76.7936324926266,-131.840591648572,-0.586859805098322,-132.42745145367,0
1,0,121.386,165.462,20,early_warning_zone,9,700,700,15,45,120,787.749982189781,-77.9819928747738,-0.279847187790405,-78.2618400625642,-137.267480313361,0.434680394182973,-136.832799919178,0
1,0,121.386,165.462,20,early_warning_zone,10,750,700,15,38.6598082540901,120,825.17357837003,-78.385131107026,0.35625048407318,-78.0288806229528,-139.624030420517,-1.04251735093218,-140.666547771449,0
1,0,121.386,165.462,20,early_warning_zone,11,750,650,15,30.9637565320735,120,793.698705076429,-78.0473382692822,-0.213251689513991,-78.2605899587962,-142.374831246142,-0.120496939792535,-142.495328185935,0
1,0,121.386,165.462,20,early_warning_zone,12,750,550,15,11.3099324740202,120,736.919286245108,-77.4026232899755,1.79773896455065,-75.6048843254249,-148.544891735306,0.527119270891663,-148.017772464414,0
1,0,121.386,165.462,20,early_warning_zone,13,750,450,15,-11.3099324740202,120,690.030748909061,-76.8315937151797,-1.18240043546349,-78.0139941506432,-155.646427052087,0.294174747734709,-155.352252304352,0
1,0,121.386,165.462,20,early_warning_zone,14,750,350,15,-30.9637565320735,120,655.160159380895,-76.3811744320171,1.12098534498403,-75.2601890870331,-163.639697018536,0.3053812887348,-163.334315729801,0
1,0,121.386,165.462,20,early_warning_zone,15,750,300,15,-38.6598082540901,120,642.869375876624,-76.2166795929035,-0.213123749052634,-76.4298033419561,-167.919622565336,0.0465884548513407,-167.873034110485,0
1,0,121.386,165.462,20,early_warning_zone,16,700,300,15,-45,120,594.070395188988,-75.5309830412872,1.49835776209467,-74.0326252791926,-166.910304755881,0.014633311111343,-166.895671444769,0
1,0,121.386,165.462,20,early_warning_zone,17,600,300,15,-63.434948822922,120,497.188932338603,-73.9846538837542,-0.0953925111878398,-74.080046394942,-164.299370722698,-0.898167073983715,-165.197537796682,0
1,0,121.386,165.462,20,early_warning_zone,18,400,300,15,-116.565051177078,120,309.436963596788,-69.8656686509285,-0.768778458072726,-70.6344471090012,-154.22488721069,0.419632215129631,-153.80525499556,0
1,0,121.386,165.462,20,early_warning_zone,19,300,300,15,-135,120,223.670370053791,-67.0463939596668,-0.296793864617547,-67.3431878242843,-143.011725989211,0.365194162599007,-142.646531826612,0
1,0,121.386,165.462,20,early_warning_zone,20,300,500,15,180,120,379.267233543843,-71.6331313109724,2.58967272097743,-69.0434585899949,-118.098313209912,-0.928288903819649,-119.026602113732,0
1,0,121.386,165.462,20,early_warning_zone,21,500,350,15,-90,120,421.221835189013,-72.5444423530818,-0.157283110918486,-72.7017254640003,-154.015208103247,-0.0458039799124199,-154.061012083159,0
1,0,121.386,165.462,20,early_warning_zone,22,700,500,15,0,120,668.382251739228,-76.5547230161082,-0.388149349925756,-76.9428723660339,-149.964731979465,0.054903167933279,-149.909828811531,0
1,0,121.386,165.462,20,early_warning_zone,23,500,650,15,90,120,614.93953722297,-75.8308731679096,-0.000556871517642837,-75.8314300394272,-128.003775825304,0.386458425335134,-127.617317399969,0
2,1,130.769,168.921,20,early_warning_zone,0,250,300,15,-141.34019174591,120,177.264592070723,-65.0266647460256,0.633143210376205,-64.3935215356494,-132.290023935971,0.635561274998418,-131.654462660972,1
2,1,130.769,168.921,20,early_warning_zone,1,250,350,15,-149.036243467926,120,216.865478124113,-66.7780333154152,-0.0844172364427201,-66.8624505518579,-123.36280233389,0.072365871065004,-123.290436462825,0
2,1,130.769,168.921,20,early_warning_zone,2,250,450,15,-168.69006752598,120,305.362793414653,-69.7505472306781,-1.03488370650328,-70.7854309371814,-112.98618831752,0.369217296340635,-112.616971021179,0
2,1,130.769,168.921,20,early_warning_zone,3,250,550,15,168.69006752598,120,399.327228726016,-72.0808033187242,-0.05390398400603,-72.1347073027303,-107.373721234288,-0.513363167383457,-107.887084401671,0
2,1,130.769,168.921,20,early_warning_zone,4,250,650,15,149.036243467926,120,495.659192996559,-73.9578881433046,0.570378655007795,-73.3875094882968,-103.919748160589,0.463912701645962,-103.455835458943,0
2,1,130.769,168.921,20,early_warning_zone,5,250,700,15,141.34019174591,120,544.321536963218,-74.7713351986643,-0.339484684971647,-75.110819883636,-102.653499747509,-0.128730559395712,-102.782230306905,0
2,1,130.769,168.921,20,early_warning_zone,6,300,700,15,135,120,557.412805380357,-74.9777636640149,0.548435358624099,-74.4293283053908,-107.674741845527,-1.03403093118433,-108.708772776711,0
2,1,130.769,168.921,20,early_warning_zone,7,400,700,15,116.565051177078,120,595.445409422224,-75.5510638626667,1.48976300120973,-74.0613008614569,-116.882772297064,0.72446011913676,-116.158312177927,0
2,1,130.769,168.921,20,early_warning_zone,8,600,700,15,63.434948822922,120,708.694317461344,-77.0634038434888,1.47725396839735,-75.5861498750915,-131.461972622374,0.392811590895098,-131.069161031479,0
2,1,130.769,168.921,20,early_warning_zone,9,700,700,15,45,120,778.520285928376,-77.8796235037721,-0.204552786776224,-78.0841762905483,-136.985870502767,0.316018125278755,-136.669852377488,0
2,1,130.769,168.921,20,early_warning_zone,10,750,700,15,38.6598082540901,120,815.792213496795,-78.2858159499185,-1.18428273851688,-79.4700986884354,-139.382197118256,-0.0360589165685862,-139.418256034824,0
2,1,130.769,168.921,20,early_warning_zone,11,750,650,15,30.9637565320735,120,784.161358141295,-77.9423335812871,-1.30962093470012,-79.2519545159873,-142.156456303715,-0.0419952864027388,-142.198451590117,0
2,1,130.769,168.921,20,early_warning_zone,12,750,550,15,11.3099324740202,120,727.112945560729,-77.2862623725651,-0.973387337238258,-78.2596497098034,-148.391573681148,0.0404446664346289,-148.351129014714,0
2,1,130.769,168.921,20,early_warning_zone,13,750,450,15,-11.3099324740202,120,680.056935559075,-76.7051303167103,0.884725627472932,-75.8204046892373,-155.585931017492,1.06448176679573,-154.521449250696,0
2,1,130.769,168.921,20,early_warning_zone,14,750,350,15,-30.9637565320735,120,645.183412373567,-76.247888697745,-0.123017177635745,-76.3709058753807,-163.699728635025,-0.172261494009287,-163.871990129034,0
2,1,130.769,168.921,20,early_warning_zone,15,750,300,15,-38.6598082540901,120,632.972144412375,-76.0819167977962,-0.237912280044153,-76.3198290778403,-168.048044714264,0.0643373103232275,-167.983707403941,0
2,1,130.769,168.921,20,early_warning_zone,16,700,300,15,-45,120,584.149497647648,-75.3847049852018,0.80453450105906,-74.5801704841427,-167.032335581192,0.27656459063028,-166.755770990561,0
2,1,130.769,168.921,20,early_warning_zone,17,600,300,15,-63.434948822922,120,487.221136243082,-73.8087472393159,0.765764627833617,-73.0429826114823,-164.392371105979,-0.11820870978684,-164.510579815766,0
2,1,130.769,168.921,20,early_warning_zone,18,400,300,15,-116.565051177078,120,299.486286166829,-69.5817636406297,-1.38070065924046,-70.9624642998702,-154.040196260318,0.197964706507846,-153.842231553811,0
2,1,130.769,168.921,20,early_warning_zone,19,300,300,15,-135,120,214.116406662357,-66.6672237616185,0.232620043862405,-66.4346037177561,-142.240188450101,0.12500939261728,-142.115179057483,0
2,1,130.769,168.921,20,early_warning_zone,20,300,500,15,180,120,371.856740697274,-71.4617380024218,1.24900439008224,-70.2127336123395,-117.073842634522,0.925436713577538,-116.148405920945,0
2,1,130.769,168.921,20,early_warning_zone,21,500,350,15,-90,120,411.273796396026,-72.3368456354958,0.692625121607736,-71.6442205138881,-153.875652452787,-0.468464803376129,-154.344117256163,0
2,1,130.769,168.921,20,early_warning_zone,22,700,500,15,0,120,658.530360425395,-76.4257408776299,-0.17269616441961,-76.5984370420495,-149.816645514288,-0.0813778819977651,-149.898023396286,0
2,1,130.769,168.921,20,early_warning_zone,23,500,650,15,90,120,606.459838408118,-75.7102657516308,0.177553950332452,-75.5327118012984,-127.506453642475,0.659324768277824,-126.847128874198,0
3,2,140.152,172.38,20,early_warning_zone,0,250,300,15,-141.34019174591,120,168.459038059702,-64.5841111630336,-0.648989117126805,-65.2331002801604,-130.719988048709,0.070630545161026,-130.649357503548,0
3,2,140.152,172.38,20,early_warning_zone,1,250,350,15,-149.036243467926,120,208.902961932089,-66.4531167876576,-0.996073080168607,-67.4491898678262,-121.734464771398,-0.559706983985354,-122.294171755384,0
3,2,140.152,172.38,20,early_warning_zone,2,250,450,15,-168.69006752598,120,298.604165248913,-69.5561420628965,-1.33508287584803,-70.8912249387445,-111.587593130771,0.675201245211945,-110.912391885559,0
3,2,140.152,172.38,20,early_warning_zone,3,250,550,15,168.69006752598,120,393.304522608119,-71.9488036420333,-0.0401753478857958,-71.9889789899191,-106.219481525553,-0.178652198911202,-106.398133724465,0
3,2,140.152,172.38,20,early_warning_zone,4,250,650,15,149.036243467926,120,490.114728919668,-73.8601799166177,-1.95155421252199,-75.8117341291397,-102.952240416286,-0.0451019050675887,-102.997342321354,0
3,2,140.152,172.38,20,early_warning_zone,5,250,700,15,141.34019174591,120,538.956814136346,-74.6853041775334,-0.850304945428111,-75.5356091229615,-101.760708542045,-1.5473408017181,-103.308049343763,0
3,2,140.152,172.38,20,early_warning_zone,6,300,700,15,135,120,551.324992635016,-74.882378441026,-1.58927248178821,-76.4716509228142,-106.854733755235,-0.0926327091395127,-106.947366464374,0
3,2,140.152,172.38,20,early_warning_zone,7,400,700,15,116.565051177078,120,588.157162248323,-75.4440926338904,0.0734227147117671,-75.3706699191786,-116.219822369181,-0.0281841310867186,-116.248006500268,0
3,2,140.152,172.38,20,early_warning_zone,8,600,700,15,63.434948822922,120,699.905741871004,-76.955015961899,0.217050053299911,-76.7379659085991,-131.073827321537,-0.894038347045292,-131.967865668583,0
3,2,140.152,172.38,20,early_warning_zone,9,700,700,15,45,120,769.309851427889,-77.7762507112043,1.58915710324721,-76.1870936079571,-136.697510249743,-1.43507165195154,-138.132581901695,0
3,2,140.152,172.38,20,early_warning_zone,10,750,700,15,38.6598082540901,120,806.425723488531,-78.1855122844889,0.399508670758408,-77.7860036137305,-139.134741406249,-0.0681057282200828,-139.202847134469,0
3,2,140.152,172.38,20,early_warning_zone,11,750,650,15,30.9637565320735,120,774.635686954842,-77.836174849654,0.766969944566863,-77.0692049050872,-141.932707121726,-0.913199464237352,-142.845906585964,0
3,2,140.152,172.38,20,early_warning_zone,12,750,550,15,11.3099324740202,120,717.311959682815,-77.1683862712657,1.05495628459367,-76.113429986672,-148.234064551249,-0.829373414450598,-149.063437965699,0
3,2,140.152,172.38,20,early_warning_zone,13,750,450,15,-11.3099324740202,120,670.083910793268,-76.576808640866,0.039833857604631,-76.5369747832613,-155.523634057256,1.38451411592449,-154.139119941332,0
3,2,140.152,172.38,20,early_warning_zone,14,750,350,15,-30.9637565320735,120,635.207405107969,-76.1125358813907,2.37404539469865,-73.7384904866921,-163.761646044455,-0.124229526805298,-163.88587557126,0
3,2,140.152,172.38,20,early_warning_zone,15,750,300,15,-38.6598082540901,120,623.078203361344,-75.9450760132203,-2.43675741320426,-78.3818334264246,-168.180546271702,0.206991292871722,-167.973554978831,0
3,2,140.152,172.38,20,early_warning_zone,16,700,300,15,-45,120,574.231353640673,-75.2359628691723,1.09894208368014,-74.1370207854922,-167.158582754061,-0.877629856502962,-168.036212610564,0
3,2,140.152,172.38,20,early_warning_zone,17,600,300,15,-63.434948822922,120,477.25469877624,-73.6292290922585,-0.74305461692716,-74.3722837091857,-164.489256401282,0.37975099731818,-164.109505403964,0
3,2,140.152,172.38,20,early_warning_zone,18,400,300,15,-116.565051177078,120,289.539025873888,-69.2883670127311,1.47686499749182,-67.8115020152393,-153.842809114383,-0.254236245589719,-154.097045359972,0
3,2,140.152,172.38,20,early_warning_zone,19,300,300,15,-135,120,204.605101363578,-66.2725539873886,0.00573131329087098,-66.2668226740978,-141.396712317573,-0.266267540957217,-141.66297985853,0
3,2,140.152,172.38,20,early_warning_zone,20,300,500,15,180,120,364.569948712178,-71.2898421773113,1.34758740038308,-69.9422547769282,-116.008059226862,-0.447606633444526,-116.455665860307,0
3,2,140.152,172.38,20,early_warning_zone,21,500,350,15,-90,120,401.328353725475,-72.1242217060342,0.197022180556962,-71.9271995254772,-153.729178092408,-1.27336063290444,-155.002538725313,0
3,2,140.152,172.38,20,early_warning_zone,22,700,500,15,0,120,648.683010031864,-76.2948752995104,-0.329093606446664,-76.6239689059571,-149.664061677371,0.037714543187549,-149.626347134183,0
3,2,140.152,172.38,20,early_warning_zone,23,500,650,15,90,120,598.027129404678,-75.5886425569267,-0.514341755167935,-76.1029843120946,-126.995065683427,-0.188753776281638,-127.183819459709,0
4,3,149.535,175.839,20,early_warning_zone,0,250,300,15,-141.34019174591,120,159.794149285886,-64.1254423138452,-0.566441680651684,-64.6918839944969,-128.978088409659,-0.767510434160469,-129.745598843819,1
4,3,149.535,175.839,20,early_warning_zone,1,250,350,15,-149.036243467926,120,201.122525207894,-66.1234390980476,0.409642563020555,-65.7137965350271,-119.978553928656,-0.505938272641407,-120.484492201297,0
4,3,149.535,175.839,20,early_warning_zone,2,250,450,15,-168.69006752598,120,292.031625249732,-69.362822543182,1.59911678046397,-67.763705762718,-110.125120552768,-0.0516926508750271,-110.176813203643,0
4,3,149.535,175.839,20,early_warning_zone,3,250,550,15,168.69006752598,120,387.446344860808,-71.8184561971799,1.03487673347488,-70.783579463705,-105.029836707668,-0.223613991282896,-105.253450698951,0
4,3,149.535,175.839,20,early_warning_zone,4,250,650,15,149.036243467926,120,484.713183383741,-73.7639214734964,1.08719929668786,-72.6767221768086,-101.962879532485,0.256452752972532,-101.706426779512,0
4,3,149.535,175.839,20,early_warning_zone,5,250,700,15,141.34019174591,120,533.725556954134,-74.6005848160453,0.944838615736275,-73.6557462003091,-100.85018985736,0.597382309858705,-100.252807547501,0
4,3,149.535,175.839,20,early_warning_zone,6,300,700,15,135,120,545.352610836329,-74.7877727668335,-0.534971491211396,-75.3227442580449,-106.016588817014,0.600271957924749,-105.416316859089,0
4,3,149.535,175.839,20,early_warning_zone,7,400,700,15,116.565051177078,120,580.949627890405,-75.336994391587,0.119470452951985,-75.2175239386351,-115.540328622011,0.452401934533731,-115.087926687478,0
4,3,149.535,175.839,20,early_warning_zone,8,600,700,15,63.434948822922,120,691.150106811827,-76.8456724236954,-0.289621246957788,-77.1352936706532,-130.675828642934,-0.0236294794520007,-130.699458122386,0
4,3,149.535,175.839,20,early_warning_zone,9,700,700,15,45,120,760.119378878081,-77.6718609302834,0.807454664473133,-76.8644062658102,-136.402169035981,-0.571927211021527,-136.974096247002,0
4,3,149.535,175.839,20,early_warning_zone,10,750,700,15,38.6598082540901,120,797.07463273272,-78.0842045887916,-0.435477100016905,-78.5196816888085,-138.881474466432,-0.436193705239075,-139.317668171671,0
4,3,149.535,175.839,20,early_warning_zone,11,750,650,15,30.9637565320735,120,765.122127601862,-77.7288400761364,0.597329201018903,-77.1315108751175,-141.703389920857,0.457411428047374,-141.245978492809,0
4,3,149.535,175.839,20,early_warning_zone,12,750,550,15,11.3099324740202,120,707.516551146332,-77.04895691215,1.17822752567884,-75.8707293864712,-148.072192595897,0.696036227416809,-147.37615636848,0
4,3,149.535,175.839,20,early_warning_zone,13,750,450,15,-11.3099324740202,120,660.111710353634,-76.4465735779429,-0.74021179360681,-77.1867853715497,-155.459454691907,-0.748989981800996,-156.208444673708,0
4,3,149.535,175.839,20,early_warning_zone,14,750,350,15,-30.9637565320735,120,625.232172993361,-75.9750511883529,0.0924588376775208,-75.8825923506754,-163.825539371634,-1.05743189717855,-164.882971268812,0
4,3,149.535,175.839,20,early_warning_zone,15,750,300,15,-38.6598082540901,120,613.187711998536,-75.8060936983648,0.936667447769683,-74.8694262505952,-168.31732326478,-0.0684432340877235,-168.385766498868,0
4,3,149.535,175.839,20,early_warning_zone,16,700,300,15,-45,120,564.316108352402,-75.0846737811078,-0.648217017545978,-75.7328907986538,-167.289267345613,-0.159033650531453,-167.448300996144,0
4,3,149.535,175.839,20,early_warning_zone,17,600,300,15,-63.434948822922,120,467.289706869304,-73.4459491301262,0.700674478592776,-72.7452746515334,-164.590274637974,-0.478493531022692,-165.068768168997,0
4,3,149.535,175.839,20,early_warning_zone,18,400,300,15,-116.565051177078,120,279.595547435935,-68.9848298538594,1.36649205070476,-67.6183378031547,-153.631375222374,-0.30164681543559,-153.933022037809,0
4,3,149.535,175.839,20,early_warning_zone,19,300,300,15,-135,120,195.142691756571,-65.8612706594418,0.93978910658659,-64.9214815528552,-140.471166730223,0.249631683277417,-140.221535046946,1
4,3,149.535,175.839,20,early_warning_zone,20,300,500,15,180,120,357.414423528206,-71.1176663254542,0.584781424874532,-70.5328849005797,-114.899196356168,0.140558893827368,-114.758637462341,0
4,3,149.535,175.839,20,early_warning_zone,21,500,350,15,-90,120,391.385705086428,-71.9063240243173,-0.534214731516938,-72.4405387558343,-153.575259499238,0.230239271142377,-153.345020228096,0
4,3,149.535,175.839,20,early_warning_zone,22,700,500,15,0,120,638.840410545545,-76.162072436343,1.77387404498725,-74.3881983913557,-149.506774698973,0.1493544100148,-149.357420288958,0
4,3,149.535,175.839,20,early_warning_zone,23,500,650,15,90,120,589.643426272184,-75.4660140563492,0.189689013308342,-75.2763250430409,-126.469091690889,0.230655575861359,-126.238436115028,0
5,4,158.918,179.298,20,early_warning_zone,0,250,300,15,-141.34019174591,120,151.294096143901,-63.6506644572005,-1.13956833688456,-64.7902327940851,-127.038286220647,-0.524077406967709,-127.562363627615,1
5,4,158.918,179.298,20,early_warning_zone,1,250,350,15,-149.036243467926,120,193.546127649199,-65.7899145671809,0.190473089427858,-65.599441477753,-118.083182472138,0.244203648238849,-117.8389788239,0
5,4,158.918,179.298,20,early_warning_zone,2,250,450,15,-168.69006752598,120,285.658018490642,-69.171153220638,-0.257876404642383,-69.4290296252804,-108.596332806775,-0.362646443663642,-108.958979250438,0
5,4,158.918,179.298,20,early_warning_zone,3,250,550,15,168.69006752598,120,381.760269708622,-71.6900394105063,-1.45498916415273,-73.145028574659,-103.804206094256,0.559022838134253,-103.245183256122,0
5,4,158.918,179.298,20,early_warning_zone,4,250,650,15,149.036243467926,120,479.459386734685,-73.6692613453239,-1.00056677319529,-74.6698281185192,-100.951526804572,-0.435277455164618,-101.386804259737,0
5,4,158.918,179.298,20,early_warning_zone,5,250,700,15,141.34019174591,120,528.63172769708,-74.5172893400837,0.648339286660022,-73.8689500534237,-99.9218840600569,0.155853959506439,-99.7660301005505,0
5,4,158.918,179.298,20,early_warning_zone,6,300,700,15,135,120,539.499493538224,-74.6940456606289,-0.892180636084473,-75.5862262967134,-105.160069338823,0.0481539612229365,-105.1119153776,0
5,4,158.918,179.298,20,early_warning_zone,7,400,700,15,116.565051177078,120,573.82584773431,-75.2298269733433,-0.060209408660747,-75.290036382004,-114.84386240334,-0.399000564934465,-115.242862968275,0
5,4,158.918,179.298,20,early_warning_zone,8,600,700,15,63.434948822922,120,682.42868017691,-76.735370243753,-1.0787644058397,-77.8141346495927,-130.267636470648,0.484688554115497,-129.782947916533,0
5,4,158.918,179.298,20,early_warning_zone,9,700,700,15,45,120,750.949601190386,-77.5664406539591,1.64744522238103,-75.9189954315781,-136.099606530774,0.176707899177865,-135.922898631596,0
5,4,158.918,179.298,20,early_warning_zone,10,750,700,15,38.6598082540901,120,787.73948963347,-77.9818771809685,0.100122793969712,-77.8817543869988,-138.622199416416,0.623124179601267,-137.999075236815,0
5,4,158.918,179.298,20,early_warning_zone,11,750,650,15,30.9637565320735,120,755.621137560352,-77.6203067995727,1.30781744784581,-76.3124893517269,-141.468301870308,0.172266025435997,-141.296035844872,0
5,4,158.918,179.298,20,early_warning_zone,12,750,550,15,11.3099324740202,120,697.726954852684,-76.9279348568838,-0.603629798517238,-77.5315646554011,-147.905776696258,0.620987173867579,-147.28478952239,0
5,4,158.918,179.298,20,early_warning_zone,13,750,450,15,-11.3099324740202,120,650.140372172041,-76.3143675448736,-2.62334660218817,-78.9377141470618,-155.393306461295,0.00084286220112658,-155.392463599094,0
5,4,158.918,179.298,20,early_warning_zone,14,750,350,15,-30.9637565320735,120,615.257753732531,-75.8353667455902,-0.0902928937679103,-75.9256596393581,-163.891504567088,0.101685165913879,-163.789819401174,0
5,4,158.918,179.298,20,early_warning_zone,15,750,300,15,-38.6598082540901,120,603.300839986155,-75.6649034340824,0.190653827365693,-75.4742496067167,-168.458584383149,-0.265853202314022,-168.724437585463,0
5,4,158.918,179.298,20,early_warning_zone,16,700,300,15,-45,120,554.403917309393,-74.9307506393173,-1.55762615890715,-76.4883767982245,-167.424626060504,0.386731998233661,-167.037894062271,0
5,4,158.918,179.298,20,early_warning_zone,17,600,300,15,-63.434948822922,120,457.326255017138,-73.2587475315048,0.341005477425213,-72.9177420540796,-164.695695364335,-0.517345112939988,-165.213040477275,0
5,4,158.918,179.298,20,early_warning_zone,18,400,300,15,-116.565051177078,120,269.656269216942,-68.6704352666137,0.618995652882663,-68.051439613731,-153.40434626904,0.0356227251665993,-153.368723543873,0
5,4,158.918,179.298,20,early_warning_zone,19,300,300,15,-135,120,185.736651008895,-65.4321770458452,0.274429853073773,-65.1577471927714,-139.451523122205,-0.80900874939345,-140.260531871599,0
5,4,158.918,179.298,20,early_warning_zone,20,300,500,15,180,120,350.398207084454,-70.9454623403562,-1.38853871061464,-72.3340010509708,-113.745470985171,0.498007627155202,-113.247463358015,0
5,4,158.918,179.298,20,early_warning_zone,21,500,350,15,-90,120,381.446068963884,-71.6828877058915,0.156743362559491,-71.526144343332,-153.413316772721,-0.269384424640825,-153.682701197362,0
5,4,158.918,179.298,20,early_warning_zone,22,700,500,15,0,120,629.002784992245,-76.0272762011371,-0.584044983223846,-76.6113211843609,-149.344566209909,-0.972121094315276,-150.316687304224,0
5,4,158.918,179.298,20,early_warning_zone,23,500,650,15,90,120,581.310849312139,-75.3423934042295,0.245714913293611,-75.0966784909359,-125.927991148102,-0.306382122841639,-126.234373270944,0
6,5,168.3,182.756,20,early_warning_zone,0,250,300,15,-141.34019174591,120,142.989669333137,-63.1603180711305,1.69131999696373,-61.4689980741668,-124.870224888912,0.42618320321836,-124.444041685694,1
6,5,168.3,182.756,20,early_warning_zone,1,250,350,15,-149.036243467926,120,186.200014865735,-65.4538190605979,0.900975439390041,-64.5528436212079,-116.035870340742,0.393873542347885,-115.641996798394,1
6,5,168.3,182.756,20,early_warning_zone,2,250,450,15,-168.69006752598,120,279.49820309977,-68.9818052370807,0.40051817888408,-68.5812870581966,-106.999080389116,0.0986290362552278,-106.90045135286,0
6,5,168.3,182.756,20,early_warning_zone,3,250,550,15,168.69006752598,120,376.255293033866,-71.5638771973256,-0.139522277722481,-71.7033994750481,-102.542220678582,0.400924535139916,-102.141296143442,0
6,5,168.3,182.756,20,early_warning_zone,4,250,650,15,149.036243467926,120,474.359405446967,-73.5763751553224,1.21727298923488,-72.3591021660875,-99.918190283483,0.312670466428043,-99.605519817055,0
6,5,168.3,182.756,20,early_warning_zone,5,250,700,15,141.34019174591,120,523.680480384748,-74.4355525612906,-0.561399394562549,-74.9969519558532,-98.9758575148951,0.364025712984295,-98.6118318019108,0
6,5,168.3,182.756,20,early_warning_zone,6,300,700,15,135,120,533.77077995709,-74.6013207474007,-1.05445876454125,-75.6557795119419,-104.285037487494,-1.44409103642384,-105.729128523918,0
6,5,168.3,182.756,20,early_warning_zone,7,400,700,15,116.565051177078,120,566.790301201423,-75.1226730358626,-0.225950421856408,-75.348623457719,-114.130044386393,0.0337458587087102,-114.096298527684,0
6,5,168.3,182.756,20,early_warning_zone,8,600,700,15,63.434948822922,120,673.744198888569,-76.6241256106986,-1.58319487105274,-78.2073204817513,-129.848907983011,0.523794952826996,-129.325113030184,0
6,5,168.3,182.756,20,early_warning_zone,9,700,700,15,45,120,741.802699871064,-77.4599930273752,3.32547806426739,-74.1345149631078,-135.789570613122,-0.498455510063872,-136.288026123186,0
6,5,168.3,182.756,20,early_warning_zone,10,750,700,15,38.6598082540901,120,778.422279701705,-77.8785299871728,-1.43950424776529,-79.3180342349381,-138.356704811009,0.22003686023034,-138.136667950778,0
6,5,168.3,182.756,20,early_warning_zone,11,750,650,15,30.9637565320735,120,746.134602827131,-77.5105684612164,-0.896089709597455,-78.4066581708139,-141.22721879878,-0.269202948543611,-141.496421747323,0
6,5,168.3,182.756,20,early_warning_zone,12,750,550,15,11.3099324740202,120,687.94479832033,-76.8052966586315,-0.81321267360167,-77.6185093322332,-147.734599763127,-0.597812971045615,-148.332412734173,0
6,5,168.3,182.756,20,early_warning_zone,13,750,450,15,-11.3099324740202,120,640.171262660235,-76.1801483288572,0.164645756709505,-76.0155025721477,-155.325053572842,-0.551801729869706,-155.876855302712,0
6,5,168.3,182.756,20,early_warning_zone,14,750,350,15,-30.9637565320735,120,605.285424850128,-75.6934291605462,1.85973257411701,-73.8336965864292,-163.959579064339,-0.299396189302224,-164.258975253641,0
6,5,168.3,182.756,20,early_warning_zone,15,750,300,15,-38.6598082540901,120,593.418946054135,-75.5214529921975,0.906634829440531,-74.614818162757,-168.604476434745,0.0813875884144588,-168.523088846331,0
6,5,168.3,182.756,20,early_warning_zone,16,700,300,15,-45,120,544.496139137827,-74.7741209271945,0.389506456787059,-74.3846144704074,-167.564832531555,0.178761059883128,-167.386071471672,0
6,5,168.3,182.756,20,early_warning_zone,17,600,300,15,-63.434948822922,120,447.365673175759,-73.0674779778446,-1.3914271342503,-74.4589051120949,-164.805721991458,-0.661185595032183,-165.46690758649,0
6,5,168.3,182.756,20,early_warning_zone,18,400,300,15,-116.565051177078,120,259.723016954601,-68.3444336145291,0.293397672101969,-68.0510359424271,-153.159841518461,-0.138051113182161,-153.297892631644,0
6,5,168.3,182.756,20,early_warning_zone,19,300,300,15,-135,120,176.397407962816,-64.9840688179807,-0.947842866885429,-65.9319116848661,-138.323392743616,0.36779048506979,-137.955602258546,0
6,5,168.3,182.756,20,early_warning_zone,20,300,500,15,180,120,343.531142017722,-70.7735470969851,-0.0464706414999289,-70.820017738485,-112.545188736052,-0.152153935922221,-112.697342671974,0
6,5,168.3,182.756,20,early_warning_zone,21,500,350,15,-90,120,371.511030167342,-71.4536590841693,-0.143612264490219,-71.5972713486595,-153.242640164307,-0.401926249674647,-153.644566413982,0
6,5,168.3,182.756,20,early_warning_zone,22,700,500,15,0,120,619.171741551567,-75.890447380485,0.117517980238938,-75.772929400246,-149.177172221543,-0.444700989177505,-149.62187321072,0
6,5,168.3,182.756,20,early_warning_zone,23,500,650,15,90,120,573.033023076332,-75.2178178434428,1.74369553330653,-73.4741223101363,-125.371226456501,-0.75086869022744,-126.122095146729,0
7,6,177.683,186.215,20,early_warning_zone,0,250,300,15,-141.34019174591,120,134.913952999681,-62.6553621816219,2.21462611679564,-60.4407360648263,-122.438337378314,0.518621164359705,-121.919716213954,1
7,6,177.683,186.215,20,early_warning_zone,1,250,350,15,-149.036243467926,120,179.109672307221,-65.1166056205851,-0.0505001257764381,-65.1671057463616,-113.823192243426,0.0746716838892315,-113.748520559537,0
7,6,177.683,186.215,20,early_warning_zone,2,250,450,15,-168.69006752598,120,273.564023062244,-68.7954044720279,-0.44585516647742,-69.2412596385053,-105.331033243305,0.344301677248086,-104.986731566057,0
7,6,177.683,186.215,20,early_warning_zone,3,250,550,15,168.69006752598,120,370.937022571218,-71.4402284674242,0.991043022246631,-70.4491854451776,-101.243282802496,-0.388904427027937,-101.632187229524,0
7,6,177.683,186.215,20,early_warning_zone,4,250,650,15,149.036243467926,120,469.415886729454,-73.4853805063427,-0.242926824310904,-73.7283073306536,-98.8626405733775,0.232736099397746,-98.6299044739797,0
7,6,177.683,186.215,20,early_warning_zone,5,250,700,15,141.34019174591,120,518.873563321548,-74.3554557121486,-0.862500644511653,-75.2179563566603,-98.0119444182196,0.776675161200817,-97.2352692570188,0
7,6,177.683,186.215,20,early_warning_zone,6,300,700,15,135,120,528.168036437269,-74.5096671367032,0.690555896664796,-73.8191112400384,-103.391150926751,0.351614881487682,-103.039536045263,0
7,6,177.683,186.215,20,early_warning_zone,7,400,700,15,116.565051177078,120,559.84361630191,-75.015559443571,-0.0411916614594601,-75.0567511050305,-113.398344659982,-0.189747595330136,-113.588092255312,0
7,6,177.683,186.215,20,early_warning_zone,8,600,700,15,63.434948822922,120,665.095237326204,-76.5119015924381,-0.555062220929693,-77.0669638133678,-129.419255013318,0.0766145776276869,-129.342640435691,0
7,6,177.683,186.215,20,early_warning_zone,9,700,700,15,45,120,732.676650859027,-77.3524718651034,-0.48242717774769,-77.8348990428511,-135.47180349193,-0.49102092854659,-135.962824420477,0
7,6,177.683,186.215,20,early_warning_zone,10,750,700,15,38.6598082540901,120,769.12078031607,-77.7741157422491,-0.274874520322291,-78.0489902625714,-138.08478902235,0.570801059892493,-137.513987962458,0
7,6,177.683,186.215,20,early_warning_zone,11,750,650,15,30.9637565320735,120,736.660216595141,-77.3995691617021,1.30194830390827,-76.0976208577938,-140.979942093644,-0.397684771141396,-141.377626864785,0
7,6,177.683,186.215,20,early_warning_zone,12,750,550,15,11.3099324740202,120,678.167586009535,-76.6809653984668,0.670443949432582,-76.0105214490343,-147.558511889703,0.00244444602365073,-147.556067443679,0
7,6,177.683,186.215,20,early_warning_zone,13,750,450,15,-11.3099324740202,120,630.201773017182,-76.0438172480116,0.479185495873141,-75.5646317521384,-155.254685796315,-1.21386694429933,-156.468552740614,0
7,6,177.683,186.215,20,early_warning_zone,14,750,350,15,-30.9637565320735,120,595.312753696744,-75.5491285696209,-0.510672420024938,-76.0598009896458,-164.030000354151,-0.632907149888916,-164.66290750404,0
7,6,177.683,186.215,20,early_warning_zone,15,750,300,15,-38.6598082540901,120,583.539865573895,-75.3756354542797,-0.184031927380823,-75.5596673816606,-168.755386192201,1.04217058335415,-167.713215608846,0
7,6,177.683,186.215,20,early_warning_zone,16,700,300,15,-45,120,534.590567363473,-74.6146506649495,-1.97643884734223,-76.5910895122917,-167.71031747272,-0.0302522300581268,-167.740569702778,0
7,6,177.683,186.215,20,early_warning_zone,17,600,300,15,-63.434948822922,120,437.405618064057,-72.8719119710697,-0.0798866736760536,-72.9517986447458,-164.920852262098,-0.178834183895876,-165.099686445994,0
7,6,177.683,186.215,20,early_warning_zone,18,400,300,15,-116.565051177078,120,249.793664279141,-68.0058532104706,-0.251788709635475,-68.2576419201061,-152.895988199273,-0.275271635180233,-153.171259834453,0
7,6,177.683,186.215,20,early_warning_zone,19,300,300,15,-135,120,167.133104781788,-64.5154744544915,0.159987954841104,-64.3554864996504,-137.069592657945,0.887581118421353,-136.182011539524,1
7,6,177.683,186.215,20,early_warning_zone,20,300,500,15,180,120,336.819647161504,-70.6021731656633,-1.34347950111946,-71.9456526667827,-111.296408370458,1.0624561545994,-110.233952215859,0
7,6,177.683,186.215,20,early_warning_zone,21,500,350,15,-90,120,361.57817234175,-71.2182689385698,-0.61834297710648,-71.8366119156763,-153.062653646853,-0.161516375965592,-153.224170022819,0
7,6,177.683,186.215,20,early_warning_zone,22,700,500,15,0,120,609.344791324255,-75.7514868969673,0.851375758954535,-74.9001111380128,-149.004410153229,0.522651737767524,-148.481758415462,0
7,6,177.683,186.215,20,early_warning_zone,23,500,650,15,90,120,564.809503030889,-75.0922647381367,-0.679548233907293,-75.771812972044,-124.798169664451,-0.291644110397884,-125.089813774849,0
8,7,187.066,189.674,20,early_warning_zone,0,250,300,15,-141.34019174591,120,127.112212757075,-62.1379704130859,1.03764063122803,-61.1003297818579,-119.702022129505,0.895391950353139,-118.806630179152,1
8,7,187.066,189.674,20,early_warning_zone,1,250,350,15,-149.036243467926,120,172.308196647751,-64.7803435781107,1.09962893513586,-63.6807146429748,-111.431879200844,-0.033211144251973,-111.465090345096,1
8,7,187.066,189.674,20,early_warning_zone,2,250,450,15,-168.69006752598,120,267.871825005916,-68.6127655649297,-0.140570393032278,-68.753335957962,-103.590541709319,-0.562587885593665,-104.153129594913,0
8,7,187.066,189.674,20,early_warning_zone,3,250,550,15,168.69006752598,120,365.814863875158,-71.3194517913108,1.778610441263,-69.5408413500478,-99.9072595211578,0.204176072307397,-99.7030834488504,0
8,7,187.066,189.674,20,early_warning_zone,4,250,650,15,149.036243467926,120,464.635033797496,-73.3964638901935,0.47071446013776,-72.9257494300557,-97.7849940952212,-0.0703331912385078,-97.8553272864597,0
8,7,187.066,189.674,20,early_warning_zone,5,250,700,15,141.34019174591,120,514.216213894506,-74.2771401618897,0.370805631060524,-73.9063345308291,-97.0302868985771,-0.620890073504351,-97.6511769720815,0
8,7,187.066,189.674,20,early_warning_zone,6,300,700,15,135,120,522.696579893154,-74.4192180028835,-0.946106677839133,-75.3653246807226,-102.478322585079,-0.0178131177746597,-102.496135702853,0
8,7,187.066,189.674,20,early_warning_zone,7,400,700,15,116.565051177078,120,552.990519477504,-74.9085785498776,-1.15439225387489,-76.0629708037525,-112.64838298987,0.511588443943479,-112.136794545926,0
8,7,187.066,189.674,20,early_warning_zone,8,600,700,15,63.434948822922,120,656.484664430175,-76.3987165415649,-0.488550292107696,-76.8872668336726,-128.978305238291,0.084008161562852,-128.894297076728,0
8,7,187.066,189.674,20,early_warning_zone,9,700,700,15,45,120,723.573710572738,-77.2438804214094,1.01005375342843,-76.2338266679809,-135.146030402257,0.205312558451155,-134.940717843806,0
8,7,187.066,189.674,20,early_warning_zone,10,750,700,15,38.6598082540901,120,759.837031627177,-77.6686339468354,-0.245292322749818,-77.9139262695852,-137.806221968029,0.453186302433629,-137.353035665595,0
8,7,187.066,189.674,20,early_warning_zone,11,750,650,15,30.9637565320735,120,727.199913800875,-77.2873012089227,0.599626252118795,-76.6876749568039,-140.726226503971,-0.123316935238629,-140.849543439209,0
8,7,187.066,189.674,20,early_warning_zone,12,750,550,15,11.3099324740202,120,668.39697383516,-76.5549143334148,0.895621498244975,-75.6592928351699,-147.377273879175,0.429127790450715,-146.948146088724,0
8,7,187.066,189.674,20,early_warning_zone,13,750,450,15,-11.3099324740202,120,620.233274366992,-75.905326066658,0.790104296510358,-75.1152217701476,-155.182055834791,0.298469658241318,-154.88358617655,0
8,7,187.066,189.674,20,early_warning_zone,14,750,350,15,-30.9637565320735,120,585.341024217507,-75.4024040972069,-2.06889397338053,-77.4712980705874,-164.102821291183,-0.689918423648811,-164.792739714832,0
8,7,187.066,189.674,20,early_warning_zone,15,750,300,15,-38.6598082540901,120,573.664984666138,-75.227391679175,0.260039405394642,-74.9673522737804,-168.911492877419,0.0308831054979112,-168.880609771921,0
8,7,187.066,189.674,20,early_warning_zone,16,700,300,15,-45,120,524.688588242588,-74.4522572057854,0.107571376969897,-74.3446858288155,-167.861295126978,0.837256069700283,-167.024039057277,0
8,7,187.066,189.674,20,early_warning_zone,17,600,300,15,-63.434948822922,120,427.447440783075,-72.6718792585013,-0.804387795460552,-73.4762670539619,-165.041348108483,-0.169522914028289,-165.210871022511,0
8,7,187.066,189.674,20,early_warning_zone,18,400,300,15,-116.565051177078,120,239.870203718594,-67.653750913699,-0.225672127701519,-67.8794230414005,-152.610287804926,0.0547304643471075,-152.555557340579,0
8,7,187.066,189.674,20,early_warning_zone,19,300,300,15,-135,120,157.958585179787,-64.0250895371729,1.05186829916098,-62.9732212380119,-135.669267207565,-0.257815144575484,-135.92708235214,1
8,7,187.066,189.674,20,early_warning_zone,20,300,500,15,180,120,330.274604885086,-70.4317284677772,-0.293075676540305,-70.7248041443175,-109.997484859581,-0.310485958197381,-110.307970817778,0
8,7,187.066,189.674,20,early_warning_zone,21,500,350,15,-90,120,351.649135690677,-70.9764159204232,1.05168366369794,-69.9247322567252,-152.872499069283,0.234497469287935,-152.638001599995,0
8,7,187.066,189.674,20,early_warning_zone,22,700,500,15,0,120,599.523573041127,-75.6103501155537,-0.0444584052508532,-75.6548085208045,-148.825985753101,0.165710147228857,-148.660275605873,0
8,7,187.066,189.674,20,early_warning_zone,23,500,650,15,90,120,556.644154403871,-74.9657778879687,-0.218891271299688,-75.1846691592684,-124.208238848683,-0.675310692496021,-124.88354954118,0
9,8,196.449,193.133,20,early_warning_zone,0,250,300,15,-141.34019174591,120,119.638059537925,-61.6116120423127,-0.119919107557901,-61.7315311498706,-116.615426262534,-0.287291669555611,-116.90271793209,1
9,8,196.449,193.133,20,early_warning_zone,1,250,350,15,-149.036243467926,120,165.831134863149,-64.4475462909453,-0.0143645551827241,-64.461910846128,-108.848794518177,0.546953515505125,-108.301841002672,1
9,8,196.449,193.133,20,early_warning_zone,2,250,450,15,-168.69006752598,120,262.437354982098,-68.434737874216,-1.33328751592078,-69.7680253901368,-101.776207385002,-0.686933981968586,-102.46314136697,0
9,8,196.449,193.133,20,early_warning_zone,3,250,550,15,168.69006752598,120,360.897167195865,-71.2018942971993,1.07749710627102,-70.1243971909283,-98.5340551351079,0.140416753795349,-98.3936383813126,0
9,8,196.449,193.133,20,early_warning_zone,4,250,650,15,149.036243467926,120,460.021918271293,-73.3097953268854,-1.2787713666651,-74.5885666935505,-96.6853360745237,0.309404703579078,-96.3759313709446,0
9,8,196.449,193.133,20,early_warning_zone,5,250,700,15,141.34019174591,120,509.712532011917,-74.2007310636565,1.14633137508705,-73.0543996885694,-96.0309826535391,-0.524090625108463,-96.5550732786476,0
9,8,196.449,193.133,20,early_warning_zone,6,300,700,15,135,120,517.360575701319,-74.3300914583824,0.249511008998925,-74.0805804493835,-101.546422187632,-0.534502101574619,-102.080924289207,0
9,8,196.449,193.133,20,early_warning_zone,7,400,700,15,116.565051177078,120,546.234533227258,-74.8018078940615,-0.411565070784273,-75.2133729648458,-111.879733851589,-0.314323965322553,-112.194057816912,0
9,8,196.449,193.133,20,early_warning_zone,8,600,700,15,63.434948822922,120,647.914010722102,-76.2845722619242,0.391373781930486,-75.8931984799937,-128.525661536527,0.754120294678955,-127.771541241849,0
9,8,196.449,193.133,20,early_warning_zone,9,700,700,15,45,120,714.49476225512,-77.1342058233769,0.346176173299985,-76.7880296500769,-134.811966807026,0.644331518533503,-134.167635288493,0
9,8,196.449,193.133,20,early_warning_zone,10,750,700,15,38.6598082540901,120,750.571692305272,-77.5620684549729,-0.386142413160694,-77.9482108681336,-137.520770250129,-0.526141199393995,-138.046911449523,0
9,8,196.449,193.133,20,early_warning_zone,11,750,650,15,30.9637565320735,120,717.754251321439,-77.1737403050422,-0.413561180321015,-77.5873014853632,-140.465827567565,0.959285291981655,-139.506542275584,0
9,8,196.449,193.133,20,early_warning_zone,12,750,550,15,11.3099324740202,120,658.633255529965,-76.4270979383831,0.0625757287902746,-76.3645222095928,-147.190660226576,0.212966452267953,-146.977693774308,0
9,8,196.449,193.133,20,early_warning_zone,13,750,450,15,-11.3099324740202,120,610.265815272329,-75.76460569709,-0.873508420164309,-76.6381141172543,-155.107053064095,-0.264814907540255,-155.371867971635,0
9,8,196.449,193.133,20,early_warning_zone,14,750,350,15,-30.9637565320735,120,575.37028537282,-75.2531734197346,0.623652038924943,-74.6295213808096,-164.178166407739,0.1680174116562,-164.010148996082,0
9,8,196.449,193.133,20,early_warning_zone,15,750,300,15,-38.6598082540901,120,563.794523997883,-75.0766419013733,0.153317803603872,-74.9233240977694,-169.073067203895,0.239309239390827,-168.833757964505,0
9,8,196.449,193.133,20,early_warning_zone,16,700,300,15,-45,120,514.790409088981,-74.2868337760923,2.23535422898679,-72.0514795471055,-168.018080320637,-0.247831174383671,-168.265911495021,0
9,8,196.449,193.133,20,early_warning_zone,17,600,300,15,-63.434948822922,120,417.491275705253,-72.4671729239105,-1.30549489868582,-73.7726678225963,-165.167592424029,-0.74846103570049,-165.916053459729,0
9,8,196.449,193.133,20,early_warning_zone,18,400,300,15,-116.565051177078,120,229.953398083177,-67.2870214671076,-1.60458269878853,-68.8916041658962,-152.299925892942,0.0551351900135045,-152.244790702928,0
9,8,196.449,193.133,20,early_warning_zone,19,300,300,15,-135,120,148.890447275841,-63.5115615255449,-1.93300880734516,-65.4445703328901,-134.097144355505,-0.0257420956568129,-134.122886451161,0
9,8,196.449,193.133,20,early_warning_zone,20,300,500,15,180,120,323.906105669529,-70.2626075260561,-0.947436651004712,-71.2100441770608,-108.646754134159,-0.508024354406732,-109.154778488566,0
9,8,196.449,193.133,20,early_warning_zone,21,500,350,15,-90,120,341.724253294963,-70.7277408982599,-0.694365147569501,-71.4221060458294,-152.671294310565,0.0322788803058952,-152.639015430259,0
9,8,196.449,193.133,20,early_warning_zone,22,700,500,15,0,120,589.708373087919,-75.4669707189408,1.64984260029821,-73.8171281186426,-148.641619643419,0.666091688968738,-147.97552795445,0
9,8,196.449,193.133,20,early_warning_zone,23,500,650,15,90,120,548.539574953348,-74.8383841475188,1.78257034959175,-73.0558137979271,-123.600808343043,0.643254184533902,-122.957554158509,0
10,9,205.832,196.591,20,early_warning_zone,0,250,300,15,-141.34019174591,120,112.557689675117,-61.0817282406683,0.298034161056693,-60.7836940796116,-113.128272724622,1.04429771069009,-112.083975013932,1
10,9,205.832,196.591,20,early_warning_zone,1,250,350,15,-149.036243467926,120,159.718920310025,-64.1213521488024,-0.70560339219876,-64.8269555410012,-106.061643860789,0.354667354007544,-105.706976506781,1
10,9,205.832,196.591,20,early_warning_zone,2,250,450,15,-168.69006752598,120,257.277930466257,-68.2622755069193,-1.350621585384,-69.6128970923033,-99.8870647801416,-0.916309473843196,-100.803374253985,0
10,9,205.832,196.591,20,early_warning_zone,3,250,550,15,168.69006752598,120,356.193393404482,-71.0879420343293,0.118633935578971,-70.9693080987504,-97.1237193600503,0.00779067147708419,-97.1159286885732,0
10,9,205.832,196.591,20,early_warning_zone,4,250,650,15,149.036243467926,120,455.58263082014,-73.2255679973882,-1.285908230578,-74.5114762279662,-95.5638078913013,0.156464085453477,-95.4073438058478,0
10,9,205.832,196.591,20,early_warning_zone,5,250,700,15,141.34019174591,120,505.367622137588,-74.126373116681,1.01053941784976,-73.1158336988312,-95.0141659389519,-0.194815064422861,-95.2089810033748,0
10,9,205.832,196.591,20,early_warning_zone,6,300,700,15,135,120,512.165240430274,-74.2424268439566,0.0479276982951281,-74.1944991456615,-100.595333747538,1.08672417353268,-99.508609574005,0
10,9,205.832,196.591,20,early_warning_zone,7,400,700,15,116.565051177078,120,539.580238245435,-74.6953455453295,0.74020495910402,-73.9551405862255,-111.091938956456,0.33156140887535,-110.760377547581,0
10,9,205.832,196.591,20,early_warning_zone,8,600,700,15,63.434948822922,120,639.385668829854,-76.1694827898718,-2.47603627073756,-78.6455190606094,-128.06085604014,-0.266733043243028,-128.327589083383,0
10,9,205.832,196.591,20,early_warning_zone,9,700,700,15,45,120,705.441445837286,-77.0234442660576,0.0195108573843311,-77.0039334086733,-134.469258859823,0.717704133950913,-133.751554725872,0
10,9,205.832,196.591,20,early_warning_zone,10,750,700,15,38.6598082540901,120,741.326131675526,-77.4544110188458,1.73817723149121,-75.7162337873546,-137.228133422722,0.544403487455658,-136.683729935266,0
10,9,205.832,196.591,20,early_warning_zone,11,750,650,15,30.9637565320735,120,708.324454967496,-77.058869556522,0.664752757736589,-76.3941167987854,-140.198426731121,1.20725759426308,-138.991169136858,0
10,9,205.832,196.591,20,early_warning_zone,12,750,550,15,11.3099324740202,120,648.877286938755,-76.2974762850508,1.26594255400933,-75.0315337310414,-146.998358249984,0.51074450115775,-146.487613748827,0
10,9,205.832,196.591,20,early_warning_zone,13,750,450,15,-11.3099324740202,120,600.299869652659,-75.6215898153214,1.13690303604478,-74.4846867792766,-155.029473017887,-0.128824728724822,-155.158297746612,0
10,9,205.832,196.591,20,early_warning_zone,14,750,350,15,-30.9637565320735,120,565.400860898708,-75.1013541427451,1.49510183817369,-73.6062523045714,-164.256071447977,-0.331012621845593,-164.587084069823,0
10,9,205.832,196.591,20,early_warning_zone,15,750,300,15,-38.6598082540901,120,553.928906543972,-74.9233054184429,0.562603208651195,-74.3607022097917,-169.240297216956,0.335164565998519,-168.905132650957,0
10,9,205.832,196.591,20,early_warning_zone,16,700,300,15,-45,120,504.896458202075,-74.1182713177125,-0.0661810391547648,-74.1844523568672,-168.180901146454,0.254308185790832,-167.926592960663,0
10,9,205.832,196.591,20,early_warning_zone,17,600,300,15,-63.434948822922,120,407.537524045333,-72.257576886454,-1.40441112278458,-73.6619880092386,-165.299869305154,-0.417487195167653,-165.717356500321,0
10,9,205.832,196.591,20,early_warning_zone,18,400,300,15,-116.565051177078,120,220.044617077992,-66.9044398130549,-0.121134954865515,-67.0255747679205,-151.961356219655,0.159255269968214,-151.802100949687,0
10,9,205.832,196.591,20,early_warning_zone,19,300,300,15,-135,120,139.95011077166,-62.9736897652313,-0.477400199503906,-63.4510899647352,-132.322134068486,-0.402225336355516,-132.724359404842,1
10,9,205.832,196.591,20,early_warning_zone,20,300,500,15,180,120,317.725720559416,-70.0952723001099,-0.285015318367868,-70.3802876184778,-107.242593866152,-0.280103167685743,-107.522697033838,0
10,9,205.832,196.591,20,early_warning_zone,21,500,350,15,-90,120,331.804360286299,-70.4718666112079,0.869671388352511,-69.6021952228554,-152.457899629314,0.662000611575117,-151.795899017739,0
10,9,205.832,196.591,20,early_warning_zone,22,700,500,15,0,120,579.900020266425,-75.3212873127521,0.641560622416599,-74.6797266903355,-148.450929815364,-0.211530127305113,-148.662459942669,0
10,9,205.832,196.591,20,early_warning_zone,23,500,650,15,90,120,540.499337192008,-74.7101281486207,0.561972797358627,-74.1481553512621,-122.975172862956,-0.0309346106041753,-123.00610747356,0
11,10,215.214,200.05,20,early_warning_zone,0,250,300,15,-141.34019174591,120,105.948422810347,-60.556114754581,0.620840893112647,-59.9352738614684,-109.18963507888,0.347686831236576,-108.841948247644,1
11,10,215.214,200.05,20,early_warning_zone,1,250,350,15,-149.036243467926,120,154.013208186831,-63.805384185595,0.807390682390333,-62.9979935032047,-103.060680879781,0.00137632667400583,-103.059304553107,1
11,10,215.214,200.05,20,early_warning_zone,2,250,450,15,-168.69006752598,120,252.40853451498,-68.0963055406105,0.740765566307825,-67.3555399743027,-97.923066865993,0.843592363946709,-97.0794745020463,0
11,10,215.214,200.05,20,early_warning_zone,3,250,550,15,168.69006752598,120,351.71020499269,-70.9779242283057,0.634823023256444,-70.3431012050492,-95.6767112826571,-0.357232572814057,-96.0339438554712,0
11,10,215.214,200.05,20,early_warning_zone,4,250,650,15,149.036243467926,120,451.320361047449,-73.143923372177,-0.519315552944213,-73.6632389251212,-94.4207896204681,-0.903130914226813,-95.3239205346949,0
11,10,215.214,200.05,20,early_warning_zone,5,250,700,15,141.34019174591,120,501.183667227894,-74.0541630260703,1.57071430471918,-72.4834487213511,-93.9801659333315,0.697462504688813,-93.2827034286426,0
11,10,215.214,200.05,20,early_warning_zone,6,300,700,15,135,120,507.113072495671,-74.1563209552491,0.822935977651091,-73.333384977598,-99.6251543463529,0.193985327189785,-99.4311690191631,0
11,10,215.214,200.05,20,early_warning_zone,7,400,700,15,116.565051177078,120,533.029894373665,-74.5892561666378,0.0298981452654778,-74.5593580213723,-110.284764200721,0.0938319686595165,-110.190932232061,0
11,10,215.214,200.05,20,early_warning_zone,8,600,700,15,63.434948822922,120,630.900363208011,-76.0534403828016,-1.20127138543844,-77.25471176824,-127.583642455477,-0.225573554947019,-127.809216010424,0
11,10,215.214,200.05,20,early_warning_zone,9,700,700,15,45,120,696.414006389877,-76.9115747768963,-1.98462984836898,-78.8962046252653,-134.117769092824,0.123889538334569,-133.993879554489,0
11,10,215.214,200.05,20,early_warning_zone,10,750,700,15,38.6598082540901,120,732.10044959418,-77.3456383054412,-0.0606301724872058,-77.4062684779284,-136.928223421939,-0.427112433271625,-137.35533585521,0
11,10,215.214,200.05,20,early_warning_zone,11,750,650,15,30.9637565320735,120,698.910629691665,-76.9426577479103,0.161684510387902,-76.7809732375224,-139.923931433118,0.0614859492149405,-139.862445483903,0
11,10,215.214,200.05,20,early_warning_zone,12,750,550,15,11.3099324740202,120,639.129148369874,-76.1659973262617,-0.757039300034354,-76.923036626296,-146.800311490696,0.386591280350132,-146.413720210346,0
11,10,215.214,200.05,20,early_warning_zone,13,750,450,15,-11.3099324740202,120,590.3355556766,-75.4762036621023,-1.58893543530553,-77.0651390974078,-154.949402574206,-0.792374155102819,-155.741776729309,0
11,10,215.214,200.05,20,early_warning_zone,14,750,350,15,-30.9637565320735,120,555.43322577606,-74.946861944231,-1.51877053237646,-76.4656324766075,-164.336900364231,0.453604134161219,-163.88329623007,0
11,10,215.214,200.05,20,early_warning_zone,15,750,300,15,-38.6598082540901,120,544.068992220656,-74.7673043370515,0.035872131888728,-74.7314322051628,-169.413713895259,-0.176111649303689,-169.589825544563,0
11,10,215.214,200.05,20,early_warning_zone,16,700,300,15,-45,120,495.007543675851,-73.9464611826745,0.161559002122622,-73.7849021805518,-168.350366748398,0.11956937230288,-168.230797376095,0
11,10,215.214,200.05,20,early_warning_zone,17,600,300,15,-63.434948822922,120,397.586805988328,-72.0428641102296,-1.82782906283638,-73.870693173066,-165.438945401336,1.32326087711684,-164.115684524219,0
11,10,215.214,200.05,20,early_warning_zone,18,400,300,15,-116.565051177078,120,210.144874541351,-66.5046008737565,1.29119303857472,-65.2134078351818,-151.591223737439,0.215187889764736,-151.376035847675,0
11,10,215.214,200.05,20,early_warning_zone,19,300,300,15,-135,120,131.162754987839,-62.4104354375228,-0.090504136197767,-62.5009395737205,-130.307413381231,-0.884357859560705,-131.191771240792,1
11,10,215.214,200.05,20,early_warning_zone,20,300,500,15,180,120,311.742952279598,-69.9301577134472,1.41422969141999,-68.5159280220272,-105.783852682159,0.433861878438935,-105.34999080372,0
11,10,215.214,200.05,20,early_warning_zone,21,500,350,15,-90,120,321.889838758542,-70.2083701808834,1.00100605347713,-69.2073641274063,-152.231592872909,0.59359904137469,-151.637993831534,0
11,10,215.214,200.05,20,early_warning_zone,22,700,500,15,0,120,570.098647863683,-75.1732250535066,0.477435270648421,-74.6957897828582,-148.2538185316,-0.192030736558813,-148.445849268158,0
11,10,215.214,200.05,20,early_warning_zone,23,500,650,15,90,120,532.525180903213,-74.5810278057905,-0.940908921495048,-75.5219367272855,-122.330869343643,0.207866352109757,-122.123002991533,0
12,11,224.597,203.509,20,early_warning_zone,0,250,300,15,-141.34019174591,120,99.9040814481571,-60.0458894564504,-0.925886566287973,-60.9717760227384,-104.749466773443,0.20407993771472,-104.545386835729,1
12,11,224.597,203.509,20,early_warning_zone,1,250,350,15,-149.036243467926,120,148.761303738573,-63.5040243511204,1.26909053844817,-62.2349338126723,-99.8378268230423,-0.30350229507102,-100.141329118113,1
12,11,224.597,203.509,20,early_warning_zone,2,250,450,15,-168.69006752598,120,247.84697998967,-67.9378974623146,0.109273535357458,-67.8286239269571,-95.8840458569688,0.716712827285814,-95.167333029683,0
12,11,224.597,203.509,20,early_warning_zone,3,250,550,15,168.69006752598,120,347.456940483278,-70.8722446576921,-0.567260589331122,-71.4395052470233,-94.1931400119041,-0.096668400149708,-94.2898084120538,0
12,11,224.597,203.509,20,early_warning_zone,4,250,650,15,149.036243467926,120,447.241014990799,-73.0650573224698,0.869602778550843,-72.1954545439189,-93.2563192881433,0.697342696091242,-92.558976592052,0
12,11,224.597,203.509,20,early_warning_zone,5,250,700,15,141.34019174591,120,497.16559161913,-73.9842461118608,-0.541438927706562,-74.5256850395674,-92.9289888249719,-0.0089650455124569,-92.9379538704843,0
12,11,224.597,203.509,20,early_warning_zone,6,300,700,15,135,120,502.209045607504,-74.0719154502786,0.414658714170744,-73.6572567361078,-98.635625045148,0.209141756561239,-98.4264832885867,0
12,11,224.597,203.509,20,early_warning_zone,7,400,700,15,116.565051177078,120,526.58762375316,-74.4836377899114,1.07690774840787,-73.4067300415036,-109.457568627263,-0.220599551518993,-109.678168178782,0
12,11,224.597,203.509,20,early_warning_zone,8,600,700,15,63.434948822922,120,622.459416741365,-75.9364456633279,-0.0835333499536385,-76.0199790132815,-127.093378133722,-0.410179738880171,-127.503557872603,0
12,11,224.597,203.509,20,early_warning_zone,9,700,700,15,45,120,687.412776641517,-76.7985768325996,0.747961294231817,-76.0506155383678,-133.75700041548,0.290728867945559,-133.466271547535,0
12,11,224.597,203.509,20,early_warning_zone,10,750,700,15,38.6598082540901,120,722.894615756681,-77.2357246354138,1.03076196105418,-76.2049626743597,-136.620612106146,0.129545086637096,-136.491067019509,0
12,11,224.597,203.509,20,early_warning_zone,11,750,650,15,30.9637565320735,120,689.512527435144,-76.8250680558264,0.532014197488024,-76.2930538583384,-139.641893149016,-0.517023686307001,-140.158916835323,0
12,11,224.597,203.509,20,early_warning_zone,12,750,550,15,11.3099324740202,120,629.388056361097,-76.0325947787763,0.00563552524180075,-76.0269592535345,-146.596081886099,-0.378884532213223,-146.974966418312,0
12,11,224.597,203.509,20,early_warning_zone,13,750,450,15,-11.3099324740202,120,580.371540902894,-75.3283469987307,1.19758349496544,-74.1307635037653,-154.866540731233,-0.482756880625393,-155.349297611858,0
12,11,224.597,203.509,20,early_warning_zone,14,750,350,15,-30.9637565320735,120,545.465787643918,-74.789575158992,-1.19865484670486,-75.9882300056968,-164.42065521121,0.0527499538038443,-164.367905257406,0
12,11,224.597,203.509,20,early_warning_zone,15,750,300,15,-38.6598082540901,120,534.213277156231,-74.6085183867872,-0.31284542906957,-74.9213638158568,-169.593511540994,-0.277190449925431,-169.870701990919,0
12,11,224.597,203.509,20,early_warning_zone,16,700,300,15,-45,120,485.122175838211,-73.7712473840216,0.601322920031201,-73.1699244639905,-168.526716904478,0.0473090424318665,-168.479407862046,0
12,11,224.597,203.509,20,early_warning_zone,17,600,300,15,-63.434948822922,120,387.637621355307,-71.8227432334952,-0.240445431173859,-72.0631886646691,-165.585125167846,-0.24095941868773,-165.826084586533,0
12,11,224.597,203.509,20,early_warning_zone,18,400,300,15,-116.565051177078,120,200.254152241595,-66.0858554319211,-0.210501494419096,-66.2963569263402,-151.184353722643,0.42765520609747,-150.756698516546,0
12,11,224.597,203.509,20,early_warning_zone,19,300,300,15,-135,120,122.560701246362,-61.8212495775474,-0.559059222168803,-62.3803087997162,-128.005887520511,0.222671120273622,-127.783216400237,1
12,11,224.597,203.509,20,early_warning_zone,20,300,500,15,180,120,305.969811403021,-69.7677964104094,1.18608315964854,-68.5817132507609,-104.268856240289,0.937065567237607,-103.331790673051,0
12,11,224.597,203.509,20,early_warning_zone,21,500,350,15,-90,120,311.979847890853,-69.9367556740588,-0.826092205775925,-70.7628478798347,-151.990816391464,-1.13266423766756,-153.123480629132,0
12,11,224.597,203.509,20,early_warning_zone,22,700,500,15,0,120,560.303422700594,-75.0226903428532,0.219750360005543,-74.8029399828476,-148.049758910913,-0.383375660241134,-148.433134571154,0
12,11,224.597,203.509,20,early_warning_zone,23,500,650,15,90,120,524.61988667034,-74.4511198199934,-0.356929704512058,-74.8080495245055,-121.666968832527,0.635774468939624,-121.031194363588,0
13,12,233.98,206.968,20,early_warning_zone,0,250,300,15,-141.34019174591,120,94.5335571318461,-59.5659448330377,0.522060769768255,-59.0438840632695,-99.7704447507811,0.935024547118848,-98.8354202036622,1
13,12,233.98,206.968,20,early_warning_zone,1,250,350,15,-149.036243467926,120,144.013171008766,-63.2222690976439,-1.256361209741,-64.4786303073849,-96.3906598914825,0.169235884555848,-96.2214240069267,1
13,12,233.98,206.968,20,early_warning_zone,2,250,450,15,-168.69006752598,120,243.610741602254,-67.7881535114568,0.350713841188677,-67.4374396702681,-93.7713240380098,0.229051642351379,-93.5422723956585,0
13,12,233.98,206.968,20,early_warning_zone,3,250,550,15,168.69006752598,120,343.442270875325,-70.7712997758379,-1.178640258644,-71.9499400344819,-92.673837898347,0.207706797054784,-92.4661311012922,0
13,12,233.98,206.968,20,early_warning_zone,4,250,650,15,149.036243467926,120,443.349741653246,-72.9891540288465,-0.143682313990898,-73.1328363428374,-92.0709083029296,-0.175590398699772,-92.2464987016294,0
13,12,233.98,206.968,20,early_warning_zone,5,250,700,15,141.34019174591,120,493.31753812732,-73.9167559444692,-0.603466876891159,-74.5202228213604,-91.8610466772291,0.825205908064278,-91.0358407691648,0
13,12,233.98,206.968,20,early_warning_zone,6,300,700,15,135,120,497.457730288715,-73.9893485144691,0.277655235039646,-73.7116932794295,-97.6268857135335,0.616246262672915,-97.0106394508606,0
13,12,233.98,206.968,20,early_warning_zone,7,400,700,15,116.565051177078,120,520.257814380524,-74.3785970767532,0.0150076313836059,-74.3635894453696,-108.610062482016,0.587790684813107,-108.022271797202,0
13,12,233.98,206.968,20,early_warning_zone,8,600,700,15,63.434948822922,120,614.065300618753,-75.8185159766134,0.018637474486466,-75.799878502127,-126.589671625448,-0.579524827843883,-127.169196453292,0
13,12,233.98,206.968,20,early_warning_zone,9,700,700,15,45,120,678.439528199824,-76.6844477034904,0.290451843177738,-76.3939958603127,-133.3866729414,0.212936118697877,-133.173736822702,0
13,12,233.98,206.968,20,early_warning_zone,10,750,700,15,38.6598082540901,120,713.710160656271,-77.1246624259642,-0.737124408289892,-77.8617868342541,-136.305074054916,-0.102611179369696,-136.407685234285,0
13,12,233.98,206.968,20,early_warning_zone,11,750,650,15,30.9637565320735,120,680.131600077514,-76.706083901821,0.755623829739531,-75.9504600720815,-139.352067059919,-0.140155632509379,-139.492222692428,0
13,12,233.98,206.968,20,early_warning_zone,12,750,550,15,11.3099324740202,120,619.655221412682,-75.8972271052643,-0.624596829314472,-76.5218239345788,-146.385433510334,-0.103361968072709,-146.488795478406,0
13,12,233.98,206.968,20,early_warning_zone,13,750,450,15,-11.3099324740202,120,570.408795009334,-75.1779490979868,-0.954382544591296,-76.1323316425781,-154.780783957328,-0.330732556665816,-155.111516513994,0
13,12,233.98,206.968,20,early_warning_zone,14,750,350,15,-30.9637565320735,120,535.499573691707,-74.629407422803,0.168634985863174,-74.4607724369398,-164.507528051687,0.10189113929423,-164.405636912392,0
13,12,233.98,206.968,20,early_warning_zone,15,750,300,15,-38.6598082540901,120,524.363035905469,-74.446866218922,0.977496134811256,-73.4693700841107,-169.780066743895,0.0318806671302044,-169.748186076764,0
13,12,233.98,206.968,20,early_warning_zone,16,700,300,15,-45,120,475.241615837671,-73.5925141107869,0.818223565730488,-72.7742905450564,-168.710402517351,0.800222735061859,-167.91017978229,0
13,12,233.98,206.968,20,early_warning_zone,17,600,300,15,-63.434948822922,120,377.691134955535,-71.5969606607759,0.407826353275183,-71.1891343075008,-165.73900659353,0.371948196916415,-165.367058396613,0
13,12,233.98,206.968,20,early_warning_zone,18,400,300,15,-116.565051177078,120,190.374876031476,-65.6464175050287,0.52359066183758,-65.1228268431911,-150.735202562572,-0.161045209006351,-150.896247771579,0
13,12,233.98,206.968,20,early_warning_zone,19,300,300,15,-135,120,114.186660446832,-61.2065322657191,-1.44564353999382,-62.6521758057129,-125.361352024058,0.448571459881894,-124.912780564176,1
13,12,233.98,206.968,20,early_warning_zone,20,300,500,15,180,120,300.418696861564,-69.6087639928271,-0.489106131959522,-70.0978701247866,-102.696722530085,0.298203838929207,-102.398518691156,0
13,12,233.98,206.968,20,early_warning_zone,21,500,350,15,-90,120,302.075807412643,-69.6565437337454,1.60563635428719,-68.0509073794582,-151.734242382654,0.0960867729766202,-151.638155609678,0
13,12,233.98,206.968,20,early_warning_zone,22,700,500,15,0,120,550.515570555457,-74.8696169719837,-1.00115537458156,-75.8707723465653,-147.83843980956,-0.869888754231838,-148.708328563791,0
13,12,233.98,206.968,20,early_warning_zone,23,500,650,15,90,120,516.787183881334,-74.3204595300008,0.470210832998873,-73.850248697002,-120.982847391852,0.0985401776242499,-120.884307214228,0
14,13,243.363,210.427,20,early_warning_zone,0,250,300,15,-141.34019174591,120,89.9576127851334,-59.1349832741728,-2.87211274428089,-62.0070960184537,-94.2376435633469,0.571948632444793,-93.6656949309021,1
14,13,243.363,210.427,20,early_warning_zone,1,250,350,15,-149.036243467926,120,139.820141961021,-62.9656196089814,-0.673840524485928,-63.6394601334674,-92.7224882456847,-0.262450877498729,-92.9849391231835,1
14,13,243.363,210.427,20,early_warning_zone,2,250,450,15,-168.69006752598,120,239.717066764133,-67.64820393273,0.408545492428019,-67.239658440302,-91.5868852060795,0.112424217429579,-91.47446098865,0
14,13,243.363,210.427,20,early_warning_zone,3,250,550,15,168.69006752598,120,339.674656249182,-70.6754877256077,1.3328114858207,-69.342676239787,-91.1197111574066,0.0613583819868463,-91.0583527754197,0
14,13,243.363,210.427,20,early_warning_zone,4,250,650,15,149.036243467926,120,439.651534852319,-72.9163967071773,0.0576217495105822,-72.8587749576667,-90.8650285514433,-0.00654094794050431,-90.8715694993838,0
14,13,243.363,210.427,20,early_warning_zone,5,250,700,15,141.34019174591,120,489.643515323138,-73.8518249787847,-0.13130783568414,-73.9831328144689,-90.776694783346,0.339610788207638,-90.4370839951383,0
14,13,243.363,210.427,20,early_warning_zone,6,300,700,15,135,120,492.863543080638,-73.9087587293017,-0.795619686063307,-74.704378415365,-96.5990150431614,-0.547748844680092,-97.1467638878415,0
14,13,243.363,210.427,20,early_warning_zone,7,400,700,15,116.565051177078,120,514.044620726645,-74.2742412100239,-1.29274636059215,-75.566987570616,-107.74187317112,0.494995628016029,-107.246877543104,0
14,13,243.363,210.427,20,early_warning_zone,8,600,700,15,63.434948822922,120,605.719961779369,-75.6996625596948,0.326264228313216,-75.3733983313816,-126.072043559157,-0.631692468681607,-126.703736027838,0
14,13,243.363,210.427,20,early_warning_zone,9,700,700,15,45,120,669.495386166328,-76.5691766025098,1.52778107115572,-75.0413955313541,-133.006433877893,-0.412344046424857,-133.418777924318,0
14,13,243.363,210.427,20,early_warning_zone,10,750,700,15,38.6598082540901,120,704.547920370219,-77.0124355807147,1.34516882028571,-75.667266760429,-135.981318778069,0.307107758762999,-135.674211019306,0
14,13,243.363,210.427,20,early_warning_zone,11,750,650,15,30.9637565320735,120,670.768568209632,-76.5856789071606,-0.72928582934514,-77.3149647365057,-139.054141553649,0.384795874216594,-138.669345679432,0
14,13,243.363,210.427,20,early_warning_zone,12,750,550,15,11.3099324740202,120,609.931038805208,-75.7598395292212,1.96327439904055,-73.7965651301806,-146.168064899924,-0.0865665519853261,-146.254631451909,0
14,13,243.363,210.427,20,early_warning_zone,13,750,450,15,-11.3099324740202,120,560.447385664346,-75.0249217870113,-1.23131113918707,-76.2562329261983,-154.691978250849,-0.476466133225099,-155.168444384074,0
14,13,243.363,210.427,20,early_warning_zone,14,750,350,15,-30.9637565320735,120,525.5346535653,-74.4662520048279,-1.12993049966872,-75.5961825044967,-164.597695878524,-0.0259476549211625,-164.623643533445,0
14,13,243.363,210.427,20,early_warning_zone,15,750,300,15,-38.6598082540901,120,514.518582850027,-74.2822461298448,0.447216835767617,-73.8350292940772,-169.973763578144,0.0769185661231099,-169.89684501202,0
14,13,243.363,210.427,20,early_warning_zone,16,700,300,15,-45,120,465.366169911394,-73.410121009945,-2.67545188757836,-76.0855728975234,-168.901886973283,0.711123064483735,-168.1907639088,0
14,13,243.363,210.427,20,early_warning_zone,17,600,300,15,-63.434948822922,120,367.747565726818,-71.3652209669191,1.01231434876556,-70.3529066181535,-165.90121239646,0.575595073384757,-165.325617323076,0
14,13,243.363,210.427,20,early_warning_zone,18,400,300,15,-116.565051177078,120,180.508925258559,-65.1841984432442,-0.365142822168472,-65.5493412654126,-150.236883317745,-0.00562750666849568,-150.242510824414,0
14,13,243.363,210.427,20,early_warning_zone,19,300,300,15,-135,120,106.094637461089,-60.5680934962525,0.597026779499834,-59.9710667167526,-122.305163945119,0.0779990704058439,-122.227164874713,1
14,13,243.363,210.427,20,early_warning_zone,20,300,500,15,180,120,295.102138416515,-69.453671965548,-1.85954971183448,-71.3132216773825,-101.066660454361,-0.412541573704148,-101.479202028065,0
14,13,243.363,210.427,20,early_warning_zone,21,500,350,15,-90,120,292.178322429985,-69.3671846583761,0.885762606778622,-68.4814220515975,-151.460274765526,-0.33302815730378,-151.793302922829,0
14,13,243.363,210.427,20,early_warning_zone,22,700,500,15,0,120,540.735491805374,-74.7139223529634,-0.153831833481474,-74.8677541864449,-147.619472893657,0.839172518532659,-146.780300375124,0
14,13,243.363,210.427,20,early_warning_zone,23,500,650,15,90,120,509.030423548534,-74.189099631631,0.318011661794066,-73.871087969837,-120.277771152159,0.462835800691789,-119.814935351467,0
15,14,251.658,214.852,20,early_warning_zone,0,250,300,15,-141.34019174591,120,85.3107898685741,-58.6743040939331,-0.421449635187084,-59.0957537291202,-88.8844788022028,1.10501930901825,-87.7794594931845,1
15,14,251.658,214.852,20,early_warning_zone,1,250,350,15,-149.036243467926,120,135.2506224311,-62.6770102828571,0.132531241992419,-62.5444790408647,-89.2971287990637,-1.0472670210889,-90.3443958201526,1
15,14,251.658,214.852,20,early_warning_zone,2,250,450,15,-168.69006752598,120,235.206995788816,-67.483229531574,-2.35779559770452,-69.8410251292785,-89.5960211091124,-0.18454246778707,-89.7805635768994,0
15,14,251.658,214.852,20,early_warning_zone,3,250,550,15,168.69006752598,120,335.189395518414,-70.5600302397998,0.04886777855765,-70.5111624612421,-89.7165561856858,-0.00534512399395122,-89.7219013096797,0
15,14,251.658,214.852,20,early_warning_zone,4,250,650,15,149.036243467926,120,435.179883344807,-72.8276010627832,1.13869778604279,-71.6889032767404,-89.7816927970947,-1.30049598185528,-91.08218877895,0
15,14,251.658,214.852,20,early_warning_zone,5,250,700,15,141.34019174591,120,485.176597609571,-73.7722217261797,1.23497809443169,-72.537243631748,-89.8041916433715,-0.991998017543221,-90.7961896609147,0
15,14,251.658,214.852,20,early_warning_zone,6,300,700,15,135,120,487.576179553513,-73.8150744359496,0.377246503559713,-73.4378279323899,-95.6903868722733,-0.303062398663568,-95.9934492709368,0
15,14,251.658,214.852,20,early_warning_zone,7,400,700,15,116.565051177078,120,507.344982105865,-74.160292221101,0.21100297739746,-73.9492892437036,-107.001876161775,-0.61480090131326,-107.616677063088,0
15,14,251.658,214.852,20,early_warning_zone,8,600,700,15,63.434948822922,120,597.273581257367,-75.5776909413989,0.719718033952104,-74.8579729074468,-125.678794018418,-0.379889243619862,-126.058683262038,0
15,14,251.658,214.852,20,early_warning_zone,9,700,700,15,45,120,660.60890916487,-76.4531133625768,0.129742538964871,-76.3233708236119,-132.742089700004,0.100477239043405,-132.641612460961,0
15,14,251.658,214.852,20,early_warning_zone,10,750,700,15,38.6598082540901,120,695.512998345825,-76.9003298516953,1.12216427420627,-75.7781655774891,-135.768604834181,0.0337455273367324,-135.734859306845,0
15,14,251.658,214.852,20,early_warning_zone,11,750,650,15,30.9637565320735,120,661.606779641805,-76.466223771952,1.30727078954143,-75.1589529824106,-138.872814464348,0.178344966389598,-138.694469497959,0
15,14,251.658,214.852,20,early_warning_zone,12,750,550,15,11.3099324740202,120,600.577997322579,-75.6256131824861,1.29542402862904,-74.330189153857,-146.078138639044,-0.601415700801025,-146.679554339845,0
15,14,251.658,214.852,20,early_warning_zone,13,750,450,15,-11.3099324740202,120,551.05746603054,-74.8781626507817,0.573663049623957,-74.3044996011578,-154.739217473113,-1.3397202935017,-156.078937766615,0
15,14,251.658,214.852,20,early_warning_zone,14,750,350,15,-30.9637565320735,120,516.366856864381,-74.313392018016,-1.60443388806692,-75.9178259060829,-164.826612703994,-1.0512907821434,-165.877903486137,0
15,14,251.658,214.852,20,early_warning_zone,15,750,300,15,-38.6598082540901,120,505.588697330152,-74.1301719647973,0.105395644428914,-74.0247763203684,-170.303927511775,0.00194050180390593,-170.301987009971,0
15,14,251.658,214.852,20,early_warning_zone,16,700,300,15,-45,120,456.383315720459,-73.2408200196647,0.38344982281999,-72.8573701968447,-169.246594173503,0.386705250530856,-168.859888922972,0
15,14,251.658,214.852,20,early_warning_zone,17,600,300,15,-63.434948822922,120,358.632584782811,-71.147219760644,-0.680606620847214,-71.8278263814912,-166.264083498084,0.176810109790202,-166.087273388294,0
15,14,251.658,214.852,20,early_warning_zone,18,400,300,15,-116.565051177078,120,171.115548294128,-64.7200142981752,0.460442565316261,-64.259571732859,-150.144265547912,0.53904179780026,-149.605223750111,1
15,14,251.658,214.852,20,early_warning_zone,19,300,300,15,-135,120,98.0414752438987,-59.8824215846221,0.495059091111037,-59.387362493511,-119.585348538152,-0.455792409808278,-120.04114094796,1
15,14,251.658,214.852,20,early_warning_zone,20,300,500,15,180,120,289.259971077922,-69.2799916030939,-2.57141838971571,-71.8514099928096,-99.6220385469598,0.0446664342020596,-99.5773721127577,0
15,14,251.658,214.852,20,early_warning_zone,21,500,350,15,-90,120,282.778589833106,-69.0831553222079,2.13630506893949,-66.9468502532684,-151.444917153073,-0.764178673037872,-152.209095826111,0
15,14,251.658,214.852,20,early_warning_zone,22,700,500,15,0,120,531.361393844152,-74.562024783797,0.717973551557552,-73.8440512322395,-147.543413265553,-0.413630931795361,-147.957044197349,0
15,14,251.658,214.852,20,early_warning_zone,23,500,650,15,90,120,501.051425372686,-74.0518708729118,-0.0735089206849031,-74.1253797935967,-119.713704392889,-0.423817723337578,-120.137522116227,0
16,15,253.996,224.575,20,early_warning_zone,0,250,300,15,-141.34019174591,120,75.6960939613135,-57.635694230095,-0.425818629058573,-58.0615128591535,-86.9673174503889,-0.861334456706185,-87.8286519070951,1
16,15,253.996,224.575,20,early_warning_zone,1,250,350,15,-149.036243467926,120,125.588210597174,-62.0332022858059,-0.91208621160876,-62.9452884974146,-88.1751922156487,0.35111746805624,-87.8240747475924,0
16,15,253.996,224.575,20,early_warning_zone,2,250,450,15,-168.69006752598,120,225.515850088192,-67.1177662564214,-0.785589244970996,-67.9033555013924,-88.9844517772968,-0.505237125794704,-89.4896889030915,0
16,15,253.996,224.575,20,early_warning_zone,3,250,550,15,168.69006752598,120,325.487939317266,-70.3049228499199,-0.656049559365305,-70.9609724092852,-89.2964817435429,0.544511869950391,-88.7519698735925,0
16,15,253.996,224.575,20,early_warning_zone,4,250,650,15,149.036243467926,120,425.473146791898,-72.6316679408292,1.31818139234809,-71.3134865484811,-89.4618388624758,0.130954089109247,-89.3308847733666,0
16,15,253.996,224.575,20,early_warning_zone,5,250,700,15,141.34019174591,120,475.46808372487,-73.596652230158,-2.55879465760064,-76.1554468877586,-89.5184339409771,0.00895629712920536,-89.5094776438479,0
16,15,253.996,224.575,20,early_warning_zone,6,300,700,15,135,120,477.671747794445,-73.6368159425109,0.447446259083553,-73.1893696834274,-95.5269585736815,-0.0325207954313743,-95.5594793691129,0
16,15,253.996,224.575,20,early_warning_zone,7,400,700,15,116.565051177078,120,497.364150940737,-73.9877144131156,0.758015500282338,-73.2296989128332,-107.071830348821,0.000633439388824948,-107.071196909432,0
16,15,253.996,224.575,20,early_warning_zone,8,600,700,15,63.434948822922,120,588.024403099905,-75.4421318289425,-0.268880360504047,-75.7110121894465,-126.046315068703,-0.281125204036176,-126.327440272739,0
16,15,253.996,224.575,20,early_warning_zone,9,700,700,15,45,120,651.899914588888,-76.3378433170215,2.6063655796155,-73.731477737406,-133.171181265887,-0.67021093980567,-133.841392205693,0
16,15,253.996,224.575,20,early_warning_zone,10,750,700,15,38.6598082540901,120,687.076341203072,-76.7943247201469,-0.0536234877775258,-76.8479482079244,-136.213586904422,0.525905653178332,-135.687681251244,0
16,15,253.996,224.575,20,early_warning_zone,11,750,650,15,30.9637565320735,120,653.47639486136,-76.3588229230114,0.323554704021262,-76.0352682189902,-139.380150684125,-0.0724631406928531,-139.452613824818,0
16,15,253.996,224.575,20,early_warning_zone,12,750,550,15,11.3099324740202,120,593.25070471176,-75.5189900898366,0.365200935112552,-75.1537891547241,-146.731380066937,0.996894720747418,-145.73448534619,0
16,15,253.996,224.575,20,early_warning_zone,13,750,450,15,-11.3099324740202,120,544.849886336595,-74.7797621268949,-1.37627478328634,-76.1560369101812,-155.559047883485,0.374105439354177,-155.184942444131,0
16,15,253.996,224.575,20,early_warning_zone,14,750,350,15,-30.9637565320735,120,511.640888359208,-74.2335297207788,2.67349029256365,-71.5600394282152,-165.809044470005,-0.460499743382833,-166.269544213388,0
16,15,253.996,224.575,20,early_warning_zone,15,750,300,15,-38.6598082540901,120,501.73090261713,-74.0636418527054,-0.529097537770812,-74.5927393904762,-171.353540198864,0.462711491891443,-170.890828706973,0
16,15,253.996,224.575,20,early_warning_zone,16,700,300,15,-45,120,452.364342804558,-73.163992129171,-1.04022218298352,-74.2042143121545,-170.401365083629,0.749545942333245,-169.651819141296,0
16,15,253.996,224.575,20,early_warning_zone,17,600,300,15,-63.434948822922,120,354.164790233304,-71.0383324948893,1.24838962273831,-69.789942872151,-167.702540692112,-0.17357020137676,-167.876110893489,0
16,15,253.996,224.575,20,early_warning_zone,18,400,300,15,-116.565051177078,120,164.411370169462,-64.3728618076927,-0.138833929656084,-64.5116957373488,-152.679330110574,-0.333012928452867,-153.012343039027,1
16,15,253.996,224.575,20,early_warning_zone,19,300,300,15,-135,120,88.4889746861156,-58.9920080942305,0.0741791391468005,-58.9178289550837,-121.380284395974,-0.318858842063909,-121.699143238038,1
16,15,253.996,224.575,20,early_warning_zone,20,300,500,15,180,120,279.285335528022,-68.9751874890715,0.940708159088994,-68.0344793299825,-99.4825277301966,-0.791556044122961,-100.27408377432,0
16,15,253.996,224.575,20,early_warning_zone,21,500,350,15,-90,120,276.178200879432,-68.8780127570718,1.06730219395532,-67.8107105631164,-152.985264976323,-0.603940048146622,-153.58920502447,0
16,15,253.996,224.575,20,early_warning_zone,22,700,500,15,0,120,524.21703390962,-74.4444474103492,0.94842430435201,-73.4960231059972,-148.303039541441,-0.703317052158635,-149.0063565936,0
16,15,253.996,224.575,20,early_warning_zone,23,500,650,15,90,120,491.456405636349,-73.8839248348175,-0.506835872825578,-74.3907607076431,-120.03884925041,0.0857707279628414,-119.953078522447,0
17,16,256.333,234.298,20,early_warning_zone,0,250,300,15,-141.34019174591,120,66.195616871512,-56.4708095077582,-0.460231784145027,-56.9310412919033,-84.4942827125723,0.181487745100892,-84.3127949674714,1
17,16,256.333,234.298,20,early_warning_zone,1,250,350,15,-149.036243467926,120,115.983014674563,-61.3421126923523,0.0298633765720661,-61.3122493157802,-86.8670165157733,0.609916104520624,-86.2571004112527,0
17,16,256.333,234.298,20,early_warning_zone,2,250,450,15,-168.69006752598,120,215.852865843843,-66.7373812160055,0.739901593193474,-65.9974796228121,-88.3182818673888,-0.0234948716129148,-88.3417767390017,0
17,16,256.333,234.298,20,early_warning_zone,3,250,550,15,168.69006752598,120,315.805097636184,-70.0426075539726,-0.0635338798231394,-70.1061414337957,-88.8507975500485,0.289239359784571,-88.5615581902639,0
17,16,256.333,234.298,20,early_warning_zone,4,250,650,15,149.036243467926,120,415.78030219456,-72.431503045404,-1.8920312762437,-74.3235343216477,-89.1271966358951,0.517691060377547,-88.6095055755175,0
17,16,256.333,234.298,20,early_warning_zone,5,250,700,15,141.34019174591,120,465.77189663289,-73.417690451848,-1.1801465179561,-74.5978369698041,-89.2208927450729,0.375951988845311,-88.8449407562276,0
17,16,256.333,234.298,20,early_warning_zone,6,300,700,15,135,120,467.771482342607,-73.45489966515,-0.53213440689639,-73.9870340720464,-95.3567321122183,0.0553019971897401,-95.3014301150286,0
17,16,256.333,234.298,20,early_warning_zone,7,400,700,15,116.565051177078,120,487.384406493478,-73.8116574369851,-0.910479621529159,-74.7221370585142,-107.144762154242,0.329719549486194,-106.815042604756,0
17,16,256.333,234.298,20,early_warning_zone,8,600,700,15,63.434948822922,120,578.800794482005,-75.3048072057331,0.192501634835536,-75.1123055708975,-126.425646854725,-1.04386358708827,-127.469510441813,0
17,16,256.333,234.298,20,early_warning_zone,9,700,700,15,45,120,643.229165766758,-76.2215393999228,-0.573062502596215,-76.7946019025191,-133.611932564569,0.490799168244013,-133.121133396325,0
17,16,256.333,234.298,20,early_warning_zone,10,750,700,15,38.6598082540901,120,678.682885958531,-76.6875627926457,0.55283430266345,-76.1347284899822,-136.669662971033,-0.238447103725775,-136.908110074758,0
17,16,256.333,234.298,20,early_warning_zone,11,750,650,15,30.9637565320735,120,645.399302519766,-76.2507946687915,0.20630706752891,-76.0444876012626,-139.900286197395,1.33339701077772,-138.566889186617,0
17,16,256.333,234.298,20,early_warning_zone,12,750,550,15,11.3099324740202,120,586.003293244159,-75.4122259680324,-0.175272795753404,-75.5874987637858,-147.40092404335,0.164722155327106,-147.236201888022,0
17,16,256.333,234.298,20,early_warning_zone,13,750,450,15,-11.3099324740202,120,538.757329131586,-74.6820886592693,-1.16754660015112,-75.8496352594204,-156.397642414012,-0.53387976109995,-156.931522175112,0
17,16,256.333,234.298,20,early_warning_zone,14,750,350,15,-30.9637565320735,120,507.0690876922,-74.1555675459229,-0.897639043397718,-75.0532065893207,-166.809521653415,-0.175973204217916,-166.985494857633,0
17,16,256.333,234.298,20,early_warning_zone,15,750,300,15,-38.6598082540901,120,498.045037815859,-73.9995971830206,0.477105259767062,-73.5224919232536,-172.419071596224,0.163940118165889,-172.255131478058,0
17,16,256.333,234.298,20,early_warning_zone,16,700,300,15,-45,120,448.533342899945,-73.0901194941739,-0.12256041810524,-73.2126799122792,-171.576372736244,-0.0797144406543234,-171.656087176898,0
17,16,256.333,234.298,20,early_warning_zone,17,600,300,15,-63.434948822922,120,349.926791905107,-70.9337687385402,-0.339070958127322,-71.2728396966675,-169.176835029353,0.702352870652571,-168.474482158701,0
17,16,256.333,234.298,20,early_warning_zone,18,400,300,15,-116.565051177078,120,158.056824253178,-64.030489867357,-0.252518183303191,-64.2830080506602,-155.424365654812,-0.751623504218705,-156.175989159031,1
17,16,256.333,234.298,20,early_warning_zone,19,300,300,15,-135,120,79.0478316780416,-58.0120240645234,-0.0176237451216839,-58.0296478096451,-123.608889830531,-0.259510276397062,-123.868400106928,1
17,16,256.333,234.298,20,early_warning_zone,20,300,500,15,180,120,269.312754419467,-68.6593632684354,-0.476367872536957,-69.1357311409723,-99.3328901659851,-0.473106424017898,-99.805996590003,0
17,16,256.333,234.298,20,early_warning_zone,21,500,350,15,-90,120,269.787990268285,-68.6746770933366,0.912727385328644,-67.761949708008,-154.599922915638,-0.286592536997273,-154.886515452635,0
17,16,256.333,234.298,20,early_warning_zone,22,700,500,15,0,120,517.168212183425,-74.3268612953833,-0.272663476138635,-74.5995247715219,-149.08357444018,0.412046692512246,-148.671527747667,0
17,16,256.333,234.298,20,early_warning_zone,23,500,650,15,90,120,481.878366076959,-73.712973416106,0.592401851996626,-73.1205715641094,-120.377035479259,0.0644373314722662,-120.312598147787,0
18,17,258.671,244.021,20,early_warning_zone,0,250,300,15,-141.34019174591,120,56.8668152967968,-55.1514029784013,-0.135392168514035,-55.2867951469153,-81.1950092854156,-0.296732078342416,-81.491741363758,0
18,17,258.671,244.021,20,early_warning_zone,1,250,350,15,-149.036243467926,120,106.450620862445,-60.5971888094367,0.540307871287677,-60.056880938149,-85.3225870232845,0.0474292807438655,-85.2751577425406,0
18,17,258.671,244.021,20,early_warning_zone,2,250,450,15,-168.69006752598,120,206.222051880976,-66.3409269084835,0.0537281488231883,-66.2871987596603,-87.5894700612619,-0.374003191275242,-87.9634732525371,0
18,17,258.671,244.021,20,early_warning_zone,3,250,550,15,168.69006752598,120,306.142670469179,-69.7727021584736,0.839535867831793,-68.9331662906418,-88.3767553454704,-0.196974673457446,-88.5737300189278,0
18,17,258.671,244.021,20,early_warning_zone,4,250,650,15,149.036243467926,120,406.102369707442,-72.2269353084881,-1.88590187404749,-74.1128371825356,-88.7764485835195,0.862163502627804,-87.9142850808917,0
18,17,258.671,244.021,20,early_warning_zone,5,250,700,15,141.34019174591,120,456.08884516287,-73.2352138456611,-0.754974545680394,-73.9901883913415,-88.9105817768306,0.116532385883807,-88.7940493909468,0
18,17,258.671,244.021,20,early_warning_zone,6,300,700,15,135,120,457.875457610473,-73.2691721485514,-0.679793331025367,-73.9489654795767,-95.1790204149076,-0.125913349154698,-95.3049337640623,0
18,17,258.671,244.021,20,early_warning_zone,7,400,700,15,116.565051177078,120,477.405210153806,-73.6319679214759,-0.269602413413871,-73.9015703348898,-107.220628670253,0.366520823337125,-106.854107846916,0
18,17,258.671,244.021,20,early_warning_zone,8,600,700,15,63.434948822922,120,569.602786757579,-75.1656669422603,1.24161241673101,-73.9240545255293,-126.817166848585,0.512862244170833,-126.304304604415,0
18,17,258.671,244.021,20,early_warning_zone,9,700,700,15,45,120,634.596828452522,-76.1041827798443,-0.994265218778079,-77.0984479986224,-134.064637114255,-0.333159560538579,-134.397796674793,0
18,17,258.671,244.021,20,early_warning_zone,10,750,700,15,38.6598082540901,120,670.332779059774,-76.5800339697335,-0.114465468561588,-76.6944994382951,-137.137073118752,-0.220457599629924,-137.357530718382,0
18,17,258.671,244.021,20,early_warning_zone,11,750,650,15,30.9637565320735,120,637.375975921591,-76.1421386331987,0.593989149978976,-75.5481494832197,-140.433503847108,-1.0816648191504,-141.515168666258,0
18,17,258.671,244.021,20,early_warning_zone,12,750,550,15,11.3099324740202,120,578.837053653271,-75.3053513191803,1.691347316693,-73.6140040024873,-148.087089050806,-0.739794006172424,-148.826883056978,0
18,17,258.671,244.021,20,early_warning_zone,13,750,450,15,-11.3099324740202,120,532.781882839497,-74.5852138002469,-0.427824267882279,-75.0130380681292,-157.25519188095,0.811211758399628,-156.443980122551,0
18,17,258.671,244.021,20,early_warning_zone,14,750,350,15,-30.9637565320735,120,502.653692597597,-74.0796023806205,-1.93122511685089,-76.0108274974714,-167.82786447301,0.801511910236765,-167.026352562773,0
18,17,258.671,244.021,20,early_warning_zone,15,750,300,15,-38.6598082540901,120,494.532946002589,-73.938129429964,0.148174980858379,-73.7899544491056,-173.500099980274,-0.368694553026714,-173.868794533301,0
18,17,258.671,244.021,20,early_warning_zone,16,700,300,15,-45,120,444.893172213285,-73.0193396476489,-1.04151849809653,-74.0608581457455,-172.771098940468,-0.145890592543296,-172.916989533011,0
18,17,258.671,244.021,20,early_warning_zone,17,600,300,15,-63.434948822922,120,345.925041998986,-70.8338648810135,-1.62250191553339,-72.4563667965469,-170.686230434024,0.430147819807404,-170.256082614217,0
18,17,258.671,244.021,20,early_warning_zone,18,400,300,15,-116.565051177078,120,152.093835121612,-63.6964570538948,0.476903140907323,-63.2195539129875,-158.391978074687,0.420114756336002,-157.971863318351,1
18,17,258.671,244.021,20,early_warning_zone,19,300,300,15,-135,120,69.7619859379018,-56.9266015403817,-1.1758288590668,-58.1024303994485,-126.438256075914,0.420682489159327,-126.017573586755,1
18,17,258.671,244.021,20,early_warning_zone,20,300,500,15,180,120,259.342118989569,-68.3316859339303,1.5909959230423,-66.740690010888,-99.1715233845702,-0.572736077193755,-99.7442594617639,0
18,17,258.671,244.021,20,early_warning_zone,21,500,350,15,-90,120,263.621385099919,-68.4738375850069,-1.73666461042001,-70.2105021954269,-156.291445871808,0.228014588965104,-156.063431282843,0
18,17,258.671,244.021,20,early_warning_zone,22,700,500,15,0,120,510.217144637457,-74.2093257933391,-0.519914918712318,-74.7292407120514,-149.885472203369,-0.614985539864825,-150.500457743234,0
18,17,258.671,244.021,20,early_warning_zone,23,500,650,15,90,120,472.317302966978,-73.538901952221,0.2566362363886,-73.2822657158324,-120.728822603773,-1.7832058923062,-122.512028496079,0
19,18,261.009,253.744,20,approach_zone,0,250,300,15,-141.34019174591,120,47.8102041095831,-53.6446367897109,-1.50876955979279,-55.1534063495037,-76.6125819512842,0.173074926540091,-76.4395070247441,0
19,18,261.009,253.744,20,approach_zone,1,250,350,15,-149.036243467926,120,97.0124508349315,-59.790774361185,0.765481207954536,-59.0252931532304,-83.4753130765474,0.994930265359718,-82.4803828111876,0
19,18,261.009,253.744,20,approach_zone,2,250,450,15,-168.69006752598,120,196.628115021733,-65.9271371515414,-1.30603276007063,-67.233169911612,-86.7893522874838,0.246932754037587,-86.5424195334462,0
19,18,261.009,253.744,20,approach_zone,3,250,550,15,168.69006752598,120,296.502640151821,-69.4947961304477,0.744732899480042,-68.7500632309676,-87.8718434919975,0.43443646955589,-87.4374070224416,0
19,18,261.009,253.744,20,approach_zone,4,250,650,15,149.036243467926,120,396.440431360122,-72.0177836345117,1.71874881209749,-70.2990348224143,-88.408586819615,-0.623444665569308,-89.0320314851843,0
19,18,261.009,253.744,20,approach_zone,5,250,700,15,141.34019174591,120,446.419775118666,-73.0490933214021,-0.156073087604816,-73.2051664090069,-88.5868171574353,-0.517323500406051,-89.1041406578414,0
19,18,261.009,253.744,20,approach_zone,6,300,700,15,135,120,447.984057324588,-73.0794760097683,0.179894406468977,-72.8995816032993,-94.9934582200228,0.654484480043883,-94.338973739979,0
19,18,261.009,253.744,20,approach_zone,7,400,700,15,116.565051177078,120,467.426909384772,-73.4484990493108,-1.9302830337582,-75.378782083069,-107.299734786737,-0.0837025861319593,-107.383437372869,0
19,18,261.009,253.744,20,approach_zone,8,600,700,15,63.434948822922,120,560.432257830507,-75.0246873306252,-2.76594354342636,-77.7906308740516,-127.221520383268,0.812723022403544,-126.408797360865,0
19,18,261.009,253.744,20,approach_zone,9,700,700,15,45,120,626.005204145301,-75.9857837068175,-2.0084383040462,-77.9942220108637,-134.529798470325,-0.0932584257832361,-134.623056896108,0
19,18,261.009,253.744,20,approach_zone,10,750,700,15,38.6598082540901,120,662.028409977246,-76.4717573732257,0.48537015682531,-75.9863872164004,-137.616242714925,1.25484596744644,-136.361396747478,0
19,18,261.009,253.744,20,approach_zone,11,750,650,15,30.9637565320735,120,629.409259239964,-76.0328873848433,-0.978076725995385,-77.0109641108387,-140.980269057855,-0.355316398957251,-141.335585456812,0
19,18,261.009,253.744,20,approach_zone,12,750,550,15,11.3099324740202,120,571.755905624944,-75.1984380161902,-0.715894319415887,-75.914332335606,-148.790354506846,-0.387641619043597,-149.17799612589,0
19,18,261.009,253.744,20,approach_zone,13,750,450,15,-11.3099324740202,120,526.928472960989,-74.4892581666954,-0.286472219361232,-74.7757303860566,-158.13199541466,-0.470195962403515,-158.602191377063,0
19,18,261.009,253.744,20,approach_zone,14,750,350,15,-30.9637565320735,120,498.39985515347,-74.0057829829342,-0.562552695815536,-74.5683356787498,-168.863924163566,0.285282020355533,-168.57864214321,0
19,18,261.009,253.744,20,approach_zone,15,750,300,15,-38.6598082540901,120,491.199364430574,-73.8793807581129,-0.918230965547923,-74.7976117236608,-174.596197654265,0.669342952259831,-173.926854702005,0
19,18,261.009,253.744,20,approach_zone,16,700,300,15,-45,120,441.449561804064,-72.9518466354704,0.995453392376715,-71.9563932430937,-173.985001770007,-1.0569920867639,-175.041993856771,0
19,18,261.009,253.744,20,approach_zone,17,600,300,15,-63.434948822922,120,342.168840803776,-70.7390340041951,-0.247937104530714,-70.9869711087259,-172.229863591174,-0.672290252487966,-172.902153843662,0
19,18,261.009,253.744,20,approach_zone,18,400,300,15,-116.565051177078,120,146.571196409799,-63.3751974914481,-0.373222253518581,-63.7484197449667,-161.592633556084,-0.579791410173656,-162.172424966257,1
19,18,261.009,253.744,20,approach_zone,19,300,300,15,-135,120,60.7035058048545,-55.7185003057327,-0.94318309888305,-56.6616834046158,-130.1288554028,-0.298754933413284,-130.427610336214,1
19,18,261.009,253.744,20,approach_zone,20,300,500,15,180,120,249.373847099089,-67.9912429384848,-0.945624727822435,-68.9368676663072,-98.9972493437979,-1.48197732587767,-100.479226669676,0
19,18,261.009,253.744,20,approach_zone,21,500,350,15,-90,120,257.695393084549,-68.2763579257901,1.70864803624664,-66.5677098895435,-158.062399076337,-0.0782738004916609,-158.140672876829,0
19,18,261.009,253.744,20,approach_zone,22,700,500,15,0,120,503.368767025726,-74.0919501339979,-2.03391026442226,-76.1258603984201,-150.709356976733,-0.311218819762312,-151.020575796495,0
19,18,261.009,253.744,20,approach_zone,23,500,650,15,90,120,462.774800110162,-73.3616188721914,-0.375058911731924,-73.7366777839234,-121.095133525478,-0.134400365635895,-121.229533891114,0
20,19,263.347,263.467,20,approach_zone,0,250,300,15,-141.34019174591,120,39.2148249772965,-51.9232304545783,-1.70675208677526,-53.6299825413535,-69.9306826200296,1.19022969282379,-68.7404529272058,0
20,19,263.347,263.467,20,approach_zone,1,250,350,15,-149.036243467926,120,87.6989309969056,-58.9141108258461,0.310533732913747,-58.6035770929323,-81.2316980088927,-0.664500810630768,-81.8961988195235,0
20,19,263.347,263.467,20,approach_zone,2,250,450,15,-168.69006752598,120,187.076728905548,-65.4946201848231,-0.108323616322319,-65.6029438011454,-85.9072889406903,1.19348012954835,-84.7138088111419,0
20,19,263.347,263.467,20,approach_zone,3,250,550,15,168.69006752598,120,286.887264440233,-69.2084502218711,-1.42225450929865,-70.6307047311698,-87.3330318362338,0.108426894707459,-87.2246049415263,0
20,19,263.347,263.467,20,approach_zone,4,250,650,15,149.036243467926,120,386.795685728267,-71.8038572616418,0.566042741496433,-71.2378145201454,-88.0223601802026,0.0671568827720685,-87.9552032974305,0
20,19,263.347,263.467,20,approach_zone,5,250,700,15,141.34019174591,120,436.765615059153,-72.8591936471276,0.788422029132631,-72.070771617995,-88.2487266576901,-0.17217467498671,-88.4209013326768,0
20,19,263.347,263.467,20,approach_zone,6,300,700,15,135,120,438.097594718346,-72.8856422098971,-0.507742532706575,-73.3933847426036,-94.7995177432517,-0.238928424295691,-95.0384461675474,0
20,19,263.347,263.467,20,approach_zone,7,400,700,15,116.565051177078,120,457.449562791353,-73.2610891712902,-0.474419987508254,-73.7355091587984,-107.3822922116,0.403084112788224,-106.979208098812,0
20,19,263.347,263.467,20,approach_zone,8,600,700,15,63.434948822922,120,551.290579003487,-74.8818362520468,-0.120330950459553,-75.0021672025064,-127.639306642359,-0.561652529563761,-128.200959171923,0
20,19,263.347,263.467,20,approach_zone,9,700,700,15,45,120,617.45599235735,-75.8663450297103,1.37391082040349,-74.4924342093068,-135.007874030846,0.402020675975297,-134.605853354871,0
20,19,263.347,263.467,20,approach_zone,10,750,700,15,38.6598082540901,120,653.771521632749,-76.3627448089471,-0.37918230578204,-76.7419271147292,-138.107551569757,0.928138602451924,-137.179412967305,0
20,19,263.347,263.467,20,approach_zone,11,750,650,15,30.9637565320735,120,621.501329441861,-75.9230660736292,0.0558728155166465,-75.8671932581126,-141.541001306988,0.609723562855811,-140.931277744132,0
20,19,263.347,263.467,20,approach_zone,12,750,550,15,11.3099324740202,120,564.763049869589,-75.0915503315559,-0.393769178075977,-75.4853195096319,-149.511147743748,0.129827084961516,-149.381320658786,0
20,19,263.347,263.467,20,approach_zone,13,750,450,15,-11.3099324740202,120,521.201211144026,-74.3943331589477,1.47659432768537,-72.9177388312624,-159.028284163395,-0.682581358100092,-159.710865521495,0
20,19,263.347,263.467,20,approach_zone,14,750,350,15,-30.9637565320735,120,494.311746267474,-73.9342434475964,-0.249975666592552,-74.1842191141889,-169.917472003356,-0.395398632477895,-170.312870635834,0
20,19,263.347,263.467,20,approach_zone,15,750,300,15,-38.6598082540901,120,488.047951023258,-73.8234747104232,0.0518402270728788,-73.7716344833504,-175.706863187571,0.0215662775382499,-175.685296910033,0
20,19,263.347,263.467,20,approach_zone,16,700,300,15,-45,120,438.207145649178,-72.8878139368229,0.252458277279793,-72.6353556595431,-175.21743117585,0.584658781035678,-174.632772394814,0
20,19,263.347,263.467,20,approach_zone,17,600,300,15,-63.434948822922,120,338.666358674729,-70.649665999628,-0.911682388764129,-71.5613483883921,-173.806597058935,0.0209142711893064,-173.785682787746,0
20,19,263.347,263.467,20,approach_zone,18,400,300,15,-116.565051177078,120,141.540462405632,-63.0718370360315,0.636263601692329,-62.4355734343392,-165.03249780966,-0.733325104997694,-165.765822914658,1
20,19,263.347,263.467,20,approach_zone,19,300,300,15,-135,120,51.9913694568628,-54.3728499729502,-0.634462882558369,-55.0073128555085,-135.093945390922,-0.759817528349273,-135.853762919272,1
20,19,263.347,263.467,20,approach_zone,20,300,500,15,180,120,239.408233981206,-67.6370064950808,0.0804725501822848,-67.5565339448985,-98.80845855746,0.0515846387174117,-98.7568739187426,0
20,19,263.347,263.467,20,approach_zone,21,500,350,15,-90,120,252.026987638229,-68.0831658050064,-1.25440741374667,-69.337573218753,-159.914883411245,0.0897684587276699,-159.825114952517,0
20,19,263.347,263.467,20,approach_zone,22,700,500,15,0,120,496.627327578739,-73.9748371043748,-0.678537176397825,-74.6533742807726,-151.555790583883,-0.67731069259248,-152.233101276475,0
20,19,263.347,263.467,20,approach_zone,23,500,650,15,90,120,453.252029778136,-73.1810199872982,-1.18635056638047,-74.3673705536787,-121.476854751849,-0.75924646826313,-122.236101220112,0
21,20,265.685,273.19,20,approach_zone,0,250,300,15,-141.34019174591,120,31.4610127777222,-50.0096788164406,-0.143013977282699,-50.1526927937233,-59.6705348729757,-0.00243166758588487,-59.6729665405616,0
21,20,265.685,273.19,20,approach_zone,1,250,350,15,-149.036243467926,120,78.5544099653228,-57.9576362525208,1.64550477917782,-56.312131473343,-78.4585837168378,0.549058788882328,-77.9095249279554,0
21,20,265.685,273.19,20,approach_zone,2,250,450,15,-168.69006752598,120,177.574759819632,-65.0418495529423,0.655921836167225,-64.3859277167751,-84.9305020796638,-1.30014332779909,-86.2306454074629,0
21,20,265.685,273.19,20,approach_zone,3,250,550,15,168.69006752598,120,277.299108049413,-68.9131942871063,-0.173716966320868,-69.0869112534271,-86.756893408334,-0.0947389877348006,-86.8516323960688,0
21,20,265.685,273.19,20,approach_zone,4,250,650,15,149.036243467926,120,377.16945173887,-71.5849550437196,-0.904756525636452,-72.4897115693561,-87.6163960894802,0.30881711476953,-87.3075789747106,0
21,20,265.685,273.19,20,approach_zone,5,250,700,15,141.34019174591,120,427.127375995733,-72.6653729877915,0.0404110258310361,-72.6249619619605,-87.8953631205263,-0.523560720271211,-88.4189238407975,0
21,20,265.685,273.19,20,approach_zone,6,300,700,15,135,120,428.216411788479,-72.6874909945022,-0.823807153263201,-73.5112981477654,-94.596623211042,0.629398426863291,-93.9672247841787,0
21,20,265.685,273.19,20,approach_zone,7,400,700,15,116.565051177078,120,447.473234199544,-73.0695660926522,-0.624280030562548,-73.6938461232148,-107.468531480299,0.666129727353862,-106.802401752945,0
21,20,265.685,273.19,20,approach_zone,8,600,700,15,63.434948822922,120,542.179209602323,-74.737082036484,-1.5894322528356,-76.3265142893196,-128.071159565601,-0.501986435657574,-128.573146001259,0
21,20,265.685,273.19,20,approach_zone,9,700,700,15,45,120,608.950979410494,-75.745871500407,1.1019413645043,-74.6439301359027,-135.499339745588,0.34192425485097,-135.157415490737,0
21,20,265.685,273.19,20,approach_zone,10,750,700,15,38.6598082540901,120,645.563935892488,-76.2530100491702,-1.15726581824976,-77.41027586742,-138.611391835707,0.0490451192792789,-138.562346716428,0
21,20,265.685,273.19,20,approach_zone,11,750,650,15,30.9637565320735,120,613.654459223593,-75.8127027230241,0.662619872367034,-75.150082850657,-142.116131066854,0.181813840368972,-141.934317226485,0
21,20,265.685,273.19,20,approach_zone,12,750,550,15,11.3099324740202,120,557.861806655555,-74.9847574137019,0.115503085658766,-74.8692543280431,-150.249895455295,0.170780107866916,-150.079115347428,0
21,20,265.685,273.19,20,approach_zone,13,750,450,15,-11.3099324740202,120,515.604301111812,-74.3005554648546,1.39675222850033,-72.9038032363542,-159.944261513739,0.468068776809431,-159.47619273693,0
21,20,265.685,273.19,20,approach_zone,14,750,350,15,-30.9637565320735,120,490.3935106881,-73.865119125981,-0.525254299712536,-74.3903734256936,-170.988224212649,-0.358249982216159,-171.346474194866,0
21,20,265.685,273.19,20,approach_zone,15,750,300,15,-38.6598082540901,120,485.082256246299,-73.7705326126632,-0.0435801959362663,-73.8141128085995,-176.831537986204,-0.303657913116978,-177.135195899321,0
21,20,265.685,273.19,20,approach_zone,16,700,300,15,-45,120,435.170421013423,-72.8274121991367,-0.24446168379074,-73.0718738829274,-176.467648629085,0.44779515369732,-176.019853475387,0
21,20,265.685,273.19,20,approach_zone,17,600,300,15,-63.434948822922,120,335.425543638227,-70.5661474807735,-1.24794123253892,-71.8140887133125,-175.415043940499,0.234190933843538,-175.180853006655,0
21,20,265.685,273.19,20,approach_zone,18,400,300,15,-116.565051177078,120,137.05581098589,-62.7921739098315,-0.0591966779606801,-62.8513705877922,-168.711808228948,0.0041589892801172,-168.707649239668,1
21,20,265.685,273.19,20,approach_zone,19,300,300,15,-135,120,43.832582914996,-52.8901660943014,0.0662493751898282,-52.8239167191116,-141.999809509463,-0.355317287522017,-142.355126796985,1
21,20,265.685,273.19,20,approach_zone,20,300,500,15,180,120,229.445626075112,-67.2678204971992,-0.765465086427287,-68.0332855836265,-98.6032630305401,1.09271588450814,-97.510547146032,0
21,20,265.685,273.19,20,approach_zone,21,500,350,15,-90,120,246.633929792719,-67.8952812922496,1.1125744250885,-66.7827068671611,-161.850515536485,-1.32324742490185,-163.173762961387,0
21,20,265.685,273.19,20,approach_zone,22,700,500,15,0,120,489.997240119779,-73.858097512185,-0.0460691237647539,-73.9041666359497,-152.425326627805,-0.393883262000303,-152.819209889805,0
21,20,265.685,273.19,20,approach_zone,23,500,650,15,90,120,443.750262337951,-72.9969972904536,-0.241137836342624,-73.2381351267962,-121.874943489681,-0.170525022392879,-122.045468512074,0
22,21,268.022,282.913,20,approach_zone,0,250,300,15,-141.34019174591,120,25.3329440255174,-48.1279381047689,-0.942202219813646,-49.0701403245825,-43.4744967272348,-0.0675378597013186,-43.5420345869362,0
22,21,268.022,282.913,20,approach_zone,1,250,350,15,-149.036243467926,120,69.6452299371608,-56.9120523656095,1.02405988037752,-55.887992485232,-74.9632778846751,-0.484831355599412,-75.4481092402745,0
22,21,268.022,282.913,20,approach_zone,2,250,450,15,-168.69006752598,120,168.130479250492,-64.5671538526239,-0.639001396246067,-65.2061552488699,-83.8438778966145,-0.000354095325246746,-83.8442319919398,0
22,21,268.022,282.913,20,approach_zone,3,250,550,15,168.69006752598,120,267.741027959855,-68.6085233637825,0.0453884222549999,-68.5631349415275,-86.1397534274936,-0.707648287778135,-86.8474017152718,0
22,21,268.022,282.913,20,approach_zone,4,250,650,15,149.036243467926,120,367.563134785033,-71.3608637697814,1.85333654708117,-69.5075272227002,-87.1893416840293,-0.67652501485201,-87.8658666988813,0
22,21,268.022,282.913,20,approach_zone,5,250,700,15,141.34019174591,120,417.506117383925,-72.4674816989656,-0.0229234037960013,-72.4904051027616,-87.5258336194094,0.5999245536806,-86.9259090657288,0
22,21,268.022,282.913,20,approach_zone,6,300,700,15,135,120,418.340959090788,-72.4848325889703,-0.264303288880158,-72.7491358778505,-94.3842818985502,1.37142582556133,-93.0128560729888,0
22,21,268.022,282.913,20,approach_zone,7,400,700,15,116.565051177078,120,437.498294914392,-72.8737521294804,-0.763082709998235,-73.6368348394786,-107.558828961493,-0.74040485078494,-108.299233812278,0
22,21,268.022,282.913,20,approach_zone,8,600,700,15,63.434948822922,120,533.100326442406,-74.5904038035118,-0.0490990318331493,-74.639502835345,-128.517834200095,-0.0381113925708047,-128.555945592666,0
22,21,268.022,282.913,20,approach_zone,9,700,700,15,45,120,600.492762698269,-75.6243803849425,1.4291949387445,-74.195185446198,-136.004756988489,0.153065400163055,-135.851691588326,0
22,21,268.022,282.913,20,approach_zone,10,750,700,15,38.6598082540901,120,637.408313448295,-76.1425793041271,1.18775772917661,-74.9548215749505,-139.128226989387,-1.15056560288877,-140.278792592276,0
22,21,268.022,282.913,20,approach_zone,11,750,650,15,30.9637565320735,120,605.871816519798,-75.7018398500115,-0.945358547913609,-76.6471983979251,-142.706156886111,0.114514393757723,-142.591642492353,0
22,21,268.022,282.913,20,approach_zone,12,750,550,15,11.3099324740202,120,551.056492614868,-74.8781473075751,-1.27223579878003,-76.1503831063551,-151.007072363643,-0.336822192890823,-151.343894556534,0
22,21,268.022,282.913,20,approach_zone,13,750,450,15,-11.3099324740202,120,510.142978049292,-74.2080630964021,2.21144890856835,-71.9966141878337,-160.880136418103,-1.05389614569141,-161.934032563794,0
22,21,268.022,282.913,20,approach_zone,14,750,350,15,-30.9637565320735,120,486.650242014735,-73.7985637080178,-1.17746818638425,-74.976031894402,-172.075855868321,-0.495507998661535,-172.571363866982,0
22,21,268.022,282.913,20,approach_zone,15,750,300,15,-38.6598082540901,120,482.306705378435,-73.7206908310612,-0.366054614559268,-74.0867454456205,-177.969610351589,0.798168145275081,-177.171442206314,0
22,21,268.022,282.913,20,approach_zone,16,700,300,15,-45,120,432.34472131969,-72.770828051397,-1.32378674496852,-74.0946147963655,-177.734831705577,-0.317486844861463,-178.052318550438,0
22,21,268.022,282.913,20,approach_zone,17,600,300,15,-63.434948822922,120,332.455046664959,-70.4888834327165,1.00790648328349,-69.480976949433,-177.053570339568,0.138086987316602,-176.915483352252,0
22,21,268.022,282.913,20,approach_zone,18,400,300,15,-116.565051177078,120,133.173413461546,-62.5425754661402,-0.493857388832823,-63.0364328549731,-172.623033819879,0.755069911140568,-171.867963908738,1
22,21,268.022,282.913,20,approach_zone,19,300,300,15,-135,120,36.5999734016297,-51.323840229809,0.336664515858783,-50.9871757139503,-151.882800564834,-0.173743384902532,-152.056543949737,1
22,21,268.022,282.913,20,approach_zone,20,300,500,15,180,120,219.486578298082,-66.8823841960182,0.713973028654635,-66.1684111673636,-98.379691790101,0.823863309174876,-97.5558284809261,0
22,21,268.022,282.913,20,approach_zone,21,500,350,15,-90,120,241.535624811331,-67.7138487382969,0.128246155753899,-67.585602582543,-163.870367329718,-0.0681069483071494,-163.938474278025,0
22,21,268.022,282.913,20,approach_zone,22,700,500,15,0,120,483.483979106857,-73.7418665887237,-0.273461413467526,-74.0153280021912,-153.318559966286,0.213585009579458,-153.104974956706,0
22,21,268.022,282.913,20,approach_zone,23,500,650,15,90,120,434.271410586744,-72.8094496216559,-0.0476638323187386,-72.8571134539746,-122.290546024801,-0.172061516990986,-122.462607541792,0
23,22,270.36,292.636,20,approach_zone,0,250,300,15,-141.34019174591,120,22.2206682167751,-46.9893671310948,-0.723572967334757,-47.7129400984295,-19.8845297342499,-0.591370213183337,-20.4758999474332,0
23,22,270.36,292.636,20,approach_zone,1,250,350,15,-149.036243467926,120,61.075020229223,-55.771497224076,1.01520146063207,-54.756295763444,-70.4588809997563,-0.509491952852831,-70.9683729526091,0
23,22,270.36,292.636,20,approach_zone,2,250,450,15,-168.69006752598,120,158.754395517101,-64.0687400076723,-0.175880889480155,-64.2446208971525,-82.6279356728698,0.904126152631587,-81.7238095202382,0
23,22,270.36,292.636,20,approach_zone,3,250,550,15,168.69006752598,120,258.216494624182,-68.2939044569345,0.141873596125083,-68.1520308608095,-85.4767658849827,-0.252428287954876,-85.7291941729376,0
23,22,270.36,292.636,20,approach_zone,4,250,650,15,149.036243467926,120,357.978432445308,-71.1313620736935,0.635106466747954,-70.4962556069456,-86.7392284418234,0.0728205140405834,-86.6664079277828,0
23,22,270.36,292.636,20,approach_zone,5,250,700,15,141.34019174591,120,407.903123420255,-72.2653654509436,0.221145707061009,-72.0442197438826,-87.1387452295693,-0.402537795736018,-87.5412830253053,0
23,22,270.36,292.636,20,approach_zone,6,300,700,15,135,120,408.471489942689,-72.2774598242978,-1.22970535873534,-73.5071651830332,-94.1615348907129,-0.392312500162763,-94.5538473908756,0
23,22,270.36,292.636,20,approach_zone,7,400,700,15,116.565051177078,120,427.524219309269,-72.6734392863666,-1.47787322155581,-74.1513125079224,-107.653212663289,0.864600791297993,-106.788611871991,0
23,22,270.36,292.636,20,approach_zone,8,600,700,15,63.434948822922,120,524.054346509978,-74.441751381751,0.812702806805591,-73.6290485749454,-128.979873617797,-0.758387875588613,-129.738261493386,0
23,22,270.36,292.636,20,approach_zone,9,700,700,15,45,120,592.0818846207,-75.5018603058427,0.0306935770444205,-75.4711667287982,-136.524508331659,-0.469292146176661,-136.993800477836,0
23,22,270.36,292.636,20,approach_zone,10,750,700,15,38.6598082540901,120,629.305139098673,-76.0314504011088,-0.321465944097622,-76.3529163452065,-139.658356779571,0.399858061662378,-139.258498717909,0
23,22,270.36,292.636,20,approach_zone,11,750,650,15,30.9637565320735,120,598.154292884369,-75.5904893135042,0.72274257167493,-74.8677467418293,-143.311415809302,-0.0841685588271883,-143.395584368129,0
23,22,270.36,292.636,20,approach_zone,12,750,550,15,11.3099324740202,120,544.348930462805,-74.771772313331,-1.85258475868933,-76.6243570720204,-151.782997051422,-0.102143234803934,-151.885140286226,0
23,22,270.36,292.636,20,approach_zone,13,750,450,15,-11.3099324740202,120,504.81972831497,-74.1169512094652,-0.869406338996683,-74.9863575484618,-161.835971214293,-0.541255895882453,-162.377227110176,0
23,22,270.36,292.636,20,approach_zone,14,750,350,15,-30.9637565320735,120,483.084007286517,-73.7346780384364,0.222579270862893,-73.5120987675735,-173.179931804332,0.113803365058883,-173.066128439273,0
23,22,270.36,292.636,20,approach_zone,15,750,300,15,-38.6598082540901,120,479.722584517344,-73.6740281299781,-0.492621532694324,-74.1666496626724,-179.120396604006,-0.166244549889745,-179.286641153895,0
23,22,270.36,292.636,20,approach_zone,16,700,300,15,-45,120,429.732193460066,-72.7181826371788,-0.305355461082815,-73.0235380982616,-179.018050437144,-0.175933899874931,-179.193984337019,0
23,22,270.36,292.636,20,approach_zone,17,600,300,15,-63.434948822922,120,329.760152377451,-70.4181883365612,1.70202569811162,-68.7161626384496,-178.720252538111,0.770690417407674,-177.949562120703,0
23,22,270.36,292.636,20,approach_zone,18,400,300,15,-116.565051177078,120,129.945211901016,-62.3294304673748,-0.181158315320747,-62.5105887826955,-176.748895428314,-0.436520508227333,-177.185415936541,0
23,22,270.36,292.636,20,approach_zone,19,300,300,15,-135,120,30.9476670526229,-49.8667831521721,-0.689926388874423,-50.5567095410465,-166.04747699781,0.135769461250333,-165.911707536559,1
23,22,270.36,292.636,20,approach_zone,20,300,500,15,180,120,209.531281903204,-66.4792022340988,0.624208465328042,-65.8549937687708,-98.1345895025868,-0.465570197307286,-98.6001596998941,0
23,22,270.36,292.636,20,approach_zone,21,500,350,15,-90,120,236.749145924542,-67.5399932533411,0.970798375524399,-66.5691948778167,-165.974559036475,-0.272955562529177,-166.247514599004,0
23,22,270.36,292.636,20,approach_zone,22,700,500,15,0,120,477.090513525473,-73.6262404567752,-0.474564603464422,-74.1008050602396,-154.235908662552,0.341166553295672,-153.894742109256,0
23,22,270.36,292.636,20,approach_zone,23,500,650,15,90,120,424.815910831974,-72.6182403185406,-0.0171634389288038,-72.6354037574694,-122.724561098026,0.097984851983119,-122.626576246043,0
24,23,272.698,302.359,20,approach_zone,0,250,300,15,-141.34019174591,120,23.3615942307026,-47.4242743615774,0.0672755770278006,-47.3569987845496,5.93344044045619,-0.440579331069234,5.49286110938695,0
24,23,272.698,302.359,20,approach_zone,1,250,350,15,-149.036243467926,120,53.0081511184837,-54.5410779672257,-1.0122415744847,-55.5533195417104,-64.5250785339462,0.312566079051795,-64.2125124548944,0
24,23,272.698,302.359,20,approach_zone,2,250,450,15,-168.69006752598,120,149.459238874685,-63.5446801596141,-0.620336400415036,-64.1650165600291,-81.2599034707313,-0.966060317199181,-82.2259637879305,0
24,23,272.698,302.359,20,approach_zone,3,250,550,15,168.69006752598,120,248.729298806956,-67.9687637451584,-0.594821547776341,-68.5635852929347,-84.7630803217317,-0.0267568750640666,-84.7898371967958,0
24,23,272.698,302.359,20,approach_zone,4,250,650,15,149.036243467926,120,348.417083514859,-70.8962136561422,0.306501063876477,-70.5897125922657,-86.2643752751705,0.226515253569499,-86.037860021601,0
24,23,272.698,302.359,20,approach_zone,5,250,700,15,141.34019174591,120,398.319675744244,-72.0588600287556,-0.296087620419307,-72.3549476491749,-86.7330082162515,-0.333314416821875,-87.0663226330734,0
24,23,272.698,302.359,20,approach_zone,6,300,700,15,135,120,398.6085348873,-72.0651567031961,-1.68399664132366,-73.7491533445198,-93.9277594244972,-0.525998914928936,-94.4537583394262,0
24,23,272.698,302.359,20,approach_zone,7,400,700,15,116.565051177078,120,417.551390950863,-72.4684235292045,0.159759462254817,-72.3086640669497,-107.752105817915,0.5363568389413,-107.215748978974,0
24,23,272.698,302.359,20,approach_zone,8,600,700,15,63.434948822922,120,515.043652601408,-74.2911056201236,0.00185934836000714,-74.2892462717636,-129.458113329467,0.194849003381205,-129.263264326086,0
24,23,272.698,302.359,20,approach_zone,9,700,700,15,45,120,583.721135547617,-75.3783332073917,-0.569043883559866,-75.9473770909515,-137.059194813287,-0.0743493814937585,-137.133544194781,0
24,23,272.698,302.359,20,approach_zone,10,750,700,15,38.6598082540901,120,621.257244694177,-75.9196541587938,-0.871843384762611,-76.7914975435564,-140.202269852513,0.835835008107428,-139.366434844405,0
24,23,272.698,302.359,20,approach_zone,11,750,650,15,30.9637565320735,120,590.505261691206,-75.4787002691,-0.105219087222162,-75.5839193563222,-143.932426941789,0.223177623346635,-143.709249318442,0
24,23,272.698,302.359,20,approach_zone,12,750,550,15,11.3099324740202,120,537.743678795948,-74.6657311129517,0.526896718131827,-74.1388343948199,-152.578134012432,-0.667442822371816,-153.245576834804,0
24,23,272.698,302.359,20,approach_zone,13,750,450,15,-11.3099324740202,120,499.639934437791,-74.0273676881963,0.921269373035652,-73.1060983151607,-162.811902744292,0.621081887778827,-162.190820856513,0
24,23,272.698,302.359,20,approach_zone,14,750,350,15,-30.9637565320735,120,479.699764524645,-73.6736149398155,-0.890386868177617,-74.5640018079932,-174.300008693814,-0.234500376402639,-174.534509070217,0
24,23,272.698,302.359,20,approach_zone,15,750,300,15,-38.6598082540901,120,477.334017313872,-73.6306725454527,1.58726880024805,-72.0434037452047,179.716825734303,-0.416391220515935,179.300434513787,0
24,23,272.698,302.359,20,approach_zone,16,700,300,15,-45,120,427.337763467026,-72.6696502890164,0.575465245385541,-72.0941850436309,179.683691228324,0.976697544239398,-179.339611227437,0
24,23,272.698,302.359,20,approach_zone,17,600,300,15,-63.434948822922,120,327.348688839592,-70.3544369490536,0.0298206748215676,-70.3246162742321,179.587052924956,0.349397194465593,179.936450119421,0
24,23,272.698,302.359,20,approach_zone,18,400,300,15,-116.565051177078,120,127.421992155985,-62.1591126481776,-0.177509742017373,-62.3366223901949,178.938388429186,-0.352646618018402,178.585741811168,0
24,23,272.698,302.359,20,approach_zone,19,300,300,15,-135,120,27.8561319102276,-48.9526410410501,-0.502489767400407,-49.4551308084505,175.061684536323,-0.522347766684998,174.539336769638,1
24,23,272.698,302.359,20,approach_zone,20,300,500,15,180,120,199.580470199366,-66.0565856634777,0.309995696917874,-65.7465899665598,-97.8650259432129,0.299304678584447,-97.5657212646285,0
24,23,272.698,302.359,20,approach_zone,21,500,350,15,-90,120,232.294778428186,-67.3750137891423,1.00577652525605,-66.3692372638863,-168.162534946388,0.79430036165538,-167.368234584733,0
24,23,272.698,302.359,20,approach_zone,22,700,500,15,0,120,470.822646104666,-73.5113717104281,-0.620741688303339,-74.1321133987315,-155.177931582554,-0.0510527979343058,-155.228984380489,0
24,23,272.698,302.359,20,approach_zone,23,500,650,15,90,120,415.385921866642,-72.4232603036716,-0.0465707400343873,-72.469831043706,-123.178311833767,-0.112715521939818,-123.291027355707,0
25,24,275.036,312.081,20,approach_zone,0,250,300,15,-141.34019174591,120,28.2445013586716,-49.0729030723695,-1.06836309982586,-50.1412661721953,25.7594068647403,0.840283479909975,26.5996903446503,0
25,24,275.036,312.081,20,approach_zone,1,250,350,15,-149.036243467926,120,45.7127100159244,-53.2549642064525,0.423145747449519,-52.831818459003,-56.5652330754621,-0.349893721504732,-56.9151267969668,0
25,24,275.036,312.081,20,approach_zone,2,250,450,15,-168.69006752598,120,140.262082748689,-62.9930305030358,0.0039939396722239,-62.9890365633636,-79.7113129498801,-0.386213855793838,-80.097526805674,0
25,24,275.036,312.081,20,approach_zone,3,250,550,15,168.69006752598,120,239.28487594706,-67.6325298302947,0.984534727348016,-66.6479951029467,-83.9929245722799,0.103770082545557,-83.8891544897344,0
25,24,275.036,312.081,20,approach_zone,4,250,650,15,149.036243467926,120,338.882061869613,-70.6551964507421,-0.667062894403517,-71.3222593451456,-85.7627682998405,-0.988031753443533,-86.750800053284,0
25,24,275.036,312.081,20,approach_zone,5,250,700,15,141.34019174591,120,388.758217735651,-71.8478164828799,1.61066357448167,-70.2371529083982,-86.3072949670297,0.62623613831822,-85.6810588287115,0
25,24,275.036,312.081,20,approach_zone,6,300,700,15,135,120,388.753587580874,-71.8477130323261,-1.05846575899115,-72.9061787913173,-93.6821145921639,0.593067941653576,-93.0890466505103,0
25,24,275.036,312.081,20,approach_zone,7,400,700,15,116.565051177078,120,407.580853153089,-72.2585003151461,0.862913078191686,-71.3955872369544,-107.85579577206,-0.0126988262871676,-107.868494598347,0
25,24,275.036,312.081,20,approach_zone,8,600,700,15,63.434948822922,120,506.070896077812,-74.1384520729488,1.33844906037738,-72.8000030125714,-129.953277587768,-0.366306899235873,-130.319584487004,0
25,24,275.036,312.081,20,approach_zone,9,700,700,15,45,120,575.413374763743,-75.2538238802986,0.908669505997115,-74.3451543743015,-137.609298755734,-0.637225311354895,-138.246524067089,0
25,24,275.036,312.081,20,approach_zone,10,750,700,15,38.6598082540901,120,613.267439097332,-75.8072229704489,0.920754188781291,-74.8864687816677,-140.760336514343,0.325175932296947,-140.435160582046,0
25,24,275.036,312.081,20,approach_zone,11,750,650,15,30.9637565320735,120,582.927998861781,-75.3665231462872,-1.3460229103524,-76.7125460566396,-144.569581494837,-0.907792091852519,-145.47737358669,0
25,24,275.036,312.081,20,approach_zone,12,750,550,15,11.3099324740202,120,531.245001724252,-74.5601219736569,1.14034427796637,-73.4197776956905,-153.392791455637,0.351468460592275,-153.041322995045,0
25,24,275.036,312.081,20,approach_zone,13,750,450,15,-11.3099324740202,120,494.608382315747,-73.9394542790493,-0.5901361565253,-74.5295904355746,-163.807876046984,1.0275403789364,-162.780335668048,0
25,24,275.036,312.081,20,approach_zone,14,750,350,15,-30.9637565320735,120,476.501470991434,-73.615509747674,-0.25606918965775,-73.8715789373317,-175.435442692983,0.666775767289806,-174.768666925693,0
25,24,275.036,312.081,20,approach_zone,15,750,300,15,-38.6598082540901,120,475.143927517758,-73.5907284986748,-0.471009173686645,-74.0617376723615,178.5429609514,-0.669219029140545,177.873741922259,0
25,24,275.036,312.081,20,approach_zone,16,700,300,15,-45,120,425.165087768269,-72.6253767427863,0.0634788469607123,-72.5618978958256,178.371617515724,-0.875227541839985,177.496389973884,0
25,24,275.036,312.081,20,approach_zone,17,600,300,15,-63.434948822922,120,325.226923634868,-70.2979546564399,1.38689966266426,-68.9110549937756,177.870928202864,0.39245886962818,178.263387072492,0
25,24,275.036,312.081,20,approach_zone,18,400,300,15,-116.565051177078,120,125.646137453564,-62.0372076799291,0.887556603392277,-61.1496510765368,174.478042708421,0.0593564767699018,174.537399185191,0
25,24,275.036,312.081,20,approach_zone,19,300,300,15,-135,120,28.1807000800193,-49.0532603918938,0.466145227583962,-48.5871151643099,154.175948568359,-0.778117787659074,153.3978307807,0
25,24,275.036,312.081,20,approach_zone,20,300,500,15,180,120,189.635840117315,-65.6126332341701,-1.03387974555796,-66.646512979728,-97.5671210691852,-0.561736737123802,-98.1288578063091,0
25,24,275.036,312.081,20,approach_zone,21,500,350,15,-90,120,228.192138026269,-67.220238383411,0.214534891860061,-67.0057034915509,-170.432392962792,0.511977440788147,-169.920415522004,0
25,24,275.036,312.081,20,approach_zone,22,700,500,15,0,120,464.685863629399,-73.3974140513529,-1.27216348379047,-74.6695775351433,-156.144994822584,-0.131600695879765,-156.276595518464,0
25,24,275.036,312.081,20,approach_zone,23,500,650,15,90,120,405.984053697925,-72.2244043468103,0.221529492248246,-72.002874854562,-123.653036470888,0.597952245138454,-123.055084225749,0
26,25,277.373,321.804,20,approach_zone,0,250,300,15,-141.34019174591,120,35.3510331532191,-51.0222670504607,1.40331648550467,-49.618950564956,38.5391216812248,0.0637567835720808,38.6028784647969,0
26,25,277.373,321.804,20,approach_zone,1,250,350,15,-149.036243467926,120,39.6143350947608,-52.0112722527369,-0.11114727625437,-52.1224195289913,-45.8485122864065,-0.781761134040168,-46.6302734204467,0
26,25,277.373,321.804,20,approach_zone,2,250,450,15,-168.69006752598,120,131.181155449249,-62.4116538715782,0.174186734134255,-62.237467137444,-77.9469433672907,0.875186407299331,-77.0717569599914,0
26,25,277.373,321.804,20,approach_zone,3,250,550,15,168.69006752598,120,229.886266542828,-67.2844853781197,-0.890878608092319,-68.175363986212,-83.1598304823972,-0.621078896925132,-83.7809093793223,0
26,25,277.373,321.804,20,approach_zone,4,250,650,15,149.036243467926,120,329.373489438661,-70.4079976505284,0.232592270815747,-70.1754053797126,-85.2323129409649,1.21171661213776,-84.0205963288271,0
26,25,277.373,321.804,20,approach_zone,5,250,700,15,141.34019174591,120,379.218269002167,-71.6320098640776,-0.00333719099924145,-71.6353470550769,-85.8602753335905,0.131345269170978,-85.7289300644196,0
26,25,277.373,321.804,20,approach_zone,6,300,700,15,135,120,378.905259326128,-71.6248375034936,-2.01352155301277,-73.6383590565064,-93.423854471905,-0.417386955378348,-93.8412414272834,0
26,25,277.373,321.804,20,approach_zone,7,400,700,15,116.565051177078,120,397.611110942589,-72.0433950727634,0.135590612654859,-71.9078044601086,-107.964867965793,0.372356878324416,-107.592511087469,0
26,25,277.373,321.804,20,approach_zone,8,600,700,15,63.434948822922,120,497.137199920706,-73.983750071497,-0.595498825470809,-74.5792488969678,-130.466441849435,0.454946298791195,-130.011495550644,0
26,25,277.373,321.804,20,approach_zone,9,700,700,15,45,120,567.160290874634,-75.1283411656828,0.397603268843917,-74.7307378968389,-138.175609982155,0.209790240038998,-137.965819742116,0
26,25,277.373,321.804,20,approach_zone,10,750,700,15,38.6598082540901,120,605.337505483511,-75.6941764892524,0.0302044271134869,-75.6639720621389,-141.333214405105,0.235049594999971,-141.098164810105,0
26,25,277.373,321.804,20,approach_zone,11,750,650,15,30.9637565320735,120,575.424969518181,-75.2539989018521,-1.41742774124132,-76.6714266430934,-145.223574931417,0.252500925954294,-144.971074005463,0
26,25,277.373,321.804,20,approach_zone,12,750,550,15,11.3099324740202,120,524.856833379351,-74.4550419517763,0.297057091438347,-74.157984860338,-154.227600947911,-0.246076468690076,-154.473677416601,0
26,25,277.373,321.804,20,approach_zone,13,750,450,15,-11.3099324740202,120,489.730023119882,-73.8533594233001,-1.67145645784614,-75.5248158811463,-164.824152507365,0.546721497386203,-164.277431009978,0
26,25,277.373,321.804,20,approach_zone,14,750,350,15,-30.9637565320735,120,473.493712254978,-73.5605091577826,-1.0452243404215,-74.6057334982041,-176.585892676289,-0.0440521092916334,-176.629944785581,0
26,25,277.373,321.804,20,approach_zone,15,750,300,15,-38.6598082540901,120,473.15610061057,-73.5543137145081,0.706770957096937,-72.8475427574112,177.358610441856,0.387850071110441,177.746460512967,0
26,25,277.373,321.804,20,approach_zone,16,700,300,15,-45,120,423.218614364964,-72.5855200534422,-0.268628679593155,-72.8541487330353,177.046637942978,-0.0525293530424994,176.994108589936,0
26,25,277.373,321.804,20,approach_zone,17,600,300,15,-63.434948822922,120,323.401601024176,-70.2490681459022,1.24136079025486,-69.0077073556473,176.133676410271,0.204201347107588,176.337877757379,0
26,25,277.373,321.804,20,approach_zone,18,400,300,15,-116.565051177078,120,124.650694121613,-61.9681188588333,-1.23838467250737,-63.2065035313407,169.917751372986,-0.443550803571377,169.474200569414,0
26,25,277.373,321.804,20,approach_zone,19,300,300,15,-135,120,31.8181637590858,-50.1077270882075,0.486838854163601,-49.6208882340439,136.061174285307,-0.17084558743542,135.890328697872,0
26,25,277.373,321.804,20,approach_zone,20,300,500,15,180,120,179.69639825272,-65.1450122824054,1.58899109581353,-63.5560211865919,-97.2365855049955,0.164838131292471,-97.071747373703,0
26,25,277.373,321.804,20,approach_zone,21,500,350,15,-90,120,224.461122569143,-67.0770474456236,0.0939730526084571,-66.9830743930152,-172.781845456612,0.317642276755968,-172.464203179856,0
26,25,277.373,321.804,20,approach_zone,22,700,500,15,0,120,458.685508322423,-73.2845252198225,1.11604789898271,-72.1684773208398,-157.137817552854,0.651858443119844,-156.485959109734,0
26,25,277.373,321.804,20,approach_zone,23,500,650,15,90,120,396.611138957292,-72.0215229811767,2.65279865214877,-69.3687243290279,-124.150438003674,0.549792380015558,-123.600645623659,0
27,26,279.711,331.527,20,approach_zone,0,250,300,15,-141.34019174591,120,43.6084309509067,-52.8456340514787,1.42055047122524,-51.4250835802535,46.6985964790204,0.180739314556557,46.879335793577,0
27,26,279.711,331.527,20,approach_zone,1,250,350,15,-149.036243467926,120,35.3411268920503,-51.0198327015386,-0.995523884507377,-52.015356586046,-31.8715411716446,-0.262113520212168,-32.1336546918568,0
27,26,279.711,331.527,20,approach_zone,2,250,450,15,-168.69006752598,120,122.243998830208,-61.7987757952336,0.470787141401296,-61.3279886538323,-75.921547231585,0.231452720682496,-75.6900945109025,0
27,26,279.711,331.527,20,approach_zone,3,250,550,15,168.69006752598,120,220.540688422794,-66.9239993522433,-0.871369172423685,-67.795368524667,-82.2556314046415,-0.150583497522815,-82.4062149021643,0
27,26,279.711,331.527,20,approach_zone,4,250,650,15,149.036243467926,120,319.894975343471,-70.154373205921,0.400482789746258,-69.7538904161748,-84.6701858897982,0.398956322985134,-84.2712295668131,0
27,26,279.711,331.527,20,approach_zone,5,250,700,15,141.34019174591,120,369.702711986266,-71.4112775620237,0.987487844514425,-70.4237897175093,-85.3900558561466,0.984118097250309,-84.4059377588963,0
27,26,279.711,331.527,20,approach_zone,6,300,700,15,135,120,369.065028484141,-71.3962827278001,0.354978101308709,-71.0413046264914,-93.151659365419,-0.428901960949908,-93.5805613263689,0
27,26,279.711,331.527,20,approach_zone,7,400,700,15,116.565051177078,120,387.642612789151,-71.8228550770367,0.910194964787146,-70.9126601122496,-108.079410549987,0.418517683141182,-107.660892866846,0
27,26,279.711,331.527,20,approach_zone,8,600,700,15,63.434948822922,120,488.244196330074,-73.8269666264539,-0.103079355634682,-73.9300459820885,-130.998255860697,0.326475289514448,-130.671780571183,0
27,26,279.711,331.527,20,approach_zone,9,700,700,15,45,120,558.963500820939,-75.0018938395606,-0.166926055481751,-75.1688198950423,-138.758520841327,-0.134115121787563,-138.892635963114,0
27,26,279.711,331.527,20,approach_zone,10,750,700,15,38.6598082540901,120,597.468907349998,-75.5805310193493,-0.130948402438718,-75.711479421788,-141.921182232591,0.439662148350946,-141.48152008424,0
27,26,279.711,331.527,20,approach_zone,11,750,650,15,30.9637565320735,120,567.998059195628,-75.1411618695064,-1.52385768935025,-76.6650195588566,-145.894703262605,-0.225683824645133,-146.12038708725,0
27,26,279.711,331.527,20,approach_zone,12,750,550,15,11.3099324740202,120,518.581907947047,-74.3505720587637,0.191364799847269,-74.1592072589164,-155.082750721377,-0.477030849484097,-155.559781570861,0
27,26,279.711,331.527,20,approach_zone,13,750,450,15,-11.3099324740202,120,485.007830091433,-73.7691998346507,0.534238321723868,-73.2349615129268,-165.860519146449,-0.664820047246745,-166.525339193695,0
27,26,279.711,331.527,20,approach_zone,14,750,350,15,-30.9637565320735,120,470.678228995138,-73.5087070478278,0.540055673733505,-72.9686513740943,-177.750572347933,0.0531008598174607,-177.697471488115,0
27,26,279.711,331.527,20,approach_zone,15,750,300,15,-38.6598082540901,120,471.371080201151,-73.5214835132152,0.0641654234897015,-73.4573180897255,176.164772375492,-0.0245847133510063,176.140187662141,0
27,26,279.711,331.527,20,approach_zone,16,700,300,15,-45,120,421.499460557187,-72.5501652970921,1.14943780047536,-71.4007274966167,175.710124803249,-0.289715965217198,175.420408838032,0
27,26,279.711,331.527,20,approach_zone,17,600,300,15,-63.434948822922,120,321.875745047681,-70.2079898672406,-1.25379108503507,-71.4617809522756,174.378315400442,0.834897764784074,175.213213165226,0
27,26,279.711,331.527,20,approach_zone,18,400,300,15,-116.565051177078,120,124.45238145572,-61.9542890633586,-2.30026151081864,-64.2545505741772,165.313471999125,-0.137524594070371,165.175947405055,0
27,26,279.711,331.527,20,approach_zone,19,300,300,15,-135,120,37.8232104665905,-51.6093926214769,-1.63074361275548,-53.2401362342324,122.763048714574,-0.709781005550394,122.053267709024,0
27,26,279.711,331.527,20,approach_zone,20,300,500,15,180,120,169.763939781097,-64.6511337447054,-1.27239936897312,-65.9235331136785,-96.8669914399632,-0.309779507105823,-97.176770947069,0
27,26,279.711,331.527,20,approach_zone,21,500,350,15,-90,120,221.118735637666,-66.946735682127,-0.750257691381991,-67.696993373509,-175.206504439863,-0.502954153179815,-175.709458593043,0
27,26,279.711,331.527,20,approach_zone,22,700,500,15,0,120,452.825568237925,-73.1728436497422,-0.781847460398409,-73.9546911101406,-158.156600718058,0.329886209450509,-157.826714508607,0
27,26,279.711,331.527,20,approach_zone,23,500,650,15,90,120,387.269021805256,-71.81448000519,-0.154661075869637,-71.9691410810596,-124.671758906135,-0.641961550386232,-125.313720456522,0
28,27,282.049,341.25,20,approach_zone,0,250,300,15,-141.34019174591,120,52.4757172509343,-54.4533925009956,-0.074278241706534,-54.5276707427021,52.1547420076672,0.357384658476148,52.5121266661434,0
28,27,282.049,341.25,20,approach_zone,1,250,350,15,-149.036243467926,120,33.596144138874,-50.5800135514916,-0.352758916895895,-50.9327724683875,-15.2706985249227,0.774797807558958,-14.4959007173638,0
28,27,282.049,341.25,20,approach_zone,2,250,450,15,-168.69006752598,120,113.484364125636,-61.152945405478,1.12931895866405,-60.023626446814,-73.5795729175154,-0.48120946166646,-74.0607823791819,0
28,27,282.049,341.25,20,approach_zone,3,250,550,15,168.69006752598,120,211.255061243512,-66.5503672854878,0.219142315741638,-66.3312249697462,-81.2716379396621,0.440085091546772,-80.8315528481154,0
28,27,282.049,341.25,20,approach_zone,4,250,650,15,149.036243467926,120,310.449192141001,-69.8940355152526,0.0548524814957312,-69.8391830337569,-84.0737829771445,-0.220459074861718,-84.2942420520062,0
28,27,282.049,341.25,20,approach_zone,5,250,700,15,141.34019174591,120,360.213410218165,-71.185422372883,-0.539075983241654,-71.7244983561246,-84.8950223369875,0.442482923987378,-84.4525394130001,0
28,27,282.049,341.25,20,approach_zone,6,300,700,15,135,120,359.233629969411,-71.161764569331,3.36709677197333,-67.7946677973577,-92.8645559234349,0.225327539874078,-92.6392283835608,0
28,27,282.049,341.25,20,approach_zone,7,400,700,15,116.565051177078,120,377.675788078876,-71.5966077163382,0.84369442720228,-70.7529132891359,-108.200000217432,-1.2841656395699,-109.484165857002,0
28,27,282.049,341.25,20,approach_zone,8,600,700,15,63.434948822922,120,479.394827778732,-73.668091716075,1.12727563348381,-72.5408160825911,-131.549754974938,-0.573511492957512,-132.123266467896,0
28,27,282.049,341.25,20,approach_zone,9,700,700,15,45,120,550.826289224652,-74.8745180263053,0.6810501353182,-74.1934678909871,-139.358719153382,-0.654745770104554,-140.013464923486,0
28,27,282.049,341.25,20,approach_zone,10,750,700,15,38.6598082540901,120,589.664905604022,-75.4663304572443,2.69790244888671,-72.7684280083576,-142.524779233466,-1.02052751265003,-143.545306746116,0
28,27,282.049,341.25,20,approach_zone,11,750,650,15,30.9637565320735,120,560.651140104968,-75.0280790270991,-0.661572770713739,-75.6896517978129,-146.583518859389,-0.528981419845291,-147.112500279235,0
28,27,282.049,341.25,20,approach_zone,12,750,550,15,11.3099324740202,120,512.425312510028,-74.2468363271882,-0.96094660926183,-75.20778293645,-155.958650115803,0.933710847781373,-155.024939268022,0
28,27,282.049,341.25,20,approach_zone,13,750,450,15,-11.3099324740202,120,480.447396601335,-73.6871417225492,1.27912648962968,-72.4080152329195,-166.916913611061,-0.130454104567149,-167.047367715628,0
28,27,282.049,341.25,20,approach_zone,14,750,350,15,-30.9637565320735,120,468.059505726569,-73.4602462275896,0.51660352495791,-72.9436427026316,-178.928777469247,0.326954619852638,-178.601822849395,0
28,27,282.049,341.25,20,approach_zone,15,750,300,15,-38.6598082540901,120,469.792189059163,-73.492340669411,0.866980192161378,-72.6253604772497,174.962383705893,-0.326700810975344,174.635682894918,0
28,27,282.049,341.25,20,approach_zone,16,700,300,15,-45,120,420.011429488532,-72.5194470086788,-0.247670108125032,-72.7671171168038,174.363402806474,-0.225423853406699,174.137978953067,0
28,27,282.049,341.25,20,approach_zone,17,600,300,15,-63.434948822922,120,320.654644284158,-70.1749755245289,-2.27314818236128,-72.4481237068901,172.6079083041,-0.406605530406831,172.201302773693,0
28,27,282.049,341.25,20,approach_zone,18,400,300,15,-116.565051177078,120,125.055991064003,-61.9963148809063,-0.24737845992733,-62.2436933408336,160.724170773363,0.179286529063283,160.903457302426,0
28,27,282.049,341.25,20,approach_zone,19,300,300,15,-135,120,45.2636819204978,-53.1692223987306,-1.01123712456747,-54.1804595232981,113.517507520013,0.449028595635445,113.966536115648,0
28,27,282.049,341.25,20,approach_zone,20,300,500,15,180,120,159.839922738345,-64.1279300533819,0.606425378227327,-63.5215046751546,-96.451440471388,0.605817597344916,-95.8456228740431,0
28,27,282.049,341.25,20,approach_zone,21,500,350,15,-90,120,218.183869479391,-66.8306776277441,-1.26741333505046,-68.0980909627945,-177.701001662758,-0.118545236953924,-177.819546899712,0
28,27,282.049,341.25,20,approach_zone,22,700,500,15,0,120,447.112514811429,-73.0625613556133,0.0384043040325056,-73.0241570515808,-159.201760059706,-0.189421668622062,-159.391181728328,0
28,27,282.049,341.25,20,approach_zone,23,500,650,15,90,120,377.960581147029,-71.6031549958963,0.0368962571027409,-71.5662587387936,-125.218809677001,0.237155737409932,-124.981653939591,0
29,28,284.387,350.973,20,approach_zone,0,250,300,15,-141.34019174591,120,61.6904571064277,-55.8585845989962,-0.826440803720339,-56.6850254027165,55.9959231226585,1.14145009050917,57.1373732131677,0
29,28,284.387,350.973,20,approach_zone,1,250,350,15,-149.036243467926,120,34.7622280356136,-50.8763769173611,0.876557153416466,-49.9998197639447,1.62078466797298,-0.0816090823289068,1.53917558564407,0
29,28,284.387,350.973,20,approach_zone,2,250,450,15,-168.69006752598,120,104.94671265933,-60.4736016208953,0.399042209948775,-60.0745594109465,-70.8505071705057,0.706668900653598,-70.1438382698521,0
29,28,284.387,350.973,20,approach_zone,3,250,550,15,168.69006752598,120,202.037651189079,-66.1628710528606,-0.762555187463399,-66.925426240324,-80.1974652328759,0.129462032802495,-80.0680032000734,0
29,28,284.387,350.973,20,approach_zone,4,250,650,15,149.036243467926,120,301.039220863329,-69.6266864600541,-2.10733338214778,-71.7340198422018,-83.4400125621387,-0.653796475979854,-84.0938090381186,0
29,28,284.387,350.973,20,approach_zone,5,250,700,15,141.34019174591,120,350.75249464259,-70.9542402047566,0.202087965667665,-70.7521522390889,-84.3732374661893,-0.0837903139339853,-84.4570277801233,0
29,28,284.387,350.973,20,approach_zone,6,300,700,15,135,120,349.411809328191,-70.9209764155389,-0.284620937528009,-71.2055973530669,-92.5613005286978,0.835915986643283,-91.7253845420545,0
29,28,284.387,350.973,20,approach_zone,7,400,700,15,116.565051177078,120,367.710772888149,-71.3643519073962,-0.77105061175073,-72.135402519147,-108.327127661385,0.888854264350993,-107.438273397034,0
29,28,284.387,350.973,20,approach_zone,8,600,700,15,63.434948822922,120,470.591555914468,-73.5071074366908,0.803958435425203,-72.7031490012656,-132.121944670097,-0.179351200898862,-132.301295870996,0
29,28,284.387,350.973,20,approach_zone,9,700,700,15,45,120,542.751335786472,-74.7462428539692,1.08414663785775,-73.6620962161115,-139.976847776095,0.569134067293827,-139.407713708801,0
29,28,284.387,350.973,20,approach_zone,10,750,700,15,38.6598082540901,120,581.928099079259,-75.3516113965722,-0.205290306568996,-75.5569017031412,-143.144497521333,0.120249373516349,-143.024248147817,0
29,28,284.387,350.973,20,approach_zone,11,750,650,15,30.9637565320735,120,553.387398210332,-74.9148101366904,-0.995305961223302,-75.9101160979137,-147.290523100485,0.310819904110932,-146.979703196374,0
29,28,284.387,350.973,20,approach_zone,12,750,550,15,11.3099324740202,120,506.391362977292,-74.1439506289485,1.27118135472279,-72.8727692742257,-156.855639091995,-0.0700370827322657,-156.925676174727,0
29,28,284.387,350.973,20,approach_zone,13,750,450,15,-11.3099324740202,120,476.053371480552,-73.6073377390673,-1.10619783488231,-74.7135355739496,-167.99318311,-0.243207293691965,-168.236390403692,0
29,28,284.387,350.973,20,approach_zone,14,750,350,15,-30.9637565320735,120,465.640862143777,-73.4152465275878,0.707602179805481,-72.7076443477823,179.880268136164,-0.662580892054594,179.21768724411,0
29,28,284.387,350.973,20,approach_zone,15,750,300,15,-38.6598082540901,120,468.421511566239,-73.4669614580539,-0.0564360671179542,-73.5233975251719,173.752421822016,0.487507563333401,174.23992938535,0
29,28,284.387,350.973,20,approach_zone,16,700,300,15,-45,120,418.756985013982,-72.4934661200365,-0.753708231829153,-73.2471743518657,173.007858117094,-1.49869961364395,171.50915850345,0
29,28,284.387,350.973,20,approach_zone,17,600,300,15,-63.434948822922,120,319.741790352778,-70.1502128823744,2.17055731268037,-67.979655569694,170.825678840895,0.207739261413006,171.033418102308,0
29,28,284.387,350.973,20,approach_zone,18,400,300,15,-116.565051177078,120,126.450039533406,-62.0926042234021,-0.659168213876524,-62.7517724372786,156.207637794933,-0.466937802076541,155.740699992857,0
29,28,284.387,350.973,20,approach_zone,19,300,300,15,-135,120,53.544490827722,-54.6285206956837,-0.513248151788132,-55.1417688474719,107.029795714337,-0.575438425127276,106.45435728921,0
29,28,284.387,350.973,20,approach_zone,20,300,500,15,180,120,149.926023418218,-63.5717652758565,-0.81511658234317,-64.3868818581997,-95.98084580902,0.43579703964554,-95.5450487693745,0
29,28,284.387,350.973,20,approach_zone,21,500,350,15,-90,120,215.673161283457,-66.7301469173951,-0.214946421676026,-66.9450933390712,179.741442236614,0.102711913682344,179.844154150296,0
29,28,284.387,350.973,20,approach_zone,22,700,500,15,0,120,441.552049590985,-72.9538629344192,0.366823079700326,-72.5870398547189,-160.273610418414,0.160376919462395,-160.113233498952,0
29,28,284.387,350.973,20,approach_zone,23,500,650,15,90,120,368.688367728085,-71.3874135472333,0.0761339552602202,-71.3112795919731,-125.793435819454,0.132671462975883,-125.660764356478,0
30,29,286.724,360.696,20,approach_zone,0,250,300,15,-141.34019174591,120,71.1172032071003,-57.0937182142833,1.48904814191066,-55.6046700723726,58.8240440034443,0.579291745049203,59.4033357484935,0
30,29,286.724,360.696,20,approach_zone,1,250,350,15,-149.036243467926,120,38.5753365766263,-51.780419315188,-2.13589105529054,-53.9163103704785,16.2383948193131,0.67219669208832,16.9105915114014,0
30,29,286.724,360.696,20,approach_zone,2,250,450,15,-168.69006752598,120,96.6894854262861,-59.7618098133846,1.18791274747295,-58.5738970659116,-67.6463304635321,0.0224147393070416,-67.623915724225,0
30,29,286.724,360.696,20,approach_zone,3,250,550,15,168.69006752598,120,192.898047144081,-65.7607814535854,-0.257227338702273,-66.0180087922877,-79.0212829547491,-0.3786434901603,-79.3999264449094,0
30,29,286.724,360.696,20,approach_zone,4,250,650,15,149.036243467926,120,291.668401771601,-69.3520124718913,-1.14365375878151,-70.4956662306728,-82.7656148358697,0.0233868167118881,-82.7422280191578,0
30,29,286.724,360.696,20,approach_zone,5,250,700,15,141.34019174591,120,341.322218134126,-70.7175160201968,-0.0843761717223476,-70.8018921919192,-83.8227334992722,-0.487867669035886,-84.3106011683081,0
30,29,286.724,360.696,20,approach_zone,6,300,700,15,135,120,339.600436678164,-70.6735896345041,0.708170618751397,-69.9654190157527,-92.2406778350451,-0.350278051381835,-92.590955886427,0
30,29,286.724,360.696,20,approach_zone,7,400,700,15,116.565051177078,120,357.748035063786,-71.125769975626,-0.885955008635208,-72.0117249842612,-108.461489933964,-0.85628609504222,-109.317776029006,0
30,29,286.724,360.696,20,approach_zone,8,600,700,15,63.434948822922,120,461.837695074796,-73.3440123748839,0.604587769122362,-72.7394246057616,-132.715981914795,0.00333100546556557,-132.712650909329,0
30,29,286.724,360.696,20,approach_zone,9,700,700,15,45,120,534.742233783718,-74.6171145523295,-0.751275845066063,-75.3683903973955,-140.613639831365,0.30933006186632,-140.304309769499,0
30,29,286.724,360.696,20,approach_zone,10,750,700,15,38.6598082540901,120,574.262010402917,-75.2364265745134,0.428027447990265,-74.8083991265232,-143.780899703782,0.216453405253864,-143.564446298528,0
30,29,286.724,360.696,20,approach_zone,11,750,650,15,30.9637565320735,120,546.211000064993,-74.8014336759535,-0.0777513736861233,-74.8791850496396,-148.016277584641,-0.267744203193881,-148.284021787835,0
30,29,286.724,360.696,20,approach_zone,12,750,550,15,11.3099324740202,120,500.485420958493,-74.0420534559736,-1.74928676353897,-75.7913402195126,-157.774076122446,-0.108796516986326,-157.882872639432,0
30,29,286.724,360.696,20,approach_zone,13,750,450,15,-11.3099324740202,120,471.831385764025,-73.5299613613562,0.156278085204899,-73.3736832761513,-169.089135964246,0.994262002191894,-168.094873962054,0
30,29,286.724,360.696,20,approach_zone,14,750,350,15,-30.9637565320735,120,463.426430614396,-73.3738408200591,0.321360196086987,-73.0524806239721,178.677404391774,-0.158181331186339,178.519223060588,0
30,29,286.724,360.696,20,approach_zone,15,750,300,15,-38.6598082540901,120,467.261871536722,-73.4454317169999,-1.84466517357715,-75.2900968905771,172.53591936723,-0.776918752972025,171.759000614258,0
30,29,286.724,360.696,20,approach_zone,16,700,300,15,-45,120,417.739220796899,-72.4723298806419,0.14760388435671,-72.3247259962852,171.644954475732,0.48035131246892,172.125305788201,0
30,29,286.724,360.696,20,approach_zone,17,600,300,15,-63.434948822922,120,319.140809975785,-70.1338716930347,0.156472662627033,-69.9773990304077,169.035019252058,0.266126124142349,169.3011453762,0
30,29,286.724,360.696,20,approach_zone,18,400,300,15,-116.565051177078,120,128.609706445509,-62.239699773126,-0.759433044955701,-62.9991328180817,151.816525492529,0.962492397601923,152.779017890131,0
30,29,286.724,360.696,20,approach_zone,19,300,300,15,-135,120,62.3318264773302,-55.9484218939408,0.709124008611491,-55.2392978853293,102.337961184244,-0.605467682873724,101.73249350137,0
30,29,286.724,360.696,20,approach_zone,20,300,500,15,180,120,140.024485687325,-62.9783045576638,1.316309169467,-61.6619953881968,-95.4439810283191,-0.558317789762773,-96.0022988180819,0
30,29,286.724,360.696,20,approach_zone,21,500,350,15,-90,120,213.602566913415,-66.6463541824143,0.579340341764389,-66.0670138406499,177.128966004498,-0.595138418935607,176.533827585562,0
30,29,286.724,360.696,20,approach_zone,22,700,500,15,0,120,436.150956197507,-72.8469614130391,-0.191377676779529,-73.0383390898186,-161.372450154607,0.0746403823630478,-161.297809772244,0
30,29,286.724,360.696,20,approach_zone,23,500,650,15,90,120,359.455778353889,-71.1671342224522,-0.595385560111478,-71.7625197825637,-126.39777971182,-0.0792487333118568,-126.477028445131,0
31,30,289.062,370.419,20,approach_zone,0,250,300,15,-141.34019174591,120,80.6825594846866,-58.1898181710171,-0.248214226681762,-58.4380323976988,60.9825066648843,0.66845636483475,61.650963029719,0
31,30,289.062,370.419,20,approach_zone,1,250,350,15,-149.036243467926,120,44.3596145722661,-52.9939801149444,-0.213195421971753,-53.2071755369162,27.5975576886761,-0.304178411946362,27.2933792767297,0
31,30,289.062,370.419,20,approach_zone,2,250,450,15,-168.69006752598,120,88.7917530235776,-59.0216774419938,-1.5332266010876,-60.5549040430814,-63.8560807112073,-0.123886217825819,-63.9799669290332,0
31,30,289.062,370.419,20,approach_zone,3,250,550,15,168.69006752598,120,183.848240146595,-65.3434143746495,0.338366513328415,-65.005047861321,-77.7283253572715,-0.896823237891055,-78.6251485951625,0
31,30,289.062,370.419,20,approach_zone,4,250,650,15,149.036243467926,120,282.340885110534,-69.0697002712208,-1.42818165561894,-70.4978819268398,-82.0463371662203,0.421199684835905,-81.6251374813844,0
31,30,289.062,370.419,20,approach_zone,5,250,700,15,141.34019174591,120,331.925406386736,-70.4750347471993,1.150037652726,-69.3249970944733,-83.2408249006114,-0.645219563237969,-83.8860444638494,0
31,30,289.062,370.419,20,approach_zone,6,300,700,15,135,120,329.800356890347,-70.4192472597608,0.76533644549832,-69.6539108142624,-91.9008113390206,0.373292397052539,-91.527518941968,0
31,30,289.062,370.419,20,approach_zone,7,400,700,15,116.565051177078,120,347.787112189339,-70.8804945239227,-0.193694120464379,-71.074188644387,-108.603394691754,-0.668624981211495,-109.272019672966,0
31,30,289.062,370.419,20,approach_zone,8,600,700,15,63.434948822922,120,453.134721032278,-73.1787716516404,0.781435438009519,-72.3973362136309,-133.332814899166,0.185921963045735,-133.14689293612,0
31,30,289.062,370.419,20,approach_zone,9,700,700,15,45,120,526.800413254394,-74.4871469737716,0.724768430532915,-73.7623785432387,-141.269646752003,-1.4407037511847,-142.710350503188,0
31,30,289.062,370.419,20,approach_zone,10,750,700,15,38.6598082540901,120,566.667870454114,-75.1207966190875,-0.286547397360871,-75.4073440164484,-144.434382343965,-0.27777642711203,-144.712158771077,0
31,30,289.062,370.419,20,approach_zone,11,750,650,15,30.9637565320735,120,539.123710668526,-74.6879934847562,-1.26774060976439,-75.9557340945206,-148.7611798779,-0.450785202020793,-149.211965079921,0
31,30,289.062,370.419,20,approach_zone,12,750,550,15,11.3099324740202,120,494.710193350612,-73.9412420134306,-1.160015160021,-75.1012571734516,-158.71415971984,-0.162388552627904,-158.876548272468,0
31,30,289.062,370.419,20,approach_zone,13,750,450,15,-11.3099324740202,120,467.784111962987,-73.4551341771116,-0.730199532278133,-74.1853337093898,-170.204443970201,-0.582704443538434,-170.787148413739,0
31,30,289.062,370.419,20,approach_zone,14,750,350,15,-30.9637565320735,120,461.417138178677,-73.3360992594421,-0.184090363581959,-73.5201896230241,177.463524068867,-0.287866067947164,177.17565800092,0
31,30,289.062,370.419,20,approach_zone,15,750,300,15,-38.6598082540901,120,466.31285142595,-73.4277725268289,1.31248706479087,-72.115285462038,171.313898476011,0.248721767202975,171.562620243214,0
31,30,289.062,370.419,20,approach_zone,16,700,300,15,-45,120,416.957882051653,-72.4560685947929,0.16114043544579,-72.2949281593471,170.276148199939,1.06862215705025,171.344770356989,0
31,30,289.062,370.419,20,approach_zone,17,600,300,15,-63.434948822922,120,318.851494280645,-70.1259939667548,-0.78535972497968,-70.9113536917345,167.239322725259,-0.00335877712625906,167.235963948133,0
31,30,289.062,370.419,20,approach_zone,18,400,300,15,-116.565051177078,120,131.495533783471,-62.4324448814498,-0.413296313840625,-62.8457411952905,147.594255090615,0.212805740697038,147.807060831312,0
31,30,289.062,370.419,20,approach_zone,19,300,300,15,-135,120,71.4386128434756,-57.1328850955505,-1.0208590557492,-58.1537441512997,98.8290504695228,1.13660721141039,99.9656576809332,0
31,30,289.062,370.419,20,approach_zone,20,300,500,15,180,120,130.137909177149,-62.3423013339914,0.319797937194926,-62.0225033967964,-94.8249289895376,0.308571272925339,-94.5163577166123,0
31,30,289.062,370.419,20,approach_zone,21,500,350,15,-90,120,211.982960176048,-66.5802438830962,0.875842573855078,-65.7044013092411,174.470940719177,0.0283013936585875,174.499242112835,0
31,30,289.062,370.419,20,approach_zone,22,700,500,15,0,120,430.91330381528,-72.7420228842229,-1.45912190122488,-74.2011447854478,-162.498383538159,0.876997400059318,-161.6213861381,0
31,30,289.062,370.419,20,approach_zone,23,500,650,15,90,120,350.264721896168,-70.9421527956954,0.649142062448917,-70.2930107332465,-127.033787514519,-0.33219910107182,-127.365986615591,0
32,31,291.4,380.142,20,approach_zone,0,250,300,15,-141.34019174591,120,90.342128400874,-59.172031194973,-0.0584018324205539,-59.2304330273935,62.6798895925803,1.0123006553945,63.6921902479748,0
32,31,291.4,380.142,20,approach_zone,1,250,350,15,-149.036243467926,120,51.4538644224124,-54.282584791052,0.654171896646518,-53.6284128944055,36.0571508414251,-0.10241847505996,35.9547323663651,0
32,31,291.4,380.142,20,approach_zone,2,250,450,15,-168.69006752598,120,81.3578525036151,-58.2622143655302,-0.500067779612104,-58.7622821451423,-59.3477133694956,-0.107934671878038,-59.4556480413736,0
32,31,291.4,380.142,20,approach_zone,3,250,550,15,168.69006752598,120,174.901973013457,-64.9101190071131,-0.420357385853636,-65.3304763929668,-76.3022023719256,0.571495828313935,-75.7307065436117,0
32,31,291.4,380.142,20,approach_zone,4,250,650,15,149.036243467926,120,273.060982500247,-68.7794178047735,0.315877705168135,-68.4635400996054,-81.2780264061333,0.421453678920269,-80.856572727213,0
32,31,291.4,380.142,20,approach_zone,5,250,700,15,141.34019174591,120,322.564877449483,-70.2265663816957,3.25404968610129,-66.9725166955944,-82.6250687924634,-0.163941422577809,-82.7890102150412,0
32,31,291.4,380.142,20,approach_zone,6,300,700,15,135,120,320.012656255967,-70.1575679277199,0.0452407665178763,-70.112327161202,-91.5401366209978,-1.31944216556598,-92.8595787865638,0
32,31,291.4,380.142,20,approach_zone,7,400,700,15,116.565051177078,120,337.828507032784,-70.6281507125653,0.895928185969054,-69.7322225265963,-108.753668441869,-0.202024858454726,-108.955693300324,0
32,31,291.4,380.142,20,approach_zone,8,600,700,15,63.434948822922,120,444.486332932746,-73.011393070699,-1.06395290806232,-74.0753459787613,-133.973731097924,-0.279912555442499,-134.253643653366,0
32,31,291.4,380.142,20,approach_zone,9,700,700,15,45,120,518.929764191649,-74.3563964579389,-0.0756173007982684,-74.4320137587372,-141.945645805163,-0.0429746617332408,-141.988620466896,0
32,31,291.4,380.142,20,approach_zone,10,750,700,15,38.6598082540901,120,559.14944349789,-75.0047827741608,-0.943442535495997,-75.9482253096567,-145.105529358855,0.426488912520341,-144.679040446334,0
32,31,291.4,380.142,20,approach_zone,11,750,650,15,30.9637565320735,120,532.129965482118,-74.5745791492462,1.28555394064516,-73.289025208601,-149.52579638492,-0.30248612922996,-149.82828251415,0
32,31,291.4,380.142,20,approach_zone,12,750,550,15,11.3099324740202,120,489.071262868715,-73.8416677351395,-1.94474832131962,-75.7864160564591,-159.676187703538,-0.70408799576278,-160.380275699301,0
32,31,291.4,380.142,20,approach_zone,13,750,450,15,-11.3099324740202,120,463.917126396515,-73.3830329469142,0.291852289667332,-73.0911806572468,-171.338783387301,-0.0737622387722256,-171.412545626073,0
32,31,291.4,380.142,20,approach_zone,14,750,350,15,-30.9637565320735,120,459.616688300153,-73.3021406177202,-0.551365966856576,-73.8535065845768,176.239579235215,-0.00378888971101621,176.235790345504,0
32,31,291.4,380.142,20,approach_zone,15,750,300,15,-38.6598082540901,120,465.576739285802,-73.4140503215288,0.292022309794217,-73.1220280117346,170.087453356118,-0.396566390694629,169.690886965423,0
32,31,291.4,380.142,20,approach_zone,16,700,300,15,-45,120,416.415297706508,-72.4447583474232,0.257428680233786,-72.1873296671894,168.902988573825,0.077856977962218,168.980845551788,0
32,31,291.4,380.142,20,approach_zone,17,600,300,15,-63.434948822922,120,318.875681361875,-70.1266528262997,-1.53817678158487,-71.6648296078845,165.442132313015,-0.168346135667726,165.273786177347,0
32,31,291.4,380.142,20,approach_zone,18,400,300,15,-116.565051177078,120,135.061838296389,-62.6648779644157,-0.887109869498131,-63.5519878339139,143.574313917042,0.108454036334546,143.682767953377,0
32,31,291.4,380.142,20,approach_zone,19,300,300,15,-135,120,80.7570440518968,-58.1978331160772,-0.474960854075175,-58.6727939701523,96.1249444191907,-0.507779119961866,95.6171652992289,0
32,31,291.4,380.142,20,approach_zone,20,300,500,15,180,120,120.27011334492,-61.6573792393929,-1.34946648377052,-63.0068457231634,-94.1040290238265,-0.222676475284312,-94.3267054991109,0
32,31,291.4,380.142,20,approach_zone,21,500,350,15,-90,120,210.825757828592,-66.532698236336,-0.938821469319886,-67.4715197056559,171.777861067544,0.105983919533578,171.883844987078,0
32,31,291.4,380.142,20,approach_zone,22,700,500,15,0,120,425.846099153204,-72.6392783015094,0.952792470918252,-71.6864858305911,-163.651570223007,0.237677778657526,-163.413892444349,0
32,31,291.4,380.142,20,approach_zone,23,500,650,15,90,120,341.119187622157,-70.7123478089562,-1.10221251112397,-71.8145603200801,-127.703992090238,0.0585044246220102,-127.645487665616,0
33,32,293.738,389.865,20,approach_zone,0,250,300,15,-141.34019174591,120,100.068630794071,-60.0601839845905,0.690266883592208,-59.3699171009983,64.047449955239,-0.957088844593081,63.0903611106459,0
33,32,293.738,389.865,20,approach_zone,1,250,350,15,-149.036243467926,120,59.3904947697862,-55.5285637004033,-0.803497696210844,-56.3320613966141,42.3476069863664,0.327894078050286,42.6755010644167,0
33,32,293.738,389.865,20,approach_zone,2,250,450,15,-168.69006752598,120,74.5267124526501,-57.5004641124092,-1.20060482330287,-58.7010689357121,-53.9704738926298,0.517387706637834,-53.453086185992,0
33,32,293.738,389.865,20,approach_zone,3,250,550,15,168.69006752598,120,166.075979205302,-64.4603612697757,0.170273314810062,-64.2900879549656,-74.7232973637017,0.437956222137074,-74.2853411415646,0
33,32,293.738,389.865,20,approach_zone,4,250,650,15,149.036243467926,120,263.833718218502,-68.4808307949409,0.592504185635586,-67.8883266093053,-80.4557985755293,-0.0964286307269296,-80.5522272062563,0
33,32,293.738,389.865,20,approach_zone,5,250,700,15,141.34019174591,120,313.24388400893,-69.9718768398717,0.793037892719354,-69.1788389471524,-81.97257902527,0.219783375111795,-81.7527956501582,0
33,32,293.738,389.865,20,approach_zone,6,300,700,15,135,120,310.238506425299,-69.88813885273,0.389028812023524,-69.4991100407065,-91.156713773054,0.160194959660258,-90.9965188133937,0
33,32,293.738,389.865,20,approach_zone,7,400,700,15,116.565051177078,120,327.872430785206,-70.3683228436655,0.425434121700461,-69.9428887219651,-108.91307177187,-0.0570065071691747,-108.97007827904,0
33,32,293.738,389.865,20,approach_zone,8,600,700,15,63.434948822922,120,435.895779824719,-72.8418781215503,-0.542935656737682,-73.384813778288,-134.639998841892,-0.13109372318066,-134.771092565072,0
33,32,293.738,389.865,20,approach_zone,9,700,700,15,45,120,511.133574390296,-74.2249130146179,-1.08013250596998,-75.3050455205879,-142.642367975647,-0.482067155899372,-143.124435131546,0
33,32,293.738,389.865,20,approach_zone,10,750,700,15,38.6598082540901,120,551.709824879891,-74.8884391935801,0.602359497697879,-74.2860796958822,-145.794874961067,1.2563264031878,-144.53854855788,0
33,32,293.738,389.865,20,approach_zone,11,750,650,15,30.9637565320735,120,525.233501282049,-74.4612732175358,0.33327070373955,-74.1280025137962,-150.310636829177,0.716131642734284,-149.594505186443,0
33,32,293.738,389.865,20,approach_zone,12,750,550,15,11.3099324740202,120,483.57339760268,-73.7434728619547,-0.315181418664943,-74.0586542806196,-160.66037588871,-0.350094783496908,-161.010470672207,0
33,32,293.738,389.865,20,approach_zone,13,750,450,15,-11.3099324740202,120,460.234973539604,-73.3138171920773,-0.582687018410529,-73.8965042104878,-172.491733808024,-0.0955055318673272,-172.587239339891,0
33,32,293.738,389.865,20,approach_zone,14,750,350,15,-30.9637565320735,120,458.02754378858,-73.2720567417204,0.407918766117392,-72.864137975603,175.006574231495,-0.369454232090846,174.637119999404,0
33,32,293.738,389.865,20,approach_zone,15,750,300,15,-38.6598082540901,120,465.05454612228,-73.4043027174341,0.562996849084102,-72.84130586835,168.857688932477,-0.322920193821466,168.534768738655,0
33,32,293.738,389.865,20,approach_zone,16,700,300,15,-45,120,416.112401724582,-72.4384380263367,1.37500445949466,-71.063433566842,167.52703794709,0.460812163194422,167.987850110284,0
33,32,293.738,389.865,20,approach_zone,17,600,300,15,-63.434948822922,120,319.213299956314,-70.1358443911459,-1.51461427855809,-71.650458669704,163.646980056379,0.231071532296377,163.878051588675,0
33,32,293.738,389.865,20,approach_zone,18,400,300,15,-116.565051177078,120,139.256349474629,-62.9305249583902,0.126962326462625,-62.8035626319276,139.779041955406,-0.777527075765903,139.00151487964,0
33,32,293.738,389.865,20,approach_zone,19,300,300,15,-135,120,90.2215654319964,-59.1604319994149,-0.224562912045712,-59.3849949114606,93.9860585005281,0.306940728070349,94.2929992285985,0
33,32,293.738,389.865,20,approach_zone,20,300,500,15,180,120,110.426133089047,-60.9156621197225,0.26867209883625,-60.6469900208862,-93.2541907166255,0.250847815217254,-93.0033429014082,0
33,32,293.738,389.865,20,approach_zone,21,500,350,15,-90,120,210.138599188726,-66.5043414915835,-0.61666331562398,-67.1210048072075,169.061113588663,-0.313886592145224,168.747226996518,0
33,32,293.738,389.865,20,approach_zone,22,700,500,15,0,120,420.955497492312,-72.5389485459527,-0.999347210658881,-73.5382957566116,-164.832043444888,-0.0276786394057321,-164.859722084294,0
33,32,293.738,389.865,20,approach_zone,23,500,650,15,90,120,332.022937263376,-70.477586579567,0.559179220542404,-69.9184073590246,-128.411028558211,-0.134397872261863,-128.545426430473,0
34,33,296.604,398.973,20,perimeter_crossing,0,250,300,15,-141.34019174591,120,109.510673201291,-60.8433538089024,2.40779297603447,-58.4355608328679,64.7853843232626,0.146651943445447,64.9320362667081,0
34,33,296.604,398.973,20,perimeter_crossing,1,250,350,15,-149.036243467926,120,67.7885502500238,-56.6773517548911,-0.699547642403142,-57.3768993972943,46.4198595418384,-0.0754065499390162,46.3444529918993,0
34,33,296.604,398.973,20,perimeter_crossing,2,250,450,15,-168.69006752598,120,69.2869940537183,-56.8672592405219,0.303107147727195,-56.5641520927947,-47.5939104880819,-0.300548882530458,-47.8944593706124,0
34,33,296.604,398.973,20,perimeter_crossing,3,250,550,15,168.69006752598,120,158.133132344237,-64.0346823071007,1.2281510929261,-62.8065312141746,-72.85078979947,0.249300944897772,-72.6014888545723,0
34,33,296.604,398.973,20,perimeter_crossing,4,250,650,15,149.036243467926,120,255.36540005451,-68.1974659047344,0.188960586183278,-68.0085053185511,-79.4825914508266,-0.727705521648224,-80.2102969724749,0
34,33,296.604,398.973,20,perimeter_crossing,5,250,700,15,141.34019174591,120,304.654209793661,-69.730368508226,1.49895021896071,-68.2314182892653,-81.1995244712707,0.171736638986788,-81.0277878322839,0
34,33,296.604,398.973,20,perimeter_crossing,6,300,700,15,135,120,301.087674183119,-69.6280843719981,-0.0134858758238132,-69.6415702478219,-90.6463480462033,-0.776263373041383,-91.4226114192447,0
34,33,296.604,398.973,20,perimeter_crossing,7,400,700,15,116.565051177078,120,318.328427170745,-70.1117333032986,0.274946904534473,-69.8367863987641,-108.956443245252,-0.342664731093721,-109.299107976345,0
34,33,296.604,398.973,20,perimeter_crossing,8,600,700,15,63.434948822922,120,427.424130747201,-72.6714055770599,1.41642208087445,-71.2549834961855,-135.224566250168,0.555244890927542,-134.66932135924,0
34,33,296.604,398.973,20,perimeter_crossing,9,700,700,15,45,120,503.359302630834,-74.0917868194107,0.525219718958885,-73.5665671004519,-143.268522708754,0.430921677563947,-142.83760103119,0
34,33,296.604,398.973,20,perimeter_crossing,10,750,700,15,38.6598082540901,120,544.251952265676,-74.7702247453782,0.789815643072787,-73.9804091023054,-146.418290354587,0.981855794040587,-145.436434560546,0
34,33,296.604,398.973,20,perimeter_crossing,11,750,650,15,30.9637565320735,120,518.273564389503,-74.3454059806326,-1.4686135100515,-75.8140194906841,-151.028477262033,0.170802716844486,-150.857674545189,0
34,33,296.604,398.973,20,perimeter_crossing,12,750,550,15,11.3099324740202,120,477.914309834933,-73.641225523715,-0.0432319606908155,-73.6844574844058,-161.57699399811,-0.238896501086578,-161.815890499196,0
34,33,296.604,398.973,20,perimeter_crossing,13,750,450,15,-11.3099324740202,120,456.285752073194,-73.2389629893216,-0.159904924811913,-73.3988679141335,-173.578723703571,-0.805028400399684,-174.38375210397,0
34,33,296.604,398.973,20,perimeter_crossing,14,750,350,15,-30.9637565320735,120,456.060618278974,-73.2346762679762,-1.48463625091689,-74.7193125188931,173.835169098681,0.341661339043158,174.176830437724,0
34,33,296.604,398.973,20,perimeter_crossing,15,750,300,15,-38.6598082540901,120,464.09976033715,-73.386451717188,0.832135265772294,-72.5543164514157,167.685924410908,0.0408837796864771,167.726808190595,0
34,33,296.604,398.973,20,perimeter_crossing,16,700,300,15,-45,120,415.390163033503,-72.4233489877538,-1.21851130479173,-73.6418602925455,166.214810819825,-0.541724055748121,165.673086764077,0
34,33,296.604,398.973,20,perimeter_crossing,17,600,300,15,-63.434948822922,120,319.170467845946,-70.1346788383767,-0.953924583018908,-71.0886034213956,161.932782062786,0.256944353608719,162.189726416395,0
34,33,296.604,398.973,20,perimeter_crossing,18,400,300,15,-116.565051177078,120,143.217972143862,-63.1741752374058,-0.0683683266705471,-63.2425435640764,136.252063766812,-0.273508978827448,135.978554787984,0
34,33,296.604,398.973,20,perimeter_crossing,19,300,300,15,-135,120,99.1573877479636,-59.9807263737218,1.1611450558802,-58.8195813178415,91.9651840424932,-0.408513848600682,91.5566701938926,0
34,33,296.604,398.973,20,perimeter_crossing,20,300,500,15,180,120,101.207645684503,-60.1584912805854,-1.23504406832099,-61.3935353489064,-91.9252598754829,-0.871836066630246,-92.7970959421131,0
34,33,296.604,398.973,20,perimeter_crossing,21,500,350,15,-90,120,209.26845807479,-66.4683003215634,0.824422439496271,-65.6438778820671,166.462200905133,0.489379455912847,166.951580361046,0
34,33,296.604,398.973,20,perimeter_crossing,22,700,500,15,0,120,415.884343952739,-72.4336762656754,0.992555667718858,-71.4411205979565,-165.939964200945,0.260646113597863,-165.679318087347,0
34,33,296.604,398.973,20,perimeter_crossing,23,500,650,15,90,120,323.124569701841,-70.2416244761845,-0.189671694726297,-70.4312961709108,-129.016309913482,-0.0903734042093219,-129.106683317692,0
35,34,306.567,399.837,20,internal_airspace,0,250,300,15,-141.34019174591,120,114.857529391851,-61.2574142399424,0.270057045740863,-60.9873571942015,60.464388974124,0.405083771076873,60.8694727452009,0
35,34,306.567,399.837,20,internal_airspace,1,250,350,15,-149.036243467926,120,75.5549605121993,-57.6194844929358,-1.73059294645543,-59.3500774393913,41.3808914278802,-0.734454617446984,40.6464368104332,0
35,34,306.567,399.837,20,internal_airspace,2,250,450,15,-168.69006752598,120,75.7703903777723,-57.6442153300391,0.842182121312391,-56.8020332087267,-41.5662626568539,0.61186512745605,-40.9543975293979,0
35,34,306.567,399.837,20,internal_airspace,3,250,550,15,168.69006752598,120,160.542056975735,-64.1660012973783,-0.860562593746056,-65.0265638911244,-69.358408503407,0.536933767111564,-68.8214747362954,0
35,34,306.567,399.837,20,internal_airspace,4,250,650,15,149.036243467926,120,256.527487918936,-68.2369029999449,-0.519100372305491,-68.7560033722504,-77.2585209998892,-0.634786317238711,-77.8933073171279,0
35,34,306.567,399.837,20,internal_airspace,5,250,700,15,141.34019174591,120,305.487564489948,-69.754095555701,-1.11364249510138,-70.8677380508024,-79.3275349561596,0.587251447658998,-78.7402835085006,0
35,34,306.567,399.837,20,internal_airspace,6,300,700,15,135,120,300.276459380352,-69.604650561665,-0.41022056798889,-70.0148711296539,-88.7466764106008,-0.453706758423232,-89.2003831690241,0
35,34,306.567,399.837,20,internal_airspace,7,400,700,15,116.565051177078,120,314.40825698127,-70.0041036931772,-0.04595164625068,-70.0500553394279,-107.290018062604,-0.363126937466221,-107.653145000071,0
35,34,306.567,399.837,20,internal_airspace,8,600,700,15,63.434948822922,120,419.792510721666,-72.5149185605477,-0.0259486185281076,-72.5408671790758,-134.350426762781,-0.0439796511428309,-134.394406413924,0
35,34,306.567,399.837,20,internal_airspace,9,700,700,15,45,120,494.886201119005,-73.9443317257141,0.380618854306273,-73.5637128714078,-142.658796558016,1.27948847991804,-141.379308078098,0
35,34,306.567,399.837,20,internal_airspace,10,750,700,15,38.6598082540901,120,535.495706853005,-74.6293447018277,0.180988106073421,-74.4483565957543,-145.905645028193,0.213232205056864,-145.692412823136,0
35,34,306.567,399.837,20,internal_airspace,11,750,650,15,30.9637565320735,120,509.155528358477,-74.1912341073145,-0.995762479107635,-75.1869965864222,-150.57045508495,0.745117298765157,-149.825337786184,0
35,34,306.567,399.837,20,internal_airspace,12,750,550,15,11.3099324740202,120,468.195207213829,-73.4627641068248,0.360697857061984,-73.1020662497628,-161.291976988649,0.473654011196092,-160.818322977453,0
35,34,306.567,399.837,20,internal_airspace,13,750,450,15,-11.3099324740202,120,446.289314299592,-73.0465546034747,1.75968369996819,-71.2868709035065,-173.545899109919,0.198005212483926,-173.347893897435,0
35,34,306.567,399.837,20,internal_airspace,14,750,350,15,-30.9637565320735,120,446.25278941201,-73.0458437100806,-0.168501889760101,-73.2143455998407,173.587492600461,-0.450354213350823,173.13713838711,0
35,34,306.567,399.837,20,internal_airspace,15,750,300,15,-38.6598082540901,120,454.560504287383,-73.2060587979016,-0.255309968765438,-73.4613687666671,167.311675095596,0.237995161357796,167.549670256954,0
35,34,306.567,399.837,20,internal_airspace,16,700,300,15,-45,120,405.93343303798,-72.2233212676219,-0.59951374199085,-72.8228350096128,165.761253304144,-0.0814738564147987,165.679779447729,0
35,34,306.567,399.837,20,internal_airspace,17,600,300,15,-63.434948822922,120,309.992503228707,-69.8812486563516,-0.376800285597079,-70.2580489419487,161.2097542753,0.970102125761668,162.179856401061,0
35,34,306.567,399.837,20,internal_airspace,18,400,300,15,-116.565051177078,120,136.828915284745,-62.7777825160712,1.36073465720022,-61.417047858871,133.102199121861,0.444138962853934,133.546338084715,0
35,34,306.567,399.837,20,internal_airspace,19,300,300,15,-135,120,100.177602576624,-60.0696375154203,-0.230462246870797,-60.3000997622911,86.2366643732747,0.903169226102329,87.1398335993771,0
35,34,306.567,399.837,20,internal_airspace,20,300,500,15,180,120,100.502497769956,-60.0977619408506,1.29221310918784,-58.8055488316628,-86.2488778554204,0.892355132455553,-85.3565227229648,0
35,34,306.567,399.837,20,internal_airspace,21,500,350,15,-90,120,199.812542294021,-66.0666797450768,0.595789694330555,-65.4708900507463,165.552256452877,-0.189908391502735,165.362348061375,0
35,34,306.567,399.837,20,internal_airspace,22,700,500,15,0,120,406.013733829288,-72.2250393198349,-0.156903086711102,-72.381942406546,-165.716658794168,0.657066708829215,-165.059592085339,0
35,34,306.567,399.837,20,internal_airspace,23,500,650,15,90,120,316.263896229083,-70.0552171731205,0.819309597690808,-69.2359075754297,-127.712194381492,-0.233711408591084,-127.945905790083,0
36,35,316.53,400.7,20,internal_airspace,0,250,300,15,-141.34019174591,120,120.796237110268,-61.6952929524344,0.247331529745661,-61.4479614226888,56.5482465719901,0.448640147409144,56.9968867193993,0
36,35,316.53,400.7,20,internal_airspace,1,250,350,15,-149.036243467926,120,83.795768986268,-58.5186666502015,0.73920687739273,-57.7794597728087,37.3096562434828,-0.604956452571254,36.7046997909115,0
36,35,316.53,400.7,20,internal_airspace,2,250,450,15,-168.69006752598,120,82.9561986834016,-58.43120169591,-0.605301013839108,-59.0365027097491,-36.5391518075142,0.0273029028607424,-36.5118489046534,0
36,35,316.53,400.7,20,internal_airspace,3,250,550,15,168.69006752598,120,163.528991007711,-64.3261199764275,0.300262008357499,-64.02585796807,-65.9816325139635,0.726239658221185,-65.2553928557423,0
36,35,316.53,400.7,20,internal_airspace,4,250,650,15,149.036243467926,120,258.073111540122,-68.2890799953872,1.65179991825808,-66.6372800771291,-75.0578549360089,-0.580002117774067,-75.637857053783,0
36,35,316.53,400.7,20,internal_airspace,5,250,700,15,141.34019174591,120,306.64593736099,-69.786969139314,-0.0920127917190175,-69.878981931033,-77.467746549963,-0.0378668077297528,-77.5056133576928,0
36,35,316.53,400.7,20,internal_airspace,6,300,700,15,135,120,299.797816703191,-69.5907941491598,-1.38534162747232,-70.9761357766322,-86.838830478696,-0.973992152671197,-87.8128226313672,0
36,35,316.53,400.7,20,internal_airspace,7,400,700,15,116.565051177078,120,310.761533816526,-69.9027699605487,0.873523460480938,-69.0292465000677,-105.582939150577,-1.20690249529132,-106.789841645868,0
36,35,316.53,400.7,20,internal_airspace,8,600,700,15,63.434948822922,120,412.262939032846,-72.3577107348692,-0.745910654831437,-73.1036213897007,-133.444035873519,0.242422944154187,-133.201612929364,0
36,35,316.53,400.7,20,internal_airspace,9,700,700,15,45,120,486.471716444029,-73.7953767417621,-1.37089695602921,-75.1662736977913,-142.027807425542,0.383526510896779,-141.644280914645,0
36,35,316.53,400.7,20,internal_airspace,10,750,700,15,38.6598082540901,120,526.78433053765,-74.4868817977551,0.361783054930167,-74.1250987428249,-145.375908853295,-0.0958103806859509,-145.471719233981,0
36,35,316.53,400.7,20,internal_airspace,11,750,650,15,30.9637565320735,120,500.071725755416,-74.034870835582,0.0749216500739399,-73.959949185508,-150.095659796705,0.503467383225444,-149.59219241348,0
36,35,316.53,400.7,20,internal_airspace,12,750,550,15,11.3099324740202,120,458.488528646028,-73.2807943166625,0.403560733885005,-72.8772335827775,-160.99476415743,0.237825819215369,-160.756938338215,0
36,35,316.53,400.7,20,internal_airspace,13,750,450,15,-11.3099324740202,120,436.293170815221,-72.8497931370363,-1.48177258740252,-74.3315657244388,-173.511439677144,0.681490885766292,-172.829948791377,0
36,35,316.53,400.7,20,internal_airspace,14,750,350,15,-30.9637565320735,120,436.453583900969,-72.8529861145351,1.54326431335261,-71.3097218011825,173.328818561632,-0.740614528221127,172.588204033411,0
36,35,316.53,400.7,20,internal_airspace,15,750,300,15,-38.6598082540901,120,445.04126876055,-73.0222305353772,-0.34874478628825,-73.3709753216655,166.921522275352,-0.218234561180911,166.703287714171,0
36,35,316.53,400.7,20,internal_airspace,16,700,300,15,-45,120,396.503128487027,-72.0191572009385,0.184224765079459,-71.834932435859,165.286227261921,0.0920850204858049,165.378312282407,0
36,35,316.53,400.7,20,internal_airspace,17,600,300,15,-63.434948822922,120,300.866633078512,-69.621705353846,0.63179991715096,-68.989905436695,160.442905589972,0.365299075845001,160.808204665817,0
36,35,316.53,400.7,20,internal_airspace,18,400,300,15,-116.565051177078,120,130.892058200641,-62.3924907699422,-1.36929910570096,-63.7617898756432,129.655258002531,-0.846290211478759,128.808967791053,0
36,35,316.53,400.7,20,internal_airspace,19,300,300,15,-135,120,102.170107663641,-60.2407018547741,0.00762509525187199,-60.2330767595222,80.6779793897535,1.15429284407331,81.8322722338268,0
36,35,316.53,400.7,20,internal_airspace,20,300,500,15,180,120,100.790529813073,-60.1226193964344,2.15461166359506,-57.9680077328393,-80.548906203866,-0.113072594270598,-80.6619787981366,0
36,35,316.53,400.7,20,internal_airspace,21,500,350,15,-90,120,190.412003035523,-65.6481112664395,1.5553556000714,-64.0927556663681,164.552423832326,-0.494931598630124,164.057492233696,0
36,35,316.53,400.7,20,internal_airspace,22,700,500,15,0,120,396.14988438721,-72.0114155045856,0.312736412104916,-71.6986790924807,-165.482087321983,0.946775066534391,-164.535312255448,0
36,35,316.53,400.7,20,internal_airspace,23,500,650,15,90,120,309.575081200022,-69.8695447444189,-0.816330886420354,-70.6858756308393,-126.350861935823,0.278469698681477,-126.072392237142,0
37,36,326.492,401.564,20,internal_airspace,0,250,300,15,-141.34019174591,120,127.244929800759,-62.147034563497,-0.692675679443113,-62.8397102429401,53.0151021394697,-0.0107591582436643,53.004342981226,0
37,36,326.492,401.564,20,internal_airspace,1,250,350,15,-149.036243467926,120,92.3843718385313,-59.3661950382155,-0.194049919887958,-59.5602449581035,33.9842922833518,-0.0145760530044924,33.9697162303473,0
37,36,326.492,401.564,20,internal_airspace,2,250,450,15,-168.69006752598,120,90.6756425949108,-59.2040376741611,-0.80447336695184,-60.0085110411129,-32.3426674314087,0.331349406667153,-32.0113180247416,0
37,36,326.492,401.564,20,internal_airspace,3,250,550,15,168.69006752598,120,167.060684064205,-64.5117099418567,0.110572756951857,-64.4011371849049,-62.7370552980865,0.108747411728084,-62.6283078863584,0
37,36,326.492,401.564,20,internal_airspace,4,250,650,15,149.036243467926,120,259.993215603792,-68.3534651425501,-0.184087466479356,-68.5375526090295,-72.8867052238852,1.18006529800716,-71.706639925878,0
37,36,326.492,401.564,20,internal_airspace,5,250,700,15,141.34019174591,120,308.123469018509,-69.8287204089485,-0.358761487782587,-70.1874818967311,-75.6240190710206,-0.358345441192914,-75.9823645122135,0
37,36,326.492,401.564,20,internal_airspace,6,300,700,15,135,120,299.651250890097,-69.5865467340868,-1.33499073534641,-70.9215374694332,-84.9271818287606,-0.395679371567556,-85.3228612003281,0
37,36,326.492,401.564,20,internal_airspace,7,400,700,15,116.565051177078,120,307.396278702264,-69.808196947939,-0.796919435299814,-70.6051163832388,-103.83712790357,-0.126070652778111,-103.963198556348,0
37,36,326.492,401.564,20,internal_airspace,8,600,700,15,63.434948822922,120,404.84030451525,-72.199899691362,-1.98698630957112,-74.1868860009331,-132.504360865402,0.159688996355659,-132.344671869046,0
37,36,326.492,401.564,20,internal_airspace,9,700,700,15,45,120,478.118470841694,-73.6449352709871,0.204342805271984,-73.4405924657152,-141.374854250504,0.0508051233144216,-141.324049127189,0
37,36,326.492,401.564,20,internal_airspace,10,750,700,15,38.6598082540901,120,518.119746931151,-74.3428277287993,0.532546477154126,-73.8102812516451,-144.828558829759,-0.810032767376745,-145.638591597136,0
37,36,326.492,401.564,20,internal_airspace,11,750,650,15,30.9637565320735,120,491.02390182149,-73.8762774944727,0.0168297957089304,-73.8594476987638,-149.603489271782,0.305356081092312,-149.29813319069,0
37,36,326.492,401.564,20,internal_airspace,12,750,550,15,11.3099324740202,120,448.795356660472,-73.095191933456,-0.541497555155927,-73.6366894886119,-160.684864466298,0.445518338774437,-160.239346127523,0
37,36,326.492,401.564,20,internal_airspace,13,750,450,15,-11.3099324740202,120,426.298102458831,-72.6484928245666,0.408749867170326,-72.2397429573963,-173.475512795366,0.0403563019367115,-173.435156493429,0
37,36,326.492,401.564,20,internal_airspace,14,750,350,15,-30.9637565320735,120,426.664824141855,-72.6559616234172,-0.227879020138083,-72.8838406435552,173.058149460098,0.571974065191538,173.630123525289,0
37,36,326.492,401.564,20,internal_airspace,15,750,300,15,-38.6598082540901,120,435.544799257206,-72.8348814800981,-2.04276923688156,-74.8776507169796,166.514234687415,-0.389980981251141,166.124253706164,0
37,36,326.492,401.564,20,internal_airspace,16,700,300,15,-45,120,387.102663591973,-71.8107480270445,-0.161258171479712,-71.9720061985242,164.787983468592,-0.586209675545937,164.201773793046,0
37,36,326.492,401.564,20,internal_airspace,17,600,300,15,-63.434948822922,120,291.799369704597,-69.3559118236185,-2.13817785907099,-71.4940896826895,159.628109268346,0.740268448175981,160.368377716522,0
37,36,326.492,401.564,20,internal_airspace,18,400,300,15,-116.565051177078,120,125.473790729379,-62.0252852102818,-0.593326606127987,-62.6186118164098,125.895530037324,-0.222202952361352,125.673327084962,0
37,36,326.492,401.564,20,internal_airspace,19,300,300,15,-135,120,105.081264552726,-60.4847306435334,2.13861108961326,-58.3461195539202,75.3806876272756,-0.478275380546464,74.9024122467292,0
37,36,326.492,401.564,20,internal_airspace,20,300,500,15,180,120,102.061119727348,-60.2314314088341,-1.74716890985712,-61.9786003186913,-74.9369391981207,-0.0197503316327787,-74.9566895297535,0
37,36,326.492,401.564,20,internal_airspace,21,500,350,15,-90,120,181.076978547799,-65.2114896190677,-0.0206950077345075,-65.2321846268023,163.448832869548,-0.288868779150162,163.159964090398,0
37,36,326.492,401.564,20,internal_airspace,22,700,500,15,0,120,386.293764070817,-71.7925787821923,1.48602189202759,-70.3065568901647,-165.235719929028,1.12694147892324,-164.108778450105,0
37,36,326.492,401.564,20,internal_airspace,23,500,650,15,90,120,303.068428180832,-69.6850387657408,0.0414573491938576,-69.643581416547,-124.930494403231,-0.559181297642038,-125.489675700873,0
38,37,336.455,402.427,20,internal_airspace,0,250,300,15,-141.34019174591,120,134.129628919191,-62.6047192957809,0.124558734617573,-62.4801605611633,49.8334742730057,0.0479287070322614,49.881402980038,0
38,37,336.455,402.427,20,internal_airspace,1,250,350,15,-149.036243467926,120,101.232689157208,-60.1606403072737,1.63363214014179,-58.5270081671319,31.2329559658972,0.347333248223471,31.5802892141206,0
38,37,336.455,402.427,20,internal_airspace,2,250,450,15,-168.69006752598,120,98.8061605063166,-59.949905303007,-0.759463018966023,-60.709368321973,-28.8223678615139,-1.31097586423201,-30.133343725746,0
38,37,336.455,402.427,20,internal_airspace,3,250,550,15,168.69006752598,120,171.105982811823,-64.7195287371214,0.213359423064694,-64.5061693140567,-59.6362808158693,0.630683577927539,-59.0055972379417,0
38,37,336.455,402.427,20,internal_airspace,4,250,650,15,149.036243467926,120,262.282018739371,-68.4295951881704,1.0542703024949,-67.3753248856755,-70.7502809488547,-0.494627852949466,-71.2449088018041,0
38,37,336.455,402.427,20,internal_airspace,5,250,700,15,141.34019174591,120,309.917984883098,-69.8791604254166,0.333681421261552,-69.5454790041551,-73.7996357142296,0.0656057691108409,-73.7340299451188,0
38,37,336.455,402.427,20,internal_airspace,6,300,700,15,135,120,299.839385928533,-69.5919984296903,-1.02918962184985,-70.6211880515402,-83.0156248145676,-0.229923736217747,-83.2455485507853,0
38,37,336.455,402.427,20,internal_airspace,7,400,700,15,116.565051177078,120,304.323277706455,-69.7209282910452,-0.824192404939888,-70.5451206959851,-102.054132664014,-0.292444874628102,-102.346577538642,0
38,37,336.455,402.427,20,internal_airspace,8,600,700,15,63.434948822922,120,397.5306998887,-72.0416383004931,0.855403455701165,-71.1862348447919,-131.529649697104,0.345223152673901,-131.184426544431,0
38,37,336.455,402.427,20,internal_airspace,9,700,700,15,45,120,469.829391751942,-73.4930284749926,-0.817780450817638,-74.3108089258102,-140.69859708011,0.352441979475649,-140.346155100635,0
38,37,336.455,402.427,20,internal_airspace,10,750,700,15,38.6598082540901,120,509.503834484099,-74.1971739706205,-0.917242339700928,-75.1144163103215,-144.262485639024,0.241345790911758,-144.021139848112,0
38,37,336.455,402.427,20,internal_airspace,11,750,650,15,30.9637565320735,120,482.013337319622,-73.7154059410912,-0.54167130519215,-74.2570772462833,-149.092714708008,-0.125982167043217,-149.218696875051,0
38,37,336.455,402.427,20,internal_airspace,12,750,550,15,11.3099324740202,120,439.115312137939,-72.9057964622715,-0.530310975204426,-73.4361074374759,-160.361124204687,-0.340494729744162,-160.701618934431,0
38,37,336.455,402.427,20,internal_airspace,13,750,450,15,-11.3099324740202,120,416.30236289745,-72.4424023524919,-0.615638839003163,-73.0580411914951,-173.437708075533,-0.0733637108101065,-173.511071786343,0
38,37,336.455,402.427,20,internal_airspace,14,750,350,15,-30.9637565320735,120,416.884944983625,-72.4545490678401,0.0574200440001932,-72.3971290238399,172.774893053467,0.514366295557932,173.289259349025,0
38,37,336.455,402.427,20,internal_airspace,15,750,300,15,-38.6598082540901,120,426.070131966558,-72.6438466481751,-0.0704343014958473,-72.7142809496709,166.088908917523,-0.24184934317025,165.847059574353,0
38,37,336.455,402.427,20,internal_airspace,16,700,300,15,-45,120,377.731726697666,-71.5978941125169,-1.42233441419387,-73.0202285267108,164.265081093045,0.0537654773037249,164.318846570349,0
38,37,336.455,402.427,20,internal_airspace,17,600,300,15,-63.434948822922,120,282.793665689315,-69.0836183831942,-1.12839503824359,-70.2120134214378,158.761340183241,0.395079210163477,159.156419393404,0
38,37,336.455,402.427,20,internal_airspace,18,400,300,15,-116.565051177078,120,120.641026827527,-61.6841253343931,-0.800846708607792,-62.4849720430009,121.815177443704,0.2001558471681,122.015333290872,0
38,37,336.455,402.427,20,internal_airspace,19,300,300,15,-135,120,108.835919410827,-60.7896698421082,-1.40647850501329,-62.1961483471215,70.4087447419065,-0.57228601727303,69.8364587246335,0
38,37,336.455,402.427,20,internal_airspace,20,300,500,15,180,120,104.280666252187,-60.4183007787348,-0.343130935122003,-60.7614317138569,-69.5134218125747,0.202921948552197,-69.3104998640225,0
38,37,336.455,402.427,20,internal_airspace,21,500,350,15,-90,120,171.815474722157,-64.755470362179,0.174429486390813,-64.5810408757882,162.225905457558,-0.56215564084455,161.663749816713,0
38,37,336.455,402.427,20,internal_airspace,22,700,500,15,0,120,376.444494386623,-71.5682438309596,0.29805320583349,-71.2701906251261,-164.976267883261,0.469402472100718,-164.50686541116,0
38,37,336.455,402.427,20,internal_airspace,23,500,650,15,90,120,296.75639395639,-69.5022265362213,0.462932558729526,-69.0392939774918,-123.448473251132,-0.00205247779606337,-123.450525728928,0
39,38,346.417,403.291,20,internal_airspace,0,250,300,15,-141.34019174591,120,141.386946250352,-63.06241112343,-0.920466399676307,-63.9828775231063,46.9713569808919,0.21873886085354,47.1900958417454,0
39,38,346.417,403.291,20,internal_airspace,1,250,350,15,-149.036243467926,120,110.277688450566,-60.903977918401,-0.318026635925002,-61.222004554326,28.930031560668,-0.257460661610283,28.6725708990577,0
39,38,346.417,403.291,20,internal_airspace,2,250,450,15,-168.69006752598,120,107.251893083526,-60.6623241657679,-1.94971638157214,-62.6120405473401,-25.8477642351492,-0.450741829663839,-26.298506064813,0
39,38,346.417,403.291,20,internal_airspace,3,250,550,15,168.69006752598,120,175.626787734673,-64.9460399947998,-0.123390862052344,-65.0694308568522,-56.6871248509975,0.106439015227771,-56.5806858357697,0
39,38,346.417,403.291,20,internal_airspace,4,250,650,15,149.036243467926,120,264.927477944437,-68.5167649364362,0.195676731002742,-68.3210882054335,-68.6538127274545,0.501578854074682,-68.1522338733798,0
39,38,346.417,403.291,20,internal_airspace,5,250,700,15,141.34019174591,120,312.021583500244,-69.9379175652964,0.0525002476054195,-69.885417317691,-71.9981831850553,0.143357883270176,-71.8548253017851,0
39,38,346.417,403.291,20,internal_airspace,6,300,700,15,135,120,300.359399003927,-69.6070493675688,1.79097042584185,-67.816078941727,-81.108743798827,-0.235052313783313,-81.3437961126103,0
39,38,346.417,403.291,20,internal_airspace,7,400,700,15,116.565051177078,120,301.549943740668,-69.6414098698695,-0.0357058485583156,-69.6771157184278,-100.236774124799,0.173794362375071,-100.062979762424,0
39,38,346.417,403.291,20,internal_airspace,8,600,700,15,63.434948822922,120,390.340324037884,-71.8830932004949,1.2335412991022,-70.6495519013927,-130.518928638189,0.835719174032858,-129.683209464157,0
39,38,346.417,403.291,20,internal_airspace,9,700,700,15,45,120,461.608241445059,-73.3396959144023,-0.0988523896504636,-73.4385483040527,-139.998323101861,0.391013392799464,-139.607309709062,0
39,38,346.417,403.291,20,internal_airspace,10,750,700,15,38.6598082540901,120,500.939585748621,-74.0499318801963,1.41717348240247,-72.6327583977938,-143.677155566498,0.410406287218349,-143.26674927928,0
39,38,346.417,403.291,20,internal_airspace,11,750,650,15,30.9637565320735,120,473.0428823796,-73.5522350797144,-0.284576587189377,-73.8368116669038,-148.562688370278,-0.461680651483823,-149.024369021762,0
39,38,346.417,403.291,20,internal_airspace,12,750,550,15,11.3099324740202,120,429.450542635587,-72.7124879509083,-0.532753766272373,-73.2452417171807,-160.022969311264,-0.465241856115961,-160.48821116738,0
39,38,346.417,403.291,20,internal_airspace,13,750,450,15,-11.3099324740202,120,406.307726446348,-72.2313264553165,-0.759563240653265,-72.9908896959698,-173.398199304186,0.595875913764079,-172.802323390422,0
39,38,346.417,403.291,20,internal_airspace,14,750,350,15,-30.9637565320735,120,407.116897917539,-72.248607408474,0.535872177699761,-71.7127352307743,172.477911893015,-0.196499504163735,172.281412388851,0
39,38,346.417,403.291,20,internal_airspace,15,750,300,15,-38.6598082540901,120,416.621253142468,-72.4490532519426,-0.254958262316544,-72.7040115142592,165.644160689368,0.530367351563377,166.174528040931,0
39,38,346.417,403.291,20,internal_airspace,16,700,300,15,-45,120,368.395125605646,-71.380502338747,1.47276039568801,-69.9077419430591,163.715512013391,0.925361570331065,164.640873583722,0
39,38,346.417,403.291,20,internal_airspace,17,600,300,15,-63.434948822922,120,273.858300166345,-68.8047429976488,1.06218402889338,-67.7425589687554,157.837644743471,-0.298739410662492,157.538905332808,0
39,38,346.417,403.291,20,internal_airspace,18,400,300,15,-116.565051177078,120,116.469603631162,-61.3784767839263,1.12406551858928,-60.254411265337,117.418373990887,-0.325540154115364,117.092833836772,0
39,38,346.417,403.291,20,internal_airspace,19,300,300,15,-135,120,113.351526544639,-61.1427723001831,0.450891264498456,-60.6918810356847,65.801761080899,0.730584580000616,66.5323456608996,0
39,38,346.417,403.291,20,internal_airspace,20,300,500,15,180,120,107.387934936845,-60.6733346542986,-0.350584088477478,-61.023918742776,-64.3605928254199,0.525382914782327,-63.8352099106376,0
39,38,346.417,403.291,20,internal_airspace,21,500,350,15,-90,120,162.642763657041,-64.2789197403887,-0.708289829827157,-64.9872095702159,160.863991983782,0.756725860171786,161.620717843954,0
39,38,346.417,403.291,20,internal_airspace,22,700,500,15,0,120,366.604103318553,-71.3381712665396,-0.0895198007260008,-71.4276910672656,-164.703069974047,-0.315792236793748,-165.01886221084,0
39,38,346.417,403.291,20,internal_airspace,23,500,650,15,90,120,290.651111420548,-69.3216645941101,0.212816339739424,-69.1088482543707,-121.903376449105,-0.333269087926681,-122.236645537032,0
40,39,356.38,404.154,20,internal_airspace,0,250,300,15,-141.34019174591,120,148.962277493331,-63.5157509070882,0.616462804249621,-62.8992881028386,44.3942277593988,-0.157195347931538,44.2370324114673,0
40,39,356.38,404.154,20,internal_airspace,1,250,350,15,-149.036243467926,120,119.475353592279,-61.5997913243785,0.396928789239005,-61.2028625351395,26.9789086057988,-0.119457031959949,26.8594515738389,0
40,39,356.38,404.154,20,internal_airspace,2,250,450,15,-168.69006752598,120,115.946367411834,-61.339367769916,0.448073806957934,-60.8912939629581,-23.3143252355902,-0.0781248991304184,-23.3924501347206,0
40,39,356.38,404.154,20,internal_airspace,3,250,550,15,168.69006752598,120,180.590033268727,-65.1881003943315,-0.496488334299978,-65.6845887286315,-53.893007256214,0.281216467695969,-53.6117907885181,0
40,39,356.38,404.154,20,internal_airspace,4,250,650,15,149.036243467926,120,267.92155590023,-68.6143779665615,-1.27241839748379,-69.8867963640453,-66.601386700795,0.189678625369955,-66.4117080754251,0
40,39,356.38,404.154,20,internal_airspace,5,250,700,15,141.34019174591,120,314.43053305301,-70.0047190734745,-1.52289273574,-71.5276118092145,-70.2224820645868,0.219069815420553,-70.0034122491663,0
40,39,356.38,404.154,20,internal_airspace,6,300,700,15,135,120,301.211819349773,-69.6316650199764,0.454862987410205,-69.1768020325662,-79.2103981921508,0.526578062639284,-78.6838201295115,0
40,39,356.38,404.154,20,internal_airspace,7,400,700,15,116.565051177078,120,299.08620850183,-69.5701525793355,0.543739134942189,-69.0264134443933,-98.3873507207039,-0.249207878854501,-98.6365585995584,0
40,39,356.38,404.154,20,internal_airspace,8,600,700,15,63.434948822922,120,383.276088630637,-71.7244593513467,1.19994152593411,-70.5245178254126,-129.470396129266,-0.144523608784476,-129.614919738051,0
40,39,356.38,404.154,20,internal_airspace,9,700,700,15,45,120,453.458443648368,-73.1849746965028,0.945545738750233,-72.2394289577526,-139.272585152716,0.0616707322828582,-139.210914420433,0
40,39,356.38,404.154,20,internal_airspace,10,750,700,15,38.6598082540901,120,492.429243766046,-73.9011015613794,-1.35347802318593,-75.2545795845654,-143.071364157754,0.102277403922758,-142.969086753832,0
40,39,356.38,404.154,20,internal_airspace,11,750,650,15,30.9637565320735,120,464.114167114084,-73.3867213439859,-0.763434234575784,-74.1501555785617,-148.012048190727,-0.52655224059488,-148.538600431322,0
40,39,356.38,404.154,20,internal_airspace,12,750,550,15,11.3099324740202,120,419.8008576885,-72.5150912651818,-0.466593513232526,-72.9816847784143,-159.669079113365,0.18885377207808,-159.480225341286,0
40,39,356.38,404.154,20,internal_airspace,13,750,450,15,-11.3099324740202,120,396.312452638067,-72.0149792068322,0.361191129037728,-71.6537880777945,-173.356537161763,0.225512473939569,-173.131024687823,0
40,39,356.38,404.154,20,internal_airspace,14,750,350,15,-30.9637565320735,120,397.35923308261,-72.0378910099171,0.0824382120325222,-71.9554527978845,172.166459156577,0.0556208135249869,172.222079970102,0
40,39,356.38,404.154,20,internal_airspace,15,750,300,15,-38.6598082540901,120,407.197446106922,-72.2503257441289,-0.992602097631888,-73.2429278417608,165.178897335623,-0.159081547751927,165.019815787871,0
40,39,356.38,404.154,20,internal_airspace,16,700,300,15,-45,120,359.092968625118,-71.1583628606072,0.593674890834868,-70.5646879697724,163.137519584782,0.880932982214057,164.018452566996,0
40,39,356.38,404.154,20,internal_airspace,17,600,300,15,-63.434948822922,120,264.9976605859,-68.5190656337895,0.0377781705015966,-68.4812874632879,156.852009620829,-0.288404733196607,156.563604887632,0
40,39,356.38,404.154,20,internal_airspace,18,400,300,15,-116.565051177078,120,113.02990805977,-61.1180923210189,0.92084197628468,-60.1972503447342,112.724078150825,-0.615119292056328,112.108958858768,0
40,39,356.38,404.154,20,internal_airspace,19,300,300,15,-135,120,118.540120280013,-61.5315321056748,-0.230207212840392,-61.7617393185152,61.5727040903242,0.451780824028475,62.0244849143526,0
40,39,356.38,404.154,20,internal_airspace,20,300,500,15,180,120,111.311096104566,-60.9849940215165,0.32304078601248,-60.661953235504,-59.5344550805401,0.673283327080382,-58.8611717534597,0
40,39,356.38,404.154,20,internal_airspace,21,500,350,15,-90,120,153.572003034407,-63.7804658101319,-0.748710406074218,-64.5291762162062,159.340322661388,0.0595663509487444,159.399889012336,0
40,39,356.38,404.154,20,internal_airspace,22,700,500,15,0,120,356.771860039438,-71.1020366860078,-0.549160144857958,-71.6511968308657,-164.414607451501,-0.0579044423690613,-164.47251189387,0
40,39,356.38,404.154,20,internal_airspace,23,500,650,15,90,120,284.766501042521,-69.1440028152657,2.06490128055572,-67.07910153471,-120.292910692821,0.0265269964152676,-120.266383696406,0
41,40,366.343,405.018,20,internal_airspace,0,250,300,15,-141.34019174591,120,156.810312074812,-63.9617172167527,-0.649833105602685,-64.6115503223554,42.0712570710266,-0.750616321031511,41.3206407499951,0
41,40,366.343,405.018,20,internal_airspace,1,250,350,15,-149.036243467926,120,128.793144122659,-62.2520797423874,-0.208116055782043,-62.4601957981695,25.3092236200386,-0.341507047291247,24.9677165727473,0
41,40,366.343,405.018,20,internal_airspace,2,250,450,15,-168.69006752598,120,124.836188555242,-61.9810348443038,0.237895398279474,-61.7431394460243,-21.1381282481284,0.149462899631033,-20.9886653484974,0
41,40,366.343,405.018,20,internal_airspace,3,250,550,15,168.69006752598,120,185.958258684577,-65.4425342500564,-1.19710705734772,-66.6396413074042,-51.2541722303131,-0.937371458034357,-52.1915436883475,0
41,40,366.343,405.018,20,internal_airspace,4,250,650,15,149.036243467926,120,271.250574143171,-68.7216381563922,-0.160084032235407,-68.8817221886276,-64.5967568577037,-0.0450393374573206,-64.641796195161,0
41,40,366.343,405.018,20,internal_airspace,5,250,700,15,141.34019174591,120,317.13573430473,-70.0791284409036,-0.432853325278425,-70.511981766182,-68.4753709750401,-0.375311651412131,-68.8506826264522,0
41,40,366.343,405.018,20,internal_airspace,6,300,700,15,135,120,302.391755795359,-69.6656237678135,1.35900902730477,-68.3066147405087,-77.3247838835347,0.339501921746252,-76.9852819617885,0
41,40,366.343,405.018,20,internal_airspace,7,400,700,15,116.565051177078,120,296.937996849511,-69.5075403231164,-1.81191055062885,-71.3194508737453,-96.509212521165,-0.793913562529091,-97.303126083694,0
41,40,366.343,405.018,20,internal_airspace,8,600,700,15,63.434948822922,120,376.344222717714,-71.5659299050589,0.0699810833178743,-71.4959488217411,-128.382954529842,-0.544764346451831,-128.927718876294,0
41,40,366.343,405.018,20,internal_airspace,9,700,700,15,45,120,445.383401097302,-73.0289053815837,-0.910614236192413,-73.9395196177761,-138.520502084688,-0.173006410446111,-138.693508495134,0
41,40,366.343,405.018,20,internal_airspace,10,750,700,15,38.6598082540901,120,483.975282398802,-73.7506884724128,0.790512228863789,-72.960176243549,-142.444430131115,-0.146479059967707,-142.590909191083,0
41,40,366.343,405.018,20,internal_airspace,11,750,650,15,30.9637565320735,120,455.229473972193,-73.2188322907726,-0.97217990677934,-74.1910121975519,-147.439964631965,0.0115037334390884,-147.428460898525,0
41,40,366.343,405.018,20,internal_airspace,12,750,550,15,11.3099324740202,120,410.167616923862,-72.3134522237024,-0.486477429199364,-72.7999296529018,-159.298680075918,0.197375425647478,-159.101304650271,0
41,40,366.343,405.018,20,internal_airspace,13,750,450,15,-11.3099324740202,120,386.317322900488,-71.7931084908595,0.72777237246157,-71.065336118398,-173.312866143691,1.24481118688308,-172.068054956808,0
41,40,366.343,405.018,20,internal_airspace,14,750,350,15,-30.9637565320735,120,387.614078656852,-71.822215690555,0.184522365952788,-71.6376933246022,171.839186498667,0.158575676463345,171.99776217513,0
41,40,366.343,405.018,20,internal_airspace,15,750,300,15,-38.6598082540901,120,397.802053756639,-72.0475652532822,0.166753775566744,-71.8808114777154,164.691480153799,-0.458317652677463,164.233162501122,0
41,40,366.343,405.018,20,internal_airspace,16,700,300,15,-45,120,349.829635641408,-70.9313567890208,-1.34598995657699,-72.2773467455978,162.528689047086,-0.644762705430627,161.883926341655,0
41,40,366.343,405.018,20,internal_airspace,17,600,300,15,-63.434948822922,120,256.221337856549,-68.226530724722,-0.539729249702561,-68.7662599744246,155.798290326806,-0.0866212717452622,155.711669055061,0
41,40,366.343,405.018,20,internal_airspace,18,400,300,15,-116.565051177078,120,110.392816673006,-60.9130411244195,-0.045779869595704,-60.9588209940152,107.770026838597,-0.138426709565614,107.631600129031,0
41,40,366.343,405.018,20,internal_airspace,19,300,300,15,-135,120,124.318839976087,-61.9449638153743,-0.844846365872622,-62.7898101812469,57.7181775413963,0.595408791443534,58.3135863328399,0
41,40,366.343,405.018,20,internal_airspace,20,300,500,15,180,120,115.965399895831,-61.3407934332864,-2.37428880866876,-63.7150822419552,-55.0664820276598,0.647011667487566,-54.4194703601722,0
41,40,366.343,405.018,20,internal_airspace,21,500,350,15,-90,120,144.624250985096,-63.2590472889675,0.985485544722871,-62.2735617442446,157.62618252412,0.179800117282548,157.805982641403,0
41,40,366.343,405.018,20,internal_airspace,22,700,500,15,0,120,346.948950096408,-70.8595363863929,1.80031855244963,-69.0592178339433,-164.109958750106,-0.159161729032292,-164.269120479138,0
41,40,366.343,405.018,20,internal_airspace,23,500,650,15,90,120,279.11534170124,-68.9698990009862,-0.185972461235415,-69.1558714622216,-118.615948797019,0.035781527691543,-118.580167269328,0
42,41,376.305,405.881,20,internal_airspace,0,250,300,15,-141.34019174591,120,164.890082133523,-64.3981155208983,0.845518649991058,-63.5525968709073,39.9729755005985,0.756161611667233,40.7291371122657,0
42,41,376.305,405.881,20,internal_airspace,1,250,350,15,-149.036243467926,120,138.205062085294,-62.8647038419491,0.879981077781424,-61.9847227641677,23.8659900418311,0.404630916950424,24.2706209587815,0
42,41,376.305,405.881,20,internal_airspace,2,250,450,15,-168.69006752598,120,133.882183975315,-62.5886805991169,0.341341942242861,-62.247338656874,-19.2545765695709,-0.111083434759729,-19.3656600043306,0
42,41,376.305,405.881,20,internal_airspace,3,250,550,15,168.69006752598,120,191.698302512046,-65.7065901786045,-2.20703539885172,-67.9136255774562,-48.7688758326877,0.197528393600824,-48.5713474390869,0
42,41,376.305,405.881,20,internal_airspace,4,250,650,15,149.036243467926,120,274.903690746414,-68.837836245146,0.898820335170472,-67.9390159099755,-62.6433565187889,0.099465310414354,-62.5438912083746,0
42,41,376.305,405.881,20,internal_airspace,5,250,700,15,141.34019174591,120,320.131128111591,-70.1607829350356,1.69414895905823,-68.4666339759773,-66.7596201472117,-0.131392775706521,-66.8910129229183,0
42,41,376.305,405.881,20,internal_airspace,6,300,700,15,135,120,303.897086504626,-69.7087555636342,-0.462624597132243,-70.1713801607665,-75.4560669980642,-0.229981826941916,-75.6860488250062,0
42,41,376.305,405.881,20,internal_airspace,7,400,700,15,116.565051177078,120,295.114281569022,-69.4540293737087,0.385554425209567,-69.0684749484991,-94.6059511145302,-0.683318056884527,-95.2892691714147,0
42,41,376.305,405.881,20,internal_airspace,8,600,700,15,63.434948822922,120,369.554379200139,-71.4077918944727,1.1525564563878,-70.2552354380849,-127.255148656262,0.159389977589046,-127.095758678673,0
42,41,376.305,405.881,20,internal_airspace,9,700,700,15,45,120,437.389345075986,-72.8715888201956,0.659554265995787,-72.2120345541998,-137.74077189182,-0.705719221251627,-138.446491113071,0
42,41,376.305,405.881,20,internal_airspace,10,750,700,15,38.6598082540901,120,475.582736425535,-73.5987464625342,0.559059780642864,-73.0396866818914,-141.795262874914,0.227318314919931,-141.567944559994,0
42,41,376.305,405.881,20,internal_airspace,11,750,650,15,30.9637565320735,120,446.393368214628,-73.0485795129844,1.90951873787466,-71.1390607751098,-146.845127958198,0.452792487076833,-146.392335471121,0
42,41,376.305,405.881,20,internal_airspace,12,750,550,15,11.3099324740202,120,400.553665800227,-72.1074390478571,0.258127316173393,-71.8493117316837,-158.910396594618,0.36493155193043,-158.545465042687,0
42,41,376.305,405.881,20,internal_airspace,13,750,450,15,-11.3099324740202,120,376.323583085089,-71.5654535366802,0.469002991704191,-71.096450544976,-173.266741590363,0.217722247002973,-173.04901934336,0
42,41,376.305,405.881,20,internal_airspace,14,750,350,15,-30.9637565320735,120,377.883102540984,-71.6013742821368,0.533441858029388,-71.0679324241074,171.495214727061,0.315455833266611,171.810670560327,0
42,41,376.305,405.881,20,internal_airspace,15,750,300,15,-38.6598082540901,120,388.437561502489,-71.8406492159301,1.13228159153251,-70.7083676243976,164.18069960611,-0.158195815236763,164.022503790873,0
42,41,376.305,405.881,20,internal_airspace,16,700,300,15,-45,120,340.608630521894,-70.6993377972246,0.153493027179065,-70.5458447700455,161.887020865695,0.118255298109024,162.005276163804,0
42,41,376.305,405.881,20,internal_airspace,17,600,300,15,-63.434948822922,120,247.538359019365,-67.9270749860571,-0.233203782126254,-68.1602787681833,154.670517919731,0.119064249095008,154.789582168826,0
42,41,376.305,405.881,20,internal_airspace,18,400,300,15,-116.565051177078,120,108.615096492154,-60.7720286813851,1.27931400672189,-59.4927146746632,102.614322965079,0.126554136434201,102.740877101513,0
42,41,376.305,405.881,20,internal_airspace,19,300,300,15,-135,120,130.607194235233,-62.3735668309934,-2.13920022150974,-64.5127670525032,54.2209314849832,-0.365858495045726,53.8550729899374,0
42,41,376.305,405.881,20,internal_airspace,20,300,500,15,180,120,121.267634536178,-61.7291229590793,-0.568528928338896,-62.2976518874182,-50.9673163739199,0.544047323032661,-50.4232690508873,0
42,41,376.305,405.881,20,internal_airspace,21,500,350,15,-90,120,135.823927148349,-62.7137505001541,-0.234331292138918,-62.948081792293,155.688240484949,0.329515821191717,156.017756306141,0
42,41,376.305,405.881,20,internal_airspace,22,700,500,15,0,120,337.137715460611,-70.6103716259865,1.37769753049977,-69.2326740954868,-163.787447075318,-0.699780272915677,-164.487227348234,0
42,41,376.305,405.881,20,internal_airspace,23,500,650,15,90,120,273.714338656198,-68.8001758088251,0.350639256777183,-68.449536552048,-116.871314623942,0.782689398354495,-116.088625225588,0
43,42,386.268,406.745,20,internal_airspace,0,250,300,15,-141.34019174591,120,173.171772668065,-64.8237668865236,-1.10330637184795,-65.9270732583715,38.0732335315488,-0.36244810339855,37.7107854281502,0
43,42,386.268,406.745,20,internal_airspace,1,250,350,15,-149.036243467926,120,147.69550720655,-63.441570525836,-0.595088305647516,-64.0366588314835,22.6079217400558,0.203076077971094,22.8109978180269,0
43,42,386.268,406.745,20,internal_airspace,2,250,450,15,-168.69006752598,120,143.055803269214,-63.1643344401022,0.497475708585866,-62.6668587315163,-17.610789241488,-0.231780380215227,-17.8425696217032,0
43,42,386.268,406.745,20,internal_airspace,3,250,550,15,168.69006752598,120,197.777559012644,-65.977765084018,-1.75518189404045,-67.7329469780585,-46.4318759715262,0.113505020777308,-46.3183709507489,0
43,42,386.268,406.745,20,internal_airspace,4,250,650,15,149.036243467926,120,278.867285368865,-68.9621762154927,-0.379738729521772,-69.3419149450145,-60.7430696202431,0.17038001620817,-60.5726896040349,0
43,42,386.268,406.745,20,internal_airspace,5,250,700,15,141.34019174591,120,323.407580073504,-70.2492287291596,-0.748091317438378,-70.997320046598,-65.076927764404,0.145417731180832,-64.9315100332232,0
43,42,386.268,406.745,20,internal_airspace,6,300,700,15,135,120,305.721544626806,-69.7607457371699,-1.18162449678109,-70.942370233951,-73.6074873417943,-0.527692881578697,-74.135180223373,0
43,42,386.268,406.745,20,internal_airspace,7,400,700,15,116.565051177078,120,293.618907512783,-69.4099052027147,1.69164106889243,-67.7182641338222,-92.6809818802707,0.519136550462903,-92.1618453298078,0
43,42,386.268,406.745,20,internal_airspace,8,600,700,15,63.434948822922,120,362.911646064163,-71.2502429384056,0.43617169828826,-70.8140712401174,-126.085555328356,0.638810092766605,-125.446745235589,0
43,42,386.268,406.745,20,internal_airspace,9,700,700,15,45,120,429.477895646563,-72.7130411640146,-1.3262952285996,-74.0393363926141,-136.932168064837,-0.462847099213542,-137.39501516405,0
43,42,386.268,406.745,20,internal_airspace,10,750,700,15,38.6598082540901,120,467.252033541856,-73.4452488374575,-0.103661776147761,-73.5489106136053,-141.122878365934,0.484793547686509,-140.638084818248,0
43,42,386.268,406.745,20,internal_airspace,11,750,650,15,30.9637565320735,120,437.605944713963,-72.8758890961205,-0.342082024968562,-73.2179711210891,-146.226369696682,0.325609981076455,-145.900759715605,0
43,42,386.268,406.745,20,internal_airspace,12,750,550,15,11.3099324740202,120,390.957750721226,-71.8968213826593,1.47366731488336,-70.4231540677759,-158.503115298039,-0.438993154113486,-158.942108452153,0
43,42,386.268,406.745,20,internal_airspace,13,750,450,15,-11.3099324740202,120,366.329036317079,-71.3316517039742,-0.329351420131434,-71.6610031241056,-173.21823685217,1.0654171586871,-172.152819693482,0
43,42,386.268,406.745,20,internal_airspace,14,750,350,15,-30.9637565320735,120,368.165673099761,-71.3750907034516,-0.517443042939393,-71.892533746391,171.132892143288,-0.33564429148627,170.797247851801,0
43,42,386.268,406.745,20,internal_airspace,15,750,300,15,-38.6598082540901,120,379.104817760207,-71.6294109059514,1.09574659521338,-70.533664310738,163.644536017501,0.366251160771867,164.010787178272,0
43,42,386.268,406.745,20,internal_airspace,16,700,300,15,-45,120,331.432139131075,-70.4621172315598,-1.76499306966627,-72.227110301226,161.209506664906,-0.856533230335576,160.352973434571,0
43,42,386.268,406.745,20,internal_airspace,17,600,300,15,-63.434948822922,120,238.957868355491,-67.620651543263,-0.132436285216569,-67.7530878284795,153.460904165669,-0.1497257685712,153.311178397098,0
43,42,386.268,406.745,20,internal_airspace,18,400,300,15,-116.565051177078,120,107.74072047745,-60.7018223423987,0.466746433734795,-60.2350759086639,97.3304422445972,-0.39076146472871,96.9396807798685,0
43,42,386.268,406.745,20,internal_airspace,19,300,300,15,-135,120,137.33776920061,-62.8100246102446,-1.36893422754849,-64.1789588377931,51.0559309336422,-0.70554220216743,50.3503887314748,0
43,42,386.268,406.745,20,internal_airspace,20,300,500,15,180,120,127.136394667302,-62.1396226652357,1.08107692646165,-61.0585457387741,-47.2288156043463,0.0321206967906872,-47.1966949075556,0
43,42,386.268,406.745,20,internal_airspace,21,500,350,15,-90,120,127.200482896096,-62.1440000351202,0.118274047751728,-62.0257259873685,153.483735368356,-0.300543704940783,153.183191663415,0
43,42,386.268,406.745,20,internal_airspace,22,700,500,15,0,120,327.336620085502,-70.3541167101093,0.786501872205218,-69.567614837904,-163.445726772735,0.0326535597219731,-163.413073213013,0
43,42,386.268,406.745,20,internal_airspace,23,500,650,15,90,120,268.575804660435,-68.6355625455054,0.856890764660671,-67.7786717808447,-115.058077299111,0.813234293103099,-114.244843006008,0
44,43,396.231,407.608,20,internal_airspace,0,250,300,15,-141.34019174591,120,181.625953610711,-65.2377829849546,2.22406565227445,-63.0137173326802,36.348489316192,-0.0209664514372821,36.3275228647548,0
44,43,396.231,407.608,20,internal_airspace,1,250,350,15,-149.036243467926,120,157.248806116295,-63.9859719707501,-0.031135563327183,-64.0171075340773,21.5020612907036,0.258372958834354,21.7604342495379,0
44,43,396.231,407.608,20,internal_airspace,2,250,450,15,-168.69006752598,120,152.333801321309,-63.7101504253868,-1.35480909124973,-65.0649595166365,-16.1667411607688,0.645623549452659,-15.5211176113161,0
44,43,396.231,407.608,20,internal_airspace,3,250,550,15,168.69006752598,120,204.166566863921,-66.2539173546478,0.977731221604909,-65.2761861330429,-44.2379487174662,0.367628980439237,-43.870319737027,0
44,43,396.231,407.608,20,internal_airspace,4,250,650,15,149.036243467926,120,283.129629366126,-69.0939312428609,-0.785714678792919,-69.8796459216538,-58.8981287550814,-0.115221910919034,-59.0133506660004,0
44,43,396.231,407.608,20,internal_airspace,5,250,700,15,141.34019174591,120,326.958081449289,-70.3440663606963,0.768831141491424,-69.5752352192049,-63.4294623355672,-0.316096072545924,-63.7455584081132,0
44,43,396.231,407.608,20,internal_airspace,6,300,700,15,135,120,307.861148937309,-69.8213225507992,-1.62215326011875,-71.443475810918,-71.7827772343946,0.648615872928601,-71.134161361466,0
44,43,396.231,407.608,20,internal_airspace,7,400,700,15,116.565051177078,120,292.459034780942,-69.3755256809185,0.300631836317264,-69.0748938446013,-90.7385148488717,0.48317783316288,-90.2553370157089,0
44,43,396.231,407.608,20,internal_airspace,8,600,700,15,63.434948822922,120,356.426552076301,-71.0936258229369,-1.14348310693484,-72.2371089298718,-124.872774426779,-0.218541547149877,-125.091315973929,0
44,43,396.231,407.608,20,internal_airspace,9,700,700,15,45,120,421.65588698013,-72.5533881970374,-0.535565996985293,-73.0889541940227,-136.093286826589,0.0943629118016668,-135.998923914787,0
44,43,396.231,407.608,20,internal_airspace,10,750,700,15,38.6598082540901,120,458.988656749816,-73.2902638882525,-0.707620958518729,-73.9978848467713,-140.426083550018,-0.553370222066904,-140.979453772085,0
44,43,396.231,407.608,20,internal_airspace,11,750,650,15,30.9637565320735,120,428.872226921959,-72.7007832929339,1.17531086166239,-71.5254724312715,-145.582217213723,0.0469876995828102,-145.535229514141,0
44,43,396.231,407.608,20,internal_airspace,12,750,550,15,11.3099324740202,120,381.382992574394,-71.6814512777669,-1.46463024935877,-73.1460815271256,-158.075217915465,0.0320667949823751,-158.043151120483,0
44,43,396.231,407.608,20,internal_airspace,13,750,450,15,-11.3099324740202,120,356.33493657653,-71.0913929241701,0.930235179799748,-70.1611577443704,-173.166851030521,0.0625603736004525,-173.10429065692,0
44,43,396.231,407.608,20,internal_airspace,14,750,350,15,-30.9637565320735,120,358.463648122093,-71.1431272409775,-0.0613347012546097,-71.2044619422321,170.751094991467,-0.350057536636117,170.401037454831,0
44,43,396.231,407.608,20,internal_airspace,15,750,300,15,-38.6598082540901,120,369.806688723987,-71.4137200745161,-0.499056464190919,-71.912776538707,163.081503506024,-0.643917793920222,162.437585712104,0
44,43,396.231,407.608,20,internal_airspace,16,700,300,15,-45,120,322.304339134614,-70.2195478820856,-0.975005524657438,-71.194553406743,160.493672477558,0.137996560903687,160.631669038462,0
44,43,396.231,407.608,20,internal_airspace,17,600,300,15,-63.434948822922,120,230.491403364637,-67.3073194772553,0.58425484994147,-66.7230646273139,152.161995384932,-0.0479994668510822,152.11399591808,0
44,43,396.231,407.608,20,internal_airspace,18,400,300,15,-116.565051177078,120,107.790013568048,-60.7057953660532,2.21997635751426,-58.4858190085389,92.0059805203479,-0.184119668632067,91.8218608517159,0
44,43,396.231,407.608,20,internal_airspace,19,300,300,15,-135,120,144.446831135197,-63.2483852094676,-0.499067878651265,-63.7474530881189,48.1945725221443,0.50818941149964,48.702761933644,0
44,43,396.231,407.608,20,internal_airspace,20,300,500,15,180,120,133.497891462749,-62.5637129597309,-0.233535824717183,-62.7972487844481,-43.834033317333,-0.492224798902702,-44.3262581162357,0
44,43,396.231,407.608,20,internal_airspace,21,500,350,15,-90,120,118.792621929984,-61.5500141934994,0.299966605418238,-61.2500475880811,150.962885268501,0.56842538875808,151.531310657259,0
44,43,396.231,407.608,20,internal_airspace,22,700,500,15,0,120,317.548243618194,-70.0904191335966,-0.991319427406889,-71.0817385610035,-163.082747502793,0.32358210400263,-162.75916539879,0
44,43,396.231,407.608,20,internal_airspace,23,500,650,15,90,120,263.717437847784,-68.4770017881351,-2.10347885797025,-70.5804806461054,-113.175963821999,0.385587361857908,-112.790376460142,0
45,44,406.193,408.472,20,internal_airspace,0,250,300,15,-141.34019174591,120,190.229934639636,-65.639802008014,0.280840985603038,-65.358961022411,34.7789793788986,0.0525841740234292,34.831563552922,0
45,44,406.193,408.472,20,internal_airspace,1,250,350,15,-149.036243467926,120,166.853912249608,-64.5009527158401,-1.10376137917857,-65.6047140950186,20.523757642333,-0.759366899109542,19.7643907432234,0
45,44,406.193,408.472,20,internal_airspace,2,250,450,15,-168.69006752598,120,161.696716209699,-64.2282488382367,-1.38816217480152,-65.6164110130382,-14.8891248432072,-0.867476366234539,-15.7566012094418,0
45,44,406.193,408.472,20,internal_airspace,3,250,550,15,168.69006752598,120,210.83507306186,-66.5330820096544,-0.560082217375155,-67.0931642270295,-42.1800308582981,0.25187355464834,-41.9281573036498,0
45,44,406.193,408.472,20,internal_airspace,4,250,650,15,149.036243467926,120,287.675212753897,-69.2322736933131,-0.833218998371669,-70.0654926916848,-57.1097792552601,0.169578232132542,-56.9402010231275,0
45,44,406.193,408.472,20,internal_airspace,5,250,700,15,141.34019174591,120,330.77156472859,-70.4447881884649,0.183338038163581,-70.2614501503014,-61.8187702551096,0.111963342581251,-61.7068069125284,0
45,44,406.193,408.472,20,internal_airspace,6,300,700,15,135,120,310.307151114827,-69.8900605169707,0.538969187211096,-69.3510913297596,-69.9851657450407,-0.199127855481248,-70.184293600522,0
45,44,406.193,408.472,20,internal_airspace,7,400,700,15,116.565051177078,120,291.63663698685,-69.3510664645824,0.417920985855576,-68.9331454787269,-88.7830349015799,0.365758981468627,-88.4172759201112,0
45,44,406.193,408.472,20,internal_airspace,8,600,700,15,63.434948822922,120,350.106738057125,-70.938234217363,0.0227065573032475,-70.9155276600598,-123.615848942915,-0.0879315601249392,-123.70378050304,0
45,44,406.193,408.472,20,internal_airspace,9,700,700,15,45,120,413.92768454526,-72.3927143162535,0.638870589837884,-71.7538437264156,-135.223079811897,-0.0867824835162616,-135.309862295413,0
45,44,406.193,408.472,20,internal_airspace,10,750,700,15,38.6598082540901,120,450.795771977733,-73.1338215169686,-2.58877254927199,-75.7225940662406,-139.704026865166,-0.563564104148756,-140.267590969315,0
45,44,406.193,408.472,20,internal_airspace,11,750,650,15,30.9637565320735,120,420.195226094967,-72.5232471144128,0.0339554359185071,-72.4892916784943,-144.911559062779,-0.0770228401681133,-144.988581902947,0
45,44,406.193,408.472,20,internal_airspace,12,750,550,15,11.3099324740202,120,371.831182168736,-71.4611409816784,-0.00264676522174693,-71.4637877469001,-157.625506165068,-0.563569886529214,-158.189076051597,0
45,44,406.193,408.472,20,internal_airspace,13,750,450,15,-11.3099324740202,120,346.342067951613,-70.8443297486544,-1.07593011854506,-71.9202598671994,-173.112683153191,0.886943175853853,-172.225739977337,0
45,44,406.193,408.472,20,internal_airspace,14,750,350,15,-30.9637565320735,120,348.779626745887,-70.9052470056438,-0.596844047564615,-71.5020910532084,170.347936254564,-0.317610124852812,170.030326129711,0
45,44,406.193,408.472,20,internal_airspace,15,750,300,15,-38.6598082540901,120,360.54740053563,-71.1934722091172,0.398210604432413,-70.7952616046848,162.489379394896,-0.157515668648768,162.331863726247,0
45,44,406.193,408.472,20,internal_airspace,16,700,300,15,-45,120,313.231109618761,-69.9715226136237,-0.0895305962686937,-70.0610532098924,159.736119030157,0.506309863108746,160.242428893266,0
45,44,406.193,408.472,20,internal_airspace,17,600,300,15,-63.434948822922,120,222.153838663661,-66.9873012731921,-0.0675579816984899,-67.0548592548906,150.76466077892,-0.234818992213966,150.529841786706,0
45,44,406.193,408.472,20,internal_airspace,18,400,300,15,-116.565051177078,120,108.763633779862,-60.7838990119124,0.401991166366072,-60.3819078455463,86.7323551247465,0.235177314343448,86.96753243909,0
45,44,406.193,408.472,20,internal_airspace,19,300,300,15,-135,120,151.881954270414,-63.6843483659518,-1.73621431551576,-65.4205626814676,45.6082602008669,-0.160165782402702,45.4480944184642,0
45,44,406.193,408.472,20,internal_airspace,20,300,500,15,180,120,140.283028314191,-62.9943274842593,0.0899193675661134,-62.9044081166932,-40.7581294471448,-0.385755624517954,-41.1438850716628,0
45,44,406.193,408.472,20,internal_airspace,21,500,350,15,-90,120,110.651380619493,-60.9333615757628,1.1311217823494,-59.8022397934134,148.063790405823,0.736091222018385,148.799881627841,0
45,44,406.193,408.472,20,internal_airspace,22,700,500,15,0,120,307.774151014993,-69.8188676741635,-0.164570817143756,-69.9834384913072,-162.696922930296,-0.500076014405437,-163.196998944701,0
45,44,406.193,408.472,20,internal_airspace,23,500,650,15,90,120,259.153483544019,-68.3253658543533,-1.39510827132765,-69.720474125681,-111.225659777246,0.458806830810468,-110.766852946436,0
46,45,416.156,409.335,20,internal_airspace,0,250,300,15,-141.34019174591,120,198.964716874626,-66.0297461990857,1.25632742164872,-64.7734187774369,33.3459636639522,-0.239527132454393,33.1064365314978,0
46,45,416.156,409.335,20,internal_airspace,1,250,350,15,-149.036243467926,120,176.503423652347,-64.989287511304,-0.795959670463371,-65.7852471817674,19.6518580277962,0.286302740568646,19.9381607683648,0
46,45,416.156,409.335,20,internal_airspace,2,250,450,15,-168.69006752598,120,171.132868149283,-64.7208934160518,0.0615251966238004,-64.659368219428,-13.7522401661845,0.0619960283174727,-13.690244137867,0
46,45,416.156,409.335,20,internal_airspace,3,250,550,15,168.69006752598,120,217.76009405077,-66.8137907428612,-0.505763894013461,-67.3195546368747,-40.250715701631,-0.00822602719147029,-40.2589417288225,0
46,45,416.156,409.335,20,internal_airspace,4,250,650,15,149.036243467926,120,292.493518835888,-69.3765497800323,-0.925084219886291,-70.3016339999186,-55.3786585693176,-0.410786138952442,-55.7894447082701,0
46,45,416.156,409.335,20,internal_airspace,5,250,700,15,141.34019174591,120,334.841691790315,-70.5510153850047,0.397950349163506,-70.1530650358412,-60.2459489297449,-0.224667110930145,-60.470616040675,0
46,45,416.156,409.335,20,internal_airspace,6,300,700,15,135,120,313.054881068799,-69.9666344258015,1.46837170678407,-68.4982627190175,-68.2172853320545,-0.0192878331462279,-68.2365731652007,0
46,45,416.156,409.335,20,internal_airspace,7,400,700,15,116.565051177078,120,291.156587699815,-69.3367572520027,0.670939648917981,-68.6658176030847,-86.8186086949683,-1.14267662608532,-87.9612853210536,0
46,45,416.156,409.335,20,internal_airspace,8,600,700,15,63.434948822922,120,343.961856258801,-70.7844305150341,0.321586719882652,-70.4628437951515,-122.313126046117,0.980378799159535,-121.332747246957,0
46,45,416.156,409.335,20,internal_airspace,9,700,700,15,45,120,406.298607628675,-72.2311315145669,0.703745314973026,-71.5273861995939,-134.319773667142,-0.779363315973778,-135.099136983115,0
46,45,416.156,409.335,20,internal_airspace,10,750,700,15,38.6598082540901,120,442.677036405775,-72.9759647104062,-0.77249903861438,-73.7484637490206,-138.955176794388,0.31004171931296,-138.645135075075,0
46,45,416.156,409.335,20,internal_airspace,11,750,650,15,30.9637565320735,120,411.578010298169,-72.3432681005844,-0.617216712831284,-72.9604848134157,-144.212520922808,-0.79885511141929,-145.011376034227,0
46,45,416.156,409.335,20,internal_airspace,12,750,550,15,11.3099324740202,120,362.302992757443,-71.2356632638975,1.11480165424987,-70.1208616096476,-157.151899811403,-0.371583709361628,-157.523483520764,0
46,45,416.156,409.335,20,internal_airspace,13,750,450,15,-11.3099324740202,120,336.348715711834,-70.5900203091363,-1.19403066286497,-71.7840509720013,-173.055106301226,-0.315450319063941,-173.37055662029,0
46,45,416.156,409.335,20,internal_airspace,14,750,350,15,-30.9637565320735,120,339.112751988185,-70.6611072599308,0.346687699306649,-70.3144195606242,169.921904922104,0.048706466752428,169.970611388856,0
46,45,416.156,409.335,20,internal_airspace,15,750,300,15,-38.6598082540901,120,351.327423582333,-70.9684658514585,-0.22505026965723,-71.1935161211157,161.866209619647,-0.45988848717659,161.40632113247,0
46,45,416.156,409.335,20,internal_airspace,16,700,300,15,-45,120,304.214658688565,-69.7178275712525,-0.348025524283324,-70.0658530955358,158.933615556777,0.242804928360493,159.176420485138,0
46,45,416.156,409.335,20,internal_airspace,17,600,300,15,-63.434948822922,120,213.957375570463,-66.6607700770712,1.0684540008424,-65.5923160762288,149.259366155782,-0.240267977745091,149.019098178037,0
46,45,416.156,409.335,20,internal_airspace,18,400,300,15,-116.565051177078,120,110.635250083326,-60.9320952719038,-0.178605887382532,-61.1107011592863,81.5944551507698,-0.340851624025347,81.2536035267444,0
46,45,416.156,409.335,20,internal_airspace,19,300,300,15,-135,120,159.597489206441,-64.1147459288665,-0.125425889866426,-64.240171818733,43.2673571251886,0.196281455889196,43.4636385810778,0
46,45,416.156,409.335,20,internal_airspace,20,300,500,15,180,120,147.435947316114,-63.426292526087,0.723090389203006,-62.703202136884,-37.9736447852013,-0.223401024886849,-38.1970458100881,0
46,45,416.156,409.335,20,internal_airspace,21,500,350,15,-90,120,102.837048581725,-60.297216912617,-0.257600420297239,-60.5548173329143,144.713594269899,-0.176623956024484,144.536970313875,0
46,45,416.156,409.335,20,internal_airspace,22,700,500,15,0,120,298.014359655705,-69.5389686505885,-1.37236080261767,-70.9113294532061,-162.285560693385,0.635708786942249,-161.649851906442,0
46,45,416.156,409.335,20,internal_airspace,23,500,650,15,90,120,254.900879874904,-68.1816515258973,-0.886373799273943,-69.0680253251712,-109.207554141494,-0.924876452806471,-110.1324305943,0
47,46,426.119,410.199,20,internal_airspace,0,250,300,15,-141.34019174591,120,207.814151977193,-66.4077272209195,0.292513413170146,-66.1152138077494,32.0345288366374,-0.0718248318627362,31.9627040047747,0
47,46,426.119,410.199,20,internal_airspace,1,250,350,15,-149.036243467926,120,186.190283747568,-65.4533651098974,0.561067114603178,-64.8922979952942,18.8708725922846,-0.22802881788453,18.6428437744001,0
47,46,426.119,410.199,20,internal_airspace,2,250,450,15,-168.69006752598,120,180.629515201697,-65.1899991604159,-0.0399651571092246,-65.2299643175252,-12.7343205229591,0.0998561369385301,-12.6344643860205,0
47,46,426.119,410.199,20,internal_airspace,3,250,550,15,168.69006752598,120,224.916032692203,-67.0946331213867,-1.9839826720371,-69.0786157934238,-38.442094739185,-0.245842465343398,-38.6879372045284,0
47,46,426.119,410.199,20,internal_airspace,4,250,650,15,149.036243467926,120,297.569188193267,-69.5259840376763,0.800078373231397,-68.7259056644449,-53.7050202208802,-0.660388252414311,-54.3654084732945,0
47,46,426.119,410.199,20,internal_airspace,5,250,700,15,141.34019174591,120,339.157075352999,-70.6622424655384,1.4420842852843,-69.2201581802541,-58.7119490207663,-0.572018751248306,-59.2839677720146,0
47,46,426.119,410.199,20,internal_airspace,6,300,700,15,135,120,316.094324153408,-70.0505587870259,-0.596565730407044,-70.6471245174329,-66.4817228048192,0.137994210412193,-66.343728594407,0
47,46,426.119,410.199,20,internal_airspace,7,400,700,15,116.565051177078,120,291.018593498766,-69.3326395827438,0.236029578492783,-69.096610004251,-84.8499967810428,-0.0119466723880199,-84.8619434534308,0
47,46,426.119,410.199,20,internal_airspace,8,600,700,15,63.434948822922,120,338.000328050137,-70.6325672699802,0.146344259047562,-70.4862230109326,-120.96381468125,0.349783627972581,-120.614031053278,0
47,46,426.119,410.199,20,internal_airspace,9,700,700,15,45,120,398.773647276246,-72.0687538440423,0.122761460567282,-71.9459923834751,-133.382232539516,0.622206128953408,-132.760026410563,0
47,46,426.119,410.199,20,internal_airspace,10,750,700,15,38.6598082540901,120,434.636079682762,-72.8167403303766,-0.0717154087629328,-72.8884557391396,-138.178578754056,0.310740784325044,-137.867837969731,0
47,46,426.119,410.199,20,internal_airspace,11,750,650,15,30.9637565320735,120,403.024095758554,-72.1608450792451,0.053794462352635,-72.1070506168924,-143.483809038119,0.327538086477723,-143.156270951642,0
47,46,426.119,410.199,20,internal_airspace,12,750,550,15,11.3099324740202,120,352.800541045503,-71.0048096838867,-1.95058883848272,-72.9553985223695,-156.652890402593,-0.946297406832976,-157.599187809426,0
47,46,426.119,410.199,20,internal_airspace,13,750,450,15,-11.3099324740202,120,326.355667580632,-70.3280480176863,-0.360507364734047,-70.6885553824203,-172.9941768655,-0.340162646084336,-173.334339511584,0
47,46,426.119,410.199,20,internal_airspace,14,750,350,15,-30.9637565320735,120,329.465964497093,-70.4104359627827,1.69674751473738,-68.7136884480453,169.470721815529,-0.575825019737724,168.894896795791,0
47,46,426.119,410.199,20,internal_airspace,15,750,300,15,-38.6598082540901,120,342.151606399853,-70.7385965011771,0.509297454402283,-70.2292990467748,161.209367526275,0.550934465425871,161.760301991701,0
47,46,426.119,410.199,20,internal_airspace,16,700,300,15,-45,120,295.261954477715,-69.4583746387647,-1.45161575397658,-70.9099903927412,158.082074819679,-0.0426225380542612,158.039452281625,0
47,46,426.119,410.199,20,internal_airspace,17,600,300,15,-63.434948822922,120,205.920911424751,-66.3282338700638,-1.25621466577401,-67.5844485358378,147.635070427977,0.160210327335045,147.795280755312,0
47,46,426.119,410.199,20,internal_airspace,18,400,300,15,-116.565051177078,120,113.362347196942,-61.1436014244907,1.3788988183243,-59.7647026061664,76.6659985391479,1.13881145417581,77.8048099933237,0
47,46,426.119,410.199,20,internal_airspace,19,300,300,15,-135,120,167.555428924282,-64.5373949116969,0.331018194169358,-64.2063767175275,41.1459868105821,-0.846102289095111,40.299884521487,0
47,46,426.119,410.199,20,internal_airspace,20,300,500,15,180,120,154.903911383799,-63.8554725142651,1.29042742280042,-62.5650450914647,-35.4521539331593,0.0634781638861716,-35.3886757692731,0
47,46,426.119,410.199,20,internal_airspace,21,500,350,15,-90,120,95.4322888858902,-59.6481316390951,-0.142786065673235,-59.7909177047684,140.826497388514,-0.426404259234834,140.400093129279,0
47,46,426.119,410.199,20,internal_airspace,22,700,500,15,0,120,288.27074385376,-69.2502362093915,-1.17378881794307,-70.4240250273346,-161.846547831058,1.350047962222,-160.496499868836,0
47,46,426.119,410.199,20,internal_airspace,23,500,650,15,90,120,250.973946380894,-68.0467976279729,-1.65727374687488,-69.7040713748478,-107.123696958036,-1.75025599460304,-108.873952952639,0
48,47,436.081,411.062,20,internal_airspace,0,250,300,15,-141.34019174591,120,216.762326996644,-66.7739009266913,-0.316044367641545,-67.0899452943328,30.8307639581242,0.0646930031393033,30.8954569612635,0
48,47,436.081,411.062,20,internal_airspace,1,250,350,15,-149.036243467926,120,195.907392420501,-65.8952413159296,0.0129141275818764,-65.8823271883477,18.1671162145808,-0.500736557607521,17.6663796569732,0
48,47,436.081,411.062,20,internal_airspace,2,250,450,15,-168.69006752598,120,190.177039636755,-65.6373864888913,1.21246182752901,-64.4249246613623,-11.8187785661671,1.05993695361376,-10.7588416125534,0
48,47,436.081,411.062,20,internal_airspace,3,250,550,15,168.69006752598,120,232.281954540167,-67.3745342693206,0.931511957841131,-66.4430223114794,-36.7469806731735,-0.582204273304913,-37.3291849464784,0
48,47,436.081,411.062,20,internal_airspace,4,250,650,15,149.036243467926,120,302.890254721079,-69.679930843052,1.12828267295228,-68.5516481700997,-52.0891256938595,0.469003385187188,-51.6201223086723,0
48,47,436.081,411.062,20,internal_airspace,5,250,700,15,141.34019174591,120,343.709625127083,-70.7780587170726,1.43122386351462,-69.346834853558,-57.2177740303163,0.541028784683838,-56.6767452456325,0
48,47,436.081,411.062,20,internal_airspace,6,300,700,15,135,120,319.418544240938,-70.1414273550481,-0.0290336652373449,-70.1704610202854,-64.7809922931232,0.79954962014544,-63.9814426729778,0
48,47,436.081,411.062,20,internal_airspace,7,400,700,15,116.565051177078,120,291.225009923598,-69.3387982089619,1.2837941619152,-68.0550040470467,-82.8820614676519,-0.217384083349121,-83.099445551001,0
48,47,436.081,411.062,20,internal_airspace,8,600,700,15,63.434948822922,120,332.234264345206,-70.4831132453458,1.06265481305999,-69.4204584322858,-119.56691304132,0.768813930895946,-118.798099110424,0
48,47,436.081,411.062,20,internal_airspace,9,700,700,15,45,120,391.360966889903,-71.9057750005971,-0.153969420468287,-72.0597444210654,-132.408903654124,0.410970519444372,-131.99793313468,0
48,47,436.081,411.062,20,internal_airspace,10,750,700,15,38.6598082540901,120,426.679395336827,-72.6562582535192,0.784633375868743,-71.8716248776504,-137.37284710608,1.22605521429685,-136.146791891783,0
48,47,436.081,411.062,20,internal_airspace,11,750,650,15,30.9637565320735,120,394.539613226606,-71.976037124154,0.454931067063134,-71.5211060570909,-142.723590290986,0.0595981955116696,-142.663992095474,0
48,47,436.081,411.062,20,internal_airspace,12,750,550,15,11.3099324740202,120,343.327695365521,-70.7684015994716,0.214278011504004,-70.5541235879676,-156.126207810512,0.0207285758520622,-156.10547923466,0
48,47,436.081,411.062,20,internal_airspace,13,750,450,15,-11.3099324740202,120,316.364198993818,-70.0579714572212,0.969006776508662,-69.0889646807126,-172.929239938095,0.723791238058514,-172.205448700036,0
48,47,436.081,411.062,20,internal_airspace,14,750,350,15,-30.9637565320735,120,319.841689598151,-70.152926253981,1.36699978686515,-68.7859264671159,168.992555899114,-0.663832033364388,168.328723865749,0
48,47,436.081,411.062,20,internal_airspace,15,750,300,15,-38.6598082540901,120,333.023882634564,-70.5037324307538,0.516020268045202,-69.9877121627086,160.516633003565,-0.0128590371234745,160.503773966442,0
48,47,436.081,411.062,20,internal_airspace,16,700,300,15,-45,120,286.379130533284,-69.1930521583122,-0.210918121292816,-69.403970279605,157.177740999832,-0.419454268098281,156.758286731733,0
48,47,436.081,411.062,20,internal_airspace,17,600,300,15,-63.434948822922,120,198.063642309738,-65.9903200599538,-0.49271572493424,-66.4830357848881,145.880712342381,0.101003427836227,145.981715770217,0
48,47,436.081,411.062,20,internal_airspace,18,400,300,15,-116.565051177078,120,116.882874729363,-61.4092425244725,0.0633095493266883,-61.3459329751459,72.0024411006267,-0.301140909255131,71.7013001913716,0
48,47,436.081,411.062,20,internal_airspace,19,300,300,15,-135,120,175.720819497861,-64.950689234016,-0.934705366606993,-65.8853946006229,39.219475470557,0.740194507273285,39.9596699778303,0
48,47,436.081,411.062,20,internal_airspace,20,300,500,15,180,120,162.643802233593,-64.2789752050913,-0.403513001250119,-64.6824882063414,-33.1672908788515,-0.00754798552168246,-33.1748388643732,0
48,47,436.081,411.062,20,internal_airspace,21,500,350,15,-90,120,88.5392930003397,-58.9969458292217,1.25513718567189,-57.7418086435498,136.309523350965,0.255887840537029,136.565411191502,0
48,47,436.081,411.062,20,internal_airspace,22,700,500,15,0,120,278.546596469962,-68.9521819588655,0.0473520741446964,-68.9048298847208,-161.376710509478,0.0830364618378675,-161.29367404764,0
48,47,436.081,411.062,20,internal_airspace,23,500,650,15,90,120,247.39039270958,-67.9218814341741,-0.18560550325226,-68.1074869374264,-104.976674875683,0.228694639715676,-104.747980235968,0
49,48,446.044,411.926,20,internal_airspace,0,250,300,15,-141.34019174591,120,225.800087271905,-67.1287069431147,1.17143184861962,-65.9572750944951,29.7230334909636,-0.0711927590991768,29.6518407318644,0
49,48,446.044,411.926,20,internal_airspace,1,250,350,15,-149.036243467926,120,205.652812798658,-66.3169179124569,-0.266399801404328,-66.5833177138612,17.5301840470272,0.498482306184796,18.028666353212,0
49,48,446.044,411.926,20,internal_airspace,2,250,450,15,-168.69006752598,120,199.769565780176,-66.0648113468168,-1.49952518488181,-67.5643365316986,-10.9906799904538,0.135103039592421,-10.8555769508614,0
49,48,446.044,411.926,20,internal_airspace,3,250,550,15,168.69006752598,120,239.83886134653,-67.6526159074839,1.38227143231201,-66.2703444751719,-35.1570778032076,-0.0419413611508499,-35.1990191643584,0
49,48,446.044,411.926,20,internal_airspace,4,250,650,15,149.036243467926,120,308.443640576362,-69.8377412439021,0.836396211536141,-69.0013450323659,-50.5299696997441,0.560208635423082,-49.969761064321,0
49,48,446.044,411.926,20,internal_airspace,5,250,700,15,141.34019174591,120,348.48942510785,-70.8980169140755,-1.37449672069768,-72.2725136347732,-55.7634019230634,-0.326052664934476,-56.0894545879979,0
49,48,446.044,411.926,20,internal_airspace,6,300,700,15,135,120,323.017769498831,-70.2387531126201,-0.33615415376882,-70.5749072663889,-63.1164976482258,0.256107543316526,-62.8603901049093,0
49,48,446.044,411.926,20,internal_airspace,7,400,700,15,116.565051177078,120,291.773335676857,-69.355136843261,1.78605963499534,-67.5690772082657,-80.9190008358087,0.0462511088501546,-80.8727497269586,0
49,48,446.044,411.926,20,internal_airspace,8,600,700,15,63.434948822922,120,326.67120995276,-70.3364420563638,2.06145829311693,-68.2749837632469,-118.121478859295,0.331932123280176,-117.789546736015,0
49,48,446.044,411.926,20,internal_airspace,9,700,700,15,45,120,384.064160540918,-71.7423004799819,-1.88316201121554,-73.6254624911974,-131.3982771664,-0.29540255753849,-131.693679723938,0
49,48,446.044,411.926,20,internal_airspace,10,750,700,15,38.6598082540901,120,418.808881725304,-72.4945424989235,-0.68264934364264,-73.1771918425662,-136.536667696912,0.141763853121675,-136.394903843791,0
49,48,446.044,411.926,20,internal_airspace,11,750,650,15,30.9637565320735,120,386.126248022587,-71.7888113346701,0.0302244250213622,-71.7585869096487,-141.930123137515,0.651963006764418,-141.27816013075,0
49,48,446.044,411.926,20,internal_airspace,12,750,550,15,11.3099324740202,120,333.884230553047,-70.5261429879747,0.110570412198956,-70.4155725757757,-155.569765915198,-0.216811759521678,-155.78657767472,0
49,48,446.044,411.926,20,internal_airspace,13,750,450,15,-11.3099324740202,120,306.372125709895,-69.7792098314422,-0.307208462673071,-70.0864182941152,-172.860228907461,-0.50278416544544,-173.363013072907,0
49,48,446.044,411.926,20,internal_airspace,14,750,350,15,-30.9637565320735,120,310.240357484322,-69.8881906775231,-0.548634675072449,-70.4368253525956,168.484533211467,-0.14500281314206,168.339530398325,0
49,48,446.044,411.926,20,internal_airspace,15,750,300,15,-38.6598082540901,120,323.947031799953,-70.2637049348115,-0.699317255751087,-70.9630221905626,159.78473260434,-0.300517877659612,159.484214726681,0
49,48,446.044,411.926,20,internal_airspace,16,700,300,15,-45,120,277.571755429114,-68.9217302741139,0.72043094427435,-68.2012993298396,156.215478383538,-0.304279608278642,155.911198775259,0
49,48,446.044,411.926,20,internal_airspace,17,600,300,15,-63.434948822922,120,190.407141179106,-65.6478894837434,0.391580969252521,-65.2563085144909,143.982851190764,-0.591800792408189,143.391050398356,0
49,48,446.044,411.926,20,internal_airspace,18,400,300,15,-116.565051177078,120,121.130010369025,-61.7192599221976,0.38289192123807,-61.3363680009595,67.6387656921303,0.118535742579887,67.7573014347101,0
49,48,446.044,411.926,20,internal_airspace,19,300,300,15,-135,120,184.068681236108,-65.3538228505474,1.50567614944001,-63.8481467011074,37.4660311605116,0.548757894250528,38.0147890547621,0
49,48,446.044,411.926,20,internal_airspace,20,300,500,15,180,120,170.619106233739,-64.6947780868373,0.559468363292817,-64.1353097235445,-31.0927009431789,0.212059901568304,-30.8806410416106,0
49,48,446.044,411.926,20,internal_airspace,21,500,350,15,-90,120,82.2865688432809,-58.3608039070626,-1.68572638926721,-60.0465302963298,131.065572050286,-0.377018862630491,130.688553187655,0
49,48,446.044,411.926,20,internal_airspace,22,700,500,15,0,120,268.841364771123,-68.6441466627709,1.39437162673043,-67.2497750360404,-160.873039403336,-0.244915772637953,-161.117955175974,0
49,48,446.044,411.926,20,internal_airspace,23,500,650,15,90,120,244.162813327501,-67.8078152420976,0.594181850932768,-67.2136333911649,-102.769539513596,-0.00188504079910279,-102.771424554395,0
50,49,455.656,413.531,20,internal_airspace,0,250,300,15,-141.34019174591,120,234.965270406075,-67.4742983362094,-0.446991468788037,-67.9212898049974,28.9005954660258,-0.415495095941115,28.4851003700847,0
50,49,455.656,413.531,20,internal_airspace,1,250,350,15,-149.036243467926,120,215.303456305281,-66.7152448679766,2.22689380380883,-64.4883510641678,17.1669007976939,0.139990679942922,17.3068914776369,0
50,49,455.656,413.531,20,internal_airspace,2,250,450,15,-168.69006752598,120,208.92433629666,-66.4540054580374,-0.498425272934732,-66.9524307309722,-10.0557321132388,0.289819171224514,-9.76591294201427,0
50,49,455.656,413.531,20,internal_airspace,3,250,550,15,168.69006752598,120,246.866721728547,-67.903475831434,-0.3257793832551,-68.229255214689,-33.5674160400376,0.202239971439402,-33.3651760685981,0
50,49,455.656,413.531,20,internal_airspace,4,250,650,15,149.036243467926,120,313.427788010253,-69.9769747882127,-1.33904280607054,-71.3160175942832,-48.9866662593618,-0.481381708362211,-49.468047967724,0
50,49,455.656,413.531,20,internal_airspace,5,250,700,15,141.34019174591,120,352.680986582776,-71.0018657744057,-0.895393646231465,-71.8972594206372,-54.3254462887724,0.372218239914474,-53.9532280488579,0
50,49,455.656,413.531,20,internal_airspace,6,300,700,15,135,120,326.064837566089,-70.3203041851208,-0.48196626376141,-70.8022704488822,-61.4820809541432,0.206029119029416,-61.2760518351138,0
50,49,455.656,413.531,20,internal_airspace,7,400,700,15,116.565051177078,120,291.868255034699,-69.3579620671214,0.672819009567334,-68.685143057554,-79.0053834442429,-0.104705523856457,-79.1100889680994,0
50,49,455.656,413.531,20,internal_airspace,8,600,700,15,63.434948822922,120,320.818762383063,-70.1794200165717,0.293577058962761,-69.8858429576089,-116.74230214552,-0.412705139374434,-117.155007284895,0
50,49,455.656,413.531,20,internal_airspace,9,700,700,15,45,120,376.554748073902,-71.5707873962456,-0.139612503735785,-71.7103998999814,-130.46255098694,0.513503981883894,-129.949047005056,0
50,49,455.656,413.531,20,internal_airspace,10,750,700,15,38.6598082540901,120,410.764991566954,-72.3260932884735,0.90966065792109,-71.4164326305524,-135.776801858175,-0.723736837574919,-136.50053869575,0
50,49,455.656,413.531,20,internal_airspace,11,750,650,15,30.9637565320735,120,377.598964904566,-71.5948407365382,0.385472362250093,-71.2093683742881,-141.222429172057,0.357986290383004,-140.864442881674,0
50,49,455.656,413.531,20,internal_airspace,12,750,550,15,11.3099324740202,120,324.479858075967,-70.2779797014618,0.686792464741227,-69.5911872367206,-155.125779086482,-0.316397473245806,-155.442176559728,0
50,49,455.656,413.531,20,internal_airspace,13,750,450,15,-11.3099324740202,120,296.636778395734,-69.498724751498,-1.13694021461285,-70.6356649661109,-172.937090249498,-0.0282376548054392,-172.965327904304,0
50,49,455.656,413.531,20,internal_airspace,14,750,350,15,-30.9637565320735,120,301.163706805784,-69.6302775125826,0.347899608419794,-69.2823779041628,167.82016463168,-0.495908477632647,167.324256154047,0
50,49,455.656,413.531,20,internal_airspace,15,750,300,15,-38.6598082540901,120,315.519695576996,-70.0347543190478,0.307242071882572,-69.7275122471653,158.907946132893,0.0357720444224833,158.943718177315,0
50,49,455.656,413.531,20,internal_airspace,16,700,300,15,-45,120,269.4777881329,-68.6646843145676,-1.30846141069131,-69.9731457252589,155.078726219709,0.215538499369884,155.294264719078,0
50,49,455.656,413.531,20,internal_airspace,17,600,300,15,-63.434948822922,120,183.710310807532,-65.3368954727217,0.432445055888303,-64.9044504168334,141.813859667803,-0.703806553699081,141.110053114104,0
50,49,455.656,413.531,20,internal_airspace,18,400,300,15,-116.565051177078,120,126.538050787105,-62.0986476388562,-0.452484241605637,-62.5511318804618,63.8846433032152,-0.0969752660124856,63.7876680372028,0
50,49,455.656,413.531,20,internal_airspace,19,300,300,15,-135,120,192.725396087283,-65.7530037722656,0.158346723955578,-65.5946570483101,36.1059333679092,-0.572234128627586,35.5336992392816,0
50,49,455.656,413.531,20,internal_airspace,20,300,500,15,180,120,178.131070554802,-65.0690183940309,0.565233622562257,-64.5037847714687,-29.0527601318964,0.337394400725573,-28.7153657311708,0
50,49,455.656,413.531,20,internal_airspace,21,500,350,15,-90,120,77.6374799758467,-57.8556534390517,-0.0344289361099118,-57.8900823751616,124.914653937189,0.975064313019394,125.889718250208,0
50,49,455.656,413.531,20,internal_airspace,22,700,500,15,0,120,259.240965699868,-68.3282974457672,-0.296290652622006,-68.6245880983893,-160.512033361248,0.811645921692449,-159.700387439556,0
50,49,455.656,413.531,20,internal_airspace,23,500,650,15,90,120,240.64284385163,-67.6816838605492,1.57391147218896,-66.1077723883602,-100.621074308333,0.232731231146134,-100.388343077187,0
51,50,462.656,420.673,20,internal_airspace,0,250,300,15,-141.34019174591,120,244.559905268627,-67.8219299840752,-0.302083396145472,-68.1240133802207,29.5730192373966,0.27789782958724,29.8509170669838,0
51,50,462.656,420.673,20,internal_airspace,1,250,350,15,-149.036243467926,120,224.14782458235,-67.0649153996767,-0.434038896660518,-67.4989542963372,18.3834454499595,-0.237758436658373,18.1456870133011,0
51,50,462.656,420.673,20,internal_airspace,2,250,450,15,-168.69006752598,120,214.726913229339,-66.6919544546269,-0.288370702510402,-66.9803251571373,-7.85202777076981,0.979092576731237,-6.87293519403858,0
51,50,462.656,420.673,20,internal_airspace,3,250,550,15,168.69006752598,120,248.943863682156,-67.9762533470985,-0.328242629045254,-68.3044959761437,-31.3059255957836,-0.17387819477588,-31.4798037905595,0
51,50,462.656,420.673,20,internal_airspace,4,250,650,15,149.036243467926,120,312.791379780518,-69.9593203508029,1.13431144160427,-68.8250089091986,-47.1600951858534,-0.653041677476665,-47.8131368633301,0
51,50,462.656,420.673,20,internal_airspace,5,250,700,15,141.34019174591,120,351.099910659345,-70.9628392133336,-0.79625317105167,-71.7590923843853,-52.7174162504473,0.935257819877655,-51.7821584305697,0
51,50,462.656,420.673,20,internal_airspace,6,300,700,15,135,120,323.273177459869,-70.2456182729266,-0.573053829667604,-70.8186721025942,-59.7871613095213,-0.1170164772104,-59.9041777867317,0
51,50,462.656,420.673,20,internal_airspace,7,400,700,15,116.565051177078,120,286.311626143613,-69.1910045063302,-0.265608860848064,-69.4566133671783,-77.3572198078202,0.0627127012177553,-77.2945071066024,0
51,50,462.656,420.673,20,internal_airspace,8,600,700,15,63.434948822922,120,311.306837806367,-69.9179980341953,-0.489683196357047,-70.4076812305524,-116.183166192875,0.440589093966659,-115.742577098909,0
51,50,462.656,420.673,20,internal_airspace,9,700,700,15,45,120,366.579796585955,-71.3375953521015,1.02366337034782,-70.3139319817536,-130.354538055958,0.650028612391491,-129.704509443566,0
51,50,462.656,420.673,20,internal_airspace,10,750,700,15,38.6598082540901,120,400.768196424068,-72.1120898366475,1.39580472919279,-70.7162851074547,-135.810540193424,0.0750838978931658,-135.735456295531,0
51,50,462.656,420.673,20,internal_airspace,11,750,650,15,30.9637565320735,120,367.671656869278,-71.3634278781849,0.888456850378817,-70.474971027806,-141.406906186295,0.444846477741999,-140.962059708553,0
51,50,462.656,420.673,20,internal_airspace,12,750,550,15,11.3099324740202,120,315.146072901123,-70.0244628275138,0.337620499133094,-69.6868423283807,-155.768573597164,0.0764367216218241,-155.692136875542,0
51,50,462.656,420.673,20,internal_airspace,13,750,450,15,-11.3099324740202,120,288.879987650581,-69.2685739712918,0.909335102650274,-68.3592388686415,-174.172437668039,-0.838468863393345,-175.010906531432,0
51,50,462.656,420.673,20,internal_airspace,14,750,350,15,-30.9637565320735,120,295.949737734298,-69.478584023103,0.411201003964643,-69.0673830191384,166.182222081075,-0.280667322350022,165.901554758725,0
51,50,462.656,420.673,20,internal_airspace,15,750,300,15,-38.6598082540901,120,311.694637850894,-69.9288114558485,-0.367959167311501,-70.29677062316,157.219540138369,-0.0248536282083862,157.194686510161,0
51,50,462.656,420.673,20,internal_airspace,16,700,300,15,-45,120,266.306491218295,-68.561859884072,0.710993822299203,-67.8508660617728,153.049813995303,-0.275881724734555,152.773932270568,0
51,50,462.656,420.673,20,internal_airspace,17,600,300,15,-63.434948822922,120,182.894360943688,-65.2982311418148,2.74775123463671,-62.5504799071781,138.696857423143,0.315858884919461,139.012716308063,0
51,50,462.656,420.673,20,internal_airspace,18,400,300,15,-116.565051177078,120,136.061556896134,-62.7289335563352,0.329936710869302,-62.3989968454659,62.5606963739914,0.212128348202528,62.7728247221939,0
51,50,462.656,420.673,20,internal_airspace,19,300,300,15,-135,120,202.593058284335,-66.186716043616,-1.40122085460267,-67.5879368982187,36.5713819819152,-0.447625332275191,36.12375664964,0
51,50,462.656,420.673,20,internal_airspace,20,300,500,15,180,120,181.037971887115,-65.2096183483525,1.08228746077097,-64.1273308875815,-25.9983973607861,-0.617892713017761,-26.6162900738039,0
51,50,462.656,420.673,20,internal_airspace,21,500,350,15,-90,120,80.0889959045561,-58.1256818110407,0.555276420231843,-57.5704053908088,117.852218077325,-0.0858034875807949,117.766414589744,0
51,50,462.656,420.673,20,internal_airspace,22,700,500,15,0,120,250.299714871991,-68.0234319319026,-0.768210794330247,-68.7916427262329,-161.518931269846,0.520795672306248,-160.99813559754,0
51,50,462.656,420.673,20,internal_airspace,23,500,650,15,90,120,232.401478620511,-67.3790025714798,-0.319670596803586,-67.6986731682833,-99.2489598550058,0.210313129775443,-99.0386467252303,0
52,51,469.655,427.815,20,internal_airspace,0,250,300,15,-141.34019174591,120,254.184958740678,-68.1572217909134,-0.155432009395928,-68.3126538003093,30.1946877391055,0.250423134597066,30.4451108737026,0
52,51,469.655,427.815,20,internal_airspace,1,250,350,15,-149.036243467926,120,233.084734056094,-67.4045014387227,-1.26245362949031,-68.666955068213,19.5072045271969,-0.296977949634683,19.2102265775622,0
52,51,469.655,427.815,20,internal_airspace,2,250,450,15,-168.69006752598,120,220.82910417334,-66.9353510477046,-0.711927692947072,-67.6472787406517,-5.76727597479294,0.122590265752831,-5.64468570904012,0
52,51,469.655,427.815,20,internal_airspace,3,250,550,15,168.69006752598,120,251.401060558622,-68.0615669435368,0.545953005755347,-67.5156139377815,-29.0853794721186,0.381893817618713,-28.7034856544999,0
52,51,469.655,427.815,20,internal_airspace,4,250,650,15,149.036243467926,120,312.473188049791,-69.9504800018127,0.247306949909914,-69.7031730519028,-45.3280751808705,-0.186935528414475,-45.515010709285,0
52,51,469.655,427.815,20,internal_airspace,5,250,700,15,141.34019174591,120,349.797074387423,-70.9305482908467,0.739326036835453,-70.1912222540113,-51.0962529294514,-0.106631671364656,-51.202884600816,0
52,51,469.655,427.815,20,internal_airspace,6,300,700,15,135,120,320.768597668163,-70.1780617442447,-0.816709616514091,-70.9947713607588,-58.0643960182976,0.563600437511296,-57.5007955807863,0
52,51,469.655,427.815,20,internal_airspace,7,400,700,15,116.565051177078,120,281.000877667668,-69.02837836156,-0.152115884417174,-69.1804942459772,-75.6454760244175,-0.0123070141677087,-75.6577830385852,0
52,51,469.655,427.815,20,internal_airspace,8,600,700,15,63.434948822922,120,301.826925985738,-69.6493844459664,-1.20979712017403,-70.8591815661404,-115.58900755145,0.583835584944039,-115.005171966506,0
52,51,469.655,427.815,20,internal_airspace,9,700,700,15,45,120,356.606916996852,-71.0980200902353,-1.74233177721682,-72.8403518674522,-130.240604398127,0.159226224734951,-130.081378173392,0
52,51,469.655,427.815,20,internal_airspace,10,750,700,15,38.6598082540901,120,390.772303586117,-71.892700335066,0.762408002627018,-71.130292332439,-135.846107133681,0.268595327035984,-135.577511806645,0
52,51,469.655,427.815,20,internal_airspace,11,750,650,15,30.9637565320735,120,357.749204401631,-71.125798366342,1.40207484100389,-69.7237235253381,-141.601720830418,0.0476637167322662,-141.554057113685,0
52,51,469.655,427.815,20,internal_airspace,12,750,550,15,11.3099324740202,120,305.855346937077,-69.7645463782173,-2.58241898079636,-72.3469653590137,-156.450598782077,-0.696410725581325,-157.147009507658,0
52,51,469.655,427.815,20,internal_airspace,13,750,450,15,-11.3099324740202,120,281.26587644078,-69.036565757493,-0.520958360165802,-69.5575241176588,-175.475348421574,0.480858472712,-174.994489948862,0
52,51,469.655,427.815,20,internal_airspace,14,750,350,15,-30.9637565320735,120,290.987101518263,-69.3316996061431,1.39812009987842,-67.9335795062646,164.487010231779,-0.14059768568107,164.346412546098,0
52,51,469.655,427.815,20,internal_airspace,15,750,300,15,-38.6598082540901,120,308.147680909657,-69.8294029066269,0.615124448466985,-69.2142784581599,155.490790725041,0.526339158134002,156.017129883175,0
52,51,469.655,427.815,20,internal_airspace,16,700,300,15,-45,120,263.477690232019,-68.4691017854069,-1.4990044209802,-69.9681062063871,150.974760149074,-0.294892926759246,150.679867222315,0
52,51,469.655,427.815,20,internal_airspace,17,600,300,15,-63.434948822922,120,182.623912043303,-65.2853776682472,0.85104967059566,-64.4343279976515,135.561487766188,0.410041444525704,135.971529210713,0
52,51,469.655,427.815,20,internal_airspace,18,400,300,15,-116.565051177078,120,145.648526425776,-63.3203467359375,0.551154816055828,-62.7691919198817,61.4110589012336,-0.210548879695746,61.2005100215379,0
52,51,469.655,427.815,20,internal_airspace,19,300,300,15,-135,120,212.472335258028,-66.6002726582481,-0.0851180908919496,-66.6853907491401,36.9937070259821,-0.0344591787542787,36.9592478472279,0
52,51,469.655,427.815,20,internal_airspace,20,300,500,15,180,120,184.441029193615,-65.3713755731757,-0.848800816063006,-66.2201763892387,-23.0488369050423,0.35969071472929,-22.689146190313,0
52,51,469.655,427.815,20,internal_airspace,21,500,350,15,-90,120,83.6719382469416,-58.5058214235081,-1.36202448568605,-59.8678459091941,111.30396215892,0.421228903586992,111.725191062507,0
52,51,469.655,427.815,20,internal_airspace,22,700,500,15,0,120,241.442525769592,-67.7105001478441,0.0774307644271783,-67.6330693834169,-162.600169277845,0.53151157805804,-162.068657699787,0
52,51,469.655,427.815,20,internal_airspace,23,500,650,15,90,120,224.303350955798,-67.0709400687753,0.0457638594340273,-67.0251762093412,-97.7770760164957,-0.26299419050592,-98.0400702070016,0
53,52,476.655,434.957,20,internal_airspace,0,250,300,15,-141.34019174591,120,263.838740282772,-68.4809961289291,-0.715569206581859,-69.1965653355109,30.7708027969414,0.80347759950728,31.5742803964487,0
53,52,476.655,434.957,20,internal_airspace,1,250,350,15,-149.036243467926,120,242.105722513946,-67.7343259288791,-1.42665033333427,-69.1609762622134,20.5474845592815,0.03842190638509,20.5859064656666,0
53,52,476.655,434.957,20,internal_airspace,2,250,450,15,-168.69006752598,120,227.208672532542,-67.1827229208871,2.20078549224383,-64.9819374286433,-3.79712872228227,-0.432217899604981,-4.22934662188726,0
53,52,476.655,434.957,20,internal_airspace,3,250,550,15,168.69006752598,120,254.228992984671,-68.158726378202,0.927805754194086,-67.230920624008,-26.9109267712961,0.463464436166029,-26.4474623351301,0
53,52,476.655,434.957,20,internal_airspace,4,250,650,15,149.036243467926,120,312.475568443358,-69.9505461699124,-0.169205929674574,-70.119752099587,-43.4940720126874,0.286878182430428,-43.207193830257,0
53,52,476.655,434.957,20,internal_airspace,5,250,700,15,141.34019174591,120,348.776835346042,-70.9051774892897,0.408786294986439,-70.4963911943033,-49.4641586013114,-0.441706838595463,-49.9058654399069,0
53,52,476.655,434.957,20,internal_airspace,6,300,700,15,135,120,318.558912721022,-70.1180200419881,0.479030781697402,-69.6389892602907,-56.3159691806241,0.607745469890377,-55.7082237107337,0
53,52,476.655,434.957,20,internal_airspace,7,400,700,15,116.565051177078,120,275.950685583493,-68.8708543818742,-0.416389392529453,-69.2872437744037,-73.8692202832739,0.21763469994024,-73.6515855833337,0
53,52,476.655,434.957,20,internal_airspace,8,600,700,15,63.434948822922,120,292.381225241978,-69.3732144683759,2.45497724056271,-66.9182372278132,-114.956200274062,0.386322808247504,-114.569877465815,0
53,52,476.655,434.957,20,internal_airspace,9,700,700,15,45,120,346.634938911241,-70.8516715362167,-0.0825690437154597,-70.9342405799322,-130.119987644226,0.604187981402069,-129.515799662824,0
53,52,476.655,434.957,20,internal_airspace,10,750,700,15,38.6598082540901,120,380.775893241681,-71.6676137459433,-0.266254366298849,-71.9338681122422,-135.883436973667,-0.271873452545497,-136.155310426213,0
53,52,476.655,434.957,20,internal_airspace,11,750,650,15,30.9637565320735,120,347.830390958007,-70.8815753322896,-0.914078891697852,-71.7956542239875,-141.807548229832,0.199219679154924,-141.608328550677,0
53,52,476.655,434.957,20,internal_airspace,12,750,550,15,11.3099324740202,120,296.609812504576,-69.4979351211543,0.424471156269088,-69.0734639648852,-157.175183050119,-0.174814738131981,-157.349997788251,0
53,52,476.655,434.957,20,internal_airspace,13,750,450,15,-11.3099324740202,120,273.804274754796,-68.8030293192439,0.718687948582094,-68.0843413706618,-176.850017880999,-0.173913562696761,-177.023931443695,0
53,52,476.655,434.957,20,internal_airspace,14,750,350,15,-30.9637565320735,120,286.286885613016,-69.1902539157713,-0.748976952989846,-69.9392308687612,162.734492720517,0.402727387494218,163.137220108011,0
53,52,476.655,434.957,20,internal_airspace,15,750,300,15,-38.6598082540901,120,304.886668901741,-69.7369935413505,0.60213749903752,-69.134856042313,153.723338795144,-0.0110657049344176,153.71227309021,0
53,52,476.655,434.957,20,internal_airspace,16,700,300,15,-45,120,261.000729642658,-68.3870592629393,-0.713992283913067,-69.1010515468524,148.857382542537,0.0591374802574245,148.916520022795,0
53,52,476.655,434.957,20,internal_airspace,17,600,300,15,-63.434948822922,120,182.899920377238,-65.2984951624883,-0.911379462417674,-66.209874624906,132.425993838675,-0.270796504353257,132.155197334322,0
53,52,476.655,434.957,20,internal_airspace,18,400,300,15,-116.565051177078,120,155.28805773143,-63.8769859950665,1.04463453894171,-62.8323514561248,60.4036098527569,0.334353897889276,60.7379637506461,0
53,52,476.655,434.957,20,internal_airspace,19,300,300,15,-135,120,222.363173376348,-66.9954821000086,1.63740453764738,-65.3580775623612,37.3783079176883,-0.110209238766838,37.2680986789215,0
53,52,476.655,434.957,20,internal_airspace,20,300,500,15,180,120,188.315110583299,-65.5519282265622,0.708486882199923,-64.8434413443623,-20.2133153361338,0.426122080387495,-19.7871932557463,0
53,52,476.655,434.957,20,internal_airspace,21,500,350,15,-90,120,88.247837786543,-58.9683062998198,-0.387002513265093,-59.3553088130849,105.364855030922,-0.357465237699619,105.007389793222,0
53,52,476.655,434.957,20,internal_airspace,22,700,500,15,0,120,232.676988277741,-67.389293509148,0.275296262774389,-67.1139972463736,-163.763272883168,0.18333325705044,-163.579939626118,0
53,52,476.655,434.957,20,internal_airspace,23,500,650,15,90,120,216.364231965452,-66.7579341825213,1.47183268752682,-65.2861014949945,-96.1957483203394,-0.718397112868547,-96.9141454332079,0
54,53,483.654,442.099,20,internal_airspace,0,250,300,15,-141.34019174591,120,273.516576311199,-68.7938978668046,-0.669929183056624,-69.4638270498612,31.3062909999768,0.615311907492124,31.9216029074689,0
54,53,483.654,442.099,20,internal_airspace,1,250,350,15,-149.036243467926,120,251.199955248802,-68.0546159881467,-0.403569786705677,-68.4581857748524,21.5127868764392,0.523459571515461,22.0362464479547,0
54,53,483.654,442.099,20,internal_airspace,2,250,450,15,-168.69006752598,120,233.841009057436,-67.4326383621581,1.24296050800584,-66.1896778541522,-1.93671637426762,-0.595487680145396,-2.532204054413,0
54,53,483.654,442.099,20,internal_airspace,3,250,550,15,168.69006752598,120,257.413708875421,-68.2668582753749,0.00527747279802833,-68.2615808025769,-24.7874085465793,-0.947816136117523,-25.7352246826968,0
54,53,483.654,442.099,20,internal_airspace,4,250,650,15,149.036243467926,120,312.797086810283,-69.9594788276079,-0.74322219962625,-70.7027010272341,-41.6620952274326,0.432735941265232,-41.2293592861674,0
54,53,483.654,442.099,20,internal_airspace,5,250,700,15,141.34019174591,120,348.040396386684,-70.8868179263615,0.612346070758395,-70.2744718556031,-47.8239477750893,-0.228932086149642,-48.052879861239,0
54,53,483.654,442.099,20,internal_airspace,6,300,700,15,135,120,316.649202615449,-70.0657928087595,1.05875737425945,-69.0070354345,-54.5449342914097,0.379192158896547,-54.1657421325132,0
54,53,483.654,442.099,20,internal_airspace,7,400,700,15,116.565051177078,120,271.175068022486,-68.7192199896076,-0.311223581415099,-69.0304435710227,-72.0287631820009,0.813998860045842,-71.214764321955,0
54,53,483.654,442.099,20,internal_airspace,8,600,700,15,63.434948822922,120,282.974058028293,-69.0891572923096,1.06364417742759,-68.025513114882,-114.281401802636,-0.204964737176978,-114.486366539813,0
54,53,483.654,442.099,20,internal_airspace,9,700,700,15,45,120,336.665290038935,-70.5981916988749,-0.278500311367415,-70.8766920102423,-129.992355034418,-0.197164602346202,-130.189519636764,0
54,53,483.654,442.099,20,internal_airspace,10,750,700,15,38.6598082540901,120,370.780416846683,-71.4365606015014,0.729193780824413,-70.7073668206769,-135.922887515477,-0.06985424108793,-135.992741756564,0
54,53,483.654,442.099,20,internal_airspace,11,750,650,15,30.9637565320735,120,337.917175528265,-70.6304301641117,0.24297897296068,-70.387451191151,-142.025562916161,0.756656417488714,-141.268906498673,0
54,53,483.654,442.099,20,internal_airspace,12,750,550,15,11.3099324740202,120,287.415757252451,-69.2244363175865,1.19474505473565,-68.0296912628509,-157.946347830526,-0.261010614569618,-158.207358445096,0
54,53,483.654,442.099,20,internal_airspace,13,750,450,15,-11.3099324740202,120,266.510070198107,-68.5684973077761,-0.163771385457275,-68.7322686932333,-178.300852135543,-0.813749944432575,-179.114602079975,0
54,53,483.654,442.099,20,internal_airspace,14,750,350,15,-30.9637565320735,120,281.864182749423,-69.055022682096,0.436926667734443,-68.6180960143615,160.925276815046,-0.200807358666449,160.72446945638,0
54,53,483.654,442.099,20,internal_airspace,15,750,300,15,-38.6598082540901,120,301.922701228311,-69.6521402015198,0.277535798202006,-69.3746044033178,151.919508150326,0.180287715404952,152.09979586573,0
54,53,483.654,442.099,20,internal_airspace,16,700,300,15,-45,120,258.887461104241,-68.3164451627356,-0.9879415120341,-69.3043866747697,146.702545676962,-0.509756244251029,146.19278943271,0
54,53,483.654,442.099,20,internal_airspace,17,600,300,15,-63.434948822922,120,183.721303927988,-65.3374152158644,0.738809525310053,-64.5986056905544,129.309491750958,0.856157291532226,130.16564904249,0
54,53,483.654,442.099,20,internal_airspace,18,400,300,15,-116.565051177078,120,164.970050363695,-64.402326973978,-0.513380976870246,-64.9157079508482,59.5145826312342,0.241803670074508,59.7563863013087,0
54,53,483.654,442.099,20,internal_airspace,19,300,300,15,-135,120,232.26260464612,-67.3738106743889,-0.356640246047724,-67.7304509204366,37.7302717981535,0.0358043958794652,37.766076194033,0
54,53,483.654,442.099,20,internal_airspace,20,300,500,15,180,120,192.630001601516,-65.7487033991693,0.115835921513716,-65.6328674776556,-17.4986141379388,0.996367336042716,-16.5022468018961,0
54,53,483.654,442.099,20,internal_airspace,21,500,350,15,-90,120,93.6718608601324,-59.4864077921075,-0.287134969462166,-59.7735427615697,100.064220960974,-0.245506599513871,99.8187143614597,0
54,53,483.654,442.099,20,internal_airspace,22,700,500,15,0,120,224.015886751364,-67.0598012083972,0.203806282777427,-66.8559949256198,-165.016985563825,0.80476399066742,-164.212221573158,0
54,53,483.654,442.099,20,internal_airspace,23,500,650,15,90,120,208.60253478086,-66.4406164610713,-0.0764853734507334,-66.5171018345221,-94.4955728549181,0.360560126782237,-94.1350127281358,0
55,54,490.654,449.241,20,internal_airspace,0,250,300,15,-141.34019174591,120,283.217626211717,-69.0966304027418,-0.996689962055745,-70.0933203647975,31.8050210096315,0.550015135326682,32.3550361449581,0
55,54,490.654,449.241,20,internal_airspace,1,250,350,15,-149.036243467926,120,260.361525185654,-68.3657609733139,1.52290469929728,-66.8428562740166,22.410292581417,-0.751428855962899,21.6588637254541,0
55,54,490.654,449.241,20,internal_airspace,2,250,450,15,-168.69006752598,120,240.707132833657,-67.6840040310414,0.970613288234065,-66.7133907428073,-0.180704881113549,0.588064942081063,0.407360060967505,0
55,54,490.654,449.241,20,internal_airspace,3,250,550,15,168.69006752598,120,260.943909292783,-68.385168122564,1.27786341803445,-67.1073047045296,-22.7184874830327,1.03084456811308,-21.6876429149196,0
55,54,490.654,449.241,20,internal_airspace,4,250,650,15,149.036243467926,120,313.438229635442,-69.9772641476658,1.61962845925927,-68.3576356884066,-39.8356267376015,-0.179945672511025,-40.0155724101125,0
55,54,490.654,449.241,20,internal_airspace,5,250,700,15,141.34019174591,120,347.590885664455,-70.8755924361669,0.745594211796246,-70.1299982243707,-46.1780157782244,0.436599673738567,-45.7414161044858,0
55,54,490.654,449.241,20,internal_airspace,6,300,700,15,135,120,315.04606615065,-70.0217060568366,-1.33779902689395,-71.3595050837306,-52.7539923174218,-0.236147051613183,-52.990139369035,0
55,54,490.654,449.241,20,internal_airspace,7,400,700,15,116.565051177078,120,266.689376985661,-68.5743391706474,-0.25608896547137,-68.8304281361188,-70.124142855449,-0.371564715396798,-70.4957075708458,0
55,54,490.654,449.241,20,internal_airspace,8,600,700,15,63.434948822922,120,273.608522888085,-68.7968172643176,0.115927669972056,-68.6808895943455,-113.560096101282,-0.598362410721317,-114.158458512004,0
55,54,490.654,449.241,20,internal_airspace,9,700,700,15,45,120,326.69683775176,-70.337123449446,1.62405071583701,-68.713072733609,-129.856796921396,0.805671138898687,-129.051125782497,0
55,54,490.654,449.241,20,internal_airspace,10,750,700,15,38.6598082540901,120,360.784456146603,-71.1991812012546,0.770829733599014,-70.4283514676556,-135.964413979373,0.321547740870991,-135.642866238502,0
55,54,490.654,449.241,20,internal_airspace,11,750,650,15,30.9637565320735,120,328.008420314174,-70.3719246870659,0.42513000777451,-69.9467946792914,-142.256648060335,-0.149087667386722,-142.405735727722,0
55,54,490.654,449.241,20,internal_airspace,12,750,550,15,11.3099324740202,120,278.27634430005,-68.9437506226731,-0.0108988974038881,-68.954649520077,-158.76826062275,0.226800830231302,-158.541459792518,0
55,54,490.654,449.241,20,internal_airspace,13,750,450,15,-11.3099324740202,120,259.395304115167,-68.3334670282272,-0.789677096103041,-69.1231441243303,-179.832319093045,-0.423191283790648,179.744489623164,0
55,54,490.654,449.241,20,internal_airspace,14,750,350,15,-30.9637565320735,120,277.730307667348,-68.9266903395346,-0.825493814541921,-69.7521841540765,159.060216202056,-0.217250791454558,158.842965410601,0
55,54,490.654,449.241,20,internal_airspace,15,750,300,15,-38.6598082540901,120,299.262800556634,-69.5752795507863,0.382707375889308,-69.192572174897,150.081668102883,0.58311955745009,150.664787660333,0
55,54,490.654,449.241,20,internal_airspace,16,700,300,15,-45,120,257.145141499893,-68.2577912977325,-0.93632143942112,-69.1941127371536,144.515249416931,0.739915361253023,145.255164778184,0
55,54,490.654,449.241,20,internal_airspace,17,600,300,15,-63.434948822922,120,185.079506691043,-65.4013914995419,0.862294116878432,-64.5390973826635,126.229513736156,0.0189430123151517,126.248456748471,0
55,54,490.654,449.241,20,internal_airspace,18,400,300,15,-116.565051177078,120,174.688361939197,-64.8995042831812,-0.251061495420034,-65.1505657786012,58.7240976759153,0.936063508146297,59.6601611840616,0
55,54,490.654,449.241,20,internal_airspace,19,300,300,15,-135,120,242.171063087645,-67.7366697992951,-0.980483416352698,-68.7171532156478,38.0532895509128,0.2953175993731,38.3486071502859,0
55,54,490.654,449.241,20,internal_airspace,20,300,500,15,180,120,197.358617235225,-65.959346707642,0.231082013953111,-65.7282646936889,-14.9083892163064,0.351800274924485,-14.5565889413819,0
55,54,490.654,449.241,20,internal_airspace,21,500,350,15,-90,120,99.8054296969859,-60.037308209738,0.579268366557026,-59.458039843181,95.3799505214335,0.410222006100773,95.7901725275343,0
55,54,490.654,449.241,20,internal_airspace,22,700,500,15,0,120,215.46977467153,-66.72195198412,1.16075676514774,-65.5611952189722,-166.370819680497,0.487684511171964,-165.883135169325,0
55,54,490.654,449.241,20,internal_airspace,23,500,650,15,90,120,201.03861270164,-66.1198144077907,-0.0533019984771115,-66.1731164062678,-92.6653849639878,0.478120582973152,-92.1872643810147,0
56,55,497.653,456.383,20,internal_airspace,0,250,300,15,-141.34019174591,120,292.937964589775,-69.389738027058,1.92016049205364,-67.4695775350044,32.2707782668607,-0.119991644044893,32.1507866228158,0
56,55,497.653,456.383,20,internal_airspace,1,250,350,15,-149.036243467926,120,269.581807802381,-68.6680364611107,0.809557317132569,-67.8584791439781,23.2466551835386,-0.0507939874590181,23.1958611960795,0
56,55,497.653,456.383,20,internal_airspace,2,250,450,15,-168.69006752598,120,247.785695910801,-67.9357494733936,1.39245598020198,-66.5432934931916,1.47641260494408,-0.371830432187367,1.10458217275672,0
56,55,497.653,456.383,20,internal_airspace,3,250,550,15,168.69006752598,120,264.803986182233,-68.5127152021471,2.31028173655933,-66.2024334655878,-20.7074354596029,-0.51246039190983,-21.2198958515127,0
56,55,497.653,456.383,20,internal_airspace,4,250,650,15,149.036243467926,120,314.395532884931,-70.0037521682712,0.422840115500798,-69.5809120527704,-38.0185666511043,-0.781554352989138,-38.8001210040934,0
56,55,497.653,456.383,20,internal_airspace,5,250,700,15,141.34019174591,120,347.428051685525,-70.8715224521127,0.153784472599411,-70.7177379795133,-44.5293004584073,-0.17658895552133,-44.7058894139286,0
56,55,497.653,456.383,20,internal_airspace,6,300,700,15,135,120,313.753009703493,-69.9859828445781,0.638295128511552,-69.3476877160666,-50.9466543240346,0.455449037661424,-50.4912052863731,0
56,55,497.653,456.383,20,internal_airspace,7,400,700,15,116.565051177078,120,262.50781149901,-68.4370694607242,1.35439622470274,-67.0826732360214,-68.1567960362526,0.302512335527144,-67.8542837007255,0
56,55,497.653,456.383,20,internal_airspace,8,600,700,15,63.434948822922,120,264.289899727553,-68.4958361576755,1.27423952297489,-67.2215966347006,-112.787975322776,0.39443288513239,-112.393542437644,0
56,55,497.653,456.383,20,internal_airspace,9,700,700,15,45,120,316.731039050485,-70.068037344349,-0.637117390734126,-70.7051547350831,-129.712843925514,-0.466147113200407,-130.178991038714,0
56,55,497.653,456.383,20,internal_airspace,10,750,700,15,38.6598082540901,120,350.78946833963,-70.9551557578361,0.055662335953335,-70.8994934218827,-136.008420986224,-0.590652047080667,-136.599073033304,0
56,55,497.653,456.383,20,internal_airspace,11,750,650,15,30.9637565320735,120,318.106194686617,-70.1056673639443,-0.206332075469321,-70.3119994394136,-142.502238503814,-0.398821973127935,-142.901060476942,0
56,55,497.653,456.383,20,internal_airspace,12,750,550,15,11.3099324740202,120,269.199091933833,-68.6556966459551,1.92073750668908,-66.734959139266,-159.645892038118,-0.054391330362167,-159.70028336848,0
56,55,497.653,456.383,20,internal_airspace,13,750,450,15,-11.3099324740202,120,252.477228870249,-68.0986691310921,0.0246487679593183,-68.0740203631328,178.551038874044,0.76028608298859,179.311324957033,0
56,55,497.653,456.383,20,internal_airspace,14,750,350,15,-30.9637565320735,120,273.900257571985,-68.8060736474048,1.14732770656366,-67.6587459408411,157.140964057801,0.0385935843300884,157.179557642131,0
56,55,497.653,456.383,20,internal_airspace,15,750,300,15,-38.6598082540901,120,296.916909417433,-69.5069234616376,-0.794822636431073,-70.3017460980686,148.212920169408,-0.853386436742221,147.359533732666,0
56,55,497.653,456.383,20,internal_airspace,16,700,300,15,-45,120,255.783015655848,-68.2116589012104,1.4028714361611,-66.8087874650493,142.30151280195,-0.817595922592918,141.483916879358,0
56,55,497.653,456.383,20,internal_airspace,17,600,300,15,-63.434948822922,120,186.964036910845,-65.4893863688963,0.64703870879751,-64.8423476600988,123.203291755318,0.680951742027876,123.884243497346,0
56,55,497.653,456.383,20,internal_airspace,18,400,300,15,-116.565051177078,120,184.436306344494,-65.3711531569831,1.00488327151429,-64.3662698854688,58.0173792374116,-0.0466105852676561,57.970768652144,0
56,55,497.653,456.383,20,internal_airspace,19,300,300,15,-135,120,252.085999408932,-68.0851993559887,-1.29976799719872,-69.3849673531874,38.3510354837495,0.685505018035178,39.0365405017847,0
56,55,497.653,456.383,20,internal_airspace,20,300,500,15,180,120,202.470123964006,-66.1814438094625,-0.533734863925011,-66.7151786733875,-12.4442815654396,0.0934829221161209,-12.3507986433235,0
56,55,497.653,456.383,20,internal_airspace,21,500,350,15,-90,120,106.526292989102,-60.6033611194452,0.107556333770703,-60.4958047856745,91.2638427552205,0.0845988883382292,91.3484416435587,0
56,55,497.653,456.383,20,internal_airspace,22,700,500,15,0,120,207.054947050294,-66.3759370606767,0.946704632480229,-65.4292324281965,-167.835704106014,0.369061525338643,-167.466642580675,0
56,55,497.653,456.383,20,internal_airspace,23,500,650,15,90,120,193.695769437538,-65.7966275397866,-1.71885211822135,-67.5154796580079,-90.6944979449808,0.0283864720419504,-90.6661114729389,0
57,56,504.652,463.525,20,internal_airspace,0,250,300,15,-141.34019174591,120,302.676505082572,-69.6737990472845,0.0198389257812242,-69.6539601215032,32.7065832363082,-0.495615585066091,32.2109676512421,0
57,56,504.652,463.525,20,internal_airspace,1,250,350,15,-149.036243467926,120,278.855817097295,-68.9618190054694,-1.11090119364356,-70.072720199113,24.0275264651964,0.206127773155781,24.2336542383522,0
57,56,504.652,463.525,20,internal_airspace,2,250,450,15,-168.69006752598,120,255.059927720918,-68.1870694798336,-0.53391210854026,-68.7209815883739,3.04021958831981,0.383685514512395,3.42390510283221,0
57,56,504.652,463.525,20,internal_airspace,3,250,550,15,168.69006752598,120,268.980606603896,-68.6486442076235,-0.616158329315784,-69.2648025369393,-18.7565150455138,0.148162480271038,-18.6083525652428,0
57,56,504.652,463.525,20,internal_airspace,4,250,650,15,149.036243467926,120,315.666860359145,-70.0388046495484,-1.94058000016547,-71.9793846497139,-36.2143426283513,0.042624334648127,-36.1717182937032,0
57,56,504.652,463.525,20,internal_airspace,5,250,700,15,141.34019174591,120,347.552969673689,-70.8746449082298,0.400775614928166,-70.4738692933016,-42.8804051865067,0.00465989414801593,-42.8757452923587,0
57,56,504.652,463.525,20,internal_airspace,6,300,700,15,135,120,312.774466235657,-69.9588506666441,-0.705477753468197,-70.6643284201123,-49.1261823557721,0.33494908536249,-48.7912332704096,0
57,56,504.652,463.525,20,internal_airspace,7,400,700,15,116.565051177078,120,258.645445985426,-68.3083215565371,0.568507787561288,-67.7398137689758,-66.1282165623478,0.140491515240574,-65.9877250471072,0
57,56,504.652,463.525,20,internal_airspace,8,600,700,15,63.434948822922,120,255.022874913212,-68.1858075804031,1.24901218642573,-66.9367953939774,-111.959558957772,0.869342755353972,-111.090216202418,0
57,56,504.652,463.525,20,internal_airspace,9,700,700,15,45,120,306.767447309847,-69.7904102837229,2.11284205812547,-67.6775682255974,-129.559536478201,0.284880581349813,-129.274655896851,0
57,56,504.652,463.525,20,internal_airspace,10,750,700,15,38.6598082540901,120,340.794757484619,-70.7040829403382,0.153936799364579,-70.5501461409736,-136.055009814318,0.0711680624369167,-135.983841751882,0
57,56,504.652,463.525,20,internal_airspace,11,750,650,15,30.9637565320735,120,308.210263828121,-69.8311667788363,0.270104859596511,-69.5610619192398,-142.763608798394,-0.218557809982574,-142.982166608377,0
57,56,504.652,463.525,20,internal_airspace,12,750,550,15,11.3099324740202,120,260.189482356609,-68.3600195759912,-0.0605635300264198,-68.4205831060176,-160.584558381181,-0.0961260896092945,-160.680684470791,0
57,56,504.652,463.525,20,internal_airspace,13,750,450,15,-11.3099324740202,120,245.771370849007,-67.8648506716005,0.714860859373448,-67.1499898122271,176.84471899136,0.267504400907434,177.112223392268,0
57,56,504.652,463.525,20,internal_airspace,14,750,350,15,-30.9637565320735,120,270.385958823679,-68.6939075320111,1.34301499100029,-67.3508925410108,155.169542382635,0.374958755656559,155.544501138292,0
57,56,504.652,463.525,20,internal_airspace,15,750,300,15,-38.6598082540901,120,294.891618614365,-69.4474734191264,-1.42305391396201,-70.8705273330884,146.316453806368,-0.211902572631587,146.104551233737,0
57,56,504.652,463.525,20,internal_airspace,16,700,300,15,-45,120,254.80633180712,-68.1784291500985,1.18653080337985,-66.9918983467187,140.06743874689,-0.0989493465094144,139.96848940038,0
57,56,504.652,463.525,20,internal_airspace,17,600,300,15,-63.434948822922,120,189.358566558263,-65.5999239808367,0.838757824083477,-64.7611661567533,120.245565124042,0.654777669141417,120.900342793183,0
57,56,504.652,463.525,20,internal_airspace,18,400,300,15,-116.565051177078,120,194.209852296427,-65.8196499933998,-1.6519064025473,-67.4715563959471,57.3817512058184,-1.08461968275411,56.2971315230643,0
57,56,504.652,463.525,20,internal_airspace,19,300,300,15,-135,120,262.007379149901,-68.4204952926083,-1.62879712992243,-70.0492924225307,38.6262306411665,0.242381372032777,38.8686120131992,0
57,56,504.652,463.525,20,internal_airspace,20,300,500,15,180,120,207.937170147619,-66.4128674200055,0.109511526921064,-66.3033558930844,-10.1056784654402,-0.268052358505505,-10.3737308239457,0
57,56,504.652,463.525,20,internal_airspace,21,500,350,15,-90,120,113.730236652352,-61.1717436909611,-0.400617085927652,-61.5723607768887,87.653460231728,0.352924705940652,88.0063849376686,0
57,56,504.652,463.525,20,internal_airspace,22,700,500,15,0,120,198.786988329216,-66.0219839161664,-2.34579169219072,-68.3677756083571,-169.423631017969,1.14937415872318,-168.274256859246,0
57,56,504.652,463.525,20,internal_airspace,23,500,650,15,90,120,186.600018030546,-65.4724584617307,0.527069322621273,-64.9453891391095,-88.570936089163,-0.52238565683602,-89.093321745999,0
58,57,511.652,470.667,20,internal_airspace,0,250,300,15,-141.34019174591,120,312.432383073522,-69.9493456623622,0.0982494427107137,-69.8510962196515,33.1150890958947,0.751019705873225,33.866108801768,0
58,57,511.652,470.667,20,internal_airspace,1,250,350,15,-149.036243467926,120,288.179274051761,-69.2474796942129,0.518106237169188,-68.7293734570437,24.7579052181087,-0.753199407140369,24.0047058109683,0
58,57,511.652,470.667,20,internal_airspace,2,250,450,15,-168.69006752598,120,262.514559582892,-68.4372927392551,-0.812122627814112,-69.2494153670692,4.51622192647325,0.197989422566196,4.71421134903943,0
58,57,511.652,470.667,20,internal_airspace,3,250,550,15,168.69006752598,120,273.460223785837,-68.7921081315991,-0.693787654547099,-69.4858957861462,-16.8673263106175,0.168683419596398,-16.6986428910211,0
58,57,511.652,470.667,20,internal_airspace,4,250,650,15,149.036243467926,120,317.249261611434,-70.0822372334312,0.175888705704731,-69.9063485277265,-34.4262505879496,-0.507766480971662,-34.9340170689213,0
58,57,511.652,470.667,20,internal_airspace,5,250,700,15,141.34019174591,120,347.966081670326,-70.8849630889496,-0.0782114822700099,-70.9631745712196,-41.2339485854194,1.37406166116881,-39.8598869242506,0
58,57,511.652,470.667,20,internal_airspace,6,300,700,15,135,120,312.11407208423,-69.9404918314258,-1.19953917234332,-71.1400310037691,-47.2960063439652,0.475177309803695,-46.8208290341615,0
58,57,511.652,470.667,20,internal_airspace,7,400,700,15,116.565051177078,120,255.117216183071,-68.1890201797732,1.85007790465357,-66.3389422751196,-64.0406168673877,0.203192353522675,-63.837424513865,0
58,57,511.652,470.667,20,internal_airspace,8,600,700,15,63.434948822922,120,245.812924788344,-67.8663191193731,-1.51817656323396,-69.3844956826071,-111.06862720907,0.513612717644375,-110.555014491425,0
58,57,511.652,470.667,20,internal_airspace,9,700,700,15,45,120,296.805650203968,-69.5036681187336,1.23797913639819,-68.2656889823354,-129.395785369233,0.249154061571822,-129.146631307661,0
58,57,511.652,470.667,20,internal_airspace,10,750,700,15,38.6598082540901,120,330.799628163334,-70.4455250884382,0.41471030211724,-70.030814786321,-136.104294365636,-0.201086194819002,-136.305380560455,0
58,57,511.652,470.667,20,internal_airspace,11,750,650,15,30.9637565320735,120,298.320455203796,-69.5478854950076,-1.12711653530249,-70.6750020303101,-143.042202775387,-0.263516920585367,-143.305719695972,0
58,57,511.652,470.667,20,internal_airspace,12,750,550,15,11.3099324740202,120,251.253843737763,-68.056479122511,0.482672113922319,-67.5738070085887,-161.590223388463,-0.916749121149185,-162.506972509612,0
58,57,511.652,470.667,20,internal_airspace,13,750,450,15,-11.3099324740202,120,239.294575770116,-67.6328819205998,-0.861591473502887,-68.4944733941027,175.044315224953,0.117342902492938,175.161658127446,0
58,57,511.652,470.667,20,internal_airspace,14,750,350,15,-30.9637565320735,120,267.198978278361,-68.5909206970599,-1.33210357967502,-69.9230242767349,153.148550481017,-0.517433544303807,152.631116936713,0
58,57,511.652,470.667,20,internal_airspace,15,750,300,15,-38.6598082540901,120,293.192759107383,-69.3972896434817,0.306807646592436,-69.0904819968892,144.395774031078,-0.250010124565204,144.145763906513,0
58,57,511.652,470.667,20,internal_airspace,16,700,300,15,-45,120,254.218791581189,-68.1583778339955,0.213227025902764,-67.9451508080928,137.819461146016,0.646174836068499,138.465635982085,0
58,57,511.652,470.667,20,internal_airspace,17,600,300,15,-63.434948822922,120,192.243579848587,-65.7312617352605,0.0152053345923128,-65.7160564006682,117.368933089309,0.220940587442849,117.589873676752,0
58,57,511.652,470.667,20,internal_airspace,18,400,300,15,-116.565051177078,120,204.005867545519,-66.2470780068673,0.728310434312955,-65.5187675725543,56.8069008305712,-0.326089728404067,56.4808111021671,0
58,57,511.652,470.667,20,internal_airspace,19,300,300,15,-135,120,271.935275374491,-68.7435357904542,0.557512419738411,-68.1860233707158,38.8811998283291,-0.548318253692999,38.3328815746361,0
58,57,511.652,470.667,20,internal_airspace,20,300,500,15,180,120,213.733464841143,-66.6516753578134,-2.03615041120178,-68.6878257690151,-7.89040070051891,-0.114371082690093,-8.00477178320901,0
58,57,511.652,470.667,20,internal_airspace,21,500,350,15,-90,120,121.331339698365,-61.733684693296,0.672260477970036,-61.0614242153259,84.4844330378402,-0.156434284381791,84.3279987534584,0
58,57,511.652,470.667,20,internal_airspace,22,700,500,15,0,120,190.684016092068,-65.6605106391535,-0.751328048904819,-66.4118386880584,-171.14796181885,-0.740406635969291,-171.88836845482,0
58,57,511.652,470.667,20,internal_airspace,23,500,650,15,90,120,179.780683036304,-65.1490853562113,-2.03341326305684,-67.1824986192681,-86.2824838342394,-0.0309072257005833,-86.31339105994,0
59,58,518.651,477.809,20,internal_airspace,0,250,300,15,-141.34019174591,120,322.202421285129,-70.216800828821,-0.471203181694332,-70.6880040105153,33.4989295567964,0.407771914387379,33.9067014711838,0
59,58,518.651,477.809,20,internal_airspace,1,250,350,15,-149.036243467926,120,297.54579526856,-69.5253011835453,-0.886729443434595,-70.4120306269799,25.442471125075,-0.963593351233164,24.4788777738418,0
59,58,518.651,477.809,20,internal_airspace,2,250,450,15,-168.69006752598,120,270.132745667755,-68.685769491015,-1.96540828292053,-70.6511777739355,5.90983747202129,-0.00796400921327382,5.901873462808,0
59,58,518.651,477.809,20,internal_airspace,3,250,550,15,168.69006752598,120,278.226347210324,-68.9421899143014,-0.743824989307306,-69.6860149036087,-15.0410192804331,-0.383917427555894,-15.424936707989,0
59,58,518.651,477.809,20,internal_airspace,4,250,650,15,149.036243467926,120,319.136491617615,-70.1337541617285,-0.631029126242244,-70.7647832879708,-32.6577111394272,-0.433924141679509,-33.0916352811067,0
59,58,518.651,477.809,20,internal_airspace,5,250,700,15,141.34019174591,120,348.664882490336,-70.9023889834324,-1.00726815587848,-71.9096571393109,-39.5928535227914,0.00713812491028802,-39.5857153978811,0
59,58,518.651,477.809,20,internal_airspace,6,300,700,15,135,120,311.77251367303,-69.9309813241356,-1.16055054465523,-71.0915318687909,-45.4600802556451,0.550377371954936,-44.9097028836902,0
59,58,518.651,477.809,20,internal_airspace,7,400,700,15,116.565051177078,120,251.936302032875,-68.0800398425225,0.763223178456403,-67.3168166640661,-61.897581148668,0.134069431681607,-61.7635117169864,0
59,58,518.651,477.809,20,internal_airspace,8,600,700,15,63.434948822922,120,236.667488857257,-67.5369968893372,1.35458631163597,-66.1824105777013,-110.108786853845,-0.407455600810632,-110.516242454656,0
59,58,518.651,477.809,20,internal_airspace,9,700,700,15,45,120,286.847172344438,-69.2072362960627,0.278652986553033,-68.9285833095097,-129.220813469261,0.0205866069739196,-129.200226862287,0
59,58,518.651,477.809,20,internal_airspace,10,750,700,15,38.6598082540901,120,320.805549019963,-70.1790622688629,-0.865400289284694,-71.0444625581476,-136.156774380791,-0.0572459673431039,-136.214020348134,0
59,58,518.651,477.809,20,internal_airspace,11,750,650,15,30.9637565320735,120,288.439075511623,-69.2553067325393,0.253437252082734,-69.0018694804566,-143.340018273865,-0.771606283962716,-144.111624557828,0
59,58,518.651,477.809,20,internal_airspace,12,750,550,15,11.3099324740202,120,242.40235205542,-67.7449614246232,0.359600284882939,-67.3853611397403,-162.669796074388,0.269984631739724,-162.399811442649,0
59,58,518.651,477.809,20,internal_airspace,13,750,450,15,-11.3099324740202,120,233.068016428681,-67.4038784349256,0.612676364860947,-66.7912020700647,173.145722807109,-0.0928097583987884,173.05291304871,0
59,58,518.651,477.809,20,internal_airspace,14,750,350,15,-30.9637565320735,120,264.352984250226,-68.4979091836104,1.4505934265144,-67.047315757096,151.081498035127,-0.758654472184049,150.322843562943,0
59,58,518.651,477.809,20,internal_airspace,15,750,300,15,-38.6598082540901,120,291.82768936823,-69.3567547642234,-1.29110265374355,-70.647857417967,142.455029654721,-0.119571343183444,142.335458311537,0
59,58,518.651,477.809,20,internal_airspace,16,700,300,15,-45,120,254.024605662522,-68.151740551347,-0.962379619909446,-69.1141201712564,135.564711051276,0.1059805185405,135.670691569817,0
59,58,518.651,477.809,20,internal_airspace,17,600,300,15,-63.434948822922,120,195.598313597025,-65.8815269558748,0.659167206879732,-65.2223597489951,114.58446307579,-0.325628677825407,114.258834397964,0
59,58,518.651,477.809,20,internal_airspace,18,400,300,15,-116.565051177078,120,213.820252272791,-66.6552015863711,-1.30811571860654,-67.9633173049776,56.2850286687552,0.598723693459382,56.8837523622146,0
59,58,518.651,477.809,20,internal_airspace,19,300,300,15,-135,120,281.867522573992,-69.0551256010815,-0.136317275612787,-69.1914428766943,39.1183257467478,-0.318408654509588,38.7999170922382,0
59,58,518.651,477.809,20,internal_airspace,20,300,500,15,180,120,219.831072148593,-66.8960063947931,-0.417580335705625,-67.3135867304987,-5.79513459871164,0.0565879774481281,-5.73854662126351,0
59,58,518.651,477.809,20,internal_airspace,21,500,350,15,-90,120,129.259430147282,-62.2834695734638,1.4848421954796,-60.7986273779842,81.6975053174928,-0.0610329089587403,81.6364724085341,0
59,58,518.651,477.809,20,internal_airspace,22,700,500,15,0,120,182.770074908339,-65.2923266308899,-0.781902541279269,-66.0742291721691,-173.023611763207,0.128991416978015,-172.894620346229,0
59,58,518.651,477.809,20,internal_airspace,23,500,650,15,90,120,173.270309868713,-64.8287078756025,1.8916425720979,-62.9370653035046,-83.8180647150334,-0.557887053903759,-84.3759517689372,0
60,59,525.651,484.951,20,critical_zone,0,250,300,15,-141.34019174591,120,331.986966915872,-70.476645525926,-1.1246984159107,-71.6013439418367,33.8600603121232,-1.4490415878099,32.4110187243133,0
60,59,525.651,484.951,20,critical_zone,1,250,350,15,-149.036243467926,120,306.953166137768,-69.7956671815912,0.895070492581168,-68.90059668901,26.0850740679272,0.41219306316257,26.4972671310898,0
60,59,525.651,484.951,20,critical_zone,2,250,450,15,-168.69006752598,120,277.902943852706,-68.9320877807341,0.343743703765512,-68.5883440769686,7.22622307741294,-0.698039974358434,6.52818310305452,0
60,59,525.651,484.951,20,critical_zone,3,250,550,15,168.69006752598,120,283.266387349435,-69.0981257101176,-0.953423373680415,-70.051549083798,-13.2779235157976,-0.119999382627065,-13.3979228984247,0
60,59,525.651,484.951,20,critical_zone,4,250,650,15,149.036243467926,120,321.324829731535,-70.1931105558911,-1.22079762540924,-71.4139081813003,-30.9115193911429,0.473441087540658,-30.4380783036022,0
60,59,525.651,484.951,20,critical_zone,5,250,700,15,141.34019174591,120,349.649175892065,-70.9268750135164,1.11742188066225,-69.8094531328542,-37.959557418761,-0.245850135642115,-38.2054075544031,0
60,59,525.651,484.951,20,critical_zone,6,300,700,15,135,120,311.7522192415,-69.9304159088977,0.916215755326938,-69.0142001535708,-43.6218908366713,0.512548118787097,-43.1093427178842,0
60,59,525.651,484.951,20,critical_zone,7,400,700,15,116.565051177078,120,249.1169327886,-67.982289795779,-0.145716439971019,-68.12800623575,-59.7026792158107,-0.416456771290387,-60.1191359871011,0
60,59,525.651,484.951,20,critical_zone,8,600,700,15,63.434948822922,120,227.593598772022,-67.1974256954518,-0.323670673345062,-67.5210963687968,-109.071829043055,0.190870048226677,-108.880958994828,0
60,59,525.651,484.951,20,critical_zone,9,700,700,15,45,120,276.891036694942,-68.9004027807123,-0.669525931831621,-69.5699287125439,-129.033092858988,-0.0556601096793279,-129.088752968668,0
60,59,525.651,484.951,20,critical_zone,10,750,700,15,38.6598082540901,120,310.811110165,-69.9041555256844,-1.42898099542751,-71.3331365211119,-136.212502568632,0.252704312782467,-135.95979825585,0
60,59,525.651,484.951,20,critical_zone,11,750,650,15,30.9637565320735,120,278.565335607286,-68.952766279787,2.43672281889945,-66.5160434608875,-143.658838027848,0.0267329397958218,-143.632105088052,0
60,59,525.651,484.951,20,critical_zone,12,750,550,15,11.3099324740202,120,233.642560767511,-67.425263985132,0.0965747159914674,-67.3286892691405,-163.830717396511,-0.127618256907911,-163.958335653419,0
60,59,525.651,484.951,20,critical_zone,13,750,450,15,-11.3099324740202,120,227.110207172641,-67.1789579034033,-0.859171956311785,-68.0381298597151,171.145153045866,0.0555760419282951,171.200729087794,0
60,59,525.651,484.951,20,critical_zone,14,750,350,15,-30.9637565320735,120,261.857301219577,-68.415518586125,-0.165430057231931,-68.5809486433569,148.97213939431,0.526216867943954,149.498356262254,0
60,59,525.651,484.951,20,critical_zone,15,750,300,15,-38.6598082540901,120,290.799494844816,-69.3260977895059,-0.692370319378522,-70.0184681088844,140.498182009431,0.217889347297674,140.716071356728,0
60,59,525.651,484.951,20,critical_zone,16,700,300,15,-45,120,254.223221209236,-68.158529179712,0.205708906014332,-67.9528202736977,133.309842339993,0.949106017754412,134.258948357747,0
60,59,525.651,484.951,20,critical_zone,17,600,300,15,-63.434948822922,120,199.398210127373,-66.0486499463132,-0.423690606997589,-66.4723405533108,111.899779902092,-0.181014877603274,111.718765024488,0
60,59,525.651,484.951,20,critical_zone,18,400,300,15,-116.565051177078,120,223.65161792842,-67.0456657196252,0.634276023678246,-66.411389695947,55.8088101837148,-0.0657764941715646,55.7430336895432,0
60,59,525.651,484.951,20,critical_zone,19,300,300,15,-135,120,291.805151088873,-69.3560839143546,1.59167341220875,-67.7644105021459,39.3391761611025,-0.466628095053832,38.8725480660487,0
60,59,525.651,484.951,20,critical_zone,20,300,500,15,180,120,226.207529056838,-67.1443659506558,-0.438936344631865,-67.5833022952877,-3.81549045452079,0.209030973266129,-3.60645948125466,0
60,59,525.651,484.951,20,critical_zone,21,500,350,15,-90,120,137.458161642007,-62.8176354618531,-0.288207512914555,-63.1058429747677,79.2378081964634,1.17387098891795,80.4116791853814,0
60,59,525.651,484.951,20,critical_zone,22,700,500,15,0,120,175.068689953401,-64.9183944724817,0.0998641607243312,-64.8185303117573,-175.066720378723,0.525631841246927,-174.541088537476,0
60,59,525.651,484.951,20,critical_zone,23,500,650,15,90,120,167.105195017989,-64.514023865921,-0.72038497720153,-65.2344088431226,-81.1660792028247,0.801008662552595,-80.3650705402721,0
61,60,532.65,492.093,20,critical_zone,0,250,300,15,-141.34019174591,120,341.783181489376,-70.7292385960712,0.596385374342002,-70.1328532217291,34.2005904842162,-0.232700070232079,33.9678904139841,0
61,60,532.65,492.093,20,critical_zone,1,250,350,15,-149.036243467926,120,316.396022650412,-70.0588451428918,-0.132875446898399,-70.1917205897902,26.6894603513595,0.500723359889617,27.1901837112491,0
61,60,532.65,492.093,20,critical_zone,2,250,450,15,-168.69006752598,120,285.810852049043,-69.1757991270779,0.668603101043795,-68.5071960260341,8.4703893643851,0.743717550110917,9.214106914496,0
61,60,532.65,492.093,20,critical_zone,3,250,550,15,168.69006752598,120,288.564105787605,-69.2590710070903,-0.824836676805485,-70.0839076838957,-11.5780741896683,0.590805594549845,-10.9872685951184,0
61,60,532.65,492.093,20,critical_zone,4,250,650,15,149.036243467926,120,323.806490282391,-70.2599358217503,-1.14076640251102,-71.4007022242613,-29.190616186386,0.219535675176255,-28.9710805112097,0
61,60,532.65,492.093,20,critical_zone,5,250,700,15,141.34019174591,120,350.91500844079,-70.9582636971796,-0.79141045961517,-71.7496741567948,-36.3368397101541,1.08286894511377,-35.2539707650403,0
61,60,532.65,492.093,20,critical_zone,6,300,700,15,135,120,312.051827664893,-69.9387594453439,-1.08553642287379,-71.0242958682177,-41.7854744997696,1.31258189799801,-40.4728926017716,0
61,60,532.65,492.093,20,critical_zone,7,400,700,15,116.565051177078,120,246.670515362092,-67.8965696577675,-0.192908132777538,-68.089477790545,-57.4610797266175,0.549453259925512,-56.911626466692,0
61,60,532.65,492.093,20,critical_zone,8,600,700,15,63.434948822922,120,218.600876368326,-66.8472628082043,0.0122948487369994,-66.8349679594673,-107.949364351816,-0.467092179057177,-108.416456530873,0
61,60,532.65,492.093,20,critical_zone,9,700,700,15,45,120,266.938837843053,-68.5824601416679,-0.796166059372082,-69.3786262010399,-128.831533980296,0.0103950888395459,-128.821138891456,0
61,60,532.65,492.093,20,critical_zone,10,750,700,15,38.6598082540901,120,300.817790612523,-69.6202951785,-0.194877062202294,-69.8151722407023,-136.272066412343,-0.434613251501229,-136.706679663844,0
61,60,532.65,492.093,20,critical_zone,11,750,650,15,30.9637565320735,120,268.701773624589,-68.6396354961913,0.379451898962553,-68.2601835972288,-144.00121095191,-0.0580850527966678,-144.059296004706,0
61,60,532.65,492.093,20,critical_zone,12,750,550,15,11.3099324740202,120,224.987206634066,-67.0973813079088,-0.122071833151452,-67.2194531410602,-165.081627419619,0.418300299089757,-164.66332712053,0
61,60,532.65,492.093,20,critical_zone,13,750,450,15,-11.3099324740202,120,221.444898674591,-66.9595384360634,-0.067758884193891,-67.0272973202573,169.039519620302,0.337848777371419,169.377368397673,0
61,60,532.65,492.093,20,critical_zone,14,750,350,15,-30.9637565320735,120,259.723782409313,-68.344459213513,-0.819947809529071,-69.1644070230421,146.825267014222,-0.825395994517401,145.999871019705,0
61,60,532.65,492.093,20,critical_zone,15,750,300,15,-38.6598082540901,120,290.113328113343,-69.3055784584147,0.0597779235901085,-69.2458005348246,138.52988855537,-1.16013855459369,137.369750000776,0
61,60,532.65,492.093,20,critical_zone,16,700,300,15,-45,120,254.815115621111,-68.1787285693609,1.00641684098265,-67.1723117283782,131.06213895086,0.380895803869719,131.44303475473,0
61,60,532.65,492.093,20,critical_zone,17,600,300,15,-63.434948822922,120,203.619112926562,-66.2305956561466,1.10971467092581,-65.1208809852208,109.321249117374,-0.0444267985352161,109.276822318839,0
61,60,532.65,492.093,20,critical_zone,18,400,300,15,-116.565051177078,120,233.496773316035,-67.4198425030907,1.22029556067529,-66.1995469424155,55.372945208549,0.58363003530699,55.956575243856,0
61,60,532.65,492.093,20,critical_zone,19,300,300,15,-135,120,301.746156808997,-69.64705978246,0.512372189054586,-69.1346875934054,39.5455934273824,0.00285297005427596,39.5484463974367,0
61,60,532.65,492.093,20,critical_zone,20,300,500,15,180,120,232.838019122737,-67.3953027513057,-1.37028915938644,-68.7655919106921,-1.94654380256867,-1.53989481690204,-3.4864386194707,0
61,60,532.65,492.093,20,critical_zone,21,500,350,15,-90,120,145.881606616461,-63.3342355866257,1.79300553451518,-61.5412300521106,77.0592574414215,0.114536510740164,77.1737939521617,0
61,60,532.65,492.093,20,critical_zone,22,700,500,15,0,120,167.611285864049,-64.5402899916522,-0.502241769649327,-65.0425317613015,-177.294884619389,-0.161291508254997,-177.456176127644,0
61,60,532.65,492.093,20,critical_zone,23,500,650,15,90,120,161.324651398972,-64.2082395407881,-0.840283472788462,-65.0485230135766,-78.3177339992945,-0.122504307686555,-78.4402383069811,0
62,61,539.65,499.235,20,critical_zone,0,250,300,15,-141.34019174591,120,351.591677553665,-70.9749965629894,-0.263717672491185,-71.2387142354806,34.5220369645238,-0.177811522860208,34.3442254416636,0
62,61,539.65,499.235,20,critical_zone,1,250,350,15,-149.036243467926,120,325.872993242766,-70.3151922293807,1.34768218573818,-68.9675100436425,27.2586679399207,-0.124544210798199,27.1341237291225,0
62,61,539.65,499.235,20,critical_zone,2,250,450,15,-168.69006752598,120,293.847252369322,-69.416657517856,0.392656576023896,-69.0240009418321,9.64698791444674,0.268897290316874,9.91588520476361,0
62,61,539.65,499.235,20,critical_zone,3,250,550,15,168.69006752598,120,294.107476486063,-69.424346130587,-1.1617534280814,-70.5860995586684,-9.94087970216091,-0.327956645761646,-10.2688363479226,0
62,61,539.65,499.235,20,critical_zone,4,250,650,15,149.036243467926,120,326.576495977589,-70.3339233329643,0.0512149640931721,-70.2827083688712,-27.4973158253963,0.208427571326553,-27.2888882540697,0
62,61,539.65,499.235,20,critical_zone,5,250,700,15,141.34019174591,120,352.46093077815,-70.9964445096981,0.900367565798131,-70.0960769438999,-34.726976890626,0.00781208626318644,-34.7191648043628,0
62,61,539.65,499.235,20,critical_zone,6,300,700,15,135,120,312.671885088826,-69.9560014741389,-1.91599069591686,-71.8719921700557,-39.954340681702,0.460725246543707,-39.4936154351583,0
62,61,539.65,499.235,20,critical_zone,7,400,700,15,116.565051177078,120,244.609296072328,-67.823683990952,-0.625160113680872,-68.4488441046329,-55.1779357975344,-0.48904955979382,-55.6669853573282,0
62,61,539.65,499.235,20,critical_zone,8,600,700,15,63.434948822922,120,209.699088517332,-66.4861556893422,-1.01313663060593,-67.4992923199481,-106.730788715804,-0.0340001629944214,-106.764788878798,0
62,61,539.65,499.235,20,critical_zone,9,700,700,15,45,120,256.989703538877,-68.2525393019609,0.627930758557982,-67.6246085434029,-128.614186861697,-0.561895874696013,-129.176082736393,0
62,61,539.65,499.235,20,critical_zone,10,750,700,15,38.6598082540901,120,290.824186966972,-69.3268352871519,-0.479843272122476,-69.8066785592744,-136.335588759004,0.980808931041755,-135.354779827962,0
62,61,539.65,499.235,20,critical_zone,11,750,650,15,30.9637565320735,120,258.847846668656,-68.315115963776,-1.33395390079218,-69.6490698645682,-144.369543416272,-0.262069363577413,-144.63161277985,0
62,61,539.65,499.235,20,critical_zone,12,750,550,15,11.3099324740202,120,216.446778042548,-66.7612473428052,1.18385627771809,-65.5773910650871,-166.431917620075,0.278564830100988,-166.153352789974,0
62,61,539.65,499.235,20,critical_zone,13,750,450,15,-11.3099324740202,120,216.093053393671,-66.7470409565997,1.23923981689426,-65.5078011397054,166.826375168972,-0.034049661971624,166.792325507001,0
62,61,539.65,499.235,20,critical_zone,14,750,350,15,-30.9637565320735,120,257.959701746222,-68.2852621568925,0.76083765247765,-67.5244245044148,144.645807529706,-0.112410428047123,144.533397101659,0
62,61,539.65,499.235,20,critical_zone,15,750,300,15,-38.6598082540901,120,289.770094600875,-69.2952960856454,-0.186246944953058,-69.4815430305985,136.554466908104,-0.226519253135862,136.327947654969,0
62,61,539.65,499.235,20,critical_zone,16,700,300,15,-45,120,255.796223046784,-68.2121073867291,0.258593000060487,-67.9535143866686,128.828100947187,1.37921593346374,130.207316880651,0
62,61,539.65,499.235,20,critical_zone,17,600,300,15,-63.434948822922,120,208.234741878007,-66.4252886121875,-1.46890448471639,-67.8941930969039,106.852013284996,0.221550909587369,107.073564194584,0
62,61,539.65,499.235,20,critical_zone,18,400,300,15,-116.565051177078,120,243.355106223395,-67.779034100302,0.491314664643882,-67.2877194356581,54.9721928533369,-0.905293096544613,54.0668997567923,0
62,61,539.65,499.235,20,critical_zone,19,300,300,15,-135,120,311.691686968068,-69.9287292242001,-0.741869975807418,-70.6705992000075,39.7387202598226,0.0267140693614561,39.765434329184,0
62,61,539.65,499.235,20,critical_zone,20,300,500,15,180,120,239.703374454762,-67.6477077924828,-0.720505023747621,-68.3682128162304,-0.182896400794149,-0.333661556965237,-0.516557957759375,0
62,61,539.65,499.235,20,critical_zone,21,500,350,15,-90,120,154.493390554418,-63.8324229227638,-1.08624667662185,-64.9186695993856,75.1209279111771,-0.0693103145112558,75.0516175966659,0
62,61,539.65,499.235,20,critical_zone,22,700,500,15,0,120,160.429759474357,-64.1599234818605,2.13790927226423,-62.0220142095963,-179.726654575684,-0.337926156790376,179.935419267526,0
62,61,539.65,499.235,20,critical_zone,23,500,650,15,90,120,155.971817085652,-63.9151474692794,-0.53747815454656,-64.4526256238259,-75.2653230288612,-0.56852614766268,-75.8338491765238,0
63,62,546.649,506.377,20,critical_zone,0,250,300,15,-141.34019174591,120,361.409871655438,-71.2142250509126,-1.6432751064123,-72.8575001573249,34.8261132513078,0.628102477251276,35.4542157285591,0
63,62,546.649,506.377,20,critical_zone,1,250,350,15,-149.036243467926,120,335.379479589912,-70.5649545641235,-0.143197097556823,-70.7081516616803,27.7957266266548,-0.0766915215399657,27.7190351051149,0
63,62,546.649,506.377,20,critical_zone,2,250,450,15,-168.69006752598,120,301.999992268212,-69.6543634709994,1.63252554643708,-68.0218379245624,10.7605190717752,-0.157092277658578,10.6034267941166,0
63,62,546.649,506.377,20,critical_zone,3,250,550,15,168.69006752598,120,299.880968602544,-69.5932029328063,-0.0700213236891168,-69.6632242564955,-8.36553581631679,0.308623189722128,-8.05691262659465,0
63,62,546.649,506.377,20,critical_zone,4,250,650,15,149.036243467926,120,329.625841417204,-70.4146498622684,-0.0388297701759265,-70.4534796324444,-25.8340054084458,-0.0539427503803446,-25.8879481588261,0
63,62,546.649,506.377,20,critical_zone,5,250,700,15,141.34019174591,120,354.281661012816,-71.0411982773353,-0.549521460482562,-71.5907197378179,-33.1325114128351,0.590746940163601,-32.5417644726715,0
63,62,546.649,506.377,20,critical_zone,6,300,700,15,135,120,313.608984772439,-69.9819947653216,-0.370002446565857,-70.3519972118875,-38.1324217506278,0.280717525182341,-37.8517042254455,0
63,62,546.649,506.377,20,critical_zone,7,400,700,15,116.565051177078,120,242.941958767933,-67.7642754092709,0.596913587683258,-67.1673618215876,-52.8599113466839,-0.162599639534531,-53.0225109862185,0
63,62,546.649,506.377,20,critical_zone,8,600,700,15,63.434948822922,120,200.900959007168,-66.1138650316687,-0.445728911896808,-66.5595939435655,-105.405044301431,-0.571106547696225,-105.976150849127,0
63,62,546.649,506.377,20,critical_zone,9,700,700,15,45,120,247.045330516486,-67.9097578254894,1.7299314529669,-66.1798263725225,-128.379511963201,0.0364827291525133,-128.343029234049,0
63,62,546.649,506.377,20,critical_zone,10,750,700,15,38.6598082540901,120,280.831791879053,-69.023150254961,-0.269774643038797,-69.2929248979998,-136.403774083835,-0.558596158665842,-136.962370242501,0
63,62,546.649,506.377,20,critical_zone,11,750,650,15,30.9637565320735,120,249.006416242634,-67.9784355916383,0.763924882419526,-67.2145107092188,-144.76715527089,-0.183510916754018,-144.950666187644,0
63,62,546.649,506.377,20,critical_zone,12,750,550,15,11.3099324740202,120,208.037485396262,-66.4170567482927,1.18224508458514,-65.2348116637075,-167.892370636509,-0.128186396874226,-168.020557033383,0
63,62,546.649,506.377,20,critical_zone,13,750,450,15,-11.3099324740202,120,211.08054228185,-66.5431888590688,0.323811515960732,-66.2193773431081,164.504506347528,0.370210882227372,164.874717229755,0
63,62,546.649,506.377,20,critical_zone,14,750,350,15,-30.9637565320735,120,256.574346593731,-68.2384894658338,-0.846425622594554,-69.0849150884283,142.439701379248,0.400131229837017,142.839832609085,0
63,62,546.649,506.377,20,critical_zone,15,750,300,15,-38.6598082540901,120,289.77248891156,-69.2953678550683,-0.357833378035958,-69.6532012331042,134.576856166317,0.18375320500261,134.76060937132,0
63,62,546.649,506.377,20,critical_zone,16,700,300,15,-45,120,257.163363117688,-68.2584067686408,-0.929122566333966,-69.1875293349748,126.614654402926,0.0723497534657668,126.687004156392,0
63,62,546.649,506.377,20,critical_zone,17,600,300,15,-63.434948822922,120,213.220063150727,-66.6307861870727,1.42952365171387,-65.2012625353588,104.494347513346,-0.694233654832362,103.800113858513,0
63,62,546.649,506.377,20,critical_zone,18,400,300,15,-116.565051177078,120,253.224002278615,-68.1243222073556,1.30779969753505,-66.8165225098205,54.6028592799438,0.21185184290116,54.814711122845,0
63,62,546.649,506.377,20,critical_zone,19,300,300,15,-135,120,321.639853454139,-70.2016219456405,-1.12202634094501,-71.3236482865856,39.9200129056363,0.334596278936525,40.2546091845728,0
63,62,546.649,506.377,20,critical_zone,20,300,500,15,180,120,246.782080650115,-67.9004972642025,1.11265377237845,-66.787843491824,1.48102690843384,0.4047375229967,1.88576443143054,0
63,62,546.649,506.377,20,critical_zone,21,500,350,15,-90,120,163.263269996653,-64.311994648746,2.37367687005152,-61.9383177786945,73.3895721788799,-0.213814656299883,73.1757575225801,0
63,62,546.649,506.377,20,critical_zone,22,700,500,15,0,120,153.564954758565,-63.7800671570583,2.15239545792439,-61.6276716991339,177.618764827278,0.213180845320778,177.831945672598,0
63,62,546.649,506.377,20,critical_zone,23,500,650,15,90,120,151.091678559741,-63.639035755016,-0.138585664359399,-63.7776214193754,-72.0061133466937,0.259446916380664,-71.7466664303131,0
64,63,553.648,513.519,20,critical_zone,0,250,300,15,-141.34019174591,120,371.237755710542,-71.4472676045064,0.391800776298693,-71.0554668282077,35.1140945362423,0.330288527367537,35.4443830636098,0
64,63,553.648,513.519,20,critical_zone,1,250,350,15,-149.036243467926,120,344.913860644944,-70.8084377781564,0.770913089534197,-70.0375246886222,28.3031299361051,0.163792771671379,28.4669227077765,0
64,63,553.648,513.519,20,critical_zone,2,250,450,15,-168.69006752598,120,310.260811681076,-69.8887633207494,1.0060181387115,-68.8827451820379,11.8151191229617,0.0958310395518304,11.9109501625136,0
64,63,553.648,513.519,20,critical_zone,3,250,550,15,168.69006752598,120,305.872475494282,-69.765032793097,1.74204283265426,-68.0229899604428,-6.85081647309314,-0.256563760308707,-7.10738023340184,0
64,63,553.648,513.519,20,critical_zone,4,250,650,15,149.036243467926,120,332.947700495138,-70.5017452298728,0.161483845735608,-70.3402613841372,-24.2025396272982,-0.516571731722437,-24.7191113590206,0
64,63,553.648,513.519,20,critical_zone,5,250,700,15,141.34019174591,120,356.373780271501,-71.0923397122197,-0.465136196816603,-71.5574759090363,-31.5555604769493,0.490507395213899,-31.0650530817354,0
64,63,553.648,513.519,20,critical_zone,6,300,700,15,135,120,314.861034847121,-70.0166032042867,-0.369409971752362,-70.386013176039,-36.3231775988577,0.123659600866726,-36.1995179979909,0
64,63,553.648,513.519,20,critical_zone,7,400,700,15,116.565051177078,120,241.677204686334,-67.7189386164183,-0.0402654776282707,-67.7592040940466,-50.5137364022141,0.526670079362464,-49.9870663228517,0
64,63,553.648,513.519,20,critical_zone,8,600,700,15,63.434948822922,120,192.220371618099,-65.7302130849088,0.572154985764152,-65.1580580991446,-103.95864635047,-0.496088226663971,-104.454734577134,0
64,63,553.648,513.519,20,critical_zone,9,700,700,15,45,120,237.105612048724,-67.5530615024039,1.12538468842865,-66.4276768139753,-128.12514827614,0.403446260405778,-127.721702015734,0
64,63,553.648,513.519,20,critical_zone,10,750,700,15,38.6598082540901,120,270.839936613861,-68.7084789039342,0.892855226799222,-67.815623677135,-136.476992203787,-0.244060953646437,-136.721053157433,0
64,63,553.648,513.519,20,critical_zone,11,750,650,15,30.9637565320735,120,239.178116191678,-67.6286536539398,0.812815059572174,-66.8158385943676,-145.197480607232,0.208334841943607,-144.989145765289,0
64,63,553.648,513.519,20,critical_zone,12,750,550,15,11.3099324740202,120,199.77480137645,-66.0650389851727,-0.432611502956832,-66.4976504881296,-169.474807355416,-0.581844571729311,-170.056651927146,0
64,63,553.648,513.519,20,critical_zone,13,750,450,15,-11.3099324740202,120,206.431032708263,-66.3497245383826,0.976935772279155,-65.3727887661034,162.073836090644,-0.728359319212246,161.345476771432,0
64,63,553.648,513.519,20,critical_zone,14,750,350,15,-30.9637565320735,120,255.573025307836,-68.2045251120526,1.70759636852626,-66.4969287435263,140.212975253603,-0.914857557821902,139.298117695781,0
64,63,553.648,513.519,20,critical_zone,15,750,300,15,-38.6598082540901,120,290.119753317488,-69.3057708246065,0.288272196796253,-69.0174986278102,132.60163053865,-0.270842108611697,132.330788430038,0
64,63,553.648,513.519,20,critical_zone,16,700,300,15,-45,120,258.909774371305,-68.3171937591438,0.338732808593622,-67.9784609505502,124.427848939714,-1.24144017507787,123.186408764636,0
64,63,553.648,513.519,20,critical_zone,17,600,300,15,-63.434948822922,120,218.549470978541,-66.8452200256823,-0.157238816624657,-67.002458842307,102.248073080147,0.478734338441028,102.726807418588,0
64,63,553.648,513.519,20,critical_zone,18,400,300,15,-116.565051177078,120,263.102776999788,-68.4567334743437,1.44599511978772,-67.010738354556,54.2612574918752,-0.438088271081522,53.8231692207937,0
64,63,553.648,513.519,20,critical_zone,19,300,300,15,-135,120,331.591120606388,-70.466282682938,-1.8600301558084,-72.3263128387464,40.0904232377206,-0.377916404604972,39.7125068331156,0
64,63,553.648,513.519,20,critical_zone,20,300,500,15,180,120,254.057220454369,-68.1528556807154,-0.608120272110702,-68.7609759528261,3.05087932085415,-0.250535875744627,2.80034344510952,0
64,63,553.648,513.519,20,critical_zone,21,500,350,15,-90,120,172.167276986656,-64.7732370478288,0.237850991337826,-64.535386056491,71.836154035759,0.742392677068265,72.5785467128272,0
64,63,553.648,513.519,20,critical_zone,22,700,500,15,0,120,147.060094060217,-63.4041216224777,2.01009065316408,-61.3940309693136,174.722383457604,0.208742578481192,174.931126036086,0
64,63,553.648,513.519,20,critical_zone,23,500,650,15,90,120,146.731630076817,-63.3846996792151,1.4161575542795,-61.9685421249356,-68.5411853014129,-0.448373075712955,-68.9895583771258,0
65,64,560,520,20,critical_zone,0,250,300,15,-141.34019174591,120,380.164438105407,-71.6536546147036,0.672924833780672,-70.980729780923,35.3624618870691,-1.08437580292245,34.2780860841466,0
65,64,560,520,20,critical_zone,1,250,350,15,-149.036243467926,120,353.588744164743,-71.0241934664292,-1.93482855421264,-72.9590220206418,28.739795291688,0.0644426050460875,28.8042378967341,0
65,64,560,520,20,critical_zone,2,250,450,15,-168.69006752598,120,317.844301506256,-70.098513425379,-0.149220736535936,-70.2477341619149,12.7243556854224,0.633298890151552,13.3576545755739,0
65,64,560,520,20,critical_zone,3,250,550,15,168.69006752598,120,311.48836254345,-69.9230613483526,0.068229111217846,-69.8548322371348,-5.52754015165617,-0.16638556098475,-5.69392571264092,0
65,64,560,520,20,critical_zone,4,250,650,15,149.036243467926,120,336.191909480285,-70.5859699912954,0.898934268474508,-69.6870357228209,-22.7509763427876,-0.703766681969443,-23.4547430247571,0
65,64,560,520,20,critical_zone,5,250,700,15,141.34019174591,120,358.503835404867,-71.1441009596228,1.05061321520348,-70.0934877444194,-30.1413855520753,0.32786721520089,-29.8135183368745,0
65,64,560,520,20,critical_zone,6,300,700,15,135,120,316.267292017369,-70.0553104347425,1.79484894339282,-68.2604614913496,-34.695153531234,-0.333910776648699,-35.0290643078827,0
65,64,560,520,20,critical_zone,7,400,700,15,116.565051177078,120,240.883789408918,-67.6903763255117,0.1248704897801,-67.5655058357316,-48.3664606634298,-0.0768776334274007,-48.4433382968572,0
65,64,560,520,20,critical_zone,8,600,700,15,63.434948822922,120,184.458667456967,-65.3722061729858,0.994307480171414,-64.3778986928144,-102.528807709152,-0.478908822437148,-103.007716531589,0
65,64,560,520,20,critical_zone,9,700,700,15,45,120,228.089894559141,-67.2163457230688,-0.215370833390697,-67.4317165564595,-127.874983651098,0.133327587700387,-127.741656063398,0
65,64,560,520,20,critical_zone,10,750,700,15,38.6598082540901,120,261.772802254168,-68.4127152763475,0.867525205171313,-67.5451900711762,-136.548157698978,0.748481440786046,-135.799676258192,0
65,64,560,520,20,critical_zone,11,750,650,15,30.9637565320735,120,230.271578793389,-67.2990316061181,-1.54392145209632,-68.8429530582144,-145.619655276155,-0.117716567052578,-145.737371843208,0
65,64,560,520,20,critical_zone,12,750,550,15,11.3099324740202,120,192.418814048939,-65.7391755061646,-1.98956911754145,-67.728744623706,-171.027373385104,0.393682239641336,-170.633691145462,0
65,64,560,520,20,critical_zone,13,750,450,15,-11.3099324740202,120,202.546291005291,-66.1847107314834,0.95129829431109,-65.2334124371723,159.775140568832,0.355978895456527,160.131119464288,0
65,64,560,520,20,critical_zone,14,750,350,15,-30.9637565320735,120,255,-68.1850284429112,1.50563226379077,-66.6793961791205,138.179830119864,0.339519095446844,138.519349215311,0
65,64,560,520,20,critical_zone,15,750,300,15,-38.6598082540901,120,290.731835202133,-69.3240766286102,-0.368132570667768,-69.692209199278,130.815083874882,-0.57661460967477,130.238469265207,0
65,64,560,520,20,critical_zone,16,700,300,15,-45,120,260.816027114899,-68.3809103387501,0.968571698774569,-67.4123386399755,122.471192290848,0.431970083657352,122.903162374506,0
65,64,560,520,20,critical_zone,17,600,300,15,-63.434948822922,120,223.66269246345,-67.0460958073146,0.357126359741278,-66.6889694475733,100.304846468766,0.154970320060265,100.459816788826,0
65,64,560,520,20,critical_zone,18,400,300,15,-116.565051177078,120,272.075357208256,-68.7480089948455,0.0785291716093193,-68.6694798232362,53.9726266148964,0.0414859770037325,54.0141125919001,0
65,64,560,520,20,critical_zone,19,300,300,15,-135,120,340.624426605022,-70.6997406051428,0.76466024092055,-69.9350803642222,40.2363583092738,-0.0906455308350816,40.1457127784387,0
65,64,560,520,20,critical_zone,20,300,500,15,180,120,260.816027114899,-68.3809103387501,2.28232539496849,-66.0985849437816,4.39870535499553,-0.107248810635339,4.29145654436019,0
65,64,560,520,20,critical_zone,21,500,350,15,-90,120,180.346887968714,-65.1763978865683,-0.997767113511134,-66.1741650000795,70.5599651718238,0.126569477394971,70.6865346492188,0
65,64,560,520,20,critical_zone,22,700,500,15,0,120,141.509716980849,-63.0699500817949,-0.548401395194805,-63.6183514769897,171.869897645844,-0.014923073430331,171.854974572414,0
65,64,560,520,20,critical_zone,23,500,650,15,90,120,143.265487818944,-63.1770564921469,-0.210259968992746,-63.3873164611396,-65.2248594311681,-0.342034795081416,-65.5668942262495,0
66,65,560,520,20,critical_zone,0,250,300,15,-141.34019174591,120,380.164438105407,-71.6536546147036,0.32054937867779,-71.3331052360258,35.3624618870691,0.516880706723419,35.8793425937925,0
66,65,560,520,20,critical_zone,1,250,350,15,-149.036243467926,120,353.588744164743,-71.0241934664292,-0.800292245143322,-71.8244857115725,28.739795291688,0.935116244930288,29.6749115366183,0
66,65,560,520,20,critical_zone,2,250,450,15,-168.69006752598,120,317.844301506256,-70.098513425379,-0.981838460580892,-71.0803518859599,12.7243556854224,0.473189401015183,13.1975450864375,0
66,65,560,520,20,critical_zone,3,250,550,15,168.69006752598,120,311.48836254345,-69.9230613483526,1.72275320215424,-68.2003081461984,-5.52754015165617,0.577613776211079,-4.9499263754451,0
66,65,560,520,20,critical_zone,4,250,650,15,149.036243467926,120,336.191909480285,-70.5859699912954,-0.850784284219971,-71.4367542755154,-22.7509763427876,-0.0317244321417875,-22.7827007749294,0
66,65,560,520,20,critical_zone,5,250,700,15,141.34019174591,120,358.503835404867,-71.1441009596228,0.0182820623982046,-71.1258188972246,-30.1413855520753,-0.0509284045516705,-30.192313956627,0
66,65,560,520,20,critical_zone,6,300,700,15,135,120,316.267292017369,-70.0553104347425,1.13943988218965,-68.9158705525528,-34.695153531234,0.439019370481012,-34.256134160753,0
66,65,560,520,20,critical_zone,7,400,700,15,116.565051177078,120,240.883789408918,-67.6903763255117,0.450505452503961,-67.2398708730077,-48.3664606634298,-0.935859844512831,-49.3023205079426,0
66,65,560,520,20,critical_zone,8,600,700,15,63.434948822922,120,184.458667456967,-65.3722061729858,-0.0737080036342,-65.44591417662,-102.528807709152,-0.213350479269767,-102.742158188421,0
66,65,560,520,20,critical_zone,9,700,700,15,45,120,228.089894559141,-67.2163457230688,1.42201094907807,-65.7943347739907,-127.874983651098,0.637616330920452,-127.237367320178,0
66,65,560,520,20,critical_zone,10,750,700,15,38.6598082540901,120,261.772802254168,-68.4127152763475,-0.776280107060336,-69.1889953834078,-136.548157698978,0.415195440973009,-136.132962258005,0
66,65,560,520,20,critical_zone,11,750,650,15,30.9637565320735,120,230.271578793389,-67.2990316061181,-1.05383824921775,-68.3528698553358,-145.619655276155,0.412905063955389,-145.2067502122,0
66,65,560,520,20,critical_zone,12,750,550,15,11.3099324740202,120,192.418814048939,-65.7391755061646,-0.351059442993333,-66.0902349491579,-171.027373385104,0.919819876783938,-170.10755350832,0
66,65,560,520,20,critical_zone,13,750,450,15,-11.3099324740202,120,202.546291005291,-66.1847107314834,0.262853126770644,-65.9218576047128,159.775140568832,-0.610808907707277,159.164331661125,0
66,65,560,520,20,critical_zone,14,750,350,15,-30.9637565320735,120,255,-68.1850284429112,-0.202093593007283,-68.3871220359185,138.179830119864,-0.335960818936585,137.843869300928,0
66,65,560,520,20,critical_zone,15,750,300,15,-38.6598082540901,120,290.731835202133,-69.3240766286102,-0.841139789535584,-70.1652164181458,130.815083874882,0.933854187127901,131.74893806201,0
66,65,560,520,20,critical_zone,16,700,300,15,-45,120,260.816027114899,-68.3809103387501,0.401849969333625,-67.9790603694165,122.471192290848,0.401676790635257,122.872869081484,0
66,65,560,520,20,critical_zone,17,600,300,15,-63.434948822922,120,223.66269246345,-67.0460958073146,0.596953658339959,-66.4491421489746,100.304846468766,0.336536296072341,100.641382764838,0
66,65,560,520,20,critical_zone,18,400,300,15,-116.565051177078,120,272.075357208256,-68.7480089948455,-0.723877838714906,-69.4718868335604,53.9726266148964,0.500366777777538,54.4729933926739,0
66,65,560,520,20,critical_zone,19,300,300,15,-135,120,340.624426605022,-70.6997406051428,-0.897823046567363,-71.5975636517101,40.2363583092738,0.35692662625896,40.5932849355328,0
66,65,560,520,20,critical_zone,20,300,500,15,180,120,260.816027114899,-68.3809103387501,-0.0436811308439893,-68.4245914695941,4.39870535499553,-0.562909126456585,3.83579622853895,0
66,65,560,520,20,critical_zone,21,500,350,15,-90,120,180.346887968714,-65.1763978865683,-0.0490096283854896,-65.2254075149538,70.5599651718238,0.387469858781137,70.9474350306049,0
66,65,560,520,20,critical_zone,22,700,500,15,0,120,141.509716980849,-63.0699500817949,-0.236930040818897,-63.3068801226138,171.869897645844,0.109272040097075,171.979169685941,0
66,65,560,520,20,critical_zone,23,500,650,15,90,120,143.265487818944,-63.1770564921469,0.740006041485674,-62.4370504506612,-65.2248594311681,-0.412270477720568,-65.6371299088887,0
67,66,560,520,20,critical_zone,0,250,300,15,-141.34019174591,120,380.164438105407,-71.6536546147036,-0.755719644428316,-72.409374259132,35.3624618870691,0.335187507739721,35.6976493948088,0
67,66,560,520,20,critical_zone,1,250,350,15,-149.036243467926,120,353.588744164743,-71.0241934664292,-0.262202596287881,-71.286396062717,28.739795291688,0.870818108670266,29.6106134003583,0
67,66,560,520,20,critical_zone,2,250,450,15,-168.69006752598,120,317.844301506256,-70.098513425379,-1.55061278528551,-71.6491262106645,12.7243556854224,0.462590384502045,13.1869460699244,0
67,66,560,520,20,critical_zone,3,250,550,15,168.69006752598,120,311.48836254345,-69.9230613483526,0.520746021369323,-69.4023153269833,-5.52754015165617,-0.763600060565108,-6.29114021222128,0
67,66,560,520,20,critical_zone,4,250,650,15,149.036243467926,120,336.191909480285,-70.5859699912954,-0.522391139472074,-71.1083611307675,-22.7509763427876,0.867583995338423,-21.8833923474492,0
67,66,560,520,20,critical_zone,5,250,700,15,141.34019174591,120,358.503835404867,-71.1441009596228,0.0529221503783169,-71.0911788092445,-30.1413855520753,0.566771390854922,-29.5746141612204,0
67,66,560,520,20,critical_zone,6,300,700,15,135,120,316.267292017369,-70.0553104347425,-2.24017513049383,-72.2954855652363,-34.695153531234,-0.079348778997338,-34.7745023102313,0
67,66,560,520,20,critical_zone,7,400,700,15,116.565051177078,120,240.883789408918,-67.6903763255117,-1.51847240377573,-69.2088487292874,-48.3664606634298,0.155060187776151,-48.2114004756536,0
67,66,560,520,20,critical_zone,8,600,700,15,63.434948822922,120,184.458667456967,-65.3722061729858,-1.51761364577886,-66.8898198187647,-102.528807709152,-0.621431597430369,-103.150239306582,0
67,66,560,520,20,critical_zone,9,700,700,15,45,120,228.089894559141,-67.2163457230688,0.0256556013973592,-67.1906901216714,-127.874983651098,0.0867705355186302,-127.78821311558,0
67,66,560,520,20,critical_zone,10,750,700,15,38.6598082540901,120,261.772802254168,-68.4127152763475,1.21372594383655,-67.1989893325109,-136.548157698978,-0.323860668891852,-136.87201836787,0
67,66,560,520,20,critical_zone,11,750,650,15,30.9637565320735,120,230.271578793389,-67.2990316061181,0.0989694236832655,-67.2000621824348,-145.619655276155,0.935684696438779,-144.683970579716,0
67,66,560,520,20,critical_zone,12,750,550,15,11.3099324740202,120,192.418814048939,-65.7391755061646,-1.60072537212816,-67.3399008782927,-171.027373385104,-0.760559702210217,-171.787933087314,0
67,66,560,520,20,critical_zone,13,750,450,15,-11.3099324740202,120,202.546291005291,-66.1847107314834,-0.212970753466372,-66.3976814849498,159.775140568832,0.162647269729589,159.937787838561,0
67,66,560,520,20,critical_zone,14,750,350,15,-30.9637565320735,120,255,-68.1850284429112,-2.08349065806406,-70.2685191009753,138.179830119864,0.304286177543768,138.484116297408,0
67,66,560,520,20,critical_zone,15,750,300,15,-38.6598082540901,120,290.731835202133,-69.3240766286102,-1.20361227880805,-70.5276889074182,130.815083874882,0.271171070498576,131.08625494538,0
67,66,560,520,20,critical_zone,16,700,300,15,-45,120,260.816027114899,-68.3809103387501,1.59467874263211,-66.786231596118,122.471192290848,-1.13978357525285,121.331408715596,0
67,66,560,520,20,critical_zone,17,600,300,15,-63.434948822922,120,223.66269246345,-67.0460958073146,0.0876265329956586,-66.9584692743189,100.304846468766,-0.225569038992249,100.079277429774,0
67,66,560,520,20,critical_zone,18,400,300,15,-116.565051177078,120,272.075357208256,-68.7480089948455,1.2815623619574,-67.4664466328881,53.9726266148964,0.269068317624864,54.2416949325213,0
67,66,560,520,20,critical_zone,19,300,300,15,-135,120,340.624426605022,-70.6997406051428,0.248361987619667,-70.4513786175231,40.2363583092738,6.12182960021927e-05,40.2364195275698,0
67,66,560,520,20,critical_zone,20,300,500,15,180,120,260.816027114899,-68.3809103387501,0.436318034383298,-67.9445923043668,4.39870535499553,-0.148464692690387,4.25024066230515,0
67,66,560,520,20,critical_zone,21,500,350,15,-90,120,180.346887968714,-65.1763978865683,0.355410244196247,-64.8209876423721,70.5599651718238,0.0692123025174777,70.6291774743413,0
67,66,560,520,20,critical_zone,22,700,500,15,0,120,141.509716980849,-63.0699500817949,-0.0439201552097227,-63.1138702370046,171.869897645844,-0.0548694904722275,171.815028155372,0
67,66,560,520,20,critical_zone,23,500,650,15,90,120,143.265487818944,-63.1770564921469,1.08636947370867,-62.0906870184382,-65.2248594311681,-0.940217041397971,-66.1650764725661,0
68,67,560,520,20,critical_zone,0,250,300,15,-141.34019174591,120,380.164438105407,-71.6536546147036,-0.545767091962499,-72.1994217066661,35.3624618870691,-0.436684828451798,34.9257770586173,0
68,67,560,520,20,critical_zone,1,250,350,15,-149.036243467926,120,353.588744164743,-71.0241934664292,2.68281191568437,-68.3413815507448,28.739795291688,0.189916999011607,28.9297122906997,0
68,67,560,520,20,critical_zone,2,250,450,15,-168.69006752598,120,317.844301506256,-70.098513425379,0.974674583919288,-69.1238388414597,12.7243556854224,-0.238054316682787,12.4863013687396,0
68,67,560,520,20,critical_zone,3,250,550,15,168.69006752598,120,311.48836254345,-69.9230613483526,-1.37562711421261,-71.2986884625653,-5.52754015165617,-0.100948305488523,-5.6284884571447,0
68,67,560,520,20,critical_zone,4,250,650,15,149.036243467926,120,336.191909480285,-70.5859699912954,-1.8869233729813,-72.4728933642767,-22.7509763427876,0.0802559491743423,-22.6707203936133,0
68,67,560,520,20,critical_zone,5,250,700,15,141.34019174591,120,358.503835404867,-71.1441009596228,0.2428763101404,-70.9012246494824,-30.1413855520753,0.207119268029156,-29.9342662840462,0
68,67,560,520,20,critical_zone,6,300,700,15,135,120,316.267292017369,-70.0553104347425,-0.455763374676251,-70.5110738094187,-34.695153531234,-0.499739221885279,-35.1948927531192,0
68,67,560,520,20,critical_zone,7,400,700,15,116.565051177078,120,240.883789408918,-67.6903763255117,-0.288842124204336,-67.979218449716,-48.3664606634298,-1.35163402636797,-49.7180946897978,0
68,67,560,520,20,critical_zone,8,600,700,15,63.434948822922,120,184.458667456967,-65.3722061729858,0.849655909622354,-64.5225502633635,-102.528807709152,0.259403918590994,-102.269403790561,0
68,67,560,520,20,critical_zone,9,700,700,15,45,120,228.089894559141,-67.2163457230688,0.299503447090267,-66.9168422759785,-127.874983651098,0.096981553591189,-127.778002097507,0
68,67,560,520,20,critical_zone,10,750,700,15,38.6598082540901,120,261.772802254168,-68.4127152763475,0.207944478994201,-68.2047707973533,-136.548157698978,-0.683877499188391,-137.232035198166,0
68,67,560,520,20,critical_zone,11,750,650,15,30.9637565320735,120,230.271578793389,-67.2990316061181,-0.260286245550136,-67.5593178516682,-145.619655276155,-0.307217994639057,-145.926873270794,0
68,67,560,520,20,critical_zone,12,750,550,15,11.3099324740202,120,192.418814048939,-65.7391755061646,-0.287078501247772,-66.0262540074123,-171.027373385104,-0.00402993715203906,-171.031403322256,0
68,67,560,520,20,critical_zone,13,750,450,15,-11.3099324740202,120,202.546291005291,-66.1847107314834,1.15986419970288,-65.0248465317805,159.775140568832,0.583432179068265,160.3585727479,0
68,67,560,520,20,critical_zone,14,750,350,15,-30.9637565320735,120,255,-68.1850284429112,-2.0027125357965,-70.1877409787077,138.179830119864,0.294280330360584,138.474110450225,0
68,67,560,520,20,critical_zone,15,750,300,15,-38.6598082540901,120,290.731835202133,-69.3240766286102,-1.34068559339465,-70.6647622220048,130.815083874882,-0.588510139744222,130.226573735137,0
68,67,560,520,20,critical_zone,16,700,300,15,-45,120,260.816027114899,-68.3809103387501,-1.78314986481647,-70.1640602035665,122.471192290848,0.145230387515501,122.616422678364,0
68,67,560,520,20,critical_zone,17,600,300,15,-63.434948822922,120,223.66269246345,-67.0460958073146,-0.403093155695926,-67.4491889630105,100.304846468766,-0.0765384348015219,100.228308033964,0
68,67,560,520,20,critical_zone,18,400,300,15,-116.565051177078,120,272.075357208256,-68.7480089948455,0.594411076884609,-68.1535979179609,53.9726266148964,-0.493340942565935,53.4792856723305,0
68,67,560,520,20,critical_zone,19,300,300,15,-135,120,340.624426605022,-70.6997406051428,-0.316824961865587,-71.0165655670084,40.2363583092738,0.0844653060847124,40.3208236153585,0
68,67,560,520,20,critical_zone,20,300,500,15,180,120,260.816027114899,-68.3809103387501,0.43231036246694,-67.9485999762831,4.39870535499553,0.269716039859779,4.6684213948553,0
68,67,560,520,20,critical_zone,21,500,350,15,-90,120,180.346887968714,-65.1763978865683,-1.02597434911759,-66.2023722356859,70.5599651718238,-0.0336157902953587,70.5263493815285,0
68,67,560,520,20,critical_zone,22,700,500,15,0,120,141.509716980849,-63.0699500817949,-0.322055230376031,-63.3920053121709,171.869897645844,0.578931429672881,172.448829075517,0
68,67,560,520,20,critical_zone,23,500,650,15,90,120,143.265487818944,-63.1770564921469,-1.096507852337,-64.2735643444839,-65.2248594311681,-0.00242350120246108,-65.2272829323705,0
69,68,560,520,20,critical_zone,0,250,300,15,-141.34019174591,120,380.164438105407,-71.6536546147036,0.717119535086021,-70.9365350796176,35.3624618870691,0.224329388480233,35.5867912755493,0
69,68,560,520,20,critical_zone,1,250,350,15,-149.036243467926,120,353.588744164743,-71.0241934664292,-0.649399638243261,-71.6735931046724,28.739795291688,-0.358695815136394,28.3810994765516,0
69,68,560,520,20,critical_zone,2,250,450,15,-168.69006752598,120,317.844301506256,-70.098513425379,1.83416513175529,-68.2643482936237,12.7243556854224,0.237356780283131,12.9617124657055,0
69,68,560,520,20,critical_zone,3,250,550,15,168.69006752598,120,311.48836254345,-69.9230613483526,-0.0329564668059568,-69.9560178151586,-5.52754015165617,-0.145977022310044,-5.67351717396622,0
69,68,560,520,20,critical_zone,4,250,650,15,149.036243467926,120,336.191909480285,-70.5859699912954,-1.14255685624409,-71.7285268475395,-22.7509763427876,-0.517248890428465,-23.2682252332161,0
69,68,560,520,20,critical_zone,5,250,700,15,141.34019174591,120,358.503835404867,-71.1441009596228,0.169714375297667,-70.9743865843252,-30.1413855520753,0.409909166720602,-29.7314763853547,0
69,68,560,520,20,critical_zone,6,300,700,15,135,120,316.267292017369,-70.0553104347425,-1.53430776647659,-71.5896182012191,-34.695153531234,-0.363195637426603,-35.0583491686606,0
69,68,560,520,20,critical_zone,7,400,700,15,116.565051177078,120,240.883789408918,-67.6903763255117,0.288781093356593,-67.4015952321551,-48.3664606634298,0.425150904324074,-47.9413097591057,0
69,68,560,520,20,critical_zone,8,600,700,15,63.434948822922,120,184.458667456967,-65.3722061729858,0.0578973071130079,-65.3143088658728,-102.528807709152,0.556439943792192,-101.972367765359,0
69,68,560,520,20,critical_zone,9,700,700,15,45,120,228.089894559141,-67.2163457230688,0.0783767382759355,-67.1379689847928,-127.874983651098,0.497650913632162,-127.377332737466,0
69,68,560,520,20,critical_zone,10,750,700,15,38.6598082540901,120,261.772802254168,-68.4127152763475,-0.460029425930893,-68.8727447022784,-136.548157698978,-1.0198126369539,-137.567970335932,0
69,68,560,520,20,critical_zone,11,750,650,15,30.9637565320735,120,230.271578793389,-67.2990316061181,0.510518110867168,-66.7885134952509,-145.619655276155,-1.18253596639744,-146.802191242553,0
69,68,560,520,20,critical_zone,12,750,550,15,11.3099324740202,120,192.418814048939,-65.7391755061646,0.316686249994599,-65.42248925617,-171.027373385104,0.475868197591164,-170.551505187512,0
69,68,560,520,20,critical_zone,13,750,450,15,-11.3099324740202,120,202.546291005291,-66.1847107314834,-2.0547896050236,-68.239500336507,159.775140568832,-0.63407863008996,159.141061938742,0
69,68,560,520,20,critical_zone,14,750,350,15,-30.9637565320735,120,255,-68.1850284429112,-0.855677557516813,-69.040706000428,138.179830119864,0.160699321689891,138.340529441554,0
69,68,560,520,20,critical_zone,15,750,300,15,-38.6598082540901,120,290.731835202133,-69.3240766286102,0.344048203534951,-68.9800284250752,130.815083874882,0.391071232284916,131.206155107167,0
69,68,560,520,20,critical_zone,16,700,300,15,-45,120,260.816027114899,-68.3809103387501,-2.09301175956491,-70.473922098315,122.471192290848,-0.149529844231242,122.321662446617,0
69,68,560,520,20,critical_zone,17,600,300,15,-63.434948822922,120,223.66269246345,-67.0460958073146,-2.05944035809297,-69.1055361654076,100.304846468766,-0.238178143705326,100.066668325061,0
69,68,560,520,20,critical_zone,18,400,300,15,-116.565051177078,120,272.075357208256,-68.7480089948455,-1.26644465561599,-70.0144536504615,53.9726266148964,0.16119499053203,54.1338216054284,0
69,68,560,520,20,critical_zone,19,300,300,15,-135,120,340.624426605022,-70.6997406051428,-0.916690441681921,-71.6164310468247,40.2363583092738,0.10815255956212,40.3445108688359,0
69,68,560,520,20,critical_zone,20,300,500,15,180,120,260.816027114899,-68.3809103387501,1.20626364182432,-67.1746466969258,4.39870535499553,0.325915522086503,4.72462087708203,0
69,68,560,520,20,critical_zone,21,500,350,15,-90,120,180.346887968714,-65.1763978865683,-0.815844836391379,-65.9922427229597,70.5599651718238,-0.460815366917459,70.0991498049063,0
69,68,560,520,20,critical_zone,22,700,500,15,0,120,141.509716980849,-63.0699500817949,-1.14845501478557,-64.2184050965804,171.869897645844,0.458571904931356,172.328469550775,0
69,68,560,520,20,critical_zone,23,500,650,15,90,120,143.265487818944,-63.1770564921469,0.0646991249106256,-63.1123573672363,-65.2248594311681,-0.581563220083686,-65.8064226512518,0
70,69,560,520,20,critical_zone,0,250,300,15,-141.34019174591,120,380.164438105407,-71.6536546147036,0.672050751108982,-70.9816038635947,35.3624618870691,0.726216099130662,36.0886779861997,0
70,69,560,520,20,critical_zone,1,250,350,15,-149.036243467926,120,353.588744164743,-71.0241934664292,-1.48178448016272,-72.5059779465919,28.739795291688,0.580227453930684,29.3200227456187,0
70,69,560,520,20,critical_zone,2,250,450,15,-168.69006752598,120,317.844301506256,-70.098513425379,-0.867487351659669,-70.9660007770386,12.7243556854224,-0.259254009850773,12.4651016755716,0
70,69,560,520,20,critical_zone,3,250,550,15,168.69006752598,120,311.48836254345,-69.9230613483526,0.550607804704853,-69.3724535436478,-5.52754015165617,-0.0235545687025908,-5.55109472035878,0
70,69,560,520,20,critical_zone,4,250,650,15,149.036243467926,120,336.191909480285,-70.5859699912954,-1.5724719423217,-72.1584419336171,-22.7509763427876,0.981107111937649,-21.76986923085,0
70,69,560,520,20,critical_zone,5,250,700,15,141.34019174591,120,358.503835404867,-71.1441009596228,-0.081494561510718,-71.2255955211336,-30.1413855520753,0.512447728187861,-29.6289378238875,0
70,69,560,520,20,critical_zone,6,300,700,15,135,120,316.267292017369,-70.0553104347425,0.0255267518239972,-70.0297836829185,-34.695153531234,-0.16008729854445,-34.8552408297784,0
70,69,560,520,20,critical_zone,7,400,700,15,116.565051177078,120,240.883789408918,-67.6903763255117,0.0156741500250625,-67.6747021754866,-48.3664606634298,0.417995891612107,-47.9484647718177,0
70,69,560,520,20,critical_zone,8,600,700,15,63.434948822922,120,184.458667456967,-65.3722061729858,1.57771109537146,-63.7944950776144,-102.528807709152,-0.741947698788293,-103.27075540794,0
70,69,560,520,20,critical_zone,9,700,700,15,45,120,228.089894559141,-67.2163457230688,-0.252026749472621,-67.4683724725414,-127.874983651098,0.239049007509638,-127.635934643589,0
70,69,560,520,20,critical_zone,10,750,700,15,38.6598082540901,120,261.772802254168,-68.4127152763475,0.565736246022513,-67.846979030325,-136.548157698978,0.324222368423974,-136.223935330554,0
70,69,560,520,20,critical_zone,11,750,650,15,30.9637565320735,120,230.271578793389,-67.2990316061181,2.60484163217914,-64.6941899739389,-145.619655276155,0.813579163845971,-144.806076112309,0
70,69,560,520,20,critical_zone,12,750,550,15,11.3099324740202,120,192.418814048939,-65.7391755061646,0.210695773289361,-65.5284797328752,-171.027373385104,0.337196641756779,-170.690176743347,0
70,69,560,520,20,critical_zone,13,750,450,15,-11.3099324740202,120,202.546291005291,-66.1847107314834,-0.363079993984725,-66.5477907254681,159.775140568832,0.219712530117216,159.994853098949,0
70,69,560,520,20,critical_zone,14,750,350,15,-30.9637565320735,120,255,-68.1850284429112,0.884936317900486,-67.3000921250107,138.179830119864,0.190680833543399,138.370510953408,0
70,69,560,520,20,critical_zone,15,750,300,15,-38.6598082540901,120,290.731835202133,-69.3240766286102,-0.773879485687905,-70.0979561142981,130.815083874882,-0.0961079393930961,130.718975935489,0
70,69,560,520,20,critical_zone,16,700,300,15,-45,120,260.816027114899,-68.3809103387501,0.165299532801255,-68.2156108059488,122.471192290848,-0.257574984967596,122.213617305881,0
70,69,560,520,20,critical_zone,17,600,300,15,-63.434948822922,120,223.66269246345,-67.0460958073146,-1.15269560128826,-68.1987914086029,100.304846468766,-0.236541481000442,100.068304987766,0
70,69,560,520,20,critical_zone,18,400,300,15,-116.565051177078,120,272.075357208256,-68.7480089948455,-0.0177070879301711,-68.7657160827757,53.9726266148964,0.3654456950933,54.3380723099897,0
70,69,560,520,20,critical_zone,19,300,300,15,-135,120,340.624426605022,-70.6997406051428,1.02898611625243,-69.6707544888904,40.2363583092738,0.568774369662688,40.8051326789365,0
70,69,560,520,20,critical_zone,20,300,500,15,180,120,260.816027114899,-68.3809103387501,0.129485593818403,-68.2514247449317,4.39870535499553,0.258416133451777,4.6571214884473,0
70,69,560,520,20,critical_zone,21,500,350,15,-90,120,180.346887968714,-65.1763978865683,-0.488799090114213,-65.6651969766826,70.5599651718238,0.650388580855481,71.2103537526793,0
70,69,560,520,20,critical_zone,22,700,500,15,0,120,141.509716980849,-63.0699500817949,-2.03623895964768,-65.1061890414425,171.869897645844,-0.88385817634703,170.986039469497,0
70,69,560,520,20,critical_zone,23,500,650,15,90,120,143.265487818944,-63.1770564921469,-0.803025114953479,-63.9800816071004,-65.2248594311681,-0.531050162707735,-65.7559095938758,0
71,70,560,520,20,critical_zone,0,250,300,15,-141.34019174591,120,380.164438105407,-71.6536546147036,-0.290001586940849,-71.9436562016445,35.3624618870691,-0.754634933934536,34.6078269531345,0
71,70,560,520,20,critical_zone,1,250,350,15,-149.036243467926,120,353.588744164743,-71.0241934664292,0.117987761094591,-70.9062057053346,28.739795291688,0.686451929328271,29.4262472210163,0
71,70,560,520,20,critical_zone,2,250,450,15,-168.69006752598,120,317.844301506256,-70.098513425379,-1.60964797900937,-71.7081614043883,12.7243556854224,-0.689434747639073,12.0349209377833,0
71,70,560,520,20,critical_zone,3,250,550,15,168.69006752598,120,311.48836254345,-69.9230613483526,2.66175455716264,-67.26130679119,-5.52754015165617,-0.130694681714651,-5.65823483337081,0
71,70,560,520,20,critical_zone,4,250,650,15,149.036243467926,120,336.191909480285,-70.5859699912954,0.533564174107518,-70.0524058171879,-22.7509763427876,0.486491949262023,-22.2644843935256,0
71,70,560,520,20,critical_zone,5,250,700,15,141.34019174591,120,358.503835404867,-71.1441009596228,-1.01410872825425,-72.1582096878771,-30.1413855520753,0.618127975099014,-29.5232575769763,0
71,70,560,520,20,critical_zone,6,300,700,15,135,120,316.267292017369,-70.0553104347425,-1.28797096496304,-71.3432813997055,-34.695153531234,0.584501868853073,-34.1106516623809,0
71,70,560,520,20,critical_zone,7,400,700,15,116.565051177078,120,240.883789408918,-67.6903763255117,-0.2244436991234,-67.9148200246351,-48.3664606634298,-0.0529114408721342,-48.4193721043019,0
71,70,560,520,20,critical_zone,8,600,700,15,63.434948822922,120,184.458667456967,-65.3722061729858,-1.56469589778841,-66.9369020707743,-102.528807709152,-0.707825322409004,-103.236633031561,0
71,70,560,520,20,critical_zone,9,700,700,15,45,120,228.089894559141,-67.2163457230688,-1.12614460230019,-68.342490325369,-127.874983651098,0.369487595438127,-127.50549605566,0
71,70,560,520,20,critical_zone,10,750,700,15,38.6598082540901,120,261.772802254168,-68.4127152763475,1.87052391076313,-66.5421913655844,-136.548157698978,-0.0258372575606157,-136.573994956539,0
71,70,560,520,20,critical_zone,11,750,650,15,30.9637565320735,120,230.271578793389,-67.2990316061181,-1.09917223522179,-68.3982038413399,-145.619655276155,0.130389637335911,-145.489265638819,0
71,70,560,520,20,critical_zone,12,750,550,15,11.3099324740202,120,192.418814048939,-65.7391755061646,0.630668914371102,-65.1085065917935,-171.027373385104,-0.13074089942377,-171.158114284527,0
71,70,560,520,20,critical_zone,13,750,450,15,-11.3099324740202,120,202.546291005291,-66.1847107314834,-0.0302789424459208,-66.2149896739293,159.775140568832,0.0903746248174035,159.865515193649,0
71,70,560,520,20,critical_zone,14,750,350,15,-30.9637565320735,120,255,-68.1850284429112,-1.11174066485534,-69.2967691077666,138.179830119864,-0.15845817883374,138.021371941031,0
71,70,560,520,20,critical_zone,15,750,300,15,-38.6598082540901,120,290.731835202133,-69.3240766286102,-0.616546916754406,-69.9406235453646,130.815083874882,0.745847200738456,131.56093107562,0
71,70,560,520,20,critical_zone,16,700,300,15,-45,120,260.816027114899,-68.3809103387501,-0.322921660324477,-68.7038319990746,122.471192290848,-0.320627203095596,122.150565087753,0
71,70,560,520,20,critical_zone,17,600,300,15,-63.434948822922,120,223.66269246345,-67.0460958073146,-1.45984597036667,-68.5059417776813,100.304846468766,-0.480972379571449,99.8238740891946,0
71,70,560,520,20,critical_zone,18,400,300,15,-116.565051177078,120,272.075357208256,-68.7480089948455,1.19870604243628,-67.5493029524092,53.9726266148964,-0.305239007589012,53.6673876073074,0
71,70,560,520,20,critical_zone,19,300,300,15,-135,120,340.624426605022,-70.6997406051428,0.277811826109939,-70.4219287790328,40.2363583092738,0.35828474466279,40.5946430539366,0
71,70,560,520,20,critical_zone,20,300,500,15,180,120,260.816027114899,-68.3809103387501,-2.05315939357194,-70.434069732322,4.39870535499553,-0.765068752268802,3.63363660272674,0
71,70,560,520,20,critical_zone,21,500,350,15,-90,120,180.346887968714,-65.1763978865683,-0.636203097580828,-65.8126009841492,70.5599651718238,0.315871841465823,70.8758370132896,0
71,70,560,520,20,critical_zone,22,700,500,15,0,120,141.509716980849,-63.0699500817949,-0.872077332284363,-63.9420274140792,171.869897645844,0.266510261367774,172.136407907212,0
71,70,560,520,20,critical_zone,23,500,650,15,90,120,143.265487818944,-63.1770564921469,0.988359216043789,-62.1886972761031,-65.2248594311681,0.836119211141055,-64.388740220027,0
72,71,560,520,20,critical_zone,0,250,300,15,-141.34019174591,120,380.164438105407,-71.6536546147036,-2.35871898166416,-74.0123735963678,35.3624618870691,0.631608907918032,35.9940707949871,0
72,71,560,520,20,critical_zone,1,250,350,15,-149.036243467926,120,353.588744164743,-71.0241934664292,0.868518145198103,-70.155675321231,28.739795291688,0.1369295766302,28.8767248683182,0
72,71,560,520,20,critical_zone,2,250,450,15,-168.69006752598,120,317.844301506256,-70.098513425379,-1.05429090193275,-71.1528043273117,12.7243556854224,-0.225329673819333,12.499026011603,0
72,71,560,520,20,critical_zone,3,250,550,15,168.69006752598,120,311.48836254345,-69.9230613483526,-0.0424135772824536,-69.9654749256351,-5.52754015165617,0.0900571986994092,-5.43748295295677,0
72,71,560,520,20,critical_zone,4,250,650,15,149.036243467926,120,336.191909480285,-70.5859699912954,1.29351597987817,-69.2924540114173,-22.7509763427876,0.744778361431795,-22.0061979813559,0
72,71,560,520,20,critical_zone,5,250,700,15,141.34019174591,120,358.503835404867,-71.1441009596228,-0.79964000015218,-71.943740959775,-30.1413855520753,-0.175637207380826,-30.3170227594562,0
72,71,560,520,20,critical_zone,6,300,700,15,135,120,316.267292017369,-70.0553104347425,-0.446169475838637,-70.5014799105811,-34.695153531234,-0.658887970121099,-35.3540415013551,0
72,71,560,520,20,critical_zone,7,400,700,15,116.565051177078,120,240.883789408918,-67.6903763255117,0.313958783447753,-67.3764175420639,-48.3664606634298,0.586675211633015,-47.7797854517968,0
72,71,560,520,20,critical_zone,8,600,700,15,63.434948822922,120,184.458667456967,-65.3722061729858,1.28306472439784,-64.089141448588,-102.528807709152,-0.117975133452195,-102.646782842604,0
72,71,560,520,20,critical_zone,9,700,700,15,45,120,228.089894559141,-67.2163457230688,-0.630978495117712,-67.8473242181865,-127.874983651098,0.0514664369244841,-127.823517214174,0
72,71,560,520,20,critical_zone,10,750,700,15,38.6598082540901,120,261.772802254168,-68.4127152763475,-2.15262810693429,-70.5653433832818,-136.548157698978,-0.296065092573427,-136.844222791551,0
72,71,560,520,20,critical_zone,11,750,650,15,30.9637565320735,120,230.271578793389,-67.2990316061181,1.18030036269688,-66.1187312434212,-145.619655276155,-1.0315646163092,-146.651219892464,0
72,71,560,520,20,critical_zone,12,750,550,15,11.3099324740202,120,192.418814048939,-65.7391755061646,0.0399606199402367,-65.6992148862243,-171.027373385104,0.144276495256502,-170.883096889847,0
72,71,560,520,20,critical_zone,13,750,450,15,-11.3099324740202,120,202.546291005291,-66.1847107314834,-0.144554537375264,-66.3292652688587,159.775140568832,-0.390312451443921,159.384828117388,0
72,71,560,520,20,critical_zone,14,750,350,15,-30.9637565320735,120,255,-68.1850284429112,1.06326090620868,-67.1217675367025,138.179830119864,-0.19084612236162,137.988983997503,0
72,71,560,520,20,critical_zone,15,750,300,15,-38.6598082540901,120,290.731835202133,-69.3240766286102,-1.03886394725692,-70.3629405758671,130.815083874882,-0.57190800892858,130.243175865953,0
72,71,560,520,20,critical_zone,16,700,300,15,-45,120,260.816027114899,-68.3809103387501,-0.330101764652696,-68.7110121034028,122.471192290848,1.51927465386372,123.990466944712,0
72,71,560,520,20,critical_zone,17,600,300,15,-63.434948822922,120,223.66269246345,-67.0460958073146,0.889847509457371,-66.1562482978572,100.304846468766,0.368991497868878,100.673837966635,0
72,71,560,520,20,critical_zone,18,400,300,15,-116.565051177078,120,272.075357208256,-68.7480089948455,-0.796263353328733,-69.5442723481742,53.9726266148964,0.56258060487439,54.5352072197708,0
72,71,560,520,20,critical_zone,19,300,300,15,-135,120,340.624426605022,-70.6997406051428,-1.03483705320808,-71.7345776583509,40.2363583092738,0.865672103723877,41.1020304129977,0
72,71,560,520,20,critical_zone,20,300,500,15,180,120,260.816027114899,-68.3809103387501,0.125776315786311,-68.2551340229638,4.39870535499553,0.107879801939761,4.5065851569353,0
72,71,560,520,20,critical_zone,21,500,350,15,-90,120,180.346887968714,-65.1763978865683,1.13823272955235,-64.038165157016,70.5599651718238,-0.148680802729353,70.4112843690945,0
72,71,560,520,20,critical_zone,22,700,500,15,0,120,141.509716980849,-63.0699500817949,-0.85790382109262,-63.9278539028875,171.869897645844,-0.0974820474383828,171.772415598406,0
72,71,560,520,20,critical_zone,23,500,650,15,90,120,143.265487818944,-63.1770564921469,-2.04544054993199,-65.2224970420789,-65.2248594311681,-0.552284753461643,-65.7771441846297,0
73,72,560,520,20,critical_zone,0,250,300,15,-141.34019174591,120,380.164438105407,-71.6536546147036,1.62117259313577,-70.0324820215679,35.3624618870691,-0.100404077482314,35.2620578095867,0
73,72,560,520,20,critical_zone,1,250,350,15,-149.036243467926,120,353.588744164743,-71.0241934664292,1.18462875425559,-69.8395647121736,28.739795291688,-0.158952487697079,28.580842803991,0
73,72,560,520,20,critical_zone,2,250,450,15,-168.69006752598,120,317.844301506256,-70.098513425379,-0.732523755925007,-70.831037181304,12.7243556854224,-0.314473762437501,12.4098819229849,0
73,72,560,520,20,critical_zone,3,250,550,15,168.69006752598,120,311.48836254345,-69.9230613483526,-0.666378122728075,-70.5894394710807,-5.52754015165617,-0.973410199970192,-6.50095035162636,0
73,72,560,520,20,critical_zone,4,250,650,15,149.036243467926,120,336.191909480285,-70.5859699912954,0.534407832888484,-70.0515621584069,-22.7509763427876,-0.852824235427068,-23.6038005782147,0
73,72,560,520,20,critical_zone,5,250,700,15,141.34019174591,120,358.503835404867,-71.1441009596228,2.11404056324478,-69.0300603963781,-30.1413855520753,-0.00254260948979142,-30.1439281615651,0
73,72,560,520,20,critical_zone,6,300,700,15,135,120,316.267292017369,-70.0553104347425,-0.192647159886182,-70.2479575946286,-34.695153531234,0.0794001381916445,-34.6157533930423,0
73,72,560,520,20,critical_zone,7,400,700,15,116.565051177078,120,240.883789408918,-67.6903763255117,0.779557446170958,-66.9108188793407,-48.3664606634298,-0.110844287031741,-48.4773049504615,0
73,72,560,520,20,critical_zone,8,600,700,15,63.434948822922,120,184.458667456967,-65.3722061729858,-0.174994548940383,-65.5472007219262,-102.528807709152,-0.049589886036978,-102.578397595188,0
73,72,560,520,20,critical_zone,9,700,700,15,45,120,228.089894559141,-67.2163457230688,0.281934519992983,-66.9344112030758,-127.874983651098,-0.222288356789683,-128.097272007888,0
73,72,560,520,20,critical_zone,10,750,700,15,38.6598082540901,120,261.772802254168,-68.4127152763475,1.21686830074321,-67.1958469756043,-136.548157698978,0.370317204412094,-136.177840494566,0
73,72,560,520,20,critical_zone,11,750,650,15,30.9637565320735,120,230.271578793389,-67.2990316061181,-2.06923860108191,-69.3682702072,-145.619655276155,-0.264306908371785,-145.883962184527,0
73,72,560,520,20,critical_zone,12,750,550,15,11.3099324740202,120,192.418814048939,-65.7391755061646,0.934776804386776,-64.8043987017778,-171.027373385104,0.698941431844921,-170.328431953259,0
73,72,560,520,20,critical_zone,13,750,450,15,-11.3099324740202,120,202.546291005291,-66.1847107314834,-1.51663671126935,-67.7013474427528,159.775140568832,-1.87011337673212,157.9050271921,0
73,72,560,520,20,critical_zone,14,750,350,15,-30.9637565320735,120,255,-68.1850284429112,0.344660236896196,-67.840368206015,138.179830119864,-0.0914908109558275,138.088339308908,0
73,72,560,520,20,critical_zone,15,750,300,15,-38.6598082540901,120,290.731835202133,-69.3240766286102,1.47483360972056,-67.8492430188896,130.815083874882,-0.478256171535164,130.336827703346,0
73,72,560,520,20,critical_zone,16,700,300,15,-45,120,260.816027114899,-68.3809103387501,-0.525048530729975,-68.9059588694801,122.471192290848,0.839841933648515,123.311034224497,0
73,72,560,520,20,critical_zone,17,600,300,15,-63.434948822922,120,223.66269246345,-67.0460958073146,0.139448109976778,-66.9066476973378,100.304846468766,-0.795201701326975,99.5096447674391,0
73,72,560,520,20,critical_zone,18,400,300,15,-116.565051177078,120,272.075357208256,-68.7480089948455,0.883655010817709,-67.8643539840278,53.9726266148964,0.383041938570571,54.355668553467,0
73,72,560,520,20,critical_zone,19,300,300,15,-135,120,340.624426605022,-70.6997406051428,0.212703498277128,-70.4870371068657,40.2363583092738,0.300376944022285,40.5367352532961,0
73,72,560,520,20,critical_zone,20,300,500,15,180,120,260.816027114899,-68.3809103387501,-1.94092341039408,-70.3218337491442,4.39870535499553,0.0164879797369317,4.41519333473246,0
73,72,560,520,20,critical_zone,21,500,350,15,-90,120,180.346887968714,-65.1763978865683,-1.33577851785077,-66.5121764044191,70.5599651718238,-0.621413795360403,69.9385513764634,0
73,72,560,520,20,critical_zone,22,700,500,15,0,120,141.509716980849,-63.0699500817949,-0.955415633764485,-64.0253657155594,171.869897645844,0.58958616027877,172.459483806123,0
73,72,560,520,20,critical_zone,23,500,650,15,90,120,143.265487818944,-63.1770564921469,0.893272883154686,-62.2837836089922,-65.2248594311681,1.18936736424985,-64.0354920669182,0
74,73,560,520,20,critical_zone,0,250,300,15,-141.34019174591,120,380.164438105407,-71.6536546147036,1.99137458867225,-69.6622800260314,35.3624618870691,0.364648837271942,35.727110724341,0
74,73,560,520,20,critical_zone,1,250,350,15,-149.036243467926,120,353.588744164743,-71.0241934664292,1.26180756316366,-69.7623859032655,28.739795291688,-0.16200669722209,28.5777885944659,0
74,73,560,520,20,critical_zone,2,250,450,15,-168.69006752598,120,317.844301506256,-70.098513425379,0.457395402702022,-69.6411180226769,12.7243556854224,-0.869834861687366,11.854520823735,0
74,73,560,520,20,critical_zone,3,250,550,15,168.69006752598,120,311.48836254345,-69.9230613483526,1.2995156281811,-68.6235457201715,-5.52754015165617,0.321849875338171,-5.20569027631799,0
74,73,560,520,20,critical_zone,4,250,650,15,149.036243467926,120,336.191909480285,-70.5859699912954,2.5598892287633,-68.0260807625321,-22.7509763427876,0.0828502021556433,-22.668126140632,0
74,73,560,520,20,critical_zone,5,250,700,15,141.34019174591,120,358.503835404867,-71.1441009596228,0.881483750845718,-70.2626172087771,-30.1413855520753,-0.440021395241681,-30.581406947317,0
74,73,560,520,20,critical_zone,6,300,700,15,135,120,316.267292017369,-70.0553104347425,-0.146886236739602,-70.2021966714821,-34.695153531234,0.191092343152823,-34.5040611880812,0
74,73,560,520,20,critical_zone,7,400,700,15,116.565051177078,120,240.883789408918,-67.6903763255117,0.0781987327174054,-67.6121775927943,-48.3664606634298,-0.928444328004325,-49.2949049914341,0
74,73,560,520,20,critical_zone,8,600,700,15,63.434948822922,120,184.458667456967,-65.3722061729858,-0.346446851080308,-65.7186530240661,-102.528807709152,0.687238969866889,-101.841568739285,0
74,73,560,520,20,critical_zone,9,700,700,15,45,120,228.089894559141,-67.2163457230688,-0.636977752965455,-67.8533234760342,-127.874983651098,-0.924969265181929,-128.79995291628,0
74,73,560,520,20,critical_zone,10,750,700,15,38.6598082540901,120,261.772802254168,-68.4127152763475,-0.0167560728203122,-68.4294713491678,-136.548157698978,-1.0372314062442,-137.585389105222,0
74,73,560,520,20,critical_zone,11,750,650,15,30.9637565320735,120,230.271578793389,-67.2990316061181,-1.02531595322135,-68.3243475593394,-145.619655276155,-0.811826810327072,-146.431482086482,0
74,73,560,520,20,critical_zone,12,750,550,15,11.3099324740202,120,192.418814048939,-65.7391755061646,-0.254469184461082,-65.9936446906257,-171.027373385104,-0.149694367608931,-171.177067752713,0
74,73,560,520,20,critical_zone,13,750,450,15,-11.3099324740202,120,202.546291005291,-66.1847107314834,-0.738863996902308,-66.9235747283857,159.775140568832,0.0297368452330366,159.804877414065,0
74,73,560,520,20,critical_zone,14,750,350,15,-30.9637565320735,120,255,-68.1850284429112,1.31228933325696,-66.8727391096543,138.179830119864,-0.488738144831222,137.691091975033,0
74,73,560,520,20,critical_zone,15,750,300,15,-38.6598082540901,120,290.731835202133,-69.3240766286102,-0.975096760748044,-70.2991733893582,130.815083874882,0.591835959111488,131.406919833993,0
74,73,560,520,20,critical_zone,16,700,300,15,-45,120,260.816027114899,-68.3809103387501,-0.0430428435348126,-68.4239531822849,122.471192290848,0.342404976324034,122.813597267173,0
74,73,560,520,20,critical_zone,17,600,300,15,-63.434948822922,120,223.66269246345,-67.0460958073146,-0.413078586184192,-67.4591743934988,100.304846468766,-0.0345641503683808,100.270282318398,0
74,73,560,520,20,critical_zone,18,400,300,15,-116.565051177078,120,272.075357208256,-68.7480089948455,0.781015214113869,-67.9669937807316,53.9726266148964,-0.524612134796146,53.4480144801003,0
74,73,560,520,20,critical_zone,19,300,300,15,-135,120,340.624426605022,-70.6997406051428,1.29077841108751,-69.4089621940553,40.2363583092738,-0.328908967280926,39.9074493419929,0
74,73,560,520,20,critical_zone,20,300,500,15,180,120,260.816027114899,-68.3809103387501,-0.232905146097274,-68.6138154848474,4.39870535499553,-0.196311113531585,4.20239424146394,0
74,73,560,520,20,critical_zone,21,500,350,15,-90,120,180.346887968714,-65.1763978865683,-0.104961682056186,-65.2813595686245,70.5599651718238,0.13530833673616,70.69527350856,0
74,73,560,520,20,critical_zone,22,700,500,15,0,120,141.509716980849,-63.0699500817949,-3.59514886936391,-66.6650989511588,171.869897645844,-0.714310052441798,171.155587593402,0
74,73,560,520,20,critical_zone,23,500,650,15,90,120,143.265487818944,-63.1770564921469,0.872448442680646,-62.3046080494663,-65.2248594311681,0.3255461053943,-64.8993133257738,0
75,74,560,520,20,critical_zone,0,250,300,15,-141.34019174591,120,380.164438105407,-71.6536546147036,0.069459456490864,-71.5841951582128,35.3624618870691,0.321216223648857,35.6836781107179,0
75,74,560,520,20,critical_zone,1,250,350,15,-149.036243467926,120,353.588744164743,-71.0241934664292,-1.5738127777601,-72.5980062441892,28.739795291688,-0.358596276147225,28.3811990155408,0
75,74,560,520,20,critical_zone,2,250,450,15,-168.69006752598,120,317.844301506256,-70.098513425379,-1.44359830229022,-71.5421117276692,12.7243556854224,-0.327038825679636,12.3973168597427,0
75,74,560,520,20,critical_zone,3,250,550,15,168.69006752598,120,311.48836254345,-69.9230613483526,-1.10465437952553,-71.0277157278782,-5.52754015165617,-0.123706966325939,-5.65124711798211,0
75,74,560,520,20,critical_zone,4,250,650,15,149.036243467926,120,336.191909480285,-70.5859699912954,0.177590240772377,-70.4083797505231,-22.7509763427876,0.385534114272402,-22.3654422285152,0
75,74,560,520,20,critical_zone,5,250,700,15,141.34019174591,120,358.503835404867,-71.1441009596228,-0.991295021796296,-72.1353959814191,-30.1413855520753,0.414870473255696,-29.7265150788197,0
75,74,560,520,20,critical_zone,6,300,700,15,135,120,316.267292017369,-70.0553104347425,0.666987870263455,-69.388322564479,-34.695153531234,-0.0205945651480696,-34.715748096382,0
75,74,560,520,20,critical_zone,7,400,700,15,116.565051177078,120,240.883789408918,-67.6903763255117,1.35677918653748,-66.3335971389742,-48.3664606634298,0.223911604884263,-48.1425490585455,0
75,74,560,520,20,critical_zone,8,600,700,15,63.434948822922,120,184.458667456967,-65.3722061729858,0.28827707417126,-65.0839290988146,-102.528807709152,0.497260126155824,-102.031547582996,0
75,74,560,520,20,critical_zone,9,700,700,15,45,120,228.089894559141,-67.2163457230688,-0.133085882009241,-67.349431605078,-127.874983651098,-0.243626533413328,-128.118610184512,0
75,74,560,520,20,critical_zone,10,750,700,15,38.6598082540901,120,261.772802254168,-68.4127152763475,0.643228414436871,-67.7694868619106,-136.548157698978,-0.299943318012614,-136.848101016991,0
75,74,560,520,20,critical_zone,11,750,650,15,30.9637565320735,120,230.271578793389,-67.2990316061181,0.794210300352006,-66.5048213057661,-145.619655276155,0.349506852421221,-145.270148423734,0
75,74,560,520,20,critical_zone,12,750,550,15,11.3099324740202,120,192.418814048939,-65.7391755061646,-0.0146610086488402,-65.7538365148134,-171.027373385104,0.116756006156788,-170.910617378947,0
75,74,560,520,20,critical_zone,13,750,450,15,-11.3099324740202,120,202.546291005291,-66.1847107314834,1.28347328399526,-64.9012374474882,159.775140568832,0.582238521814694,160.357379090647,0
75,74,560,520,20,critical_zone,14,750,350,15,-30.9637565320735,120,255,-68.1850284429112,-0.546297941988422,-68.7313263848997,138.179830119864,-0.294629492101331,137.885200627763,0
75,74,560,520,20,critical_zone,15,750,300,15,-38.6598082540901,120,290.731835202133,-69.3240766286102,0.93017693551168,-68.3938996930985,130.815083874882,0.916450316273207,131.731534191155,0
75,74,560,520,20,critical_zone,16,700,300,15,-45,120,260.816027114899,-68.3809103387501,-0.460856334664888,-68.841766673415,122.471192290848,-0.522520766277869,121.948671524571,0
75,74,560,520,20,critical_zone,17,600,300,15,-63.434948822922,120,223.66269246345,-67.0460958073146,2.17751189261623,-64.8685839146984,100.304846468766,0.015059805520098,100.319906274286,0
75,74,560,520,20,critical_zone,18,400,300,15,-116.565051177078,120,272.075357208256,-68.7480089948455,1.45779175764957,-67.2902172371959,53.9726266148964,-0.440459373476507,53.5321672414199,0
75,74,560,520,20,critical_zone,19,300,300,15,-135,120,340.624426605022,-70.6997406051428,0.104171061595134,-70.5955695435476,40.2363583092738,-0.613701540887801,39.622656768386,0
75,74,560,520,20,critical_zone,20,300,500,15,180,120,260.816027114899,-68.3809103387501,0.262631687033979,-68.1182786517161,4.39870535499553,-0.814630494074608,3.58407486092094,0
75,74,560,520,20,critical_zone,21,500,350,15,-90,120,180.346887968714,-65.1763978865683,-0.473530370010021,-65.6499282565784,70.5599651718238,-0.136222627791069,70.4237425440327,0
75,74,560,520,20,critical_zone,22,700,500,15,0,120,141.509716980849,-63.0699500817949,0.350522137453899,-62.719427944341,171.869897645844,-0.365781860327864,171.504115785516,0
75,74,560,520,20,critical_zone,23,500,650,15,90,120,143.265487818944,-63.1770564921469,-0.341802052614027,-63.5188585447609,-65.2248594311681,0.395985111140451,-64.8288743200276,0
76,75,560,520,20,critical_zone,0,250,300,15,-141.34019174591,120,380.164438105407,-71.6536546147036,-0.45156012122933,-72.105214735933,35.3624618870691,0.895668259634901,36.258130146704,0
76,75,560,520,20,critical_zone,1,250,350,15,-149.036243467926,120,353.588744164743,-71.0241934664292,-0.977320125617582,-72.0015135920467,28.739795291688,0.462419797008398,29.2022150886964,0
76,75,560,520,20,critical_zone,2,250,450,15,-168.69006752598,120,317.844301506256,-70.098513425379,0.282011344554114,-69.8165020808249,12.7243556854224,0.234860757715207,12.9592164431376,0
76,75,560,520,20,critical_zone,3,250,550,15,168.69006752598,120,311.48836254345,-69.9230613483526,0.794601474107769,-69.1284598742449,-5.52754015165617,-0.407902129242227,-5.9354422808984,0
76,75,560,520,20,critical_zone,4,250,650,15,149.036243467926,120,336.191909480285,-70.5859699912954,-0.536126727503007,-71.1220967187984,-22.7509763427876,-1.09236454315773,-23.8433408859454,0
76,75,560,520,20,critical_zone,5,250,700,15,141.34019174591,120,358.503835404867,-71.1441009596228,0.952873020007588,-70.1912279396153,-30.1413855520753,-0.19877661267413,-30.3401621647495,0
76,75,560,520,20,critical_zone,6,300,700,15,135,120,316.267292017369,-70.0553104347425,1.09939449281086,-68.9559159419316,-34.695153531234,0.460020778018955,-34.235132753215,0
76,75,560,520,20,critical_zone,7,400,700,15,116.565051177078,120,240.883789408918,-67.6903763255117,-0.895166614327104,-68.5855429398388,-48.3664606634298,0.425527360510861,-47.9409333029189,0
76,75,560,520,20,critical_zone,8,600,700,15,63.434948822922,120,184.458667456967,-65.3722061729858,0.903394168535392,-64.4688120044505,-102.528807709152,0.466804612215518,-102.062003096936,0
76,75,560,520,20,critical_zone,9,700,700,15,45,120,228.089894559141,-67.2163457230688,-0.443424248946119,-67.6597699720149,-127.874983651098,-0.212596595727841,-128.087580246826,0
76,75,560,520,20,critical_zone,10,750,700,15,38.6598082540901,120,261.772802254168,-68.4127152763475,0.687646649694654,-67.7250686266528,-136.548157698978,0.150005524821232,-136.398152174157,0
76,75,560,520,20,critical_zone,11,750,650,15,30.9637565320735,120,230.271578793389,-67.2990316061181,-0.986515968795033,-68.2855475749131,-145.619655276155,0.0358806630524058,-145.583774613103,0
76,75,560,520,20,critical_zone,12,750,550,15,11.3099324740202,120,192.418814048939,-65.7391755061646,0.076327834584315,-65.6628476715803,-171.027373385104,0.245441388849124,-170.781931996254,0
76,75,560,520,20,critical_zone,13,750,450,15,-11.3099324740202,120,202.546291005291,-66.1847107314834,0.974808223468976,-65.2099025080144,159.775140568832,0.508632888380448,160.283773457212,0
76,75,560,520,20,critical_zone,14,750,350,15,-30.9637565320735,120,255,-68.1850284429112,0.249047501462864,-67.9359809414484,138.179830119864,-1.17437450617052,137.005455613694,0
76,75,560,520,20,critical_zone,15,750,300,15,-38.6598082540901,120,290.731835202133,-69.3240766286102,0.365024972054038,-68.9590516565561,130.815083874882,-0.706547866288273,130.108536008593,0
76,75,560,520,20,critical_zone,16,700,300,15,-45,120,260.816027114899,-68.3809103387501,-1.14564788850586,-69.5265582272559,122.471192290848,-0.19983614150688,122.271356149342,0
76,75,560,520,20,critical_zone,17,600,300,15,-63.434948822922,120,223.66269246345,-67.0460958073146,-0.82634587443049,-67.8724416817451,100.304846468766,0.245186186998268,100.550032655764,0
76,75,560,520,20,critical_zone,18,400,300,15,-116.565051177078,120,272.075357208256,-68.7480089948455,-0.297979952477143,-69.0459889473226,53.9726266148964,-0.251868483290242,53.7207581316061,0
76,75,560,520,20,critical_zone,19,300,300,15,-135,120,340.624426605022,-70.6997406051428,-0.816931932536544,-71.5166725376793,40.2363583092738,0.716741366939531,40.9530996762134,0
76,75,560,520,20,critical_zone,20,300,500,15,180,120,260.816027114899,-68.3809103387501,-1.12450207576728,-69.5054124145174,4.39870535499553,-0.216551716289105,4.18215363870644,0
76,75,560,520,20,critical_zone,21,500,350,15,-90,120,180.346887968714,-65.1763978865683,0.102240562830148,-65.0741573237382,70.5599651718238,-0.802165474281959,69.7577996975419,0
76,75,560,520,20,critical_zone,22,700,500,15,0,120,141.509716980849,-63.0699500817949,0.356470876047449,-62.7134792057474,171.869897645844,0.581116373853917,172.451014019698,0
76,75,560,520,20,critical_zone,23,500,650,15,90,120,143.265487818944,-63.1770564921469,1.00045418640228,-62.1766023057446,-65.2248594311681,-0.386540683316497,-65.6114001144846,0
77,76,560,520,20,critical_zone,0,250,300,15,-141.34019174591,120,380.164438105407,-71.6536546147036,-1.31335328521271,-72.9670078999164,35.3624618870691,0.603118071934213,35.9655799590033,0
77,76,560,520,20,critical_zone,1,250,350,15,-149.036243467926,120,353.588744164743,-71.0241934664292,-0.0469800655055354,-71.0711735319347,28.739795291688,0.751861724269102,29.4916570159571,0
77,76,560,520,20,critical_zone,2,250,450,15,-168.69006752598,120,317.844301506256,-70.098513425379,-0.290085803054919,-70.3885992284339,12.7243556854224,0.160713629886615,12.885069315309,0
77,76,560,520,20,critical_zone,3,250,550,15,168.69006752598,120,311.48836254345,-69.9230613483526,-0.173385798408448,-70.0964471467611,-5.52754015165617,-0.332173258738312,-5.85971341039448,0
77,76,560,520,20,critical_zone,4,250,650,15,149.036243467926,120,336.191909480285,-70.5859699912954,1.01303321772743,-69.572936773568,-22.7509763427876,-0.348438957467025,-23.0994153002547,0
77,76,560,520,20,critical_zone,5,250,700,15,141.34019174591,120,358.503835404867,-71.1441009596228,0.00137604600156367,-71.1427249136213,-30.1413855520753,0.548287795607018,-29.5930977564683,0
77,76,560,520,20,critical_zone,6,300,700,15,135,120,316.267292017369,-70.0553104347425,1.07876735659847,-68.976543078144,-34.695153531234,0.60126212056055,-34.0938914106734,0
77,76,560,520,20,critical_zone,7,400,700,15,116.565051177078,120,240.883789408918,-67.6903763255117,-1.07323580681863,-68.7636121323303,-48.3664606634298,-0.414108838105539,-48.7805695015354,0
77,76,560,520,20,critical_zone,8,600,700,15,63.434948822922,120,184.458667456967,-65.3722061729858,-0.514804216952558,-65.8870103899384,-102.528807709152,0.0931523200108429,-102.435655389141,0
77,76,560,520,20,critical_zone,9,700,700,15,45,120,228.089894559141,-67.2163457230688,0.62137217429745,-66.5949735487713,-127.874983651098,1.14311049662441,-126.731873154474,0
77,76,560,520,20,critical_zone,10,750,700,15,38.6598082540901,120,261.772802254168,-68.4127152763475,-1.28224455169017,-69.6949598280377,-136.548157698978,0.841205985617446,-135.706951713361,0
77,76,560,520,20,critical_zone,11,750,650,15,30.9637565320735,120,230.271578793389,-67.2990316061181,0.905658242590297,-66.3933733635278,-145.619655276155,0.776056687087595,-144.843598589068,0
77,76,560,520,20,critical_zone,12,750,550,15,11.3099324740202,120,192.418814048939,-65.7391755061646,-3.72471827550057,-69.4638937816651,-171.027373385104,-0.054147017456217,-171.08152040256,0
77,76,560,520,20,critical_zone,13,750,450,15,-11.3099324740202,120,202.546291005291,-66.1847107314834,-0.969612553674781,-67.1543232851582,159.775140568832,0.132160272995131,159.907300841827,0
77,76,560,520,20,critical_zone,14,750,350,15,-30.9637565320735,120,255,-68.1850284429112,-1.41465453994478,-69.599682982856,138.179830119864,0.33751192946517,138.517342049329,0
77,76,560,520,20,critical_zone,15,750,300,15,-38.6598082540901,120,290.731835202133,-69.3240766286102,2.93820804355863,-66.3858685850516,130.815083874882,0.227467977998565,131.04255185288,0
77,76,560,520,20,critical_zone,16,700,300,15,-45,120,260.816027114899,-68.3809103387501,0.637639076927665,-67.7432712618224,122.471192290848,-0.168648902818678,122.30254338803,0
77,76,560,520,20,critical_zone,17,600,300,15,-63.434948822922,120,223.66269246345,-67.0460958073146,2.06331256572893,-64.9827832415857,100.304846468766,0.859812891484749,101.164659360251,0
77,76,560,520,20,critical_zone,18,400,300,15,-116.565051177078,120,272.075357208256,-68.7480089948455,-0.536710325112671,-69.2847193199582,53.9726266148964,-0.122767322420097,53.8498592924763,0
77,76,560,520,20,critical_zone,19,300,300,15,-135,120,340.624426605022,-70.6997406051428,-0.971976240063337,-71.6717168452061,40.2363583092738,-0.463867081548263,39.7724912277255,0
77,76,560,520,20,critical_zone,20,300,500,15,180,120,260.816027114899,-68.3809103387501,-0.958943448302873,-69.339853787053,4.39870535499553,0.115517893606023,4.51422324860155,0
77,76,560,520,20,critical_zone,21,500,350,15,-90,120,180.346887968714,-65.1763978865683,1.41146399380712,-63.7649338927612,70.5599651718238,0.546923813504949,71.1068889853288,0
77,76,560,520,20,critical_zone,22,700,500,15,0,120,141.509716980849,-63.0699500817949,-0.600102009392752,-63.6700520911876,171.869897645844,0.127189177223137,171.997086823067,0
77,76,560,520,20,critical_zone,23,500,650,15,90,120,143.265487818944,-63.1770564921469,1.24900091288921,-61.9280555792577,-65.2248594311681,-0.5199429655308,-65.7448023966989,0
78,77,560,520,20,critical_zone,0,250,300,15,-141.34019174591,120,380.164438105407,-71.6536546147036,1.61614214891275,-70.0375124657909,35.3624618870691,0.0932534854050079,35.4557153724741,0
78,77,560,520,20,critical_zone,1,250,350,15,-149.036243467926,120,353.588744164743,-71.0241934664292,-0.933177196977748,-71.9573706634069,28.739795291688,-1.50903221135313,27.2307630803349,0
78,77,560,520,20,critical_zone,2,250,450,15,-168.69006752598,120,317.844301506256,-70.098513425379,-0.269959378501876,-70.3684728038808,12.7243556854224,-0.284774040761095,12.4395816446613,0
78,77,560,520,20,critical_zone,3,250,550,15,168.69006752598,120,311.48836254345,-69.9230613483526,1.55289057461076,-68.3701707737419,-5.52754015165617,0.0832218196346931,-5.44431833202148,0
78,77,560,520,20,critical_zone,4,250,650,15,149.036243467926,120,336.191909480285,-70.5859699912954,0.153304995853904,-70.4326649954415,-22.7509763427876,0.542228911992435,-22.2087474307952,0
78,77,560,520,20,critical_zone,5,250,700,15,141.34019174591,120,358.503835404867,-71.1441009596228,-2.35161258444692,-73.4957135440698,-30.1413855520753,0.354706123687608,-29.7866794283877,0
78,77,560,520,20,critical_zone,6,300,700,15,135,120,316.267292017369,-70.0553104347425,0.279497162396962,-69.7758132723455,-34.695153531234,0.386459050805839,-34.3086944804281,0
78,77,560,520,20,critical_zone,7,400,700,15,116.565051177078,120,240.883789408918,-67.6903763255117,0.502724859816399,-67.1876514656953,-48.3664606634298,-0.13105198630921,-48.497512649739,0
78,77,560,520,20,critical_zone,8,600,700,15,63.434948822922,120,184.458667456967,-65.3722061729858,1.83203258570306,-63.5401735872828,-102.528807709152,-0.0602695834126895,-102.589077292564,0
78,77,560,520,20,critical_zone,9,700,700,15,45,120,228.089894559141,-67.2163457230688,0.47486824112274,-66.741477481946,-127.874983651098,-0.19270565220444,-128.067689303303,0
78,77,560,520,20,critical_zone,10,750,700,15,38.6598082540901,120,261.772802254168,-68.4127152763475,-0.819584299092987,-69.2322995754405,-136.548157698978,0.704314843178858,-135.843842855799,0
78,77,560,520,20,critical_zone,11,750,650,15,30.9637565320735,120,230.271578793389,-67.2990316061181,1.00243959120488,-66.2965920149132,-145.619655276155,-0.55567230649803,-146.175327582653,0
78,77,560,520,20,critical_zone,12,750,550,15,11.3099324740202,120,192.418814048939,-65.7391755061646,-1.3049640454412,-67.0441395516058,-171.027373385104,-0.243897742156035,-171.27127112726,0
78,77,560,520,20,critical_zone,13,750,450,15,-11.3099324740202,120,202.546291005291,-66.1847107314834,1.39137839366919,-64.7933323378142,159.775140568832,0.0343613852134879,159.809501954045,0
78,77,560,520,20,critical_zone,14,750,350,15,-30.9637565320735,120,255,-68.1850284429112,0.57928626935214,-67.6057421735591,138.179830119864,0.0485271491525412,138.228357269017,0
78,77,560,520,20,critical_zone,15,750,300,15,-38.6598082540901,120,290.731835202133,-69.3240766286102,0.797468231238051,-68.5266083973721,130.815083874882,0.0960115584239079,130.911095433305,0
78,77,560,520,20,critical_zone,16,700,300,15,-45,120,260.816027114899,-68.3809103387501,0.714383369651264,-67.6665269690988,122.471192290848,-0.181471914458063,122.28972037639,0
78,77,560,520,20,critical_zone,17,600,300,15,-63.434948822922,120,223.66269246345,-67.0460958073146,0.602503797228084,-66.4435920100865,100.304846468766,-0.684382625746277,99.6204638430198,0
78,77,560,520,20,critical_zone,18,400,300,15,-116.565051177078,120,272.075357208256,-68.7480089948455,0.903302062283042,-67.8447069325624,53.9726266148964,-0.320441310751842,53.6521853041446,0
78,77,560,520,20,critical_zone,19,300,300,15,-135,120,340.624426605022,-70.6997406051428,1.22819360213193,-69.4715470030108,40.2363583092738,0.0134458199072959,40.2498041291811,0
78,77,560,520,20,critical_zone,20,300,500,15,180,120,260.816027114899,-68.3809103387501,-0.334298934639472,-68.7152092733896,4.39870535499553,-0.114053913939459,4.28465144105607,0
78,77,560,520,20,critical_zone,21,500,350,15,-90,120,180.346887968714,-65.1763978865683,-0.600595127447945,-65.7769930140163,70.5599651718238,-0.239551299227766,70.320413872596,0
78,77,560,520,20,critical_zone,22,700,500,15,0,120,141.509716980849,-63.0699500817949,-1.23900690562194,-64.3089569874168,171.869897645844,0.529199150250837,172.399096796095,0
78,77,560,520,20,critical_zone,23,500,650,15,90,120,143.265487818944,-63.1770564921469,0.847493428262959,-62.3295630638839,-65.2248594311681,-0.244093642395353,-65.4689530735634,0
79,78,560,520,20,critical_zone,0,250,300,15,-141.34019174591,120,380.164438105407,-71.6536546147036,-1.2753636050108,-72.9290182197144,35.3624618870691,-1.06910977235067,34.2933521147184,0
79,78,560,520,20,critical_zone,1,250,350,15,-149.036243467926,120,353.588744164743,-71.0241934664292,-0.296643238384967,-71.3208367048141,28.739795291688,-0.0175554790823099,28.7222398126057,0
79,78,560,520,20,critical_zone,2,250,450,15,-168.69006752598,120,317.844301506256,-70.098513425379,-0.19674004710158,-70.2952534724806,12.7243556854224,-0.708957837601907,12.0153978478205,0
79,78,560,520,20,critical_zone,3,250,550,15,168.69006752598,120,311.48836254345,-69.9230613483526,1.58145150587473,-68.3416098424779,-5.52754015165617,-0.531827964662395,-6.05936811631858,0
79,78,560,520,20,critical_zone,4,250,650,15,149.036243467926,120,336.191909480285,-70.5859699912954,0.591575936823934,-69.9943940544715,-22.7509763427876,0.209475620054812,-22.5415007227328,0
79,78,560,520,20,critical_zone,5,250,700,15,141.34019174591,120,358.503835404867,-71.1441009596228,-0.856019037584051,-72.0001199972069,-30.1413855520753,0.76728054733534,-29.37410500474,0
79,78,560,520,20,critical_zone,6,300,700,15,135,120,316.267292017369,-70.0553104347425,-0.506053536880427,-70.5613639716229,-34.695153531234,0.787005376718816,-33.9081481545151,0
79,78,560,520,20,critical_zone,7,400,700,15,116.565051177078,120,240.883789408918,-67.6903763255117,-1.64233091925239,-69.3327072447641,-48.3664606634298,0.146284814536384,-48.2201758488934,0
79,78,560,520,20,critical_zone,8,600,700,15,63.434948822922,120,184.458667456967,-65.3722061729858,-0.340247691503951,-65.7124538644898,-102.528807709152,0.34165894193596,-102.187148767216,0
79,78,560,520,20,critical_zone,9,700,700,15,45,120,228.089894559141,-67.2163457230688,-0.639859457530548,-67.8562051805993,-127.874983651098,-0.377959550301912,-128.2529432014,0
79,78,560,520,20,critical_zone,10,750,700,15,38.6598082540901,120,261.772802254168,-68.4127152763475,-0.547482189934224,-68.9601974662817,-136.548157698978,-0.6670519317158,-137.215209630694,0
79,78,560,520,20,critical_zone,11,750,650,15,30.9637565320735,120,230.271578793389,-67.2990316061181,1.33779149378107,-65.961240112337,-145.619655276155,-0.12493723810331,-145.744592514258,0
79,78,560,520,20,critical_zone,12,750,550,15,11.3099324740202,120,192.418814048939,-65.7391755061646,-0.292243803494023,-66.0314193096586,-171.027373385104,0.0544169130204954,-170.972956472083,0
79,78,560,520,20,critical_zone,13,750,450,15,-11.3099324740202,120,202.546291005291,-66.1847107314834,-0.432309033178773,-66.6170197646622,159.775140568832,-0.323215808562052,159.45192476027,0
79,78,560,520,20,critical_zone,14,750,350,15,-30.9637565320735,120,255,-68.1850284429112,0.0132916342546264,-68.1717368086566,138.179830119864,0.656005270690018,138.835835390554,0
79,78,560,520,20,critical_zone,15,750,300,15,-38.6598082540901,120,290.731835202133,-69.3240766286102,0.773500723317173,-68.550575905293,130.815083874882,0.279035153322952,131.094119028205,0
79,78,560,520,20,critical_zone,16,700,300,15,-45,120,260.816027114899,-68.3809103387501,0.309627791231919,-68.0712825475182,122.471192290848,-0.217843631971783,122.253348658877,0
79,78,560,520,20,critical_zone,17,600,300,15,-63.434948822922,120,223.66269246345,-67.0460958073146,1.08286552140391,-65.9632302859107,100.304846468766,0.589737480678328,100.894583949444,0
79,78,560,520,20,critical_zone,18,400,300,15,-116.565051177078,120,272.075357208256,-68.7480089948455,0.233151628720499,-68.514857366125,53.9726266148964,-0.567400963757097,53.4052256511393,0
79,78,560,520,20,critical_zone,19,300,300,15,-135,120,340.624426605022,-70.6997406051428,1.03114779522195,-69.6685928099208,40.2363583092738,-0.848713152690765,39.3876451565831,0
79,78,560,520,20,critical_zone,20,300,500,15,180,120,260.816027114899,-68.3809103387501,1.03570089582437,-67.3452094429257,4.39870535499553,0.492999255158474,4.89170461015399,0
79,78,560,520,20,critical_zone,21,500,350,15,-90,120,180.346887968714,-65.1763978865683,0.165959455321487,-65.0104384312469,70.5599651718238,0.0234553407753563,70.5834205125992,0
79,78,560,520,20,critical_zone,22,700,500,15,0,120,141.509716980849,-63.0699500817949,-0.490982960246832,-63.5609330420417,171.869897645844,-0.217176318043966,171.6527213278,0
79,78,560,520,20,critical_zone,23,500,650,15,90,120,143.265487818944,-63.1770564921469,-0.518090242425334,-63.6951467345722,-65.2248594311681,0.0362249047164853,-65.1886345264516,0
80,79,560,520,20,critical_zone,0,250,300,15,-141.34019174591,120,380.164438105407,-71.6536546147036,-0.438979907063387,-72.092634521767,35.3624618870691,0.0273707330929563,35.389832620162,0
80,79,560,520,20,critical_zone,1,250,350,15,-149.036243467926,120,353.588744164743,-71.0241934664292,0.496272016730306,-70.5279214496989,28.739795291688,0.214215360652712,28.9540106523407,0
80,79,560,520,20,critical_zone,2,250,450,15,-168.69006752598,120,317.844301506256,-70.098513425379,0.834378100457665,-69.2641353249213,12.7243556854224,-0.600243941163973,12.1241117442584,0
80,79,560,520,20,critical_zone,3,250,550,15,168.69006752598,120,311.48836254345,-69.9230613483526,-0.840845386814959,-70.7639067351676,-5.52754015165617,-0.142658382863084,-5.67019853451924,0
80,79,560,520,20,critical_zone,4,250,650,15,149.036243467926,120,336.191909480285,-70.5859699912954,0.945280329961947,-69.6406896613335,-22.7509763427876,-0.372008012354199,-23.1229843551419,0
80,79,560,520,20,critical_zone,5,250,700,15,141.34019174591,120,358.503835404867,-71.1441009596228,-1.4596495970632,-72.6037505566861,-30.1413855520753,0.157068957183234,-29.9843165948921,0
80,79,560,520,20,critical_zone,6,300,700,15,135,120,316.267292017369,-70.0553104347425,-0.01918041097485,-70.0744908457173,-34.695153531234,-0.796349761270845,-35.4915032925048,0
80,79,560,520,20,critical_zone,7,400,700,15,116.565051177078,120,240.883789408918,-67.6903763255117,-1.16675467613008,-68.8571310016417,-48.3664606634298,0.301799505123303,-48.0646611583065,0
80,79,560,520,20,critical_zone,8,600,700,15,63.434948822922,120,184.458667456967,-65.3722061729858,-0.990118962763626,-66.3623251357495,-102.528807709152,-0.144151649470438,-102.672959358622,0
80,79,560,520,20,critical_zone,9,700,700,15,45,120,228.089894559141,-67.2163457230688,-0.103835024106987,-67.3201807471758,-127.874983651098,-0.635298162955461,-128.510281814054,0
80,79,560,520,20,critical_zone,10,750,700,15,38.6598082540901,120,261.772802254168,-68.4127152763475,0.248700058269639,-68.1640152180779,-136.548157698978,-0.698544883385641,-137.246702582364,0
80,79,560,520,20,critical_zone,11,750,650,15,30.9637565320735,120,230.271578793389,-67.2990316061181,-0.55012548862653,-67.8491570947446,-145.619655276155,-0.00221035421618304,-145.621865630371,0
80,79,560,520,20,critical_zone,12,750,550,15,11.3099324740202,120,192.418814048939,-65.7391755061646,-0.34086117391676,-66.0800366800813,-171.027373385104,0.0218901644303369,-171.005483220673,0
80,79,560,520,20,critical_zone,13,750,450,15,-11.3099324740202,120,202.546291005291,-66.1847107314834,2.20896474044688,-63.9757459910365,159.775140568832,-0.0765147284343314,159.698625840398,0
80,79,560,520,20,critical_zone,14,750,350,15,-30.9637565320735,120,255,-68.1850284429112,1.2110942543323,-66.9739341885789,138.179830119864,-0.683149313110207,137.496680806754,0
80,79,560,520,20,critical_zone,15,750,300,15,-38.6598082540901,120,290.731835202133,-69.3240766286102,-2.07785493407151,-71.4019315626817,130.815083874882,-0.540453366747064,130.274630508135,0
80,79,560,520,20,critical_zone,16,700,300,15,-45,120,260.816027114899,-68.3809103387501,0.105694581909315,-68.2752157568408,122.471192290848,-0.66369511269047,121.807497178158,0
80,79,560,520,20,critical_zone,17,600,300,15,-63.434948822922,120,223.66269246345,-67.0460958073146,-0.419767755137985,-67.4658635624526,100.304846468766,0.626445387977215,100.931291856743,0
80,79,560,520,20,critical_zone,18,400,300,15,-116.565051177078,120,272.075357208256,-68.7480089948455,-1.2289615791503,-69.9769705739958,53.9726266148964,-0.588861163601712,53.3837654512947,0
80,79,560,520,20,critical_zone,19,300,300,15,-135,120,340.624426605022,-70.6997406051428,-0.453850691323144,-71.1535912964659,40.2363583092738,0.0839708084031135,40.3203291176769,0
80,79,560,520,20,critical_zone,20,300,500,15,180,120,260.816027114899,-68.3809103387501,0.742271992366818,-67.6386383463833,4.39870535499553,0.400010781941074,4.7987161369366,0
80,79,560,520,20,critical_zone,21,500,350,15,-90,120,180.346887968714,-65.1763978865683,0.47333262993982,-64.7030652566285,70.5599651718238,0.484552632139558,71.0445178039634,0
80,79,560,520,20,critical_zone,22,700,500,15,0,120,141.509716980849,-63.0699500817949,0.303511809242149,-62.7664382725527,171.869897645844,0.0990851610520302,171.968982806896,0
80,79,560,520,20,critical_zone,23,500,650,15,90,120,143.265487818944,-63.1770564921469,0.66798047501995,-62.509076017127,-65.2248594311681,-0.20165365308689,-65.426513084255,0
81,80,560,520,20,critical_zone,0,250,300,15,-141.34019174591,120,380.164438105407,-71.6536546147036,0.00280675950505548,-71.6508478551986,35.3624618870691,-0.395373026264578,34.9670888608045,0
81,80,560,520,20,critical_zone,1,250,350,15,-149.036243467926,120,353.588744164743,-71.0241934664292,-0.972233363241261,-71.9964268296704,28.739795291688,-0.209069475850717,28.5307258158373,0
81,80,560,520,20,critical_zone,2,250,450,15,-168.69006752598,120,317.844301506256,-70.098513425379,-1.02248196260032,-71.1209953879793,12.7243556854224,-0.90776858490337,11.816587100519,0
81,80,560,520,20,critical_zone,3,250,550,15,168.69006752598,120,311.48836254345,-69.9230613483526,0.345203369057315,-69.5778579792953,-5.52754015165617,-0.00660527263190525,-5.53414542428808,0
81,80,560,520,20,critical_zone,4,250,650,15,149.036243467926,120,336.191909480285,-70.5859699912954,1.03762507126328,-69.5483449200322,-22.7509763427876,0.278743636598884,-22.4722327061887,0
81,80,560,520,20,critical_zone,5,250,700,15,141.34019174591,120,358.503835404867,-71.1441009596228,-0.364884597442705,-71.5089855570656,-30.1413855520753,0.511345665886562,-29.6300398861888,0
81,80,560,520,20,critical_zone,6,300,700,15,135,120,316.267292017369,-70.0553104347425,-0.0656657549680365,-70.1209761897105,-34.695153531234,-0.0755268584085948,-34.7706803896426,0
81,80,560,520,20,critical_zone,7,400,700,15,116.565051177078,120,240.883789408918,-67.6903763255117,0.666436904329011,-67.0239394211826,-48.3664606634298,0.305754154801351,-48.0607065086285,0
81,80,560,520,20,critical_zone,8,600,700,15,63.434948822922,120,184.458667456967,-65.3722061729858,-0.100631800830293,-65.4728379738161,-102.528807709152,1.39920153779114,-101.12960617136,0
81,80,560,520,20,critical_zone,9,700,700,15,45,120,228.089894559141,-67.2163457230688,-0.0974764288582121,-67.313822151927,-127.874983651098,-0.0831783272056992,-127.958161978304,0
81,80,560,520,20,critical_zone,10,750,700,15,38.6598082540901,120,261.772802254168,-68.4127152763475,-0.365914005829781,-68.7786292821773,-136.548157698978,0.162333366933512,-136.385824332044,0
81,80,560,520,20,critical_zone,11,750,650,15,30.9637565320735,120,230.271578793389,-67.2990316061181,0.21638603359271,-67.0826455725254,-145.619655276155,0.196777007857623,-145.422878268297,0
81,80,560,520,20,critical_zone,12,750,550,15,11.3099324740202,120,192.418814048939,-65.7391755061646,-0.931683627528924,-66.6708591336935,-171.027373385104,-0.220570730673199,-171.247944115777,0
81,80,560,520,20,critical_zone,13,750,450,15,-11.3099324740202,120,202.546291005291,-66.1847107314834,-2.28312621929896,-68.4678369507824,159.775140568832,0.43272516478698,160.207865733619,0
81,80,560,520,20,critical_zone,14,750,350,15,-30.9637565320735,120,255,-68.1850284429112,0.523555376514148,-67.6614730663971,138.179830119864,-0.446421571638634,137.733408548226,0
81,80,560,520,20,critical_zone,15,750,300,15,-38.6598082540901,120,290.731835202133,-69.3240766286102,-1.15813699518415,-70.4822136237943,130.815083874882,-0.109847323897252,130.705236550984,0
81,80,560,520,20,critical_zone,16,700,300,15,-45,120,260.816027114899,-68.3809103387501,-0.185132893153815,-68.5660432319039,122.471192290848,-1.00925825747683,121.461934033372,0
81,80,560,520,20,critical_zone,17,600,300,15,-63.434948822922,120,223.66269246345,-67.0460958073146,1.39276991338704,-65.6533258939276,100.304846468766,-0.0827295978473496,100.222116870919,0
81,80,560,520,20,critical_zone,18,400,300,15,-116.565051177078,120,272.075357208256,-68.7480089948455,0.576872207391227,-68.1711367874543,53.9726266148964,-0.305884824166985,53.6667417907294,0
81,80,560,520,20,critical_zone,19,300,300,15,-135,120,340.624426605022,-70.6997406051428,1.15583821781243,-69.5439023873303,40.2363583092738,-0.283337557717415,39.9530207515564,0
81,80,560,520,20,critical_zone,20,300,500,15,180,120,260.816027114899,-68.3809103387501,-0.664902742215023,-69.0458130809651,4.39870535499553,-0.378815743376261,4.01988961161928,0
81,80,560,520,20,critical_zone,21,500,350,15,-90,120,180.346887968714,-65.1763978865683,1.42010830091897,-63.7562895856494,70.5599651718238,0.0942006152715984,70.6541657870954,0
81,80,560,520,20,critical_zone,22,700,500,15,0,120,141.509716980849,-63.0699500817949,-0.842707228442865,-63.9126573102377,171.869897645844,-0.251215450601486,171.618682195243,0
81,80,560,520,20,critical_zone,23,500,650,15,90,120,143.265487818944,-63.1770564921469,0.293030551574835,-62.8840259405721,-65.2248594311681,0.741743822811728,-64.4831156083564,0
82,81,560,520,20,critical_zone,0,250,300,15,-141.34019174591,120,380.164438105407,-71.6536546147036,0.988019170284958,-70.6656354444187,35.3624618870691,0.767126849488694,36.1295887365578,0
82,81,560,520,20,critical_zone,1,250,350,15,-149.036243467926,120,353.588744164743,-71.0241934664292,-0.188850419478124,-71.2130438859073,28.739795291688,-0.091794736208828,28.6480005554792,0
82,81,560,520,20,critical_zone,2,250,450,15,-168.69006752598,120,317.844301506256,-70.098513425379,0.382519948068813,-69.7159934773101,12.7243556854224,-0.716566695643909,12.0077889897784,0
82,81,560,520,20,critical_zone,3,250,550,15,168.69006752598,120,311.48836254345,-69.9230613483526,-1.95386209240485,-71.8769234407575,-5.52754015165617,0.404711700791187,-5.12282845086497,0
82,81,560,520,20,critical_zone,4,250,650,15,149.036243467926,120,336.191909480285,-70.5859699912954,0.723705961567637,-69.8622640297278,-22.7509763427876,0.102347066156857,-22.6486292766308,0
82,81,560,520,20,critical_zone,5,250,700,15,141.34019174591,120,358.503835404867,-71.1441009596228,0.969644608957822,-70.174456350665,-30.1413855520753,0.847813529114351,-29.293572022961,0
82,81,560,520,20,critical_zone,6,300,700,15,135,120,316.267292017369,-70.0553104347425,-0.392529610947428,-70.4478400456899,-34.695153531234,0.256734691928413,-34.4384188393055,0
82,81,560,520,20,critical_zone,7,400,700,15,116.565051177078,120,240.883789408918,-67.6903763255117,0.310857771600879,-67.3795185539108,-48.3664606634298,-0.151839949970103,-48.5183006133999,0
82,81,560,520,20,critical_zone,8,600,700,15,63.434948822922,120,184.458667456967,-65.3722061729858,0.340378873776113,-65.0318272992097,-102.528807709152,-0.958862718603585,-103.487670427755,0
82,81,560,520,20,critical_zone,9,700,700,15,45,120,228.089894559141,-67.2163457230688,0.476293262226375,-66.7400524608424,-127.874983651098,-0.426258457282385,-128.301242108381,0
82,81,560,520,20,critical_zone,10,750,700,15,38.6598082540901,120,261.772802254168,-68.4127152763475,-0.195762338024216,-68.6084776143717,-136.548157698978,0.170994787771523,-136.377162911206,0
82,81,560,520,20,critical_zone,11,750,650,15,30.9637565320735,120,230.271578793389,-67.2990316061181,1.85661443787712,-65.442417168241,-145.619655276155,-0.232610113262954,-145.852265389418,0
82,81,560,520,20,critical_zone,12,750,550,15,11.3099324740202,120,192.418814048939,-65.7391755061646,-0.723572980133102,-66.4627484862977,-171.027373385104,0.268016254982156,-170.759357130121,0
82,81,560,520,20,critical_zone,13,750,450,15,-11.3099324740202,120,202.546291005291,-66.1847107314834,-1.48827835987568,-67.6729890913591,159.775140568832,0.34027070175237,160.115411270584,0
82,81,560,520,20,critical_zone,14,750,350,15,-30.9637565320735,120,255,-68.1850284429112,-2.80574504157789,-70.9907734844891,138.179830119864,0.0894353480669029,138.269265467931,0
82,81,560,520,20,critical_zone,15,750,300,15,-38.6598082540901,120,290.731835202133,-69.3240766286102,-0.233802530281879,-69.5578791588921,130.815083874882,0.241331042349039,131.056414917231,0
82,81,560,520,20,critical_zone,16,700,300,15,-45,120,260.816027114899,-68.3809103387501,-0.733788890589074,-69.1146992293392,122.471192290848,-0.061310495706216,122.409881795142,0
82,81,560,520,20,critical_zone,17,600,300,15,-63.434948822922,120,223.66269246345,-67.0460958073146,-0.479054371427631,-67.5251501787422,100.304846468766,0.447234541764969,100.752081010531,0
82,81,560,520,20,critical_zone,18,400,300,15,-116.565051177078,120,272.075357208256,-68.7480089948455,-0.154688885638303,-68.9026978804838,53.9726266148964,-0.202015398862457,53.770611216034,0
82,81,560,520,20,critical_zone,19,300,300,15,-135,120,340.624426605022,-70.6997406051428,2.74938012305908,-67.9503604820837,40.2363583092738,0.38974162845855,40.6260999377324,0
82,81,560,520,20,critical_zone,20,300,500,15,180,120,260.816027114899,-68.3809103387501,0.252577019580348,-68.1283333191697,4.39870535499553,-0.358290259523163,4.04041509547238,0
82,81,560,520,20,critical_zone,21,500,350,15,-90,120,180.346887968714,-65.1763978865683,-0.115420662958237,-65.2918185495266,70.5599651718238,-0.228160520372425,70.3318046514514,0
82,81,560,520,20,critical_zone,22,700,500,15,0,120,141.509716980849,-63.0699500817949,0.243675093881174,-62.8262749879137,171.869897645844,-0.810532050101437,171.059365595743,0
82,81,560,520,20,critical_zone,23,500,650,15,90,120,143.265487818944,-63.1770564921469,-0.344656036895759,-63.5217125290427,-65.2248594311681,0.20878627004432,-65.0160731611238,0
83,82,560,520,20,critical_zone,0,250,300,15,-141.34019174591,120,380.164438105407,-71.6536546147036,-0.0825222054056423,-71.7361768201093,35.3624618870691,0.692865976018582,36.0553278630876,0
83,82,560,520,20,critical_zone,1,250,350,15,-149.036243467926,120,353.588744164743,-71.0241934664292,-1.77642881943755,-72.8006222858667,28.739795291688,0.358524967135746,29.0983202588238,0
83,82,560,520,20,critical_zone,2,250,450,15,-168.69006752598,120,317.844301506256,-70.098513425379,2.10045697127163,-67.9980564541073,12.7243556854224,-0.274766919747124,12.4495887656752,0
83,82,560,520,20,critical_zone,3,250,550,15,168.69006752598,120,311.48836254345,-69.9230613483526,-0.268994757949116,-70.1920561063017,-5.52754015165617,0.655556865153562,-4.8719832865026,0
83,82,560,520,20,critical_zone,4,250,650,15,149.036243467926,120,336.191909480285,-70.5859699912954,1.20920400557615,-69.3767659857193,-22.7509763427876,-1.06272393334537,-23.813700276133,0
83,82,560,520,20,critical_zone,5,250,700,15,141.34019174591,120,358.503835404867,-71.1441009596228,-0.890198993662018,-72.0342999532849,-30.1413855520753,0.225286133350482,-29.9160994187249,0
83,82,560,520,20,critical_zone,6,300,700,15,135,120,316.267292017369,-70.0553104347425,-0.625047132691491,-70.680357567434,-34.695153531234,-0.172818359874933,-34.8679718911089,0
83,82,560,520,20,critical_zone,7,400,700,15,116.565051177078,120,240.883789408918,-67.6903763255117,-1.91606666771608,-69.6064429932277,-48.3664606634298,0.0930368364294617,-48.2734238270003,0
83,82,560,520,20,critical_zone,8,600,700,15,63.434948822922,120,184.458667456967,-65.3722061729858,0.678212575888725,-64.6939935970971,-102.528807709152,-0.854281726264701,-103.383089435416,0
83,82,560,520,20,critical_zone,9,700,700,15,45,120,228.089894559141,-67.2163457230688,-0.433256973857921,-67.6496026969267,-127.874983651098,-0.578947933472781,-128.453931584571,0
83,82,560,520,20,critical_zone,10,750,700,15,38.6598082540901,120,261.772802254168,-68.4127152763475,0.541365401923911,-67.8713498744236,-136.548157698978,-0.279792459248278,-136.827950158226,0
83,82,560,520,20,critical_zone,11,750,650,15,30.9637565320735,120,230.271578793389,-67.2990316061181,-0.70528438849219,-68.0043159946103,-145.619655276155,-0.113775720525241,-145.73343099668,0
83,82,560,520,20,critical_zone,12,750,550,15,11.3099324740202,120,192.418814048939,-65.7391755061646,-0.497748983811398,-66.236924489976,-171.027373385104,-0.324611472018676,-171.351984857122,0
83,82,560,520,20,critical_zone,13,750,450,15,-11.3099324740202,120,202.546291005291,-66.1847107314834,-0.478071198068632,-66.6627819295521,159.775140568832,-0.335863422639448,159.439277146192,0
83,82,560,520,20,critical_zone,14,750,350,15,-30.9637565320735,120,255,-68.1850284429112,-0.393677311440006,-68.5787057543512,138.179830119864,0.503049125091085,138.682879244955,0
83,82,560,520,20,critical_zone,15,750,300,15,-38.6598082540901,120,290.731835202133,-69.3240766286102,1.79546646289011,-67.5286101657201,130.815083874882,-0.436644844316137,130.378439030565,0
83,82,560,520,20,critical_zone,16,700,300,15,-45,120,260.816027114899,-68.3809103387501,0.236519722180947,-68.1443906165691,122.471192290848,-0.238598634169401,122.232593656679,0
83,82,560,520,20,critical_zone,17,600,300,15,-63.434948822922,120,223.66269246345,-67.0460958073146,0.0277469083397854,-67.0183488989748,100.304846468766,0.209101585685317,100.513948054451,0
83,82,560,520,20,critical_zone,18,400,300,15,-116.565051177078,120,272.075357208256,-68.7480089948455,0.312633568326278,-68.4353754265192,53.9726266148964,-0.258717162248889,53.7139094526475,0
83,82,560,520,20,critical_zone,19,300,300,15,-135,120,340.624426605022,-70.6997406051428,-0.975984122472918,-71.6757247276157,40.2363583092738,-0.055603005145929,40.1807553041279,0
83,82,560,520,20,critical_zone,20,300,500,15,180,120,260.816027114899,-68.3809103387501,0.00466001921059017,-68.3762503195395,4.39870535499553,0.0590808249963545,4.4577861799919,0
83,82,560,520,20,critical_zone,21,500,350,15,-90,120,180.346887968714,-65.1763978865683,-0.292127801099198,-65.4685256876675,70.5599651718238,-0.223532354502332,70.3364328173215,0
83,82,560,520,20,critical_zone,22,700,500,15,0,120,141.509716980849,-63.0699500817949,0.275392543685702,-62.7945575381092,171.869897645844,-0.0456700374365513,171.824227608407,0
83,82,560,520,20,critical_zone,23,500,650,15,90,120,143.265487818944,-63.1770564921469,0.962974544744846,-62.2140819474021,-65.2248594311681,-0.018469226831031,-65.2433286579991,0
84,83,560,520,20,critical_zone,0,250,300,15,-141.34019174591,120,380.164438105407,-71.6536546147036,-0.107456670268655,-71.7611112849723,35.3624618870691,-0.251408425272777,35.1110534617963,0
84,83,560,520,20,critical_zone,1,250,350,15,-149.036243467926,120,353.588744164743,-71.0241934664292,-1.03519207068213,-72.0593855371113,28.739795291688,-0.453052911285872,28.2867423804022,0
84,83,560,520,20,critical_zone,2,250,450,15,-168.69006752598,120,317.844301506256,-70.098513425379,-1.43754468542026,-71.5360581107992,12.7243556854224,-0.0572358761282751,12.6671198092941,0
84,83,560,520,20,critical_zone,3,250,550,15,168.69006752598,120,311.48836254345,-69.9230613483526,-0.773419564868865,-70.6964809132215,-5.52754015165617,0.661080348201002,-4.86645980345517,0
84,83,560,520,20,critical_zone,4,250,650,15,149.036243467926,120,336.191909480285,-70.5859699912954,0.38620982868413,-70.1997601626113,-22.7509763427876,0.128645920382006,-22.6223304224056,0
84,83,560,520,20,critical_zone,5,250,700,15,141.34019174591,120,358.503835404867,-71.1441009596228,0.362575869919166,-70.7815250897037,-30.1413855520753,0.0786187652551639,-30.0627667868202,0
84,83,560,520,20,critical_zone,6,300,700,15,135,120,316.267292017369,-70.0553104347425,-0.527275802058025,-70.5825862368005,-34.695153531234,-0.717719597178375,-35.4128731284123,0
84,83,560,520,20,critical_zone,7,400,700,15,116.565051177078,120,240.883789408918,-67.6903763255117,-1.77895546550463,-69.4693317910163,-48.3664606634298,0.11222154050737,-48.2542391229224,0
84,83,560,520,20,critical_zone,8,600,700,15,63.434948822922,120,184.458667456967,-65.3722061729858,0.851364712096132,-64.5208414608897,-102.528807709152,0.909318569377097,-101.619489139774,0
84,83,560,520,20,critical_zone,9,700,700,15,45,120,228.089894559141,-67.2163457230688,-0.0445228137520796,-67.2608685368209,-127.874983651098,0.00232791900865816,-127.87265573209,0
84,83,560,520,20,critical_zone,10,750,700,15,38.6598082540901,120,261.772802254168,-68.4127152763475,1.80891557381267,-66.6037997025348,-136.548157698978,-0.216994305147215,-136.765152004125,0
84,83,560,520,20,critical_zone,11,750,650,15,30.9637565320735,120,230.271578793389,-67.2990316061181,-0.649982742535388,-67.9490143486535,-145.619655276155,0.067319763947578,-145.552335512208,0
84,83,560,520,20,critical_zone,12,750,550,15,11.3099324740202,120,192.418814048939,-65.7391755061646,1.37056899251878,-64.3686065136458,-171.027373385104,-0.0453900266442081,-171.072763411748,0
84,83,560,520,20,critical_zone,13,750,450,15,-11.3099324740202,120,202.546291005291,-66.1847107314834,0.318932885914389,-65.865777845569,159.775140568832,-0.0199488553595752,159.755191713472,0
84,83,560,520,20,critical_zone,14,750,350,15,-30.9637565320735,120,255,-68.1850284429112,-1.90723363955881,-70.09226208247,138.179830119864,-0.634291795434432,137.54553832443,0
84,83,560,520,20,critical_zone,15,750,300,15,-38.6598082540901,120,290.731835202133,-69.3240766286102,0.0674680012333777,-69.2566086273768,130.815083874882,-0.693827355869327,130.121256519012,0
84,83,560,520,20,critical_zone,16,700,300,15,-45,120,260.816027114899,-68.3809103387501,0.370248357100283,-68.0106619816498,122.471192290848,0.67969955325185,123.1508918441,0
84,83,560,520,20,critical_zone,17,600,300,15,-63.434948822922,120,223.66269246345,-67.0460958073146,-0.134044690819518,-67.1801404981341,100.304846468766,0.0567739677055129,100.361620436472,0
84,83,560,520,20,critical_zone,18,400,300,15,-116.565051177078,120,272.075357208256,-68.7480089948455,-0.0354371941347445,-68.7834461889802,53.9726266148964,-0.430315236311256,53.5423113785851,0
84,83,560,520,20,critical_zone,19,300,300,15,-135,120,340.624426605022,-70.6997406051428,0.271857835973216,-70.4278827691696,40.2363583092738,0.447256118796111,40.6836144280699,0
84,83,560,520,20,critical_zone,20,300,500,15,180,120,260.816027114899,-68.3809103387501,-0.737490166825151,-69.1184005055752,4.39870535499553,-0.00778800964217285,4.39091734535336,0
84,83,560,520,20,critical_zone,21,500,350,15,-90,120,180.346887968714,-65.1763978865683,0.772202247485582,-64.4041956390828,70.5599651718238,-0.698066673358679,69.8618984984651,0
84,83,560,520,20,critical_zone,22,700,500,15,0,120,141.509716980849,-63.0699500817949,-0.0192232093069854,-63.0891732911019,171.869897645844,-0.152711433200983,171.717186212643,0
84,83,560,520,20,critical_zone,23,500,650,15,90,120,143.265487818944,-63.1770564921469,0.590839089443416,-62.5862174027035,-65.2248594311681,-0.762985293080968,-65.9878447242491,0
85,84,560,520,20,critical_zone,0,250,300,15,-141.34019174591,120,380.164438105407,-71.6536546147036,0.725072265055449,-70.9285823496482,35.3624618870691,0.659070098073343,36.0215319851424,0
85,84,560,520,20,critical_zone,1,250,350,15,-149.036243467926,120,353.588744164743,-71.0241934664292,0.0784007909197516,-70.9457926755094,28.739795291688,-0.355491081960088,28.384304209728,0
85,84,560,520,20,critical_zone,2,250,450,15,-168.69006752598,120,317.844301506256,-70.098513425379,1.58015084528558,-68.5183625800934,12.7243556854224,-0.301596703658211,12.4227589817642,0
85,84,560,520,20,critical_zone,3,250,550,15,168.69006752598,120,311.48836254345,-69.9230613483526,1.97503528659124,-67.9480260617614,-5.52754015165617,-0.557422533917787,-6.08496268557397,0
85,84,560,520,20,critical_zone,4,250,650,15,149.036243467926,120,336.191909480285,-70.5859699912954,-0.480782108804123,-71.0667521000995,-22.7509763427876,0.227308231398938,-22.5236681113887,0
85,84,560,520,20,critical_zone,5,250,700,15,141.34019174591,120,358.503835404867,-71.1441009596228,0.857337571306625,-70.2867633883162,-30.1413855520753,0.0275053781909247,-30.1138801738844,0
85,84,560,520,20,critical_zone,6,300,700,15,135,120,316.267292017369,-70.0553104347425,0.614118122488964,-69.4411923122535,-34.695153531234,0.496557230477406,-34.1985963007565,0
85,84,560,520,20,critical_zone,7,400,700,15,116.565051177078,120,240.883789408918,-67.6903763255117,1.23067350479911,-66.4597028207126,-48.3664606634298,0.124624843300499,-48.2418358201293,0
85,84,560,520,20,critical_zone,8,600,700,15,63.434948822922,120,184.458667456967,-65.3722061729858,0.598064223310448,-64.7741419496754,-102.528807709152,0.411012820156676,-102.117794888995,0
85,84,560,520,20,critical_zone,9,700,700,15,45,120,228.089894559141,-67.2163457230688,0.640294488909666,-66.5760512341591,-127.874983651098,0.62499003419315,-127.249993616905,0
85,84,560,520,20,critical_zone,10,750,700,15,38.6598082540901,120,261.772802254168,-68.4127152763475,1.37367618511737,-67.0390390912301,-136.548157698978,0.336356235856029,-136.211801463122,0
85,84,560,520,20,critical_zone,11,750,650,15,30.9637565320735,120,230.271578793389,-67.2990316061181,1.49391107373011,-65.805120532388,-145.619655276155,-0.154449591932002,-145.774104868087,0
85,84,560,520,20,critical_zone,12,750,550,15,11.3099324740202,120,192.418814048939,-65.7391755061646,-0.343725101310052,-66.0829006074746,-171.027373385104,-0.754577826982816,-171.781951212086,0
85,84,560,520,20,critical_zone,13,750,450,15,-11.3099324740202,120,202.546291005291,-66.1847107314834,-0.982556783619427,-67.1672675151028,159.775140568832,-0.312530917699238,159.462609651133,0
85,84,560,520,20,critical_zone,14,750,350,15,-30.9637565320735,120,255,-68.1850284429112,0.581348809669889,-67.6036796332413,138.179830119864,-0.7173648842087,137.462465235656,0
85,84,560,520,20,critical_zone,15,750,300,15,-38.6598082540901,120,290.731835202133,-69.3240766286102,-0.306658605193056,-69.6307352338032,130.815083874882,0.223279254980826,131.038363129862,0
85,84,560,520,20,critical_zone,16,700,300,15,-45,120,260.816027114899,-68.3809103387501,0.996346141754489,-67.3845641969956,122.471192290848,0.330280145807787,122.801472436656,0
85,84,560,520,20,critical_zone,17,600,300,15,-63.434948822922,120,223.66269246345,-67.0460958073146,0.588730789202902,-66.4573650181117,100.304846468766,-1.00601886463641,99.2988276041297,0
85,84,560,520,20,critical_zone,18,400,300,15,-116.565051177078,120,272.075357208256,-68.7480089948455,0.304180324288399,-68.4438286705571,53.9726266148964,-0.943976469981294,53.0286501449151,0
85,84,560,520,20,critical_zone,19,300,300,15,-135,120,340.624426605022,-70.6997406051428,1.16528621326295,-69.5344543918798,40.2363583092738,0.0923008172729717,40.3286591265468,0
85,84,560,520,20,critical_zone,20,300,500,15,180,120,260.816027114899,-68.3809103387501,-0.622949744882737,-69.0038600836328,4.39870535499553,-0.0153290572334839,4.38337629776206,0
85,84,560,520,20,critical_zone,21,500,350,15,-90,120,180.346887968714,-65.1763978865683,-0.104103409803987,-65.2805012963723,70.5599651718238,0.0334226136483998,70.5933877854722,0
85,84,560,520,20,critical_zone,22,700,500,15,0,120,141.509716980849,-63.0699500817949,-0.298611666855765,-63.3685617486506,171.869897645844,-0.467027551468103,171.402870094376,0
85,84,560,520,20,critical_zone,23,500,650,15,90,120,143.265487818944,-63.1770564921469,0.374319191316009,-62.8027373008309,-65.2248594311681,0.0479122703015525,-65.1769471608665,0
86,85,560,520,20,critical_zone,0,250,300,15,-141.34019174591,120,380.164438105407,-71.6536546147036,-0.983738233104244,-72.6373928478079,35.3624618870691,-0.195778501735815,35.1666833853332,0
86,85,560,520,20,critical_zone,1,250,350,15,-149.036243467926,120,353.588744164743,-71.0241934664292,0.00662994699134142,-71.0175635194378,28.739795291688,-0.0616982895408782,28.6780970021472,0
86,85,560,520,20,critical_zone,2,250,450,15,-168.69006752598,120,317.844301506256,-70.098513425379,1.791592318783,-68.306921106596,12.7243556854224,0.19611124382913,12.9204669292515,0
86,85,560,520,20,critical_zone,3,250,550,15,168.69006752598,120,311.48836254345,-69.9230613483526,0.302170265988572,-69.6208910823641,-5.52754015165617,-0.821885582834968,-6.34942573449115,0
86,85,560,520,20,critical_zone,4,250,650,15,149.036243467926,120,336.191909480285,-70.5859699912954,-1.48891558627882,-72.0748855775742,-22.7509763427876,-0.783634974570444,-23.5346113173581,0
86,85,560,520,20,critical_zone,5,250,700,15,141.34019174591,120,358.503835404867,-71.1441009596228,0.939746568632631,-70.2043543909902,-30.1413855520753,0.811540666765562,-29.3298448853098,0
86,85,560,520,20,critical_zone,6,300,700,15,135,120,316.267292017369,-70.0553104347425,1.16231397200731,-68.8929964627352,-34.695153531234,-0.363718149842805,-35.0588716810768,0
86,85,560,520,20,critical_zone,7,400,700,15,116.565051177078,120,240.883789408918,-67.6903763255117,1.75749733276454,-65.9328789927471,-48.3664606634298,-0.433575030300091,-48.8000356937299,0
86,85,560,520,20,critical_zone,8,600,700,15,63.434948822922,120,184.458667456967,-65.3722061729858,-0.754668078199847,-66.1268742511857,-102.528807709152,-0.0623883865448097,-102.591196095696,0
86,85,560,520,20,critical_zone,9,700,700,15,45,120,228.089894559141,-67.2163457230688,0.49664899132766,-66.7196967317411,-127.874983651098,-0.594140770585539,-128.469124421684,0
86,85,560,520,20,critical_zone,10,750,700,15,38.6598082540901,120,261.772802254168,-68.4127152763475,0.315775689983107,-68.0969395863644,-136.548157698978,-0.0566737465996437,-136.604831445578,0
86,85,560,520,20,critical_zone,11,750,650,15,30.9637565320735,120,230.271578793389,-67.2990316061181,-2.22499289817128,-69.5240245042894,-145.619655276155,0.0196698342798873,-145.599985441875,0
86,85,560,520,20,critical_zone,12,750,550,15,11.3099324740202,120,192.418814048939,-65.7391755061646,-1.68490208392853,-67.4240775900931,-171.027373385104,-0.0565158047875436,-171.083889189891,0
86,85,560,520,20,critical_zone,13,750,450,15,-11.3099324740202,120,202.546291005291,-66.1847107314834,-1.14737270946387,-67.3320834409473,159.775140568832,0.344471819668695,160.119612388501,0
86,85,560,520,20,critical_zone,14,750,350,15,-30.9637565320735,120,255,-68.1850284429112,0.596157580170335,-67.5888708627409,138.179830119864,-0.425996444883323,137.753833674981,0
86,85,560,520,20,critical_zone,15,750,300,15,-38.6598082540901,120,290.731835202133,-69.3240766286102,-1.61365481365962,-70.9377314422698,130.815083874882,0.171527590972501,130.986611465854,0
86,85,560,520,20,critical_zone,16,700,300,15,-45,120,260.816027114899,-68.3809103387501,-0.591965141149165,-68.9728754798992,122.471192290848,0.352949769311155,122.82414206016,0
86,85,560,520,20,critical_zone,17,600,300,15,-63.434948822922,120,223.66269246345,-67.0460958073146,-1.92831343445419,-68.9744092417688,100.304846468766,0.27483788180376,100.57968435057,0
86,85,560,520,20,critical_zone,18,400,300,15,-116.565051177078,120,272.075357208256,-68.7480089948455,1.18656383225246,-67.561445162593,53.9726266148964,-0.606965759460804,53.3656608554356,0
86,85,560,520,20,critical_zone,19,300,300,15,-135,120,340.624426605022,-70.6997406051428,1.21891738105448,-69.4808232240883,40.2363583092738,-0.111434990568739,40.1249233187051,0
86,85,560,520,20,critical_zone,20,300,500,15,180,120,260.816027114899,-68.3809103387501,-1.14774235613427,-69.5286526948844,4.39870535499553,0.546400071140895,4.94510542613642,0
86,85,560,520,20,critical_zone,21,500,350,15,-90,120,180.346887968714,-65.1763978865683,0.135572369521724,-65.0408255170466,70.5599651718238,-0.810993849323416,69.7489713225004,0
86,85,560,520,20,critical_zone,22,700,500,15,0,120,141.509716980849,-63.0699500817949,-1.19879746392513,-64.26874754572,171.869897645844,0.715754706234028,172.585652352078,0
86,85,560,520,20,critical_zone,23,500,650,15,90,120,143.265487818944,-63.1770564921469,-0.280107106987437,-63.4571635991343,-65.2248594311681,0.722774169631101,-64.502085261537,0
87,86,560,520,20,critical_zone,0,250,300,15,-141.34019174591,120,380.164438105407,-71.6536546147036,0.273462190931787,-71.3801924237719,35.3624618870691,0.288506425528039,35.6509683125971,0
87,86,560,520,20,critical_zone,1,250,350,15,-149.036243467926,120,353.588744164743,-71.0241934664292,0.822994905596058,-70.2011985608331,28.739795291688,0.0873404174013607,28.8271357090894,0
87,86,560,520,20,critical_zone,2,250,450,15,-168.69006752598,120,317.844301506256,-70.098513425379,1.62650671535524,-68.4720067100237,12.7243556854224,-0.465056388119336,12.259299297303,0
87,86,560,520,20,critical_zone,3,250,550,15,168.69006752598,120,311.48836254345,-69.9230613483526,0.818166930240871,-69.1048944181118,-5.52754015165617,0.128942949436896,-5.39859720221926,0
87,86,560,520,20,critical_zone,4,250,650,15,149.036243467926,120,336.191909480285,-70.5859699912954,-1.25453038642014,-71.8405003777156,-22.7509763427876,-0.218997149128243,-22.9699734919159,0
87,86,560,520,20,critical_zone,5,250,700,15,141.34019174591,120,358.503835404867,-71.1441009596228,-0.841104828092537,-71.9852057877154,-30.1413855520753,-0.0782414489145665,-30.2196270009899,0
87,86,560,520,20,critical_zone,6,300,700,15,135,120,316.267292017369,-70.0553104347425,1.61531320889773,-68.4399972258447,-34.695153531234,0.354140297871875,-34.3410132333621,0
87,86,560,520,20,critical_zone,7,400,700,15,116.565051177078,120,240.883789408918,-67.6903763255117,-0.77512256278914,-68.4654988883008,-48.3664606634298,-0.113457224519389,-48.4799178879492,0
87,86,560,520,20,critical_zone,8,600,700,15,63.434948822922,120,184.458667456967,-65.3722061729858,1.55941835811532,-63.8127878148705,-102.528807709152,-0.0615667600527449,-102.590374469204,0
87,86,560,520,20,critical_zone,9,700,700,15,45,120,228.089894559141,-67.2163457230688,-1.06629571170565,-68.2826414347744,-127.874983651098,0.129521659537723,-127.74546199156,0
87,86,560,520,20,critical_zone,10,750,700,15,38.6598082540901,120,261.772802254168,-68.4127152763475,-0.0425987826317748,-68.4553140589793,-136.548157698978,0.146887495123665,-136.401270203854,0
87,86,560,520,20,critical_zone,11,750,650,15,30.9637565320735,120,230.271578793389,-67.2990316061181,0.783675053697456,-66.5153565524206,-145.619655276155,-0.0459862556500845,-145.665641531805,0
87,86,560,520,20,critical_zone,12,750,550,15,11.3099324740202,120,192.418814048939,-65.7391755061646,0.00194939578844652,-65.7372261103761,-171.027373385104,0.109458022257652,-170.917915362846,0
87,86,560,520,20,critical_zone,13,750,450,15,-11.3099324740202,120,202.546291005291,-66.1847107314834,0.92409082444979,-65.2606199070336,159.775140568832,-0.234152433176311,159.540988135656,0
87,86,560,520,20,critical_zone,14,750,350,15,-30.9637565320735,120,255,-68.1850284429112,1.49520851335628,-66.6898199295549,138.179830119864,0.941384416051955,139.121214535916,0
87,86,560,520,20,critical_zone,15,750,300,15,-38.6598082540901,120,290.731835202133,-69.3240766286102,0.802604880703717,-68.5214717479065,130.815083874882,-0.218030991331955,130.59705288355,0
87,86,560,520,20,critical_zone,16,700,300,15,-45,120,260.816027114899,-68.3809103387501,-0.377770491883829,-68.7586808306339,122.471192290848,0.646036888222649,123.117229179071,0
87,86,560,520,20,critical_zone,17,600,300,15,-63.434948822922,120,223.66269246345,-67.0460958073146,0.653842116967782,-66.3922536903468,100.304846468766,0.524109008948583,100.828955477715,0
87,86,560,520,20,critical_zone,18,400,300,15,-116.565051177078,120,272.075357208256,-68.7480089948455,-0.0559877101819919,-68.8039967050275,53.9726266148964,-0.875289153312701,53.0973374615837,0
87,86,560,520,20,critical_zone,19,300,300,15,-135,120,340.624426605022,-70.6997406051428,0.831969796034495,-69.8677708091083,40.2363583092738,0.440908648988497,40.6772669582623,0
87,86,560,520,20,critical_zone,20,300,500,15,180,120,260.816027114899,-68.3809103387501,-0.130110559605675,-68.5110208983558,4.39870535499553,0.468555952212113,4.86726130720766,0
87,86,560,520,20,critical_zone,21,500,350,15,-90,120,180.346887968714,-65.1763978865683,0.436752752812955,-64.7396451337554,70.5599651718238,-0.593628999819763,69.966336172004,0
87,86,560,520,20,critical_zone,22,700,500,15,0,120,141.509716980849,-63.0699500817949,-0.38960198363914,-63.459552065434,171.869897645844,0.347811055370665,172.217708701215,0
87,86,560,520,20,critical_zone,23,500,650,15,90,120,143.265487818944,-63.1770564921469,0.4587862349906,-62.7182702571563,-65.2248594311681,0.0498593507668886,-65.1750000804012,0
88,87,560,520,20,critical_zone,0,250,300,15,-141.34019174591,120,380.164438105407,-71.6536546147036,1.3504294497814,-70.3032251649222,35.3624618870691,0.295147568613251,35.6576094556823,0
88,87,560,520,20,critical_zone,1,250,350,15,-149.036243467926,120,353.588744164743,-71.0241934664292,-0.287252336553584,-71.3114458029827,28.739795291688,1.32494923587115,30.0647445275592,0
88,87,560,520,20,critical_zone,2,250,450,15,-168.69006752598,120,317.844301506256,-70.098513425379,-0.365216962229928,-70.4637303876089,12.7243556854224,-0.524731922705245,12.1996237627171,0
88,87,560,520,20,critical_zone,3,250,550,15,168.69006752598,120,311.48836254345,-69.9230613483526,1.87407505026631,-68.0489862980863,-5.52754015165617,-0.00782939011433331,-5.53536954177051,0
88,87,560,520,20,critical_zone,4,250,650,15,149.036243467926,120,336.191909480285,-70.5859699912954,1.16113830340472,-69.4248316878907,-22.7509763427876,0.457994113594247,-22.2929822291934,0
88,87,560,520,20,critical_zone,5,250,700,15,141.34019174591,120,358.503835404867,-71.1441009596228,-1.54257519025605,-72.6866761498789,-30.1413855520753,0.0761814620190175,-30.0652040900563,0
88,87,560,520,20,critical_zone,6,300,700,15,135,120,316.267292017369,-70.0553104347425,-0.842123901109474,-70.8974343358519,-34.695153531234,-0.580222262936173,-35.2753757941701,0
88,87,560,520,20,critical_zone,7,400,700,15,116.565051177078,120,240.883789408918,-67.6903763255117,-2.23165294185771,-69.9220292673694,-48.3664606634298,0.167690418089442,-48.1987702453404,0
88,87,560,520,20,critical_zone,8,600,700,15,63.434948822922,120,184.458667456967,-65.3722061729858,-0.50212846465192,-65.8743346376378,-102.528807709152,-0.397376728831506,-102.926184437983,0
88,87,560,520,20,critical_zone,9,700,700,15,45,120,228.089894559141,-67.2163457230688,1.16857266286494,-66.0477730602038,-127.874983651098,0.152423753746838,-127.722559897351,0
88,87,560,520,20,critical_zone,10,750,700,15,38.6598082540901,120,261.772802254168,-68.4127152763475,1.47551387675884,-66.9372013995886,-136.548157698978,0.491950497078206,-136.0562072019,0
88,87,560,520,20,critical_zone,11,750,650,15,30.9637565320735,120,230.271578793389,-67.2990316061181,-2.6933508222895,-69.9923824284076,-145.619655276155,0.135764864740523,-145.483890411415,0
88,87,560,520,20,critical_zone,12,750,550,15,11.3099324740202,120,192.418814048939,-65.7391755061646,0.222671818934164,-65.5165036872304,-171.027373385104,-0.287254897933218,-171.314628283037,0
88,87,560,520,20,critical_zone,13,750,450,15,-11.3099324740202,120,202.546291005291,-66.1847107314834,-1.99195448340357,-68.176665214887,159.775140568832,0.705170888108539,160.48031145694,0
88,87,560,520,20,critical_zone,14,750,350,15,-30.9637565320735,120,255,-68.1850284429112,-1.55551473840373,-69.740543181315,138.179830119864,-0.106809149860648,138.073020970004,0
88,87,560,520,20,critical_zone,15,750,300,15,-38.6598082540901,120,290.731835202133,-69.3240766286102,0.784531604364593,-68.5395450242456,130.815083874882,0.503814752408293,131.31889862729,0
88,87,560,520,20,critical_zone,16,700,300,15,-45,120,260.816027114899,-68.3809103387501,0.0706873429779946,-68.3102229957721,122.471192290848,1.26731229248299,123.738504583332,0
88,87,560,520,20,critical_zone,17,600,300,15,-63.434948822922,120,223.66269246345,-67.0460958073146,-0.228168423979882,-67.2742642312945,100.304846468766,-0.428097103097317,99.8767493656687,0
88,87,560,520,20,critical_zone,18,400,300,15,-116.565051177078,120,272.075357208256,-68.7480089948455,1.03431489077914,-67.7136941040663,53.9726266148964,0.00671094113316837,53.9793375560296,0
88,87,560,520,20,critical_zone,19,300,300,15,-135,120,340.624426605022,-70.6997406051428,-0.73032899603377,-71.4300696011766,40.2363583092738,-0.955883161840218,39.2804751474336,0
88,87,560,520,20,critical_zone,20,300,500,15,180,120,260.816027114899,-68.3809103387501,-1.14687178526713,-69.5277821240172,4.39870535499553,-0.0835964679050859,4.31510888709045,0
88,87,560,520,20,critical_zone,21,500,350,15,-90,120,180.346887968714,-65.1763978865683,-2.36138491255816,-67.5377827991265,70.5599651718238,0.183681155600543,70.7436463274244,0
88,87,560,520,20,critical_zone,22,700,500,15,0,120,141.509716980849,-63.0699500817949,-0.314753110854542,-63.3847031926494,171.869897645844,0.243256191490961,172.113153837335,0
88,87,560,520,20,critical_zone,23,500,650,15,90,120,143.265487818944,-63.1770564921469,-1.14289961327751,-64.3199561054244,-65.2248594311681,-0.102205038405081,-65.3270644695732,0
89,88,560,520,20,critical_zone,0,250,300,15,-141.34019174591,120,380.164438105407,-71.6536546147036,-0.124034865101296,-71.7776894798049,35.3624618870691,1.0263526497132,36.3888145367823,0
89,88,560,520,20,critical_zone,1,250,350,15,-149.036243467926,120,353.588744164743,-71.0241934664292,0.706581538214451,-70.3176119282147,28.739795291688,0.226506357639494,28.9663016493275,0
89,88,560,520,20,critical_zone,2,250,450,15,-168.69006752598,120,317.844301506256,-70.098513425379,0.43455964729181,-69.6639537780872,12.7243556854224,-0.034939094022348,12.6894165914,0
89,88,560,520,20,critical_zone,3,250,550,15,168.69006752598,120,311.48836254345,-69.9230613483526,-0.0449278761185912,-69.9679892244712,-5.52754015165617,0.0569006585228668,-5.47063949313332,0
89,88,560,520,20,critical_zone,4,250,650,15,149.036243467926,120,336.191909480285,-70.5859699912954,-1.24829153855115,-71.8342615298466,-22.7509763427876,-0.64591710607905,-23.3968934488667,0
89,88,560,520,20,critical_zone,5,250,700,15,141.34019174591,120,358.503835404867,-71.1441009596228,1.0423120672951,-70.1017888923277,-30.1413855520753,0.135965626938991,-30.0054199251364,0
89,88,560,520,20,critical_zone,6,300,700,15,135,120,316.267292017369,-70.0553104347425,0.199428634041,-69.8558818007015,-34.695153531234,0.681451322947035,-34.0137022082869,0
89,88,560,520,20,critical_zone,7,400,700,15,116.565051177078,120,240.883789408918,-67.6903763255117,-1.12032101569554,-68.8106973412072,-48.3664606634298,0.0457709528608611,-48.320689710569,0
89,88,560,520,20,critical_zone,8,600,700,15,63.434948822922,120,184.458667456967,-65.3722061729858,2.11560283536078,-63.2566033376251,-102.528807709152,0.11373358168525,-102.415074127466,0
89,88,560,520,20,critical_zone,9,700,700,15,45,120,228.089894559141,-67.2163457230688,-1.19111360369254,-68.4074593267613,-127.874983651098,0.584825464325224,-127.290158186773,0
89,88,560,520,20,critical_zone,10,750,700,15,38.6598082540901,120,261.772802254168,-68.4127152763475,1.78154262431544,-66.631172652032,-136.548157698978,0.161650936573427,-136.386506762405,0
89,88,560,520,20,critical_zone,11,750,650,15,30.9637565320735,120,230.271578793389,-67.2990316061181,-1.40894388892513,-68.7079754950432,-145.619655276155,0.898500699912537,-144.721154576243,0
89,88,560,520,20,critical_zone,12,750,550,15,11.3099324740202,120,192.418814048939,-65.7391755061646,-0.5519231308327,-66.2910986369973,-171.027373385104,0.0910005730724844,-170.936372812031,0
89,88,560,520,20,critical_zone,13,750,450,15,-11.3099324740202,120,202.546291005291,-66.1847107314834,0.578851783155058,-65.6058589483284,159.775140568832,-0.457878557044262,159.317262011788,0
89,88,560,520,20,critical_zone,14,750,350,15,-30.9637565320735,120,255,-68.1850284429112,0.389280939672255,-67.795747503239,138.179830119864,-0.304666216719526,137.875163903145,0
89,88,560,520,20,critical_zone,15,750,300,15,-38.6598082540901,120,290.731835202133,-69.3240766286102,-0.727585609277901,-70.0516622378881,130.815083874882,-0.311743558504248,130.503340316377,0
89,88,560,520,20,critical_zone,16,700,300,15,-45,120,260.816027114899,-68.3809103387501,-0.661069228558166,-69.0419795673082,122.471192290848,0.378804004258273,122.849996295107,0
89,88,560,520,20,critical_zone,17,600,300,15,-63.434948822922,120,223.66269246345,-67.0460958073146,1.0496118472798,-65.9964839600348,100.304846468766,0.5279710269759,100.832817495742,0
89,88,560,520,20,critical_zone,18,400,300,15,-116.565051177078,120,272.075357208256,-68.7480089948455,0.243552703727454,-68.504456291118,53.9726266148964,0.484790025280207,54.4574166401766,0
89,88,560,520,20,critical_zone,19,300,300,15,-135,120,340.624426605022,-70.6997406051428,-0.346752597934401,-71.0464932030772,40.2363583092738,-0.267523292619611,39.9688350166542,0
89,88,560,520,20,critical_zone,20,300,500,15,180,120,260.816027114899,-68.3809103387501,-0.190674087066495,-68.5715844258166,4.39870535499553,0.552565208761775,4.9512705637573,0
89,88,560,520,20,critical_zone,21,500,350,15,-90,120,180.346887968714,-65.1763978865683,0.225427113676089,-64.9509707728922,70.5599651718238,0.41524025017782,70.9752054220016,0
89,88,560,520,20,critical_zone,22,700,500,15,0,120,141.509716980849,-63.0699500817949,0.00241279166047664,-63.0675372901344,171.869897645844,0.0602283337266579,171.930125979571,0
89,88,560,520,20,critical_zone,23,500,650,15,90,120,143.265487818944,-63.1770564921469,-0.933039118389746,-64.1100956105366,-65.2248594311681,0.419792710475631,-64.8050667206925,0
90,89,560,520,20,critical_zone,0,250,300,15,-141.34019174591,120,380.164438105407,-71.6536546147036,-0.701505180828115,-72.3551597955318,35.3624618870691,-0.262804966940989,35.0996569201281,0
90,89,560,520,20,critical_zone,1,250,350,15,-149.036243467926,120,353.588744164743,-71.0241934664292,-0.0227128998491427,-71.0469063662783,28.739795291688,1.19434347970988,29.9341387713979,0
90,89,560,520,20,critical_zone,2,250,450,15,-168.69006752598,120,317.844301506256,-70.098513425379,-0.580591092837987,-70.679104518217,12.7243556854224,0.234076721515081,12.9584324069374,0
90,89,560,520,20,critical_zone,3,250,550,15,168.69006752598,120,311.48836254345,-69.9230613483526,-0.796641290514016,-70.7197026388667,-5.52754015165617,-0.112507159110754,-5.64004731076693,0
90,89,560,520,20,critical_zone,4,250,650,15,149.036243467926,120,336.191909480285,-70.5859699912954,0.268280122636033,-70.3176898686594,-22.7509763427876,0.763049394596304,-21.9879269481913,0
90,89,560,520,20,critical_zone,5,250,700,15,141.34019174591,120,358.503835404867,-71.1441009596228,0.662069514343787,-70.4820314452791,-30.1413855520753,0.117663351969726,-30.0237222001056,0
90,89,560,520,20,critical_zone,6,300,700,15,135,120,316.267292017369,-70.0553104347425,1.32630816425663,-68.7290022704858,-34.695153531234,-0.483408432643358,-35.1785619638773,0
90,89,560,520,20,critical_zone,7,400,700,15,116.565051177078,120,240.883789408918,-67.6903763255117,0.633092726034728,-67.0572835994769,-48.3664606634298,0.889462855518802,-47.476997807911,0
90,89,560,520,20,critical_zone,8,600,700,15,63.434948822922,120,184.458667456967,-65.3722061729858,0.429693410577196,-64.9425127624086,-102.528807709152,-0.218916670934208,-102.747724380086,0
90,89,560,520,20,critical_zone,9,700,700,15,45,120,228.089894559141,-67.2163457230688,1.86053009882217,-65.3558156242466,-127.874983651098,0.399654798129,-127.475328852969,0
90,89,560,520,20,critical_zone,10,750,700,15,38.6598082540901,120,261.772802254168,-68.4127152763475,-2.24791180092605,-70.6606270772735,-136.548157698978,-0.701952922490394,-137.250110621468,0
90,89,560,520,20,critical_zone,11,750,650,15,30.9637565320735,120,230.271578793389,-67.2990316061181,-0.772569924793581,-68.0716015309117,-145.619655276155,0.920839903836318,-144.698815372319,0
90,89,560,520,20,critical_zone,12,750,550,15,11.3099324740202,120,192.418814048939,-65.7391755061646,0.639117202454118,-65.1000583037105,-171.027373385104,-0.174356560297333,-171.201729945401,0
90,89,560,520,20,critical_zone,13,750,450,15,-11.3099324740202,120,202.546291005291,-66.1847107314834,-1.62402645337704,-67.8087371848605,159.775140568832,0.0237951613784557,159.79893573021,0
90,89,560,520,20,critical_zone,14,750,350,15,-30.9637565320735,120,255,-68.1850284429112,1.2099810320573,-66.9750474108539,138.179830119864,0.42020562459537,138.60003574446,0
90,89,560,520,20,critical_zone,15,750,300,15,-38.6598082540901,120,290.731835202133,-69.3240766286102,1.51248362005999,-67.8115930085502,130.815083874882,0.164453788800095,130.979537663682,0
90,89,560,520,20,critical_zone,16,700,300,15,-45,120,260.816027114899,-68.3809103387501,-0.944229226182334,-69.3251395649324,122.471192290848,0.33207140411032,122.803263694959,0
90,89,560,520,20,critical_zone,17,600,300,15,-63.434948822922,120,223.66269246345,-67.0460958073146,-0.747605598391758,-67.7937014057064,100.304846468766,0.171289380365761,100.476135849132,0
90,89,560,520,20,critical_zone,18,400,300,15,-116.565051177078,120,272.075357208256,-68.7480089948455,-0.558361453317929,-69.3063704481634,53.9726266148964,-0.178895242766503,53.7937313721299,0
90,89,560,520,20,critical_zone,19,300,300,15,-135,120,340.624426605022,-70.6997406051428,-0.400898416227295,-71.1006390213701,40.2363583092738,-0.0219621655690644,40.2143961437048,0
90,89,560,520,20,critical_zone,20,300,500,15,180,120,260.816027114899,-68.3809103387501,0.426549042421449,-67.9543612963286,4.39870535499553,0.261639848356667,4.66034520335219,0
90,89,560,520,20,critical_zone,21,500,350,15,-90,120,180.346887968714,-65.1763978865683,-0.388213369337044,-65.5646112559054,70.5599651718238,-0.204834299189121,70.3551308726347,0
90,89,560,520,20,critical_zone,22,700,500,15,0,120,141.509716980849,-63.0699500817949,-0.929807358638373,-63.9997574404332,171.869897645844,0.0494739311429682,171.919371576987,0
90,89,560,520,20,critical_zone,23,500,650,15,90,120,143.265487818944,-63.1770564921469,1.16097376857397,-62.0160827235729,-65.2248594311681,-0.384079653217215,-65.6089390843853,0
91,90,560,520,20,critical_zone,0,250,300,15,-141.34019174591,120,380.164438105407,-71.6536546147036,-0.0731718815135423,-71.7268264962172,35.3624618870691,0.0999863923750283,35.4624482794441,0
91,90,560,520,20,critical_zone,1,250,350,15,-149.036243467926,120,353.588744164743,-71.0241934664292,-0.202186442637859,-71.226379909067,28.739795291688,-0.324570559753033,28.415224731935,0
91,90,560,520,20,critical_zone,2,250,450,15,-168.69006752598,120,317.844301506256,-70.098513425379,0.908357783223544,-69.1901556421554,12.7243556854224,0.318997066806342,13.0433527522287,0
91,90,560,520,20,critical_zone,3,250,550,15,168.69006752598,120,311.48836254345,-69.9230613483526,1.03005269345032,-68.8930086549023,-5.52754015165617,-0.587385429904248,-6.11492558156041,0
91,90,560,520,20,critical_zone,4,250,650,15,149.036243467926,120,336.191909480285,-70.5859699912954,-1.21500612684417,-71.8009761181396,-22.7509763427876,0.721979473739795,-22.0289968690478,0
91,90,560,520,20,critical_zone,5,250,700,15,141.34019174591,120,358.503835404867,-71.1441009596228,1.09699697739239,-70.0471039822305,-30.1413855520753,0.456595633501862,-29.6847899185735,0
91,90,560,520,20,critical_zone,6,300,700,15,135,120,316.267292017369,-70.0553104347425,-1.07617519569235,-71.1314856304348,-34.695153531234,0.160103510539969,-34.535050020694,0
91,90,560,520,20,critical_zone,7,400,700,15,116.565051177078,120,240.883789408918,-67.6903763255117,-0.369980228017531,-68.0603565535292,-48.3664606634298,-0.147805085771415,-48.5142657492012,0
91,90,560,520,20,critical_zone,8,600,700,15,63.434948822922,120,184.458667456967,-65.3722061729858,1.89703325386606,-63.4751729191198,-102.528807709152,-0.836400531417256,-103.365208240569,0
91,90,560,520,20,critical_zone,9,700,700,15,45,120,228.089894559141,-67.2163457230688,1.57304570175011,-65.6433000213187,-127.874983651098,0.107286399813015,-127.767697251285,0
91,90,560,520,20,critical_zone,10,750,700,15,38.6598082540901,120,261.772802254168,-68.4127152763475,2.0307544414796,-66.3819608348679,-136.548157698978,0.126858229597664,-136.42129946938,0
91,90,560,520,20,critical_zone,11,750,650,15,30.9637565320735,120,230.271578793389,-67.2990316061181,-1.08366478552109,-68.3826963916392,-145.619655276155,0.235355422850489,-145.384299853305,0
91,90,560,520,20,critical_zone,12,750,550,15,11.3099324740202,120,192.418814048939,-65.7391755061646,-0.995092779564963,-66.7342682857295,-171.027373385104,-1.21633106598585,-172.243704451089,0
91,90,560,520,20,critical_zone,13,750,450,15,-11.3099324740202,120,202.546291005291,-66.1847107314834,-0.0781572068128135,-66.2628679382962,159.775140568832,0.45194832954359,160.227088898376,0
91,90,560,520,20,critical_zone,14,750,350,15,-30.9637565320735,120,255,-68.1850284429112,0.00356604448328621,-68.1814623984279,138.179830119864,0.846276908603161,139.026107028467,0
91,90,560,520,20,critical_zone,15,750,300,15,-38.6598082540901,120,290.731835202133,-69.3240766286102,0.44792152080476,-68.8761551078054,130.815083874882,-0.518271706851139,130.29681216803,0
91,90,560,520,20,critical_zone,16,700,300,15,-45,120,260.816027114899,-68.3809103387501,-1.1075048021563,-69.4884151409064,122.471192290848,0.589105378558299,123.060297669407,0
91,90,560,520,20,critical_zone,17,600,300,15,-63.434948822922,120,223.66269246345,-67.0460958073146,-0.134708408527985,-67.1808042158426,100.304846468766,-0.253651340116024,100.05119512865,0
91,90,560,520,20,critical_zone,18,400,300,15,-116.565051177078,120,272.075357208256,-68.7480089948455,-0.760710831747052,-69.5087198265925,53.9726266148964,0.601698486728088,54.5743251016245,0
91,90,560,520,20,critical_zone,19,300,300,15,-135,120,340.624426605022,-70.6997406051428,0.209786576527291,-70.4899540286155,40.2363583092738,-0.0126687048126087,40.2236896044612,0
91,90,560,520,20,critical_zone,20,300,500,15,180,120,260.816027114899,-68.3809103387501,-1.26309716269306,-69.6440075014431,4.39870535499553,-0.88493671057526,3.51376864442028,0
91,90,560,520,20,critical_zone,21,500,350,15,-90,120,180.346887968714,-65.1763978865683,-0.689206062690813,-65.8656039492592,70.5599651718238,0.0895244222791334,70.649489594103,0
91,90,560,520,20,critical_zone,22,700,500,15,0,120,141.509716980849,-63.0699500817949,1.0680069846235,-62.0019430971714,171.869897645844,0.0707527629098614,171.940650408754,0
91,90,560,520,20,critical_zone,23,500,650,15,90,120,143.265487818944,-63.1770564921469,-0.603600485700306,-63.7806569778472,-65.2248594311681,-0.553541279512379,-65.7784007106805,0
92,91,560,520,20,critical_zone,0,250,300,15,-141.34019174591,120,380.164438105407,-71.6536546147036,0.998834930937917,-70.6548196837657,35.3624618870691,0.822807426717573,36.1852693137866,0
92,91,560,520,20,critical_zone,1,250,350,15,-149.036243467926,120,353.588744164743,-71.0241934664292,1.05858635976774,-69.9656071066614,28.739795291688,-0.0319608097554466,28.7078344819326,0
92,91,560,520,20,critical_zone,2,250,450,15,-168.69006752598,120,317.844301506256,-70.098513425379,0.239680649212858,-69.8588327761661,12.7243556854224,-0.727313520740652,11.9970421646817,0
92,91,560,520,20,critical_zone,3,250,550,15,168.69006752598,120,311.48836254345,-69.9230613483526,-0.233175551422529,-70.1562368997752,-5.52754015165617,0.942292163529109,-4.58524798812707,0
92,91,560,520,20,critical_zone,4,250,650,15,149.036243467926,120,336.191909480285,-70.5859699912954,-0.25938898088802,-70.8453589721834,-22.7509763427876,0.996606198534917,-21.7543701442527,0
92,91,560,520,20,critical_zone,5,250,700,15,141.34019174591,120,358.503835404867,-71.1441009596228,0.73066316512227,-70.4134377945006,-30.1413855520753,0.165064855064024,-29.9763206970113,0
92,91,560,520,20,critical_zone,6,300,700,15,135,120,316.267292017369,-70.0553104347425,-1.12509321977564,-71.1804036545181,-34.695153531234,1.18855772804493,-33.506595803189,0
92,91,560,520,20,critical_zone,7,400,700,15,116.565051177078,120,240.883789408918,-67.6903763255117,0.275079488250496,-67.4152968372612,-48.3664606634298,-0.261439593678738,-48.6279002571085,0
92,91,560,520,20,critical_zone,8,600,700,15,63.434948822922,120,184.458667456967,-65.3722061729858,-0.172268733892198,-65.544474906878,-102.528807709152,0.393060098857218,-102.135747610294,0
92,91,560,520,20,critical_zone,9,700,700,15,45,120,228.089894559141,-67.2163457230688,0.667293816478716,-66.5490519065901,-127.874983651098,-0.470580600211782,-128.34556425131,0
92,91,560,520,20,critical_zone,10,750,700,15,38.6598082540901,120,261.772802254168,-68.4127152763475,1.15820083403345,-67.254514442314,-136.548157698978,0.138849411860593,-136.409308287117,0
92,91,560,520,20,critical_zone,11,750,650,15,30.9637565320735,120,230.271578793389,-67.2990316061181,0.734968286912664,-66.5640633192054,-145.619655276155,0.224141648800643,-145.395513627354,0
92,91,560,520,20,critical_zone,12,750,550,15,11.3099324740202,120,192.418814048939,-65.7391755061646,0.0830707258517572,-65.6561047803128,-171.027373385104,-0.0777097651432008,-171.105083150247,0
92,91,560,520,20,critical_zone,13,750,450,15,-11.3099324740202,120,202.546291005291,-66.1847107314834,0.859704031144006,-65.3250067003394,159.775140568832,0.403175816783529,160.178316385615,0
92,91,560,520,20,critical_zone,14,750,350,15,-30.9637565320735,120,255,-68.1850284429112,0.566067764226395,-67.6189606786848,138.179830119864,-0.00690936712095132,138.172920752743,0
92,91,560,520,20,critical_zone,15,750,300,15,-38.6598082540901,120,290.731835202133,-69.3240766286102,-1.81951048672494,-71.1435871153351,130.815083874882,-0.36191091306969,130.453172961812,0
92,91,560,520,20,critical_zone,16,700,300,15,-45,120,260.816027114899,-68.3809103387501,1.92409266588705,-66.456817672863,122.471192290848,0.388450969546608,122.859643260395,0
92,91,560,520,20,critical_zone,17,600,300,15,-63.434948822922,120,223.66269246345,-67.0460958073146,-0.503764670242136,-67.5498604775567,100.304846468766,0.400485757968721,100.705332226735,0
92,91,560,520,20,critical_zone,18,400,300,15,-116.565051177078,120,272.075357208256,-68.7480089948455,-0.530162706863518,-69.278171701709,53.9726266148964,0.341106660986378,54.3137332758828,0
92,91,560,520,20,critical_zone,19,300,300,15,-135,120,340.624426605022,-70.6997406051428,-0.268742065070952,-70.9684826702137,40.2363583092738,0.388923197129672,40.6252815064035,0
92,91,560,520,20,critical_zone,20,300,500,15,180,120,260.816027114899,-68.3809103387501,-0.066581650425154,-68.4474919891752,4.39870535499553,0.128309963099848,4.52701531809538,0
92,91,560,520,20,critical_zone,21,500,350,15,-90,120,180.346887968714,-65.1763978865683,-0.128982068249175,-65.3053799548175,70.5599651718238,-0.518500327570079,70.0414648442537,0
92,91,560,520,20,critical_zone,22,700,500,15,0,120,141.509716980849,-63.0699500817949,-0.93077620535671,-64.0007262871516,171.869897645844,-0.248686998153651,171.62121064769,0
92,91,560,520,20,critical_zone,23,500,650,15,90,120,143.265487818944,-63.1770564921469,-1.07481187565671,-64.2518683678036,-65.2248594311681,-0.604392442586857,-65.8292518737549,0
93,92,560,520,20,critical_zone,0,250,300,15,-141.34019174591,120,380.164438105407,-71.6536546147036,-0.211931731031785,-71.8655863457354,35.3624618870691,0.396451845722369,35.7589137327914,0
93,92,560,520,20,critical_zone,1,250,350,15,-149.036243467926,120,353.588744164743,-71.0241934664292,-0.0498285752379886,-71.0740220416671,28.739795291688,-0.194562829969402,28.5452324617186,0
93,92,560,520,20,critical_zone,2,250,450,15,-168.69006752598,120,317.844301506256,-70.098513425379,0.286424182697458,-69.8120892426815,12.7243556854224,0.741314083472061,13.4656697688944,0
93,92,560,520,20,critical_zone,3,250,550,15,168.69006752598,120,311.48836254345,-69.9230613483526,0.24514591358548,-69.6779154347672,-5.52754015165617,-0.0507096510995827,-5.57824980275575,0
93,92,560,520,20,critical_zone,4,250,650,15,149.036243467926,120,336.191909480285,-70.5859699912954,0.592502477078761,-69.9934675142167,-22.7509763427876,0.919171443701858,-21.8318048990858,0
93,92,560,520,20,critical_zone,5,250,700,15,141.34019174591,120,358.503835404867,-71.1441009596228,0.904635266422661,-70.2394656932002,-30.1413855520753,0.635199843506447,-29.5061857085689,0
93,92,560,520,20,critical_zone,6,300,700,15,135,120,316.267292017369,-70.0553104347425,-0.38408785207858,-70.439398286821,-34.695153531234,0.261950957546197,-34.4332025736878,0
93,92,560,520,20,critical_zone,7,400,700,15,116.565051177078,120,240.883789408918,-67.6903763255117,0.489433516200617,-67.200942809311,-48.3664606634298,0.228653232191967,-48.1378074312378,0
93,92,560,520,20,critical_zone,8,600,700,15,63.434948822922,120,184.458667456967,-65.3722061729858,0.815297453383105,-64.5569087196027,-102.528807709152,-0.201766452849017,-102.730574162001,0
93,92,560,520,20,critical_zone,9,700,700,15,45,120,228.089894559141,-67.2163457230688,-0.968249657593422,-68.1845953806622,-127.874983651098,0.308871782741189,-127.566111868357,0
93,92,560,520,20,critical_zone,10,750,700,15,38.6598082540901,120,261.772802254168,-68.4127152763475,1.01465445458231,-67.3980608217652,-136.548157698978,0.227087373385281,-136.321070325593,0
93,92,560,520,20,critical_zone,11,750,650,15,30.9637565320735,120,230.271578793389,-67.2990316061181,-0.664735579442879,-67.963767185561,-145.619655276155,-0.488182382231938,-146.107837658387,0
93,92,560,520,20,critical_zone,12,750,550,15,11.3099324740202,120,192.418814048939,-65.7391755061646,0.0720327003989109,-65.6671428057657,-171.027373385104,0.789212314945775,-170.238161070158,0
93,92,560,520,20,critical_zone,13,750,450,15,-11.3099324740202,120,202.546291005291,-66.1847107314834,-0.0795265726979736,-66.2642373041814,159.775140568832,-0.0387044948599136,159.736436073972,0
93,92,560,520,20,critical_zone,14,750,350,15,-30.9637565320735,120,255,-68.1850284429112,-0.0179603079572942,-68.2029887508685,138.179830119864,-1.37575154890975,136.804078570955,0
93,92,560,520,20,critical_zone,15,750,300,15,-38.6598082540901,120,290.731835202133,-69.3240766286102,-1.07285831488636,-70.3969349434965,130.815083874882,-1.49096120732018,129.324122667561,0
93,92,560,520,20,critical_zone,16,700,300,15,-45,120,260.816027114899,-68.3809103387501,0.764638953791636,-67.6162713849585,122.471192290848,0.200836108163189,122.672028399012,0
93,92,560,520,20,critical_zone,17,600,300,15,-63.434948822922,120,223.66269246345,-67.0460958073146,-0.202735233690196,-67.2488310410048,100.304846468766,0.518095236318648,100.822941705085,0
93,92,560,520,20,critical_zone,18,400,300,15,-116.565051177078,120,272.075357208256,-68.7480089948455,-0.125497044453917,-68.8735060392994,53.9726266148964,0.0108894734293729,53.9835160883258,0
93,92,560,520,20,critical_zone,19,300,300,15,-135,120,340.624426605022,-70.6997406051428,0.156440263259116,-70.5433003418837,40.2363583092738,1.14492033742014,41.381278646694,0
93,92,560,520,20,critical_zone,20,300,500,15,180,120,260.816027114899,-68.3809103387501,-0.227905088912078,-68.6088154276622,4.39870535499553,-0.35261320075883,4.0460921542367,0
93,92,560,520,20,critical_zone,21,500,350,15,-90,120,180.346887968714,-65.1763978865683,-0.388687606025722,-65.5650854925941,70.5599651718238,-0.225331407057953,70.3346337647659,0
93,92,560,520,20,critical_zone,22,700,500,15,0,120,141.509716980849,-63.0699500817949,-0.0692977019181139,-63.139247783713,171.869897645844,-0.305933701950986,171.563963943893,0
93,92,560,520,20,critical_zone,23,500,650,15,90,120,143.265487818944,-63.1770564921469,-0.0373335590286125,-63.2143900511755,-65.2248594311681,0.531338069687819,-64.6935213614803,0
94,93,560,520,20,critical_zone,0,250,300,15,-141.34019174591,120,380.164438105407,-71.6536546147036,-0.222519301023495,-71.8761739157271,35.3624618870691,-0.300529728882474,35.0619321581866,0
94,93,560,520,20,critical_zone,1,250,350,15,-149.036243467926,120,353.588744164743,-71.0241934664292,-1.80550266299438,-72.8296961294235,28.739795291688,-0.567322903746531,28.1724723879415,0
94,93,560,520,20,critical_zone,2,250,450,15,-168.69006752598,120,317.844301506256,-70.098513425379,-0.00370853141481022,-70.1022219567938,12.7243556854224,0.351626292688372,13.0759819781107,0
94,93,560,520,20,critical_zone,3,250,550,15,168.69006752598,120,311.48836254345,-69.9230613483526,1.24722041034764,-68.675840938005,-5.52754015165617,-0.680864335118752,-6.20840448677492,0
94,93,560,520,20,critical_zone,4,250,650,15,149.036243467926,120,336.191909480285,-70.5859699912954,-0.876391046436018,-71.4623610377314,-22.7509763427876,-0.36468871468514,-23.1156650574728,0
94,93,560,520,20,critical_zone,5,250,700,15,141.34019174591,120,358.503835404867,-71.1441009596228,-0.350003904280974,-71.4941048639038,-30.1413855520753,0.469027741254818,-29.6723578108205,0
94,93,560,520,20,critical_zone,6,300,700,15,135,120,316.267292017369,-70.0553104347425,-0.475480340424295,-70.5307907751668,-34.695153531234,0.80426758466464,-33.8908859465693,0
94,93,560,520,20,critical_zone,7,400,700,15,116.565051177078,120,240.883789408918,-67.6903763255117,1.56376362013356,-66.1266127053781,-48.3664606634298,-0.765091536875216,-49.131552200305,0
94,93,560,520,20,critical_zone,8,600,700,15,63.434948822922,120,184.458667456967,-65.3722061729858,-0.0558819426790714,-65.4280881156649,-102.528807709152,0.353934448610725,-102.174873260541,0
94,93,560,520,20,critical_zone,9,700,700,15,45,120,228.089894559141,-67.2163457230688,-0.649711684000867,-67.8660574070696,-127.874983651098,-0.193106456917449,-128.068090108016,0
94,93,560,520,20,critical_zone,10,750,700,15,38.6598082540901,120,261.772802254168,-68.4127152763475,-0.176992724485528,-68.589708000833,-136.548157698978,-0.319918998703506,-136.868076697681,0
94,93,560,520,20,critical_zone,11,750,650,15,30.9637565320735,120,230.271578793389,-67.2990316061181,-0.99270502453461,-68.2917366306527,-145.619655276155,0.174512085008448,-145.445143191147,0
94,93,560,520,20,critical_zone,12,750,550,15,11.3099324740202,120,192.418814048939,-65.7391755061646,0.460176798893084,-65.2789987072715,-171.027373385104,-0.205619281603872,-171.232992666707,0
94,93,560,520,20,critical_zone,13,750,450,15,-11.3099324740202,120,202.546291005291,-66.1847107314834,-1.81422029321592,-67.9989310246993,159.775140568832,0.315211487618021,160.09035205645,0
94,93,560,520,20,critical_zone,14,750,350,15,-30.9637565320735,120,255,-68.1850284429112,-0.10434544887577,-68.289373891787,138.179830119864,0.928280173591046,139.108110293455,0
94,93,560,520,20,critical_zone,15,750,300,15,-38.6598082540901,120,290.731835202133,-69.3240766286102,-1.51024116884844,-70.8343177974586,130.815083874882,0.227480923900339,131.042564798782,0
94,93,560,520,20,critical_zone,16,700,300,15,-45,120,260.816027114899,-68.3809103387501,0.841237344550499,-67.5396729941996,122.471192290848,0.584022765164174,123.055215056013,0
94,93,560,520,20,critical_zone,17,600,300,15,-63.434948822922,120,223.66269246345,-67.0460958073146,-0.98430826250916,-68.0304040698238,100.304846468766,-0.336198657753594,99.9686478110124,0
94,93,560,520,20,critical_zone,18,400,300,15,-116.565051177078,120,272.075357208256,-68.7480089948455,-0.260450530068827,-69.0084595249143,53.9726266148964,0.664814986501836,54.6374416013982,0
94,93,560,520,20,critical_zone,19,300,300,15,-135,120,340.624426605022,-70.6997406051428,1.21867050295798,-69.4810701021848,40.2363583092738,-0.18237331489843,40.0539849943754,0
94,93,560,520,20,critical_zone,20,300,500,15,180,120,260.816027114899,-68.3809103387501,1.07099474947676,-67.3099155892733,4.39870535499553,0.768136416447256,5.16684177144279,0
94,93,560,520,20,critical_zone,21,500,350,15,-90,120,180.346887968714,-65.1763978865683,-0.213020924430721,-65.3894188109991,70.5599651718238,-0.482914121884879,70.0770510499389,0
94,93,560,520,20,critical_zone,22,700,500,15,0,120,141.509716980849,-63.0699500817949,-1.418098565636,-64.4880486474309,171.869897645844,-0.213842310893615,171.65605533495,0
94,93,560,520,20,critical_zone,23,500,650,15,90,120,143.265487818944,-63.1770564921469,-0.312053565697933,-63.4891100578448,-65.2248594311681,-0.343252132313673,-65.5681115634818,0
95,94,560,520,20,critical_zone,0,250,300,15,-141.34019174591,120,380.164438105407,-71.6536546147036,0.336401911453551,-71.3172527032501,35.3624618870691,-0.676803172755532,34.6856587143135,0
95,94,560,520,20,critical_zone,1,250,350,15,-149.036243467926,120,353.588744164743,-71.0241934664292,-0.702653678175992,-71.7268471446051,28.739795291688,-0.492077632439103,28.2477176592489,0
95,94,560,520,20,critical_zone,2,250,450,15,-168.69006752598,120,317.844301506256,-70.098513425379,0.945281491845781,-69.1532319335332,12.7243556854224,0.179814877544676,12.904170562967,0
95,94,560,520,20,critical_zone,3,250,550,15,168.69006752598,120,311.48836254345,-69.9230613483526,0.364392496704391,-69.5586688516482,-5.52754015165617,0.233971950552507,-5.29356820110365,0
95,94,560,520,20,critical_zone,4,250,650,15,149.036243467926,120,336.191909480285,-70.5859699912954,-1.79096046193009,-72.3769304532255,-22.7509763427876,-0.499880362249429,-23.2508567050371,0
95,94,560,520,20,critical_zone,5,250,700,15,141.34019174591,120,358.503835404867,-71.1441009596228,-0.538116415142616,-71.6822173747655,-30.1413855520753,0.129310556799542,-30.0120749952758,0
95,94,560,520,20,critical_zone,6,300,700,15,135,120,316.267292017369,-70.0553104347425,0.115089248662247,-69.9402211860802,-34.695153531234,-0.475353626971958,-35.1705071582059,0
95,94,560,520,20,critical_zone,7,400,700,15,116.565051177078,120,240.883789408918,-67.6903763255117,-1.10708056108042,-68.7974568865921,-48.3664606634298,0.540606056461695,-47.8258546069681,0
95,94,560,520,20,critical_zone,8,600,700,15,63.434948822922,120,184.458667456967,-65.3722061729858,-0.373318745080737,-65.7455249180666,-102.528807709152,-0.40633006600254,-102.935137775154,0
95,94,560,520,20,critical_zone,9,700,700,15,45,120,228.089894559141,-67.2163457230688,0.415560679147178,-66.8007850439216,-127.874983651098,-0.429786197632621,-128.304769848731,0
95,94,560,520,20,critical_zone,10,750,700,15,38.6598082540901,120,261.772802254168,-68.4127152763475,-0.555156276873175,-68.9678715532207,-136.548157698978,-0.164610412968929,-136.712768111947,0
95,94,560,520,20,critical_zone,11,750,650,15,30.9637565320735,120,230.271578793389,-67.2990316061181,0.0116330404579689,-67.2873985656601,-145.619655276155,-0.819745344652096,-146.439400620807,0
95,94,560,520,20,critical_zone,12,750,550,15,11.3099324740202,120,192.418814048939,-65.7391755061646,-1.09468618489008,-66.8338616910547,-171.027373385104,0.102468069768864,-170.924905315335,0
95,94,560,520,20,critical_zone,13,750,450,15,-11.3099324740202,120,202.546291005291,-66.1847107314834,0.830383802968992,-65.3543269285144,159.775140568832,0.1570862822372,159.932226851069,0
95,94,560,520,20,critical_zone,14,750,350,15,-30.9637565320735,120,255,-68.1850284429112,1.16451744110847,-67.0205110018028,138.179830119864,-0.313560473719339,137.866269646145,0
95,94,560,520,20,critical_zone,15,750,300,15,-38.6598082540901,120,290.731835202133,-69.3240766286102,-0.173603235459772,-69.49767986407,130.815083874882,0.0488583345899443,130.863942209472,0
95,94,560,520,20,critical_zone,16,700,300,15,-45,120,260.816027114899,-68.3809103387501,1.62210722135775,-66.7588031173923,122.471192290848,-0.103395549947137,122.367796740901,0
95,94,560,520,20,critical_zone,17,600,300,15,-63.434948822922,120,223.66269246345,-67.0460958073146,-0.375304585900086,-67.4214003932147,100.304846468766,0.0814157419241814,100.38626221069,0
95,94,560,520,20,critical_zone,18,400,300,15,-116.565051177078,120,272.075357208256,-68.7480089948455,-1.26098190215112,-70.0089908969966,53.9726266148964,0.366943772397909,54.3395703872943,0
95,94,560,520,20,critical_zone,19,300,300,15,-135,120,340.624426605022,-70.6997406051428,0.7321856152748,-69.967554989868,40.2363583092738,0.107439789138847,40.3437980984127,0
95,94,560,520,20,critical_zone,20,300,500,15,180,120,260.816027114899,-68.3809103387501,-0.309010808269673,-68.6899211470198,4.39870535499553,-0.140586273116717,4.25811908187882,0
95,94,560,520,20,critical_zone,21,500,350,15,-90,120,180.346887968714,-65.1763978865683,-0.0896040141405315,-65.2660019007089,70.5599651718238,-0.113693455115465,70.4462717167083,0
95,94,560,520,20,critical_zone,22,700,500,15,0,120,141.509716980849,-63.0699500817949,0.520121565602869,-62.549828516192,171.869897645844,-0.430408257132658,171.439489388711,0
95,94,560,520,20,critical_zone,23,500,650,15,90,120,143.265487818944,-63.1770564921469,-0.375068452073881,-63.5521249442208,-65.2248594311681,-0.290480560729288,-65.5153399918974,0
96,95,560,520,20,critical_zone,0,250,300,15,-141.34019174591,120,380.164438105407,-71.6536546147036,-0.0165768953428821,-71.6702315100465,35.3624618870691,-0.408883078800176,34.9535788082689,0
96,95,560,520,20,critical_zone,1,250,350,15,-149.036243467926,120,353.588744164743,-71.0241934664292,0.415115281605724,-70.6090781848234,28.739795291688,0.654408431432513,29.3942037231206,0
96,95,560,520,20,critical_zone,2,250,450,15,-168.69006752598,120,317.844301506256,-70.098513425379,0.430136608605547,-69.6683768167734,12.7243556854224,-0.471979604331793,12.2523760810906,0
96,95,560,520,20,critical_zone,3,250,550,15,168.69006752598,120,311.48836254345,-69.9230613483526,0.891913229036481,-69.0311481193162,-5.52754015165617,-0.2563334643644,-5.78387361602057,0
96,95,560,520,20,critical_zone,4,250,650,15,149.036243467926,120,336.191909480285,-70.5859699912954,-0.208139231192888,-70.7941092224883,-22.7509763427876,0.474934567938201,-22.2760417748494,0
96,95,560,520,20,critical_zone,5,250,700,15,141.34019174591,120,358.503835404867,-71.1441009596228,0.996999397809934,-70.1471015618129,-30.1413855520753,-0.622895389505393,-30.7642809415808,0
96,95,560,520,20,critical_zone,6,300,700,15,135,120,316.267292017369,-70.0553104347425,-0.354891791717164,-70.4102022264596,-34.695153531234,-0.757312282902335,-35.4524658141363,0
96,95,560,520,20,critical_zone,7,400,700,15,116.565051177078,120,240.883789408918,-67.6903763255117,-0.988693189058609,-68.6790695145703,-48.3664606634298,-0.21105326432282,-48.5775139277526,0
96,95,560,520,20,critical_zone,8,600,700,15,63.434948822922,120,184.458667456967,-65.3722061729858,0.18290938217043,-65.1892967908154,-102.528807709152,0.266004092420668,-102.262803616731,0
96,95,560,520,20,critical_zone,9,700,700,15,45,120,228.089894559141,-67.2163457230688,-0.129426403447121,-67.3457721265159,-127.874983651098,0.0796904716094366,-127.795293179489,0
96,95,560,520,20,critical_zone,10,750,700,15,38.6598082540901,120,261.772802254168,-68.4127152763475,-1.61796561528224,-70.0306808916297,-136.548157698978,-0.368088399475797,-136.916246098454,0
96,95,560,520,20,critical_zone,11,750,650,15,30.9637565320735,120,230.271578793389,-67.2990316061181,0.124335779761021,-67.1746958263571,-145.619655276155,-0.349422800482784,-145.969078076638,0
96,95,560,520,20,critical_zone,12,750,550,15,11.3099324740202,120,192.418814048939,-65.7391755061646,0.00412571097946043,-65.7350497951851,-171.027373385104,-0.195793796256187,-171.22316718136,0
96,95,560,520,20,critical_zone,13,750,450,15,-11.3099324740202,120,202.546291005291,-66.1847107314834,-0.165632173763291,-66.3503429052467,159.775140568832,-0.0203193202578594,159.754821248574,0
96,95,560,520,20,critical_zone,14,750,350,15,-30.9637565320735,120,255,-68.1850284429112,1.01219195941148,-67.1728364834998,138.179830119864,0.17030856944619,138.35013868931,0
96,95,560,520,20,critical_zone,15,750,300,15,-38.6598082540901,120,290.731835202133,-69.3240766286102,-1.06252056365727,-70.3865971922674,130.815083874882,0.865953365072395,131.681037239954,0
96,95,560,520,20,critical_zone,16,700,300,15,-45,120,260.816027114899,-68.3809103387501,0.798445872025075,-67.582464466725,122.471192290848,-0.239231293384054,122.231960997464,0
96,95,560,520,20,critical_zone,17,600,300,15,-63.434948822922,120,223.66269246345,-67.0460958073146,1.12168423337154,-65.9244115739431,100.304846468766,0.571972925821276,100.876819394587,0
96,95,560,520,20,critical_zone,18,400,300,15,-116.565051177078,120,272.075357208256,-68.7480089948455,0.0295292675521803,-68.7184797272933,53.9726266148964,0.239317987782545,54.211944602679,0
96,95,560,520,20,critical_zone,19,300,300,15,-135,120,340.624426605022,-70.6997406051428,0.721581316325983,-69.9781592888168,40.2363583092738,0.447785705194335,40.6841440144682,0
96,95,560,520,20,critical_zone,20,300,500,15,180,120,260.816027114899,-68.3809103387501,0.324722547756282,-68.0561877909938,4.39870535499553,0.604621847509386,5.00332720250492,0
96,95,560,520,20,critical_zone,21,500,350,15,-90,120,180.346887968714,-65.1763978865683,0.46123225706421,-64.7151656295041,70.5599651718238,-0.533235770906871,70.026729400917,0
96,95,560,520,20,critical_zone,22,700,500,15,0,120,141.509716980849,-63.0699500817949,1.32557183879252,-61.7443782430024,171.869897645844,0.417013670280118,172.286911316124,0
96,95,560,520,20,critical_zone,23,500,650,15,90,120,143.265487818944,-63.1770564921469,1.12373190820463,-62.0533245839423,-65.2248594311681,-0.610180182757268,-65.8350396139253,0
97,96,560,520,20,critical_zone,0,250,300,15,-141.34019174591,120,380.164438105407,-71.6536546147036,-0.597766537379276,-72.2514211520829,35.3624618870691,-0.257765916574329,35.1046959704947,0
97,96,560,520,20,critical_zone,1,250,350,15,-149.036243467926,120,353.588744164743,-71.0241934664292,0.499791128849916,-70.5244023375792,28.739795291688,-0.170219138399034,28.569576153289,0
97,96,560,520,20,critical_zone,2,250,450,15,-168.69006752598,120,317.844301506256,-70.098513425379,-0.933762627730931,-71.0322760531099,12.7243556854224,-0.00729591869861911,12.7170597667237,0
97,96,560,520,20,critical_zone,3,250,550,15,168.69006752598,120,311.48836254345,-69.9230613483526,1.1284295329208,-68.7946318154318,-5.52754015165617,-0.264016894436014,-5.79155704609218,0
97,96,560,520,20,critical_zone,4,250,650,15,149.036243467926,120,336.191909480285,-70.5859699912954,0.057031011216105,-70.5289389800793,-22.7509763427876,0.522717585595094,-22.2282587571925,0
97,96,560,520,20,critical_zone,5,250,700,15,141.34019174591,120,358.503835404867,-71.1441009596228,0.447794889156636,-70.6963060704662,-30.1413855520753,1.0419959573787,-29.0993895946966,0
97,96,560,520,20,critical_zone,6,300,700,15,135,120,316.267292017369,-70.0553104347425,1.12922522935598,-68.9260852053865,-34.695153531234,-0.392243926037912,-35.0873974572719,0
97,96,560,520,20,critical_zone,7,400,700,15,116.565051177078,120,240.883789408918,-67.6903763255117,-0.0124744397404498,-67.7028507652521,-48.3664606634298,-0.0627797652991295,-48.4292404287289,0
97,96,560,520,20,critical_zone,8,600,700,15,63.434948822922,120,184.458667456967,-65.3722061729858,0.117209529423903,-65.2549966435619,-102.528807709152,0.275457682507796,-102.253350026644,0
97,96,560,520,20,critical_zone,9,700,700,15,45,120,228.089894559141,-67.2163457230688,0.342371658532405,-66.8739740645364,-127.874983651098,-1.3885793245908,-129.263562975689,0
97,96,560,520,20,critical_zone,10,750,700,15,38.6598082540901,120,261.772802254168,-68.4127152763475,0.0219980077123057,-68.3907172686352,-136.548157698978,-1.07651894053522,-137.624676639513,0
97,96,560,520,20,critical_zone,11,750,650,15,30.9637565320735,120,230.271578793389,-67.2990316061181,0.69842381053337,-66.6006077955847,-145.619655276155,0.131994856338969,-145.487660419816,0
97,96,560,520,20,critical_zone,12,750,550,15,11.3099324740202,120,192.418814048939,-65.7391755061646,-0.680275935489439,-66.419451441654,-171.027373385104,0.431342087300634,-170.596031297803,0
97,96,560,520,20,critical_zone,13,750,450,15,-11.3099324740202,120,202.546291005291,-66.1847107314834,-1.2997333581333,-67.4844440896167,159.775140568832,-0.371343231067442,159.403797337764,0
97,96,560,520,20,critical_zone,14,750,350,15,-30.9637565320735,120,255,-68.1850284429112,-0.733216281941123,-68.9182447248524,138.179830119864,0.215139394677165,138.394969514541,0
97,96,560,520,20,critical_zone,15,750,300,15,-38.6598082540901,120,290.731835202133,-69.3240766286102,0.458040486439308,-68.8660361421709,130.815083874882,0.406697735168422,131.22178161005,0
97,96,560,520,20,critical_zone,16,700,300,15,-45,120,260.816027114899,-68.3809103387501,0.387410714397604,-67.9934996243525,122.471192290848,-0.265351464842022,122.205840826006,0
97,96,560,520,20,critical_zone,17,600,300,15,-63.434948822922,120,223.66269246345,-67.0460958073146,0.409134357045561,-66.636961450269,100.304846468766,0.129248738094317,100.43409520686,0
97,96,560,520,20,critical_zone,18,400,300,15,-116.565051177078,120,272.075357208256,-68.7480089948455,0.185957364969129,-68.5620516298764,53.9726266148964,-0.283088590146446,53.6895380247499,0
97,96,560,520,20,critical_zone,19,300,300,15,-135,120,340.624426605022,-70.6997406051428,-0.513592224788491,-71.2133328299313,40.2363583092738,-0.157289922238382,40.0790683870354,0
97,96,560,520,20,critical_zone,20,300,500,15,180,120,260.816027114899,-68.3809103387501,-0.0564248446427924,-68.4373351833929,4.39870535499553,0.114625589015665,4.51333094401119,0
97,96,560,520,20,critical_zone,21,500,350,15,-90,120,180.346887968714,-65.1763978865683,1.62057400050036,-63.555823886068,70.5599651718238,-0.412175817229336,70.1477893545945,0
97,96,560,520,20,critical_zone,22,700,500,15,0,120,141.509716980849,-63.0699500817949,-1.24258920222068,-64.3125392840156,171.869897645844,0.00167522968573545,171.87157287553,0
97,96,560,520,20,critical_zone,23,500,650,15,90,120,143.265487818944,-63.1770564921469,0.61761666874524,-62.5594398234017,-65.2248594311681,-0.140810341763123,-65.3656697729312,0
98,97,560,520,20,critical_zone,0,250,300,15,-141.34019174591,120,380.164438105407,-71.6536546147036,2.13775791528107,-69.5158966994226,35.3624618870691,0.51219563672067,35.8746575237897,0
98,97,560,520,20,critical_zone,1,250,350,15,-149.036243467926,120,353.588744164743,-71.0241934664292,0.767547151830492,-70.2566463145987,28.739795291688,-0.0256134205919949,28.7141818710961,0
98,97,560,520,20,critical_zone,2,250,450,15,-168.69006752598,120,317.844301506256,-70.098513425379,0.0435881098009367,-70.054925315578,12.7243556854224,-0.852718168101026,11.8716375173213,0
98,97,560,520,20,critical_zone,3,250,550,15,168.69006752598,120,311.48836254345,-69.9230613483526,-1.02084884417113,-70.9439101925238,-5.52754015165617,-0.686921866488611,-6.21446201814479,0
98,97,560,520,20,critical_zone,4,250,650,15,149.036243467926,120,336.191909480285,-70.5859699912954,-1.02727061081851,-71.6132406021139,-22.7509763427876,-0.246467602416754,-22.9974439452044,0
98,97,560,520,20,critical_zone,5,250,700,15,141.34019174591,120,358.503835404867,-71.1441009596228,-0.0642046439909741,-71.2083056036138,-30.1413855520753,-0.392522700216979,-30.5339082522923,0
98,97,560,520,20,critical_zone,6,300,700,15,135,120,316.267292017369,-70.0553104347425,0.509198575799411,-69.546111858943,-34.695153531234,0.529570873717641,-34.1655826575163,0
98,97,560,520,20,critical_zone,7,400,700,15,116.565051177078,120,240.883789408918,-67.6903763255117,-0.193654347682867,-67.8840306731945,-48.3664606634298,0.33475049042125,-48.0317101730085,0
98,97,560,520,20,critical_zone,8,600,700,15,63.434948822922,120,184.458667456967,-65.3722061729858,-0.51736407429714,-65.889570247283,-102.528807709152,-0.771942560182429,-103.300750269334,0
98,97,560,520,20,critical_zone,9,700,700,15,45,120,228.089894559141,-67.2163457230688,0.668152521599807,-66.548193201469,-127.874983651098,-0.844392739253459,-128.719376390352,0
98,97,560,520,20,critical_zone,10,750,700,15,38.6598082540901,120,261.772802254168,-68.4127152763475,1.02553539004583,-67.3871798863017,-136.548157698978,1.46408151807689,-135.084076180901,0
98,97,560,520,20,critical_zone,11,750,650,15,30.9637565320735,120,230.271578793389,-67.2990316061181,-0.0841785487136781,-67.3832101548318,-145.619655276155,-0.461827021160134,-146.081482297315,0
98,97,560,520,20,critical_zone,12,750,550,15,11.3099324740202,120,192.418814048939,-65.7391755061646,-0.0522195476057318,-65.7913950537703,-171.027373385104,0.597608692411996,-170.429764692692,0
98,97,560,520,20,critical_zone,13,750,450,15,-11.3099324740202,120,202.546291005291,-66.1847107314834,-0.639887977925105,-66.8245987094085,159.775140568832,-0.256120820910475,159.519019747921,0
98,97,560,520,20,critical_zone,14,750,350,15,-30.9637565320735,120,255,-68.1850284429112,0.157830037005489,-68.0271984059057,138.179830119864,0.652135649707322,138.831965769572,0
98,97,560,520,20,critical_zone,15,750,300,15,-38.6598082540901,120,290.731835202133,-69.3240766286102,-0.260745947813606,-69.5848225764238,130.815083874882,-0.323293902232471,130.491789972649,0
98,97,560,520,20,critical_zone,16,700,300,15,-45,120,260.816027114899,-68.3809103387501,-0.574872399717323,-68.9557827384674,122.471192290848,0.52721048999539,122.998402780844,0
98,97,560,520,20,critical_zone,17,600,300,15,-63.434948822922,120,223.66269246345,-67.0460958073146,-1.21101259624456,-68.2571084035592,100.304846468766,-0.640123914502715,99.6647225542633,0
98,97,560,520,20,critical_zone,18,400,300,15,-116.565051177078,120,272.075357208256,-68.7480089948455,0.093822763957384,-68.6541862308881,53.9726266148964,0.133458424925019,54.1060850398214,0
98,97,560,520,20,critical_zone,19,300,300,15,-135,120,340.624426605022,-70.6997406051428,1.29681719347866,-69.4029234116641,40.2363583092738,0.13898389029284,40.3753421995667,0
98,97,560,520,20,critical_zone,20,300,500,15,180,120,260.816027114899,-68.3809103387501,0.321263969666184,-68.0596463690839,4.39870535499553,0.558494730322385,4.95720008531791,0
98,97,560,520,20,critical_zone,21,500,350,15,-90,120,180.346887968714,-65.1763978865683,-1.65710254412036,-66.8335004306887,70.5599651718238,-0.442413636865535,70.1175515349583,0
98,97,560,520,20,critical_zone,22,700,500,15,0,120,141.509716980849,-63.0699500817949,-1.08852125122615,-64.158471333021,171.869897645844,-0.461591105946639,171.408306539897,0
98,97,560,520,20,critical_zone,23,500,650,15,90,120,143.265487818944,-63.1770564921469,0.42667194033572,-62.7503845518112,-65.2248594311681,-0.829504111487334,-66.0543635426554,0
99,98,560,520,20,critical_zone,0,250,300,15,-141.34019174591,120,380.164438105407,-71.6536546147036,1.75925380629323,-69.8944008084104,35.3624618870691,-0.200253269132177,35.1622086179369,0
99,98,560,520,20,critical_zone,1,250,350,15,-149.036243467926,120,353.588744164743,-71.0241934664292,-0.955624016816227,-71.9798174832454,28.739795291688,-0.105025339218026,28.63476995247,0
99,98,560,520,20,critical_zone,2,250,450,15,-168.69006752598,120,317.844301506256,-70.098513425379,-0.260694878490974,-70.3592083038699,12.7243556854224,-0.301208116650711,12.4231475687717,0
99,98,560,520,20,critical_zone,3,250,550,15,168.69006752598,120,311.48836254345,-69.9230613483526,-0.455746213882134,-70.3788075622348,-5.52754015165617,-0.573756084820266,-6.10129623647643,0
99,98,560,520,20,critical_zone,4,250,650,15,149.036243467926,120,336.191909480285,-70.5859699912954,-0.48627726277893,-71.0722472540744,-22.7509763427876,0.148952027239154,-22.6020243155485,0
99,98,560,520,20,critical_zone,5,250,700,15,141.34019174591,120,358.503835404867,-71.1441009596228,0.429811784631502,-70.7142891749914,-30.1413855520753,0.352004539803411,-29.7893810122719,0
99,98,560,520,20,critical_zone,6,300,700,15,135,120,316.267292017369,-70.0553104347425,-0.148041235721243,-70.2033516704637,-34.695153531234,-0.249288130979093,-34.9444416622131,0
99,98,560,520,20,critical_zone,7,400,700,15,116.565051177078,120,240.883789408918,-67.6903763255117,0.959958025654469,-66.7304182998572,-48.3664606634298,-0.793913048502891,-49.1603737119327,0
99,98,560,520,20,critical_zone,8,600,700,15,63.434948822922,120,184.458667456967,-65.3722061729858,-0.294851952135368,-65.6670581251212,-102.528807709152,-0.0174150437175903,-102.546222752869,0
99,98,560,520,20,critical_zone,9,700,700,15,45,120,228.089894559141,-67.2163457230688,1.52063609186765,-65.6957096312011,-127.874983651098,0.349980714779792,-127.525002936318,0
99,98,560,520,20,critical_zone,10,750,700,15,38.6598082540901,120,261.772802254168,-68.4127152763475,-0.0463727122517544,-68.4590879885992,-136.548157698978,0.321096276206012,-136.227061422772,0
99,98,560,520,20,critical_zone,11,750,650,15,30.9637565320735,120,230.271578793389,-67.2990316061181,1.4387113629376,-65.8603202431805,-145.619655276155,0.759064690136323,-144.860590586019,0
99,98,560,520,20,critical_zone,12,750,550,15,11.3099324740202,120,192.418814048939,-65.7391755061646,-0.356534291730521,-66.0957097978951,-171.027373385104,0.234846492751139,-170.792526892352,0
99,98,560,520,20,critical_zone,13,750,450,15,-11.3099324740202,120,202.546291005291,-66.1847107314834,-1.35879994644907,-67.5435106779325,159.775140568832,0.272360181197966,160.04750075003,0
99,98,560,520,20,critical_zone,14,750,350,15,-30.9637565320735,120,255,-68.1850284429112,0.762004934533107,-67.4230235083781,138.179830119864,0.88701933535819,139.066849455222,0
99,98,560,520,20,critical_zone,15,750,300,15,-38.6598082540901,120,290.731835202133,-69.3240766286102,-0.392287903371866,-69.7163645319821,130.815083874882,-0.630178729046818,130.184905145835,0
99,98,560,520,20,critical_zone,16,700,300,15,-45,120,260.816027114899,-68.3809103387501,-0.615453763848222,-68.9963641025983,122.471192290848,-0.0887739548318952,122.382418336017,0
99,98,560,520,20,critical_zone,17,600,300,15,-63.434948822922,120,223.66269246345,-67.0460958073146,1.08060328307883,-65.9654925242358,100.304846468766,-0.589914183667249,99.7149322850988,0
99,98,560,520,20,critical_zone,18,400,300,15,-116.565051177078,120,272.075357208256,-68.7480089948455,-0.272324035535298,-69.0203330303808,53.9726266148964,0.331166934947905,54.3037935498443,0
99,98,560,520,20,critical_zone,19,300,300,15,-135,120,340.624426605022,-70.6997406051428,-0.753965088422567,-71.4537056935653,40.2363583092738,0.0174132213112465,40.2537715305851,0
99,98,560,520,20,critical_zone,20,300,500,15,180,120,260.816027114899,-68.3809103387501,-1.06957737692274,-69.4504877156728,4.39870535499553,0.870914355507549,5.26961971050309,0
99,98,560,520,20,critical_zone,21,500,350,15,-90,120,180.346887968714,-65.1763978865683,0.421383020221927,-64.7550148663464,70.5599651718238,0.629156903948938,71.1891220757728,0
99,98,560,520,20,critical_zone,22,700,500,15,0,120,141.509716980849,-63.0699500817949,-0.277664599879164,-63.347614681674,171.869897645844,0.884460483002953,172.754358128847,0
99,98,560,520,20,critical_zone,23,500,650,15,90,120,143.265487818944,-63.1770564921469,0.432357964496506,-62.7446985276504,-65.2248594311681,-0.320462269961513,-65.5453217011296,0
100,99,560,520,20,critical_zone,0,250,300,15,-141.34019174591,120,380.164438105407,-71.6536546147036,0.460240626099378,-71.1934139886043,35.3624618870691,0.122834063492042,35.4852959505611,0
100,99,560,520,20,critical_zone,1,250,350,15,-149.036243467926,120,353.588744164743,-71.0241934664292,-0.195164644059536,-71.2193581104887,28.739795291688,0.098397196429225,28.8381924881173,0
100,99,560,520,20,critical_zone,2,250,450,15,-168.69006752598,120,317.844301506256,-70.098513425379,-0.658455199395459,-70.7569686247744,12.7243556854224,0.382928761403577,13.1072844468259,0
100,99,560,520,20,critical_zone,3,250,550,15,168.69006752598,120,311.48836254345,-69.9230613483526,-0.450133209247294,-70.3731945575999,-5.52754015165617,-0.518994330856098,-6.04653448251227,0
100,99,560,520,20,critical_zone,4,250,650,15,149.036243467926,120,336.191909480285,-70.5859699912954,2.0941970928834,-68.491772898412,-22.7509763427876,0.0735025898561269,-22.6774737529315,0
100,99,560,520,20,critical_zone,5,250,700,15,141.34019174591,120,358.503835404867,-71.1441009596228,1.68558713983486,-69.458513819788,-30.1413855520753,0.423684950362794,-29.7177006017126,0
100,99,560,520,20,critical_zone,6,300,700,15,135,120,316.267292017369,-70.0553104347425,1.25845524199735,-68.7968551927451,-34.695153531234,-0.268467757104542,-34.9636212883385,0
100,99,560,520,20,critical_zone,7,400,700,15,116.565051177078,120,240.883789408918,-67.6903763255117,-0.368214821733623,-68.0585911472453,-48.3664606634298,-0.598132665907553,-48.9645933293374,0
100,99,560,520,20,critical_zone,8,600,700,15,63.434948822922,120,184.458667456967,-65.3722061729858,-0.255640128133411,-65.6278463011192,-102.528807709152,0.0938479635748531,-102.434959745577,0
100,99,560,520,20,critical_zone,9,700,700,15,45,120,228.089894559141,-67.2163457230688,-0.801932170220687,-68.0182778932895,-127.874983651098,0.225054962316096,-127.649928688782,0
100,99,560,520,20,critical_zone,10,750,700,15,38.6598082540901,120,261.772802254168,-68.4127152763475,0.548535892787599,-67.8641793835599,-136.548157698978,-0.762768524684179,-137.310926223662,0
100,99,560,520,20,critical_zone,11,750,650,15,30.9637565320735,120,230.271578793389,-67.2990316061181,0.944293581259053,-66.354738024859,-145.619655276155,0.598167901033964,-145.021487375121,0
100,99,560,520,20,critical_zone,12,750,550,15,11.3099324740202,120,192.418814048939,-65.7391755061646,-2.17093559430391,-67.9101111004685,-171.027373385104,0.066295097368344,-170.961078287735,0
100,99,560,520,20,critical_zone,13,750,450,15,-11.3099324740202,120,202.546291005291,-66.1847107314834,-1.18434128431579,-67.3690520157992,159.775140568832,0.595491952809198,160.370632521641,0
100,99,560,520,20,critical_zone,14,750,350,15,-30.9637565320735,120,255,-68.1850284429112,1.08506063104649,-67.0999678118647,138.179830119864,-0.586227467968635,137.593602651896,0
100,99,560,520,20,critical_zone,15,750,300,15,-38.6598082540901,120,290.731835202133,-69.3240766286102,-0.608008790756923,-69.9320854193671,130.815083874882,-0.307711441048222,130.507372433833,0
100,99,560,520,20,critical_zone,16,700,300,15,-45,120,260.816027114899,-68.3809103387501,-0.913597201490772,-69.2945075402409,122.471192290848,0.532263953018784,123.003456243867,0
100,99,560,520,20,critical_zone,17,600,300,15,-63.434948822922,120,223.66269246345,-67.0460958073146,0.488482274273189,-66.5576135330414,100.304846468766,0.148847190867843,100.453693659634,0
100,99,560,520,20,critical_zone,18,400,300,15,-116.565051177078,120,272.075357208256,-68.7480089948455,-0.606614196515298,-69.3546231913608,53.9726266148964,-0.554242809153468,53.4183838057429,0
100,99,560,520,20,critical_zone,19,300,300,15,-135,120,340.624426605022,-70.6997406051428,-0.944933283540931,-71.6446738886837,40.2363583092738,0.196452925389561,40.4328112346634,0
100,99,560,520,20,critical_zone,20,300,500,15,180,120,260.816027114899,-68.3809103387501,-0.0420156137339025,-68.422925952484,4.39870535499553,-0.0395030699762057,4.35920228501934,0
100,99,560,520,20,critical_zone,21,500,350,15,-90,120,180.346887968714,-65.1763978865683,0.359099197961928,-64.8172986886064,70.5599651718238,-0.587776179306457,69.9721889925174,0
100,99,560,520,20,critical_zone,22,700,500,15,0,120,141.509716980849,-63.0699500817949,1.26836881868917,-61.8015812631057,171.869897645844,-0.415450612448801,171.454447033395,0
100,99,560,520,20,critical_zone,23,500,650,15,90,120,143.265487818944,-63.1770564921469,-0.559979619023963,-63.7370361111709,-65.2248594311681,0.2921473140956,-64.9327121170725,0
101,100,560,520,20,critical_zone,0,250,300,15,-141.34019174591,120,380.164438105407,-71.6536546147036,-1.12711743757795,-72.7807720522816,35.3624618870691,0.239741556914031,35.6022034439831,0
101,100,560,520,20,critical_zone,1,250,350,15,-149.036243467926,120,353.588744164743,-71.0241934664292,0.674937532122879,-70.3492559343063,28.739795291688,-0.309601991085834,28.4301933006022,0
101,100,560,520,20,critical_zone,2,250,450,15,-168.69006752598,120,317.844301506256,-70.098513425379,0.319249501716363,-69.7792639236626,12.7243556854224,1.16893022174107,13.8932859071634,0
101,100,560,520,20,critical_zone,3,250,550,15,168.69006752598,120,311.48836254345,-69.9230613483526,1.67004345301685,-68.2530178953358,-5.52754015165617,0.491349955439231,-5.03619019621695,0
101,100,560,520,20,critical_zone,4,250,650,15,149.036243467926,120,336.191909480285,-70.5859699912954,0.105272690465296,-70.4806973008301,-22.7509763427876,-0.197644332006597,-22.9486206747942,0
101,100,560,520,20,critical_zone,5,250,700,15,141.34019174591,120,358.503835404867,-71.1441009596228,-1.50243357759081,-72.6465345372137,-30.1413855520753,0.130945437814954,-30.0104401142604,0
101,100,560,520,20,critical_zone,6,300,700,15,135,120,316.267292017369,-70.0553104347425,0.752416376513417,-69.302894058229,-34.695153531234,0.49436326966227,-34.2007902615717,0
101,100,560,520,20,critical_zone,7,400,700,15,116.565051177078,120,240.883789408918,-67.6903763255117,-0.605486839458044,-68.2958631649697,-48.3664606634298,0.0701695315806506,-48.2962911318492,0
101,100,560,520,20,critical_zone,8,600,700,15,63.434948822922,120,184.458667456967,-65.3722061729858,-1.37789784688999,-66.7501040198758,-102.528807709152,0.473983465857968,-102.054824243294,0
101,100,560,520,20,critical_zone,9,700,700,15,45,120,228.089894559141,-67.2163457230688,1.11290674156428,-66.1034389815045,-127.874983651098,-0.773749596614402,-128.648733247713,0
101,100,560,520,20,critical_zone,10,750,700,15,38.6598082540901,120,261.772802254168,-68.4127152763475,-1.15579990247952,-69.568515178827,-136.548157698978,-0.208024936955824,-136.756182635934,0
101,100,560,520,20,critical_zone,11,750,650,15,30.9637565320735,120,230.271578793389,-67.2990316061181,-0.593781788836048,-67.8928133949541,-145.619655276155,-1.22697949563091,-146.846634771786,0
101,100,560,520,20,critical_zone,12,750,550,15,11.3099324740202,120,192.418814048939,-65.7391755061646,0.996254318124715,-64.7429211880399,-171.027373385104,-0.182411893027902,-171.209785278132,0
101,100,560,520,20,critical_zone,13,750,450,15,-11.3099324740202,120,202.546291005291,-66.1847107314834,0.318496831330202,-65.8662139001532,159.775140568832,0.974991666448374,160.75013223528,0
101,100,560,520,20,critical_zone,14,750,350,15,-30.9637565320735,120,255,-68.1850284429112,-0.767058378004464,-68.9520868209157,138.179830119864,-0.498616115613447,137.681214004251,0
101,100,560,520,20,critical_zone,15,750,300,15,-38.6598082540901,120,290.731835202133,-69.3240766286102,-0.0219090013816515,-69.3459856299918,130.815083874882,-1.05065903595309,129.764424838929,0
101,100,560,520,20,critical_zone,16,700,300,15,-45,120,260.816027114899,-68.3809103387501,0.569446129302483,-67.8114642094476,122.471192290848,-0.265271404564808,122.205920886284,0
101,100,560,520,20,critical_zone,17,600,300,15,-63.434948822922,120,223.66269246345,-67.0460958073146,-1.60440996424204,-68.6505057715567,100.304846468766,-0.353319998279367,99.9515264704867,0
101,100,560,520,20,critical_zone,18,400,300,15,-116.565051177078,120,272.075357208256,-68.7480089948455,1.77761223982551,-66.97039675502,53.9726266148964,0.19573507842428,54.1683616933207,0
101,100,560,520,20,critical_zone,19,300,300,15,-135,120,340.624426605022,-70.6997406051428,0.475634445304898,-70.2241061598379,40.2363583092738,0.369292882589287,40.6056511918631,0
101,100,560,520,20,critical_zone,20,300,500,15,180,120,260.816027114899,-68.3809103387501,-0.266245719367649,-68.6471560581177,4.39870535499553,0.402919954239281,4.80162530923482,0
101,100,560,520,20,critical_zone,21,500,350,15,-90,120,180.346887968714,-65.1763978865683,1.28171375966056,-63.8946841269078,70.5599651718238,-0.0839678933969309,70.4759972784269,0
101,100,560,520,20,critical_zone,22,700,500,15,0,120,141.509716980849,-63.0699500817949,0.835056073361292,-62.2348940084336,171.869897645844,0.351949142410523,172.221846788255,0
101,100,560,520,20,critical_zone,23,500,650,15,90,120,143.265487818944,-63.1770564921469,-0.629512780439147,-63.8065692725861,-65.2248594311681,-0.469304536132948,-65.694163967301,0
102,101,560,520,20,critical_zone,0,250,300,15,-141.34019174591,120,380.164438105407,-71.6536546147036,-1.57124315570659,-73.2248977704102,35.3624618870691,-0.26332169319016,35.0991401938789,0
102,101,560,520,20,critical_zone,1,250,350,15,-149.036243467926,120,353.588744164743,-71.0241934664292,-0.136723819907784,-71.1609172863369,28.739795291688,0.484647895096733,29.2244431867848,0
102,101,560,520,20,critical_zone,2,250,450,15,-168.69006752598,120,317.844301506256,-70.098513425379,-1.12610364656401,-71.224617071943,12.7243556854224,0.637916016541887,13.3622717019643,0
102,101,560,520,20,critical_zone,3,250,550,15,168.69006752598,120,311.48836254345,-69.9230613483526,-0.0329919574806349,-69.9560533058333,-5.52754015165617,0.205406234561749,-5.32213391709442,0
102,101,560,520,20,critical_zone,4,250,650,15,149.036243467926,120,336.191909480285,-70.5859699912954,1.80212630537536,-68.7838436859201,-22.7509763427876,0.860247503130433,-21.8907288396572,0
102,101,560,520,20,critical_zone,5,250,700,15,141.34019174591,120,358.503835404867,-71.1441009596228,-0.450872629082263,-71.5949735887051,-30.1413855520753,1.68246977000838,-28.458915782067,0
102,101,560,520,20,critical_zone,6,300,700,15,135,120,316.267292017369,-70.0553104347425,1.56214288301087,-68.4931675517316,-34.695153531234,0.152534005637168,-34.5426195255968,0
102,101,560,520,20,critical_zone,7,400,700,15,116.565051177078,120,240.883789408918,-67.6903763255117,-0.631951361032265,-68.3223276865439,-48.3664606634298,-1.16067525445354,-49.5271359178834,0
102,101,560,520,20,critical_zone,8,600,700,15,63.434948822922,120,184.458667456967,-65.3722061729858,1.97905358368597,-63.3931525892999,-102.528807709152,0.620331082895543,-101.908476626256,0
102,101,560,520,20,critical_zone,9,700,700,15,45,120,228.089894559141,-67.2163457230688,1.00016222477164,-66.2161834982971,-127.874983651098,-1.0196836437602,-128.894667294858,0
102,101,560,520,20,critical_zone,10,750,700,15,38.6598082540901,120,261.772802254168,-68.4127152763475,-0.296108086293325,-68.7088233626408,-136.548157698978,-0.0905866006174258,-136.638744299595,0
102,101,560,520,20,critical_zone,11,750,650,15,30.9637565320735,120,230.271578793389,-67.2990316061181,-0.062423206456458,-67.3614548125746,-145.619655276155,-0.739830462452709,-146.359485738608,0
102,101,560,520,20,critical_zone,12,750,550,15,11.3099324740202,120,192.418814048939,-65.7391755061646,0.121982851068787,-65.6171926550958,-171.027373385104,-1.02658877256521,-172.053962157669,0
102,101,560,520,20,critical_zone,13,750,450,15,-11.3099324740202,120,202.546291005291,-66.1847107314834,1.25131817283729,-64.9333925586461,159.775140568832,0.585557592447238,160.360698161279,0
102,101,560,520,20,critical_zone,14,750,350,15,-30.9637565320735,120,255,-68.1850284429112,1.38587134274696,-66.7991571001643,138.179830119864,0.840306262499923,139.020136382364,0
102,101,560,520,20,critical_zone,15,750,300,15,-38.6598082540901,120,290.731835202133,-69.3240766286102,0.559649930244844,-68.7644266983653,130.815083874882,-0.448120089086283,130.366963785795,0
102,101,560,520,20,critical_zone,16,700,300,15,-45,120,260.816027114899,-68.3809103387501,0.104713695895962,-68.2761966428541,122.471192290848,-0.622003701639434,121.849188589209,0
102,101,560,520,20,critical_zone,17,600,300,15,-63.434948822922,120,223.66269246345,-67.0460958073146,-1.58294793748912,-68.6290437448037,100.304846468766,-0.510906874877042,99.793939593889,0
102,101,560,520,20,critical_zone,18,400,300,15,-116.565051177078,120,272.075357208256,-68.7480089948455,-0.914148743199809,-69.6621577380453,53.9726266148964,-0.0161646831762562,53.9564619317201,0
102,101,560,520,20,critical_zone,19,300,300,15,-135,120,340.624426605022,-70.6997406051428,1.91155844165916,-68.7881821634836,40.2363583092738,0.209395209938911,40.4457535192127,0
102,101,560,520,20,critical_zone,20,300,500,15,180,120,260.816027114899,-68.3809103387501,0.604066631326356,-67.7768437074237,4.39870535499553,-0.17557564576182,4.22312970923372,0
102,101,560,520,20,critical_zone,21,500,350,15,-90,120,180.346887968714,-65.1763978865683,2.09623752341807,-63.0801603631503,70.5599651718238,0.125257185946644,70.6852223577705,0
102,101,560,520,20,critical_zone,22,700,500,15,0,120,141.509716980849,-63.0699500817949,0.321097775763904,-62.748852306031,171.869897645844,0.0800211753473474,171.949918821191,0
102,101,560,520,20,critical_zone,23,500,650,15,90,120,143.265487818944,-63.1770564921469,1.19363192296318,-61.9834245691837,-65.2248594311681,0.586719043972979,-64.6381403871951,0
103,102,560,520,20,critical_zone,0,250,300,15,-141.34019174591,120,380.164438105407,-71.6536546147036,-0.796273665111403,-72.449928279815,35.3624618870691,-0.015425917789253,35.3470359692798,0
103,102,560,520,20,critical_zone,1,250,350,15,-149.036243467926,120,353.588744164743,-71.0241934664292,0.447017656704637,-70.5771758097245,28.739795291688,0.0742474867911198,28.8140427784792,0
103,102,560,520,20,critical_zone,2,250,450,15,-168.69006752598,120,317.844301506256,-70.098513425379,1.24364017731995,-68.854873248059,12.7243556854224,-0.155759794705474,12.5685958907169,0
103,102,560,520,20,critical_zone,3,250,550,15,168.69006752598,120,311.48836254345,-69.9230613483526,1.31804468196803,-68.6050166663846,-5.52754015165617,-1.53654361548999,-7.06408376714617,0
103,102,560,520,20,critical_zone,4,250,650,15,149.036243467926,120,336.191909480285,-70.5859699912954,2.28375921560278,-68.3022107756927,-22.7509763427876,0.575833864337201,-22.1751424784504,0
103,102,560,520,20,critical_zone,5,250,700,15,141.34019174591,120,358.503835404867,-71.1441009596228,0.962106791405,-70.1819941682178,-30.1413855520753,0.141601740667714,-29.9997838114076,0
103,102,560,520,20,critical_zone,6,300,700,15,135,120,316.267292017369,-70.0553104347425,1.09077894491171,-68.9645314898307,-34.695153531234,0.478815741054355,-34.2163377901796,0
103,102,560,520,20,critical_zone,7,400,700,15,116.565051177078,120,240.883789408918,-67.6903763255117,0.139283349035564,-67.5510929764761,-48.3664606634298,0.45044620799795,-47.9160144554318,0
103,102,560,520,20,critical_zone,8,600,700,15,63.434948822922,120,184.458667456967,-65.3722061729858,1.76811653854952,-63.6040896344363,-102.528807709152,-0.209925321781063,-102.738733030933,0
103,102,560,520,20,critical_zone,9,700,700,15,45,120,228.089894559141,-67.2163457230688,0.686989233901888,-66.5293564891669,-127.874983651098,-0.12264309877184,-127.99762674987,0
103,102,560,520,20,critical_zone,10,750,700,15,38.6598082540901,120,261.772802254168,-68.4127152763475,-0.904085733911366,-69.3168010102589,-136.548157698978,0.00759244667252857,-136.540565252305,0
103,102,560,520,20,critical_zone,11,750,650,15,30.9637565320735,120,230.271578793389,-67.2990316061181,-0.59413762137978,-67.8931692274979,-145.619655276155,0.51192921406985,-145.107726062085,0
103,102,560,520,20,critical_zone,12,750,550,15,11.3099324740202,120,192.418814048939,-65.7391755061646,0.0874494437396028,-65.651726062425,-171.027373385104,-0.117165221318327,-171.144538606422,0
103,102,560,520,20,critical_zone,13,750,450,15,-11.3099324740202,120,202.546291005291,-66.1847107314834,-0.638123336860554,-66.822834068344,159.775140568832,0.427523464966535,160.202664033798,0
103,102,560,520,20,critical_zone,14,750,350,15,-30.9637565320735,120,255,-68.1850284429112,0.628025390856127,-67.5570030520551,138.179830119864,0.0966302569476142,138.276460376812,0
103,102,560,520,20,critical_zone,15,750,300,15,-38.6598082540901,120,290.731835202133,-69.3240766286102,0.939412376006577,-68.3846642526036,130.815083874882,0.337218212540557,131.152302087422,0
103,102,560,520,20,critical_zone,16,700,300,15,-45,120,260.816027114899,-68.3809103387501,-0.00468354711486556,-68.3855938858649,122.471192290848,0.0975762421744646,122.568768533023,0
103,102,560,520,20,critical_zone,17,600,300,15,-63.434948822922,120,223.66269246345,-67.0460958073146,0.300761128231376,-66.7453346790832,100.304846468766,-0.307983797350037,99.996862671416,0
103,102,560,520,20,critical_zone,18,400,300,15,-116.565051177078,120,272.075357208256,-68.7480089948455,0.761500150981432,-67.9865088438641,53.9726266148964,-0.411554130761501,53.5610724841349,0
103,102,560,520,20,critical_zone,19,300,300,15,-135,120,340.624426605022,-70.6997406051428,-0.133750428890724,-70.8334910340335,40.2363583092738,0.363589321083349,40.5999476303572,0
103,102,560,520,20,critical_zone,20,300,500,15,180,120,260.816027114899,-68.3809103387501,-0.536533133233737,-68.9174434719838,4.39870535499553,-0.383925665225916,4.01477968976963,0
103,102,560,520,20,critical_zone,21,500,350,15,-90,120,180.346887968714,-65.1763978865683,-1.56432799538175,-66.7407258819501,70.5599651718238,1.41889568475389,71.9788608565777,0
103,102,560,520,20,critical_zone,22,700,500,15,0,120,141.509716980849,-63.0699500817949,-0.504740631704006,-63.5746907134989,171.869897645844,0.285064651152355,172.154962296996,0
103,102,560,520,20,critical_zone,23,500,650,15,90,120,143.265487818944,-63.1770564921469,0.478398275827027,-62.6986582163199,-65.2248594311681,-1.04917347906446,-66.2740329102325,0
104,103,560,520,20,critical_zone,0,250,300,15,-141.34019174591,120,380.164438105407,-71.6536546147036,-0.748936685968344,-72.402591300672,35.3624618870691,-0.302527431465833,35.0599344556032,0
104,103,560,520,20,critical_zone,1,250,350,15,-149.036243467926,120,353.588744164743,-71.0241934664292,-0.690384247439934,-71.7145777138691,28.739795291688,-0.912183787794714,27.8276115038933,0
104,103,560,520,20,critical_zone,2,250,450,15,-168.69006752598,120,317.844301506256,-70.098513425379,-1.55521271574618,-71.6537261411251,12.7243556854224,-0.0304700697665342,12.6938856156558,0
104,103,560,520,20,critical_zone,3,250,550,15,168.69006752598,120,311.48836254345,-69.9230613483526,-0.392947401036029,-70.3160087493887,-5.52754015165617,0.165163432102439,-5.36237671955374,0
104,103,560,520,20,critical_zone,4,250,650,15,149.036243467926,120,336.191909480285,-70.5859699912954,-1.07213553231112,-71.6581055236066,-22.7509763427876,0.413062366198459,-22.3379139765892,0
104,103,560,520,20,critical_zone,5,250,700,15,141.34019174591,120,358.503835404867,-71.1441009596228,-0.698099421267263,-71.8422003808901,-30.1413855520753,-0.476879615044066,-30.6182651671194,0
104,103,560,520,20,critical_zone,6,300,700,15,135,120,316.267292017369,-70.0553104347425,1.15396901743622,-68.9013414173062,-34.695153531234,-0.166631720672985,-34.861785251907,0
104,103,560,520,20,critical_zone,7,400,700,15,116.565051177078,120,240.883789408918,-67.6903763255117,-0.389056027721942,-68.0794323532336,-48.3664606634298,0.565473278561056,-47.8009873848687,0
104,103,560,520,20,critical_zone,8,600,700,15,63.434948822922,120,184.458667456967,-65.3722061729858,-1.14138826795107,-66.5135944409369,-102.528807709152,-0.979367301980373,-103.508175011132,0
104,103,560,520,20,critical_zone,9,700,700,15,45,120,228.089894559141,-67.2163457230688,-0.490630134673709,-67.7069758577425,-127.874983651098,0.123882723089104,-127.751100928009,0
104,103,560,520,20,critical_zone,10,750,700,15,38.6598082540901,120,261.772802254168,-68.4127152763475,-0.16208946345571,-68.5748047398032,-136.548157698978,0.364997087050791,-136.183160611927,0
104,103,560,520,20,critical_zone,11,750,650,15,30.9637565320735,120,230.271578793389,-67.2990316061181,0.54800154356638,-66.7510300625517,-145.619655276155,-0.361130506970361,-145.980785783125,0
104,103,560,520,20,critical_zone,12,750,550,15,11.3099324740202,120,192.418814048939,-65.7391755061646,0.580950286383766,-65.1582252197808,-171.027373385104,-0.46484743138782,-171.492220816491,0
104,103,560,520,20,critical_zone,13,750,450,15,-11.3099324740202,120,202.546291005291,-66.1847107314834,-0.154953089626251,-66.3396638211097,159.775140568832,0.95577957592893,160.730920144761,0
104,103,560,520,20,critical_zone,14,750,350,15,-30.9637565320735,120,255,-68.1850284429112,-0.475116155759643,-68.6601445986709,138.179830119864,-0.0498824376165564,138.129947682248,0
104,103,560,520,20,critical_zone,15,750,300,15,-38.6598082540901,120,290.731835202133,-69.3240766286102,1.4983480954512,-67.825728533159,130.815083874882,-0.368600217498845,130.446483657383,0
104,103,560,520,20,critical_zone,16,700,300,15,-45,120,260.816027114899,-68.3809103387501,-0.654013393501143,-69.0349237322512,122.471192290848,-0.595013415478161,121.87617887537,0
104,103,560,520,20,critical_zone,17,600,300,15,-63.434948822922,120,223.66269246345,-67.0460958073146,-0.0824017109360093,-67.1284975182506,100.304846468766,1.00341627981471,101.308262748581,0
104,103,560,520,20,critical_zone,18,400,300,15,-116.565051177078,120,272.075357208256,-68.7480089948455,0.489637798711456,-68.258371196134,53.9726266148964,0.00889589246813986,53.9815225073645,0
104,103,560,520,20,critical_zone,19,300,300,15,-135,120,340.624426605022,-70.6997406051428,-1.44544202989046,-72.1451826350332,40.2363583092738,-0.0850812184009135,40.1512770908729,0
104,103,560,520,20,critical_zone,20,300,500,15,180,120,260.816027114899,-68.3809103387501,-1.83581315539626,-70.2167234941464,4.39870535499553,-0.64149829834502,3.75720705665051,0
104,103,560,520,20,critical_zone,21,500,350,15,-90,120,180.346887968714,-65.1763978865683,-0.834038629353893,-66.0104365159222,70.5599651718238,0.194655516235635,70.7546206880594,0
104,103,560,520,20,critical_zone,22,700,500,15,0,120,141.509716980849,-63.0699500817949,2.20075314621089,-60.869196935584,171.869897645844,-0.355032774622722,171.514864871221,0
104,103,560,520,20,critical_zone,23,500,650,15,90,120,143.265487818944,-63.1770564921469,-0.6542392095786,-63.8312957017255,-65.2248594311681,0.653557398581047,-64.571302032587,0
105,104,560,520,20,critical_zone,0,250,300,15,-141.34019174591,120,380.164438105407,-71.6536546147036,-2.27804740157299,-73.9317020162766,35.3624618870691,0.957245564282165,36.3197074513512,0
105,104,560,520,20,critical_zone,1,250,350,15,-149.036243467926,120,353.588744164743,-71.0241934664292,-0.899179972186023,-71.9233734386152,28.739795291688,-0.217518728817192,28.5222765628708,0
105,104,560,520,20,critical_zone,2,250,450,15,-168.69006752598,120,317.844301506256,-70.098513425379,1.48425065162784,-68.6142627737511,12.7243556854224,-0.754810320223257,11.9695453651991,0
105,104,560,520,20,critical_zone,3,250,550,15,168.69006752598,120,311.48836254345,-69.9230613483526,0.230664868120899,-69.6923964802317,-5.52754015165617,0.0302116839308766,-5.49732846772528,0
105,104,560,520,20,critical_zone,4,250,650,15,149.036243467926,120,336.191909480285,-70.5859699912954,-0.425995879149817,-71.0119658704453,-22.7509763427876,0.235779162513202,-22.5151971802744,0
105,104,560,520,20,critical_zone,5,250,700,15,141.34019174591,120,358.503835404867,-71.1441009596228,0.0742079617986523,-71.0698929978242,-30.1413855520753,0.855310562456005,-29.2860749896194,0
105,104,560,520,20,critical_zone,6,300,700,15,135,120,316.267292017369,-70.0553104347425,-0.18426842429616,-70.2395788590386,-34.695153531234,-0.585625648945005,-35.280779180179,0
105,104,560,520,20,critical_zone,7,400,700,15,116.565051177078,120,240.883789408918,-67.6903763255117,-0.553203704545805,-68.2435800300575,-48.3664606634298,-0.324277016065886,-48.6907376794957,0
105,104,560,520,20,critical_zone,8,600,700,15,63.434948822922,120,184.458667456967,-65.3722061729858,-0.827388230168891,-66.1995944031547,-102.528807709152,0.36642962404496,-102.162378085107,0
105,104,560,520,20,critical_zone,9,700,700,15,45,120,228.089894559141,-67.2163457230688,0.392718253067331,-66.8236274700014,-127.874983651098,-0.586404073139664,-128.461387724238,0
105,104,560,520,20,critical_zone,10,750,700,15,38.6598082540901,120,261.772802254168,-68.4127152763475,-1.04639418861259,-69.4591094649601,-136.548157698978,-0.406582270569791,-136.954739969548,0
105,104,560,520,20,critical_zone,11,750,650,15,30.9637565320735,120,230.271578793389,-67.2990316061181,-0.463479070987188,-67.7625106771053,-145.619655276155,-0.397172810984698,-146.01682808714,0
105,104,560,520,20,critical_zone,12,750,550,15,11.3099324740202,120,192.418814048939,-65.7391755061646,-0.546516220643001,-66.2856917268076,-171.027373385104,-0.364779862732013,-171.392153247836,0
105,104,560,520,20,critical_zone,13,750,450,15,-11.3099324740202,120,202.546291005291,-66.1847107314834,-0.558681159529662,-66.7433918910131,159.775140568832,-0.824458324734713,158.950682244097,0
105,104,560,520,20,critical_zone,14,750,350,15,-30.9637565320735,120,255,-68.1850284429112,-1.50079678356107,-69.6858252264723,138.179830119864,-0.119354902196688,138.060475217668,0
105,104,560,520,20,critical_zone,15,750,300,15,-38.6598082540901,120,290.731835202133,-69.3240766286102,-1.35128272113135,-70.6753593497415,130.815083874882,0.164445505605236,130.979529380487,0
105,104,560,520,20,critical_zone,16,700,300,15,-45,120,260.816027114899,-68.3809103387501,-0.759501686996291,-69.1404120257464,122.471192290848,-0.144336771427266,122.326855519421,0
105,104,560,520,20,critical_zone,17,600,300,15,-63.434948822922,120,223.66269246345,-67.0460958073146,-0.107017485488787,-67.1531132928034,100.304846468766,-0.296243603621123,100.008602865145,0
105,104,560,520,20,critical_zone,18,400,300,15,-116.565051177078,120,272.075357208256,-68.7480089948455,0.165379841996221,-68.5826291528493,53.9726266148964,-0.368764118305058,53.6038624965913,0
105,104,560,520,20,critical_zone,19,300,300,15,-135,120,340.624426605022,-70.6997406051428,-0.126899992102393,-70.8266405972452,40.2363583092738,0.437885843966719,40.6742441532405,0
105,104,560,520,20,critical_zone,20,300,500,15,180,120,260.816027114899,-68.3809103387501,-2.52055807918375,-70.9014684179338,4.39870535499553,1.08255485882133,5.48126021381685,0
105,104,560,520,20,critical_zone,21,500,350,15,-90,120,180.346887968714,-65.1763978865683,-0.469739068392476,-65.6461369549608,70.5599651718238,0.161832540837026,70.7217977126608,0
105,104,560,520,20,critical_zone,22,700,500,15,0,120,141.509716980849,-63.0699500817949,-0.496969106579641,-63.5669191883745,171.869897645844,-0.00636102910118962,171.863536616743,0
105,104,560,520,20,critical_zone,23,500,650,15,90,120,143.265487818944,-63.1770564921469,0.576188211932435,-62.6008682802145,-65.2248594311681,-0.0916422704018049,-65.3165017015699,0
106,105,560,520,20,critical_zone,0,250,300,15,-141.34019174591,120,380.164438105407,-71.6536546147036,-0.00127120464562117,-71.6549258193493,35.3624618870691,-0.319440538081296,35.0430213489878,0
106,105,560,520,20,critical_zone,1,250,350,15,-149.036243467926,120,353.588744164743,-71.0241934664292,0.71708509189218,-70.307108374537,28.739795291688,-0.342671428949836,28.3971238627382,0
106,105,560,520,20,critical_zone,2,250,450,15,-168.69006752598,120,317.844301506256,-70.098513425379,-0.0665340558783374,-70.1650474812573,12.7243556854224,0.932180191209359,13.6565358766317,0
106,105,560,520,20,critical_zone,3,250,550,15,168.69006752598,120,311.48836254345,-69.9230613483526,0.700574113921516,-69.2224872344311,-5.52754015165617,0.00147369322486791,-5.5260664584313,0
106,105,560,520,20,critical_zone,4,250,650,15,149.036243467926,120,336.191909480285,-70.5859699912954,-1.57023601976663,-72.1562060110621,-22.7509763427876,-0.785371163010644,-23.5363475057983,0
106,105,560,520,20,critical_zone,5,250,700,15,141.34019174591,120,358.503835404867,-71.1441009596228,0.972576572533542,-70.1715243870893,-30.1413855520753,0.389911652565283,-29.7514738995101,0
106,105,560,520,20,critical_zone,6,300,700,15,135,120,316.267292017369,-70.0553104347425,-0.239039739892014,-70.2943501746345,-34.695153531234,-0.495810786959757,-35.1909643181937,0
106,105,560,520,20,critical_zone,7,400,700,15,116.565051177078,120,240.883789408918,-67.6903763255117,-1.74563027758701,-69.4360066030987,-48.3664606634298,-0.332382667512097,-48.6988433309419,0
106,105,560,520,20,critical_zone,8,600,700,15,63.434948822922,120,184.458667456967,-65.3722061729858,1.11447980024303,-64.2577263727428,-102.528807709152,-0.804645085643348,-103.333452794795,0
106,105,560,520,20,critical_zone,9,700,700,15,45,120,228.089894559141,-67.2163457230688,1.08995203193069,-66.1263936911381,-127.874983651098,-0.99181702126799,-128.866800672366,0
106,105,560,520,20,critical_zone,10,750,700,15,38.6598082540901,120,261.772802254168,-68.4127152763475,-0.90342361407872,-69.3161388904262,-136.548157698978,-0.0781869101640703,-136.626344609142,0
106,105,560,520,20,critical_zone,11,750,650,15,30.9637565320735,120,230.271578793389,-67.2990316061181,-0.378051452427659,-67.6770830585457,-145.619655276155,-0.275934916726084,-145.895590192881,0
106,105,560,520,20,critical_zone,12,750,550,15,11.3099324740202,120,192.418814048939,-65.7391755061646,0.0561170111510489,-65.6830584950135,-171.027373385104,0.453343323876673,-170.574030061227,0
106,105,560,520,20,critical_zone,13,750,450,15,-11.3099324740202,120,202.546291005291,-66.1847107314834,-0.856290854727564,-67.041001586211,159.775140568832,-0.116856172386604,159.658284396445,0
106,105,560,520,20,critical_zone,14,750,350,15,-30.9637565320735,120,255,-68.1850284429112,1.56900377443125,-66.61602466848,138.179830119864,0.871562649231029,139.051392769095,0
106,105,560,520,20,critical_zone,15,750,300,15,-38.6598082540901,120,290.731835202133,-69.3240766286102,-1.0459128232498,-70.36998945186,130.815083874882,-0.215984943529009,130.599098931353,0
106,105,560,520,20,critical_zone,16,700,300,15,-45,120,260.816027114899,-68.3809103387501,1.21012810918606,-67.170782229564,122.471192290848,0.510989042256662,122.982181333105,0
106,105,560,520,20,critical_zone,17,600,300,15,-63.434948822922,120,223.66269246345,-67.0460958073146,-2.27100714915804,-69.3171029564726,100.304846468766,-0.421666329067862,99.8831801396982,0
106,105,560,520,20,critical_zone,18,400,300,15,-116.565051177078,120,272.075357208256,-68.7480089948455,0.988040107195578,-67.7599688876499,53.9726266148964,-0.28745291372022,53.6851737011762,0
106,105,560,520,20,critical_zone,19,300,300,15,-135,120,340.624426605022,-70.6997406051428,-1.43771219958644,-72.1374528047292,40.2363583092738,0.830347523251248,41.0667058325251,0
106,105,560,520,20,critical_zone,20,300,500,15,180,120,260.816027114899,-68.3809103387501,0.97465096431533,-67.4062593744348,4.39870535499553,-0.431760202826124,3.96694515216942,0
106,105,560,520,20,critical_zone,21,500,350,15,-90,120,180.346887968714,-65.1763978865683,-1.41040066089536,-66.5867985474637,70.5599651718238,0.335365097093461,70.8953302689173,0
106,105,560,520,20,critical_zone,22,700,500,15,0,120,141.509716980849,-63.0699500817949,-0.420432318291878,-63.4903824000868,171.869897645844,0.783134133980245,172.653031779824,0
106,105,560,520,20,critical_zone,23,500,650,15,90,120,143.265487818944,-63.1770564921469,0.715965118833511,-62.4610913733134,-65.2248594311681,-0.631574503815067,-65.8564339349832,0
107,106,560,520,20,critical_zone,0,250,300,15,-141.34019174591,120,380.164438105407,-71.6536546147036,0.482070084755406,-71.1715845299482,35.3624618870691,0.574953118864767,35.9374150059338,0
107,106,560,520,20,critical_zone,1,250,350,15,-149.036243467926,120,353.588744164743,-71.0241934664292,-0.64904413428939,-71.6732376007185,28.739795291688,-0.410761605130274,28.3290336865578,0
107,106,560,520,20,critical_zone,2,250,450,15,-168.69006752598,120,317.844301506256,-70.098513425379,0.239177691148542,-69.8593357342304,12.7243556854224,0.421854036213852,13.1462097216362,0
107,106,560,520,20,critical_zone,3,250,550,15,168.69006752598,120,311.48836254345,-69.9230613483526,2.0236200021208,-67.8994413462318,-5.52754015165617,0.0313897375067537,-5.49615041414941,0
107,106,560,520,20,critical_zone,4,250,650,15,149.036243467926,120,336.191909480285,-70.5859699912954,-1.23877760811101,-71.8247475994064,-22.7509763427876,0.535800337725879,-22.2151760050617,0
107,106,560,520,20,critical_zone,5,250,700,15,141.34019174591,120,358.503835404867,-71.1441009596228,-1.77437017163813,-72.918471131261,-30.1413855520753,-0.159917069382714,-30.3013026214581,0
107,106,560,520,20,critical_zone,6,300,700,15,135,120,316.267292017369,-70.0553104347425,-0.293757544047155,-70.3490679787896,-34.695153531234,-0.216568085485047,-34.911721616719,0
107,106,560,520,20,critical_zone,7,400,700,15,116.565051177078,120,240.883789408918,-67.6903763255117,0.384611325163018,-67.3057650003486,-48.3664606634298,0.120384293386997,-48.2460763700428,0
107,106,560,520,20,critical_zone,8,600,700,15,63.434948822922,120,184.458667456967,-65.3722061729858,0.749493972820855,-64.622712200165,-102.528807709152,0.59049580921883,-101.938311899933,0
107,106,560,520,20,critical_zone,9,700,700,15,45,120,228.089894559141,-67.2163457230688,1.56589363407537,-65.6504520889934,-127.874983651098,0.212767573562412,-127.662216077536,0
107,106,560,520,20,critical_zone,10,750,700,15,38.6598082540901,120,261.772802254168,-68.4127152763475,1.01724231862833,-67.3954729577192,-136.548157698978,-0.186531100809218,-136.734688799787,0
107,106,560,520,20,critical_zone,11,750,650,15,30.9637565320735,120,230.271578793389,-67.2990316061181,-0.199587120812289,-67.4986187269304,-145.619655276155,0.160411412968478,-145.459243863187,0
107,106,560,520,20,critical_zone,12,750,550,15,11.3099324740202,120,192.418814048939,-65.7391755061646,-0.0868851911622548,-65.8260606973268,-171.027373385104,-0.231642578231974,-171.259015963336,0
107,106,560,520,20,critical_zone,13,750,450,15,-11.3099324740202,120,202.546291005291,-66.1847107314834,0.512745120047446,-65.671965611436,159.775140568832,-0.406441228809585,159.368699340022,0
107,106,560,520,20,critical_zone,14,750,350,15,-30.9637565320735,120,255,-68.1850284429112,-1.33418968946681,-69.519218132378,138.179830119864,0.109469141686538,138.289299261551,0
107,106,560,520,20,critical_zone,15,750,300,15,-38.6598082540901,120,290.731835202133,-69.3240766286102,1.43242701526212,-67.8916496133481,130.815083874882,-0.157749518479574,130.657334356402,0
107,106,560,520,20,critical_zone,16,700,300,15,-45,120,260.816027114899,-68.3809103387501,-0.883049321168156,-69.2639596599182,122.471192290848,0.107413302525852,122.578605593374,0
107,106,560,520,20,critical_zone,17,600,300,15,-63.434948822922,120,223.66269246345,-67.0460958073146,0.404113942616845,-66.6419818646978,100.304846468766,-0.104847452471895,100.199999016294,0
107,106,560,520,20,critical_zone,18,400,300,15,-116.565051177078,120,272.075357208256,-68.7480089948455,0.526541407244278,-68.2214675876012,53.9726266148964,0.408619186531662,54.3812458014281,0
107,106,560,520,20,critical_zone,19,300,300,15,-135,120,340.624426605022,-70.6997406051428,-0.198381282449027,-70.8981218875918,40.2363583092738,-0.285536778434327,39.9508215308395,0
107,106,560,520,20,critical_zone,20,300,500,15,180,120,260.816027114899,-68.3809103387501,1.3583476373499,-67.0225627014002,4.39870535499553,0.161541053843726,4.56024640883925,0
107,106,560,520,20,critical_zone,21,500,350,15,-90,120,180.346887968714,-65.1763978865683,-1.40564682811801,-66.5820447146863,70.5599651718238,0.793488671575675,71.3534538433995,0
107,106,560,520,20,critical_zone,22,700,500,15,0,120,141.509716980849,-63.0699500817949,-1.05234746192224,-64.1222975437171,171.869897645844,0.694365056967275,172.564262702811,0
107,106,560,520,20,critical_zone,23,500,650,15,90,120,143.265487818944,-63.1770564921469,-0.265319870425353,-63.4423763625723,-65.2248594311681,-1.63214603240141,-66.8570054635695,0
108,107,560,520,20,critical_zone,0,250,300,15,-141.34019174591,120,380.164438105407,-71.6536546147036,-0.00347628754287415,-71.6571309022465,35.3624618870691,0.0901095241390261,35.4525714112081,0
108,107,560,520,20,critical_zone,1,250,350,15,-149.036243467926,120,353.588744164743,-71.0241934664292,0.307340260194504,-70.7168532062346,28.739795291688,0.288109392823961,29.027904684512,0
108,107,560,520,20,critical_zone,2,250,450,15,-168.69006752598,120,317.844301506256,-70.098513425379,1.53648706980296,-68.562026355576,12.7243556854224,0.0776988846556964,12.8020545700781,0
108,107,560,520,20,critical_zone,3,250,550,15,168.69006752598,120,311.48836254345,-69.9230613483526,-0.591407952999257,-70.5144693013519,-5.52754015165617,0.569921414858236,-4.95761873679794,0
108,107,560,520,20,critical_zone,4,250,650,15,149.036243467926,120,336.191909480285,-70.5859699912954,0.648526792764045,-69.9374431985314,-22.7509763427876,-0.0482239881792787,-22.7992003309669,0
108,107,560,520,20,critical_zone,5,250,700,15,141.34019174591,120,358.503835404867,-71.1441009596228,-0.428866958585656,-71.5729679182085,-30.1413855520753,0.385868463830102,-29.7555170882453,0
108,107,560,520,20,critical_zone,6,300,700,15,135,120,316.267292017369,-70.0553104347425,-0.116803947302469,-70.1721143820449,-34.695153531234,0.245015012005206,-34.4501385192288,0
108,107,560,520,20,critical_zone,7,400,700,15,116.565051177078,120,240.883789408918,-67.6903763255117,1.3216761912497,-66.368700134262,-48.3664606634298,0.0702157822811458,-48.2962448811487,0
108,107,560,520,20,critical_zone,8,600,700,15,63.434948822922,120,184.458667456967,-65.3722061729858,1.06017804964058,-64.3120281233453,-102.528807709152,0.891709096093591,-101.637098613058,0
108,107,560,520,20,critical_zone,9,700,700,15,45,120,228.089894559141,-67.2163457230688,-1.11320710663595,-68.3295528297047,-127.874983651098,0.420167266626175,-127.454816384472,0
108,107,560,520,20,critical_zone,10,750,700,15,38.6598082540901,120,261.772802254168,-68.4127152763475,0.662191816547321,-67.7505234598002,-136.548157698978,-0.564927305399698,-137.113085004378,0
108,107,560,520,20,critical_zone,11,750,650,15,30.9637565320735,120,230.271578793389,-67.2990316061181,-1.03605090710947,-68.3350825132276,-145.619655276155,-0.15054128134454,-145.7701965575,0
108,107,560,520,20,critical_zone,12,750,550,15,11.3099324740202,120,192.418814048939,-65.7391755061646,-0.192403501129609,-65.9315790072942,-171.027373385104,0.0366777612513985,-170.990695623852,0
108,107,560,520,20,critical_zone,13,750,450,15,-11.3099324740202,120,202.546291005291,-66.1847107314834,0.0727977174167671,-66.1119130140667,159.775140568832,0.512866106946963,160.288006675779,0
108,107,560,520,20,critical_zone,14,750,350,15,-30.9637565320735,120,255,-68.1850284429112,-0.430244122396583,-68.6152725653078,138.179830119864,0.194590458686309,138.374420578551,0
108,107,560,520,20,critical_zone,15,750,300,15,-38.6598082540901,120,290.731835202133,-69.3240766286102,0.495097026334984,-68.8289796022752,130.815083874882,0.0716274379308589,130.886711312812,0
108,107,560,520,20,critical_zone,16,700,300,15,-45,120,260.816027114899,-68.3809103387501,-0.662386332571977,-69.0432966713221,122.471192290848,-0.94316339525956,121.528028895589,0
108,107,560,520,20,critical_zone,17,600,300,15,-63.434948822922,120,223.66269246345,-67.0460958073146,-0.169288855944537,-67.2153846632591,100.304846468766,0.0398055984780938,100.344652067244,0
108,107,560,520,20,critical_zone,18,400,300,15,-116.565051177078,120,272.075357208256,-68.7480089948455,0.699176164240598,-68.0488328306049,53.9726266148964,-0.445822691297816,53.5268039235986,0
108,107,560,520,20,critical_zone,19,300,300,15,-135,120,340.624426605022,-70.6997406051428,1.54971831750262,-69.1500222876402,40.2363583092738,-0.18398599940498,40.0523723098688,0
108,107,560,520,20,critical_zone,20,300,500,15,180,120,260.816027114899,-68.3809103387501,-0.227890290897263,-68.6088006296473,4.39870535499553,-0.172337573811528,4.226367781184,0
108,107,560,520,20,critical_zone,21,500,350,15,-90,120,180.346887968714,-65.1763978865683,-2.65319596602914,-67.8295938525975,70.5599651718238,-0.12102305580592,70.4389421160179,0
108,107,560,520,20,critical_zone,22,700,500,15,0,120,141.509716980849,-63.0699500817949,-0.360337628192056,-63.4302877099869,171.869897645844,-0.261317254278097,171.608580391566,0
108,107,560,520,20,critical_zone,23,500,650,15,90,120,143.265487818944,-63.1770564921469,-0.4712996438364,-63.6483561359833,-65.2248594311681,-0.504583919605187,-65.7294433507733,0
109,108,560,520,20,critical_zone,0,250,300,15,-141.34019174591,120,380.164438105407,-71.6536546147036,0.529631706794816,-71.1240229079088,35.3624618870691,-1.01247527094625,34.3499866161228,0
109,108,560,520,20,critical_zone,1,250,350,15,-149.036243467926,120,353.588744164743,-71.0241934664292,1.25332824409872,-69.7708652223304,28.739795291688,0.175733133180518,28.9155284248686,0
109,108,560,520,20,critical_zone,2,250,450,15,-168.69006752598,120,317.844301506256,-70.098513425379,-0.177602438484496,-70.2761158638635,12.7243556854224,0.0742906739922806,12.7986463594146,0
109,108,560,520,20,critical_zone,3,250,550,15,168.69006752598,120,311.48836254345,-69.9230613483526,-1.81101156890784,-71.7340729172605,-5.52754015165617,-0.249103701490675,-5.77664385314685,0
109,108,560,520,20,critical_zone,4,250,650,15,149.036243467926,120,336.191909480285,-70.5859699912954,-0.55759549966946,-71.1435654909649,-22.7509763427876,-0.45429380322636,-23.205270146014,0
109,108,560,520,20,critical_zone,5,250,700,15,141.34019174591,120,358.503835404867,-71.1441009596228,-2.3877632028307,-73.5318641624535,-30.1413855520753,0.266907552229211,-29.8744779998461,0
109,108,560,520,20,critical_zone,6,300,700,15,135,120,316.267292017369,-70.0553104347425,-1.11383322632642,-71.1691436610689,-34.695153531234,0.0878060960456866,-34.6073474351883,0
109,108,560,520,20,critical_zone,7,400,700,15,116.565051177078,120,240.883789408918,-67.6903763255117,-2.05190896369372,-69.7422852892054,-48.3664606634298,-0.061820483055123,-48.4282811464849,0
109,108,560,520,20,critical_zone,8,600,700,15,63.434948822922,120,184.458667456967,-65.3722061729858,-0.832739263807049,-66.2049454367929,-102.528807709152,0.356099118277924,-102.172708590874,0
109,108,560,520,20,critical_zone,9,700,700,15,45,120,228.089894559141,-67.2163457230688,0.466747530664555,-66.7495981924042,-127.874983651098,0.00788254038536191,-127.867101110713,0
109,108,560,520,20,critical_zone,10,750,700,15,38.6598082540901,120,261.772802254168,-68.4127152763475,-1.09175210903079,-69.5044673853783,-136.548157698978,0.54583258610846,-136.00232511287,0
109,108,560,520,20,critical_zone,11,750,650,15,30.9637565320735,120,230.271578793389,-67.2990316061181,1.0721483627489,-66.2268832433692,-145.619655276155,0.109545953314093,-145.510109322841,0
109,108,560,520,20,critical_zone,12,750,550,15,11.3099324740202,120,192.418814048939,-65.7391755061646,-0.0741006752185482,-65.8132761813831,-171.027373385104,-0.295510296700084,-171.322883681804,0
109,108,560,520,20,critical_zone,13,750,450,15,-11.3099324740202,120,202.546291005291,-66.1847107314834,-1.60438444298263,-67.7890951744661,159.775140568832,-0.149956241502498,159.625184327329,0
109,108,560,520,20,critical_zone,14,750,350,15,-30.9637565320735,120,255,-68.1850284429112,-0.120014749783293,-68.3050431926945,138.179830119864,-0.485210285928002,137.694619833936,0
109,108,560,520,20,critical_zone,15,750,300,15,-38.6598082540901,120,290.731835202133,-69.3240766286102,0.0752399348063608,-69.2488366938038,130.815083874882,0.330117251566916,131.145201126449,0
109,108,560,520,20,critical_zone,16,700,300,15,-45,120,260.816027114899,-68.3809103387501,0.105947266091497,-68.2749630726586,122.471192290848,0.619909303830329,123.091101594679,0
109,108,560,520,20,critical_zone,17,600,300,15,-63.434948822922,120,223.66269246345,-67.0460958073146,1.65702454643833,-65.3890712608763,100.304846468766,-0.0074366512190109,100.297409817547,0
109,108,560,520,20,critical_zone,18,400,300,15,-116.565051177078,120,272.075357208256,-68.7480089948455,0.955609260953476,-67.792399733892,53.9726266148964,0.159735023311129,54.1323616382075,0
109,108,560,520,20,critical_zone,19,300,300,15,-135,120,340.624426605022,-70.6997406051428,0.773503751571821,-69.926236853571,40.2363583092738,0.749215702945907,40.9855740122197,0
109,108,560,520,20,critical_zone,20,300,500,15,180,120,260.816027114899,-68.3809103387501,0.0753513865431377,-68.305558952207,4.39870535499553,0.203560273302435,4.60226562829797,0
109,108,560,520,20,critical_zone,21,500,350,15,-90,120,180.346887968714,-65.1763978865683,0.15060717504495,-65.0257907115234,70.5599651718238,-0.530293603101512,70.0296715687223,0
109,108,560,520,20,critical_zone,22,700,500,15,0,120,141.509716980849,-63.0699500817949,-1.97684081205977,-65.0467908938546,171.869897645844,-0.331193458258768,171.538704187585,0
109,108,560,520,20,critical_zone,23,500,650,15,90,120,143.265487818944,-63.1770564921469,-1.86149782749175,-65.0385543196386,-65.2248594311681,-1.01059660304436,-66.2354560342124,0
110,109,560,520,20,critical_zone,0,250,300,15,-141.34019174591,120,380.164438105407,-71.6536546147036,-0.114799855615964,-71.7684544703196,35.3624618870691,-0.261868612579948,35.1005932744891,0
110,109,560,520,20,critical_zone,1,250,350,15,-149.036243467926,120,353.588744164743,-71.0241934664292,1.13174887619639,-69.8924445902328,28.739795291688,-0.498988030439406,28.2408072612486,0
110,109,560,520,20,critical_zone,2,250,450,15,-168.69006752598,120,317.844301506256,-70.098513425379,0.367606369701484,-69.7309070556775,12.7243556854224,0.575734634458685,13.3000903198811,0
110,109,560,520,20,critical_zone,3,250,550,15,168.69006752598,120,311.48836254345,-69.9230613483526,-0.660898987195725,-70.5839603355484,-5.52754015165617,0.478319661584533,-5.04922049007163,0
110,109,560,520,20,critical_zone,4,250,650,15,149.036243467926,120,336.191909480285,-70.5859699912954,-0.547894006312555,-71.133863997608,-22.7509763427876,0.229156382269025,-22.5218199605186,0
110,109,560,520,20,critical_zone,5,250,700,15,141.34019174591,120,358.503835404867,-71.1441009596228,-0.0892483365856319,-71.2333492962085,-30.1413855520753,-0.045958978146599,-30.1873445302219,0
110,109,560,520,20,critical_zone,6,300,700,15,135,120,316.267292017369,-70.0553104347425,0.360409781894225,-69.6949006528482,-34.695153531234,0.551411425129945,-34.143742106104,0
110,109,560,520,20,critical_zone,7,400,700,15,116.565051177078,120,240.883789408918,-67.6903763255117,-0.352645850002872,-68.0430221755145,-48.3664606634298,0.403494226125307,-47.9629664373045,0
110,109,560,520,20,critical_zone,8,600,700,15,63.434948822922,120,184.458667456967,-65.3722061729858,-0.535353792006042,-65.9075599649919,-102.528807709152,0.492927125276585,-102.035880583875,0
110,109,560,520,20,critical_zone,9,700,700,15,45,120,228.089894559141,-67.2163457230688,1.27990874020112,-65.9364369828676,-127.874983651098,-0.391383249642721,-128.266366900741,0
110,109,560,520,20,critical_zone,10,750,700,15,38.6598082540901,120,261.772802254168,-68.4127152763475,0.323747421589019,-68.0889678547585,-136.548157698978,-0.288658350726505,-136.836816049704,0
110,109,560,520,20,critical_zone,11,750,650,15,30.9637565320735,120,230.271578793389,-67.2990316061181,-1.88810643291851,-69.1871380390366,-145.619655276155,-0.0119982552197957,-145.631653531375,0
110,109,560,520,20,critical_zone,12,750,550,15,11.3099324740202,120,192.418814048939,-65.7391755061646,0.155224176611423,-65.5839513295531,-171.027373385104,0.410139058489326,-170.617234326614,0
110,109,560,520,20,critical_zone,13,750,450,15,-11.3099324740202,120,202.546291005291,-66.1847107314834,-1.26327659805524,-67.4479873295387,159.775140568832,-0.112513482910422,159.662627085921,0
110,109,560,520,20,critical_zone,14,750,350,15,-30.9637565320735,120,255,-68.1850284429112,-1.36624566097535,-69.5512741038866,138.179830119864,-0.160016290329544,138.019813829535,0
110,109,560,520,20,critical_zone,15,750,300,15,-38.6598082540901,120,290.731835202133,-69.3240766286102,-0.430691128513773,-69.754767757124,130.815083874882,0.0799617608252675,130.895045635707,0
110,109,560,520,20,critical_zone,16,700,300,15,-45,120,260.816027114899,-68.3809103387501,-0.737062160811723,-69.1179724995618,122.471192290848,-0.339177705367218,122.132014585481,0
110,109,560,520,20,critical_zone,17,600,300,15,-63.434948822922,120,223.66269246345,-67.0460958073146,-0.474684408698114,-67.5207802160127,100.304846468766,0.208775146999932,100.513621615766,0
110,109,560,520,20,critical_zone,18,400,300,15,-116.565051177078,120,272.075357208256,-68.7480089948455,2.19097137570626,-66.5570376191392,53.9726266148964,-0.149543265616833,53.8230833492796,0
110,109,560,520,20,critical_zone,19,300,300,15,-135,120,340.624426605022,-70.6997406051428,1.21715664413353,-69.4825839610093,40.2363583092738,-0.768223835878421,39.4681344733954,0
110,109,560,520,20,critical_zone,20,300,500,15,180,120,260.816027114899,-68.3809103387501,0.247706524031118,-68.133203814719,4.39870535499553,0.169378694934104,4.56808404992964,0
110,109,560,520,20,critical_zone,21,500,350,15,-90,120,180.346887968714,-65.1763978865683,-0.979890562418053,-66.1562884489864,70.5599651718238,0.0407479611104537,70.6007131329343,0
110,109,560,520,20,critical_zone,22,700,500,15,0,120,141.509716980849,-63.0699500817949,0.485532063319835,-62.584418018475,171.869897645844,-0.114247083378155,171.755650562466,0
110,109,560,520,20,critical_zone,23,500,650,15,90,120,143.265487818944,-63.1770564921469,0.244507918811475,-62.9325485733354,-65.2248594311681,1.3090804927942,-63.9157789383739,0
111,110,560,520,20,critical_zone,0,250,300,15,-141.34019174591,120,380.164438105407,-71.6536546147036,0.291881696231698,-71.3617729184719,35.3624618870691,-0.70800732391548,34.6544545631536,0
111,110,560,520,20,critical_zone,1,250,350,15,-149.036243467926,120,353.588744164743,-71.0241934664292,-0.269811535995173,-71.2940050024243,28.739795291688,0.479959308857537,29.2197546005456,0
111,110,560,520,20,critical_zone,2,250,450,15,-168.69006752598,120,317.844301506256,-70.098513425379,-0.589969080498716,-70.6884825058777,12.7243556854224,0.994352198756401,13.7187078841788,0
111,110,560,520,20,critical_zone,3,250,550,15,168.69006752598,120,311.48836254345,-69.9230613483526,0.585839771142104,-69.3372215772105,-5.52754015165617,0.334191959774088,-5.19334819188208,0
111,110,560,520,20,critical_zone,4,250,650,15,149.036243467926,120,336.191909480285,-70.5859699912954,1.50421241381112,-69.0817575774843,-22.7509763427876,-1.15378463896331,-23.9047609817509,0
111,110,560,520,20,critical_zone,5,250,700,15,141.34019174591,120,358.503835404867,-71.1441009596228,-1.5118129624621,-72.6559139220849,-30.1413855520753,-0.525138943663214,-30.6665244957386,0
111,110,560,520,20,critical_zone,6,300,700,15,135,120,316.267292017369,-70.0553104347425,-2.10152560419199,-72.1568360389345,-34.695153531234,-0.12608710200246,-34.8212406332364,0
111,110,560,520,20,critical_zone,7,400,700,15,116.565051177078,120,240.883789408918,-67.6903763255117,-0.293685783109502,-67.9840621086212,-48.3664606634298,-0.000270077098975847,-48.3667307405288,0
111,110,560,520,20,critical_zone,8,600,700,15,63.434948822922,120,184.458667456967,-65.3722061729858,-1.22719237052667,-66.5993985435125,-102.528807709152,-0.0129733336755147,-102.541781042827,0
111,110,560,520,20,critical_zone,9,700,700,15,45,120,228.089894559141,-67.2163457230688,-0.890429897399237,-68.106775620468,-127.874983651098,-0.25593758620968,-128.130921237308,0
111,110,560,520,20,critical_zone,10,750,700,15,38.6598082540901,120,261.772802254168,-68.4127152763475,-0.855883263077426,-69.2685985394249,-136.548157698978,-0.893446961610387,-137.441604660588,0
111,110,560,520,20,critical_zone,11,750,650,15,30.9637565320735,120,230.271578793389,-67.2990316061181,-1.87965251881737,-69.1786841249355,-145.619655276155,-0.250480368910034,-145.870135645065,0
111,110,560,520,20,critical_zone,12,750,550,15,11.3099324740202,120,192.418814048939,-65.7391755061646,-0.68102310022327,-66.4201986063878,-171.027373385104,0.715828454378357,-170.311544930725,0
111,110,560,520,20,critical_zone,13,750,450,15,-11.3099324740202,120,202.546291005291,-66.1847107314834,-0.659039633869729,-66.8437503653531,159.775140568832,0.84254745112948,160.617688019961,0
111,110,560,520,20,critical_zone,14,750,350,15,-30.9637565320735,120,255,-68.1850284429112,0.285344920573976,-67.8996835223373,138.179830119864,0.589100442598164,138.768930562462,0
111,110,560,520,20,critical_zone,15,750,300,15,-38.6598082540901,120,290.731835202133,-69.3240766286102,2.01841587056426,-67.3056607580459,130.815083874882,-0.40220184928105,130.412882025601,0
111,110,560,520,20,critical_zone,16,700,300,15,-45,120,260.816027114899,-68.3809103387501,-0.344999765606489,-68.7259101043566,122.471192290848,0.784377171615304,123.255569462464,0
111,110,560,520,20,critical_zone,17,600,300,15,-63.434948822922,120,223.66269246345,-67.0460958073146,0.528656632037356,-66.5174391752772,100.304846468766,0.136565942991158,100.441412411757,0
111,110,560,520,20,critical_zone,18,400,300,15,-116.565051177078,120,272.075357208256,-68.7480089948455,0.96159027501707,-67.7864187198284,53.9726266148964,0.387090403364308,54.3597170182607,0
111,110,560,520,20,critical_zone,19,300,300,15,-135,120,340.624426605022,-70.6997406051428,0.545015202964194,-70.1547254021786,40.2363583092738,-0.331015438436252,39.9053428708376,0
111,110,560,520,20,critical_zone,20,300,500,15,180,120,260.816027114899,-68.3809103387501,0.0243687596597222,-68.3565415790904,4.39870535499553,-0.143238391514433,4.2554669634811,0
111,110,560,520,20,critical_zone,21,500,350,15,-90,120,180.346887968714,-65.1763978865683,0.462226849211689,-64.7141710373566,70.5599651718238,0.196417898006701,70.7563830698305,0
111,110,560,520,20,critical_zone,22,700,500,15,0,120,141.509716980849,-63.0699500817949,1.51348535217858,-61.5564647296163,171.869897645844,-1.21446307524094,170.655434570603,0
111,110,560,520,20,critical_zone,23,500,650,15,90,120,143.265487818944,-63.1770564921469,0.00648603427702601,-63.1705704578699,-65.2248594311681,0.139151373679061,-65.085708057489,0
112,111,560,520,20,critical_zone,0,250,300,15,-141.34019174591,120,380.164438105407,-71.6536546147036,1.1661497752448,-70.4875048394589,35.3624618870691,0.0640614325925819,35.4265233196616,0
112,111,560,520,20,critical_zone,1,250,350,15,-149.036243467926,120,353.588744164743,-71.0241934664292,-0.659059998402464,-71.6832534648316,28.739795291688,0.181656715797939,28.921452007486,0
112,111,560,520,20,critical_zone,2,250,450,15,-168.69006752598,120,317.844301506256,-70.098513425379,-1.78467019928865,-71.8831836246676,12.7243556854224,0.247869902100707,12.9722255875231,0
112,111,560,520,20,critical_zone,3,250,550,15,168.69006752598,120,311.48836254345,-69.9230613483526,0.0861886457181691,-69.8368727026345,-5.52754015165617,-0.455104343569308,-5.98264449522549,0
112,111,560,520,20,critical_zone,4,250,650,15,149.036243467926,120,336.191909480285,-70.5859699912954,1.24109047207606,-69.3448795192194,-22.7509763427876,-0.530856967089606,-23.2818333098772,0
112,111,560,520,20,critical_zone,5,250,700,15,141.34019174591,120,358.503835404867,-71.1441009596228,1.51841448524029,-69.6256864743826,-30.1413855520753,0.202801788692117,-29.9385837633832,0
112,111,560,520,20,critical_zone,6,300,700,15,135,120,316.267292017369,-70.0553104347425,-0.682600834865123,-70.7379112696076,-34.695153531234,-0.114460081537261,-34.8096136127712,0
112,111,560,520,20,critical_zone,7,400,700,15,116.565051177078,120,240.883789408918,-67.6903763255117,-0.792259537089189,-68.4826358626009,-48.3664606634298,0.11764386230523,-48.2488168011246,0
112,111,560,520,20,critical_zone,8,600,700,15,63.434948822922,120,184.458667456967,-65.3722061729858,-0.727489414167498,-66.0996955871533,-102.528807709152,0.307233896728678,-102.221573812423,0
112,111,560,520,20,critical_zone,9,700,700,15,45,120,228.089894559141,-67.2163457230688,0.780774266908931,-66.4355714561598,-127.874983651098,0.853147921613554,-127.021835729485,0
112,111,560,520,20,critical_zone,10,750,700,15,38.6598082540901,120,261.772802254168,-68.4127152763475,1.39854437945104,-67.0141708968964,-136.548157698978,-0.244043535217477,-136.792201234195,0
112,111,560,520,20,critical_zone,11,750,650,15,30.9637565320735,120,230.271578793389,-67.2990316061181,-0.483581864824409,-67.7826134709425,-145.619655276155,-0.098405779497493,-145.718061055653,0
112,111,560,520,20,critical_zone,12,750,550,15,11.3099324740202,120,192.418814048939,-65.7391755061646,-0.514215020431231,-66.2533905265958,-171.027373385104,0.295536333232885,-170.731837051871,0
112,111,560,520,20,critical_zone,13,750,450,15,-11.3099324740202,120,202.546291005291,-66.1847107314834,-0.0687188863006455,-66.2534296177841,159.775140568832,0.229969304655061,160.005109873487,0
112,111,560,520,20,critical_zone,14,750,350,15,-30.9637565320735,120,255,-68.1850284429112,0.485759160672243,-67.699269282239,138.179830119864,-0.524667467733026,137.655162652131,0
112,111,560,520,20,critical_zone,15,750,300,15,-38.6598082540901,120,290.731835202133,-69.3240766286102,-0.317812629666526,-69.6418892582767,130.815083874882,-0.131389179069283,130.683694695812,0
112,111,560,520,20,critical_zone,16,700,300,15,-45,120,260.816027114899,-68.3809103387501,-1.08656877030995,-69.46747910906,122.471192290848,-0.152573106898127,122.31861918395,0
112,111,560,520,20,critical_zone,17,600,300,15,-63.434948822922,120,223.66269246345,-67.0460958073146,0.250996626683967,-66.7950991806306,100.304846468766,0.975074146705355,101.279920615471,0
112,111,560,520,20,critical_zone,18,400,300,15,-116.565051177078,120,272.075357208256,-68.7480089948455,-0.389667428397554,-69.1376764232431,53.9726266148964,-0.714663982698241,53.2579626321981,0
112,111,560,520,20,critical_zone,19,300,300,15,-135,120,340.624426605022,-70.6997406051428,-3.05422676159216,-73.7539673667349,40.2363583092738,-0.0318161378893402,40.2045421713845,0
112,111,560,520,20,critical_zone,20,300,500,15,180,120,260.816027114899,-68.3809103387501,-0.595297838875844,-68.9762081776259,4.39870535499553,0.553572982508746,4.95227833750428,0
112,111,560,520,20,critical_zone,21,500,350,15,-90,120,180.346887968714,-65.1763978865683,-0.343435956085081,-65.5198338426534,70.5599651718238,-0.206668027362898,70.3532971444609,0
112,111,560,520,20,critical_zone,22,700,500,15,0,120,141.509716980849,-63.0699500817949,-0.743895029598263,-63.8138451113931,171.869897645844,0.0178666248240723,171.887764270668,0
112,111,560,520,20,critical_zone,23,500,650,15,90,120,143.265487818944,-63.1770564921469,0.221793198035878,-62.955263294111,-65.2248594311681,0.61971345397562,-64.6051459771925,0
113,112,560,520,20,critical_zone,0,250,300,15,-141.34019174591,120,380.164438105407,-71.6536546147036,-0.320075073366481,-71.9737296880701,35.3624618870691,0.31034944562504,35.6728113326941,0
113,112,560,520,20,critical_zone,1,250,350,15,-149.036243467926,120,353.588744164743,-71.0241934664292,-0.189212749740855,-71.21340621617,28.739795291688,-0.221703246392471,28.5180920452956,0
113,112,560,520,20,critical_zone,2,250,450,15,-168.69006752598,120,317.844301506256,-70.098513425379,0.33872746494067,-69.7597859604383,12.7243556854224,0.367829819624582,13.092185505047,0
113,112,560,520,20,critical_zone,3,250,550,15,168.69006752598,120,311.48836254345,-69.9230613483526,-1.3565457928431,-71.2796071411957,-5.52754015165617,0.025464653690614,-5.50207549796556,0
113,112,560,520,20,critical_zone,4,250,650,15,149.036243467926,120,336.191909480285,-70.5859699912954,0.346662219374179,-70.2393077719212,-22.7509763427876,-1.00735638298725,-23.7583327257749,0
113,112,560,520,20,critical_zone,5,250,700,15,141.34019174591,120,358.503835404867,-71.1441009596228,-0.140417755054082,-71.2845187146769,-30.1413855520753,0.37449613604601,-29.7668894160293,0
113,112,560,520,20,critical_zone,6,300,700,15,135,120,316.267292017369,-70.0553104347425,-0.345789784938326,-70.4011002196808,-34.695153531234,0.694956051133891,-34.0001974801001,0
113,112,560,520,20,critical_zone,7,400,700,15,116.565051177078,120,240.883789408918,-67.6903763255117,0.0103354119055786,-67.6800409136061,-48.3664606634298,0.0954537362441846,-48.2710069271856,0
113,112,560,520,20,critical_zone,8,600,700,15,63.434948822922,120,184.458667456967,-65.3722061729858,-0.858746627549285,-66.2309528005351,-102.528807709152,-0.878761667100367,-103.407569376252,0
113,112,560,520,20,critical_zone,9,700,700,15,45,120,228.089894559141,-67.2163457230688,0.610023941283799,-66.606321781785,-127.874983651098,-0.308504986185991,-128.183488637284,0
113,112,560,520,20,critical_zone,10,750,700,15,38.6598082540901,120,261.772802254168,-68.4127152763475,0.829504044307335,-67.5832112320401,-136.548157698978,-0.314115490325853,-136.862273189304,0
113,112,560,520,20,critical_zone,11,750,650,15,30.9637565320735,120,230.271578793389,-67.2990316061181,-1.02178613094571,-68.3208177370638,-145.619655276155,-0.21782053159635,-145.837475807751,0
113,112,560,520,20,critical_zone,12,750,550,15,11.3099324740202,120,192.418814048939,-65.7391755061646,1.30988079758158,-64.429294708583,-171.027373385104,0.0789143109899998,-170.948459074114,0
113,112,560,520,20,critical_zone,13,750,450,15,-11.3099324740202,120,202.546291005291,-66.1847107314834,-0.0766468937177751,-66.2613576252012,159.775140568832,-1.05251123331898,158.722629335513,0
113,112,560,520,20,critical_zone,14,750,350,15,-30.9637565320735,120,255,-68.1850284429112,-0.953447854426603,-69.1384762973378,138.179830119864,0.183105202668685,138.362935322533,0
113,112,560,520,20,critical_zone,15,750,300,15,-38.6598082540901,120,290.731835202133,-69.3240766286102,-0.253576215044359,-69.5776528436545,130.815083874882,-0.00765657739953712,130.807427297482,0
113,112,560,520,20,critical_zone,16,700,300,15,-45,120,260.816027114899,-68.3809103387501,-1.07605092142545,-69.4569612601755,122.471192290848,0.482428643817824,122.953620934666,0
113,112,560,520,20,critical_zone,17,600,300,15,-63.434948822922,120,223.66269246345,-67.0460958073146,0.611596977539988,-66.4344988297746,100.304846468766,-0.459378919862093,99.8454675489039,0
113,112,560,520,20,critical_zone,18,400,300,15,-116.565051177078,120,272.075357208256,-68.7480089948455,-2.58567399955771,-71.3336829944032,53.9726266148964,-0.856241288026839,53.1163853268696,0
113,112,560,520,20,critical_zone,19,300,300,15,-135,120,340.624426605022,-70.6997406051428,-0.752332621519841,-71.4520732266626,40.2363583092738,0.0753460878048802,40.3117043970787,0
113,112,560,520,20,critical_zone,20,300,500,15,180,120,260.816027114899,-68.3809103387501,-1.3390880174991,-69.7199983562492,4.39870535499553,-0.400567498992394,3.99813785600313,0
113,112,560,520,20,critical_zone,21,500,350,15,-90,120,180.346887968714,-65.1763978865683,-0.115221348196951,-65.2916192347653,70.5599651718238,0.31723631580529,70.8772014876291,0
113,112,560,520,20,critical_zone,22,700,500,15,0,120,141.509716980849,-63.0699500817949,-0.386443913295879,-63.4563939950907,171.869897645844,-0.542694045070915,171.327203600773,0
113,112,560,520,20,critical_zone,23,500,650,15,90,120,143.265487818944,-63.1770564921469,1.33335391267846,-61.8437025794684,-65.2248594311681,-0.443481375747778,-65.6683408069159,0
114,113,560,520,20,critical_zone,0,250,300,15,-141.34019174591,120,380.164438105407,-71.6536546147036,1.61302065674332,-70.0406339579603,35.3624618870691,-0.332402309414407,35.0300595776546,0
114,113,560,520,20,critical_zone,1,250,350,15,-149.036243467926,120,353.588744164743,-71.0241934664292,-0.175921223563497,-71.2001146899926,28.739795291688,0.716231770846603,29.4560270625346,0
114,113,560,520,20,critical_zone,2,250,450,15,-168.69006752598,120,317.844301506256,-70.098513425379,0.0661710990254047,-70.0323423263536,12.7243556854224,0.346573336987219,13.0709290224096,0
114,113,560,520,20,critical_zone,3,250,550,15,168.69006752598,120,311.48836254345,-69.9230613483526,1.2546912078099,-68.6683701405427,-5.52754015165617,0.315987487114617,-5.21155266454156,0
114,113,560,520,20,critical_zone,4,250,650,15,149.036243467926,120,336.191909480285,-70.5859699912954,-0.176293577432356,-70.7622635687278,-22.7509763427876,0.227497046284179,-22.5234792965035,0
114,113,560,520,20,critical_zone,5,250,700,15,141.34019174591,120,358.503835404867,-71.1441009596228,0.270940959056194,-70.8731600005667,-30.1413855520753,-0.67793060853031,-30.8193161606057,0
114,113,560,520,20,critical_zone,6,300,700,15,135,120,316.267292017369,-70.0553104347425,-3.44435907287485,-73.4996695076173,-34.695153531234,0.160427871500101,-34.5347256597339,0
114,113,560,520,20,critical_zone,7,400,700,15,116.565051177078,120,240.883789408918,-67.6903763255117,0.00218781577595458,-67.6881885097357,-48.3664606634298,0.155759041263425,-48.2107016221664,0
114,113,560,520,20,critical_zone,8,600,700,15,63.434948822922,120,184.458667456967,-65.3722061729858,1.01755092687214,-64.3546552461137,-102.528807709152,0.215275355728939,-102.313532353423,0
114,113,560,520,20,critical_zone,9,700,700,15,45,120,228.089894559141,-67.2163457230688,0.561746350907028,-66.6545993721617,-127.874983651098,-0.400590236417217,-128.275573887515,0
114,113,560,520,20,critical_zone,10,750,700,15,38.6598082540901,120,261.772802254168,-68.4127152763475,-0.397371761130213,-68.8100870374777,-136.548157698978,-0.53962829209963,-137.087785991078,0
114,113,560,520,20,critical_zone,11,750,650,15,30.9637565320735,120,230.271578793389,-67.2990316061181,-1.06325219530448,-68.3622838014226,-145.619655276155,-0.150696933524306,-145.770352209679,0
114,113,560,520,20,critical_zone,12,750,550,15,11.3099324740202,120,192.418814048939,-65.7391755061646,0.873711839342774,-64.8654636668218,-171.027373385104,0.193555104267121,-170.833818280836,0
114,113,560,520,20,critical_zone,13,750,450,15,-11.3099324740202,120,202.546291005291,-66.1847107314834,-0.68342698785663,-66.8681377193401,159.775140568832,0.866489689830613,160.641630258663,0
114,113,560,520,20,critical_zone,14,750,350,15,-30.9637565320735,120,255,-68.1850284429112,0.136915767847293,-68.0481126750639,138.179830119864,0.779116898887852,138.958947018752,0
114,113,560,520,20,critical_zone,15,750,300,15,-38.6598082540901,120,290.731835202133,-69.3240766286102,1.6116574271724,-67.7124192014378,130.815083874882,-0.00277932916281149,130.812304545719,0
114,113,560,520,20,critical_zone,16,700,300,15,-45,120,260.816027114899,-68.3809103387501,0.164193829558952,-68.2167165091911,122.471192290848,0.751279379310593,123.222471670159,0
114,113,560,520,20,critical_zone,17,600,300,15,-63.434948822922,120,223.66269246345,-67.0460958073146,0.852513185312658,-66.1935826220019,100.304846468766,0.3019632881987,100.606809756965,0
114,113,560,520,20,critical_zone,18,400,300,15,-116.565051177078,120,272.075357208256,-68.7480089948455,0.063532187563411,-68.6844768072821,53.9726266148964,-0.361015905652655,53.6116107092437,0
114,113,560,520,20,critical_zone,19,300,300,15,-135,120,340.624426605022,-70.6997406051428,1.77659664727186,-68.9231439578709,40.2363583092738,0.505440908495683,40.7417992177695,0
114,113,560,520,20,critical_zone,20,300,500,15,180,120,260.816027114899,-68.3809103387501,1.44584996799599,-66.9350603707541,4.39870535499553,-0.101355693156251,4.29734966183929,0
114,113,560,520,20,critical_zone,21,500,350,15,-90,120,180.346887968714,-65.1763978865683,-0.697503475140829,-65.8739013617092,70.5599651718238,-0.493319969638972,70.0666452021848,0
114,113,560,520,20,critical_zone,22,700,500,15,0,120,141.509716980849,-63.0699500817949,0.305990066513744,-62.7639600152811,171.869897645844,0.425851657357008,172.295749303201,0
114,113,560,520,20,critical_zone,23,500,650,15,90,120,143.265487818944,-63.1770564921469,1.94308847864793,-61.233968013499,-65.2248594311681,-1.01552796162217,-66.2403873927903,0
115,114,560,520,20,critical_zone,0,250,300,15,-141.34019174591,120,380.164438105407,-71.6536546147036,1.51553863439676,-70.1381159803069,35.3624618870691,-0.0204910192335092,35.3419708678355,0
115,114,560,520,20,critical_zone,1,250,350,15,-149.036243467926,120,353.588744164743,-71.0241934664292,-2.01891886935824,-73.0431123357874,28.739795291688,0.618947437720387,29.3587427294084,0
115,114,560,520,20,critical_zone,2,250,450,15,-168.69006752598,120,317.844301506256,-70.098513425379,1.54955244060788,-68.5489609847711,12.7243556854224,0.27593561528466,13.000291300707,0
115,114,560,520,20,critical_zone,3,250,550,15,168.69006752598,120,311.48836254345,-69.9230613483526,-0.405843553898247,-70.3289049022509,-5.52754015165617,0.552635185038666,-4.97490496661752,0
115,114,560,520,20,critical_zone,4,250,650,15,149.036243467926,120,336.191909480285,-70.5859699912954,-1.31168783178849,-71.8976578230839,-22.7509763427876,0.320255833353569,-22.4307205094341,0
115,114,560,520,20,critical_zone,5,250,700,15,141.34019174591,120,358.503835404867,-71.1441009596228,0.398218145821908,-70.7458828138009,-30.1413855520753,0.730703812756623,-29.4106817393187,0
115,114,560,520,20,critical_zone,6,300,700,15,135,120,316.267292017369,-70.0553104347425,0.900987920054006,-69.1543225146885,-34.695153531234,0.496996855726124,-34.1981566755078,0
115,114,560,520,20,critical_zone,7,400,700,15,116.565051177078,120,240.883789408918,-67.6903763255117,0.543534222159999,-67.1468421033517,-48.3664606634298,-0.49600531075296,-48.8624659741828,0
115,114,560,520,20,critical_zone,8,600,700,15,63.434948822922,120,184.458667456967,-65.3722061729858,0.706676801532454,-64.6655293714534,-102.528807709152,-0.215667542726228,-102.744475251878,0
115,114,560,520,20,critical_zone,9,700,700,15,45,120,228.089894559141,-67.2163457230688,0.518436510698204,-66.6979092123706,-127.874983651098,1.21964972990944,-126.655333921189,0
115,114,560,520,20,critical_zone,10,750,700,15,38.6598082540901,120,261.772802254168,-68.4127152763475,-0.881334758897694,-69.2940500352452,-136.548157698978,-0.304106421501436,-136.852264120479,0
115,114,560,520,20,critical_zone,11,750,650,15,30.9637565320735,120,230.271578793389,-67.2990316061181,1.29773631139737,-66.0012952947207,-145.619655276155,-0.319190837672155,-145.938846113827,0
115,114,560,520,20,critical_zone,12,750,550,15,11.3099324740202,120,192.418814048939,-65.7391755061646,0.322144031782986,-65.4170314743816,-171.027373385104,-0.562668514503912,-171.590041899608,0
115,114,560,520,20,critical_zone,13,750,450,15,-11.3099324740202,120,202.546291005291,-66.1847107314834,0.672822466475344,-65.5118882650081,159.775140568832,-0.225914065759324,159.549226503073,0
115,114,560,520,20,critical_zone,14,750,350,15,-30.9637565320735,120,255,-68.1850284429112,-0.561573837083701,-68.7466022799949,138.179830119864,-0.406966195957537,137.772863923907,0
115,114,560,520,20,critical_zone,15,750,300,15,-38.6598082540901,120,290.731835202133,-69.3240766286102,-0.199736743737169,-69.5238133723473,130.815083874882,-0.676841622388221,130.138242252493,0
115,114,560,520,20,critical_zone,16,700,300,15,-45,120,260.816027114899,-68.3809103387501,2.14732509491416,-66.2335852438359,122.471192290848,0.453122164332327,122.924314455181,0
115,114,560,520,20,critical_zone,17,600,300,15,-63.434948822922,120,223.66269246345,-67.0460958073146,-0.204616840228668,-67.2507126475433,100.304846468766,-1.01515366280641,99.2896928059596,0
115,114,560,520,20,critical_zone,18,400,300,15,-116.565051177078,120,272.075357208256,-68.7480089948455,-0.495892675477145,-69.2439016703226,53.9726266148964,-0.139168124125538,53.8334584907709,0
115,114,560,520,20,critical_zone,19,300,300,15,-135,120,340.624426605022,-70.6997406051428,0.0248356992255645,-70.6749049059172,40.2363583092738,-0.125562770416719,40.1107955388571,0
115,114,560,520,20,critical_zone,20,300,500,15,180,120,260.816027114899,-68.3809103387501,-1.80049143628394,-70.181401775034,4.39870535499553,0.301576961714985,4.70028231671051,0
115,114,560,520,20,critical_zone,21,500,350,15,-90,120,180.346887968714,-65.1763978865683,0.785213681362842,-64.3911842052055,70.5599651718238,0.788079256374509,71.3480444281983,0
115,114,560,520,20,critical_zone,22,700,500,15,0,120,141.509716980849,-63.0699500817949,-0.575415411614491,-63.6453654934094,171.869897645844,0.568324736757334,172.438222382601,0
115,114,560,520,20,critical_zone,23,500,650,15,90,120,143.265487818944,-63.1770564921469,-1.10635392426569,-64.2834104164126,-65.2248594311681,-0.41195582850853,-65.6368152596766,0
116,115,560,520,20,critical_zone,0,250,300,15,-141.34019174591,120,380.164438105407,-71.6536546147036,-0.181734500099333,-71.835389114803,35.3624618870691,-0.399000319848013,34.963461567221,0
116,115,560,520,20,critical_zone,1,250,350,15,-149.036243467926,120,353.588744164743,-71.0241934664292,-1.08961052470896,-72.1138039911381,28.739795291688,-0.156564896637704,28.5832303950504,0
116,115,560,520,20,critical_zone,2,250,450,15,-168.69006752598,120,317.844301506256,-70.098513425379,-0.0774819308235037,-70.1759953562025,12.7243556854224,0.221798576713079,12.9461542621355,0
116,115,560,520,20,critical_zone,3,250,550,15,168.69006752598,120,311.48836254345,-69.9230613483526,1.24314702336504,-68.6799143249876,-5.52754015165617,-1.03049561375585,-6.55803576541203,0
116,115,560,520,20,critical_zone,4,250,650,15,149.036243467926,120,336.191909480285,-70.5859699912954,-0.0499143176553806,-70.6358843089508,-22.7509763427876,-0.0895949241816041,-22.8405712669692,0
116,115,560,520,20,critical_zone,5,250,700,15,141.34019174591,120,358.503835404867,-71.1441009596228,1.31863398860239,-69.8254669710205,-30.1413855520753,-0.259183159343921,-30.4005687114193,0
116,115,560,520,20,critical_zone,6,300,700,15,135,120,316.267292017369,-70.0553104347425,-1.99293666852975,-72.0482471032722,-34.695153531234,0.341084807746365,-34.3540687234876,0
116,115,560,520,20,critical_zone,7,400,700,15,116.565051177078,120,240.883789408918,-67.6903763255117,-1.09396842667766,-68.7843447521893,-48.3664606634298,0.688816605024862,-47.677644058405,0
116,115,560,520,20,critical_zone,8,600,700,15,63.434948822922,120,184.458667456967,-65.3722061729858,-0.938478866435706,-66.3106850394215,-102.528807709152,-0.550411933475115,-103.079219642627,0
116,115,560,520,20,critical_zone,9,700,700,15,45,120,228.089894559141,-67.2163457230688,-1.79854890098373,-69.0148946240525,-127.874983651098,0.316368097321178,-127.558615553777,0
116,115,560,520,20,critical_zone,10,750,700,15,38.6598082540901,120,261.772802254168,-68.4127152763475,-0.767849980043133,-69.1805652563906,-136.548157698978,0.0159469529640534,-136.532210746014,0
116,115,560,520,20,critical_zone,11,750,650,15,30.9637565320735,120,230.271578793389,-67.2990316061181,-1.53328495424721,-68.8323165603653,-145.619655276155,0.404762187867267,-145.214893088288,0
116,115,560,520,20,critical_zone,12,750,550,15,11.3099324740202,120,192.418814048939,-65.7391755061646,1.0490653737434,-64.6901101324212,-171.027373385104,-0.579899285020783,-171.607272670124,0
116,115,560,520,20,critical_zone,13,750,450,15,-11.3099324740202,120,202.546291005291,-66.1847107314834,0.217292446459393,-65.967418285024,159.775140568832,0.420599862043766,160.195740430876,0
116,115,560,520,20,critical_zone,14,750,350,15,-30.9637565320735,120,255,-68.1850284429112,-1.14064806089777,-69.325676503809,138.179830119864,0.658309675629908,138.838139795494,0
116,115,560,520,20,critical_zone,15,750,300,15,-38.6598082540901,120,290.731835202133,-69.3240766286102,-0.0917254892358719,-69.4158021178461,130.815083874882,0.04913532192663,130.864219196808,0
116,115,560,520,20,critical_zone,16,700,300,15,-45,120,260.816027114899,-68.3809103387501,0.149095019915583,-68.2318153188345,122.471192290848,0.327882409716222,122.799074700565,0
116,115,560,520,20,critical_zone,17,600,300,15,-63.434948822922,120,223.66269246345,-67.0460958073146,-0.643095036929834,-67.6891908442444,100.304846468766,0.392693285280683,100.697539754047,0
116,115,560,520,20,critical_zone,18,400,300,15,-116.565051177078,120,272.075357208256,-68.7480089948455,1.09281856240845,-67.655190432437,53.9726266148964,0.623475500233727,54.5961021151301,0
116,115,560,520,20,critical_zone,19,300,300,15,-135,120,340.624426605022,-70.6997406051428,2.49123979212132,-68.2085008130215,40.2363583092738,0.248381600868844,40.4847399101427,0
116,115,560,520,20,critical_zone,20,300,500,15,180,120,260.816027114899,-68.3809103387501,0.452475973994649,-67.9284343647554,4.39870535499553,-0.650446212388586,3.74825914260694,0
116,115,560,520,20,critical_zone,21,500,350,15,-90,120,180.346887968714,-65.1763978865683,-0.335046182830826,-65.5114440693992,70.5599651718238,0.750349840355798,71.3103150121796,0
116,115,560,520,20,critical_zone,22,700,500,15,0,120,141.509716980849,-63.0699500817949,0.516895176858012,-62.5530549049369,171.869897645844,0.425926208284552,172.295823854129,0
116,115,560,520,20,critical_zone,23,500,650,15,90,120,143.265487818944,-63.1770564921469,-1.06433948404759,-64.2413959761945,-65.2248594311681,-0.339310362941397,-65.5641697941095,0
117,116,560,520,20,critical_zone,0,250,300,15,-141.34019174591,120,380.164438105407,-71.6536546147036,0.0138768508852697,-71.6397777638184,35.3624618870691,-1.18395932014648,34.1785025669226,0
117,116,560,520,20,critical_zone,1,250,350,15,-149.036243467926,120,353.588744164743,-71.0241934664292,0.131398477830273,-70.8927949885989,28.739795291688,1.30975619827388,30.0495514899619,0
117,116,560,520,20,critical_zone,2,250,450,15,-168.69006752598,120,317.844301506256,-70.098513425379,-0.319891149847571,-70.4184045752265,12.7243556854224,1.32078793823214,14.0451436236545,0
117,116,560,520,20,critical_zone,3,250,550,15,168.69006752598,120,311.48836254345,-69.9230613483526,-0.340307132535537,-70.2633684808882,-5.52754015165617,-0.0449126131468644,-5.57245276480305,0
117,116,560,520,20,critical_zone,4,250,650,15,149.036243467926,120,336.191909480285,-70.5859699912954,-0.883898606629071,-71.4698685979245,-22.7509763427876,-0.401368755250608,-23.1523450980382,0
117,116,560,520,20,critical_zone,5,250,700,15,141.34019174591,120,358.503835404867,-71.1441009596228,0.0639182511948701,-71.080182708428,-30.1413855520753,0.528091162583202,-29.6132943894922,0
117,116,560,520,20,critical_zone,6,300,700,15,135,120,316.267292017369,-70.0553104347425,0.210325994778567,-69.8449844399639,-34.695153531234,-0.499450567921895,-35.1946040991559,0
117,116,560,520,20,critical_zone,7,400,700,15,116.565051177078,120,240.883789408918,-67.6903763255117,0.971391680388593,-66.7189846451231,-48.3664606634298,0.0719118870496471,-48.2945487763802,0
117,116,560,520,20,critical_zone,8,600,700,15,63.434948822922,120,184.458667456967,-65.3722061729858,-1.58829789268195,-66.9605040656678,-102.528807709152,-0.61808483967396,-103.146892548825,0
117,116,560,520,20,critical_zone,9,700,700,15,45,120,228.089894559141,-67.2163457230688,1.39330608458304,-65.8230396384857,-127.874983651098,-0.274841548740594,-128.149825199839,0
117,116,560,520,20,critical_zone,10,750,700,15,38.6598082540901,120,261.772802254168,-68.4127152763475,0.946491746698546,-67.4662235296489,-136.548157698978,0.183515717038059,-136.36464198194,0
117,116,560,520,20,critical_zone,11,750,650,15,30.9637565320735,120,230.271578793389,-67.2990316061181,0.494010607954781,-66.8050209981633,-145.619655276155,-0.11671264510262,-145.736367921258,0
117,116,560,520,20,critical_zone,12,750,550,15,11.3099324740202,120,192.418814048939,-65.7391755061646,-0.257088263659164,-65.9962637698237,-171.027373385104,0.18637119655458,-170.841002188549,0
117,116,560,520,20,critical_zone,13,750,450,15,-11.3099324740202,120,202.546291005291,-66.1847107314834,-0.635413209280472,-66.8201239407639,159.775140568832,-0.0650831730116078,159.71005739582,0
117,116,560,520,20,critical_zone,14,750,350,15,-30.9637565320735,120,255,-68.1850284429112,0.566335720025292,-67.6186927228859,138.179830119864,0.277861767790129,138.457691887654,0
117,116,560,520,20,critical_zone,15,750,300,15,-38.6598082540901,120,290.731835202133,-69.3240766286102,0.0427806424469291,-69.2812959861633,130.815083874882,0.0279252484870469,130.843009123369,0
117,116,560,520,20,critical_zone,16,700,300,15,-45,120,260.816027114899,-68.3809103387501,0.573895042883966,-67.8070152958661,122.471192290848,-0.185825433927171,122.285366856921,0
117,116,560,520,20,critical_zone,17,600,300,15,-63.434948822922,120,223.66269246345,-67.0460958073146,-1.90575990404919,-68.9518557113638,100.304846468766,-0.0170564583900825,100.287790010376,0
117,116,560,520,20,critical_zone,18,400,300,15,-116.565051177078,120,272.075357208256,-68.7480089948455,-1.51559157409316,-70.2636005689386,53.9726266148964,0.127600167822252,54.1002267827187,0
117,116,560,520,20,critical_zone,19,300,300,15,-135,120,340.624426605022,-70.6997406051428,-0.348675762782207,-71.048416367925,40.2363583092738,-0.381821112037133,39.8545371972367,0
117,116,560,520,20,critical_zone,20,300,500,15,180,120,260.816027114899,-68.3809103387501,-1.05410020051247,-69.4350105392626,4.39870535499553,-0.484839401738774,3.91386595325676,0
117,116,560,520,20,critical_zone,21,500,350,15,-90,120,180.346887968714,-65.1763978865683,-0.800341546088565,-65.9767394326569,70.5599651718238,0.800872402805576,71.3608375746294,0
117,116,560,520,20,critical_zone,22,700,500,15,0,120,141.509716980849,-63.0699500817949,0.133321224587922,-62.9366288572069,171.869897645844,0.269891455772902,172.139789101617,0
117,116,560,520,20,critical_zone,23,500,650,15,90,120,143.265487818944,-63.1770564921469,-1.23188324281462,-64.4089397349615,-65.2248594311681,0.887188749252286,-64.3376706819158,0
