time,sim_time,uav_x,uav_y,uav_z,zone,sensor_id,sensor_type,sensor_x,sensor_y,sensor_z,orientation_deg,fov_deg,true_distance_m,rx_power_dbm_ideal,rssi_noise_db,rx_power_dbm_noisy,true_aoa_deg,aoa_noise_deg,measured_aoa_deg,inside_fov,detected
1,0,848.502,197.044,20,early_warning_zone,0,omni,250,300,15,-141.34019174591,360,607.313413271928,-75.7224822974755,-1.30750065107345,-77.0299829485489,-9.76065101437372,-0.130883258831161,NaN,1,0
1,0,848.502,197.044,20,early_warning_zone,1,directional,250,350,15,-149.036243467926,120,617.758190508228,-75.8705950778009,-1.50169401038263,-77.3722890881836,-14.3359286672104,-0.125901916469529,-14.46183058368,0,0
1,0,848.502,197.044,20,early_warning_zone,2,directional,250,450,15,-168.69006752598,120,649.781795636043,-76.3095756329045,-0.217197683348266,-76.5267733162527,-22.9112793165613,-0.652493193714618,-23.563772510276,0,0
1,0,848.502,197.044,20,early_warning_zone,3,directional,250,550,15,168.69006752598,120,694.843566524149,-76.8919656499941,0.808126599301246,-76.0838390506929,-30.5292287320599,-0.110610361809138,-30.639839093869,0,0
1,0,848.502,197.044,20,early_warning_zone,4,directional,250,650,15,149.036243467926,120,750.598948800223,-77.5623838713561,0.675285327508541,-76.8870985438475,-37.1190256847167,-0.128033917135394,-37.247059601852,0,0
1,0,848.502,197.044,20,early_warning_zone,5,omni,250,700,15,141.34019174591,360,781.78921835748,-77.9160183700185,-0.511625312909022,-78.4276436829276,-40.0422865110791,-0.275212448704232,NaN,1,0
1,0,848.502,197.044,20,early_warning_zone,6,directional,300,700,15,135,120,744.207082699432,-77.4881008128885,0.33458900028178,-77.1535118126067,-42.5196696129948,-0.620237378023448,-43.1399069910183,0,0
1,0,848.502,197.044,20,early_warning_zone,7,directional,400,700,15,116.565051177078,120,673.901908247781,-76.6261585570159,-0.305286513529209,-76.9314450705451,-48.2755881316252,0.846556457439058,-47.4290316741861,0,0
1,0,848.502,197.044,20,early_warning_zone,8,directional,600,700,15,63.434948822922,120,561.019591404792,-75.0337853852174,1.5166487678774,-73.51713661734,-63.7068063759086,-0.272079598947338,-63.9788859748559,0,0
1,0,848.502,197.044,20,early_warning_zone,9,directional,700,700,15,45,120,524.445022800293,-74.4482241968966,1.09175775865754,-73.3564664382391,-73.5503200833383,-0.0600632635107965,-73.6103833468491,0,0
1,0,848.502,197.044,20,early_warning_zone,10,omni,750,700,15,38.6598082540901,360,512.535249460952,-74.2486996188346,-1.46629715758068,-75.7149967764153,-78.919093144001,-0.500130565578169,NaN,1,0
1,0,848.502,197.044,20,early_warning_zone,11,directional,750,650,15,30.9637565320735,120,463.569608516348,-73.3765239544251,0.357763360570548,-73.0187605938545,-77.7312036723111,0.124356106928188,-77.6068475653829,0,0
1,0,848.502,197.044,20,early_warning_zone,12,directional,750,550,15,11.3099324740202,120,366.477259785652,-71.3351654639247,-2.02606735704262,-73.3612328209673,-74.4067897902305,0.20963315948991,-74.1971566307406,0,0
1,0,848.502,197.044,20,early_warning_zone,13,directional,750,450,15,-11.3099324740202,120,271.503926196289,-68.7297471195843,-1.35491679127501,-70.0846639108593,-68.7238777811224,-0.161454213495024,-68.8853319946174,1,0
1,0,848.502,197.044,20,early_warning_zone,14,directional,750,350,15,-30.9637565320735,120,181.997752568541,-65.2555453353504,1.44575982106265,-63.8097855142877,-57.2189053543883,-0.774476560279861,-57.9933819146682,1,1
1,0,848.502,197.044,20,early_warning_zone,15,omni,750,300,15,-38.6598082540901,360,142.574829265197,-63.1350820379403,0.409119152556367,-62.725962885384,-46.2665361230911,0.167272892571783,NaN,1,1
1,0,848.502,197.044,20,early_warning_zone,16,directional,700,300,15,-45,120,180.769969685233,-65.1967505380775,-1.06921663919544,-66.265967177273,-34.7334559264935,0.722128951062604,-34.011326975431,1,1
1,0,848.502,197.044,20,early_warning_zone,17,directional,600,300,15,-63.434948822922,120,269.031934795853,-68.6503015333462,-0.112551119638072,-68.7628526529843,-22.50454617361,-1.20888572940159,-23.7134319030116,1,1
1,0,848.502,197.044,20,early_warning_zone,18,directional,400,300,15,-116.565051177078,120,460.194504465231,-73.3130533966484,-1.24539777726359,-74.558451173912,-12.9285615187542,-0.824914896744807,-13.753476415499,0,0
1,0,848.502,197.044,20,early_warning_zone,19,directional,300,300,15,-135,120,558.103379258718,-74.9885178768954,-0.347706148638591,-75.336224025534,-10.6309442770248,-0.696307927950593,-11.3272522049755,0,0
1,0,848.502,197.044,20,early_warning_zone,20,omni,300,500,15,180,360,626.627307049414,-75.9944111654929,2.54107724338085,-73.453333922112,-28.9133387564642,-0.418409298504941,NaN,1,0
1,0,848.502,197.044,20,early_warning_zone,21,omni,500,350,15,-90,360,380.623412233141,-71.6641348007426,1.45260500585277,-70.2115297948899,-23.6964597326233,0.696359459236588,NaN,1,0
1,0,848.502,197.044,20,early_warning_zone,22,omni,700,500,15,0,360,337.4317441202,-70.6179435686919,0.112443778478896,-70.505499790213,-63.8869783507485,-0.376755786442377,NaN,1,0
1,0,848.502,197.044,20,early_warning_zone,23,omni,500,650,15,90,360,571.531085716254,-75.195021969379,2.2274395155195,-72.9675824538595,-52.4255032365633,0.386818321339411,NaN,1,0
2,1,839.564,201.528,20,early_warning_zone,0,omni,250,300,15,-141.34019174591,360,597.751992786306,-75.5846454870659,-0.86765427983554,-76.4522997669014,-9.48230403499489,-0.533376551797042,NaN,1,0
2,1,839.564,201.528,20,early_warning_zone,1,directional,250,350,15,-149.036243467926,120,607.992306596062,-75.7321865110021,-0.731143135606577,-76.4633296466086,-14.1350761713123,-0.757928193410456,-14.8930043647228,0,0
2,1,839.564,201.528,20,early_warning_zone,2,directional,250,450,15,-168.69006752598,120,639.803911272821,-76.1751626482564,-0.607972920716276,-76.7831355689727,-22.8530112527614,-0.560759877062973,-23.4137711298244,0,0
2,1,839.564,201.528,20,early_warning_zone,3,directional,250,550,15,168.69006752598,120,684.867465193084,-76.7663555427862,0.810086377091,-75.9562691656952,-30.5859450030238,-0.768875157137002,-31.3548201601608,0,0
2,1,839.564,201.528,20,early_warning_zone,4,directional,250,650,15,149.036243467926,120,740.768415147406,-77.4478739670071,-0.745098416976147,-78.1929723839832,-37.2596735738068,0.049282152613226,-37.2103914211936,0,0
2,1,839.564,201.528,20,early_warning_zone,5,omni,250,700,15,141.34019174591,360,772.065440801491,-77.8073070941715,-0.00932240254882369,-77.8166294967203,-40.2142724019813,0.773040386502641,NaN,1,0
2,1,839.564,201.528,20,early_warning_zone,6,directional,300,700,15,135,120,734.594204224346,-77.3751747850598,0.470442542751168,-76.9047322423086,-42.7330559947268,0.275859962631148,-42.4571960320956,0,0
2,1,839.564,201.528,20,early_warning_zone,7,directional,400,700,15,116.565051177078,120,664.617066347231,-76.5056546162778,-0.254540389566942,-76.7601950058448,-48.5934157028387,-0.461619423593572,-49.0550351264322,0,0
2,1,839.564,201.528,20,early_warning_zone,8,directional,600,700,15,63.434948822922,120,553.073453421876,-74.9098811058004,-0.837728363666147,-75.7476094694665,-64.3312140763222,0.0935988515972859,-64.2376152247249,0,0
2,1,839.564,201.528,20,early_warning_zone,9,directional,700,700,15,45,120,517.665379255751,-74.3352072530133,0.152375211527908,-74.1828320414854,-74.3586232918944,0.534546639896908,-73.8240766519975,0,0
2,1,839.564,201.528,20,early_warning_zone,10,omni,750,700,15,38.6598082540901,360,506.4790665763,-74.1454548367159,1.69927526326242,-72.4461795734534,-79.8139478571674,-0.223383864103697,NaN,1,0
2,1,839.564,201.528,20,early_warning_zone,11,directional,750,650,15,30.9637565320735,120,457.355272058823,-73.2592986278467,0.10992473468369,-73.149373893163,-78.7060872793118,-0.212485193148385,-78.9185724724602,0,0
2,1,839.564,201.528,20,early_warning_zone,12,directional,750,550,15,11.3099324740202,120,359.832523377196,-71.176233121977,-0.927549974417896,-72.1037830963949,-75.5858718559307,0.583942376687433,-75.0019294792432,0,0
2,1,839.564,201.528,20,early_warning_zone,13,directional,750,450,15,-11.3099324740202,120,264.168591774268,-68.4918484555952,1.13565599725236,-67.3561924583428,-70.1778391710592,0.677513072525598,-69.5003260985336,1,1
2,1,839.564,201.528,20,early_warning_zone,14,directional,750,350,15,-30.9637565320735,120,173.466552626147,-64.8385397873472,0.218592915930157,-64.6199468714171,-58.9000103222739,-0.6281532114029,-59.5281635336768,1,1
2,1,839.564,201.528,20,early_warning_zone,15,omni,750,300,15,-38.6598082540901,360,133.204522746039,-62.5446042513835,0.151715797029857,-62.3928884543536,-47.7122970924071,0.247749190506878,NaN,1,1
2,1,839.564,201.528,20,early_warning_zone,16,directional,700,300,15,-45,120,170.879621020179,-64.7080302775043,0.151990780843053,-64.5560394966613,-35.2055994293736,0.0865201663971268,-35.1190792629764,1,1
2,1,839.564,201.528,20,early_warning_zone,17,directional,600,300,15,-63.434948822922,120,259.061083298901,-68.3222683793247,0.80949619552381,-67.5127721838009,-22.3449530616414,0.317870959475998,-22.0270821021654,1,1
2,1,839.564,201.528,20,early_warning_zone,18,directional,400,300,15,-116.565051177078,120,450.486675585416,-73.1278638346378,-0.814588507087811,-73.9424523417256,-12.6270363597366,0.181498707469113,-12.4455376522675,0,0
2,1,839.564,201.528,20,early_warning_zone,19,directional,300,300,15,-135,120,548.498901439192,-74.8377400759335,1.62895027107296,-73.2087898048605,-10.3428184834419,0.728285604393225,-9.61453287904865,0,0
2,1,839.564,201.528,20,early_warning_zone,20,omni,300,500,15,180,360,616.635909496033,-75.854801075382,0.631483557930054,-75.2233175174519,-28.9501648283349,0.513270872866873,NaN,1,0
2,1,839.564,201.528,20,early_warning_zone,21,omni,500,350,15,-90,360,370.638158963699,-71.4332274336331,1.06214289258777,-70.3710845410453,-23.617019749578,0.38298596704833,NaN,1,0
2,1,839.564,201.528,20,early_warning_zone,22,omni,700,500,15,0,360,329.52791214099,-70.4120689685477,-0.529812570649117,-70.9418815391968,-64.9394468242292,0.0765031814854408,NaN,1,0
2,1,839.564,201.528,20,early_warning_zone,23,omni,500,650,15,90,360,562.544082610421,-75.0573560484534,-0.543917887839368,-75.6012739362928,-52.8685372793002,0.265908191253063,NaN,1,0
3,2,830.626,206.012,20,early_warning_zone,0,omni,250,300,15,-141.34019174591,360,588.205147903348,-75.4448012558862,0.316240275258359,-75.1285609806278,-9.1949140369163,-0.198860575489766,NaN,1,0
3,2,830.626,206.012,20,early_warning_zone,1,directional,250,350,15,-149.036243467926,120,598.234148156054,-75.5916488266758,-0.766324860264216,-76.35797368694,-13.9276681500719,-0.137642266757569,-14.0653104168295,0,0
3,2,830.626,206.012,20,early_warning_zone,2,directional,250,450,15,-168.69006752598,120,629.826719042627,-76.0386464482272,0.459575482994951,-75.5790709652323,-22.7928969410656,0.361667325928423,-22.4312296151371,0,0
3,2,830.626,206.012,20,early_warning_zone,3,directional,250,550,15,168.69006752598,120,674.892062495922,-76.6389112416445,-0.557057940352932,-77.1959691819974,-30.6443380406565,-0.397333984053586,-31.0416720247101,0,0
3,2,830.626,206.012,20,early_warning_zone,4,directional,250,650,15,149.036243467926,120,730.94247107416,-77.331888776174,-0.498190395520603,-77.8300791716946,-37.4041039432751,-0.613633452383554,-38.0177373956586,0,0
3,2,830.626,206.012,20,early_warning_zone,5,omni,250,700,15,141.34019174591,360,762.348802071598,-77.6972992782225,0.269590495224845,-77.4277087829977,-40.3906442508294,0.135207288651327,NaN,1,0
3,2,830.626,206.012,20,early_warning_zone,6,directional,300,700,15,135,120,724.991790312139,-77.2608866086224,-0.421844275071209,-77.6827308836936,-42.9520982942294,0.0241631220396254,-42.9279351721897,0,0
3,2,830.626,206.012,20,early_warning_zone,7,directional,400,700,15,116.565051177078,120,655.353260478652,-76.3837341232203,-0.586568717566215,-76.9703028407865,-48.9202394499201,0.304551144910062,-48.61568830501,0,0
3,2,830.626,206.012,20,early_warning_zone,8,directional,600,700,15,63.434948822922,120,545.194915621927,-74.7852607750036,-0.238949083696749,-75.0242098587004,-64.9737479128782,0.447040080714743,-64.5267078321635,0,0
3,2,830.626,206.012,20,early_warning_zone,9,directional,700,700,15,45,120,510.991483314546,-74.2224980705734,0.0556660897882365,-74.1668319807851,-75.1882112335839,-0.0877700377857101,-75.2759812713696,0,0
3,2,830.626,206.012,20,early_warning_zone,10,omni,750,700,15,38.6598082540901,360,500.549394186028,-74.0431636359324,0.397583835438723,-73.6455798004937,-80.7302341430274,-0.661668050403248,NaN,1,0
3,2,830.626,206.012,20,early_warning_zone,11,directional,750,650,15,30.9637565320735,120,451.276961543574,-73.1430880865144,0.240477384384562,-72.9026107021298,-79.7075323049197,-0.832832488805807,-80.5403647937255,0,0
3,2,830.626,206.012,20,early_warning_zone,12,directional,750,550,15,11.3099324740202,120,353.345858925784,-71.0182249526399,-1.83734066279899,-72.8555656154389,-76.8087873331004,-0.0399503851449689,-76.8487377182453,0,0
3,2,830.626,206.012,20,early_warning_zone,13,directional,750,450,15,-11.3099324740202,120,257.013026946106,-68.2533275644712,-0.423819577705266,-68.6771471421764,-71.7138270949008,-0.27739176825633,-71.9912188631571,0,0
3,2,830.626,206.012,20,early_warning_zone,14,directional,750,350,15,-30.9637565320735,120,165.100260508577,-64.4091800047997,-0.911569740337578,-65.3207497451373,-60.7533789952196,0.138900415289509,-60.6144785799301,1,1
3,2,830.626,206.012,20,early_warning_zone,15,omni,750,300,15,-38.6598082540901,360,123.932626938995,-61.9179379406429,0.178037067180152,-61.7399008734628,-49.3759209803873,-0.200524350286117,NaN,1,1
3,2,830.626,206.012,20,early_warning_zone,16,directional,700,300,15,-45,120,161.00278264676,-64.1908924763213,-0.876739721237635,-65.0676321975589,-35.7357650203776,-0.358120900922012,-36.0938859212997,1,1
3,2,830.626,206.012,20,early_warning_zone,17,directional,600,300,15,-63.434948822922,120,249.092545091177,-67.9814394352061,0.375570526618818,-67.6058689085873,-22.1725798255885,1.04913265692145,-21.1234471686671,1,1
3,2,830.626,206.012,20,early_warning_zone,18,directional,400,300,15,-116.565051177078,120,440.791896499924,-72.938896871537,-0.0341087568640275,-72.973005628401,-12.3122369796683,0.153099588038022,-12.1591373916303,0,0
3,2,830.626,206.012,20,early_warning_zone,19,directional,300,300,15,-135,120,538.908801208516,-74.6845303612308,-1.74524187881481,-76.4297722400456,-10.04442941324,-0.408743289311056,-10.4531727025511,0,0
3,2,830.626,206.012,20,early_warning_zone,20,omni,300,500,15,180,360,606.644785702473,-75.7129142153629,0.929477389522556,-74.7834368258403,-28.9882040105571,-0.066393703138626,NaN,1,0
3,2,830.626,206.012,20,early_warning_zone,21,omni,500,350,15,-90,360,360.65370651083,-71.1960328318509,-0.846796879681588,-72.0428297115325,-23.5331802799229,-0.0561996589907677,NaN,1,0
3,2,830.626,206.012,20,early_warning_zone,22,omni,700,500,15,0,360,321.740727947209,-70.2043456359309,0.608034162337748,-69.5963114735932,-66.0432615874803,-0.392152818425121,NaN,1,1
3,2,830.626,206.012,20,early_warning_zone,23,omni,500,650,15,90,360,553.591813541349,-74.9180180181156,-0.505666212442868,-75.4236842305585,-53.3259293968779,0.898043246614155,NaN,1,0
4,3,821.688,210.496,20,early_warning_zone,0,omni,250,300,15,-141.34019174591,360,578.673600019908,-75.3028982268908,-0.150168403729273,-75.45306663062,-8.89804824732982,-0.474452239928725,NaN,1,0
4,3,821.688,210.496,20,early_warning_zone,1,directional,250,350,15,-149.036243467926,120,588.484099496325,-75.4489194932232,-0.412761707409718,-75.8616812006329,-13.7133840473504,1.13391206438877,-12.5794719829616,0,0
4,3,821.688,210.496,20,early_warning_zone,2,directional,250,450,15,-168.69006752598,120,619.850252367457,-75.8999604814357,0.529865240293248,-75.3700952411425,-22.7308473590931,0.00101606323447044,-22.7298312958586,0,0
4,3,821.688,210.496,20,early_warning_zone,3,directional,250,550,15,168.69006752598,120,664.917389876367,-76.509578662115,-0.948564578812812,-77.4581432409278,-30.7044831919439,-0.238173634622083,-30.942656826566,0,0
4,3,821.688,210.496,20,early_warning_zone,4,directional,250,650,15,149.036243467926,120,721.121304192297,-77.2143913577508,0.651022161574139,-76.5633691961767,-37.5524695457678,0.155511002623169,-37.3969585431446,0,0
4,3,821.688,210.496,20,early_warning_zone,5,omni,250,700,15,141.34019174591,360,752.639578656345,-77.5859658861677,-1.64347635538673,-79.2294422415545,-40.5715685254023,0.232008052764715,NaN,1,0
4,3,821.688,210.496,20,early_warning_zone,6,directional,300,700,15,135,120,715.400262342697,-77.1452067356733,-0.61395194976194,-77.7591586854352,-43.1770177360791,0.324800355407516,-42.8522173806715,0,0
4,3,821.688,210.496,20,early_warning_zone,7,directional,400,700,15,116.565051177078,120,646.111395472948,-76.2603728495062,0.286252557510902,-75.9741202919953,-49.2564246141825,0.660165769972733,-48.5962588442098,0,0
4,3,821.688,210.496,20,early_warning_zone,8,directional,600,700,15,63.434948822922,120,537.386951237188,-74.6599671690487,-1.43168645540538,-76.0916536244541,-65.6350399457693,-0.269301669882563,-65.9043416156519,0,0
4,3,821.688,210.496,20,early_warning_zone,9,directional,700,700,15,45,120,504.427532317577,-74.1102004924621,1.98270367347196,-72.1274968189901,-76.0395740008994,-0.371506591028248,-76.4110805919277,0,0
4,3,821.688,210.496,20,early_warning_zone,10,omni,750,700,15,38.6598082540901,360,494.750781060525,-73.9419546041811,0.268015044107466,-73.6739395600736,-81.6682455109562,-0.271796769041871,NaN,1,0
4,3,821.688,210.496,20,early_warning_zone,11,directional,750,650,15,30.9637565320735,120,445.340246732765,-73.0280637422066,0.532933136658689,-72.4951306055479,-80.7360019708572,-0.430445507928996,-81.1664474787862,0,0
4,3,821.688,210.496,20,early_warning_zone,12,directional,750,550,15,11.3099324740202,120,347.026130658773,-70.861468391931,-0.00882428205007562,-70.8702926739811,-78.0768488121046,-0.792276075860374,-78.869124887965,0,0
4,3,821.688,210.496,20,early_warning_zone,13,directional,750,450,15,-11.3099324740202,120,250.052665172759,-68.0148545904825,0.679302936723925,-67.3355516537585,-73.3365806603323,0.19898907429601,-73.1375915860363,0,0
4,3,821.688,210.496,20,early_warning_zone,14,directional,750,350,15,-30.9637565320735,120,156.925254054279,-63.9680816427272,-0.311516874961506,-64.2795985176887,-62.8023774666828,-0.06448604920763,-62.8668635158904,1,1
4,3,821.688,210.496,20,early_warning_zone,15,omni,750,300,15,-38.6598082540901,360,114.782992468397,-61.2517756922803,-1.37466753113562,-62.6264432234159,-51.3071067204515,-1.22601750432752,NaN,1,1
4,3,821.688,210.496,20,early_warning_zone,16,directional,700,300,15,-45,120,151.142103200928,-63.641934060228,-0.0156282253910209,-63.657562285619,-36.335238331185,-0.176981238666208,-36.5122195698512,1,1
4,3,821.688,210.496,20,early_warning_zone,17,directional,600,300,15,-63.434948822922,120,239.126609477072,-67.6267829568029,-2.07091697482352,-69.6976999316265,-21.9858308302283,-0.0984765603347235,-22.0843073905631,1,1
4,3,821.688,210.496,20,early_warning_zone,18,directional,400,300,15,-116.565051177078,120,431.111047596788,-72.7460078776633,-1.45260931727322,-74.1986171949365,-11.9832874074205,1.08566736446518,-10.8976200429553,0,0
4,3,821.688,210.496,20,early_warning_zone,19,directional,300,300,15,-135,120,529.333860016531,-74.5288183440594,-0.46055345983634,-74.9893718038957,-9.735235829595,-0.718449710381484,-10.4536855399765,0,0
4,3,821.688,210.496,20,early_warning_zone,20,omni,300,500,15,180,360,596.65394942127,-75.5686752279833,1.05577026726455,-74.5129049607188,-29.0275172144388,0.275731186979728,NaN,1,0
4,3,821.688,210.496,20,early_warning_zone,21,omni,500,350,15,-90,360,350.670123278274,-70.9522001548215,0.281738508063589,-70.6704616467579,-23.4445658324245,0.581046698538608,NaN,1,0
4,3,821.688,210.496,20,early_warning_zone,22,omni,700,500,15,0,360,314.078868057053,-69.9949991753861,-1.10309084569435,-71.0980900210804,-67.2013919226211,1.07615009516396,NaN,1,0
4,3,821.688,210.496,20,early_warning_zone,23,omni,500,650,15,90,360,544.675991172734,-74.7769894819382,0.0330249350151163,-74.7439645469231,-53.7983278382145,0.468003172716198,NaN,1,0
5,4,812.749,214.98,20,early_warning_zone,0,omni,250,300,15,-141.34019174591,360,569.157128920477,-75.1588684328752,0.222878813119023,-74.9359896197562,-8.59126195484894,0.00226127080143548,NaN,1,0
5,4,812.749,214.98,20,early_warning_zone,1,directional,250,350,15,-149.036243467926,120,578.741598125623,-75.3039188183664,-0.233497943834464,-75.5374167622009,-13.4919055640106,-0.17939508661268,-13.6713006506233,0,0
5,4,812.749,214.98,20,early_warning_zone,2,directional,250,450,15,-168.69006752598,120,609.873624123064,-75.7590218612646,0.740872037340133,-75.0181498239244,-22.6668038827097,-0.88403644901325,-23.5508403317229,0,0
5,4,812.749,214.98,20,early_warning_zone,3,directional,250,550,15,168.69006752598,120,654.942621457025,-76.3782899096059,-0.302227728962409,-76.6805176385683,-30.7665051308304,0.306797400534226,-30.4597077302961,0,0
5,4,812.749,214.98,20,early_warning_zone,4,directional,250,650,15,149.036243467926,120,711.304321230372,-77.0953337758204,-1.29846823724254,-78.3938020130629,-37.7049806268265,0.630341163439745,-37.0746394633868,0,0
5,4,812.749,214.98,20,early_warning_zone,5,omni,250,700,15,141.34019174591,360,742.937303815739,-77.4732681415908,-0.440802262130754,-77.9140704037215,-40.7572703854783,-0.046893417466708,NaN,1,0
5,4,812.749,214.98,20,early_warning_zone,6,directional,300,700,15,135,120,705.819337650223,-77.0280958892008,0.15495596409517,-76.8731399251056,-43.4081026369038,0.245117669669766,-43.162984967234,0,0
5,4,812.749,214.98,20,early_warning_zone,7,directional,400,700,15,116.565051177078,120,636.891778405876,-76.1355376870904,0.603389468873736,-75.5321482182166,-49.6024235956538,0.0653661936889061,-49.5370574019649,0,0
5,4,812.749,214.98,20,early_warning_zone,8,directional,600,700,15,63.434948822922,120,529.652279709056,-74.5340417521616,-0.775175918483611,-75.3092176706453,-66.3158387385328,-0.868597901542947,-67.1844366400757,0,0
5,4,812.749,214.98,20,early_warning_zone,9,directional,700,700,15,45,120,497.977647491331,-73.9984218183808,1.44177680345819,-72.5566450149226,-76.9133013436145,-0.209795143395643,-77.1230964870101,0,0
5,4,812.749,214.98,20,early_warning_zone,10,omni,750,700,15,38.6598082540901,360,489.087760428535,-73.8419607263208,-0.249972749795096,-74.0919334761159,-82.6283591501987,-0.425074274166738,NaN,1,0
5,4,812.749,214.98,20,early_warning_zone,11,directional,750,650,15,30.9637565320735,120,439.550722216447,-72.9144047936532,0.999083176875202,-71.915321616778,-81.7920441806879,-0.504478783084223,-82.2965229637721,0,0
5,4,812.749,214.98,20,early_warning_zone,12,directional,750,550,15,11.3099324740202,120,340.882439267557,-70.7063174123073,-0.52493432910643,-71.2312517414138,-79.3914557472827,0.317787566716492,-79.0736681805662,0,0
5,4,812.749,214.98,20,early_warning_zone,13,directional,750,450,15,-11.3099324740202,120,243.304002024217,-67.7772098852479,-1.95250589681906,-69.729715782067,-75.0510586067919,-0.680299383024516,-75.7313579898164,0,0
5,4,812.749,214.98,20,early_warning_zone,14,directional,750,350,15,-30.9637565320735,120,148.972606210001,-63.5163531466919,-0.591060242917936,-64.1074133896098,-65.0738900187843,-0.207986128131371,-65.2818761469157,1,1
5,4,812.749,214.98,20,early_warning_zone,15,omni,750,300,15,-38.6598082540901,360,105.786754374071,-60.5428506906025,0.427068029638784,-60.1157826609637,-53.5708245877779,-0.89168652440264,NaN,1,1
5,4,812.749,214.98,20,early_warning_zone,16,directional,700,300,15,-45,120,141.300167731677,-63.0570783818754,-2.41769763629641,-65.4747760181718,-37.0186435355519,-0.146592390770979,-37.1652359263229,1,1
5,4,812.749,214.98,20,early_warning_zone,17,directional,600,300,15,-63.434948822922,120,229.162687628244,-67.2571029748071,0.545629048350748,-66.7114739264563,-21.7829267527676,-0.475530164265963,-22.2584569170336,1,1
5,4,812.749,214.98,20,early_warning_zone,18,directional,400,300,15,-116.565051177078,120,421.444109462927,-72.5490245955935,0.630815139238437,-71.9182094563551,-11.6392622888059,0.55856852668348,-11.0806937621224,0,0
5,4,812.749,214.98,20,early_warning_zone,19,directional,300,300,15,-135,120,519.773929127847,-74.3705146807461,0.986892759387045,-73.383621921359,-9.41467713366579,-0.692035648442474,-10.1067127821083,0,0
5,4,812.749,214.98,20,early_warning_zone,20,omni,300,500,15,180,360,586.662541331045,-75.4219920182766,0.769207240856594,-74.65278477742,-29.0682169478349,-0.238291928157515,NaN,1,0
5,4,812.749,214.98,20,early_warning_zone,21,omni,500,350,15,-90,360,340.68656768502,-70.7013250520955,-1.24219097526275,-71.9435160273582,-23.3508236486466,-0.422854059626318,NaN,1,0
5,4,812.749,214.98,20,early_warning_zone,22,omni,700,500,15,0,360,306.55136176667,-69.7842898281611,0.845644694492714,-68.9386451336684,-68.4171023399001,0.491264651290059,NaN,1,1
5,4,812.749,214.98,20,early_warning_zone,23,omni,500,650,15,90,360,535.797851247091,-74.6342441860289,-0.816855222246543,-75.4510994082755,-54.286502749273,0.383465693255451,NaN,1,0
6,5,803.811,219.464,20,early_warning_zone,0,omni,250,300,15,-141.34019174591,360,559.658530728336,-75.0126873939112,1.01985845374483,-73.9928289401663,-8.27403601301887,-0.495025181375334,NaN,1,0
6,5,803.811,219.464,20,early_warning_zone,1,directional,250,350,15,-149.036243467926,120,569.009025426662,-75.1566079358386,-0.122781854649681,-75.2793897904883,-13.2628225822746,1.14253260425031,-12.1202899780243,0,0
6,5,803.811,219.464,20,early_warning_zone,2,directional,250,450,15,-168.69006752598,120,599.898717299012,-75.6157835008673,0.334572271936638,-75.2812112289307,-22.6005934830299,-0.284306800392271,-22.8849002834222,0,0
6,5,803.811,219.464,20,early_warning_zone,3,directional,250,550,15,168.69006752598,120,644.969511695708,-76.2450085466191,0.826222499869167,-75.41878604675,-30.8303999796607,-0.228903430755573,-31.0593034104162,0,0
6,5,803.811,219.464,20,early_warning_zone,4,directional,250,650,15,149.036243467926,120,701.493315019466,-76.9746955684907,-0.0131903418140905,-76.9878859103048,-37.8617092824379,0.163337395898786,-37.6983718865391,0,0
6,5,803.811,219.464,20,early_warning_zone,5,omni,250,700,15,141.34019174591,360,733.243800530901,-77.3591928296678,1.00420607016963,-76.3549867594981,-40.9478336621236,0.0653383887437701,NaN,1,0
6,5,803.811,219.464,20,early_warning_zone,6,directional,300,700,15,135,120,696.250939688414,-76.9095407207035,0.144717977819155,-76.7648227428844,-43.6454869834925,0.337482566695143,-43.3080044167974,0,0
6,5,803.811,219.464,20,early_warning_zone,7,directional,400,700,15,116.565051177078,120,627.696718978999,-76.0092220055245,0.813033630440585,-75.1961883750839,-49.9585043599828,0.024322190547111,-49.9341821694357,0,0
6,5,803.811,219.464,20,early_warning_zone,8,directional,600,700,15,63.434948822922,120,521.994991371565,-74.4075515521269,0.343576594043784,-74.0639749580831,-67.0166143789324,-0.135753471879403,-67.1523678508118,0,0
6,5,803.811,219.464,20,early_warning_zone,9,directional,700,700,15,45,120,491.646794982943,-73.8872890815668,-0.94718317089392,-74.8344722524607,-77.8096325202407,-0.928628242991033,-78.7382607632317,0,0
6,5,803.811,219.464,20,early_warning_zone,10,omni,750,700,15,38.6598082540901,360,483.565374088137,-73.7433287433155,0.0905780089209162,-73.6527507343946,-83.6105682591537,0.434126560923218,NaN,1,0
6,5,803.811,219.464,20,early_warning_zone,11,directional,750,650,15,30.9637565320735,120,433.914589541536,-72.8023098880199,0.0458647923027735,-72.7564450957171,-82.8757698488063,0.0871460208785036,-82.7886238279278,0,0
6,5,803.811,219.464,20,early_warning_zone,12,directional,750,550,15,11.3099324740202,120,334.924873691101,-70.5531728794247,-0.345198787307099,-70.8983716667318,-80.753412071435,-0.0208116065110219,-80.774223677946,0,0
6,5,803.811,219.464,20,early_warning_zone,13,directional,750,450,15,-11.3099324740202,120,236.78570695251,-67.541334506483,0.0452118504246915,-67.4961226560583,-76.8614366180558,-0.103295952171393,-76.9647325702272,0,0
6,5,803.811,219.464,20,early_warning_zone,14,directional,750,350,15,-30.9637565320735,120,141.280823245761,-63.0558891718762,0.091242599576294,-62.9646465722999,-67.5970198213165,-0.365160279835654,-67.9621801011522,1,1
6,5,803.811,219.464,20,early_warning_zone,15,omni,750,300,15,-38.6598082540901,360,96.9879941900027,-59.7885843897149,-0.529441668353613,-60.3180260580685,-56.250705692137,-1.23734725869414,NaN,1,1
6,5,803.811,219.464,20,early_warning_zone,16,directional,700,300,15,-45,120,131.482968543458,-62.4316148494347,-0.580755257196312,-63.012370106631,-37.8041122152854,0.696752418978916,-37.1073597963065,1,1
6,5,803.811,219.464,20,early_warning_zone,17,directional,600,300,15,-63.434948822922,120,219.203036057898,-66.8711561346813,0.905096057104797,-65.9660600775765,-21.5614742190756,0.0680021340550264,-21.4934720850206,1,1
6,5,803.811,219.464,20,early_warning_zone,18,directional,400,300,15,-116.565051177078,120,411.794088127792,-72.3478269828395,-0.194260072821349,-72.5420870556608,-11.2790685960738,-0.888917131539616,-12.1679857276134,0,0
6,5,803.811,219.464,20,early_warning_zone,19,directional,300,300,15,-135,120,510.231879655711,-74.2095766373094,-0.244381484853444,-74.4539581221628,-9.08209777786006,-0.187043200499407,-9.26914097835947,0,0
6,5,803.811,219.464,20,early_warning_zone,20,omni,300,500,15,180,360,576.67232551684,-75.2728070369354,1.10662824758824,-74.1661787893472,-29.1102787524619,-0.249666991919393,NaN,1,0
6,5,803.811,219.464,20,early_warning_zone,21,omni,500,350,15,-90,360,330.704960677943,-70.4430390245472,1.08178788682423,-69.361251137723,-23.2513521649838,0.355366506749577,NaN,1,1
6,5,803.811,219.464,20,early_warning_zone,22,omni,700,500,15,0,360,299.169134465773,-69.5725605336781,-1.57094724679974,-71.1435077804779,-69.6932484426159,-0.585737600351666,NaN,1,0
6,5,803.811,219.464,20,early_warning_zone,23,omni,500,650,15,90,360,526.960502331057,-74.4897861228277,0.595871408297796,-73.8939147145299,-54.7910028272962,-0.0728670369164603,NaN,1,0
7,6,794.873,223.949,20,early_warning_zone,0,omni,250,300,15,-141.34019174591,360,550.1775538224,-74.8642821950755,-0.00778915364969223,-74.8720713487252,-7.94576260119907,0.863064256107685,NaN,1,0
7,6,794.873,223.949,20,early_warning_zone,1,directional,250,350,15,-149.036243467926,120,559.285652176059,-75.006898397243,0.464362983037829,-74.5425354142051,-13.0256700717606,-0.371865680655462,-13.3975357524161,0,0
7,6,794.873,223.949,20,early_warning_zone,2,directional,250,450,15,-168.69006752598,120,589.924266944495,-75.4701500650679,-0.705503285308406,-76.1756533503763,-22.5320542308061,-0.558762756262567,-23.0908169870686,0,0
7,6,794.873,223.949,20,early_warning_zone,3,directional,250,550,15,168.69006752598,120,634.996724975807,-76.1096545423204,2.78166288837948,-73.3279916539409,-30.8962244725379,-0.392621444896385,-31.2888459174343,0,0
7,6,794.873,223.949,20,early_warning_zone,4,directional,250,650,15,149.036243467926,120,691.68709741472,-76.8524183245629,-0.527149160964695,-77.3795674855276,-38.0228178253098,-0.544068409276302,-38.5668862345861,0,0
7,6,794.873,223.949,20,early_warning_zone,5,omni,250,700,15,141.34019174591,360,723.557973302762,-77.243691506756,1.20092924230596,-76.04276226445,-41.143441316576,-0.355486056765662,NaN,1,0
7,6,794.873,223.949,20,early_warning_zone,6,directional,300,700,15,135,120,686.694139140564,-76.7894916493137,-1.06724535043139,-77.8567369997451,-43.8894227551391,-1.46774483928664,-45.3571675944258,0,0
7,6,794.873,223.949,20,early_warning_zone,7,directional,400,700,15,116.565051177078,120,618.525861003402,-75.8813820843118,1.15373501124361,-74.7276470730682,-50.3250994726518,-1.09233865154639,-51.4174381241982,0,0
7,6,794.873,223.949,20,early_warning_zone,8,directional,600,700,15,63.434948822922,120,514.417185492476,-74.2805342129551,0.792887651216595,-73.4876465617385,-67.7381038659743,-0.313583691011152,-68.0516875569855,0,0
7,6,794.873,223.949,20,early_warning_zone,9,directional,700,700,15,45,120,485.438400551502,-73.7769073976766,-1.13599019992441,-74.912897597601,-78.7290960809951,-0.232136080587618,-78.9612321615828,0,0
7,6,794.873,223.949,20,early_warning_zone,10,omni,750,700,15,38.6598082540901,360,478.18734898573,-73.6461864773402,-0.0336164633759286,-73.6798029407161,-84.6151584468193,0.228572270034959,NaN,1,0
7,6,794.873,223.949,20,early_warning_zone,11,directional,750,650,15,30.9637565320735,120,428.436740639735,-72.6919589687877,1.77570343341543,-70.9162555353722,-83.9875988781007,-0.202716194134116,-84.1903150722348,0,0
7,6,794.873,223.949,20,early_warning_zone,12,directional,750,550,15,11.3099324740202,120,329.162331882006,-70.4024274408698,-0.967836014656378,-71.3702634555262,-82.1638546698303,0.258618076857175,-81.9052365929731,0,0
7,6,794.873,223.949,20,early_warning_zone,13,directional,750,450,15,-11.3099324740202,120,230.516031394782,-67.3082475158764,-0.440735560272983,-67.7489830761494,-78.7722718628485,-0.491129986527703,-79.2634018493762,0,0
7,6,794.873,223.949,20,early_warning_zone,14,directional,750,350,15,-30.9637565320735,120,133.893393152911,-62.5894077877622,-0.710939251063831,-63.300347038826,-70.4047368533982,0.193240223961721,-70.2114966294365,1,1
7,6,794.873,223.949,20,early_warning_zone,15,omni,750,300,15,-38.6598082540901,360,88.4439977047623,-58.9875921269925,-0.712281630398499,-59.699873757391,-59.457768922781,-0.352417825395756,NaN,1,1
7,6,794.873,223.949,20,early_warning_zone,16,directional,700,300,15,-45,120,121.69486731165,-61.7596700643658,-1.22783536578646,-62.9875054301523,-38.7159582751842,-0.0674701902610116,-38.7834284654452,1,1
7,6,794.873,223.949,20,early_warning_zone,17,directional,600,300,15,-63.434948822922,120,209.24684162491,-66.4674030635739,-0.867734646688422,-67.3351377102623,-21.3186777452322,0.306521053705453,-21.0121566915267,1,1
7,6,794.873,223.949,20,early_warning_zone,18,directional,400,300,15,-116.565051177078,120,402.16096370732,-72.1422230928492,0.292281553766646,-71.8499415390826,-10.9014614538023,-0.663565309690565,-11.5650267634928,0,0
7,6,794.873,223.949,20,early_warning_zone,19,directional,300,300,15,-135,120,500.707540116983,-74.0459074633504,-0.247648543221782,-74.2935560065722,-8.73673977521861,-0.0352441465818408,-8.77198392180046,0,0
7,6,794.873,223.949,20,early_warning_zone,20,omni,300,500,15,180,360,566.681957300566,-75.1210125396985,-0.324007390076002,-75.4450199297745,-29.153735384407,1.02960279055242,NaN,1,0
7,6,794.873,223.949,20,early_warning_zone,21,omni,500,350,15,-90,360,320.724088166137,-70.1768564160107,-0.849487349090234,-71.026343765101,-23.145523762388,-0.143334224420196,NaN,1,0
7,6,794.873,223.949,20,early_warning_zone,22,omni,700,500,15,0,360,291.941844773921,-69.3601517940787,-0.491800375362387,-69.8519521694411,-71.0332176861127,0.167496237992669,NaN,1,1
7,6,794.873,223.949,20,early_warning_zone,23,omni,500,650,15,90,360,518.164588456216,-74.3435794308657,1.28569527674382,-73.0578841541219,-55.3126094421699,-0.69428193180205,NaN,1,0
8,7,785.935,228.433,20,early_warning_zone,0,omni,250,300,15,-141.34019174591,360,540.715414718316,-74.7135998466686,-1.19163772071591,-75.9052375673845,-7.60609249812523,-0.328376322468519,NaN,1,0
8,7,785.935,228.433,20,early_warning_zone,1,directional,250,350,15,-149.036243467926,120,549.572433546298,-74.8547236435379,-0.0143240833043508,-74.8690477268422,-12.7802310920972,0.429889444488749,-12.3503416476085,0,0
8,7,785.935,228.433,20,early_warning_zone,2,directional,250,450,15,-168.69006752598,120,579.951083897599,-75.3220521231033,1.14284687941504,-74.1792052436883,-22.4612486281795,0.0614814566913039,-22.3997671714882,0,0
8,7,785.935,228.433,20,early_warning_zone,3,directional,250,550,15,168.69006752598,120,625.025327258024,-75.9721771576108,-0.937344395993254,-76.9095215536041,-30.9642281830188,-0.10081503371376,-31.0650432167326,0,0
8,7,785.935,228.433,20,early_warning_zone,4,directional,250,650,15,149.036243467926,120,681.887131213077,-76.7284747218494,0.246256679790227,-76.4822180420591,-38.1886251471395,-0.440210074284598,-38.6288352214241,0,0
8,7,785.935,228.433,20,early_warning_zone,5,omni,250,700,15,141.34019174591,360,713.881474555826,-77.1267470748168,-0.678119125331908,-77.8048662001487,-41.3444150811326,0.541656786387341,NaN,1,0
8,7,785.935,228.433,20,early_warning_zone,6,directional,300,700,15,135,120,677.150839705601,-76.6679332612583,-0.353988001615373,-77.0219212628737,-44.1403005117269,-0.986420690341641,-45.1267212020686,0,0
8,7,785.935,228.433,20,early_warning_zone,7,directional,400,700,15,116.565051177078,120,609.38186690613,-75.752015373817,1.34872476035967,-74.4032906134574,-50.7027734478315,-0.0910086719730529,-50.7937821198045,0,0
8,7,785.935,228.433,20,early_warning_zone,8,directional,600,700,15,63.434948822922,120,506.924313595235,-74.1530872697483,0.512151230527605,-73.6409360392207,-68.481089042826,0.765751010437375,-67.7153380323886,0,0
8,7,785.935,228.433,20,early_warning_zone,9,directional,700,700,15,45,120,479.359217825213,-73.6674464950658,0.975658497202733,-72.6917879978631,-79.6721565626878,0.0404979455339525,-79.6316586171539,0,0
8,7,785.935,228.433,20,early_warning_zone,10,omni,750,700,15,38.6598082540901,360,472.960632308864,-73.5507246941231,-0.380347958473723,-73.9310726525968,-85.642289843114,-0.0302734762067886,NaN,1,0
8,7,785.935,228.433,20,early_warning_zone,11,directional,750,650,15,30.9637565320735,120,423.125347520094,-72.5836056886893,-1.62244385229811,-74.2060495409874,-85.1278001480384,-0.188231844639994,-85.3160319926784,0,0
8,7,785.935,228.433,20,early_warning_zone,12,directional,750,550,15,11.3099324740202,120,323.607261528539,-70.2545900007248,-0.51513742818775,-70.7697274289125,-83.6236713212243,0.748018789166617,-82.8756525320576,0,0
8,7,785.935,228.433,20,early_warning_zone,13,directional,750,450,15,-11.3099324740202,120,224.517838297985,-67.0792418761294,-0.0781283080012302,-67.1573701841306,-80.7876591466535,0.361695495287254,-80.4259636513662,0,0
8,7,785.935,228.433,20,early_warning_zone,14,directional,750,350,15,-30.9637565320735,120,126.865518223038,-62.1210967906422,-0.290212295295548,-62.4113090859377,-73.532409590659,-0.243757669212796,-73.7761672598718,1,1
8,7,785.935,228.433,20,early_warning_zone,15,omni,750,300,15,-38.6598082540901,360,80.2381437596858,-58.1418422962315,-0.444187989025009,-58.5860302852565,-63.3379995764093,0.333695000755507,NaN,1,1
8,7,785.935,228.433,20,early_warning_zone,16,directional,700,300,15,-45,120,111.944895881858,-61.0343107691515,-0.918963224838139,-61.9532739939897,-39.7876629843732,-0.411826939261427,-40.1994899236346,1,1
8,7,785.935,228.433,20,early_warning_zone,17,directional,600,300,15,-63.434948822922,120,199.29540816085,-66.0441706844709,1.10311464425033,-64.9410560402205,-21.0518814778216,-0.00797071196374739,-21.0598521897854,1,1
8,7,785.935,228.433,20,early_warning_zone,18,directional,400,300,15,-116.565051177078,120,392.546379061124,-71.9320443478516,0.94948857640563,-70.982555771446,-10.5054792353837,-0.0869482663868774,-10.5924275017705,0,0
8,7,785.935,228.433,20,early_warning_zone,19,directional,300,300,15,-135,120,491.202259475666,-73.8794319511108,0.303976528847745,-73.5754554222631,-8.37811605748493,0.384052590872389,-7.99406346661254,0,0
8,7,785.935,228.433,20,early_warning_zone,20,omni,300,500,15,180,360,556.692428288727,-74.9665311222431,0.505785190855762,-74.4607459313874,-29.1988417017838,0.764717349012183,NaN,1,0
8,7,785.935,228.433,20,early_warning_zone,21,omni,500,350,15,-90,360,310.744846641099,-69.9023035358466,-1.44436696867209,-71.3466705045187,-23.0330655178933,-0.710519065115445,NaN,1,0
8,7,785.935,228.433,20,early_warning_zone,22,omni,700,500,15,0,360,284.883238738259,-69.1475627949696,-0.487657161728833,-69.6352199566985,-72.4404804931201,-0.348702448643842,NaN,1,1
8,7,785.935,228.433,20,early_warning_zone,23,omni,500,650,15,90,360,509.413937494843,-74.1956412947737,1.68881264131446,-72.5068286534593,-55.8522488331367,0.813068901816333,NaN,1,0
9,8,776.996,232.917,20,early_warning_zone,0,omni,250,300,15,-141.34019174591,360,531.271976397212,-74.5605630000823,-0.657367337413041,-75.2179303374953,-7.25434813960873,-0.426367813437121,NaN,1,0
9,8,776.996,232.917,20,early_warning_zone,1,directional,250,350,15,-149.036243467926,120,539.868699690026,-74.6999878109229,0.942942594546174,-73.7570452163767,-12.525987315477,0.552186610341659,-11.9738007051353,0,0
9,8,776.996,232.917,20,early_warning_zone,2,directional,250,450,15,-168.69006752598,120,569.977905628806,-75.171385258227,-0.392128836725848,-75.5635140949529,-22.3880034037191,0.289273648197029,-22.0987297555221,0,0
9,8,776.996,232.917,20,early_warning_zone,3,directional,250,550,15,168.69006752598,120,615.05399186169,-75.8324896648095,-0.646640013508169,-76.4791296783177,-31.034484945419,-0.538948884780382,-31.5734338301994,0,0
9,8,776.996,232.917,20,early_warning_zone,4,directional,250,650,15,149.036243467926,120,672.092265172722,-76.6028027805713,0.702813736179374,-75.8999890443919,-38.359319562548,0.00194023253972377,-38.3573793300083,0,0
9,8,776.996,232.917,20,early_warning_zone,5,omni,250,700,15,141.34019174591,360,704.21325811504,-77.0083087783673,-1.41456110777039,-78.4228698861377,-41.550963634355,-0.172032704146694,NaN,1,0
9,8,776.996,232.917,20,early_warning_zone,6,directional,300,700,15,135,120,667.620186112583,-76.5448140242376,1.16394535175806,-75.3808686724795,-44.3984060762226,-0.14122255149484,-44.5396286277174,0,0
9,8,776.996,232.917,20,early_warning_zone,7,directional,400,700,15,116.565051177078,120,600.264535771521,-75.6210785454707,1.15111748112878,-74.4699610643419,-51.0920118999541,0.195310896864,-50.8967010030901,0,0
9,8,776.996,232.917,20,early_warning_zone,8,directional,600,700,15,63.434948822922,120,499.518881429921,-74.0252630116321,0.813607075140946,-73.2116559364911,-69.2463441892207,0.813724789667256,-68.4326193995534,0,0
9,8,776.996,232.917,20,early_warning_zone,9,directional,700,700,15,45,120,473.413046825919,-73.5590292844806,1.2412477535253,-72.3177815309553,-80.6392960760083,-0.379522853743786,-81.0188189297521,0,0
9,8,776.996,232.917,20,early_warning_zone,10,omni,750,700,15,38.6598082540901,360,467.889210075419,-73.4570854363558,-0.47898773157632,-73.9360731679322,-86.6921553625723,-0.56843223948745,NaN,1,0
9,8,776.996,232.917,20,early_warning_zone,11,directional,750,650,15,30.9637565320735,120,417.98566112368,-72.4774525079303,-1.18309522435231,-73.6605477322826,-86.296654928334,-0.049516219381246,-86.3461711477153,0,0
9,8,776.996,232.917,20,early_warning_zone,12,directional,750,550,15,11.3099324740202,120,318.269403029886,-70.1101226249373,0.301497360692899,-69.8086252642444,-85.1336534268153,0.212641470552256,-84.921011956263,0,0
9,8,776.996,232.917,20,early_warning_zone,13,directional,750,450,15,-11.3099324740202,120,218.812277774809,-66.8556585750514,0.29462835837689,-66.5610302166745,-82.9112064977046,0.465717148358156,-82.4454893493464,0,0
9,8,776.996,232.917,20,early_warning_zone,14,directional,750,350,15,-30.9637565320735,120,120.25894106053,-61.6565723412031,-0.579871362096338,-62.2364437032995,-77.0161413544559,-0.430221646494383,-77.4463630009503,1,1
9,8,776.996,232.917,20,early_warning_zone,15,omni,750,300,15,-38.6598082540901,360,72.4838803114182,-57.2590535256009,2.48528473813521,-54.7737687874657,-68.0788220025712,-0.0178171077300812,NaN,1,1
9,8,776.996,232.917,20,early_warning_zone,16,directional,700,300,15,-45,120,102.242422237543,-60.246847431414,0.10181187868005,-60.145035552734,-41.0641080392037,-0.11247605478169,-41.1765840939854,1,1
9,8,776.996,232.917,20,early_warning_zone,17,directional,600,300,15,-63.434948822922,120,189.348126225215,-65.5994450688852,-0.459933000222763,-66.0593780691079,-20.757137286502,-0.278874960384646,-21.0360122468867,1,1
9,8,776.996,232.917,20,early_warning_zone,18,directional,400,300,15,-116.565051177078,120,382.950535846341,-71.7170784652339,-0.385325602480962,-72.1024040677149,-10.0896565005571,0.241499102121028,-9.84815739843606,0,0
9,8,776.996,232.917,20,early_warning_zone,19,directional,300,300,15,-135,120,481.716008562099,-73.7100464179698,0.355942324721795,-73.354104093248,-8.00536933195787,-0.636993139902002,-8.64236247185988,0,0
9,8,776.996,232.917,20,early_warning_zone,20,omni,300,500,15,180,360,546.702398846941,-74.809244424509,-1.77500213148547,-76.5842465559945,-29.2456477209142,0.227410339391102,NaN,1,0
9,8,776.996,232.917,20,early_warning_zone,21,omni,500,350,15,-90,360,300.766043470668,-69.6188008897945,-0.114832856657936,-69.7336337464524,-22.913217376113,0.485369491701157,NaN,1,1
9,8,776.996,232.917,20,early_warning_zone,22,omni,700,500,15,0,360,278.00487928272,-68.9352732005768,-0.763827894979979,-69.6991010955568,-73.9185264786514,-0.0998911025130464,NaN,1,1
9,8,776.996,232.917,20,early_warning_zone,23,omni,500,650,15,90,360,500.709509501268,-74.0459416266484,-0.185027256156752,-74.2309688828052,-56.4107975658231,-0.567598274579883,NaN,1,0
10,9,768.058,237.401,20,early_warning_zone,0,omni,250,300,15,-141.34019174591,360,521.850290950384,-74.405143432996,-2.26859794265302,-76.673741375649,-6.88987288302861,0.0378126874938401,NaN,1,0
10,9,768.058,237.401,20,early_warning_zone,1,directional,250,350,15,-149.036243467926,120,530.176976268302,-74.5426421125569,0.052851094785387,-74.4897910177715,-12.262418225415,0.60416948488816,-11.6582487405268,0,0
10,9,768.058,237.401,20,early_warning_zone,2,directional,250,450,15,-168.69006752598,120,560.006630465212,-75.0180882156921,-0.483398155669312,-75.5014863713614,-22.3121103984849,-0.0815999525131156,-22.393710350998,0,0
10,9,768.058,237.401,20,early_warning_zone,3,directional,250,550,15,168.69006752598,120,605.084478535849,-75.6905450876356,0.325113698692433,-75.3654313889432,-31.107008390084,0.0951179661466521,-31.0118904239374,0,0
10,9,768.058,237.401,20,early_warning_zone,4,directional,250,650,15,149.036243467926,120,662.304330474292,-76.4753767280112,0.793444817261036,-75.6819319107502,-38.5350076255193,0.776343564461503,-37.7586640610578,0,0
10,9,768.058,237.401,20,early_warning_zone,5,omni,250,700,15,141.34019174591,360,694.555200228895,-76.888360179899,0.610921604561607,-76.2774385753374,-41.7632050848004,1.03383839910475,NaN,1,0
10,9,768.058,237.401,20,early_warning_zone,6,directional,300,700,15,135,120,658.10419096447,-76.4201179642253,0.947050250887351,-75.4730677133379,-44.6639212156699,-0.258827651867355,-44.9227488675373,0,0
10,9,768.058,237.401,20,early_warning_zone,7,directional,400,700,15,116.565051177078,120,591.176391752073,-75.4885664834925,1.25938878024524,-74.2291777032472,-51.4931626963878,0.360913644522479,-51.1322490518654,0,0
10,9,768.058,237.401,20,early_warning_zone,8,directional,600,700,15,63.434948822922,120,492.205573073894,-73.8971553694563,-0.59397003287584,-74.4911254023322,-70.0343781347587,-0.273697313477159,-70.3080754482359,0,0
10,9,768.058,237.401,20,early_warning_zone,9,directional,700,700,15,45,120,467.605310240378,-73.4518135236774,-1.13563597489736,-74.5874494985748,-81.630630200885,-0.77128503075348,-82.4019152316385,0,0
10,9,768.058,237.401,20,early_warning_zone,10,omni,750,700,15,38.6598082540901,360,462.978321484927,-73.3654379556759,-0.490803818022684,-73.8562417736986,-87.7645387641135,-0.214064296680163,NaN,1,0
10,9,768.058,237.401,20,early_warning_zone,11,directional,750,650,15,30.9637565320735,120,413.024244040226,-72.373735733891,-0.0918953824662693,-72.4656311163572,-87.4939655180405,-0.0779617343427487,-87.5719272523832,0,0
10,9,768.058,237.401,20,early_warning_zone,12,directional,750,550,15,11.3099324740202,120,313.160064767205,-69.969552318486,1.12520905208555,-68.8443432664004,-86.6938518940147,-1.01647518443316,-87.7103270784479,0,0
10,9,768.058,237.401,20,early_warning_zone,13,directional,750,450,15,-11.3099324740202,120,213.423115348361,-66.6390539349307,-0.689937084807842,-67.3289910197385,-85.144992745332,0.391800679465504,-84.7531920658665,0,0
10,9,768.058,237.401,20,early_warning_zone,14,directional,750,350,15,-30.9637565320735,120,114.147387902659,-61.2035443890504,0.674257867371102,-60.5292865216793,-80.888806757998,0.423878520660151,-80.4649282373379,1,1
10,9,768.058,237.401,20,early_warning_zone,15,omni,750,300,15,-38.6598082540901,360,65.3431416829647,-56.3582250626019,-0.835741914803731,-57.1939669774057,-73.9086799188456,0.439094564289106,NaN,1,1
10,9,768.058,237.401,20,early_warning_zone,16,directional,700,300,15,-45,120,92.6041368676367,-59.3868325978182,-1.36939155994659,-60.7562241577648,-42.6075078326075,-0.20458711803617,-42.8120949506437,1,1
10,9,768.058,237.401,20,early_warning_zone,17,directional,600,300,15,-63.434948822922,120,179.407709324321,-65.1310468575658,0.403696708078971,-64.7273501494868,-20.4295824226819,-0.404030301659362,-20.8336127243413,1,1
10,9,768.058,237.401,20,early_warning_zone,18,directional,400,300,15,-116.565051177078,120,373.376922378714,-71.4971742670017,-2.01650845723203,-73.5136827242338,-9.6524540823015,0.614260976690256,-9.03819310561124,0,0
10,9,768.058,237.401,20,early_warning_zone,19,directional,300,300,15,-135,120,472.251973172162,-73.5377004577344,0.522321959937581,-73.0153784977968,-7.61764644980912,0.40674363510429,-7.21090281470484,0,0
10,9,768.058,237.401,20,early_warning_zone,20,omni,300,500,15,180,360,536.713635158452,-74.6490774069695,1.00654014407165,-73.6425372628978,-29.2941440536104,-0.589748176318299,NaN,1,0
10,9,768.058,237.401,20,early_warning_zone,21,omni,500,350,15,-90,360,290.789659659693,-69.3258040174096,-0.690867255454589,-70.0166712728641,-22.7850656681022,0.178099103595846,NaN,1,0
10,9,768.058,237.401,20,early_warning_zone,22,omni,700,500,15,0,360,271.321075784761,-68.7238954416067,0.273211773229579,-68.4506836683771,-75.4702926996222,-0.486677698254837,NaN,1,1
10,9,768.058,237.401,20,early_warning_zone,23,omni,500,650,15,90,360,492.054901576033,-73.8944960815017,-0.192595560024329,-74.087091641526,-56.9889567963841,0.515535838135065,NaN,1,0
11,10,759.12,241.885,20,early_warning_zone,0,omni,250,300,15,-141.34019174591,360,512.450512366804,-74.2472634680565,0.713045401130593,-73.5342180669259,-6.51200960745322,0.178340069389132,NaN,1,0
11,10,759.12,241.885,20,early_warning_zone,1,directional,250,350,15,-149.036243467926,120,520.4969045297,-74.3825878550761,0.310068892659238,-74.0725189624168,-11.9890386884857,-0.111365080866247,-12.1004037693519,0,0
11,10,759.12,241.885,20,early_warning_zone,2,directional,250,450,15,-168.69006752598,120,550.036387546315,-74.8620532564022,-2.29966069345593,-77.1617139498582,-22.2334656742984,0.321772392030081,-21.9116932822683,0,0
11,10,759.12,241.885,20,early_warning_zone,3,directional,250,550,15,168.69006752598,120,595.115978297508,-75.5462570505272,-2.58559395741954,-78.1318510079467,-31.1819617386839,0.7176671634158,-30.4642945752681,0,0
11,10,759.12,241.885,20,early_warning_zone,4,directional,250,650,15,149.036243467926,120,652.522817704485,-76.3461388917529,0.373414572811004,-75.9727243189419,-38.7159649732315,-0.456570937437679,-39.1725359106692,0,0
11,10,759.12,241.885,20,early_warning_zone,5,omni,250,700,15,141.34019174591,360,684.906948150623,-76.766856274306,0.469042156734452,-76.2978141175715,-41.981429587657,0.804426309164532,NaN,1,0
11,10,759.12,241.885,20,early_warning_zone,6,directional,300,700,15,135,120,648.602750244709,-76.2938005514852,0.547565289713891,-75.7462352617713,-44.9372219383607,0.178481579117761,-44.758740359243,0,0
11,10,759.12,241.885,20,early_warning_zone,7,directional,400,700,15,116.565051177078,120,582.118138890208,-75.3544474777957,0.814040998115674,-74.5404064796801,-51.9068197086976,-0.420996004113794,-52.3278157128114,0,0
11,10,759.12,241.885,20,early_warning_zone,8,directional,600,700,15,63.434948822922,120,484.988172665066,-73.7688477873525,-1.76758913906996,-75.5364369264225,-70.8460263596301,-0.441967580121701,-71.2879939397518,0,0
11,10,759.12,241.885,20,early_warning_zone,9,directional,700,700,15,45,120,461.941043451434,-73.3459558545508,-1.04820499481754,-74.3941608493683,-82.6465888589578,0.340118098255158,-82.3064707607026,0,0
11,10,759.12,241.885,20,early_warning_zone,10,omni,750,700,15,38.6598082540901,360,458.233049468281,-73.2759530124908,-1.0503334179065,-74.3262864303973,-88.8595254559905,0.749005778526049,NaN,1,0
11,10,759.12,241.885,20,early_warning_zone,11,directional,750,650,15,30.9637565320735,120,408.247507800109,-72.2726956784276,-0.449163488336405,-72.721859166764,-88.7198447620499,0.0318446427841427,-88.6880001192658,0,0
11,10,759.12,241.885,20,early_warning_zone,12,directional,750,550,15,11.3099324740202,120,308.290492271494,-69.8334274586554,0.589390433475806,-69.2440370251796,-88.3045778773072,0.593734101489683,-87.7108437758176,0,0
11,10,759.12,241.885,20,early_warning_zone,13,directional,750,450,15,-11.3099324740202,120,208.374728854053,-66.4311257885164,0.0304672883275933,-66.4006585001888,-87.4907939979182,-0.0776667717818591,-87.5684607697001,0,0
11,10,759.12,241.885,20,early_warning_zone,14,directional,750,350,15,-30.9637565320735,120,108.614122585417,-60.7719507982488,-0.347350530899922,-61.1193013291487,-85.1782512431984,-0.574567782912086,-85.7528190261105,1,1
11,10,759.12,241.885,20,early_warning_zone,15,omni,750,300,15,-38.6598082540901,360,59.0383572349367,-55.4769101256646,-1.03851672323977,-56.5154268489044,-81.0812996427102,0.384540764776788,NaN,1,1
11,10,759.12,241.885,20,early_warning_zone,16,directional,700,300,15,-45,120,83.0513553471585,-58.4411593195262,-0.194338820905409,-58.6354981404316,-44.5088425134627,0.379322958524638,-44.1295195549381,1,1
11,10,759.12,241.885,20,early_warning_zone,17,directional,600,300,15,-63.434948822922,120,169.474268327083,-64.6363001862663,0.230478056529801,-64.4058221297365,-20.0635837513492,-0.235567994760258,-20.2991517461094,1,1
11,10,759.12,241.885,20,early_warning_zone,18,directional,400,300,15,-116.565051177078,120,363.82623273343,-71.2721050245837,1.30430968473108,-69.9677953398526,-9.19226567197903,0.756654939454117,-8.43561073252491,0,0
11,10,759.12,241.885,20,early_warning_zone,19,directional,300,300,15,-135,120,462.810466200798,-73.3622882686015,0.869513353077299,-72.4927749155242,-7.21408324074808,-0.238069545939621,-7.45215278668769,0,0
11,10,759.12,241.885,20,early_warning_zone,20,omni,300,500,15,180,360,526.725286677031,-74.4859081978006,-0.636165393244207,-75.1220735910448,-29.3444798701128,-0.0965545743671345,NaN,1,0
11,10,759.12,241.885,20,early_warning_zone,21,omni,500,350,15,-90,360,280.814934832533,-69.0226288651308,-0.410979828255447,-69.4336086933862,-22.6478063344316,0.75332598720939,NaN,1,1
11,10,759.12,241.885,20,early_warning_zone,22,omni,700,500,15,0,360,264.846233926405,-68.5141008684989,0.359577653250307,-68.1545232152486,-77.0992041512676,0.580751144947937,NaN,1,1
11,10,759.12,241.885,20,early_warning_zone,23,omni,500,650,15,90,360,483.452197869655,-73.7412956134606,0.473448304595474,-73.2678473088651,-57.5877569094324,0.198381156295423,NaN,1,0
12,11,750.182,246.369,20,early_warning_zone,0,omni,250,300,15,-141.34019174591,360,503.073868616727,-74.0868600175469,-0.58019901437059,-74.6670590319175,-6.12004160909197,-0.804430392378905,NaN,1,0
12,11,750.182,246.369,20,early_warning_zone,1,directional,250,350,15,-149.036243467926,120,510.829146863215,-74.2197382192438,0.758340951621677,-73.4613972676221,-11.7053037505951,0.249145367188183,-11.456158383407,0,0
12,11,750.182,246.369,20,early_warning_zone,2,directional,250,450,15,-168.69006752598,120,540.067234041281,-74.7031814216361,-0.0437547994883397,-74.7469362211245,-22.1519171238844,-0.923613526148847,-23.0755306500332,0,0
12,11,750.182,246.369,20,early_warning_zone,3,directional,250,550,15,168.69006752598,120,585.148542923077,-75.3995473928964,-0.783299867898168,-76.1828472607946,-31.2594689231589,0.364937741690118,-30.8945311814688,0,0
12,11,750.182,246.369,20,early_warning_zone,4,directional,250,650,15,149.036243467926,120,642.748020055294,-76.2150397842365,-1.18827421272203,-77.4033139969585,-38.9024284932951,0.580545547810531,-38.3218829454846,0,0
12,11,750.182,246.369,20,early_warning_zone,5,omni,250,700,15,141.34019174591,360,675.268922196927,-76.6437600884029,-0.293086028976893,-76.9368461173798,-42.2058871438748,0.248808175998261,NaN,1,0
12,11,750.182,246.369,20,early_warning_zone,6,directional,300,700,15,135,120,639.116513074885,-76.1658256084439,-0.193454502873239,-76.3592801113171,-45.2186427771195,-0.442933786296074,-45.6615765634156,0,0
12,11,750.182,246.369,20,early_warning_zone,7,directional,400,700,15,116.565051177078,120,573.091194562436,-75.2186995473647,0.0584486595812783,-75.1602508877834,-52.3335318258521,0.273427409223857,-52.0601044166282,0,0
12,11,750.182,246.369,20,early_warning_zone,8,directional,600,700,15,63.434948822922,120,477.871025785201,-73.6404388188655,1.00496363189634,-72.6354751869692,-71.6820256715388,-0.470684898045795,-72.1527105695846,0,0
12,11,750.182,246.369,20,early_warning_zone,9,directional,700,700,15,45,120,456.425587894675,-73.2416245066473,0.00508163076475339,-73.2365428758825,-83.6874381404371,-0.541294590025291,-84.2287327304624,0,0
12,11,750.182,246.369,20,early_warning_zone,10,omni,750,700,15,38.6598082540901,360,453.658591106793,-73.1888076280801,-0.238013361353448,-73.4268209894336,-89.9770125249115,0.0920608308836681,NaN,1,0
12,11,750.182,246.369,20,early_warning_zone,11,directional,750,650,15,30.9637565320735,120,403.662008721405,-72.1745823748752,1.15883027702428,-71.0157520978509,-89.9741649398469,-0.00862218509846789,-89.9827871249454,0,0
12,11,750.182,246.369,20,early_warning_zone,12,directional,750,550,15,11.3099324740202,120,303.672220140401,-69.7023261259033,-0.999601703388766,-70.7019278292921,-89.965656238584,-0.236942100950694,-90.2025983395347,0,0
12,11,750.182,246.369,20,early_warning_zone,13,directional,750,450,15,-11.3099324740202,120,203.692457604596,-66.2337237960372,0.303437705990589,-65.9302860900466,-89.9487905618757,-0.262615283219701,-90.2114058450954,0,0
12,11,750.182,246.369,20,early_warning_zone,14,directional,750,350,15,-30.9637565320735,120,103.75170979314,-60.3741300836222,-0.263740788366265,-60.6378708719885,-89.8993754653494,0.257264755363702,-89.6421107099856,1,1
12,11,750.182,246.369,20,early_warning_zone,15,omni,750,300,15,-38.6598082540901,360,53.863877366933,-54.6801770880976,-0.212457898719186,-54.8926349868168,-89.8055640983419,-0.0942710435279566,NaN,1,1
12,11,750.182,246.369,20,early_warning_zone,16,directional,700,300,15,-45,120,73.6173708101559,-57.3938308918727,-0.742596093590307,-58.136426985463,-46.9028492042877,-0.501799666241085,-47.4046488705288,1,1
12,11,750.182,246.369,20,early_warning_zone,17,directional,600,300,15,-63.434948822922,120,159.549106186779,-64.1121123455639,-0.549500856752422,-64.6616132023163,-19.6519872698763,0.515688400898501,-19.1362988689778,1,1
12,11,750.182,246.369,20,early_warning_zone,18,directional,400,300,15,-116.565051177078,120,354.300320752042,-71.0416557443322,0.375434504309781,-70.6662212400224,-8.70729393846189,-0.745940198127439,-9.45323413658934,0,0
12,11,750.182,246.369,20,early_warning_zone,19,directional,300,300,15,-135,120,453.392895053507,-73.1837190378571,0.544184689834275,-72.6395343480228,-6.79373134524011,0.202110201917755,-6.59162114332236,0,0
12,11,750.182,246.369,20,early_warning_zone,20,omni,300,500,15,180,360,516.737377480089,-74.3196223696256,-0.635648722318727,-74.9552710919443,-29.396761769788,0.29528833160253,NaN,1,0
12,11,750.182,246.369,20,early_warning_zone,21,omni,500,350,15,-90,360,270.842052283245,-68.7085467535994,0.462169790082145,-68.2463769635172,-22.5004344553688,-0.382127729910973,NaN,1,1
12,11,750.182,246.369,20,early_warning_zone,22,omni,700,500,15,0,360,258.596050404874,-68.3066625846039,0.848301520763327,-67.4583610638406,-78.8083237796371,-1.25151523002434,NaN,1,1
12,11,750.182,246.369,20,early_warning_zone,23,omni,500,650,15,90,360,474.904219064224,-73.5863453919357,1.26334865105252,-72.3229967408832,-58.2081852653017,-0.379742439192695,NaN,1,0
13,12,741.243,250.853,20,approach_zone,0,omni,250,300,15,-141.34019174591,360,493.720682833928,-73.9238512535467,-0.196640694288981,-74.1204919478357,-5.71321451008751,-0.298903053030537,NaN,1,0
13,12,741.243,250.853,20,approach_zone,1,directional,250,350,15,-149.036243467926,120,501.173435706642,-74.0539857043071,0.0409601098924662,-74.0130255944147,-11.4106510322791,-0.00327925682656642,-11.4139302891057,0,0
13,12,741.243,250.853,20,approach_zone,2,directional,250,450,15,-168.69006752598,120,530.098304711494,-74.5413531407708,1.35629125332358,-73.1850618874472,-22.0673418521958,-0.665561121185759,-22.7329029733815,0,0
13,12,741.243,250.853,20,approach_zone,3,directional,250,550,15,168.69006752598,120,575.181373705721,-75.2503211081611,-1.32271590020653,-76.5730370083677,-31.3397142415763,-0.115902622177498,-31.4556168637538,0,0
13,12,741.243,250.853,20,approach_zone,4,directional,250,650,15,149.036243467926,120,632.979472540777,-76.0820173566385,-1.20750538499389,-77.2895227416324,-39.0947063270894,0.269471445025545,-38.8252348820639,0,0
13,12,741.243,250.853,20,approach_zone,5,omni,250,700,15,141.34019174591,360,665.640828568981,-76.5190238846931,0.0437397917057248,-76.4752840929874,-42.4368995598921,-0.205770050306221,NaN,1,0
13,12,741.243,250.853,20,approach_zone,6,directional,300,700,15,135,120,629.645465844073,-76.0361464401938,0.573928028603542,-75.4622184115902,-45.5086017883885,-0.332215140473044,-45.8408169288616,0,0
13,12,741.243,250.853,20,approach_zone,7,directional,400,700,15,116.565051177078,120,564.096456874177,-75.0812922722845,-1.77922207561818,-76.8605143479027,-52.7739582135571,0.0236249062507071,-52.7503333073064,0,0
13,12,741.243,250.853,20,approach_zone,8,directional,600,700,15,63.434948822922,120,470.858378557715,-73.5120308893554,-0.729534346074799,-74.2415652354302,-72.5432323273769,-0.118783803909398,-72.6620161312863,0,0
13,12,741.243,250.853,20,approach_zone,9,directional,700,700,15,45,120,451.064311000106,-73.1389941605411,3.54750390362235,-69.5914902569187,-84.7535181187309,0.356329208929148,-84.3971889098018,0,0
13,12,741.243,250.853,20,approach_zone,10,omni,750,700,15,38.6598082540901,360,449.260183699824,-73.1041834413164,1.52922553872266,-71.5749579025938,-91.1169518667592,-0.299704147386186,NaN,1,0
13,12,741.243,250.853,20,approach_zone,11,directional,750,650,15,30.9637565320735,120,399.274357626432,-72.0796532270026,0.241945323810775,-71.8377079031918,-91.2568268416404,0.47098736947422,-90.7858394721662,0,0
13,12,741.243,250.853,20,approach_zone,12,directional,750,550,15,11.3099324740202,120,299.316910076928,-69.5768498991111,-0.0977676335003346,-69.6746175326114,-91.6767538959148,-0.174254008921489,-91.8510079048363,0,0
13,12,741.243,250.853,20,approach_zone,13,directional,750,450,15,-11.3099324740202,120,199.402138047715,-66.0488210468789,-1.802977888058,-67.8517989349369,-92.5178191528891,-0.0578561998026034,-92.5756753526917,0,0
13,12,741.243,250.853,20,approach_zone,14,directional,750,350,15,-30.9637565320735,120,99.6584801108265,-60.0245100236412,2.2729678245769,-57.7515421990643,-95.0474600474037,0.0958070869742571,-94.9516529604294,0,0
13,12,741.243,250.853,20,approach_zone,15,omni,750,300,15,-38.6598082540901,360,50.1708347349334,-54.0632513705374,-0.0726886520721532,-54.1359400226096,-100.102921953359,-0.38813791268792,NaN,1,1
13,12,741.243,250.853,20,approach_zone,16,directional,700,300,15,-45,120,64.3538084187719,-56.2257098998532,-1.0897944347035,-57.3155043345567,-49.9974206657248,0.242277205338774,-49.755143460386,1,1
13,12,741.243,250.853,20,approach_zone,17,directional,600,300,15,-63.434948822922,120,149.6329263832,-63.5547682252694,-0.462120998671858,-64.0168892239413,-19.1858833336702,-0.621411777474902,-19.8072951111451,1,1
13,12,741.243,250.853,20,approach_zone,18,directional,400,300,15,-116.565051177078,120,344.800250374039,-70.8055762844796,-0.390110866141624,-71.1956871506212,-8.19558058423104,0.368336263829539,-7.82724432040149,0,0
13,12,741.243,250.853,20,approach_zone,19,directional,300,300,15,-135,120,443.999789029229,-73.0018801093415,-0.291445398362839,-73.2933255077043,-6.35558336272225,-0.157117107571998,-6.51270047029425,0,0
13,12,741.243,250.853,20,approach_zone,20,omni,300,500,15,180,360,506.749062809198,-74.1500839177079,0.559415574504192,-73.5906683432037,-29.4511603389342,-0.367481568761978,NaN,1,0
13,12,741.243,250.853,20,approach_zone,21,omni,500,350,15,-90,360,260.870298535498,-68.3827175380127,0.201494616118573,-68.1812229218941,-22.3418754195943,-0.664330912588701,NaN,1,1
13,12,741.243,250.853,20,approach_zone,22,omni,700,500,15,0,360,252.587039766493,-68.1024460973124,1.75154545715564,-66.3509006401568,-80.6006756161098,-0.3615815817495,NaN,1,1
13,12,741.243,250.853,20,approach_zone,23,omni,500,650,15,90,360,466.413456771993,-73.4296462746335,-0.310755102864213,-73.7404013774977,-58.851386663375,-0.0869222227901081,NaN,1,0
14,13,732.597,255.707,20,approach_zone,0,omni,250,300,15,-141.34019174591,360,484.651146968621,-73.7628097316278,0.550857333539427,-73.2119523980884,-5.24394453303462,-0.0286603446535715,NaN,1,0
14,13,732.597,255.707,20,approach_zone,1,directional,250,350,15,-149.036243467926,120,491.74793772623,-73.8890757795829,-1.65401333010007,-75.5430891096829,-11.055548067263,0.311901300566459,-10.7436467666966,0,0
14,13,732.597,255.707,20,approach_zone,2,directional,250,450,15,-168.69006752598,120,520.264004384313,-74.3787004204579,-0.807148820857479,-75.1858492413154,-21.9296593980082,0.060337812584359,-21.8693215854239,0,0
14,13,732.597,255.707,20,approach_zone,3,directional,250,550,15,168.69006752598,120,565.272707865858,-75.0993851870082,-0.544351225873908,-75.6437364128821,-31.3753017162505,-0.32562830642739,-31.7009300226779,0,0
14,13,732.597,255.707,20,approach_zone,4,directional,250,650,15,149.036243467926,120,623.210906722596,-75.946925739332,-0.231573225302847,-76.1784989646348,-39.2496235417846,-0.0316307212824166,-39.281254263067,0,0
14,13,732.597,255.707,20,approach_zone,5,omni,250,700,15,141.34019174591,360,655.988669306109,-76.3921515942962,-0.894923124815619,-77.2870747191118,-42.6335816693695,0.603250685701539,NaN,1,0
14,13,732.597,255.707,20,approach_zone,6,directional,300,700,15,135,120,620.130175251939,-75.9038821228889,0.466110788522388,-75.4377713343666,-45.7641684839045,-0.012165345661488,-45.776333829566,0,0
14,13,732.597,255.707,20,approach_zone,7,directional,400,700,15,116.565051177078,120,555.015345966217,-74.9403246615977,0.884211225483041,-74.0561134361146,-53.1815350213414,-0.165536862214325,-53.3470718835558,0,0
14,13,732.597,255.707,20,approach_zone,8,directional,600,700,15,63.434948822922,120,463.684412351763,-73.3786747640783,1.33415232082379,-72.0445224432545,-73.3825320699615,-0.242610333858962,-73.6251424038204,0,0
14,13,732.597,255.707,20,approach_zone,9,directional,700,700,15,45,120,445.515245819938,-73.0314762435387,0.623975178542358,-72.4075010649963,-85.8038273269773,-0.962415800613206,-86.7662431275905,0,0
14,13,732.597,255.707,20,approach_zone,10,omni,750,700,15,38.6598082540901,360,444.661820103773,-73.0148216606702,0.18660890437709,-72.8282127562931,-92.2431345111309,0.40946700762664,NaN,1,0
14,13,732.597,255.707,20,approach_zone,11,directional,750,650,15,30.9637565320735,120,394.708543431733,-71.979755369495,-0.0545858550347493,-72.0343412245297,-92.5272366307723,0.393365916008758,-92.1338707147635,0,0
14,13,732.597,255.707,20,approach_zone,12,directional,750,550,15,11.3099324740202,120,294.849511205293,-69.4462330772534,-1.94514133435647,-71.3913744116099,-93.3842415386807,0.251630138038996,-93.1326114006417,0,0
14,13,732.597,255.707,20,approach_zone,13,directional,750,450,15,-11.3099324740202,120,195.134912965364,-65.8609244150192,-0.598408732468928,-66.4593331474881,-95.1183758789644,-0.0608359695002422,-95.1792118484646,0,0
14,13,732.597,255.707,20,approach_zone,14,directional,750,350,15,-30.9637565320735,120,96.015802126525,-59.7010791224378,-0.011535451543662,-59.7126145739815,-100.457007185303,0.338159348449918,-100.118847836853,0,0
14,13,732.597,255.707,20,approach_zone,15,omni,750,300,15,-38.6598082540901,360,47.8511677809435,-53.6520756533467,-1.46242227729203,-55.1144979306388,-111.450177618123,-0.232019148112072,NaN,1,1
14,13,732.597,255.707,20,approach_zone,16,directional,700,300,15,-45,120,55.2216828609922,-54.8964175837039,-0.362888533339136,-55.259306117043,-53.6491535806187,-0.353687483519215,-54.002841064138,1,1
14,13,732.597,255.707,20,approach_zone,17,directional,600,300,15,-63.434948822922,120,139.888649496662,-62.9698743834042,0.885843144101646,-62.0840312393025,-18.4714970979811,-0.624355014193543,-19.0958521121746,1,1
14,13,732.597,255.707,20,approach_zone,18,directional,400,300,15,-116.565051177078,120,335.57060994372,-70.5699031802142,-0.739105860429412,-71.3090090406436,-7.58562732569724,-0.306973057272778,-7.89260038297002,0,0
14,13,732.597,255.707,20,approach_zone,19,directional,300,300,15,-135,120,434.887381120676,-72.8217609576852,0.0973907673600256,-72.7243701903252,-5.84606237275705,-0.559812263004751,-6.40587463576179,0,0
14,13,732.597,255.707,20,approach_zone,20,omni,300,500,15,180,360,496.834212044622,-73.97845470927,-0.869526526723159,-74.8479812359931,-29.4539669039894,0.272438983766599,NaN,1,0
14,13,732.597,255.707,20,approach_zone,21,omni,500,350,15,-90,360,251.03293460819,-68.0488388957483,0.0975930993405729,-67.9512457964078,-22.067247725746,0.214641578730183,NaN,1,1
14,13,732.597,255.707,20,approach_zone,22,omni,700,500,15,0,360,246.508892857844,-67.8908766573633,0.00141180476967266,-67.8894648525936,-82.3996878720436,-0.450313048985078,NaN,1,1
14,13,732.597,255.707,20,approach_zone,23,omni,500,650,15,90,360,457.813645775222,-73.2679994999348,0.0367787039780715,-73.2312207959568,-59.4632617581332,-0.976349848419033,NaN,1,0
15,14,726.175,263.372,20,approach_zone,0,omni,250,300,15,-141.34019174591,360,477.60783181288,-73.6356536290382,0.220126880299758,-73.4155267487384,-4.39860414038296,-0.407351063798665,NaN,1,0
15,14,726.175,263.372,20,approach_zone,1,directional,250,350,15,-149.036243467926,120,484.016571006613,-73.7514294461921,-0.765655676226649,-74.5170851224187,-10.3107547991019,-0.325544784277876,-10.6362995833798,0,0
15,14,726.175,263.372,20,approach_zone,2,directional,250,450,15,-168.69006752598,120,511.466168000387,-74.2305630678571,-0.707221708575882,-74.937784776433,-21.4017792305829,0.844641344045151,-20.5571378865378,0,0
15,14,726.175,263.372,20,approach_zone,3,directional,250,550,15,168.69006752598,120,555.808637040663,-74.952730659308,-1.08903507834607,-76.0417657376541,-31.0453484812782,-0.849287622490999,-31.8946361037692,0,0
15,14,726.175,263.372,20,approach_zone,4,directional,250,650,15,149.036243467926,120,613.391262579603,-75.8089765423329,1.34024037494258,-74.4687361673904,-39.0747058660247,0.0335814951999818,-39.0411243708247,0,0
15,14,726.175,263.372,20,approach_zone,5,omni,250,700,15,141.34019174591,360,646.07402130793,-76.2598704016864,-0.0925971589734244,-76.3524675606598,-42.5192236711225,-0.777010950487204,NaN,1,0
15,14,726.175,263.372,20,approach_zone,6,directional,300,700,15,135,120,610.159111223458,-75.7630868497203,0.0482359201411095,-75.7148509295792,-45.6941138169232,-0.766548013824652,-46.4606618307479,0,0
15,14,726.175,263.372,20,approach_zone,7,directional,400,700,15,116.565051177078,120,545.031321126594,-74.7826540431261,-0.378169778566958,-75.1608238216931,-53.2390993926155,-0.108997807342536,-53.3480971999581,0,0
15,14,726.175,263.372,20,approach_zone,8,directional,600,700,15,63.434948822922,120,454.520781713004,-73.2052997328923,1.79742013005526,-71.4078796028371,-73.8819767962758,-0.695732429067027,-74.5777092253428,0,0
15,14,726.175,263.372,20,approach_zone,9,directional,700,700,15,45,120,437.440442813647,-72.872603484572,0.11906756569411,-72.7535359188779,-86.5693351161584,-0.0868526235023229,-86.6561877396607,0,0
15,14,726.175,263.372,20,approach_zone,10,omni,750,700,15,38.6598082540901,360,437.306118192966,-72.8699359031442,0.189707695605033,-72.6802282075392,-93.1232984522435,0.901999169186661,NaN,1,0
15,14,726.175,263.372,20,approach_zone,11,directional,750,650,15,30.9637565320735,120,387.393651224436,-71.817274814925,-1.32322677947866,-73.1405015944037,-93.5262526081091,0.0107287480518453,-93.5155238600573,0,0
15,14,726.175,263.372,20,approach_zone,12,directional,750,550,15,11.3099324740202,120,287.659939875194,-69.2318125411019,-0.305867516193974,-69.5376800572959,-94.7515980929403,-0.383255085243204,-95.1348531781835,0,0
15,14,726.175,263.372,20,approach_zone,13,directional,750,450,15,-11.3099324740202,120,188.209035407443,-65.5470342121676,-0.370786202365437,-65.917820414533,-97.2750499488575,-0.627393877050276,-97.9024438259078,0,0
15,14,726.175,263.372,20,approach_zone,14,directional,750,350,15,-30.9637565320735,120,89.9835596595289,-59.1374882227174,0.414738543462496,-58.7227496792549,-105.377665505852,0.269297879747511,-105.108367626104,0,0
15,14,726.175,263.372,20,approach_zone,15,omni,750,300,15,-38.6598082540901,360,43.9800069236011,-52.9193307021134,0.855477455570635,-52.0638532465428,-123.042337917789,-0.251159889579821,NaN,1,1
15,14,726.175,263.372,20,approach_zone,16,directional,700,300,15,-45,120,45.29614783842,-53.175450223869,-0.140319852906679,-53.3157700767757,-54.4497466700163,-0.524166430805487,-54.9739131008218,1,1
15,14,726.175,263.372,20,approach_zone,17,directional,600,300,15,-63.434948822922,120,131.479051597583,-62.4313560884199,-0.104080677905151,-62.5354367663251,-16.1877607165648,-0.706795854686099,-16.8945565712509,1,1
15,14,726.175,263.372,20,approach_zone,18,directional,400,300,15,-116.565051177078,120,328.263219092545,-70.3786693155007,0.139902898963705,-70.238766416537,-6.40721857230404,0.0525091495464761,-6.35470942275757,0,0
15,14,726.175,263.372,20,approach_zone,19,directional,300,300,15,-135,120,427.775339411939,-72.6785397252436,-0.251232169564713,-72.9297718948083,-4.91226673810564,-0.18259851712457,-5.09486525523022,0,0
15,14,726.175,263.372,20,approach_zone,20,omni,300,500,15,180,360,487.486349561708,-73.8134740187991,-0.505874526097126,-74.3193485448962,-29.0406418125242,-0.427571113206697,NaN,1,0
15,14,726.175,263.372,20,approach_zone,21,omni,500,350,15,-90,360,242.248923648796,-67.7394619559594,0.0619201623133573,-67.6775417936461,-20.9574970805567,0.56253755185849,NaN,1,1
15,14,726.175,263.372,20,approach_zone,22,omni,700,500,15,0,360,238.123793454161,-67.590280684335,-1.23724870894084,-68.8275293932758,-83.6877940113096,0.311094752016898,NaN,1,1
15,14,726.175,263.372,20,approach_zone,23,omni,500,650,15,90,360,447.952386988841,-73.0788619371006,0.0342750876560874,-73.0445868494445,-59.6726286547065,0.0972072128033915,NaN,1,0
16,15,719.753,271.038,20,approach_zone,0,omni,250,300,15,-141.34019174591,360,470.67151863375,-73.5085832140272,-0.1301516904129,-73.6387349044401,-3.52802981779549,0.296025103799733,NaN,1,0
16,15,719.753,271.038,20,approach_zone,1,directional,250,350,15,-149.036243467926,120,476.369476827599,-73.6131033635778,-1.00481736785742,-74.6179207314352,-9.54179526398655,-0.0954457728180946,-9.63724103680465,0,0
16,15,719.753,271.038,20,approach_zone,2,directional,250,450,15,-168.69006752598,120,502.712918526071,-74.0806257483619,-0.270504816841299,-74.3511305652032,-20.8553608537798,-0.836004827732187,-21.691365681512,0,0
16,15,719.753,271.038,20,approach_zone,3,directional,250,550,15,168.69006752598,120,546.363137897315,-74.8038526466832,-1.3950718234122,-76.1989244700954,-30.7038846750303,-0.486245666475458,-31.1901303415057,0,0
16,15,719.753,271.038,20,approach_zone,4,directional,250,650,15,149.036243467926,120,603.576903511889,-75.6688770882033,0.0307481595509206,-75.6381289286524,-38.8940241206934,-0.494305528486538,-39.3883296491799,0,0
16,15,719.753,271.038,20,approach_zone,5,omni,250,700,15,141.34019174591,360,636.161361961727,-76.12557059755,1.18535949083947,-74.9402111067105,-42.4012348588833,-0.0162462270422541,NaN,1,0
16,15,719.753,271.038,20,approach_zone,6,directional,300,700,15,135,120,600.188285834537,-75.6199751309483,-0.0723199258814103,-75.6922950568297,-45.621664667292,-0.562779344589661,-46.1844440118817,0,0
16,15,719.753,271.038,20,approach_zone,7,directional,400,700,15,116.565051177078,120,535.047080594783,-74.6220648089707,0.166763757997888,-74.4553010509728,-53.2987481933729,0.269281864709304,-53.0294663286636,0,0
16,15,719.753,271.038,20,approach_zone,8,directional,600,700,15,63.434948822922,120,445.392162541058,-73.0290762460228,-0.0177719198646507,-73.0468481658875,-74.4019010801814,0.34146418531801,-74.0604368948634,0,0
16,15,719.753,271.038,20,approach_zone,9,directional,700,700,15,45,120,429.44566414507,-72.7123892800098,0.232270942061406,-72.4801183379484,-87.3634853465262,0.103372255081847,-87.2601130914443,0,0
16,15,719.753,271.038,20,approach_zone,10,omni,750,700,15,38.6598082540901,360,430.056134072053,-72.7247277656669,-0.260545956421779,-72.9852737220887,-94.0333684741774,0.12551451612417,NaN,1,0
16,15,719.753,271.038,20,approach_zone,11,directional,750,650,15,30.9637565320735,120,380.200050569434,-71.6544682401086,0.68172509613546,-70.9727431439731,-94.5634110228885,-0.121090375305407,-94.6845013981939,0,0
16,15,719.753,271.038,20,approach_zone,12,directional,750,550,15,11.3099324740202,120,280.641547980694,-69.0172641782717,-0.444803607272941,-69.4620677855446,-96.1882319706313,-0.240933517420462,-96.4291654880518,0,0
16,15,719.753,271.038,20,approach_zone,13,directional,750,450,15,-11.3099324740202,120,181.568935815023,-65.235055797435,-0.0274615899538352,-65.2625173873888,-99.5931035746675,0.569762113105789,-99.0233414615617,0,0
16,15,719.753,271.038,20,approach_zone,14,directional,750,350,15,-30.9637565320735,120,84.7046542581929,-58.6123703166708,0.186953948648071,-58.4254163680227,-110.959721515547,-0.596408989914968,-111.556130505462,0,0
16,15,719.753,271.038,20,approach_zone,15,omni,750,300,15,-38.6598082540901,360,42.174381477385,-52.5551992745457,-0.105265400890972,-52.6604646754366,-136.243282618175,0.194596747409575,NaN,1,1
16,15,719.753,271.038,20,approach_zone,16,directional,700,300,15,-45,120,35.4115581837343,-51.0371255753865,0.167343449090459,-50.869782126296,-55.7047753332206,0.553820222076556,-55.1509551111441,1,1
16,15,719.753,271.038,20,approach_zone,17,directional,600,300,15,-63.434948822922,120,123.306846740155,-61.8739686725398,-1.76999826849181,-63.6439669410316,-13.5957964927576,0.443016527552024,-13.1527799652056,1,1
16,15,719.753,271.038,20,approach_zone,18,directional,400,300,15,-116.565051177078,120,321.100885163838,-70.1870548895821,-0.47939353349258,-70.6664484230747,-5.17550935892437,-0.548641151581652,-5.72415051050604,0,0
16,15,719.753,271.038,20,approach_zone,19,directional,300,300,15,-135,120,420.780677375994,-72.5353406025043,1.08722029357964,-71.4481203089247,-3.94702257802365,-0.0143547655941238,-3.96137734361778,0,0
16,15,719.753,271.038,20,approach_zone,20,omni,300,500,15,180,360,478.164384341829,-73.6457693329871,-0.720017125132686,-74.3657864581198,-28.6110717334373,-0.498383037221067,NaN,1,0
16,15,719.753,271.038,20,approach_zone,21,omni,500,350,15,-90,360,233.562365232501,-67.4222821262746,1.29432453397427,-66.1279575923003,-19.7644590880805,-0.117964415110768,NaN,1,1
16,15,719.753,271.038,20,approach_zone,22,omni,700,500,15,0,360,229.866871151543,-67.2837525229655,-1.44519043396423,-68.7289429569298,-85.0691898372508,-0.657089807402209,NaN,1,1
16,15,719.753,271.038,20,approach_zone,23,omni,500,650,15,90,360,438.096540106173,-72.8856213007296,0.652192201737245,-72.2334290989924,-59.8913535846311,0.653493514220265,NaN,1,0
17,16,713.332,278.703,20,approach_zone,0,omni,250,300,15,-141.34019174591,360,463.848148032306,-73.3817413735463,-0.877132073007818,-74.2588734465541,-2.63174127853613,0.723795763927258,NaN,1,0
17,16,713.332,278.703,20,approach_zone,1,directional,250,350,15,-149.036243467926,120,468.812120612298,-73.474201461284,1.10633659620859,-72.3678648650754,-8.74799285504849,0.0557910461364434,-8.69220180891205,0,0
17,16,713.332,278.703,20,approach_zone,2,directional,250,450,15,-168.69006752598,120,494.00830401219,-73.9289098190355,1.46282573368184,-72.4660840853536,-20.2896970195833,0.301640946456481,-19.9880560731268,0,0
17,16,713.332,278.703,20,approach_zone,3,directional,250,550,15,168.69006752598,120,536.939106820317,-74.6527255548737,-1.27400627795456,-75.9267318328283,-30.3504569769788,0.00752032111357835,-30.3429366558652,0,0
17,16,713.332,278.703,20,approach_zone,4,directional,250,650,15,149.036243467926,120,593.770161285493,-75.5265922186424,-1.29214846445919,-76.8187406831016,-38.7073858359259,-0.135231945045301,-38.8426177809712,0,0
17,16,713.332,278.703,20,approach_zone,5,omni,250,700,15,141.34019174591,360,626.252907724188,-75.9892199408603,-0.331899823558339,-76.3211197644187,-42.279517288167,0.555475140370174,NaN,1,0
17,16,713.332,278.703,20,approach_zone,6,directional,300,700,15,135,120,590.219878039532,-75.4745014748713,0.0291175233681335,-75.4453839515031,-45.5467663245434,-0.431344106242952,-45.9781104307864,0,0
17,16,713.332,278.703,20,approach_zone,7,directional,400,700,15,116.565051177078,120,525.064857358593,-74.4584838719983,2.56738345541074,-71.8911004165875,-53.3606431668462,-0.29139684614503,-53.6520400129912,0,0
17,16,713.332,278.703,20,approach_zone,8,directional,600,700,15,63.434948822922,120,436.302996131129,-72.849988740943,-1.12399069079905,-73.9739794317421,-74.9434469917314,0.318497581474459,-74.6249494102569,0,0
17,16,713.332,278.703,20,approach_zone,9,directional,700,700,15,45,120,421.537548070157,-72.5509501355537,-0.846864851147174,-73.3978149867009,-88.1874722512705,0.609029980707343,-87.5784422705631,0,0
17,16,713.332,278.703,20,approach_zone,10,omni,750,700,15,38.6598082540901,360,422.919264674713,-72.5793742028767,0.133240286846183,-72.4461339160305,-94.9742595231011,-0.669407020271139,NaN,1,0
17,16,713.332,278.703,20,approach_zone,11,directional,750,650,15,30.9637565320735,120,373.136710111723,-71.4915843963765,0.913470788764222,-70.5781136076123,-95.6400437990513,-0.0984918169420599,-95.7385356159933,0,0
17,16,713.332,278.703,20,approach_zone,12,directional,750,550,15,11.3099324740202,120,273.809430869355,-68.8031928850625,-0.760953103916354,-69.5641459889789,-97.6973465952239,-0.0378809859171415,-97.735227581141,0,0
17,16,713.332,278.703,20,approach_zone,13,directional,750,450,15,-11.3099324740202,120,175.248978407864,-64.9273347338396,1.45809597926246,-63.4692387545772,-102.082444305874,-0.40804224181027,-102.490486547685,0,0
17,16,713.332,278.703,20,approach_zone,14,directional,750,350,15,-30.9637565320735,120,80.329349760844,-58.1517098644201,0.673088034196478,-57.4786218302236,-117.216728925874,0.451013035412176,-116.765715890461,0,0
17,16,713.332,278.703,20,approach_zone,15,omni,750,300,15,-38.6598082540901,360,42.6978270290187,-52.6623403050747,0.752170205712739,-51.9101700993619,-149.851716582717,-0.471397630017735,NaN,1,1
17,16,713.332,278.703,20,approach_zone,16,directional,700,300,15,-45,120,25.6184393162425,-48.2252782112663,-0.469283492922536,-48.6945617041889,-57.9532830848126,0.784460535400142,-57.1688225494125,1,1
17,16,713.332,278.703,20,approach_zone,17,directional,600,300,15,-63.434948822922,120,115.424020173446,-61.30014876509,-1.59394513617284,-62.8940939012628,-10.6427298221526,0.780839954170309,-9.86188986798231,1,1
17,16,713.332,278.703,20,approach_zone,18,directional,400,300,15,-116.565051177078,120,314.094737989989,-69.9954380492411,0.667079244492748,-69.3283588047484,-3.88838139611082,0.0352622847909945,-3.85311911131981,0,0
17,16,713.332,278.703,20,approach_zone,19,directional,300,300,15,-135,120,413.910502926659,-72.3923537683947,1.16492858146956,-71.2274251869251,-2.94956619642988,-0.993596711475581,-3.94316290790547,0,0
17,16,713.332,278.703,20,approach_zone,20,omni,300,500,15,180,360,468.871735587676,-73.4753059040963,0.940705266508295,-72.534600637588,-28.1644938740186,-1.13312945513899,NaN,1,0
17,16,713.332,278.703,20,approach_zone,21,omni,500,350,15,-90,360,224.986231652072,-67.097343667527,1.48063490850287,-65.6167087590242,-18.4799771504241,0.367287181789281,NaN,1,1
17,16,713.332,278.703,20,approach_zone,22,omni,700,500,15,0,360,221.754604085237,-66.9716777432526,0.452465628056221,-66.5192121151964,-86.5523924726593,-0.197650236487444,NaN,1,1
17,16,713.332,278.703,20,approach_zone,23,omni,500,650,15,90,360,428.248764660215,-72.6881472114302,-0.1392063249384,-72.8273535363686,-60.1200947620328,0.324965406652615,NaN,1,0
18,17,706.91,286.369,20,approach_zone,0,omni,250,300,15,-141.34019174591,360,457.140626351454,-73.2552212143493,1.05194141848797,-72.2032797958613,-1.70879865991492,-1.48255692437761,NaN,1,0
18,17,706.91,286.369,20,approach_zone,1,directional,250,350,15,-149.036243467926,120,461.346564158659,-73.3347706459546,0.954030026424243,-72.3807406195303,-7.92823311218709,0.0354193753180099,-7.89281373686907,0,0
18,17,706.91,286.369,20,approach_zone,2,directional,250,450,15,-168.69006752598,120,485.352297059569,-73.7753666218283,-0.697627857313622,-74.4729944791419,-19.7037272912142,0.1398026959415,-19.5639245952727,0,0
18,17,706.91,286.369,20,approach_zone,3,directional,250,550,15,168.69006752598,120,527.534882506361,-74.4992484749217,0.221372578431939,-74.2778758964897,-29.9843749547613,0.640592053533591,-29.3437829012277,0,0
18,17,706.91,286.369,20,approach_zone,4,directional,250,650,15,149.036243467926,120,583.96853704716,-75.3820138122714,1.0135338762547,-74.3684799360167,-38.5144649677603,-0.641955006284756,-39.1564199740451,0,0
18,17,706.91,286.369,20,approach_zone,5,omni,250,700,15,141.34019174591,360,616.345967992815,-75.8507160194848,1.02960004199612,-74.8211159774887,-42.1538800232449,-1.0833756914947,NaN,1,0
18,17,706.91,286.369,20,approach_zone,6,directional,300,700,15,135,120,580.251111382822,-75.3265444533087,0.642122023371276,-74.6844224299375,-45.4692956506554,0.101546472913713,-45.3677491777417,0,0
18,17,706.91,286.369,20,approach_zone,7,directional,400,700,15,116.565051177078,120,515.081888888553,-74.2917504272992,-0.188284654831848,-74.480035082131,-53.4249603613503,0.337254461738042,-53.0877058996123,0,0
18,17,706.91,286.369,20,approach_zone,8,directional,600,700,15,63.434948822922,120,427.253264775121,-72.6679326339262,1.00802966037516,-71.6599029735511,-75.5080825457948,0.134162660409115,-75.3739198853856,0,0
18,17,706.91,286.369,20,approach_zone,9,directional,700,700,15,45,120,413.718929058123,-72.3883326704369,0.569222718095262,-71.8191099523416,-89.0429222859181,-0.0912789272354272,-89.1342012131535,0,0
18,17,706.91,286.369,20,approach_zone,10,omni,750,700,15,38.6598082540901,360,415.899449700285,-72.4339917487543,-0.798063257409126,-73.2320550061634,-95.9473341016583,0.626740840394615,NaN,1,0
18,17,706.91,286.369,20,approach_zone,11,directional,750,650,15,30.9637565320735,120,366.209301166696,-71.3288122449096,0.611589437123599,-70.717222807786,-96.7579922917812,0.0916549643045189,-96.6663373274766,0,0
18,17,706.91,286.369,20,approach_zone,12,directional,750,550,15,11.3099324740202,120,267.176069776094,-68.5901759739546,0.486167495369202,-68.1040084785854,-99.2828058270715,0.87212063082149,-98.41068519625,0,0
18,17,706.91,286.369,20,approach_zone,13,directional,750,450,15,-11.3099324740202,120,169.28334903646,-64.6265096813229,-0.919608901054993,-65.5461185823779,-104.753128106682,0.594683825208925,-104.158444281473,0,0
18,17,706.91,286.369,20,approach_zone,14,directional,750,350,15,-30.9637565320735,120,77.0107282201642,-57.7852494369727,-1.6800853574306,-59.4653347944033,-124.105293517393,-0.858677177527231,-124.96397069492,0,0
18,17,706.91,286.369,20,approach_zone,15,omni,750,300,15,-38.6598082540901,360,45.470344852442,-53.2087897933924,1.40313040962709,-51.8056593837654,-162.445863145274,0.143082367323267,NaN,1,1
18,17,706.91,286.369,20,approach_zone,16,directional,700,300,15,-45,120,16.0795603484672,-44.1797082338676,-0.959623977659553,-45.1393322115272,-63.1180580377634,0.016146187398064,-63.1019118503653,1,1
18,17,706.91,286.369,20,approach_zone,17,directional,600,300,15,-63.434948822922,120,107.891391042103,-60.7139606839476,-0.861696618532863,-61.5756573024804,-7.26599526318115,-0.550128819613864,-7.816124082795,1,1
18,17,706.91,286.369,20,approach_zone,18,directional,400,300,15,-116.565051177078,120,307.253237999211,-69.8041542024421,-0.0962407414792826,-69.9003949439214,-2.54304470838405,1.02369293385738,-1.51935177452668,0,0
18,17,706.91,286.369,20,approach_zone,19,directional,300,300,15,-135,120,407.168948055964,-72.2497178336665,1.51720724845221,-70.7325105852143,-1.91862286315938,-0.580895152217251,-2.49951801537662,0,0
18,17,706.91,286.369,20,approach_zone,20,omni,300,500,15,180,360,459.607389258484,-73.3019648815713,0.830641118141899,-72.4713237634294,-27.6998315508445,0.159843071333902,NaN,1,0
18,17,706.91,286.369,20,approach_zone,21,omni,500,350,15,-90,360,216.530949891696,-66.7646244560116,0.457003114239806,-66.3076213417718,-17.0942251493814,0.832769571240968,NaN,1,1
18,17,706.91,286.369,20,approach_zone,22,omni,700,500,15,0,360,213.801197987757,-66.6544275212864,1.38920774347455,-65.2652197778119,-88.1473856761773,0.733811360960082,NaN,1,1
18,17,706.91,286.369,20,approach_zone,23,omni,500,650,15,90,360,418.406802359856,-72.486199565725,2.35631508735961,-70.1298844783654,-60.3596523163052,-0.0655897030298718,NaN,1,0
19,18,700.488,294.034,20,approach_zone,0,omni,250,300,15,-141.34019174591,360,450.555247777673,-73.1291858829907,-0.0489592842853699,-73.178145167276,-0.75874748844416,-0.0793205646540955,NaN,1,0
19,18,700.488,294.034,20,approach_zone,1,directional,250,350,15,-149.036243467926,120,453.978668331454,-73.1949337661059,-1.79914278296087,-74.9940765490667,-7.08180816897232,-0.934446016185316,-8.01625418515763,0,0
19,18,700.488,294.034,20,approach_zone,2,directional,250,450,15,-168.69006752598,120,476.749233140443,-73.6200248971974,0.813531103053155,-72.8064937941442,-19.0966546214222,-0.314215938175213,-19.4108705595974,0,0
19,18,700.488,294.034,20,approach_zone,3,directional,250,550,15,168.69006752598,120,518.153482377567,-74.3433932598895,1.11655898053365,-73.2268342793558,-29.6051150291394,-0.103188983506063,-29.7083040126455,0,0
19,18,700.488,294.034,20,approach_zone,4,directional,250,650,15,149.036243467926,120,574.174391017224,-75.2351012032263,1.43078670150575,-73.8043145017206,-38.3150375452151,0.0294672919287396,-38.2855702532863,0,0
19,18,700.488,294.034,20,approach_zone,5,omni,250,700,15,141.34019174591,360,606.442768363182,-75.7100212661699,-1.41048385918105,-77.120505125351,-42.0242084370837,-0.173718268346502,NaN,1,0
19,18,700.488,294.034,20,approach_zone,6,directional,300,700,15,135,120,570.284167148274,-75.1760511221296,1.68671334899481,-73.4893377731348,-45.3891870496794,-0.330915817004394,-45.7201028666838,0,0
19,18,700.488,294.034,20,approach_zone,7,directional,400,700,15,116.565051177078,120,505.100417045957,-74.1217793761553,-1.20905916502036,-75.3308385411757,-53.4918875787065,-0.0310672945948903,-53.5229548733014,0,0
19,18,700.488,294.034,20,approach_zone,8,directional,600,700,15,63.434948822922,120,418.247810872932,-72.482898364719,1.0947537240497,-71.3881446406693,-76.0971311815374,0.603083631893034,-75.4940475496444,0,0
19,18,700.488,294.034,20,approach_zone,9,directional,700,700,15,45,120,405.997082871294,-72.2246830970345,0.910704451223879,-71.3139786458106,-89.9311264319301,-0.285076213776761,-90.2162026457068,0,0
19,18,700.488,294.034,20,approach_zone,10,omni,750,700,15,38.6598082540901,360,409.004683714013,-72.2887904613474,-0.735587867583829,-73.0243783289312,-96.9535069487012,0.125333365057595,NaN,1,0
19,18,700.488,294.034,20,approach_zone,11,directional,750,650,15,30.9637565320735,120,359.427644039798,-71.1664543582636,0.483656554019386,-70.6827978042442,-97.9185759460661,-0.520957458671138,-98.4395334047372,0,0
19,18,700.488,294.034,20,approach_zone,12,directional,750,550,15,11.3099324740202,120,260.758568986716,-68.3789966145543,1.08684202561523,-67.2921545889391,-100.947631498563,0.0606848974835875,-100.886946601079,0,0
19,18,700.488,294.034,20,approach_zone,13,directional,750,450,15,-11.3099324740202,120,163.712648564489,-64.3358695268756,0.926809751619676,-63.4090597752559,-107.612238817714,0.706718362013821,-106.905520455701,0,0
19,18,700.488,294.034,20,approach_zone,14,directional,750,350,15,-30.9637565320735,120,74.8907958296612,-57.5427937473626,2.11395766273089,-55.4288360846317,-131.498544695816,0.0504843079916346,-131.448060387824,0,0
19,18,700.488,294.034,20,approach_zone,15,omni,750,300,15,-38.6598082540901,360,50.1201685950875,-54.0544752984689,0.35679161769861,-53.6976836807703,-173.129210610743,-1.20156455640768,NaN,1,1
19,18,700.488,294.034,20,approach_zone,16,directional,700,300,15,-45,120,7.79944228775367,-37.8954958110911,-0.125592749210167,-38.0210885603013,-85.3237963066891,-0.282283861861347,-85.6060801685504,1,1
19,18,700.488,294.034,20,approach_zone,17,directional,600,300,15,-63.434948822922,120,100.78904355137,-60.1224913129693,1.47811772724123,-58.6443735857281,-3.39767774271521,0.0535984408254655,-3.34407930188974,0,0
19,18,700.488,294.034,20,approach_zone,18,directional,400,300,15,-116.565051177078,120,300.588807675868,-69.6136809490634,-0.430084136069717,-70.0437650851331,-1.13742217869355,-0.673395049420577,-1.81081722811413,0,0
19,18,700.488,294.034,20,approach_zone,19,directional,300,300,15,-135,120,400.563642009606,-72.1076553763594,1.56709575722112,-70.5405596191383,-0.853462122232009,0.665964776986305,-0.187497345245703,0,0
19,18,700.488,294.034,20,approach_zone,20,omni,300,500,15,180,360,450.374989647516,-73.1257101371876,-0.119549646789803,-73.2452597839774,-27.216195604415,-0.218184023978108,NaN,1,0
19,18,700.488,294.034,20,approach_zone,21,omni,500,350,15,-90,360,208.212947003783,-66.4243794565965,0.549110876911284,-65.8752685796852,-15.5970159865598,0.12678813926921,NaN,1,1
19,18,700.488,294.034,20,approach_zone,22,omni,700,500,15,0,360,206.027258633415,-66.3327185125768,0.522294883980061,-65.8104236285967,-89.8642480405391,-0.451609254219657,NaN,1,1
19,18,700.488,294.034,20,approach_zone,23,omni,500,650,15,90,360,408.573409927763,-72.2796268184177,0.90819257845872,-71.371434239959,-60.6108171784721,0.18071676794794,NaN,1,0
20,19,694.066,301.7,20,approach_zone,0,omni,250,300,15,-141.34019174591,360,444.097401879363,-73.0037894824497,0.405428744997413,-72.5983607374523,0.219342055786808,0.470879305245717,NaN,1,0
20,19,694.066,301.7,20,approach_zone,1,directional,250,350,15,-149.036243467926,120,446.712997746876,-73.0547966155974,0.463094682879051,-72.5917019327183,-6.20752292644164,-0.0383280638585625,-6.2458509903002,0,0
20,19,694.066,301.7,20,approach_zone,2,directional,250,450,15,-168.69006752598,120,468.20134809289,-73.4628780307762,0.434125060234227,-73.0287529705419,-18.4672249050642,-0.695329598558171,-19.1625545036224,0,0
20,19,694.066,301.7,20,approach_zone,3,directional,250,550,15,168.69006752598,120,508.795147732366,-74.1850840520115,-0.347486078109879,-74.5325701301214,-29.2117868999419,-0.47893364312221,-29.6907205430641,0,0
20,19,694.066,301.7,20,approach_zone,4,directional,250,650,15,149.036243467926,120,564.386837511294,-75.0857623680941,0.48761734978336,-74.5981450183107,-38.1086106629138,-0.568623311443226,-38.6772339743571,0,0
20,19,694.066,301.7,20,approach_zone,5,omni,250,700,15,141.34019174591,360,596.54212119179,-75.5670471172537,0.401130720742392,-75.1659163965113,-41.8901603907679,-0.215577581688863,NaN,1,0
20,19,694.066,301.7,20,approach_zone,6,directional,300,700,15,135,120,560.317679853135,-75.0229113560989,0.538281061089379,-74.4846302950095,-45.3061565256625,-0.108526866797599,-45.4146833924601,0,0
20,19,694.066,301.7,20,approach_zone,7,directional,400,700,15,116.565051177078,120,495.118876994202,-73.9484145270154,-1.16764864681702,-75.1160631738324,-53.5614446977879,0.692099072831726,-52.8693456249562,0,0
20,19,694.066,301.7,20,approach_zone,8,directional,600,700,15,63.434948822922,120,409.287554606783,-72.2947956153479,-0.141951521347098,-72.436747136695,-76.7120072642553,0.676191009134584,-76.0358162551207,0,0
20,19,694.066,301.7,20,approach_zone,9,directional,700,700,15,45,120,398.375579517621,-72.0600789992552,0.319900013200855,-71.7401789860544,-90.8535475873313,0.697956703056165,-90.1555908842751,0,0
20,19,694.066,301.7,20,approach_zone,10,omni,750,700,15,38.6598082540901,360,402.239359531113,-72.1439161241821,-0.1349674592465,-72.2788835834286,-97.9938756666368,0.632239684534707,NaN,1,0
20,19,694.066,301.7,20,approach_zone,11,directional,750,650,15,30.9637565320735,120,352.798104240938,-71.0047496899634,-0.941734728804522,-71.9464844187679,-99.1233152630841,-0.856096875587231,-99.9794121386713,0,0
20,19,694.066,301.7,20,approach_zone,12,directional,750,550,15,11.3099324740202,120,254.571212740168,-68.1704106638726,-1.83288858742692,-70.0032992512995,-102.694988268117,-0.260884245561327,-102.955872513679,0,0
20,19,694.066,301.7,20,approach_zone,13,directional,750,450,15,-11.3099324740202,120,158.576487399614,-64.0590007070288,0.00718733859721164,-64.0518133684316,-110.664865445602,-0.383526144334435,-111.048391589936,0,0
20,19,694.066,301.7,20,approach_zone,14,directional,750,350,15,-30.9637565320735,120,74.0709278732216,-57.4471805345264,0.468577665882798,-56.9786028686436,-139.188810081401,0.102359279934228,-139.086450801467,0,0
20,19,694.066,301.7,20,approach_zone,15,omni,750,300,15,-38.6598082540901,360,56.1827585296414,-55.0462860124227,-1.43085432815881,-56.4771403405815,178.259147380697,-0.141164855862026,NaN,1,1
20,19,694.066,301.7,20,approach_zone,16,directional,700,300,15,-45,120,7.94369913831079,-38.0546805786066,-0.711847624153473,-38.76652820276,164.013804227376,-0.587967968676406,163.425836258699,0,0
20,19,694.066,301.7,20,approach_zone,17,directional,600,300,15,-63.434948822922,120,94.2141303414727,-59.5365457073103,-0.379200368215582,-59.9157460755259,1.035360522726,0.669594490221768,1.70495501294778,0,0
20,19,694.066,301.7,20,approach_zone,18,directional,400,300,15,-116.565051177078,120,294.1134175042,-69.424521585177,0.868086799308893,-68.5564347858681,0.331224079363492,-0.73371660746666,-0.402492528103181,0,0
20,19,694.066,301.7,20,approach_zone,19,directional,300,300,15,-135,120,394.101385884394,-71.966384076121,0.251326572555414,-71.7150575035656,0.247172354219745,0.839416167505845,1.08658852172559,0,0
20,19,694.066,301.7,20,approach_zone,20,omni,300,500,15,180,360,441.175591296708,-72.9464543629773,1.24474038395398,-71.7017139790233,-26.712235357967,-0.740665012916944,NaN,1,0
20,19,694.066,301.7,20,approach_zone,21,omni,500,350,15,-90,360,200.048749948606,-66.0769416728895,0.0575932351473342,-66.0193484377422,-13.9760684823403,-0.108161857289323,NaN,1,1
20,19,694.066,301.7,20,approach_zone,22,omni,700,500,15,0,360,198.451763297785,-66.0073240759258,-1.99121159859855,-67.9985356745243,-91.7140278663031,0.224147762307391,NaN,1,1
20,19,694.066,301.7,20,approach_zone,23,omni,500,650,15,90,360,398.747416738968,-72.0681824847082,-0.815361118680516,-72.8835436033888,-60.8742966517022,-1.2319805021982,NaN,1,0
21,20,687.645,309.366,20,approach_zone,0,omni,250,300,15,-141.34019174591,360,437.773763468073,-72.8792194342164,-0.698171041905512,-73.5773904761219,1.22599451101982,0.543415204479659,NaN,1,0
21,20,687.645,309.366,20,approach_zone,1,directional,250,350,15,-149.036243467926,120,439.55576208372,-72.9145043850718,0.389820620066069,-72.5246837650057,-5.30453014493128,-0.525664395617629,-5.83019454054892,0,0
21,20,687.645,309.366,20,approach_zone,2,directional,250,450,15,-168.69006752598,120,459.71302785651,-73.3039610630787,0.436628304149232,-72.8673327589295,-17.8144263775451,0.276702442924373,-17.5377239346207,0,0
21,20,687.645,309.366,20,approach_zone,3,directional,250,550,15,168.69006752598,120,499.462579159841,-74.0242839438033,2.30582171118905,-71.7184622326142,-28.8036819514222,0.407495232001547,-28.3961867194206,0,0
21,20,687.645,309.366,20,approach_zone,4,directional,250,650,15,149.036243467926,120,554.607670322905,-74.9339422673011,-1.83584628923043,-76.7697885565315,-37.8948366043833,-0.282946620589762,-38.177783224973,0,0
21,20,687.645,309.366,20,approach_zone,5,omni,250,700,15,141.34019174591,360,586.645606802778,-75.4217412888431,-1.1559532946987,-76.5776945835418,-41.7515231619962,1.43806301682845,NaN,1,0
21,20,687.645,309.366,20,approach_zone,6,directional,300,700,15,135,120,550.353130254567,-74.8670536535143,0.84334027169647,-74.0237133818179,-45.220044794963,-0.326049112887812,-45.5460939078508,0,0
21,20,687.645,309.366,20,approach_zone,7,directional,400,700,15,116.565051177078,120,485.138710041778,-73.7715434162941,1.46666412357711,-72.304879292717,-53.6337691234172,-0.555586763296865,-54.189355886714,0,0
21,20,687.645,309.366,20,approach_zone,8,directional,600,700,15,63.434948822922,120,400.376782519916,-72.103602538258,1.42551550797312,-70.6780870302849,-77.3541946864153,-0.107435039222205,-77.4616297256375,0,0
21,20,687.645,309.366,20,approach_zone,9,directional,700,700,15,45,120,390.86131553404,-71.8946786224388,-0.0288798494901115,-71.923558471929,-91.8115511074678,0.184504377896161,-91.6270467295716,0,0
21,20,687.645,309.366,20,approach_zone,10,omni,750,700,15,38.6598082540901,360,395.611005889624,-71.999592137358,-0.140074223251731,-72.1396663606098,-99.0693329183686,0.314767143167253,NaN,1,0
21,20,687.645,309.366,20,approach_zone,11,directional,750,650,15,30.9637565320735,120,346.330287415063,-70.8440343003387,-0.293379831727507,-71.1374141320662,-100.373467875516,-0.338009993969572,-100.711477869485,0,0
21,20,687.645,309.366,20,approach_zone,12,directional,750,550,15,11.3099324740202,120,248.631993076112,-67.9653650614898,-0.12574335281263,-68.0911084143025,-104.527406321089,-0.565711032112611,-105.093117353201,0,0
21,20,687.645,309.366,20,approach_zone,13,directional,750,450,15,-11.3099324740202,120,153.919030600508,-63.8000712235622,-0.340380033282172,-64.1404512568443,-113.91177793123,0.352884098507139,-113.558893832723,0,0
21,20,687.645,309.366,20,approach_zone,14,directional,750,350,15,-30.9637565320735,120,74.594021080781,-57.5083052132607,-1.30152919534258,-58.8098344086032,-146.90948853484,-0.267190644507633,-147.176679179348,0,0
21,20,687.645,309.366,20,approach_zone,15,omni,750,300,15,-38.6598082540901,360,63.2524148234674,-56.0757670436753,2.26363259949567,-53.8121344441796,171.457777013565,0.627327322075037,NaN,1,1
21,20,687.645,309.366,20,approach_zone,16,directional,700,300,15,-45,120,16.2901191217253,-44.2927100363247,-0.000634439471042256,-44.2933444757958,142.835192602371,-0.480688786476395,142.354503815895,0,0
21,20,687.645,309.366,20,approach_zone,17,directional,600,300,15,-63.434948822922,120,88.2857178766758,-58.972033889016,-0.701690209215867,-59.6737240982318,6.09964551070619,-0.581831411147409,5.51781409955879,0,0
21,20,687.645,309.366,20,approach_zone,18,directional,400,300,15,-116.565051177078,120,287.840872672732,-69.2372740880844,0.157869437856468,-69.0794046502279,1.8649472183923,0.318008537195119,2.18295575558741,0,0
21,20,687.645,309.366,20,approach_zone,19,directional,300,300,15,-135,120,387.790366023964,-71.8261651459707,-1.33862926217547,-73.1647944081462,1.38407017928284,-1.02757445735002,0.356495721932816,0,0
21,20,687.645,309.366,20,approach_zone,20,omni,300,500,15,180,360,432.012694235945,-72.7641549999574,-0.541365517174432,-73.3055205171319,-26.1867917304956,0.146725891857377,NaN,1,0
21,20,687.645,309.366,20,approach_zone,21,omni,500,350,15,-90,360,192.059282465076,-65.7229308742992,0.73070320594281,-64.9922276683564,-12.2185846930164,-0.363357444891578,NaN,1,1
21,20,687.645,309.366,20,approach_zone,22,omni,700,500,15,0,360,191.099366772891,-65.6794097938049,-0.420766480561903,-66.1001762743668,-93.7081565731851,0.0872608513108099,NaN,1,1
21,20,687.645,309.366,20,approach_zone,23,omni,500,650,15,90,360,388.930801018639,-71.8516715954966,0.6276813580022,-71.2239902374943,-61.1509564716089,-0.245972141959328,NaN,1,0
22,21,681.223,317.031,20,approach_zone,0,omni,250,300,15,-141.34019174591,360,431.588149385499,-72.7556150592159,2.62209889305672,-70.1335161661592,2.26170109927657,-0.366052567291266,NaN,1,0
22,21,681.223,317.031,20,approach_zone,1,directional,250,350,15,-149.036243467926,120,432.510382175966,-72.7741555727974,-0.174713605955384,-72.9488691787528,-4.37202292403163,0.415200085083331,-3.95682283894831,0,0
22,21,681.223,317.031,20,approach_zone,2,directional,250,450,15,-168.69006752598,120,451.285974399825,-73.1432615584611,-1.30172175003152,-74.4449833084926,-17.1373149285104,-0.0933957528704353,-17.2307106813808,0,0
22,21,681.223,317.031,20,approach_zone,3,directional,250,550,15,168.69006752598,120,490.155924874932,-73.8609099670783,-0.100228301020761,-73.9611382680991,-28.3802148433228,-0.939028370111682,-29.3192432134344,0,0
22,21,681.223,317.031,20,approach_zone,4,directional,250,650,15,149.036243467926,120,544.836333856324,-74.7795460732351,1.60554179770188,-73.1740042755332,-37.673538549372,0.627963328587999,-37.045575220784,0,0
22,21,681.223,317.031,20,approach_zone,5,omni,250,700,15,141.34019174591,360,576.752573197554,-75.274015650518,-1.10800684241064,-76.3820224929286,-41.6082689187963,-0.27284628191593,NaN,1,0
22,21,681.223,317.031,20,approach_zone,6,directional,300,700,15,135,120,540.389887664453,-74.7083691033853,1.4676304104029,-73.2407386929823,-45.1309072287571,0.133702973082532,-44.9972042556745,0,0
22,21,681.223,317.031,20,approach_zone,7,directional,400,700,15,116.565051177078,120,475.159584445058,-73.5910147111131,0.0281920159624027,-73.5628226951507,-53.7093005065353,0.256492095899537,-53.4528084106358,0,0
22,21,681.223,317.031,20,approach_zone,8,directional,600,700,15,63.434948822922,120,391.519387374367,-71.9092902832473,1.20597089355474,-70.7033193896925,-78.0257070545741,0.629373010478669,-77.3963340440954,0,0
22,21,681.223,317.031,20,approach_zone,9,directional,700,700,15,45,120,383.461641745299,-71.7286633805566,-0.915273674124326,-72.6439370546809,-92.8069687179526,-0.284497033378015,-93.0914657513306,0,0
22,21,681.223,317.031,20,approach_zone,10,omni,750,700,15,38.6598082540901,360,389.12791044848,-71.8560724736452,1.709861437593,-70.1462110360522,-100.181159690766,0.623286213202579,NaN,1,0
22,21,681.223,317.031,20,approach_zone,11,directional,750,650,15,30.9637565320735,120,340.034749238956,-70.684690859288,-1.39060872595544,-72.0752995852435,-101.670698813854,0.408001027445217,-101.262697786408,0,0
22,21,681.223,317.031,20,approach_zone,12,directional,750,550,15,11.3099324740202,120,242.960553773653,-67.7649402099805,-0.0379908739353372,-67.8029310839159,-106.447629994821,0.211861523121782,-106.235768471699,0,0
22,21,681.223,317.031,20,approach_zone,13,directional,750,450,15,-11.3099324740202,120,149.786617192592,-63.5636850882775,0.874640631605445,-62.6890444566721,-117.349852335455,0.525939647882987,-116.823912687572,0,0
22,21,681.223,317.031,20,approach_zone,14,directional,750,350,15,-30.9637565320735,120,76.4344862611113,-57.7200118522472,1.02439015175652,-56.6956217004907,-154.388765560156,-0.903380431519396,-155.292145991675,0,0
22,21,681.223,317.031,20,approach_zone,15,omni,750,300,15,-38.6598082540901,360,71.030491269595,-57.0831212022717,-0.0061264122604391,-57.0892476145321,166.091825984326,-0.11512965616228,NaN,1,1
22,21,681.223,317.031,20,approach_zone,16,directional,700,300,15,-45,120,25.8385504624389,-48.299587757673,0.297600556440591,-48.0019872012324,137.79153435129,0.159052467324675,137.950586818615,0,0
22,21,681.223,317.031,20,approach_zone,17,directional,600,300,15,-63.434948822922,120,83.1398261364552,-58.4504070735617,-0.919355222747412,-59.3697622963091,11.8423267802558,-0.0721676134618499,11.7701591667939,0,0
22,21,681.223,317.031,20,approach_zone,18,directional,400,300,15,-116.565051177078,120,281.782594725082,-69.0525081123034,-1.21852992740342,-70.2710380397068,3.46562725985383,-0.571429686700703,2.89419757315312,0,0
22,21,681.223,317.031,20,approach_zone,19,directional,300,300,15,-135,120,381.635992393275,-71.6872113666482,1.17021693128025,-70.516994435368,2.55796743481921,0.662758315738868,3.22072575055807,0,0
22,21,681.223,317.031,20,approach_zone,20,omni,300,500,15,180,360,422.88725529389,-72.5787167713181,-0.712991409996001,-73.2917081813141,-25.6388021786284,0.533448328211673,NaN,1,0
22,21,681.223,317.031,20,approach_zone,21,omni,500,350,15,-90,360,184.265381149037,-65.3630998307261,0.543186124365551,-64.8199137063605,-10.3107724930095,-0.735574453793802,NaN,1,1
22,21,681.223,317.031,20,approach_zone,22,omni,700,500,15,0,360,183.99790947182,-65.3504826085521,-0.128132506762073,-65.4786151153142,-95.8594064075755,-0.482002854967751,NaN,1,1
22,21,681.223,317.031,20,approach_zone,23,omni,500,650,15,90,360,379.124162630134,-71.6298541161416,-0.228222606934216,-71.8580767230758,-61.4421439092056,0.078536182759811,NaN,1,0
23,22,674.801,324.697,20,approach_zone,0,omni,250,300,15,-141.34019174591,360,425.547684061375,-72.633189460573,0.441686420520337,-72.1915030400527,3.32730576950985,0.0832043660521129,NaN,1,0
23,22,674.801,324.697,20,approach_zone,1,directional,250,350,15,-149.036243467926,120,425.583283753016,-72.6339160584871,0.169955172932618,-72.4639608855545,-3.40875895907923,-0.0616559942470639,-3.4704149533263,0,0
23,22,674.801,324.697,20,approach_zone,2,directional,250,450,15,-168.69006752598,120,442.924069576265,-72.9808104652206,-0.657956616822983,-73.6387670820436,-16.4344095830359,0.978065947239467,-15.4563436357964,0,0
23,22,674.801,324.697,20,approach_zone,3,directional,250,550,15,168.69006752598,120,480.876628055471,-73.6948982275193,-0.282325812391502,-73.9772240399108,-27.9402737808394,0.847138270858241,-27.0931355099812,0,0
23,22,674.801,324.697,20,approach_zone,4,directional,250,650,15,149.036243467926,120,535.072828136507,-74.6224827813943,-0.172305384368599,-74.7947881657629,-37.4440756835125,0.0561010518703535,-37.3879746316421,0,0
23,22,674.801,324.697,20,approach_zone,5,omni,250,700,15,141.34019174591,360,566.862621284911,-75.1237812485301,0.371633853148959,-74.7521473953812,-41.4599392631249,-0.989654773828339,NaN,1,0
23,22,674.801,324.697,20,approach_zone,6,directional,300,700,15,135,120,530.427310203764,-74.5467423655998,0.523171060005808,-74.023571305594,-45.0383446522369,0.590496334641016,-44.4478483175959,0,0
23,22,674.801,324.697,20,approach_zone,7,directional,400,700,15,116.565051177078,120,465.180536361959,-73.406655536296,-0.188326822505195,-73.5949823588012,-53.7879999620934,0.660144149198938,-53.1278558128944,0,0
23,22,674.801,324.697,20,approach_zone,8,directional,600,700,15,63.434948822922,120,382.717299595929,-71.7117867073735,0.187768386400241,-71.5240183209733,-78.728180220612,-0.447917952104162,-79.1760981727161,0,0
23,22,674.801,324.697,20,approach_zone,9,directional,700,700,15,45,120,376.181248083952,-71.5621676943173,1.12993751348392,-70.4322301808334,-93.841249763718,0.2071437875558,-93.6341059761622,0,0
23,22,674.801,324.697,20,approach_zone,10,omni,750,700,15,38.6598082540901,360,382.795286556666,-71.7135564656995,0.892333739963595,-70.8212227257359,-101.330247273095,0.0320987486780868,NaN,1,0
23,22,674.801,324.697,20,approach_zone,11,directional,750,650,15,30.9637565320735,120,333.919049187075,-70.5270487361852,-2.45494135360368,-72.9819900897889,-103.016199806057,-0.35857450449265,-103.374774310549,0,0
23,22,674.801,324.697,20,approach_zone,12,directional,750,550,15,11.3099324740202,120,237.573844120097,-67.5701973331764,0.949853500035008,-66.6203438331414,-108.457375635466,0.000964688474267945,-108.456410946992,0,0
23,22,674.801,324.697,20,approach_zone,13,directional,750,450,15,-11.3099324740202,120,146.221514866999,-63.3544504126013,-0.446250643365495,-63.8007010559668,-120.969539148703,0.366764032261097,-120.602775116442,0,0
23,22,674.801,324.697,20,approach_zone,14,directional,750,350,15,-30.9637565320735,120,79.4992541474446,-58.0614859177593,-1.07795122815586,-59.1394371459152,-161.402915286809,-0.803673943546791,-162.206589230356,0,0
23,22,674.801,324.697,20,approach_zone,15,omni,750,300,15,-38.6598082540901,360,79.3084573674207,-58.0406148837755,0.1732467365793,-57.8673681471962,161.818686138439,-0.882607186296655,NaN,1,1
23,22,674.801,324.697,20,approach_zone,16,directional,700,300,15,-45,120,35.6360970085109,-51.0920274842409,-0.9280273671997,-52.0200548514406,135.576429190854,-0.0693856210231576,135.507043569831,0,0
23,22,674.801,324.697,20,approach_zone,17,directional,600,300,15,-63.434948822922,120,78.9311814810852,-57.999196906018,-0.272968894597022,-58.272165800615,18.2716413428194,-1.04194910520394,17.2296922376155,0,0
23,22,674.801,324.697,20,approach_zone,18,directional,400,300,15,-116.565051177078,120,275.953857392862,-68.8709542179292,0.779260779021949,-68.0916934389072,5.13550702477557,0.303812961794026,5.43931998656961,0,0
23,22,674.801,324.697,20,approach_zone,19,directional,300,300,15,-135,120,375.647083590436,-71.5498252634073,0.504709537833653,-71.0451157255737,3.76997706401338,-0.0411400559828339,3.72883700803055,0,0
23,22,674.801,324.697,20,approach_zone,20,omni,300,500,15,180,360,413.801802086458,-72.3900723875302,-2.85598538173944,-75.2460577692696,-25.0665672257826,0.0592664757823764,NaN,1,0
23,22,674.801,324.697,20,approach_zone,21,omni,500,350,15,-90,360,176.693608854424,-64.9986416546498,0.138184415959896,-64.8604572386899,-8.23653600876058,-0.266393402741709,NaN,1,1
23,22,674.801,324.697,20,approach_zone,22,omni,700,500,15,0,360,177.175425525099,-65.0222945239706,0.268537324705681,-64.7537571992649,-98.179971703762,0.415640977455425,NaN,1,1
23,22,674.801,324.697,20,approach_zone,23,omni,500,650,15,90,360,369.326997943557,-71.4024459522853,0.293497133555673,-71.1089488187296,-61.748716253654,0.289936134088716,NaN,1,0
24,23,668.379,332.362,20,approach_zone,0,omni,250,300,15,-141.34019174591,360,419.65853581811,-72.512146055251,-0.979278159489918,-73.4914242147409,4.42307388513309,0.240033158370346,NaN,1,0
24,23,668.379,332.362,20,approach_zone,1,directional,250,350,15,-149.036243467926,120,418.780475529841,-72.4939533484603,-0.732412615383234,-73.2263659638435,-2.4140429996705,0.240256375032566,-2.17378662463793,0,0
24,23,668.379,332.362,20,approach_zone,2,directional,250,450,15,-168.69006752598,120,434.631667834961,-72.8166521623221,-0.932580047510723,-73.7492322098328,-15.7046916939342,0.479232865156345,-15.2254588287779,0,0
24,23,668.379,332.362,20,approach_zone,3,directional,250,550,15,168.69006752598,120,471.627275170765,-73.526203099997,1.28064397618514,-72.2455591238119,-27.4831539813019,-0.505703523992289,-27.9888575052941,0,0
24,23,668.379,332.362,20,approach_zone,4,directional,250,650,15,149.036243467926,120,525.318842880207,-74.4626844136725,1.0113399690365,-73.451344444636,-37.2061732366452,-0.306646988213646,-37.5128202248588,0,0
24,23,668.379,332.362,20,approach_zone,5,omni,250,700,15,141.34019174591,360,556.977276632539,-74.9709743809956,0.693155199502002,-74.2778191814936,-41.3064198773042,-1.23867582243618,NaN,1,0
24,23,668.379,332.362,20,approach_zone,6,directional,300,700,15,135,120,520.466892976873,-74.3820870172248,-1.98402614053756,-76.3661131577624,-44.9423163347112,-1.0053520275941,-45.9476683623053,0,0
24,23,668.379,332.362,20,approach_zone,7,directional,400,700,15,116.565051177078,120,455.203236681155,-73.2183316624192,2.29874355898193,-70.9195881034372,-53.8702244173245,0.143918076022638,-53.7263063413019,0,0
24,23,668.379,332.362,20,approach_zone,8,directional,600,700,15,63.434948822922,120,373.976452046115,-71.5111099761884,0.671896828898881,-70.8392131472896,-79.4636433197744,0.381572171996234,-79.0820711477782,0,0
24,23,668.379,332.362,20,approach_zone,9,directional,700,700,15,45,120,369.029249091451,-71.3954406243834,1.6265235799956,-69.7689170443878,-94.9159821241683,0.273822555681874,-94.6421595684864,0,0
24,23,668.379,332.362,20,approach_zone,10,omni,750,700,15,38.6598082540901,360,376.622737875716,-71.5723555576091,-0.793990487583633,-72.3663460451927,-102.517470617733,-0.156128909895377,NaN,1,0
24,23,668.379,332.362,20,approach_zone,11,directional,750,650,15,30.9637565320735,120,327.995254058652,-70.3715760285236,-0.406760170289581,-70.7783361988132,-104.411070679462,-0.468390108195724,-104.879460787657,0,0
24,23,668.379,332.362,20,approach_zone,12,directional,750,550,15,11.3099324740202,120,232.493627192231,-67.3824458958974,-0.0921459486172282,-67.4745918445146,-110.557603136756,-0.0552338988795791,-110.612837035635,0,0
24,23,668.379,332.362,20,approach_zone,13,directional,750,450,15,-11.3099324740202,120,143.267884346074,-63.1772017874052,-0.642244636612249,-63.8194464240175,-124.754147929287,-0.0110312136185772,-124.765179142906,0,0
24,23,668.379,332.362,20,approach_zone,14,directional,750,350,15,-30.9637565320735,120,83.6545676278349,-58.5040180119056,-0.449813607647758,-58.9538316195534,-167.806092658453,-0.597740191552223,-168.403832850005,0,0
24,23,668.379,332.362,20,approach_zone,15,omni,750,300,15,-38.6598082540901,360,87.9447933933556,-58.9384274935085,0.224864978755374,-58.7135625147531,158.372114780158,-0.149426475556069,NaN,1,1
24,23,668.379,332.362,20,approach_zone,16,directional,700,300,15,-45,120,45.5212772777742,-53.2185136220545,-0.0374298204503312,-53.2559434425048,134.336475710138,-0.76081744996362,133.575658260175,0,0
24,23,668.379,332.362,20,approach_zone,17,directional,600,300,15,-63.434948822922,120,75.8154778722657,-57.6493823685935,0.22274733946738,-57.4266350291262,25.3269747872252,-0.111582040214903,25.2153927470103,0,0
24,23,668.379,332.362,20,approach_zone,18,directional,400,300,15,-116.565051177078,120,270.36935234046,-68.6933740482798,-0.380580332928445,-69.0739543812082,6.87571197889604,0.0212145200840756,6.89692649898012,0,0
24,23,668.379,332.362,20,approach_zone,19,directional,300,300,15,-135,120,369.831565290201,-71.4143043469158,1.68926525509284,-69.7250390918229,5.02053046074545,0.520333006885813,5.54086346763125,0,0
24,23,668.379,332.362,20,approach_zone,20,omni,300,500,15,180,360,404.759912398696,-72.1981746991007,-0.67763499526813,-72.8758096943689,-24.4688279916194,0.387065829256093,NaN,1,0
24,23,668.379,332.362,20,approach_zone,21,omni,500,350,15,-90,360,169.374102757771,-64.6311649860992,-0.126750013920272,-64.7579150000195,-5.98002572752541,0.410105456867902,NaN,1,1
24,23,668.379,332.362,20,approach_zone,22,omni,700,500,15,0,360,170.667474010135,-64.6972400481036,-1.21305954763607,-65.9102995957397,-100.682004340094,0.480056171853486,NaN,1,1
24,23,668.379,332.362,20,approach_zone,23,omni,500,650,15,90,360,359.541912278666,-71.169215313332,0.970003320451322,-70.1992119928807,-62.0720646481556,0.331913032067332,NaN,1,0
25,24,662.891,340.518,20,approach_zone,0,omni,250,300,15,-141.34019174591,360,414.904430206524,-72.413186276243,-0.665069184447857,-73.0782554606909,5.60462962113325,0.486362413570007,NaN,1,0
25,24,662.891,340.518,20,approach_zone,1,directional,250,350,15,-149.036243467926,120,413.030127478614,-72.3738594615735,-0.875040553113038,-73.2489000146866,-1.31556053682362,-0.0057776856592192,-1.32133822248284,0,0
25,24,662.891,340.518,20,approach_zone,2,directional,250,450,15,-168.69006752598,120,427.188817977484,-72.6666223572342,-0.859895687194409,-73.5265180444286,-14.8507694895517,-0.321513183170993,-15.1722826727227,0,0
25,24,662.891,340.518,20,approach_zone,3,directional,250,550,15,168.69006752598,120,463.019099179505,-73.3662029482063,0.15780367833441,-73.2083992698719,-26.9011521888149,0.194292958347961,-26.7068592304669,0,0
25,24,662.891,340.518,20,approach_zone,4,directional,250,650,15,149.036243467926,120,516.026245655199,-74.3076606517901,-0.00435891818097041,-74.3120195699711,-36.8533529989043,0.135538083532486,-36.7178149153719,0,0
25,24,662.891,340.518,20,approach_zone,5,omni,250,700,15,141.34019174591,360,547.477201539023,-74.8215456076002,-0.383632352707,-75.2051779603072,-41.0443376333165,-0.149810024202295,NaN,1,0
25,24,662.891,340.518,20,approach_zone,6,directional,300,700,15,135,120,510.825005461753,-74.219667800588,0.885341427638926,-73.3343263729491,-44.7296135619572,1.35781884895518,-43.371794713002,0,0
25,24,662.891,340.518,20,approach_zone,7,directional,400,700,15,116.565051177078,120,445.38072051336,-73.0288531045427,0.759019847004953,-72.2698332575377,-53.8218070273372,-0.447235675293375,-54.2690427026306,0,0
25,24,662.891,340.518,20,approach_zone,8,directional,600,700,15,63.434948822922,120,364.976144706747,-71.2995144214002,-0.499677963281954,-71.7991923846822,-80.0765923120254,-0.389686323212333,-80.4662786352377,0,0
25,24,662.891,340.518,20,approach_zone,9,directional,700,700,15,45,120,361.426875321966,-71.2146336963544,-0.124801303453633,-71.3394349998081,-95.8937154242964,-0.240987726191835,-96.1347031504882,0,0
25,24,662.891,340.518,20,approach_zone,10,omni,750,700,15,38.6598082540901,360,369.91929688109,-71.4163645727533,-1.72002451200154,-73.1363890847549,-103.621251495147,-0.121485834235513,NaN,1,0
25,24,662.891,340.518,20,approach_zone,11,directional,750,650,15,30.9637565320735,120,321.546398214939,-70.199097818617,-0.437264284260942,-70.6363621028779,-105.720164099826,0.170085280761373,-105.550078819065,0,0
25,24,662.891,340.518,20,approach_zone,12,directional,750,550,15,11.3099324740202,120,226.926609733191,-67.1719333312786,0.105104535526187,-67.0668287957524,-112.579029996041,0.620087998907059,-111.958941997134,0,0
25,24,662.891,340.518,20,approach_zone,13,directional,750,450,15,-11.3099324740202,120,139.997450708933,-62.9766273830649,1.34546110613634,-61.6311662769286,-128.507398665229,-0.459703681642743,-128.967102346871,0,0
25,24,662.891,340.518,20,approach_zone,14,directional,750,350,15,-30.9637565320735,120,87.7660880123981,-58.9207596548464,0.849878282523956,-58.0708813723225,-173.787691541675,0.589365040112399,-173.198326501562,0,0
25,24,662.891,340.518,20,approach_zone,15,omni,750,300,15,-38.6598082540901,360,96.2012796432563,-59.7178418130983,1.35157431605758,-58.3662674970407,155.054912614601,-0.0523256738123374,NaN,1,1
25,24,662.891,340.518,20,approach_zone,16,directional,700,300,15,-45,120,55.1705193468396,-54.8883662782609,0.204495687553184,-54.6838705907078,132.48546387379,0.0241785672989008,132.509642441089,0,0
25,24,662.891,340.518,20,approach_zone,17,directional,600,300,15,-63.434948822922,120,74.9799053413646,-57.5531225904189,-0.0532385680821439,-57.606361158501,32.7919635867848,0.448846576888454,33.2408101636732,0,0
25,24,662.891,340.518,20,approach_zone,18,directional,400,300,15,-116.565051177078,120,266.042076004906,-68.5532313963014,0.35037755862169,-68.2028538376797,8.76175286580472,-0.198429802488302,8.56332306331643,0,0
25,24,662.891,340.518,20,approach_zone,19,directional,300,300,15,-135,120,365.180210587868,-71.3043695288183,-0.162219375343489,-71.4665889041618,6.37087968795156,0.0346060277808009,6.40548571573237,0,0
25,24,662.891,340.518,20,approach_zone,20,omni,300,500,15,180,360,396.420718687861,-72.0173517251017,-1.70423795212663,-73.7215896772284,-23.7243515293065,0.292121945175866,NaN,1,0
25,24,662.891,340.518,20,approach_zone,21,omni,500,350,15,-90,360,163.243334335586,-64.310933972179,-2.29562412678722,-66.6065580989662,-3.33146825323585,0.0551716992344398,NaN,1,1
25,24,662.891,340.518,20,approach_zone,22,omni,700,500,15,0,360,163.818760235206,-64.3414975324264,-0.145619279571386,-64.4871168119978,-103.09876492837,0.826023188998547,NaN,1,1
25,24,662.891,340.518,20,approach_zone,23,omni,500,650,15,90,360,349.767903337342,-70.929823907752,-0.656801006882609,-71.5866249146346,-62.2406277058502,-0.530037981168155,NaN,1,0
26,25,660.228,350.157,20,perimeter_crossing,0,omni,250,300,15,-141.34019174591,360,413.31312177694,-72.3798087020176,1.73883187166692,-70.6409768303506,6.97073681027626,-0.380612626116367,NaN,1,0
26,25,660.228,350.157,20,perimeter_crossing,1,directional,250,350,15,-149.036243467926,120,410.258499769353,-72.3153765855751,0.936757525009888,-71.3786190605652,0.0219278960586934,-0.545729827186718,-0.52380193112802,0,0
26,25,660.228,350.157,20,perimeter_crossing,2,directional,250,450,15,-168.69006752598,120,422.232917514729,-72.5652665968829,0.676233628335236,-71.8890329685476,-13.6789301648714,0.939711042865413,-12.739219122006,0,0
26,25,660.228,350.157,20,perimeter_crossing,3,directional,250,550,15,168.69006752598,120,456.343331969472,-73.2400590153717,-0.169659377294416,-73.4097183926661,-25.9730770448968,0.424105699318021,-25.5489713455788,0,0
26,25,660.228,350.157,20,perimeter_crossing,4,directional,250,650,15,149.036243467926,120,508.151391450422,-74.1740872167793,-1.00660187032576,-75.1806890871051,-36.1637389086994,-0.256689378770692,-36.4204282874701,0,0
26,25,660.228,350.157,20,perimeter_crossing,5,omni,250,700,15,141.34019174591,360,539.168004088707,-74.6887070722842,0.884755668468974,-73.8039514038152,-40.4575902179063,-0.284557663405124,NaN,1,0
26,25,660.228,350.157,20,perimeter_crossing,6,directional,300,700,15,135,120,502.174607714289,-74.0713198138622,0.0166137880722734,-74.0547060257899,-44.1620918878125,0.508507276454886,-43.6535846113576,0,0
26,25,660.228,350.157,20,perimeter_crossing,7,directional,400,700,15,116.565051177078,120,436.043273807772,-72.8448166674634,0.654371524127356,-72.1904451433361,-53.3565713810513,0.159778608781463,-53.1967927722698,0,0
26,25,660.228,350.157,20,perimeter_crossing,8,directional,600,700,15,63.434948822922,120,355.024698623913,-71.0593961828243,-0.404402233359612,-71.4637984161839,-80.2318694884559,0.0796122823493649,-80.1522572061065,0,0
26,25,660.228,350.157,20,perimeter_crossing,9,directional,700,700,15,45,120,352.131987517465,-70.9883343939337,0.445536635518887,-70.5427977584148,-96.4858407436129,-0.156428707797465,-96.6422694514103,0,0
26,25,660.228,350.157,20,perimeter_crossing,10,omni,750,700,15,38.6598082540901,360,361.212038327905,-71.2094691516826,-0.320640229127708,-71.5301093808103,-104.391946258545,-0.386254055979759,NaN,1,0
26,25,660.228,350.157,20,perimeter_crossing,11,directional,750,650,15,30.9637565320735,120,313.033283586586,-69.9660351704327,-0.712012261588129,-70.6780474320208,-106.667525717759,0.730849401711957,-105.936676316047,0,0
26,25,660.228,350.157,20,perimeter_crossing,12,directional,750,550,15,11.3099324740202,120,219.137483404825,-66.8685582315032,1.62324016861163,-65.2453180628916,-114.190218367378,0.394181567514582,-113.796036799863,0,0
26,25,660.228,350.157,20,perimeter_crossing,13,directional,750,450,15,-11.3099324740202,120,134.360100599099,-62.6196312409913,1.25875009946679,-61.3608811415245,-131.959712472553,-0.376411176589359,-132.336123649142,0,0
26,25,660.228,350.157,20,perimeter_crossing,14,directional,750,350,15,-30.9637565320735,120,89.9112708896944,-59.1305075628648,-0.402956347286639,-59.5334639101514,179.899796949912,-0.0138534000513492,179.88594354986,0,0
26,25,660.228,350.157,20,perimeter_crossing,15,omni,750,300,15,-38.6598082540901,360,102.955022378707,-60.3071755809781,1.04676217683386,-59.2604134041443,150.807234682202,-0.0266881423382842,NaN,1,1
26,25,660.228,350.157,20,perimeter_crossing,16,directional,700,300,15,-45,120,64.2069827433123,-56.2058700691237,0.300991017611254,-55.9048790515125,128.412662650668,0.451803297282271,128.86446594795,0,0
26,25,660.228,350.157,20,perimeter_crossing,17,directional,600,300,15,-63.434948822922,120,78.5374855276128,-57.9557646881318,-0.838916271573326,-58.7946809597051,39.7870388561282,0.216792577038904,40.0038314331671,0,0
26,25,660.228,350.157,20,perimeter_crossing,18,directional,400,300,15,-116.565051177078,120,265.064778182617,-68.5212652842394,0.567143540858539,-67.9541217433809,10.9095502936668,-0.379080921760565,10.5304693719062,0,0
26,25,660.228,350.157,20,perimeter_crossing,19,directional,300,300,15,-135,120,363.737455636617,-71.2699853254248,0.405873004301234,-70.8641123211236,7.92671930209755,-0.186423550186416,7.74029575191113,0,0
26,25,660.228,350.157,20,perimeter_crossing,20,omni,300,500,15,180,360,390.182183900034,-71.8795735382442,1.15822526542589,-70.7213482728183,-22.5857040468966,-0.291216452900876,NaN,1,0
26,25,660.228,350.157,20,perimeter_crossing,21,omni,500,350,15,-90,360,160.306071728428,-64.1532242729823,-1.13096788443264,-65.284192157415,0.0561414640679214,0.0328595549945558,NaN,1,1
26,25,660.228,350.157,20,perimeter_crossing,22,omni,700,500,15,0,360,155.112013180798,-63.8671335250098,-0.0402334526372384,-63.9073669776471,-104.864949587159,0.237172040410251,NaN,1,1
26,25,660.228,350.157,20,perimeter_crossing,23,omni,500,650,15,90,360,340.00564206054,-70.6839473101024,0.232097012801376,-70.4518502973011,-61.8811567282026,-0.832626634280703,NaN,1,0
27,26,657.565,359.796,20,internal_airspace,0,omni,250,300,15,-141.34019174591,360,411.958481938411,-72.3512938163695,0.936312043097364,-71.4149817732721,8.346616447942,-0.215224770125877,NaN,1,0
27,26,657.565,359.796,20,internal_airspace,1,directional,250,350,15,-149.036243467926,120,407.713368484527,-72.2613238689597,1.46366772520589,-70.7976561437538,1.37686359578477,0.0484571554080255,1.4253207511928,0,0
27,26,657.565,359.796,20,internal_airspace,2,directional,250,450,15,-168.69006752598,120,417.457771326634,-72.4664758386542,-0.987261783662929,-73.4537376223171,-12.479767149216,0.0131088180355414,-12.4666583311805,0,0
27,26,657.565,359.796,20,internal_airspace,3,directional,250,550,15,168.69006752598,120,449.790830098836,-73.1144367784979,0.0199888924388923,-73.094447886059,-25.0177015553642,0.122896380863966,-24.8948051745002,0,0
27,26,657.565,359.796,20,internal_airspace,4,directional,250,650,15,149.036243467926,120,500.35246660829,-74.0397457359444,1.51076113326073,-72.5289846026837,-35.4525191115329,0.468344213503705,-34.9841748980292,0,0
27,26,657.565,359.796,20,internal_airspace,5,omni,250,700,15,141.34019174591,360,530.917122384464,-74.5547594705402,0.106164302578362,-74.4485951679618,-39.852539026199,0.658800354804245,NaN,1,0
27,26,657.565,359.796,20,internal_airspace,6,directional,300,700,15,135,120,493.575212952393,-73.9212916655828,-0.570707971665161,-74.491999637248,-43.5747334070239,0.0908079870192158,-43.4839254200047,0,0
27,26,657.565,359.796,20,internal_airspace,7,directional,400,700,15,116.565051177078,120,426.735856052664,-72.6574075452539,0.582113876559367,-72.0752936686946,-52.8710055354945,-0.756445923854562,-53.6274514593491,0,0
27,26,657.565,359.796,20,internal_airspace,8,directional,600,700,15,63.434948822922,120,345.076065297204,-70.8125215819376,1.16670669990821,-69.6458148820294,-80.3961031468684,-0.021900643387488,-80.4180037902559,0,0
27,26,657.565,359.796,20,internal_airspace,9,directional,700,700,15,45,120,342.876786675622,-70.7569865073714,-1.34572536422546,-72.1027118715969,-97.1100087013235,0.773737895265342,-96.3362708060582,0,0
27,26,657.565,359.796,20,internal_airspace,10,omni,750,700,15,38.6598082540901,360,352.57338362531,-70.9992153054118,0.306995910088497,-70.6922193953233,-105.200567587512,0.588881285256324,NaN,1,0
27,26,657.565,359.796,20,internal_airspace,11,directional,750,650,15,30.9637565320735,120,304.610556023589,-69.7291238216758,0.17773248610799,-69.5513913355678,-107.667578103162,0.252755191771928,-107.41482291139,0,0
27,26,657.565,359.796,20,internal_airspace,12,directional,750,550,15,11.3099324740202,120,211.534372717533,-66.5618437737634,0.129821077943451,-66.4320226958199,-115.918742095022,0.0312467357598751,-115.887495359262,0,0
27,26,657.565,359.796,20,internal_airspace,13,directional,750,450,15,-11.3099324740202,120,129.251657014523,-62.2829472239271,0.403458175706779,-61.8794890482203,-135.699853409033,0.403927154621968,-135.295926254411,0,0
27,26,657.565,359.796,20,internal_airspace,14,directional,750,350,15,-30.9637565320735,120,93.0870068323179,-59.4320061542185,-1.71273608889515,-61.1447422431137,173.950535325634,-0.321466944979502,173.629068380654,0,0
27,26,657.565,359.796,20,internal_airspace,15,omni,750,300,15,-38.6598082540901,360,110.203406666945,-60.898125231587,0.458976910864694,-60.4391483207223,147.101259925924,0.327146488400196,NaN,1,1
27,26,657.565,359.796,20,internal_airspace,16,directional,700,300,15,-45,120,73.4934748191973,-57.3792004660343,-1.280744447898,-58.6599449139323,125.361906863922,-0.164284769203794,125.197622094718,0,0
27,26,657.565,359.796,20,internal_airspace,17,directional,600,300,15,-63.434948822922,120,83.1522148893221,-58.4517012706825,0.327819525437677,-58.1238817452448,46.0890456782983,-0.564541654984938,45.5245040233133,0,0
27,26,657.565,359.796,20,internal_airspace,18,directional,400,300,15,-116.565051177078,120,264.462267329387,-68.5014991737841,-1.0434928951871,-69.5449920689712,13.0701885847576,-0.319142928154933,12.7510456566027,0,0
27,26,657.565,359.796,20,internal_airspace,19,directional,300,300,15,-135,120,362.56487811287,-71.2419394625964,1.68424757722429,-69.5576918853721,9.49378675660127,-0.0468594703174484,9.44692728628382,0,0
27,26,657.565,359.796,20,internal_airspace,20,omni,300,500,15,180,360,384.102708713438,-71.7431722311233,1.17066493502743,-70.5725072960959,-21.410529490337,0.335398645075077,NaN,1,0
27,26,657.565,359.796,20,internal_airspace,21,omni,500,350,15,-90,360,157.948380305086,-64.0245283693283,1.60716115667507,-62.4173672126533,3.5575665846239,0.108065423432395,NaN,1,1
27,26,657.565,359.796,20,internal_airspace,22,omni,700,500,15,0,360,146.570429626852,-63.3751520513505,-0.980089804806768,-64.3552418561572,-106.839285360968,-0.900814794240042,NaN,1,1
27,26,657.565,359.796,20,internal_airspace,23,omni,500,650,15,90,360,330.257612843368,-70.4312815826892,-0.311910660265343,-70.7431922429546,-61.5004446153268,-0.0927946414082891,NaN,1,0
28,27,654.901,369.434,20,internal_airspace,0,omni,250,300,15,-141.34019174591,360,410.841697198568,-72.3277151269075,-0.148360749782752,-72.4760758766903,9.73065775780998,0.614317902939751,NaN,1,0
28,27,654.901,369.434,20,internal_airspace,1,directional,250,350,15,-149.036243467926,120,405.397952827836,-72.2118558596147,0.0551236736957843,-72.1567321859189,2.74791198692446,0.950786209696975,3.69869819662145,0,0
28,27,654.901,369.434,20,internal_airspace,2,directional,250,450,15,-168.69006752598,120,412.868865569929,-72.3704675137173,0.586081617627776,-71.7843858960895,-11.2535640564759,0.57314171569899,-10.6804223407769,0,0
28,27,654.901,369.434,20,internal_airspace,3,directional,250,550,15,168.69006752598,120,443.366552817192,-72.9894833786411,0.0898844415981854,-72.8995989370429,-24.0345290095839,-1.16427194903215,-25.1988009586161,0,0
28,27,654.901,369.434,20,internal_airspace,4,directional,250,650,15,149.036243467926,120,492.632824887867,-73.9046917578513,-0.00402342658565517,-73.9087151844369,-34.7190537224752,-0.355216299315799,-35.074270021791,0,0
28,27,654.901,369.434,20,internal_airspace,5,omni,250,700,15,141.34019174591,360,522.727175644236,-74.4197264116813,0.279291933186027,-74.1404344784953,-39.2286096951295,0.0722735246693121,NaN,1,0
28,27,654.901,369.434,20,internal_airspace,6,directional,300,700,15,135,120,485.029483801758,-73.7695876171318,-0.756547255097886,-74.5261348722297,-42.9667767033501,-0.136431725594506,-43.1032084289446,0,0
28,27,654.901,369.434,20,internal_airspace,7,directional,400,700,15,116.565051177078,120,417.460657016922,-72.4665358799385,-0.435217603666059,-72.9017534836046,-52.3640141793653,-0.0867739287003682,-52.4507881080656,0,0
28,27,654.901,369.434,20,internal_airspace,8,directional,600,700,15,63.434948822922,120,335.131317780061,-70.5585251189911,0.0308369658734555,-70.5276881531177,-80.570284962107,0.475134412196149,-80.0951505499109,0,0
28,27,654.901,369.434,20,internal_airspace,9,directional,700,700,15,45,120,333.665701199569,-70.5204561566996,-1.90467389028942,-72.425130046989,-97.7688786137263,-0.259550922290033,-98.0284295360163,0,0
28,27,654.901,369.434,20,internal_airspace,10,omni,750,700,15,38.6598082540901,360,344.009738462445,-70.7856395752347,-0.701875498274041,-71.4875150735087,-106.049752556003,0.0129663613799243,NaN,1,0
28,27,654.901,369.434,20,internal_airspace,11,directional,750,650,15,30.9637565320735,120,296.287192023212,-69.4884823961403,-1.09509576549475,-70.5835781616351,-108.724300761977,-0.0323892895494168,-108.756690051527,0,0
28,27,654.901,369.434,20,internal_airspace,12,directional,750,550,15,11.3099324740202,120,204.139413531537,-66.2527620894297,-1.14185631413876,-67.3946184035685,-117.774506423111,-0.603133117955659,-118.377639541066,0,0
28,27,654.901,369.434,20,internal_airspace,13,directional,750,450,15,-11.3099324740202,120,124.738527155807,-61.9742370709134,-0.999646293320166,-62.9738833642336,-139.729385912063,0.00771574080822589,-139.721670171254,0,0
28,27,654.901,369.434,20,internal_airspace,14,directional,750,350,15,-30.9637565320735,120,97.1931075591269,-59.8069341954794,-1.66192073826865,-61.4688549337481,168.450318255233,-0.107695213622197,168.342623041611,0,0
28,27,654.901,369.434,20,internal_airspace,15,omni,750,300,15,-38.6598082540901,360,117.855420566896,-61.4812160738834,-0.459771220489842,-61.9409872943733,143.86594580969,0.89772673262556,NaN,1,1
28,27,654.901,369.434,20,internal_airspace,16,directional,700,300,15,-45,120,82.9457663597125,-58.4301093156922,-0.57194954661364,-59.0020588623059,123.004662270535,-0.317476106097775,122.687186164437,0,0
28,27,654.901,369.434,20,internal_airspace,17,directional,600,300,15,-63.434948822922,120,88.657769862545,-59.0085608874682,-0.757367435474141,-59.7659283229424,51.6668133945487,-0.873103187358291,50.7937102071904,0,0
28,27,654.901,369.434,20,internal_airspace,18,directional,400,300,15,-116.565051177078,120,264.235879768437,-68.4940606098291,-0.769720580573667,-69.2637811904028,15.237448047802,0.786977614512835,16.0244256623148,0,0
28,27,654.901,369.434,20,internal_airspace,19,directional,300,300,15,-135,120,361.663932618391,-71.2203288415998,-2.13890933314585,-73.3592381747457,11.0697124472312,-0.49337122868886,10.5763412185424,0,0
28,27,654.901,369.434,20,internal_airspace,20,omni,300,500,15,180,360,378.189370761527,-71.6084112057195,-0.224924823882571,-71.8333360296021,-20.1982733352394,0.874365430846503,NaN,1,0
28,27,654.901,369.434,20,internal_airspace,21,omni,500,350,15,-90,360,156.195390959529,-63.9275891241133,-0.4555262700089,-64.3831153941222,7.15100935394816,0.0703514472477742,NaN,1,1
28,27,654.901,369.434,20,internal_airspace,22,omni,700,500,15,0,360,138.225902626823,-62.866013526226,0.508626611896651,-62.3573869143294,-109.055501925949,-0.49174720861903,NaN,1,1
28,27,654.901,369.434,20,internal_airspace,23,omni,500,650,15,90,360,320.525506250283,-70.1714767302366,-0.886329012358203,-71.0578057425948,-61.096831069138,0.352961264400949,NaN,1,0
29,28,652.238,379.073,20,internal_airspace,0,omni,250,300,15,-141.34019174591,360,409.967008395798,-72.3092030101802,1.13762164932193,-71.1715813608583,11.1215387295875,-0.944294652797644,NaN,1,0
29,28,652.238,379.073,20,internal_airspace,1,directional,250,350,15,-149.036243467926,120,403.31829610495,-72.1671833094546,-0.32755580788851,-72.4947391173431,4.1340413969282,-0.614789773048052,3.51925162388014,0,0
29,28,652.238,379.073,20,internal_airspace,2,directional,250,450,15,-168.69006752598,120,408.474048102202,-72.2775142217825,-0.210992907587681,-72.4885071293702,-10.0002193686438,0.232006592461587,-9.76821277618225,0,0
29,28,652.238,379.073,20,internal_airspace,3,directional,250,550,15,168.69006752598,120,437.077164781003,-72.8653871791401,-0.732101340187261,-73.5974885193274,-23.0225782464842,-0.682638327023985,-23.7052165735082,0,0
29,28,652.238,379.073,20,internal_airspace,4,directional,250,650,15,149.036243467926,120,484.996750476743,-73.7690014102054,-1.02881237166706,-74.7978137818724,-33.9621975608322,0.0707899967114914,-33.8914075641207,0,0
29,28,652.238,379.073,20,internal_airspace,5,omni,250,700,15,141.34019174591,360,514.601348592287,-74.2836432344634,-0.980205167692017,-75.2638484021554,-38.5847389382499,-0.0582623579300863,NaN,1,0
29,28,652.238,379.073,20,internal_airspace,6,directional,300,700,15,135,120,476.540394901629,-73.6162192417697,-0.544802129663772,-74.1610213714335,-42.3369143036507,0.516936864231945,-41.8199774394188,0,0
29,28,652.238,379.073,20,internal_airspace,7,directional,400,700,15,116.565051177078,120,408.219485048179,-72.272099444819,1.3535952031513,-70.9185042416677,-51.8338253768267,-0.826326376279447,-52.6601517531062,0,0
29,28,652.238,379.073,20,internal_airspace,8,directional,600,700,15,63.434948822922,120,325.189095716631,-70.2969443211663,1.39757221830771,-68.8993721028586,-80.7549186614415,-0.765455752857624,-81.5203744142992,0,0
29,28,652.238,379.073,20,internal_airspace,9,directional,700,700,15,45,120,324.500150959903,-70.2785228977018,-1.49393312299521,-71.772456020697,-98.464920023202,0.772577194338338,-97.6923428288637,0,0
29,28,652.238,379.073,20,internal_airspace,10,omni,750,700,15,38.6598082540901,360,335.524288201316,-70.5687041082376,0.759291987694988,-69.8094121205426,-106.941983246716,0.0257206526513663,NaN,1,1
29,28,652.238,379.073,20,internal_airspace,11,directional,750,650,15,30.9637565320735,120,288.069172201747,-69.2441605268086,0.125994635620915,-69.1181658911877,-109.841602807301,1.11578781438837,-108.725814992913,0,0
29,28,652.238,379.073,20,internal_airspace,12,directional,750,550,15,11.3099324740202,120,196.973216384868,-65.9423683658847,-1.58481151361693,-67.5271798795016,-119.767474254534,-0.392499526647609,-120.159973781181,0,0
29,28,652.238,379.073,20,internal_airspace,13,directional,750,450,15,-11.3099324740202,120,120.884440574459,-61.7016329345713,-0.882594759288692,-62.58422769386,-144.038857908599,0.74574143815375,-143.293116470446,0,0
29,28,652.238,379.073,20,internal_airspace,14,directional,750,350,15,-30.9637565320735,120,102.115855639563,-60.2360884481822,-0.20266588063482,-60.438754328817,163.43828616372,-0.33772148663124,163.100564677089,0,0
29,28,652.238,379.073,20,internal_airspace,15,omni,750,300,15,-38.6598082540901,360,125.836989685068,-62.050391242239,-0.0962234835399952,-62.146614725779,141.032971654956,0.0954793421901881,NaN,1,1
29,28,652.238,379.073,20,internal_airspace,16,directional,700,300,15,-45,120,92.5135015713922,-59.3783272144303,0.225442826827154,-59.1528843876031,121.132989152294,-0.596835921163916,120.53615323113,0,0
29,28,652.238,379.073,20,internal_airspace,17,directional,600,300,15,-63.434948822922,120,94.901780662957,-59.5997120595622,1.17269646968224,-58.42701558988,56.5500503449955,0.635052598676758,57.1851029436722,0,0
29,28,652.238,379.073,20,internal_airspace,18,directional,400,300,15,-116.565051177078,120,264.389008797643,-68.4990927674669,0.927323908500197,-67.5717688589667,17.4054608021871,-0.572879150772897,16.8325816514142,0,0
29,28,652.238,379.073,20,internal_airspace,19,directional,300,300,15,-135,120,361.038984007268,-71.2053068017164,0.228476954021283,-70.9768298476951,12.6524269254734,0.971814642735059,13.6242415682085,0,0
29,28,652.238,379.073,20,internal_airspace,20,omni,300,500,15,180,360,372.451269259483,-71.4756140067297,0.656884557860697,-70.818729448869,-18.9478838052272,0.634377254393007,NaN,1,0
29,28,652.238,379.073,20,internal_airspace,21,omni,500,350,15,-90,360,155.069816447302,-63.8647702906906,0.0403928221268864,-63.8243774685637,10.8116376478218,0.273734238350746,NaN,1,1
29,28,652.238,379.073,20,internal_airspace,22,omni,700,500,15,0,360,130.113596418668,-62.3406784581729,-1.55954001781404,-63.9002184759869,-111.552312846887,0.31102506238434,NaN,1,1
29,28,652.238,379.073,20,internal_airspace,23,omni,500,650,15,90,360,310.809986926096,-69.9041241357293,0.00443462136066317,-69.8996895143687,-60.6677057829666,-0.26728399996792,NaN,1,1
30,29,649.575,388.712,20,internal_airspace,0,omni,250,300,15,-141.34019174591,360,409.334825746601,-72.2957987442968,0.660866281882905,-71.6349324624139,12.5175416822497,-0.957508309727241,NaN,1,0
30,29,649.575,388.712,20,internal_airspace,1,directional,250,350,15,-149.036243467926,120,401.47702246704,-72.1274387255882,-0.111595661873831,-72.239034387462,5.5337128826361,-0.0133421207582781,5.52037076187781,0,0
30,29,649.575,388.712,20,internal_airspace,2,directional,250,450,15,-168.69006752598,120,404.278863618913,-72.187845559811,-0.51647330694229,-72.7043188667533,-8.72023555316322,0.292382325300329,-8.4278532278629,0,0
30,29,649.575,388.712,20,internal_airspace,3,directional,250,550,15,168.69006752598,120,430.92806774333,-72.7423204746007,1.47320057729628,-71.2691198973044,-21.9814110716008,-0.61600221267632,-22.5974132842771,0,0
30,29,649.575,388.712,20,internal_airspace,4,directional,250,650,15,149.036243467926,120,477.448007189265,-73.6327465339796,0.276304902238989,-73.3564416317406,-33.1812661813372,-0.742057534435541,-33.9233237157727,0,0
30,29,649.575,388.712,20,internal_airspace,5,omni,250,700,15,141.34019174591,360,506.542594032328,-74.1465442358753,-1.87647640189798,-76.0230206377733,-37.9202929353263,-0.851068623684654,NaN,1,0
30,29,649.575,388.712,20,internal_airspace,6,directional,300,700,15,135,120,468.11099065179,-73.4612015928369,0.0243916734860214,-73.4368099193509,-41.6842838628153,0.0493995376037284,-41.6348843252115,0,0
30,29,649.575,388.712,20,internal_airspace,7,directional,400,700,15,116.565051177078,120,399.014911461965,-72.0740073517085,-1.02424451950134,-73.0982518712098,-51.2791223813042,-0.874909375662852,-52.1540317569671,0,0
30,29,649.575,388.712,20,internal_airspace,8,directional,600,700,15,63.434948822922,120,315.250534605415,-70.0273414687767,-0.0164351979620707,-70.0437766667388,-80.9511988840058,0.540164428304946,-80.4110344557009,0,0
30,29,649.575,388.712,20,internal_airspace,9,directional,700,700,15,45,120,315.385319203352,-70.0310543060768,-0.251647347002211,-70.282701653079,-99.2013174506988,-0.189732725340338,-99.3910501760391,0,0
30,29,649.575,388.712,20,internal_airspace,10,omni,750,700,15,38.6598082540901,360,327.124440494745,-70.3484846910806,-0.370063251760243,-70.7185479428409,-107.880283039671,0.783976023521296,NaN,1,0
30,29,649.575,388.712,20,internal_airspace,11,directional,750,650,15,30.9637565320735,120,279.967140159341,-68.9963660550102,-0.240112333242698,-69.2364783882528,-111.024064654874,-1.21701691779258,-112.241081572666,0,0
30,29,649.575,388.712,20,internal_airspace,12,directional,750,550,15,11.3099324740202,120,190.063146267234,-65.6321831184722,0.716515058404542,-64.9156680600676,-121.908208367288,-0.487114269764569,-122.395322637053,0,0
30,29,649.575,388.712,20,internal_airspace,13,directional,750,450,15,-11.3099324740202,120,117.7556774385,-61.4738619393414,-1.21806301988042,-62.6919249592218,-148.604855924926,0.305339341582339,-148.299516583344,0,0
30,29,649.575,388.712,20,internal_airspace,14,directional,750,350,15,-30.9637565320735,120,107.74413937194,-60.7020979639922,-0.434019299879796,-61.136117263872,158.919261596321,-0.304017109654925,158.615244486666,0,0
30,29,649.575,388.712,20,internal_airspace,15,omni,750,300,15,-38.6598082540901,360,134.089520727759,-62.6021216040991,-0.835237020703789,-63.4373586248029,138.543724931291,1.06012238030462,NaN,1,1
30,29,649.575,388.712,20,internal_airspace,16,directional,700,300,15,-45,120,102.164081599161,-60.2401895398137,-0.860250229929964,-61.1004397697437,119.614436545845,0.458977775381194,120.073414321226,0,0
30,29,649.575,388.712,20,internal_airspace,17,directional,600,300,15,-63.434948822922,120,101.747233716696,-60.2046770451688,0.0660420335890027,-60.1386350115798,60.8021954939067,-1.20102534539045,59.6011701485162,0,0
30,29,649.575,388.712,20,internal_airspace,18,directional,400,300,15,-116.565051177078,120,264.91979837113,-68.5165131509531,-1.63079542321654,-70.1473085741697,19.5678719409825,0.225676699089569,19.7935486400721,0,0
30,29,649.575,388.712,20,internal_airspace,19,directional,300,300,15,-135,120,360.690309779733,-71.1969143306842,-0.332366445768467,-71.5292807764526,14.2394155869513,0.167915800683904,14.4073313876352,0,0
30,29,649.575,388.712,20,internal_airspace,20,omni,300,500,15,180,360,366.896033732991,-71.3450851725298,-0.0311626223645779,-71.3762477948944,-17.6589929009787,-0.538571304586394,NaN,1,0
30,29,649.575,388.712,20,internal_airspace,21,omni,500,350,15,-90,360,154.584279824955,-63.837531374597,-0.0820473303483373,-63.9195787049453,14.510510428633,0.523761149546514,NaN,1,1
30,29,649.575,388.712,20,internal_airspace,22,omni,700,500,15,0,360,122.281231466648,-61.8014209093853,0.515773281638681,-61.2856476277466,-114.375454148998,-0.00612455963482631,NaN,1,1
30,29,649.575,388.712,20,internal_airspace,23,omni,500,650,15,90,360,301.113100958759,-69.6288178621439,-0.85155075063931,-70.4803686127832,-60.2109073297842,-0.384579953133775,NaN,1,0
31,30,646.912,398.351,20,internal_airspace,0,omni,250,300,15,-141.34019174591,360,408.946273910156,-72.2875499441593,-0.328979381997973,-72.6165293261573,13.9170302866093,-1.02350797862952,NaN,1,0
31,30,646.912,398.351,20,internal_airspace,1,directional,250,350,15,-149.036243467926,120,399.877424900431,-72.0927625684197,-0.338934586392325,-72.431697154812,6.94543258540724,0.739722698561498,7.68515528396875,0,0
31,30,646.912,398.351,20,internal_airspace,2,directional,250,450,15,-168.69006752598,120,400.289588854119,-72.1017107276654,-2.17486005329613,-74.2765707809615,-7.41407221346092,-0.100920994200942,-7.51499320766186,0,0
31,30,646.912,398.351,20,internal_airspace,3,directional,250,550,15,168.69006752598,120,424.925352203184,-72.6204776953016,-0.932897699922456,-73.5533753952241,-20.910461608354,0.429140201186126,-20.4813214071679,0,0
31,30,646.912,398.351,20,internal_airspace,4,directional,250,650,15,149.036243467926,120,469.990803042996,-73.4960120258504,-0.866961524767841,-74.3629735506183,-32.3753966924026,0.0276665540906772,-32.347730138312,0,0
31,30,646.912,398.351,20,internal_airspace,5,omni,250,700,15,141.34019174591,360,498.554164504721,-74.0084718010329,0.28842307148496,-73.7200487295479,-37.234456990652,0.40685406865283,NaN,1,0
31,30,646.912,398.351,20,internal_airspace,6,directional,300,700,15,135,120,459.744554013422,-73.3045567027801,0.951871711260594,-72.3526849915195,-41.0078070246576,-0.577438100192579,-41.5852451248502,0,0
31,30,646.912,398.351,20,internal_airspace,7,directional,400,700,15,116.565051177078,120,389.849528594046,-71.8721651023967,0.874254239553632,-70.9979108628431,-50.6982763507805,-0.0734511570580775,-50.7717275078386,0,0
31,30,646.912,398.351,20,internal_airspace,8,directional,600,700,15,63.434948822922,120,305.315991957513,-69.749215884962,0.895803815758427,-68.8534120692036,-81.160258418955,0.415774819544937,-80.7444835994101,0,0
31,30,646.912,398.351,20,internal_airspace,9,directional,700,700,15,45,120,306.325733403186,-69.7778944736327,-0.416917075775797,-70.1948115494085,-99.9814195485319,0.946756236630235,-99.0346633119017,0,0
31,30,646.912,398.351,20,internal_airspace,10,omni,750,700,15,38.6598082540901,360,318.816961507696,-70.125053202468,-2.12929324152147,-72.2543464439895,-108.867770165062,0.613584146228585,NaN,1,0
31,30,646.912,398.351,20,internal_airspace,11,directional,750,650,15,30.9637565320735,120,271.991461161927,-68.7453302363524,0.425374645211851,-68.3199555911406,-112.276456903455,-0.98024946695152,-113.256706370407,0,0
31,30,646.912,398.351,20,internal_airspace,12,directional,750,550,15,11.3099324740202,120,183.438150189648,-65.3240180796511,0.73699498245375,-64.5870230971974,-124.207092863685,0.11818673964658,-124.088906124039,0,0
31,30,646.912,398.351,20,internal_airspace,13,directional,750,450,15,-11.3099324740202,120,115.411242714911,-61.2991871824148,-1.47346072392938,-62.7726479063442,-153.388281079154,0.0125014843324349,-153.375779594822,0,0
31,30,646.912,398.351,20,internal_airspace,14,directional,750,350,15,-30.9637565320735,120,113.973483517001,-61.1903012817046,0.387065850114862,-60.8032354315898,154.87217985088,0.0464342862343684,154.918614137114,0,0
31,30,646.912,398.351,20,internal_airspace,15,omni,750,300,15,-38.6598082540901,360,142.56596699423,-63.1345421172514,1.41070360741465,-61.7238385098367,136.347108031947,-0.223598743326255,NaN,1,1
31,30,646.912,398.351,20,internal_airspace,16,directional,700,300,15,-45,120,111.876069581479,-61.0289688418045,1.11253869152483,-59.9164301502796,118.359329985146,-0.696552886142294,117.662777099004,0,0
31,30,646.912,398.351,20,internal_airspace,17,directional,600,300,15,-63.434948822922,120,109.080955922654,-60.8092035380902,-0.39687291882324,-61.2060764569134,64.4995351942437,-0.529225330761371,63.9703098634824,0,0
31,30,646.912,398.351,20,internal_airspace,18,directional,400,300,15,-116.565051177078,120,265.825986210905,-68.5461735098096,0.405934272967722,-68.1402392368418,21.7185840600927,-0.336465392444784,21.3821186676479,0,0
31,30,646.912,398.351,20,internal_airspace,19,directional,300,300,15,-135,120,360.618711307386,-71.1951899756216,-1.93670528893672,-73.1318952645583,15.8282545881472,-0.227726816210521,15.6005277719367,0,0
31,30,646.912,398.351,20,internal_airspace,20,omni,300,500,15,180,360,361.532093934965,-71.2171619650549,0.175157622823529,-71.0420043422313,-16.3311600535302,0.84651166382365,NaN,1,0
31,30,646.912,398.351,20,internal_airspace,21,omni,500,350,15,-90,360,154.744805874058,-63.8465464445414,-0.154038133202411,-64.0005845777438,18.2171709200573,0.389030435581626,NaN,1,1
31,30,646.912,398.351,20,internal_airspace,22,omni,700,500,15,0,360,114.786126970989,-61.2520128839693,-0.340631985772487,-61.5926448697418,-117.576615941114,-0.219966912144746,NaN,1,1
31,30,646.912,398.351,20,internal_airspace,23,omni,500,650,15,90,360,291.436708300447,-69.3451098946666,-0.468509847814096,-69.8136197424807,-59.7237337916838,0.0397351547384101,NaN,1,1
32,31,644.249,407.99,20,internal_airspace,0,omni,250,300,15,-141.34019174591,360,408.802047574373,-72.2844860820502,-0.412272291159231,-72.6967583732094,15.3183434344091,0.647025851542262,NaN,1,0
32,31,644.249,407.99,20,internal_airspace,1,directional,250,350,15,-149.036243467926,120,398.5224135491,-72.0632798711813,-0.842957591821677,-72.906237463003,8.36762243381686,0.028156206116416,8.39577863993327,0,0
32,31,644.249,407.99,20,internal_airspace,2,directional,250,450,15,-168.69006752598,120,396.512438772102,-72.0193611518116,-1.90691674323881,-73.9262778950504,-6.08231666988595,0.562352583124577,-5.51996408676138,0,0
32,31,644.249,407.99,20,internal_airspace,3,directional,250,550,15,168.69006752598,120,419.0753083886,-72.5000662997049,-0.314674205038848,-72.8147405047437,-19.8092144148181,0.533193490812187,-19.2760209240059,0,0
32,31,644.249,407.99,20,internal_airspace,4,directional,250,650,15,149.036243467926,120,462.629564663782,-73.3588924984738,0.265946678688463,-73.0929458197853,-31.5437097225035,-0.207692509257725,-31.7514022317612,0,0
32,31,644.249,407.99,20,internal_airspace,5,omni,250,700,15,141.34019174591,360,490.639495048044,-73.8694749285594,0.983078487683025,-72.8863964408764,-36.5263876573435,-0.670716129670562,NaN,1,0
32,31,644.249,407.99,20,internal_airspace,6,directional,300,700,15,135,120,451.444585858553,-73.1463138128117,-0.317391697365066,-73.4637055101768,-40.3063518190955,-0.0665947299547665,-40.3729465490503,0,0
32,31,644.249,407.99,20,internal_airspace,7,directional,400,700,15,116.565051177078,120,380.726166819408,-71.66647936105,0.973696151192417,-70.6927832098576,-50.0895227931214,0.468787855150578,-49.6207349379708,0,0
32,31,644.249,407.99,20,internal_airspace,8,directional,600,700,15,63.434948822922,120,295.385873225176,-69.4620192626162,-0.216086099146408,-69.6781053617626,-81.3833811516332,0.151562467747521,-81.2318186838857,0,0
32,31,644.249,407.99,20,internal_airspace,9,directional,700,700,15,45,120,297.326443662517,-69.5188955596023,-1.29201562473532,-70.8109111843376,-100.808919345961,-0.247946315988676,-101.05686566195,0,0
32,31,644.249,407.99,20,internal_airspace,10,omni,750,700,15,38.6598082540901,360,310.609262741793,-69.8985128896209,0.415988697363489,-69.4825241922575,-109.907781133882,-0.824040999906525,NaN,1,1
32,31,644.249,407.99,20,internal_airspace,11,directional,750,650,15,30.9637565320735,120,264.153580518985,-68.4913548700007,-1.63167100265519,-70.1230258726559,-113.603862794921,0.240511534938099,-113.363351259983,0,0
32,31,644.249,407.99,20,internal_airspace,12,directional,750,550,15,11.3099324740202,120,177.130217921731,-65.0200779730177,1.64570724853787,-63.3743707244799,-126.674056999178,-0.071070267624238,-126.745127266802,0,0
32,31,644.249,407.99,20,internal_airspace,13,directional,750,450,15,-11.3099324740202,120,113.899579020293,-61.184667212302,-1.05031685426995,-62.2349840665719,-158.334355380279,0.0741634960745375,-158.260191884205,0,0
32,31,644.249,407.99,20,internal_airspace,14,directional,750,350,15,-30.9637565320735,120,120.710869854376,-61.6891524242853,0.652962630206346,-61.0361897940789,151.26123933781,0.317658724433481,151.578898062243,0,0
32,31,644.249,407.99,20,internal_airspace,15,omni,750,300,15,-38.6598082540901,360,151.228681476101,-63.6469081476853,0.628262088300012,-63.0186460593853,134.399831766882,-0.470607292585119,NaN,1,1
32,31,644.249,407.99,20,internal_airspace,16,directional,700,300,15,-45,120,121.634756961158,-61.7553786684238,-0.84409546124544,-62.5994741296692,117.305531926151,0.546667407096411,117.852199333248,0,0
32,31,644.249,407.99,20,internal_airspace,17,directional,600,300,15,-63.434948822922,120,116.811018748233,-61.4039010657608,1.59596855092388,-59.8079325148369,67.7185902243305,0.949865478972642,68.6684557033032,0,0
32,31,644.249,407.99,20,internal_airspace,18,directional,400,300,15,-116.565051177078,120,267.10375156669,-68.5878245919093,1.46179129584074,-67.1260332960685,23.8516966923919,0.71751389279941,24.5692105851913,0,0
32,31,644.249,407.99,20,internal_airspace,19,directional,300,300,15,-135,120,360.824353530911,-71.2001416781021,-0.986459959493569,-72.1866016375956,17.4165030819779,-0.842960049905425,16.5735430320725,0,0
32,31,644.249,407.99,20,internal_airspace,20,omni,300,500,15,180,360,356.368087938581,-71.0922009720173,-0.887877391070907,-71.9800783630882,-14.9640849690369,0.312306380007107,NaN,1,0
32,31,644.249,407.99,20,internal_airspace,21,omni,500,350,15,-90,360,155.549394408979,-63.8915913269452,-0.88367136645465,-64.7752626933998,21.9007775038422,0.179784329202865,NaN,1,1
32,31,644.249,407.99,20,internal_airspace,22,omni,700,500,15,0,360,107.698719124231,-60.6984355983187,-0.625600342103848,-61.3240359404225,-121.212647446203,-0.706611680092292,NaN,1,1
32,31,644.249,407.99,20,internal_airspace,23,omni,500,650,15,90,360,281.782920172604,-69.0525181441495,0.371202693474265,-68.6813154506752,-59.203129291103,-0.252218680602737,NaN,1,1
33,32,641.586,417.629,20,internal_airspace,0,omni,250,300,15,-141.34019174591,360,408.902405271723,-72.2866181381613,-0.132964233393648,-72.419582371555,16.7198069730001,0.485449873571722,NaN,1,0
33,32,641.586,417.629,20,internal_airspace,1,directional,250,350,15,-149.036243467926,120,397.414490220223,-72.0390987936817,1.12132400060225,-70.9177747930795,9.79862937369142,-0.333680185089558,9.46494918860185,0,0
33,32,641.586,417.629,20,internal_airspace,2,directional,250,450,15,-168.69006752598,120,392.953530378593,-71.9410487326612,-0.397188245605091,-72.3382369782663,-4.72568995701578,-0.685786115119848,-5.41147607213563,0,0
33,32,641.586,417.629,20,internal_airspace,3,directional,250,550,15,168.69006752598,120,413.384417990083,-72.3813068824541,0.919527463600361,-71.4617794188538,-18.6772140363203,-0.788109744372637,-19.465323780693,0,0
33,32,641.586,417.629,20,internal_airspace,4,directional,250,650,15,149.036243467926,120,455.368946061323,-73.2214930447484,-0.333055179219211,-73.5545482239676,-30.6853122194801,-0.354847236759565,-31.0401594562396,0,0
33,32,641.586,417.629,20,internal_airspace,5,omni,250,700,15,141.34019174591,360,482.802213164977,-73.7296098789411,-0.0721008893940323,-73.8017107683351,-35.7952131127863,-0.0617136142823562,NaN,1,0
33,32,641.586,417.629,20,internal_airspace,6,directional,300,700,15,135,120,443.214820416691,-72.9865103161836,-0.124472390911076,-73.1109827070947,-39.5787311320299,-0.104870510559066,-39.6836016425889,0,0
33,32,641.586,417.629,20,internal_airspace,7,directional,400,700,15,116.565051177078,120,371.64792080274,-71.4568589836348,-0.289707486600971,-71.7465664702358,-49.4509488056912,0.215604424244423,-49.2353443814468,0,0
33,32,641.586,417.629,20,internal_airspace,8,directional,600,700,15,63.434948822922,120,285.460640083708,-69.1651495396093,-0.258139675857149,-69.4232892154664,-81.6220279877811,-0.30547852667859,-81.9275065144597,0,0
33,32,641.586,417.629,20,internal_airspace,9,directional,700,700,15,45,120,288.393094641671,-69.2539219804975,0.107290267851469,-69.146631712646,-101.687893040905,-0.18658740560685,-101.874480446512,0,0
33,32,641.586,417.629,20,internal_airspace,10,omni,750,700,15,38.6598082540901,360,302.509466028751,-69.6690042143146,-0.372640064661278,-70.0416442789759,-111.003877974105,0.502390707308984,NaN,1,0
33,32,641.586,417.629,20,internal_airspace,11,directional,750,650,15,30.9637565320735,120,256.466132339145,-68.2348252828886,0.786022249958295,-67.4488030329303,-115.011669385768,0.609194526370851,-114.402474859398,0,0
33,32,641.586,417.629,20,internal_airspace,12,directional,750,550,15,11.3099324740202,120,171.174405321006,-64.7230013893214,-1.65473221077785,-66.3777336000992,-129.318033462521,-0.0532783089134727,-129.371311771434,0,0
33,32,641.586,417.629,20,internal_airspace,13,directional,750,450,15,-11.3099324740202,120,113.254037618974,-61.1352987140457,0.255219766343331,-60.8800789477024,-163.375064220673,0.549065443617704,-162.825998777055,0,0
33,32,641.586,417.629,20,internal_airspace,14,directional,750,350,15,-30.9637565320735,120,127.876022134722,-62.1900071967022,-0.0958494457160858,-62.2858566424183,148.043953271306,-0.399205282649611,147.644747988656,0,0
33,32,641.586,417.629,20,internal_airspace,15,omni,750,300,15,-38.6598082540901,360,160.047421213214,-64.1391984523333,-0.198805078178624,-64.3380035305119,132.66553968319,0.207104789422349,NaN,1,1
33,32,641.586,417.629,20,internal_airspace,16,directional,700,300,15,-45,120,131.429741828096,-62.4280979302177,-0.347713081963406,-62.7758110121812,116.408775449115,0.135836336240782,116.544611785356,0,0
33,32,641.586,417.629,20,internal_airspace,17,directional,600,300,15,-63.434948822922,120,124.863833983264,-61.9829581532033,0.739453185382935,-61.2435049678203,70.5297023639959,-0.185120885255556,70.3445814787404,0,0
33,32,641.586,417.629,20,internal_airspace,18,directional,400,300,15,-116.565051177078,120,268.747794478392,-68.6411230108602,1.99960630093088,-66.6415167099293,25.9615996408661,-0.310927583521792,25.6506720573443,0,0
33,32,641.586,417.629,20,internal_airspace,19,directional,300,300,15,-135,120,361.306763065681,-71.2117466526181,0.523178982468825,-70.6885676701493,19.0017256542247,-0.571362325721686,18.4303633285031,0,0
33,32,641.586,417.629,20,internal_airspace,20,omni,300,500,15,180,360,351.412829926569,-70.9705771011852,1.61729456755001,-69.3532825336352,-13.557628008459,0.281233802538326,NaN,1,1
33,32,641.586,417.629,20,internal_airspace,21,omni,500,350,15,-90,360,156.988142982201,-63.9715618783581,-1.38584480469817,-65.3574066830563,25.5316209003911,1.05251933644519,NaN,1,1
33,32,641.586,417.629,20,internal_airspace,22,omni,700,500,15,0,360,101.104782463541,-60.1496588161613,1.00300090414068,-59.1466579120206,-125.342639917143,-0.0425380150693811,NaN,1,1
33,32,641.586,417.629,20,internal_airspace,23,omni,500,650,15,90,360,272.154142053727,-68.7505238033173,-0.296363053973745,-69.0468868572911,-58.645625941876,0.0554177929935296,NaN,1,1
34,33,638.923,427.268,20,internal_airspace,0,omni,250,300,15,-141.34019174591,360,409.247167067776,-72.2939384697741,0.872211932660376,-71.4217265371137,18.119745672259,-0.491960839205691,NaN,1,0
34,33,638.923,427.268,20,internal_airspace,1,directional,250,350,15,-149.036243467926,120,396.555725911252,-72.0203093359161,-1.12915437286916,-73.1494637087853,11.2367358954002,0.486820127013805,11.723556022414,0,0
34,33,638.923,427.268,20,internal_airspace,2,directional,250,450,15,-168.69006752598,120,389.618844196479,-71.8670239078417,-1.06882747079335,-72.9358513786351,-3.34505168320612,0.634655693275684,-2.71039598993045,0,0
34,33,638.923,427.268,20,internal_airspace,3,directional,250,550,15,168.69006752598,120,407.859343098819,-72.264433142689,-0.255336013541965,-72.5197691562309,-17.5140752731366,-0.281444359567426,-17.795519632704,0,0
34,33,638.923,427.268,20,internal_airspace,4,directional,250,650,15,149.036243467926,120,448.213837083373,-73.0839300297611,1.93102563741005,-71.1529043923511,-29.7993008615554,-0.65265470503962,-30.451955566595,0,0
34,33,638.923,427.268,20,internal_airspace,5,omni,250,700,15,141.34019174591,360,475.046149077119,-73.5889408716131,-0.184353314193592,-73.7732941858067,-35.0400338464812,-0.295577516199766,NaN,1,0
34,33,638.923,427.268,20,internal_airspace,6,directional,300,700,15,135,120,435.05924165911,-72.8251928043073,0.423182552073173,-72.4020102522341,-38.8237014433152,-0.832068504563799,-39.655769947879,0,0
34,33,638.923,427.268,20,internal_airspace,7,directional,400,700,15,116.565051177078,120,362.618179016166,-71.2432162871442,-0.188574938498978,-71.4317912256431,-48.7804791422755,-0.573665911073778,-49.3541450533493,0,0
34,33,638.923,427.268,20,internal_airspace,8,directional,600,700,15,63.434948822922,120,275.540820484007,-68.8579437798544,-0.4938218389575,-69.3517656188119,-81.877868272912,-0.86275690023905,-82.740625173151,0,0
34,33,638.923,427.268,20,internal_airspace,9,directional,700,700,15,45,120,279.532008458781,-68.9828557335005,0.660179104876246,-68.3226766286243,-102.622842592739,-0.446384910422477,-103.069227503161,0,0
34,33,638.923,427.268,20,internal_airspace,10,omni,750,700,15,38.6598082540901,360,294.526473772732,-69.4367115906619,-1.05412226333886,-70.4908338540008,-112.159852540099,0.253070227618518,NaN,1,0
34,33,638.923,427.268,20,internal_airspace,11,directional,750,650,15,30.9637565320735,120,248.943053233064,-67.9762250697081,-0.208653575787539,-68.1848786454956,-116.505546219399,-0.605790376170658,-117.111336595569,0,0
34,33,638.923,427.268,20,internal_airspace,12,directional,750,550,15,11.3099324740202,120,165.608706754808,-64.4358881494131,1.05792129132442,-63.3779668580887,-132.146260332161,0.0405927872818224,-132.105667544879,0,0
34,33,638.923,427.268,20,internal_airspace,13,directional,750,450,15,-11.3099324740202,120,113.489399297908,-61.1533307799813,-0.888611339928758,-62.0419421199101,-168.43407433826,0.179572502112085,-168.254501836147,0,0
34,33,638.923,427.268,20,internal_airspace,14,directional,750,350,15,-30.9637565320735,120,135.401047828294,-62.686665338982,2.22214072910743,-60.4645246098746,145.176538554035,-0.00368788748072102,145.172850666555,0,0
34,33,638.923,427.268,20,internal_airspace,15,omni,750,300,15,-38.6598082540901,360,168.997762568029,-64.6118439311457,-0.719370794368156,-65.3312147255139,131.113814223339,0.337853594379326,NaN,1,1
34,33,638.923,427.268,20,internal_airspace,16,directional,700,300,15,-45,120,141.25347341924,-63.0542075524882,0.60935928460249,-62.4448482678857,115.636746648505,0.452191473518573,116.088938122024,0,0
34,33,638.923,427.268,20,internal_airspace,17,directional,600,300,15,-63.434948822922,120,133.180868569776,-62.5430616925816,0.497584126423154,-62.0454775661584,72.9945376841922,-0.402988039903932,72.5915496442882,0,0
34,33,638.923,427.268,20,internal_airspace,18,directional,400,300,15,-116.565051177078,120,270.751442753312,-68.7056404248059,-1.33751450626285,-70.0431549310687,28.0430546162939,0.198939449051889,28.2419940653458,0,0
34,33,638.923,427.268,20,internal_airspace,19,directional,300,300,15,-135,120,362.064833632044,-71.2299517348132,-0.352763247312185,-71.5827149821254,20.5815146354875,-0.10306881527788,20.4784458202096,0,0
34,33,638.923,427.268,20,internal_airspace,20,omni,300,500,15,180,360,346.675271331833,-70.8526821169043,0.887175827572373,-69.9655062893319,-12.1118311130095,0.269047288153937,NaN,1,1
34,33,638.923,427.268,20,internal_airspace,21,omni,500,350,15,-90,360,159.043842235404,-64.0845620145169,-0.387745283350317,-64.4723072978672,29.0825054930016,0.906039073211928,NaN,1,1
34,33,638.923,427.268,20,internal_airspace,22,omni,700,500,15,0,360,95.1070121126723,-59.6184755956037,-0.554581993541077,-60.1730575891447,-130.022000033327,0.23775033441658,NaN,1,1
34,33,638.923,427.268,20,internal_airspace,23,omni,500,650,15,90,360,262.553125582233,-68.438568689096,1.59319627267113,-66.8453724164248,-58.0472744476921,-0.0252898231223893,NaN,1,1
35,34,636.26,436.907,20,internal_airspace,0,omni,250,300,15,-141.34019174591,360,409.835716170516,-72.3064209023518,-1.91614100925313,-74.2225619116049,19.5164952107466,0.187101604891725,NaN,1,0
35,34,636.26,436.907,20,internal_airspace,1,directional,250,350,15,-149.036243467926,120,395.94774181576,-72.0069822427078,-0.183414562100856,-72.1903968048086,12.6801717109217,-0.845172755563409,11.8349989553583,0,0
35,34,636.26,436.907,20,internal_airspace,2,directional,250,450,15,-168.69006752598,120,386.514183761735,-71.7975335479052,0.692688997368417,-71.1048445505368,-1.94140351924515,-0.0891960962631209,-2.03059961550827,0,0
35,34,636.26,436.907,20,internal_airspace,3,directional,250,550,15,168.69006752598,120,402.506912051209,-72.1496916880576,-0.303550322586161,-72.4532420106438,-16.3194941046448,-0.199298659601419,-16.5187927642462,0,0
35,34,636.26,436.907,20,internal_airspace,4,directional,250,650,15,149.036243467926,120,441.169371385866,-72.9463319041626,0.979857559037636,-71.966474345125,-28.8847661557227,-0.407447716539972,-29.2922138722626,0,0
35,34,636.26,436.907,20,internal_airspace,5,omni,250,700,15,141.34019174591,360,467.375346214368,-73.4475408316658,0.964003564223873,-72.4835372674419,-34.2599237170914,-0.0278182773982077,NaN,1,0
35,34,636.26,436.907,20,internal_airspace,6,directional,300,700,15,135,120,426.982100618984,-72.6624182239439,-0.667866995387135,-73.330285219331,-38.0399619187008,0.994781946756504,-37.0451799719443,0,0
35,34,636.26,436.907,20,internal_airspace,7,directional,400,700,15,116.565051177078,120,353.640656951375,-71.0254686078065,-0.536509224887995,-71.5619778326945,-48.0758610476445,-1.04501507453069,-49.1208761221752,0,0
35,34,636.26,436.907,20,internal_airspace,8,directional,600,700,15,63.434948822922,120,265.627020931606,-68.5396698659678,-0.319604790657877,-68.8592746566257,-82.152818106502,-0.00175912950523444,-82.1545772360072,0,0
35,34,636.26,436.907,20,internal_airspace,9,directional,700,700,15,45,120,270.750280238082,-68.70560313045,-0.244603536323022,-68.950206666773,-103.618742063728,-0.573298378753521,-104.192040442482,0,0
35,34,636.26,436.907,20,internal_airspace,10,omni,750,700,15,38.6598082540901,360,286.670044212855,-69.2018711024566,0.773830342348032,-68.4280407601085,-113.379726667428,0.925878795589177,NaN,1,1
35,34,636.26,436.907,20,internal_airspace,11,directional,750,650,15,30.9637565320735,120,241.599698362808,-67.7161525888887,-1.87038756790558,-69.5865401567943,-118.091407324132,-0.26080575747056,-118.352213081602,0,0
35,34,636.26,436.907,20,internal_airspace,12,directional,750,550,15,11.3099324740202,120,160.473718250061,-64.1623031449261,0.377241693127795,-63.7850614517983,-135.163425378204,-0.0101662188626084,-135.173591597066,0,0
35,34,636.26,436.907,20,internal_airspace,13,directional,750,450,15,-11.3099324740202,120,114.600236688237,-61.237935126177,-0.225218343180818,-61.4631534693579,-173.433390209734,-0.633548732435838,-174.06693894217,0,0
35,34,636.26,436.907,20,internal_airspace,14,directional,750,350,15,-30.9637565320735,120,143.229236711643,-63.174858384524,-0.764010942815239,-63.9388693273393,142.617106278787,-0.246340425812284,142.370765852975,0,0
35,34,636.26,436.907,20,internal_airspace,15,omni,750,300,15,-38.6598082540901,360,178.059861420254,-65.0655454550163,0.125577162340262,-64.9399682926761,129.719224109578,0.154788612752565,NaN,1,1
35,34,636.26,436.907,20,internal_airspace,16,directional,700,300,15,-45,120,151.100344966516,-63.6395339511758,-1.4479755899504,-65.0875095411263,114.965345775654,0.416663749099791,115.382009524754,0,0
35,34,636.26,436.907,20,internal_airspace,17,directional,600,300,15,-63.434948822922,120,141.71561046335,-63.0825786725877,-2.0558870384455,-65.1384657110332,75.1657328671515,0.0664831531279829,75.2322160202795,0,0
35,34,636.26,436.907,20,internal_airspace,18,directional,400,300,15,-116.565051177078,120,273.106781770428,-68.78087452717,-0.39173881226224,-69.1726133394322,30.0912625149563,-0.848140751238652,29.2431217637177,0,0
35,34,636.26,436.907,20,internal_airspace,19,directional,300,300,15,-135,120,363.096838665665,-71.2546741883625,-1.07734834906119,-72.3320225374237,22.1535117805656,0.456504228012545,22.6100160085782,0,0
35,34,636.26,436.907,20,internal_airspace,20,omni,300,500,15,180,360,342.164454975966,-70.7389226700936,-1.72024738903206,-72.4591700591256,-10.6269388484641,-0.37369371148535,NaN,1,0
35,34,636.26,436.907,20,internal_airspace,21,omni,500,350,15,-90,360,161.692962892638,-64.2280472183342,0.117242624813959,-64.1108045935203,32.5298418852856,-0.419416104113858,NaN,1,1
35,34,636.26,436.907,20,internal_airspace,22,omni,700,500,15,0,360,89.8249088449301,-59.1221605372568,2.19590145343626,-56.9262590838205,-135.292274469571,0.46792602306952,NaN,1,1
35,34,636.26,436.907,20,internal_airspace,23,omni,500,650,15,90,360,252.98303154362,-68.1160526843011,-2.05223842552508,-70.1682911098262,-57.4035608078886,0.796727870416214,NaN,1,0
36,35,633.596,446.545,20,internal_airspace,0,omni,250,300,15,-141.34019174591,360,410.665713495782,-72.3239937361471,2.22105248393118,-70.102941252216,20.9083334202523,0.0987335486415361,NaN,1,0
36,35,633.596,446.545,20,internal_airspace,1,directional,250,350,15,-149.036243467926,120,395.590480473178,-71.9991414771782,-0.482786232037825,-72.481927709216,14.1270212825216,-0.16259662603395,13.9644246564877,0,0
36,35,633.596,446.545,20,internal_airspace,2,directional,250,450,15,-168.69006752598,120,383.644142716919,-71.732796274247,-0.332157903955764,-72.0649541782028,-0.516041787391921,-0.268300277832366,-0.78434206522428,0,0
36,35,633.596,446.545,20,internal_airspace,3,directional,250,550,15,168.69006752598,120,397.333396835705,-72.0373262361142,-1.26311586463101,-73.3004421007452,-15.0934359705277,0.179003008940841,-14.9144329615868,0,0
36,35,633.596,446.545,20,internal_airspace,4,directional,250,650,15,149.036243467926,120,434.240518884408,-72.808831732809,0.568410089489329,-72.2404216433196,-27.940975702825,-0.497526691361701,-28.4385023941867,0,0
36,35,633.596,446.545,20,internal_airspace,5,omni,250,700,15,141.34019174591,360,459.79378882386,-73.3054868393722,-0.0636959363846492,-73.3691827757568,-33.4541041144945,-0.212511253106938,NaN,1,0
36,35,633.596,446.545,20,internal_airspace,6,directional,300,700,15,135,120,418.98774235173,-72.498251188218,-0.360014989104972,-72.858266177323,-37.2263455857344,0.399567454892393,-36.8267781308421,0,0
36,35,633.596,446.545,20,internal_airspace,7,directional,400,700,15,116.565051177078,120,344.719492110614,-70.8035416585698,-1.56922217699178,-72.3727638355616,-47.3348827046696,0.227303846890894,-47.1075788577787,0,0
36,35,633.596,446.545,20,internal_airspace,8,directional,600,700,15,63.434948822922,120,255.720801345921,-68.2095459682678,1.27634073130042,-66.9332052369674,-82.4493389741403,0.555289721200739,-81.8940492529396,0,0
36,35,633.596,446.545,20,internal_airspace,9,directional,700,700,15,45,120,262.057108739679,-68.4221437375605,-0.457006856604434,-68.8791505941649,-104.681243524125,0.601261640951591,-104.079981883173,0,0
36,35,633.596,446.545,20,internal_airspace,10,omni,750,700,15,38.6598082540901,360,278.952197053545,-68.9648205603069,1.11195427534637,-67.8528662849606,-114.667847564563,-0.821943776273449,NaN,1,1
36,35,633.596,446.545,20,internal_airspace,11,directional,750,650,15,30.9637565320735,120,234.454320158533,-67.4553896272309,-0.111528367539297,-67.5669179947702,-119.775442260913,-0.029520564905519,-119.804962825818,0,0
36,35,633.596,446.545,20,internal_airspace,12,directional,750,550,15,11.3099324740202,120,155.813440501774,-63.9063231800376,0.350071429864352,-63.5562517501733,-138.370646458896,0.0554917567020933,-138.315154702194,0,0
36,35,633.596,446.545,20,internal_airspace,13,directional,750,450,15,-11.3099324740202,120,116.562550765673,-61.3854056869133,-1.70783657964457,-63.0932422665579,-178.299896758985,-0.432430946206919,-178.732327705192,0,0
36,35,633.596,446.545,20,internal_airspace,14,directional,750,350,15,-30.9637565320735,120,151.313674996677,-63.6517884187832,-0.344800461708213,-63.9965888804914,140.327827072539,-0.191215424702492,140.136611647836,0,0
36,35,633.596,446.545,20,internal_airspace,15,omni,750,300,15,-38.6598082540901,360,187.217328901467,-65.5011457284679,0.35165105868065,-65.1494946697872,128.460908704361,0.394383401763425,NaN,1,1
36,35,633.596,446.545,20,internal_airspace,16,directional,700,300,15,-45,120,160.965611982808,-64.1888869360777,-0.401701980865606,-64.5905889169433,114.376727103113,0.0553057358084624,114.432032838921,0,0
36,35,633.596,446.545,20,internal_airspace,17,directional,600,300,15,-63.434948822922,120,150.429811676409,-63.6009030704583,1.83662921668324,-61.7642738537751,77.0878474524481,-0.483411942467743,76.6044355099804,0,0
36,35,633.596,446.545,20,internal_airspace,18,directional,400,300,15,-116.565051177078,120,275.80342318579,-68.8662178782421,1.94880371163979,-66.9174141666024,32.1018490748539,0.33186993764418,32.4337190124981,0,0
36,35,633.596,446.545,20,internal_airspace,19,directional,300,300,15,-135,120,364.399133150725,-71.2857715378856,-0.215116162369955,-71.5008877002555,23.7153481088806,0.205575937008924,23.9209240458895,0,0
36,35,633.596,446.545,20,internal_airspace,20,omni,300,500,15,180,360,337.888632896995,-70.6296964677088,0.947148613740549,-69.6825478539683,-9.10361332825094,-0.565611088022091,NaN,1,1
36,35,633.596,446.545,20,internal_airspace,21,omni,500,350,15,-90,360,164.905513070364,-64.398928335966,0.157736072245639,-64.2411922637203,35.8542789720926,0.619317511706452,NaN,1,1
36,35,633.596,446.545,20,internal_airspace,22,omni,700,500,15,0,360,85.3927879917268,-58.6826486958675,1.43212377285682,-57.2505249230107,-141.166050229124,0.154228405718534,NaN,1,1
36,35,633.596,446.545,20,internal_airspace,23,omni,500,650,15,90,360,243.447793666322,-67.7823416932108,1.83995864903736,-65.9423830441735,-56.7096319489306,-0.0441862177442591,NaN,1,1
37,36,630.933,456.184,20,internal_airspace,0,omni,250,300,15,-141.34019174591,360,411.738257082093,-72.3466492700152,0.270297026375332,-72.0763522436399,22.2938184423225,0.433597861834923,NaN,1,0
37,36,630.933,456.184,20,internal_airspace,1,directional,250,350,15,-149.036243467926,120,395.487031829111,-71.9968697819354,-0.103309419653478,-72.1001792015889,15.5756621184755,-0.0951713106629386,15.4804908078125,0,0
37,36,630.933,456.184,20,internal_airspace,2,directional,250,450,15,-168.69006752598,120,381.016000116793,-71.6730891045177,0.536045603896987,-71.1370435006208,0.930048014205838,-0.368508974294888,0.56153903991094,0,0
37,36,630.933,456.184,20,internal_airspace,3,directional,250,550,15,168.69006752598,120,392.34728537993,-71.9276378763564,0.69134629673642,-71.23629157962,-13.8354404968814,0.426496404560137,-13.4089440923213,0,0
37,36,630.933,456.184,20,internal_airspace,4,directional,250,650,15,149.036243467926,120,427.433728600119,-72.6716006174173,0.435360087205609,-72.2362405302117,-26.9666681801266,-0.335440508176955,-27.3021086883035,0,0
37,36,630.933,456.184,20,internal_airspace,5,omni,250,700,15,141.34019174591,360,452.306524765009,-73.1628818886862,0.909214648016196,-72.25366724067,-32.6212575855245,0.259209410565019,NaN,1,0
37,36,630.933,456.184,20,internal_airspace,6,directional,300,700,15,135,120,411.081369493924,-72.3327807279355,0.685193138259583,-71.6475875896759,-36.3810562228766,0.630845867848701,-35.7502103550279,0,0
37,36,630.933,456.184,20,internal_airspace,7,directional,400,700,15,116.565051177078,120,335.859036420043,-70.577365587362,-2.25136831280696,-72.828733900169,-46.5544222770925,0.371172801437038,-46.1832494756554,0,0
37,36,630.933,456.184,20,internal_airspace,8,directional,600,700,15,63.434948822922,120,245.821260970242,-67.866613676416,-0.308033576635053,-68.1746472530511,-82.7694984724798,-0.00407908803375649,-82.7735775605135,0,0
37,36,630.933,456.184,20,internal_airspace,9,directional,700,700,15,45,120,253.459054572923,-68.1323810457414,0.0598525197966343,-68.0725285259447,-105.816104932865,0.550535423137522,-105.265569509727,0,0
37,36,630.933,456.184,20,internal_airspace,10,omni,750,700,15,38.6598082540901,360,271.382004460502,-68.7258457520979,1.79343253916092,-66.932413212937,-116.028466970719,-0.0128064106886123,NaN,1,1
37,36,630.933,456.184,20,internal_airspace,11,directional,750,650,15,30.9637565320735,120,227.522729293141,-67.1947206091286,2.7222961528303,-64.4724244562983,-121.563657619859,0.13481888014543,-121.428838739714,0,0
37,36,630.933,456.184,20,internal_airspace,12,directional,750,550,15,11.3099324740202,120,151.668692698922,-63.6721437022671,-0.290700395145912,-63.962844097413,-141.764501408539,-0.179266748566549,-141.943768157106,0,0
37,36,630.933,456.184,20,internal_airspace,13,directional,750,450,15,-11.3099324740202,120,119.33227704607,-61.5893833886225,-0.350639802950149,-61.9400231915726,177.026892179066,-0.883480340011126,176.143411839055,0,0
37,36,630.933,456.184,20,internal_airspace,14,directional,750,350,15,-30.9637565320735,120,159.615138207502,-64.1157064001163,-1.58220105709654,-65.6979074572128,138.273407203826,-0.272344817625943,138.0010623862,0,0
37,36,630.933,456.184,20,internal_airspace,15,omni,750,300,15,-38.6598082540901,360,196.457100520699,-65.9195794357206,0.151114868146741,-65.7684645675739,127.320115058673,-0.125157754841069,NaN,1,1
37,36,630.933,456.184,20,internal_airspace,16,directional,700,300,15,-45,120,170.846985179722,-64.706371224307,1.06716508759246,-63.6392061367145,113.855761518644,-0.00530910763712536,113.850452411007,0,0
37,36,630.933,456.184,20,internal_airspace,17,directional,600,300,15,-63.434948822922,120,159.296240837629,-64.0983353781597,-0.658553674102155,-64.7568890522618,78.7972694301684,0.364740311398751,79.1620097415671,0,0
37,36,630.933,456.184,20,internal_airspace,18,directional,400,300,15,-116.565051177078,120,278.834166387478,-68.961144596096,-0.119130266518149,-69.0802748626142,34.0711722899562,-0.461129555463362,33.6100427344928,0,0
37,36,630.933,456.184,20,internal_airspace,19,directional,300,300,15,-135,120,365.971436515201,-71.3231686487918,1.30252443593767,-70.0206442128541,25.2649917769983,-0.138772732741263,25.1262190442571,0,0
37,36,630.933,456.184,20,internal_airspace,20,omni,300,500,15,180,360,333.858491497521,-70.5254733690079,-0.23095251877626,-70.7564258877842,-7.54217508422717,-0.43374628027625,NaN,1,0
37,36,630.933,456.184,20,internal_airspace,21,omni,500,350,15,-90,360,168.651985891065,-64.5940540224067,-0.958565942638475,-65.5526199650451,39.041349475108,0.0611604383281435,NaN,1,1
37,36,630.933,456.184,20,internal_airspace,22,omni,700,500,15,0,360,81.9456670300511,-58.3247447282529,-0.143711550086399,-58.4684562783393,-147.60902021151,-0.574900861461006,NaN,1,1
37,36,630.933,456.184,20,internal_airspace,23,omni,500,650,15,90,360,233.951046898705,-67.4367246930426,-0.0504540106251607,-67.4871787036678,-55.9588845983124,-0.319872534904848,NaN,1,1
38,37,628.213,465.785,20,internal_airspace,0,omni,250,300,15,-141.34019174591,360,412.982735225094,-72.3728627606677,-0.150095424314106,-72.5229581849818,23.6696489681548,1.01506003843217,NaN,1,0
38,37,628.213,465.785,20,internal_airspace,1,directional,250,350,15,-149.036243467926,120,395.570776971707,-71.9987088411317,1.03489096659017,-70.9638178745415,17.0212888311491,0.00577519620786981,17.027064027357,0,0
38,37,628.213,465.785,20,internal_airspace,2,directional,250,450,15,-168.69006752598,120,378.575275994088,-71.6172697869592,-0.262568709438459,-71.8798384963976,2.38989485636845,0.605237937703499,2.99513279407196,0,0
38,37,628.213,465.785,20,internal_airspace,3,directional,250,550,15,168.69006752598,120,387.507728431318,-71.8198322036777,-0.338156331876422,-72.1579885355541,-12.5530100965856,-0.691210317731489,-13.2442204143171,0,0
38,37,628.213,465.785,20,internal_airspace,4,directional,250,650,15,149.036243467926,120,420.719906343876,-72.5340860567814,-0.80091202436493,-73.3349980811463,-25.9691762342155,0.231983768275929,-25.7371924659396,0,0
38,37,628.213,465.785,20,internal_airspace,5,omni,250,700,15,141.34019174591,360,444.889581350249,-73.0192695410079,0.113817766702952,-72.905451774305,-31.7685850261128,0.624751643514698,NaN,1,0
38,37,628.213,465.785,20,internal_airspace,6,directional,300,700,15,135,120,403.243647927652,-72.1655755325533,-0.38877955149438,-72.5543550840477,-35.51190881136,0.264771394706432,-35.2471374166536,0,0
38,37,628.213,465.785,20,internal_airspace,7,directional,400,700,15,116.565051177078,120,327.051738405409,-70.3465540725488,0.150081521175471,-70.1964725513734,-45.7436183789733,0.529276143246721,-45.2143422357265,0,0
38,37,628.213,465.785,20,internal_airspace,8,directional,600,700,15,63.434948822922,120,235.961097628401,-67.5110329887216,1.03035090304387,-66.4806820856778,-83.1313760289906,0.51127900914671,-82.6200970198439,0,0
38,37,628.213,465.785,20,internal_airspace,9,directional,700,700,15,45,120,245.020488110688,-67.8382728481673,1.0858273074272,-66.7524455407401,-107.040325049887,0.143884291806728,-106.89644075808,0,0
38,37,628.213,465.785,20,internal_airspace,10,omni,750,700,15,38.6598082540901,360,264.03359557829,-68.4874086326886,-0.503580226411993,-68.9909888591006,-117.473507327619,-1.38097913392553,NaN,1,1
38,37,628.213,465.785,20,internal_airspace,11,directional,750,650,15,30.9637565320735,120,220.889654791708,-66.9377323637854,1.48033274805624,-65.4573996157292,-123.469223918233,-0.539577825997543,-124.008801744231,0,0
38,37,628.213,465.785,20,internal_airspace,12,directional,750,550,15,11.3099324740202,120,148.152757632114,-63.4684196263233,1.21612470871304,-62.2522949176102,-145.336367922848,-0.104000238836829,-145.440368161685,0,0
38,37,628.213,465.785,20,internal_airspace,13,directional,750,450,15,-11.3099324740202,120,122.907443200158,-61.8457885200936,-0.235706464455391,-62.081494984549,172.614976469624,-0.843492023350798,171.771484446273,0,0
38,37,628.213,465.785,20,internal_airspace,14,directional,750,350,15,-30.9637565320735,120,168.116743943011,-64.5664442356709,-0.707530702702915,-65.2739749383738,136.447208140721,0.673829279569249,137.121037420291,0,0
38,37,628.213,465.785,20,internal_airspace,15,omni,750,300,15,-38.6598082540901,360,205.771085417753,-66.3219118029402,0.0595824914655951,-66.2623293114746,126.301304301467,-1.01323093775293,NaN,1,1
38,37,628.213,465.785,20,internal_airspace,16,directional,700,300,15,-45,120,180.729188550162,-65.1947908077049,0.526770645933328,-64.6680201617715,113.413221308092,0.035231233628766,113.448452541721,0,0
38,37,628.213,465.785,20,internal_airspace,17,directional,600,300,15,-63.434948822922,120,168.242799530916,-64.5729545606925,0.861574091706343,-63.7113804689861,80.3420292632317,0.247429819108816,80.5894590823405,0,0
38,37,628.213,465.785,20,internal_airspace,18,directional,400,300,15,-116.565051177078,120,282.118485027125,-69.0628556946856,0.580885531347781,-68.4819701633378,35.996475129966,-0.249301750964414,35.7471733790016,0,0
38,37,628.213,465.785,20,internal_airspace,19,directional,300,300,15,-135,120,367.740995258891,-71.3650657765808,-1.75090115768101,-73.1159669342618,26.798982446612,0.189602197061409,26.9885846436734,0,0
38,37,628.213,465.785,20,internal_airspace,20,omni,300,500,15,180,360,330.029452615975,-70.4252788159004,1.24114604165869,-69.1841327742417,-5.95137827237788,0.10745041898224,NaN,1,1
38,37,628.213,465.785,20,internal_airspace,21,omni,500,350,15,-90,360,172.828642284779,-64.8065391984114,-0.372429396148391,-65.1789685945598,42.0841682528557,-0.290218039183779,NaN,1,1
38,37,628.213,465.785,20,internal_airspace,22,omni,700,500,15,0,360,79.6808609014737,-58.0813051886142,1.19723392518783,-56.8840712634263,-154.51667535451,0.612161599218801,NaN,1,1
38,37,628.213,465.785,20,internal_airspace,23,omni,500,650,15,90,360,224.496636041612,-67.078421588724,-1.05608002492736,-68.1345016136513,-55.162217292123,-0.445393482405573,NaN,1,1
39,38,620.385,472.007,20,internal_airspace,0,omni,250,300,15,-141.34019174591,360,408.407218684979,-72.2760930288443,0.114000296219946,-72.1620927326243,24.9101816716993,0.00262487777136136,NaN,1,0
39,38,620.385,472.007,20,internal_airspace,1,directional,250,350,15,-149.036243467926,120,389.994559287691,-71.875395801028,0.558555035606987,-71.316840765421,18.2321873544307,0.577914493635161,18.8101018480659,0,0
39,38,620.385,472.007,20,internal_airspace,2,directional,250,450,15,-168.69006752598,120,371.071901757597,-71.4433862346743,1.23099889576077,-70.2123873389135,3.40032006916021,-1.32158359866284,2.07873647049738,0,0
39,38,620.385,472.007,20,internal_airspace,3,directional,250,550,15,168.69006752598,120,378.540560936341,-71.6164732611282,0.164630181268053,-71.4518430798602,-11.8912073644657,0.0986603207960228,-11.7925470436696,0,0
39,38,620.385,472.007,20,internal_airspace,4,directional,250,650,15,149.036243467926,120,410.964178820977,-72.3303042100325,0.821483837780786,-71.5088203722517,-25.6671761054377,0.146577721243374,-25.5205983841944,0,0
39,38,620.385,472.007,20,internal_airspace,5,omni,250,700,15,141.34019174591,360,434.960752567401,-72.8232262624106,-0.256038604054948,-73.0792648664656,-31.6146567222013,0.5592174555489,NaN,1,0
39,38,620.385,472.007,20,internal_airspace,6,directional,300,700,15,135,120,393.258637888604,-71.9477902469743,0.0720104474291953,-71.8757797995451,-35.4364897828482,0.463202497910567,-34.9732872849376,0,0
39,38,620.385,472.007,20,internal_airspace,7,directional,400,700,15,116.565051177078,120,317.136179383558,-70.0791406309612,-1.02052577107742,-71.0996664020386,-45.9720915483168,-0.237855767883446,-46.2099473162002,0,0
39,38,620.385,472.007,20,internal_airspace,8,directional,600,700,15,63.434948822922,120,228.957105751274,-67.2493073648351,-1.72870600466129,-68.9780133694964,-84.8907337310117,-0.327860425009991,-85.2185941560216,0,0
39,38,620.385,472.007,20,internal_airspace,9,directional,700,700,15,45,120,241.545764347049,-67.7142133596224,-0.391630691761631,-68.1058440513841,-109.249166776078,0.030656570102547,-109.218510205975,0,0
39,38,620.385,472.007,20,internal_airspace,10,omni,750,700,15,38.6598082540901,360,262.308704152188,-68.430478873454,-1.90811690235525,-70.3385957758093,-119.618416305631,-0.142146669071399,NaN,1,0
39,38,620.385,472.007,20,internal_airspace,11,directional,750,650,15,30.9637565320735,120,220.24204020577,-66.9122292637977,1.51790210812303,-65.3943271556747,-126.062211806228,0.283827532557365,-125.77838427367,0,0
39,38,620.385,472.007,20,internal_airspace,12,directional,750,550,15,11.3099324740202,120,151.35374549049,-63.6540882889739,-0.92176601785923,-64.5758543068331,-148.963491415822,0.178692952150157,-148.784798463672,0,0
39,38,620.385,472.007,20,internal_airspace,13,directional,750,450,15,-11.3099324740202,120,131.565026789037,-62.4370340041195,1.35503538442338,-61.0819986196961,170.363791395067,0.0458649046918391,170.409656299759,0,0
39,38,620.385,472.007,20,internal_airspace,14,directional,750,350,15,-30.9637565320735,120,178.075142212494,-65.0662908312007,-0.566240832952016,-65.6325316641527,136.731857816043,0.944403729749964,137.676261545793,0,0
39,38,620.385,472.007,20,internal_airspace,15,omni,750,300,15,-38.6598082540901,360,215.433182852596,-66.720476791174,1.14046136448582,-65.5800154266881,126.999666121126,-0.0698542622491979,NaN,1,1
39,38,620.385,472.007,20,internal_airspace,16,directional,700,300,15,-45,120,189.60473695032,-65.6112084990923,-0.644339090731656,-66.255547589824,114.837486929914,0.549781819267802,115.387268749181,0,0
39,38,620.385,472.007,20,internal_airspace,17,directional,600,300,15,-63.434948822922,120,173.282879344729,-64.8293379496283,-0.123768925913635,-64.9531068755419,83.241252227036,0.217268863390629,83.4585210904266,0,0
39,38,620.385,472.007,20,internal_airspace,18,directional,400,300,15,-116.565051177078,120,279.608576896346,-68.9852346164507,0.704898200769664,-68.280336415681,37.9714737225667,-0.246395455140653,37.725078267426,0,0
39,38,620.385,472.007,20,internal_airspace,19,directional,300,300,15,-135,120,363.672869862463,-71.2684429087493,-0.570326041904029,-71.8387689506534,28.2302813142532,1.08714038350012,29.3174216977533,0,0
39,38,620.385,472.007,20,internal_airspace,20,omni,300,500,15,180,360,321.644456308515,-70.2017462449108,0.590559456678701,-69.6111867882321,-4.99342348943966,-0.694331710261781,NaN,1,1
39,38,620.385,472.007,20,internal_airspace,21,omni,500,350,15,-90,360,171.473777219725,-64.7381791259455,1.66532680279183,-63.0728523231536,45.3833970068189,0.168670553939825,NaN,1,1
39,38,620.385,472.007,20,internal_airspace,22,omni,700,500,15,0,360,84.5408556497981,-58.5955576156382,0.952084849758254,-57.6434727658799,-160.628091325796,0.95946129921437,NaN,1,1
39,38,620.385,472.007,20,internal_airspace,23,omni,500,650,15,90,360,214.939657285481,-66.7005558756851,0.839047124052787,-65.8615087516323,-55.927669973485,0.196522564784908,NaN,1,1
40,39,612.556,478.229,20,internal_airspace,0,omni,250,300,15,-141.34019174591,360,404.026520883221,-72.1824223094742,-0.293789868606999,-72.4762121780812,26.1782821092728,-0.61293104258336,NaN,1,0
40,39,612.556,478.229,20,internal_airspace,1,directional,250,350,15,-149.036243467926,120,384.596580298109,-71.7543332006504,-0.758492815819413,-72.5128260164698,19.4776957805264,-1.31773028343781,18.1599654970886,0,0
40,39,612.556,478.229,20,internal_airspace,2,directional,250,450,15,-168.69006752598,120,363.687681365482,-71.2687966565032,-1.3900005230386,-72.6587971795418,4.45212871575153,0.31679247621869,4.76892119197021,0,0
40,39,612.556,478.229,20,internal_airspace,3,directional,250,550,15,168.69006752598,120,369.625390871623,-71.4094607700789,1.20003239008656,-70.2094283799923,-11.197411556641,-0.820963422012028,-12.018374978653,0,0
40,39,612.556,478.229,20,internal_airspace,4,directional,250,650,15,149.036243467926,120,401.219552834854,-72.1218666253555,-1.04936474978067,-73.1712313751362,-25.350557442281,-0.104148088507335,-25.4547055307883,0,0
40,39,612.556,478.229,20,internal_airspace,5,omni,250,700,15,141.34019174591,360,425.034386346564,-72.6227061738952,-1.78585792339512,-74.4085640972903,-31.4536074389797,-0.0401790216067302,NaN,1,0
40,39,612.556,478.229,20,internal_airspace,6,directional,300,700,15,135,120,383.273570151922,-71.7244022768234,0.58287107007314,-71.1415312067502,-35.3572271502595,0.154224912533149,-35.2030022377263,0,0
40,39,612.556,478.229,20,internal_airspace,7,directional,400,700,15,116.565051177078,120,307.22537261268,-69.8033664266982,1.02791325540848,-68.7754531712898,-46.2154469009655,0.107976362724061,-46.1074705382414,0,0
40,39,612.556,478.229,20,internal_airspace,8,directional,600,700,15,63.434948822922,120,222.182424095607,-66.9884188498038,0.325919778536999,-66.6624990712668,-86.759546549297,-1.52147611653309,-88.2810226658301,0,0
40,39,612.556,478.229,20,internal_airspace,9,directional,700,700,15,45,120,238.440410956281,-67.6018220676788,0.599378911818789,-67.00244315586,-111.519249435726,0.421650536427798,-111.097598899298,0,0
40,39,612.556,478.229,20,internal_airspace,10,omni,750,700,15,38.6598082540901,360,260.956374854112,-68.3855830466148,-1.05674211760575,-69.4423251642206,-121.788830556196,0.348547893610762,NaN,1,1
40,39,612.556,478.229,20,internal_airspace,11,directional,750,650,15,30.9637565320735,120,220.048016525939,-66.904573999485,-1.96595189012918,-68.8705258896142,-128.66534002642,-0.374037634106617,-129.039377660527,0,0
40,39,612.556,478.229,20,internal_airspace,12,directional,750,550,15,11.3099324740202,120,155.135197737328,-63.8684317058967,-0.688646844981689,-64.5570785508784,-152.427175673151,-0.163879747707455,-152.591055420859,0,0
40,39,612.556,478.229,20,internal_airspace,13,directional,750,450,15,-11.3099324740202,120,140.402028393467,-63.0016924763937,0.225686017222,-62.7760064591717,168.393680517919,0.113452473170706,168.507132991089,0,0
40,39,612.556,478.229,20,internal_airspace,14,directional,750,350,15,-30.9637565320735,120,188.038638521449,-65.5391667953028,-0.387598480067906,-65.9267652753707,136.98653617782,0.163016480079293,137.149552657899,0,0
40,39,612.556,478.229,20,internal_airspace,15,omni,750,300,15,-38.6598082540901,360,225.125364135186,-67.1027134000254,-0.970718485593639,-68.073431885619,127.638158690515,0.273788380218836,NaN,1,1
40,39,612.556,478.229,20,internal_airspace,16,directional,700,300,15,-45,120,198.58758666392,-66.0132667957829,2.22322805932517,-63.7900387364577,116.133826301077,0.636507757784981,116.770334058862,0,0
40,39,612.556,478.229,20,internal_airspace,17,directional,600,300,15,-63.434948822922,120,178.740676895328,-65.0986927999453,0.846858771499426,-64.2518340284458,85.970245034871,0.0191182907734582,85.9893633256444,0,0
40,39,612.556,478.229,20,internal_airspace,18,directional,400,300,15,-116.565051177078,120,277.435811633971,-68.9174752228487,0.418332473002243,-68.4991427498465,39.9799585913808,0.478475494093688,40.4584340854745,0,0
40,39,612.556,478.229,20,internal_airspace,19,directional,300,300,15,-135,120,359.835836982644,-71.1763131077393,1.7202859117512,-69.4560271959881,29.6931122045936,-0.35696630801641,29.3361458965772,0,0
40,39,612.556,478.229,20,internal_airspace,20,omni,300,500,15,180,360,313.353202595729,-69.9749075886903,-0.854068564118912,-70.8289761528092,-3.9844857244832,-0.976857051315498,NaN,1,0
40,39,612.556,478.229,20,internal_airspace,21,omni,500,350,15,-90,360,170.694257598198,-64.6986030555468,-1.12316580838211,-65.8217688639289,48.724200984122,0.29092249217368,NaN,1,1
40,39,612.556,478.229,20,internal_airspace,22,omni,700,500,15,0,360,90.2520336446775,-59.1633647667192,-0.0780995988559501,-59.2414643655752,-166.019271646366,-0.748962792773994,NaN,1,1
40,39,612.556,478.229,20,internal_airspace,23,omni,500,650,15,90,360,205.424267254383,-66.3072597647483,-0.508663405118153,-66.8159231698664,-56.7644664896672,-0.00991204879758538,NaN,1,1
41,40,604.727,484.451,20,internal_airspace,0,omni,250,300,15,-141.34019174591,360,399.847991029091,-72.0921232005739,-0.220842793198265,-72.3129659937722,27.4735365416703,1.08828173472804,NaN,1,0
41,40,604.727,484.451,20,internal_airspace,1,directional,250,350,15,-149.036243467926,120,379.385445068732,-71.6358381419014,1.03445709790634,-70.6013810439951,20.758045226328,0.625589324114196,21.3836345504423,0,0
41,40,604.727,484.451,20,internal_airspace,2,directional,250,450,15,-168.69006752598,120,356.431081599234,-71.0937362038446,-0.454335372391236,-71.5480715762358,5.54715511663726,0.905221316579348,6.45237643321661,0,0
41,40,604.727,484.451,20,internal_airspace,3,directional,250,550,15,168.69006752598,120,360.767121464803,-71.1987638585788,0.177630196254651,-71.0211336623242,-10.4694272138362,0.297523600626028,-10.1719036132102,0,0
41,40,604.727,484.451,20,internal_airspace,4,directional,250,650,15,149.036243467926,120,391.487823476031,-71.9085900073524,-0.515927455071616,-72.424517462424,-25.0181844517316,-0.192754686460508,-25.2109391381921,0,0
41,40,604.727,484.451,20,internal_airspace,5,omni,250,700,15,141.34019174591,360,415.11157046028,-72.4175216081393,-0.740905494070195,-73.1584271022095,-31.2848562291583,0.157896314221401,NaN,1,0
41,40,604.727,484.451,20,internal_airspace,6,directional,300,700,15,135,120,373.289319335552,-71.4951361130694,0.325734237667461,-71.1694018754019,-35.2737235748319,-0.147137214187125,-35.420860789019,0,0
41,40,604.727,484.451,20,internal_airspace,7,directional,400,700,15,116.565051177078,120,297.320560893457,-69.5187237027446,0.466728785359092,-69.0519949173855,-46.4750257879056,0.576290793394027,-45.8987349945116,0,0
41,40,604.727,484.451,20,internal_airspace,8,directional,600,700,15,63.434948822922,120,215.658795160318,-66.7295683256247,-1.5974108942691,-68.3269792198938,-88.7437021528849,-0.255366456080247,-88.9990686089652,0,0
41,40,604.727,484.451,20,internal_airspace,9,directional,700,700,15,45,120,235.718722060849,-67.5021063926362,0.836591168962996,-66.6655152236732,-113.845504717223,0.345531262131004,-113.499973455092,0,0
41,40,604.727,484.451,20,internal_airspace,10,omni,750,700,15,38.6598082540901,360,259.981953085209,-68.3530888746075,-1.00105237375003,-69.3541412483575,-123.978685865183,-1.06654622125223,NaN,1,1
41,40,604.727,484.451,20,internal_airspace,11,directional,750,650,15,30.9637565320735,120,220.308229374211,-66.9148392352645,-0.724659920754436,-67.6394991560189,-131.267685223857,0.460937797556764,-130.806747426301,0,0
41,40,604.727,484.451,20,internal_airspace,12,directional,750,550,15,11.3099324740202,120,159.455059280037,-64.1069909009882,-0.656785560468117,-64.7637764614563,-155.714506525862,0.37768424883182,-155.33682227703,0,0
41,40,604.727,484.451,20,internal_airspace,13,directional,750,450,15,-11.3099324740202,120,149.385795609891,-63.5404109228399,-0.654380571577565,-64.1947914944175,166.658949518577,0.226574359569793,166.885523878147,0,0
41,40,604.727,484.451,20,internal_airspace,14,directional,750,350,15,-30.9637565320735,120,198.005848221713,-65.9877851862214,-0.960130263925573,-66.947915450147,137.215561922364,0.138862749116589,137.354424671481,0,0
41,40,604.727,484.451,20,internal_airspace,15,omni,750,300,15,-38.6598082540901,360,234.843385961794,-67.469791502029,-0.483817733117327,-67.9536092351463,128.223851835808,0.614116050757258,NaN,1,1
41,40,604.727,484.451,20,internal_airspace,16,directional,700,300,15,-45,120,207.66346797162,-66.4014268830088,-0.482273022510827,-66.8836999055196,117.317348710703,-0.520585019181178,116.796763691522,0,0
41,40,604.727,484.451,20,internal_airspace,17,directional,600,300,15,-63.434948822922,120,184.579294423833,-65.3778844644741,-0.518376101358456,-65.8962605658325,88.5319793272784,0.472248053679261,89.0042273809576,0,0
41,40,604.727,484.451,20,internal_airspace,18,directional,400,300,15,-116.565051177078,120,275.608991018073,-68.8600924578585,-0.238770639583288,-69.0988630974418,42.0176119526027,-1.2686501281432,40.7489618244595,0,0
41,40,604.727,484.451,20,internal_airspace,19,directional,300,300,15,-135,120,356.238285323181,-71.0890366691234,-0.18616954192955,-71.2752062110529,31.1864847296246,-0.162203867500317,31.0242808621243,0,0
41,40,604.727,484.451,20,internal_airspace,20,omni,300,500,15,180,360,305.164408032785,-69.7449024253712,-0.0226949375375113,-69.7675973629087,-2.9210410960999,0.0656295337634585,NaN,1,1
41,40,604.727,484.451,20,internal_airspace,21,omni,500,350,15,-90,360,170.498727062697,-64.688647652508,-2.90521620900226,-67.5938638615103,52.0841486759619,-0.511142817552658,NaN,1,1
41,40,604.727,484.451,20,internal_airspace,22,omni,700,500,15,0,360,96.6628984150589,-59.7594210986225,-1.78727458787232,-61.5466956864949,-170.730781383053,0.614232244671386,NaN,1,1
41,40,604.727,484.451,20,internal_airspace,23,omni,500,650,15,90,360,195.95717881721,-65.8974484006285,0.461066681697154,-65.4363817189314,-57.682381048938,-0.700455423148272,NaN,1,1
42,41,596.899,490.673,20,critical_zone,0,omni,250,300,15,-141.34019174591,360,395.878907154701,-72.0054720882528,1.4515113254994,-70.5539607627534,28.7953908048702,0.122866690571329,NaN,1,0
42,41,596.899,490.673,20,critical_zone,1,directional,250,350,15,-149.036243467926,120,374.369882776379,-71.5202429031746,0.997205257868074,-70.5230376453065,22.0733280589071,-0.14695418406215,21.926373874845,0,0
42,41,596.899,490.673,20,critical_zone,2,directional,250,450,15,-168.69006752598,120,349.311049252668,-70.9184712995512,-0.977080544000538,-71.8955518435518,6.68724866165924,-0.0554228806283119,6.63182578103093,0,0
42,41,596.899,490.673,20,critical_zone,3,directional,250,550,15,168.69006752598,120,351.971034504261,-70.9843633269442,1.32950449508499,-69.6548588318593,-9.70488933721471,-0.557942922326246,-10.262832259541,0,0
42,41,596.899,490.673,20,critical_zone,4,directional,250,650,15,149.036243467926,120,381.770885650019,-71.6902809432709,1.77025809341421,-69.9200228498567,-24.6688127705298,0.441377180281053,-24.2274355902487,0,0
42,41,596.899,490.673,20,critical_zone,5,omni,250,700,15,141.34019174591,360,405.193421874048,-72.2074725577802,-0.432958756113967,-72.6404313138942,-31.1077671473345,0.358370252124331,NaN,1,0
42,41,596.899,490.673,20,critical_zone,6,directional,300,700,15,135,120,363.306770002982,-71.2596946493198,0.172774831196889,-71.0869198181229,-35.1855388352285,-0.62040071718211,-35.8059395524106,0,0
42,41,596.899,490.673,20,critical_zone,7,directional,400,700,15,116.565051177078,120,287.423049058352,-69.2246566778706,1.53082864548781,-67.6938280323828,-46.7523494569992,0.00153911478243395,-46.7508103422168,0,0
42,41,596.899,490.673,20,critical_zone,8,directional,600,700,15,63.434948822922,120,209.409668186548,-66.4741594071763,-1.51105164443679,-67.9852110516131,-90.8487257572622,-0.164096616709159,-91.0128223739714,0,0
42,41,596.899,490.673,20,critical_zone,9,directional,700,700,15,45,120,233.393678427673,-67.4160066103935,0.759904173885854,-66.6561024365077,-116.221887872429,-0.582874907670871,-116.8047627801,0,0
42,41,596.899,490.673,20,critical_zone,10,omni,750,700,15,38.6598082540901,360,259.389107577786,-68.3332595337898,0.189131810259851,-68.1441277235299,-126.181600674724,-0.72493616829364,NaN,1,1
42,41,596.899,490.673,20,critical_zone,11,directional,750,650,15,30.9637565320735,120,221.020381707208,-66.9428713264706,0.269723328085552,-66.673147998385,-133.858372763687,0.0718551155854053,-133.786517648101,0,0
42,41,596.899,490.673,20,critical_zone,12,directional,750,550,15,11.3099324740202,120,164.269927649585,-64.3653861514764,0.896371851449064,-63.4690143000273,-158.818532550418,0.155918246726648,-158.662614303691,0,0
42,41,596.899,490.673,20,critical_zone,13,directional,750,450,15,-11.3099324740202,120,158.49040705986,-64.0542844508535,0.226711925245518,-63.827572525608,165.122378991123,0.637209582585029,165.759588573708,0,0
42,41,596.899,490.673,20,critical_zone,14,directional,750,350,15,-30.9637565320735,120,207.975501273587,-66.4144684288406,-1.40113255112004,-67.8156009799607,137.422432241554,-0.559192662234561,136.863239579319,0,0
42,41,596.899,490.673,20,critical_zone,15,omni,750,300,15,-38.6598082540901,360,244.583542230462,-67.8227694435143,0.848101802499059,-66.9746676410152,128.762743523832,1.15093833615162,NaN,1,1
42,41,596.899,490.673,20,critical_zone,16,directional,700,300,15,-45,120,216.820223065101,-66.7762205719999,0.565166109093847,-66.2110544629061,118.401044796393,0.0552079721664437,118.456252768559,0,0
42,41,596.899,490.673,20,critical_zone,17,directional,600,300,15,-63.434948822922,120,190.763752138607,-65.6641419542021,-1.08834802418234,-66.7524899783844,90.9317446614474,-0.601830637913719,90.3299140235337,0,0
42,41,596.899,490.673,20,critical_zone,18,directional,400,300,15,-116.565051177078,120,274.13574945636,-68.813538327163,-0.215480093596137,-69.0290184207591,44.0796733428801,0.654754111473192,44.7344274543533,0,0
42,41,596.899,490.673,20,critical_zone,19,directional,300,300,15,-135,120,352.888380553965,-71.0069720085512,-0.290577777970652,-71.2975497865218,32.7091864762284,1.090023301637,33.7992097778654,0,0
42,41,596.899,490.673,20,critical_zone,20,omni,300,500,15,180,360,297.087544555473,-69.5119137205767,-0.221681156210862,-69.7335948767876,-1.79933931470258,-0.269373097052712,NaN,1,1
42,41,596.899,490.673,20,critical_zone,21,omni,500,350,15,-90,360,170.889757241328,-64.7085454910013,0.433836950670038,-64.2747085403313,55.439979774982,0.210034642024217,NaN,1,1
42,41,596.899,490.673,20,critical_zone,22,omni,700,500,15,0,360,103.642699356974,-60.3649991460138,0.15696743735135,-60.2080317086625,-174.830825693743,-0.47409894907573,NaN,1,1
42,41,596.899,490.673,20,critical_zone,23,omni,500,650,15,90,360,186.546265387437,-65.4699560140324,-0.75051337321851,-66.220469387251,-58.6929994147244,0.0804629010020184,NaN,1,1
43,42,589.07,496.895,20,critical_zone,0,omni,250,300,15,-141.34019174591,360,392.123840036537,-71.9226897741702,-0.385516425897766,-72.308206200068,30.1433626349262,0.182817074827049,NaN,1,0
43,42,589.07,496.895,20,critical_zone,1,directional,250,350,15,-149.036243467926,120,369.555957772297,-71.4078289966559,-0.97422735638737,-72.3820563530433,23.4236659209575,0.406653035059704,23.8303189560172,0,0
43,42,589.07,496.895,20,critical_zone,2,directional,250,450,15,-168.69006752598,120,342.334056040295,-70.7432269487259,0.925328543316145,-69.8178984054097,7.87432619243801,-0.0573656424884181,7.81696054994958,0,0
43,42,589.07,496.895,20,critical_zone,3,directional,250,550,15,168.69006752598,120,343.239866456389,-70.7661793208254,-1.09380577191214,-71.8599850927375,-8.90132853907611,0.198809535729249,-8.70251900334685,0,0
43,42,589.07,496.895,20,critical_zone,4,directional,250,650,15,149.036243467926,120,372.068012499059,-71.4666715218279,0.292580774384463,-71.1740907474434,-24.3012667197638,0.079829663049781,-24.221437056714,0,0
43,42,589.07,496.895,20,critical_zone,5,omni,250,700,15,141.34019174591,360,395.278516902955,-71.9922890621978,0.262438933694585,-71.7298501285032,-30.9218661179451,-0.49958253061591,NaN,1,0
43,42,589.07,496.895,20,critical_zone,6,directional,300,700,15,135,120,353.324363616493,-71.0176965424187,0.582495706901596,-70.4352008355172,-35.0924636022011,0.389363923357442,-34.7030996788437,0,0
43,42,589.07,496.895,20,critical_zone,7,directional,400,700,15,116.565051177078,120,277.532170973024,-68.920491492685,-0.614786679809371,-69.5352781724944,-47.0496034297782,0.746051582845808,-46.3035518469324,0,0
43,42,589.07,496.895,20,critical_zone,8,directional,600,700,15,63.434948822922,120,203.460330101472,-66.2238197297828,-0.651309213568013,-66.8751289433508,-93.0803741143014,-0.0733893227257739,-93.1537634370272,0,0
43,42,589.07,496.895,20,critical_zone,9,directional,700,700,15,45,120,231.478089513889,-67.3444226200547,0.695733952312516,-66.6486886677422,-118.642074016214,-0.437873764085823,-119.079947780299,0,0
43,42,589.07,496.895,20,critical_zone,10,omni,750,700,15,38.6598082540901,360,259.181607999102,-68.3263084334579,2.07907136305564,-66.2472370704022,-128.391502517044,0.463103430328706,NaN,1,1
43,42,589.07,496.895,20,critical_zone,11,directional,750,650,15,30.9637565320735,120,222.181470705817,-66.9883815783756,-0.138487042857046,-67.1268686212327,-136.427378221708,-0.96397532479512,-137.391353546503,0,0
43,42,589.07,496.895,20,critical_zone,12,directional,750,550,15,11.3099324740202,120,169.539393431143,-64.6396373348081,-0.204928439864098,-64.8445657746722,-161.737720083832,-0.17633437038651,-161.914054454219,0,0
43,42,589.07,496.895,20,critical_zone,13,directional,750,450,15,-11.3099324740202,120,167.697960407991,-64.544780446647,1.27416065091106,-63.270619795736,163.753877967904,0.293554257458281,164.047432225362,0,0
43,42,589.07,496.895,20,critical_zone,14,directional,750,350,15,-30.9637565320735,120,217.948631390518,-66.8213077583916,0.474067993969928,-66.3472397644216,137.610540840172,-0.480368813172092,137.130172027,0,0
43,42,589.07,496.895,20,critical_zone,15,omni,750,300,15,-38.6598082540901,360,254.34446313022,-68.1626705909638,0.0179814632981254,-68.1446891276657,129.260475327236,-0.478068209506406,NaN,1,1
43,42,589.07,496.895,20,critical_zone,16,directional,700,300,15,-45,120,226.048901623078,-67.1382728567992,-1.53214714549129,-68.6704200022905,119.396768401001,-0.920410387640194,118.476358013361,0,0
43,42,589.07,496.895,20,critical_zone,17,directional,600,300,15,-63.434948822922,120,197.26151658395,-65.9550721890075,-0.429182750632602,-66.3842549396401,93.1773320197531,-0.0490592746127929,93.1282727451404,0,0
43,42,589.07,496.895,20,critical_zone,18,directional,400,300,15,-116.565051177078,120,273.020339764275,-68.7781248899438,-0.673729803597637,-69.4518546935414,46.1614474445574,-1.33830419985763,44.8231432446998,0,0
43,42,589.07,496.895,20,critical_zone,19,directional,300,300,15,-135,120,349.791517800246,-70.9304103128879,0.310882940395095,-70.6195273724929,34.2600531267568,-0.0722556093900012,34.1877975173668,0,0
43,42,589.07,496.895,20,critical_zone,20,omni,300,500,15,180,360,289.129911847598,-69.2760853102164,-0.0119900429825962,-69.288075353199,-0.615409948828245,0.186037491135797,NaN,1,1
43,42,589.07,496.895,20,critical_zone,21,omni,500,350,15,-90,360,171.862171303053,-64.7578307214013,-0.0791230772577628,-64.836953798659,58.7694102029108,-0.82607913593374,NaN,1,1
43,42,589.07,496.895,20,critical_zone,22,omni,700,500,15,0,360,111.086029387138,-60.9674137103336,1.77609130398074,-59.1913224063529,-178.396673972253,-0.169680348663532,NaN,1,1
43,42,589.07,496.895,20,critical_zone,23,omni,500,650,15,90,360,177.199339516263,-65.0234668099732,-0.524321466023962,-65.5477882759972,-59.810969604799,-0.399304219990303,NaN,1,1
44,43,581.242,503.117,20,critical_zone,0,omni,250,300,15,-141.34019174591,360,388.590759351017,-71.8440742123855,-0.478842665750293,-72.3229168781358,31.5165509980591,-0.610037563334781,NaN,1,0
44,43,581.242,503.117,20,critical_zone,1,directional,250,350,15,-149.036243467926,120,364.953528895118,-71.2989761820299,0.745557402278437,-70.5534187797515,24.8087952755531,-0.781463917047493,24.0273313585056,0,0
44,43,581.242,503.117,20,critical_zone,2,directional,250,450,15,-168.69006752598,120,335.51107023912,-70.5683619213187,2.74574140820389,-67.8226205131148,9.11022432226129,0.0867556277725747,9.19697995003386,0,0
44,43,581.242,503.117,20,critical_zone,3,directional,250,550,15,168.69006752598,120,334.580749973754,-70.5442438404793,0.339791749831549,-70.2044520906477,-8.0559630286534,-0.103823504911815,-8.15978653356521,0,0
44,43,581.242,503.117,20,critical_zone,4,directional,250,650,15,149.036243467926,120,362.382226734425,-71.2375626198216,2.49437594831403,-68.7431866715076,-23.9139867122584,-0.23150145430362,-24.145488166562,0,0
44,43,581.242,503.117,20,critical_zone,5,omni,250,700,15,141.34019174591,360,385.368885943066,-71.7717577843304,-0.281881587407809,-72.0536393717382,-30.7263237651349,-0.0345519166227077,NaN,1,0
44,43,581.242,503.117,20,critical_zone,6,directional,300,700,15,135,120,343.343819302168,-70.7688095113517,2.18237489051569,-68.586434620836,-34.9938796516564,-0.714595748549333,-35.7084754002058,0,0
44,43,581.242,503.117,20,critical_zone,7,directional,400,700,15,116.565051177078,120,267.650104152791,-68.6055731686304,1.56119272700647,-67.0443804416239,-47.3686682709692,0.361568613332513,-47.0070996576367,0,0
44,43,581.242,503.117,20,critical_zone,8,directional,600,700,15,63.434948822922,120,197.837757399845,-65.9804084425027,0.414009087925389,-65.5663993545773,-95.4424194795488,-0.805687768332221,-96.2481072478811,0,0
44,43,581.242,503.117,20,critical_zone,9,directional,700,700,15,45,120,229.981256307987,-67.2880736751298,-0.100478330154579,-67.3885520052844,-121.097990283662,-0.619943975108885,-121.717934258771,0,0
44,43,581.242,503.117,20,critical_zone,10,omni,750,700,15,38.6598082540901,360,259.359168438288,-68.3322569355206,-0.568400459348108,-68.9006573948687,-130.60148637156,0.04222472995943,NaN,1,1
44,43,581.242,503.117,20,critical_zone,11,directional,750,650,15,30.9637565320735,120,223.783105378847,-67.0507707571048,-1.7070236443806,-68.7577944014854,-138.964454393379,-0.348805474342644,-139.313259867721,0,0
44,43,581.242,503.117,20,critical_zone,12,directional,750,550,15,11.3099324740202,120,175.220655897072,-64.9259308678297,-1.1520398878706,-66.0779707557003,-164.474067898838,0.214901761923934,-164.259166136914,0,0
44,43,581.242,503.117,20,critical_zone,13,directional,750,450,15,-11.3099324740202,120,176.990616285158,-65.0132296638857,0.639564421480224,-64.3736652424054,162.528474970923,0.122420031613321,162.650895002536,0,0
44,43,581.242,503.117,20,critical_zone,14,directional,750,350,15,-30.9637565320735,120,227.923404355498,-67.2100032957652,-1.57448234675735,-68.7844856425226,137.782008262372,0.573446355955052,138.355454618327,0,0
44,43,581.242,503.117,20,critical_zone,15,omni,750,300,15,-38.6598082540901,360,264.122657591128,-68.4903380037493,-0.749488641010691,-69.23982664476,129.721203658782,-0.481546320754906,NaN,1,1
44,43,581.242,503.117,20,critical_zone,16,directional,700,300,15,-45,120,235.340133111631,-67.4881447294469,2.30693551564016,-65.1812092138067,120.313878235561,0.719786987495552,121.033665223056,0,0
44,43,581.242,503.117,20,critical_zone,17,directional,600,300,15,-63.434948822922,120,204.042589311643,-66.2486413565301,1.49940330221495,-64.7492380543152,95.2763400901938,0.490442670632487,95.7667827608263,0,0
44,43,581.242,503.117,20,critical_zone,18,directional,400,300,15,-116.565051177078,120,272.268577424939,-68.7541752784822,0.979212125161315,-67.7749631533209,48.2573572395168,-0.513113428267371,47.7442438112495,0,0
44,43,581.242,503.117,20,critical_zone,19,directional,300,300,15,-135,120,346.956161860544,-70.8597169315029,-1.76088872129247,-72.6206056527953,35.837355425033,0.518109085940234,36.3554645109732,0,0
44,43,581.242,503.117,20,critical_zone,20,omni,300,500,15,180,360,281.303711765416,-69.0377340874617,-0.691525010366502,-69.7292590978282,0.634982090244131,0.0494990459594872,NaN,1,1
44,43,581.242,503.117,20,critical_zone,21,omni,500,350,15,-90,360,173.407261246466,-64.8355704171335,0.884510286114857,-63.9510601310186,62.0501274251538,-0.0950664842054906,NaN,1,1
44,43,581.242,503.117,20,critical_zone,22,omni,700,500,15,0,360,118.904071641807,-61.5581593633247,-0.743246450625447,-62.3014058139501,178.496522743418,0.557079764018047,NaN,1,1
44,43,581.242,503.117,20,critical_zone,23,omni,500,650,15,90,360,167.928193740658,-64.556697167722,0.94233176032426,-63.6143654073977,-61.0527161394096,-0.476297747383273,NaN,1,1
45,44,573.413,509.339,20,critical_zone,0,omni,250,300,15,-141.34019174591,360,385.284032228173,-71.7698450425797,-0.31344198317012,-72.0832870257499,32.9142037088657,-0.323144950159654,NaN,1,0
45,44,573.413,509.339,20,critical_zone,1,directional,250,350,15,-149.036243467926,120,360.568835993906,-71.1939885919569,-0.546518236518566,-71.7405068284755,26.2285290056186,-0.964215350653277,25.2643136549653,0,0
45,44,573.413,509.339,20,critical_zone,2,directional,250,450,15,-168.69006752598,120,328.849639637935,-70.394172239917,-0.41288667436693,-70.807058914284,10.3968476557962,0.208701238916065,10.6055488947123,0,0
45,44,573.413,509.339,20,critical_zone,3,directional,250,550,15,168.69006752598,120,325.99737037283,-70.3185067719605,1.36415093472312,-68.9543558372374,-7.16589572452434,0.272289636597653,-6.89360608792668,0,0
45,44,573.413,509.339,20,critical_zone,4,directional,250,650,15,149.036243467926,120,352.713035611104,-71.0026550476757,1.20372925038953,-69.7989257972862,-23.5055162258115,-0.550298139934499,-24.055814365746,0,0
45,44,573.413,509.339,20,critical_zone,5,omni,250,700,15,141.34019174591,360,375.463161295486,-71.5455714836227,1.58611886860943,-69.9594526150133,-30.5205376638597,-0.645061351102459,NaN,1,1
45,44,573.413,509.339,20,critical_zone,6,directional,300,700,15,135,120,333.363593528148,-70.5125882141881,-2.19786108575465,-72.7104492999427,-34.889490083013,0.842120276071841,-34.0473698069411,0,0
45,44,573.413,509.339,20,critical_zone,7,directional,400,700,15,116.565051177078,120,257.776425396117,-68.2790887742903,0.288357775597198,-67.9907309986931,-47.7123586664863,0.482936285932013,-47.2294223805543,0,0
45,44,573.413,509.339,20,critical_zone,8,directional,600,700,15,63.434948822922,120,192.570728538893,-65.7460303030704,-0.938342443850297,-66.6843727469207,-97.9385017563435,-0.222093765586331,-98.1605955219298,0,0
45,44,573.413,509.339,20,critical_zone,9,directional,700,700,15,45,120,228.912396977534,-67.2476110934151,0.0502506162152507,-67.1973604771998,-123.581677722431,-0.4714327854071,-124.053110507838,0,0
45,44,573.413,509.339,20,critical_zone,10,omni,750,700,15,38.6598082540901,360,259.922268168774,-68.3510945972837,-1.07068878014757,-69.4217833774313,-132.805334851261,-0.542428351415225,NaN,1,1
45,44,573.413,509.339,20,critical_zone,11,directional,750,650,15,30.9637565320735,120,225.817371984531,-67.1293718115926,0.862665001422027,-66.2667068101706,-141.460801411332,-0.249689794260893,-141.710491205593,0,0
45,44,573.413,509.339,20,critical_zone,12,directional,750,550,15,11.3099324740202,120,181.276820057061,-65.2210703187995,-1.22703347451763,-66.4481037933171,-167.033063998013,-0.0168370327254966,-167.049901030739,0,0
45,44,573.413,509.339,20,critical_zone,13,directional,750,450,15,-11.3099324740202,120,186.357413294991,-65.4611583074561,0.754824809382767,-64.7063334980733,161.425969860194,0.435028244333942,161.860998104528,0,0
45,44,573.413,509.339,20,critical_zone,14,directional,750,350,15,-30.9637565320735,120,237.900999346367,-67.5821501617114,-0.316717277423604,-67.898867439135,137.93925017709,0.463417286374894,138.402667463465,0,0
45,44,573.413,509.339,20,critical_zone,15,omni,750,300,15,-38.6598082540901,360,273.917479343688,-68.8066197648389,0.24816075652063,-68.5584590083183,130.14915912658,-0.207545244294938,NaN,1,1
45,44,573.413,509.339,20,critical_zone,16,directional,700,300,15,-45,120,244.687730566941,-67.8264686936286,-0.017706647624006,-67.8441753412526,121.161294715638,-0.00636951094408634,121.154925204694,0,0
45,44,573.413,509.339,20,critical_zone,17,directional,600,300,15,-63.434948822922,120,211.079808342721,-66.5431586576808,-0.831796540158564,-67.3749551978393,97.2380721269852,0.511591098102359,97.7496632250875,0,0
45,44,573.413,509.339,20,critical_zone,18,directional,400,300,15,-116.565051177078,120,271.882116899954,-68.7418376886606,1.07984018418339,-67.6619975044772,50.3622057486204,-0.300884834295706,50.0613209143247,0,0
45,44,573.413,509.339,20,critical_zone,19,directional,300,300,15,-135,120,344.387115743316,-70.7951627382819,0.245627211495871,-70.5495355267861,37.4395190691644,0.583604151748297,38.0231232209127,0,0
45,44,573.413,509.339,20,critical_zone,20,omni,300,500,15,180,360,273.618138086641,-68.7971225000068,0.579706291361374,-68.2174162086454,1.95629810655594,0.0843022984011075,NaN,1,1
45,44,573.413,509.339,20,critical_zone,21,omni,500,350,15,-90,360,175.508932792607,-64.9402093430109,-1.07826687679858,-66.0184762198095,65.2628378652595,0.00455632912437044,NaN,1,1
45,44,573.413,509.339,20,critical_zone,22,omni,700,500,15,0,360,127.029467014547,-62.1323143521544,1.15968976310046,-60.9726245890539,175.780627907052,-0.311436979857764,NaN,1,1
45,44,573.413,509.339,20,critical_zone,23,omni,500,650,15,90,360,158.745032961665,-64.0682277414068,-1.7782215991978,-65.8464493406046,-62.4392959422633,0.258513747899648,NaN,1,1
46,45,565.585,515.561,20,critical_zone,0,omni,250,300,15,-141.34019174591,360,382.21124649335,-71.7002940730255,0.122654358324025,-71.5776397147015,34.3351119497091,-0.16143134622837,NaN,1,0
46,45,565.585,515.561,20,critical_zone,1,directional,250,350,15,-149.036243467926,120,356.411751975156,-71.0932651463446,-0.0246814108291073,-71.1179465571737,27.6822308873983,-0.00382403098250823,27.6784068564157,0,0
46,45,565.585,515.561,20,critical_zone,2,directional,250,450,15,-168.69006752598,120,322.361810619683,-70.2210965626799,-1.27627521471779,-71.4973717773977,11.7359425059324,-0.164343989629135,11.5715985163033,0,0
46,45,565.585,515.561,20,critical_zone,3,directional,250,550,15,168.69006752598,120,317.497932191692,-70.0890428573015,0.591486332749588,-69.4975565245519,-6.22790052967427,-0.177306326104456,-6.40520685577872,0,0
46,45,565.585,515.561,20,critical_zone,4,directional,250,650,15,149.036243467926,120,343.063750556657,-70.761721459132,-1.4263004640944,-72.1880219232264,-23.0739723041793,-0.0456293016611584,-23.1196016058404,0,0
46,45,565.585,515.561,20,critical_zone,5,omni,250,700,15,141.34019174591,360,365.563451326852,-71.313480212201,0.976494575867725,-70.3369856363333,-30.303520829403,0.039655372861228,NaN,1,0
46,45,565.585,515.561,20,critical_zone,6,directional,300,700,15,135,120,323.385430942707,-70.2486338405245,-1.37265761460353,-71.621291455128,-34.7785550411595,0.523305736958354,-34.2552493042011,0,0
46,45,565.585,515.561,20,critical_zone,7,directional,400,700,15,116.565051177078,120,247.913567490769,-67.9402307326494,0.176889965235612,-67.7633407674137,-48.0832505275918,0.315298948445601,-47.7679515791461,0,0
46,45,565.585,515.561,20,critical_zone,8,directional,600,700,15,63.434948822922,120,187.688936663832,-65.5229983114375,1.27659171204258,-64.2464065993949,-100.569436790986,-0.293942346948121,-100.863379137934,0,0
46,45,565.585,515.561,20,critical_zone,9,directional,700,700,15,45,120,228.276448513639,-67.2234469792204,-0.873825802046271,-68.0972727812667,-126.083725048136,0.0813412750592292,-126.002383773077,0,0
46,45,565.585,515.561,20,critical_zone,10,omni,750,700,15,38.6598082540901,360,260.867086743422,-68.3826105981142,-1.33790223527034,-69.7205128333845,-134.996271970193,-0.690618665583719,NaN,1,1
46,45,565.585,515.561,20,critical_zone,11,directional,750,650,15,30.9637565320735,120,228.271191669032,-67.223246954653,0.0779196619206547,-67.1453272927324,-143.907856699501,0.216748026541761,-143.69110867296,0,0
46,45,565.585,515.561,20,critical_zone,12,directional,750,550,15,11.3099324740202,120,187.669755011296,-65.5221105754088,0.600383164064903,-64.9217274113439,-169.422013255479,0.139426611438045,-169.282586644041,0,0
46,45,565.585,515.561,20,critical_zone,13,directional,750,450,15,-11.3099324740202,120,195.78594675308,-65.8898551446954,-0.50738242922319,-66.3972375739186,160.429295294736,0.123173863432416,160.552469158168,0,0
46,45,565.585,515.561,20,critical_zone,14,directional,750,350,15,-30.9637565320735,120,247.879682398538,-67.9390434547991,0.821496062528775,-67.1175473922703,138.0836725863,-0.276792099018829,137.806880487281,0,0
46,45,565.585,515.561,20,critical_zone,15,omni,750,300,15,-38.6598082540901,360,283.725989197324,-69.1122072109197,0.787787733868516,-68.3244194770512,130.547381685134,0.544348800121089,NaN,1,1
46,45,565.585,515.561,20,critical_zone,16,directional,700,300,15,-45,120,254.084507489142,-68.153788539246,0.771642733312181,-67.3821458059338,121.945973144145,0.566872192941451,122.512845337086,0,0
46,45,565.585,515.561,20,critical_zone,17,directional,600,300,15,-63.434948822922,120,218.34820115128,-66.8372172014869,-0.134249527715049,-66.9714667292019,99.0709007834402,0.419233734192958,99.4901345176331,0,0
46,45,565.585,515.561,20,critical_zone,18,directional,400,300,15,-116.565051177078,120,271.863820590383,-68.7412531519686,-0.279388649392335,-69.020641801361,52.470028040417,0.528335143206943,52.9983631836239,0,0
46,45,565.585,515.561,20,critical_zone,19,directional,300,300,15,-135,120,342.092000704489,-70.7370832141323,-0.422271887052412,-71.1593551011847,39.0643726983106,0.0409246280387299,39.1052973263493,0,0
46,45,565.585,515.561,20,critical_zone,20,omni,300,500,15,180,360,266.087461083757,-68.5547130272187,0.133238405390011,-68.4214746218287,3.35320696155662,0.143837943214566,NaN,1,1
46,45,565.585,515.561,20,critical_zone,21,omni,500,350,15,-90,360,178.148356562726,-65.0698612400995,0.12982685374014,-64.9400343863593,68.3896006322712,-0.519529088311579,NaN,1,1
46,45,565.585,515.561,20,critical_zone,22,omni,700,500,15,0,360,135.40508463865,-62.6869242938951,-1.15719299909499,-63.8441172929901,173.396359955176,-0.388621570241857,NaN,1,1
46,45,565.585,515.561,20,critical_zone,23,omni,500,650,15,90,360,149.667087049892,-63.5567509567684,0.576656854845354,-62.9800941019231,-63.9949328552382,0.77993667315293,NaN,1,1
47,46,560,520,20,critical_zone,0,omni,250,300,15,-141.34019174591,360,380.164438105407,-71.6536546147036,0.10634495086196,-71.5473096638417,35.3624618870691,0.664245020435333,NaN,1,0
47,46,560,520,20,critical_zone,1,directional,250,350,15,-149.036243467926,120,353.588744164743,-71.0241934664292,-0.713298008883594,-71.7374914753128,28.739795291688,0.427251971715809,29.1670472634038,0,0
47,46,560,520,20,critical_zone,2,directional,250,450,15,-168.69006752598,120,317.844301506256,-70.098513425379,0.102880378977998,-69.995633046401,12.7243556854224,0.395687376943351,13.1200430623657,0,0
47,46,560,520,20,critical_zone,3,directional,250,550,15,168.69006752598,120,311.48836254345,-69.9230613483526,0.238130458851489,-69.6849308895011,-5.52754015165617,0.21259508893535,-5.31494506272082,0,0
47,46,560,520,20,critical_zone,4,directional,250,650,15,149.036243467926,120,336.191909480285,-70.5859699912954,0.120351517163391,-70.465618474132,-22.7509763427876,0.57815847562124,-22.1728178671664,0,0
47,46,560,520,20,critical_zone,5,omni,250,700,15,141.34019174591,360,358.503835404867,-71.1441009596228,1.32211138868972,-69.8219895709331,-30.1413855520753,-0.455835846737521,NaN,1,1
47,46,560,520,20,critical_zone,6,directional,300,700,15,135,120,316.267292017369,-70.0553104347425,-0.937548678826726,-70.9928591135692,-34.695153531234,0.200545407832348,-34.4946081234016,0,0
47,46,560,520,20,critical_zone,7,directional,400,700,15,116.565051177078,120,240.883789408918,-67.6903763255117,-1.19761778404776,-68.8879941095594,-48.3664606634298,-0.237360458337962,-48.6038211217678,0,0
47,46,560,520,20,critical_zone,8,directional,600,700,15,63.434948822922,120,184.458667456967,-65.3722061729858,-1.2027853861607,-66.5749915591465,-102.528807709152,-0.903306354770659,-103.432114063922,0,0
47,46,560,520,20,critical_zone,9,directional,700,700,15,45,120,228.089894559141,-67.2163457230688,1.85135720597259,-65.3649885170962,-127.874983651098,-0.29091894337936,-128.165902594478,0,0
47,46,560,520,20,critical_zone,10,omni,750,700,15,38.6598082540901,360,261.772802254168,-68.4127152763475,0.0608486889119998,-68.3518665874355,-136.548157698978,1.16564903856832,NaN,1,1
47,46,560,520,20,critical_zone,11,directional,750,650,15,30.9637565320735,120,230.271578793389,-67.2990316061181,1.54251952577125,-65.7565120803468,-145.619655276155,-1.13141391554306,-146.751069191698,0,0
47,46,560,520,20,critical_zone,12,directional,750,550,15,11.3099324740202,120,192.418814048939,-65.7391755061646,-0.365049170680162,-66.1042246768447,-171.027373385104,-0.301715592457497,-171.329088977561,0,0
47,46,560,520,20,critical_zone,13,directional,750,450,15,-11.3099324740202,120,202.546291005291,-66.1847107314834,1.42400146036609,-64.7607092711173,159.775140568832,0.316857228433866,160.091997797266,0,0
47,46,560,520,20,critical_zone,14,directional,750,350,15,-30.9637565320735,120,255,-68.1850284429112,-0.592207695741086,-68.7772361386523,138.179830119864,0.208235767901668,138.388065887766,0,0
47,46,560,520,20,critical_zone,15,omni,750,300,15,-38.6598082540901,360,290.731835202133,-69.3240766286102,1.02627066614936,-68.2978059624608,130.815083874882,0.15069971159923,NaN,1,1
47,46,560,520,20,critical_zone,16,directional,700,300,15,-45,120,260.816027114899,-68.3809103387501,2.21455572498033,-66.1663546137698,122.471192290848,-0.159376256809982,122.311816034039,0,0
47,46,560,520,20,critical_zone,17,directional,600,300,15,-63.434948822922,120,223.66269246345,-67.0460958073146,0.604023692702172,-66.4420721146124,100.304846468766,-0.66522752821823,99.6396189405478,0,0
47,46,560,520,20,critical_zone,18,directional,400,300,15,-116.565051177078,120,272.075357208256,-68.7480089948455,-0.0431077947699103,-68.7911167896154,53.9726266148964,0.396208844177437,54.3688354590738,0,0
47,46,560,520,20,critical_zone,19,directional,300,300,15,-135,120,340.624426605022,-70.6997406051428,0.74236579235554,-69.9573748127872,40.2363583092738,-0.0967055277014874,40.1396527815723,0,0
47,46,560,520,20,critical_zone,20,omni,300,500,15,180,360,260.816027114899,-68.3809103387501,0.388542558176288,-67.9923677805738,4.39870535499553,0.0590826955006017,NaN,1,1
47,46,560,520,20,critical_zone,21,omni,500,350,15,-90,360,180.346887968714,-65.1763978865683,0.688951578577195,-64.4874463079911,70.5599651718238,0.544649008913564,NaN,1,1
47,46,560,520,20,critical_zone,22,omni,700,500,15,0,360,141.509716980849,-63.0699500817949,0.321035198124919,-62.74891488367,171.869897645844,0.663654198903166,NaN,1,1
47,46,560,520,20,critical_zone,23,omni,500,650,15,90,360,143.265487818944,-63.1770564921469,-0.735238330487284,-63.9122948226342,-65.2248594311681,0.681205120439103,NaN,1,1
48,47,560,520,20,critical_zone,0,omni,250,300,15,-141.34019174591,360,380.164438105407,-71.6536546147036,1.8772692930988,-69.7763853216048,35.3624618870691,-1.22081926974982,NaN,1,1
48,47,560,520,20,critical_zone,1,directional,250,350,15,-149.036243467926,120,353.588744164743,-71.0241934664292,-1.25330992584819,-72.2775033922773,28.739795291688,0.169984961965614,28.9097802536537,0,0
48,47,560,520,20,critical_zone,2,directional,250,450,15,-168.69006752598,120,317.844301506256,-70.098513425379,1.02502449283049,-69.0734889325485,12.7243556854224,-0.11476453480002,12.6095911506224,0,0
48,47,560,520,20,critical_zone,3,directional,250,550,15,168.69006752598,120,311.48836254345,-69.9230613483526,-0.067240677386468,-69.9903020257391,-5.52754015165617,-0.204820203917872,-5.73236035557403,0,0
48,47,560,520,20,critical_zone,4,directional,250,650,15,149.036243467926,120,336.191909480285,-70.5859699912954,-0.0774552959759825,-70.6634252872714,-22.7509763427876,-0.30405318644203,-23.0550295292297,0,0
48,47,560,520,20,critical_zone,5,omni,250,700,15,141.34019174591,360,358.503835404867,-71.1441009596228,1.22241542028257,-69.9216855393403,-30.1413855520753,0.386307222923231,NaN,1,1
48,47,560,520,20,critical_zone,6,directional,300,700,15,135,120,316.267292017369,-70.0553104347425,-0.866470326237933,-70.9217807609804,-34.695153531234,-0.056956065804008,-34.752109597038,0,0
48,47,560,520,20,critical_zone,7,directional,400,700,15,116.565051177078,120,240.883789408918,-67.6903763255117,-0.573697468953074,-68.2640737944647,-48.3664606634298,-0.634618721357806,-49.0010793847876,0,0
48,47,560,520,20,critical_zone,8,directional,600,700,15,63.434948822922,120,184.458667456967,-65.3722061729858,-0.408802935899957,-65.7810091088858,-102.528807709152,0.151113459158981,-102.377694249993,0,0
48,47,560,520,20,critical_zone,9,directional,700,700,15,45,120,228.089894559141,-67.2163457230688,-0.24212478575772,-67.4584705088265,-127.874983651098,0.17907248539633,-127.695911165702,0,0
48,47,560,520,20,critical_zone,10,omni,750,700,15,38.6598082540901,360,261.772802254168,-68.4127152763475,1.25760448201956,-67.1551107943279,-136.548157698978,-0.46679915443585,NaN,1,1
48,47,560,520,20,critical_zone,11,directional,750,650,15,30.9637565320735,120,230.271578793389,-67.2990316061181,0.552388205820891,-66.7466434002972,-145.619655276155,0.336314419435597,-145.28334085672,0,0
48,47,560,520,20,critical_zone,12,directional,750,550,15,11.3099324740202,120,192.418814048939,-65.7391755061646,-0.552094362289239,-66.2912698684538,-171.027373385104,0.0906466547475732,-170.936726730356,0,0
48,47,560,520,20,critical_zone,13,directional,750,450,15,-11.3099324740202,120,202.546291005291,-66.1847107314834,-0.543634391610587,-66.728345123094,159.775140568832,0.0228476333107815,159.797988202143,0,0
48,47,560,520,20,critical_zone,14,directional,750,350,15,-30.9637565320735,120,255,-68.1850284429112,2.49310819871899,-65.6919202441922,138.179830119864,-0.0205290033547715,138.159301116509,0,0
48,47,560,520,20,critical_zone,15,omni,750,300,15,-38.6598082540901,360,290.731835202133,-69.3240766286102,-0.661960646084758,-69.9860372746949,130.815083874882,0.190802256965572,NaN,1,1
48,47,560,520,20,critical_zone,16,directional,700,300,15,-45,120,260.816027114899,-68.3809103387501,-0.300690798049688,-68.6816011367998,122.471192290848,0.749675737406294,123.220868028255,0,0
48,47,560,520,20,critical_zone,17,directional,600,300,15,-63.434948822922,120,223.66269246345,-67.0460958073146,-0.508438990735831,-67.5545347980504,100.304846468766,0.0579229531126467,100.362769421879,0,0
48,47,560,520,20,critical_zone,18,directional,400,300,15,-116.565051177078,120,272.075357208256,-68.7480089948455,-0.12154140280892,-68.8695503976544,53.9726266148964,0.0733609348683203,54.0459875497647,0,0
48,47,560,520,20,critical_zone,19,directional,300,300,15,-135,120,340.624426605022,-70.6997406051428,-0.521466497716846,-71.2212071028596,40.2363583092738,0.880808239560797,41.1171665488346,0,0
48,47,560,520,20,critical_zone,20,omni,300,500,15,180,360,260.816027114899,-68.3809103387501,0.671379726065326,-67.7095306126848,4.39870535499553,0.272830663821859,NaN,1,1
48,47,560,520,20,critical_zone,21,omni,500,350,15,-90,360,180.346887968714,-65.1763978865683,-1.27629487648845,-66.4526927630568,70.5599651718238,-0.279382111023674,NaN,1,1
48,47,560,520,20,critical_zone,22,omni,700,500,15,0,360,141.509716980849,-63.0699500817949,0.948323097348728,-62.1216269844461,171.869897645844,-1.10547986403033,NaN,1,1
48,47,560,520,20,critical_zone,23,omni,500,650,15,90,360,143.265487818944,-63.1770564921469,-0.746355193571088,-63.923411685718,-65.2248594311681,-0.308316251029642,NaN,1,1
49,48,560,520,20,critical_zone,0,omni,250,300,15,-141.34019174591,360,380.164438105407,-71.6536546147036,0.55809431474395,-71.0955602999597,35.3624618870691,0.383920391292889,NaN,1,0
49,48,560,520,20,critical_zone,1,directional,250,350,15,-149.036243467926,120,353.588744164743,-71.0241934664292,-0.0412887338048009,-71.065482200234,28.739795291688,-0.256505735819187,28.4832895558689,0,0
49,48,560,520,20,critical_zone,2,directional,250,450,15,-168.69006752598,120,317.844301506256,-70.098513425379,-0.108986791833666,-70.2075002172126,12.7243556854224,-0.866093960752654,11.8582617246697,0,0
49,48,560,520,20,critical_zone,3,directional,250,550,15,168.69006752598,120,311.48836254345,-69.9230613483526,-0.479090323183492,-70.4021516715361,-5.52754015165617,0.106460958197513,-5.42107919345867,0,0
49,48,560,520,20,critical_zone,4,directional,250,650,15,149.036243467926,120,336.191909480285,-70.5859699912954,-0.407056622102187,-70.9930266133976,-22.7509763427876,-0.796078062735511,-23.5470544055231,0,0
49,48,560,520,20,critical_zone,5,omni,250,700,15,141.34019174591,360,358.503835404867,-71.1441009596228,0.205987559314824,-70.938113400308,-30.1413855520753,-0.41499644767158,NaN,1,0
49,48,560,520,20,critical_zone,6,directional,300,700,15,135,120,316.267292017369,-70.0553104347425,1.12267145698517,-68.9326389777573,-34.695153531234,0.532483947708473,-34.1626695835255,0,0
49,48,560,520,20,critical_zone,7,directional,400,700,15,116.565051177078,120,240.883789408918,-67.6903763255117,-0.384489249474005,-68.0748655749857,-48.3664606634298,0.496025729404965,-47.8704349340248,0,0
49,48,560,520,20,critical_zone,8,directional,600,700,15,63.434948822922,120,184.458667456967,-65.3722061729858,0.815481926960469,-64.5567242460254,-102.528807709152,-0.142516618578091,-102.67132432773,0,0
49,48,560,520,20,critical_zone,9,directional,700,700,15,45,120,228.089894559141,-67.2163457230688,1.23285492233666,-65.9834908007321,-127.874983651098,-0.084990116113923,-127.959973767212,0,0
49,48,560,520,20,critical_zone,10,omni,750,700,15,38.6598082540901,360,261.772802254168,-68.4127152763475,1.58873640002469,-66.8239788763228,-136.548157698978,0.391356573650161,NaN,1,1
49,48,560,520,20,critical_zone,11,directional,750,650,15,30.9637565320735,120,230.271578793389,-67.2990316061181,0.624731535916745,-66.6743000702013,-145.619655276155,0.107054011702342,-145.512601264453,0,0
49,48,560,520,20,critical_zone,12,directional,750,550,15,11.3099324740202,120,192.418814048939,-65.7391755061646,-0.064820861330872,-65.8039963674954,-171.027373385104,0.185713525740456,-170.841659859363,0,0
49,48,560,520,20,critical_zone,13,directional,750,450,15,-11.3099324740202,120,202.546291005291,-66.1847107314834,-0.748598420595828,-66.9333091520792,159.775140568832,0.548380878147828,160.32352144698,0,0
49,48,560,520,20,critical_zone,14,directional,750,350,15,-30.9637565320735,120,255,-68.1850284429112,-1.01966808380093,-69.2046965267122,138.179830119864,0.128078904466413,138.307909024331,0,0
49,48,560,520,20,critical_zone,15,omni,750,300,15,-38.6598082540901,360,290.731835202133,-69.3240766286102,-0.170107725903938,-69.4941843545141,130.815083874882,-0.348326781681069,NaN,1,1
49,48,560,520,20,critical_zone,16,directional,700,300,15,-45,120,260.816027114899,-68.3809103387501,1.73224755781539,-66.6486627809347,122.471192290848,0.299436802495471,122.770629093344,0,0
49,48,560,520,20,critical_zone,17,directional,600,300,15,-63.434948822922,120,223.66269246345,-67.0460958073146,-0.444449845582579,-67.4905456528972,100.304846468766,-0.739924727262616,99.5649217415034,0,0
49,48,560,520,20,critical_zone,18,directional,400,300,15,-116.565051177078,120,272.075357208256,-68.7480089948455,-0.0963628382954948,-68.844371833141,53.9726266148964,0.224205138808789,54.1968317537052,0,0
49,48,560,520,20,critical_zone,19,directional,300,300,15,-135,120,340.624426605022,-70.6997406051428,0.32009779394576,-70.379642811197,40.2363583092738,0.630046383834362,40.8664046931082,0,0
49,48,560,520,20,critical_zone,20,omni,300,500,15,180,360,260.816027114899,-68.3809103387501,-0.649856549996751,-69.0307668887468,4.39870535499553,0.250857320752495,NaN,1,1
49,48,560,520,20,critical_zone,21,omni,500,350,15,-90,360,180.346887968714,-65.1763978865683,0.593318335929961,-64.5830795506384,70.5599651718238,0.449980407078867,NaN,1,1
49,48,560,520,20,critical_zone,22,omni,700,500,15,0,360,141.509716980849,-63.0699500817949,-1.18367083757288,-64.2536209193677,171.869897645844,0.0394350752633643,NaN,1,1
49,48,560,520,20,critical_zone,23,omni,500,650,15,90,360,143.265487818944,-63.1770564921469,-1.68021665067173,-64.8572731428186,-65.2248594311681,-1.47679608234479,NaN,1,1
50,49,560,520,20,critical_zone,0,omni,250,300,15,-141.34019174591,360,380.164438105407,-71.6536546147036,0.499242904781418,-71.1544117099222,35.3624618870691,0.089795824000181,NaN,1,0
50,49,560,520,20,critical_zone,1,directional,250,350,15,-149.036243467926,120,353.588744164743,-71.0241934664292,-0.841488397926397,-71.8656818643556,28.739795291688,0.22303234160911,28.9628276332971,0,0
50,49,560,520,20,critical_zone,2,directional,250,450,15,-168.69006752598,120,317.844301506256,-70.098513425379,1.54471929749618,-68.5537941278828,12.7243556854224,0.606375664889765,13.3307313503121,0,0
50,49,560,520,20,critical_zone,3,directional,250,550,15,168.69006752598,120,311.48836254345,-69.9230613483526,-0.880301221710633,-70.8033625700633,-5.52754015165617,-0.874104436977891,-6.40164458863407,0,0
50,49,560,520,20,critical_zone,4,directional,250,650,15,149.036243467926,120,336.191909480285,-70.5859699912954,-0.0565119741096629,-70.6424819654051,-22.7509763427876,-0.0917340592886799,-22.8427104020763,0,0
50,49,560,520,20,critical_zone,5,omni,250,700,15,141.34019174591,360,358.503835404867,-71.1441009596228,-0.119843576122419,-71.2639445357453,-30.1413855520753,0.322336142219319,NaN,1,0
50,49,560,520,20,critical_zone,6,directional,300,700,15,135,120,316.267292017369,-70.0553104347425,-0.0156586384696203,-70.0709690732121,-34.695153531234,-0.24949310447125,-34.9446466357052,0,0
50,49,560,520,20,critical_zone,7,directional,400,700,15,116.565051177078,120,240.883789408918,-67.6903763255117,-0.864085834206935,-68.5544621597186,-48.3664606634298,-0.393986648420483,-48.7604473118503,0,0
50,49,560,520,20,critical_zone,8,directional,600,700,15,63.434948822922,120,184.458667456967,-65.3722061729858,-2.0026516441003,-67.3748578170861,-102.528807709152,0.334422248491186,-102.19438546066,0,0
50,49,560,520,20,critical_zone,9,directional,700,700,15,45,120,228.089894559141,-67.2163457230688,0.41030554952316,-66.8060401735456,-127.874983651098,-0.710123439965726,-128.585107091064,0,0
50,49,560,520,20,critical_zone,10,omni,750,700,15,38.6598082540901,360,261.772802254168,-68.4127152763475,0.0121623867934362,-68.400552889554,-136.548157698978,0.34069780580069,NaN,1,1
50,49,560,520,20,critical_zone,11,directional,750,650,15,30.9637565320735,120,230.271578793389,-67.2990316061181,-0.668768400684309,-67.9678000068024,-145.619655276155,0.0245363418967354,-145.595118934258,0,0
50,49,560,520,20,critical_zone,12,directional,750,550,15,11.3099324740202,120,192.418814048939,-65.7391755061646,-0.777121696541093,-66.5162972027057,-171.027373385104,-0.138862588598343,-171.166235973702,0,0
50,49,560,520,20,critical_zone,13,directional,750,450,15,-11.3099324740202,120,202.546291005291,-66.1847107314834,-0.662098579798491,-66.8468093112819,159.775140568832,-0.0958649273478558,159.679275641484,0,0
50,49,560,520,20,critical_zone,14,directional,750,350,15,-30.9637565320735,120,255,-68.1850284429112,-1.42623431463433,-69.6112627575456,138.179830119864,-0.722369679230605,137.457460440634,0,0
50,49,560,520,20,critical_zone,15,omni,750,300,15,-38.6598082540901,360,290.731835202133,-69.3240766286102,0.531968135134697,-68.7921084934755,130.815083874882,0.269679360836052,NaN,1,1
50,49,560,520,20,critical_zone,16,directional,700,300,15,-45,120,260.816027114899,-68.3809103387501,-0.132713737345079,-68.5136240760952,122.471192290848,0.477782695597606,122.948974986446,0,0
50,49,560,520,20,critical_zone,17,directional,600,300,15,-63.434948822922,120,223.66269246345,-67.0460958073146,0.982530735572865,-66.0635650717417,100.304846468766,1.13578766714569,101.440634135912,0,0
50,49,560,520,20,critical_zone,18,directional,400,300,15,-116.565051177078,120,272.075357208256,-68.7480089948455,-0.0231190577942075,-68.7711280526397,53.9726266148964,-0.232090579552307,53.7405360353441,0,0
50,49,560,520,20,critical_zone,19,directional,300,300,15,-135,120,340.624426605022,-70.6997406051428,-0.808961864568886,-71.5087024697117,40.2363583092738,-0.86619545606975,39.3701628532041,0,0
50,49,560,520,20,critical_zone,20,omni,300,500,15,180,360,260.816027114899,-68.3809103387501,0.221204432513454,-68.1597059062366,4.39870535499553,-0.525052701947325,NaN,1,1
50,49,560,520,20,critical_zone,21,omni,500,350,15,-90,360,180.346887968714,-65.1763978865683,-0.236785460606118,-65.4131833471745,70.5599651718238,0.0603329694930171,NaN,1,1
50,49,560,520,20,critical_zone,22,omni,700,500,15,0,360,141.509716980849,-63.0699500817949,-0.0536965114093147,-63.1236465932042,171.869897645844,0.489463347632487,NaN,1,1
50,49,560,520,20,critical_zone,23,omni,500,650,15,90,360,143.265487818944,-63.1770564921469,1.351830939253,-61.8252255528939,-65.2248594311681,-1.05694056162721,NaN,1,1
51,50,560,520,20,critical_zone,0,omni,250,300,15,-141.34019174591,360,380.164438105407,-71.6536546147036,-0.177319775045962,-71.8309743897496,35.3624618870691,1.37334969487446,NaN,1,0
51,50,560,520,20,critical_zone,1,directional,250,350,15,-149.036243467926,120,353.588744164743,-71.0241934664292,1.65145816813315,-69.372735298296,28.739795291688,-0.873650701180925,27.8661445905071,0,0
51,50,560,520,20,critical_zone,2,directional,250,450,15,-168.69006752598,120,317.844301506256,-70.098513425379,-2.70291088038987,-72.8014243057688,12.7243556854224,-0.593363814283978,12.1309918711384,0,0
51,50,560,520,20,critical_zone,3,directional,250,550,15,168.69006752598,120,311.48836254345,-69.9230613483526,0.32775084626279,-69.5953105020898,-5.52754015165617,-0.0865044973477098,-5.61404464900389,0,0
51,50,560,520,20,critical_zone,4,directional,250,650,15,149.036243467926,120,336.191909480285,-70.5859699912954,-1.24212367898318,-71.8280936702786,-22.7509763427876,-0.520246583390267,-23.2712229261779,0,0
51,50,560,520,20,critical_zone,5,omni,250,700,15,141.34019174591,360,358.503835404867,-71.1441009596228,-0.0277008597970296,-71.1718018194199,-30.1413855520753,-1.12593791198719,NaN,1,0
51,50,560,520,20,critical_zone,6,directional,300,700,15,135,120,316.267292017369,-70.0553104347425,-0.887398319026523,-70.942708753769,-34.695153531234,-0.211311102044016,-34.906464633278,0,0
51,50,560,520,20,critical_zone,7,directional,400,700,15,116.565051177078,120,240.883789408918,-67.6903763255117,1.57236798517015,-66.1180083403415,-48.3664606634298,-0.565432294954282,-48.9318929583841,0,0
51,50,560,520,20,critical_zone,8,directional,600,700,15,63.434948822922,120,184.458667456967,-65.3722061729858,-0.487925296582723,-65.8601314695686,-102.528807709152,-0.458313959384293,-102.987121668536,0,0
51,50,560,520,20,critical_zone,9,directional,700,700,15,45,120,228.089894559141,-67.2163457230688,0.282772988951439,-66.9335727341173,-127.874983651098,0.196294490274522,-127.678689160824,0,0
51,50,560,520,20,critical_zone,10,omni,750,700,15,38.6598082540901,360,261.772802254168,-68.4127152763475,-1.15419071343841,-69.5669059897859,-136.548157698978,0.0698815331442366,NaN,1,1
51,50,560,520,20,critical_zone,11,directional,750,650,15,30.9637565320735,120,230.271578793389,-67.2990316061181,-1.22682593702209,-68.5258575431402,-145.619655276155,0.290887957813813,-145.328767318341,0,0
51,50,560,520,20,critical_zone,12,directional,750,550,15,11.3099324740202,120,192.418814048939,-65.7391755061646,0.367587974265464,-65.3715875318991,-171.027373385104,0.352330285088424,-170.675043100015,0,0
51,50,560,520,20,critical_zone,13,directional,750,450,15,-11.3099324740202,120,202.546291005291,-66.1847107314834,-1.92894437804521,-68.1136551095286,159.775140568832,0.0241842385105497,159.799324807342,0,0
51,50,560,520,20,critical_zone,14,directional,750,350,15,-30.9637565320735,120,255,-68.1850284429112,0.326960403245863,-67.8580680396654,138.179830119864,0.441066281445251,138.620896401309,0,0
51,50,560,520,20,critical_zone,15,omni,750,300,15,-38.6598082540901,360,290.731835202133,-69.3240766286102,-1.7655237418552,-71.0896003704654,130.815083874882,0.681191026576128,NaN,1,0
51,50,560,520,20,critical_zone,16,directional,700,300,15,-45,120,260.816027114899,-68.3809103387501,-1.36339931785707,-69.7443096566072,122.471192290848,-0.15410728738379,122.317085003465,0,0
51,50,560,520,20,critical_zone,17,directional,600,300,15,-63.434948822922,120,223.66269246345,-67.0460958073146,1.84020973576677,-65.2058860715478,100.304846468766,-0.545374006191665,99.7594724625744,0,0
51,50,560,520,20,critical_zone,18,directional,400,300,15,-116.565051177078,120,272.075357208256,-68.7480089948455,0.646002113462581,-68.1020068813829,53.9726266148964,0.462223667709645,54.434850282606,0,0
51,50,560,520,20,critical_zone,19,directional,300,300,15,-135,120,340.624426605022,-70.6997406051428,0.630144259579661,-70.0695963455631,40.2363583092738,0.361124596839967,40.5974829061138,0,0
51,50,560,520,20,critical_zone,20,omni,300,500,15,180,360,260.816027114899,-68.3809103387501,0.385714516148216,-67.9951958226019,4.39870535499553,-0.5875709256439,NaN,1,1
51,50,560,520,20,critical_zone,21,omni,500,350,15,-90,360,180.346887968714,-65.1763978865683,1.6577293679784,-63.5186685185899,70.5599651718238,0.718406518692298,NaN,1,1
51,50,560,520,20,critical_zone,22,omni,700,500,15,0,360,141.509716980849,-63.0699500817949,1.35478359674956,-61.7151664850453,171.869897645844,0.0671924164079216,NaN,1,1
51,50,560,520,20,critical_zone,23,omni,500,650,15,90,360,143.265487818944,-63.1770564921469,0.312495691399187,-62.8645608007477,-65.2248594311681,-0.128246595801709,NaN,1,1
52,51,560,520,20,critical_zone,0,omni,250,300,15,-141.34019174591,360,380.164438105407,-71.6536546147036,0.608218149336008,-71.0454364653676,35.3624618870691,0.164287750494296,NaN,1,0
52,51,560,520,20,critical_zone,1,directional,250,350,15,-149.036243467926,120,353.588744164743,-71.0241934664292,1.12002398614429,-69.9041694802849,28.739795291688,0.30495518717458,29.0447504788626,0,0
52,51,560,520,20,critical_zone,2,directional,250,450,15,-168.69006752598,120,317.844301506256,-70.098513425379,0.567393896001566,-69.5311195293774,12.7243556854224,-0.498970443463189,12.2253852419592,0,0
52,51,560,520,20,critical_zone,3,directional,250,550,15,168.69006752598,120,311.48836254345,-69.9230613483526,-1.90999144452927,-71.8330527928819,-5.52754015165617,0.387578962639502,-5.13996118901667,0,0
52,51,560,520,20,critical_zone,4,directional,250,650,15,149.036243467926,120,336.191909480285,-70.5859699912954,0.173508300110556,-70.4124616911849,-22.7509763427876,-0.213421783144968,-22.9643981259326,0,0
52,51,560,520,20,critical_zone,5,omni,250,700,15,141.34019174591,360,358.503835404867,-71.1441009596228,-0.961531021784212,-72.1056319814071,-30.1413855520753,0.033827549184048,NaN,1,0
52,51,560,520,20,critical_zone,6,directional,300,700,15,135,120,316.267292017369,-70.0553104347425,-0.171968778485216,-70.2272792132277,-34.695153531234,-0.648483549354787,-35.3436370805888,0,0
52,51,560,520,20,critical_zone,7,directional,400,700,15,116.565051177078,120,240.883789408918,-67.6903763255117,-0.524702829804985,-68.2150791553166,-48.3664606634298,-0.537828161670032,-48.9042888250999,0,0
52,51,560,520,20,critical_zone,8,directional,600,700,15,63.434948822922,120,184.458667456967,-65.3722061729858,1.08648664755983,-64.285719525426,-102.528807709152,0.273439365864747,-102.255368343287,0,0
52,51,560,520,20,critical_zone,9,directional,700,700,15,45,120,228.089894559141,-67.2163457230688,0.415215838116753,-66.801129884952,-127.874983651098,-0.473940316960748,-128.348923968059,0,0
52,51,560,520,20,critical_zone,10,omni,750,700,15,38.6598082540901,360,261.772802254168,-68.4127152763475,0.403205314973178,-68.0095099613743,-136.548157698978,-0.216414377144169,NaN,1,1
52,51,560,520,20,critical_zone,11,directional,750,650,15,30.9637565320735,120,230.271578793389,-67.2990316061181,-1.26933183382136,-68.5683634399395,-145.619655276155,0.0591806085435047,-145.560474667612,0,0
52,51,560,520,20,critical_zone,12,directional,750,550,15,11.3099324740202,120,192.418814048939,-65.7391755061646,-0.314778548247736,-66.0539540544123,-171.027373385104,0.332838535639797,-170.694534849464,0,0
52,51,560,520,20,critical_zone,13,directional,750,450,15,-11.3099324740202,120,202.546291005291,-66.1847107314834,1.46252819671387,-64.7221825347695,159.775140568832,0.422737621792733,160.197878190625,0,0
52,51,560,520,20,critical_zone,14,directional,750,350,15,-30.9637565320735,120,255,-68.1850284429112,-0.778775450482649,-68.9638038933939,138.179830119864,0.139097549260365,138.318927669125,0,0
52,51,560,520,20,critical_zone,15,omni,750,300,15,-38.6598082540901,360,290.731835202133,-69.3240766286102,0.0821764785304651,-69.2419001500797,130.815083874882,0.281609204969902,NaN,1,1
52,51,560,520,20,critical_zone,16,directional,700,300,15,-45,120,260.816027114899,-68.3809103387501,0.690188992713831,-67.6907213460363,122.471192290848,0.0994198499484205,122.570612140797,0,0
52,51,560,520,20,critical_zone,17,directional,600,300,15,-63.434948822922,120,223.66269246345,-67.0460958073146,1.93299131291309,-65.1131044944015,100.304846468766,-0.78050414891185,99.5243423198542,0,0
52,51,560,520,20,critical_zone,18,directional,400,300,15,-116.565051177078,120,272.075357208256,-68.7480089948455,-0.79049652704828,-69.5385055218938,53.9726266148964,0.0967853615799993,54.0694119764764,0,0
52,51,560,520,20,critical_zone,19,directional,300,300,15,-135,120,340.624426605022,-70.6997406051428,-1.15717463762326,-71.856915242766,40.2363583092738,0.692411272814943,40.9287695820888,0,0
52,51,560,520,20,critical_zone,20,omni,300,500,15,180,360,260.816027114899,-68.3809103387501,0.469396716854228,-67.9115136218958,4.39870535499553,0.0384114680819428,NaN,1,1
52,51,560,520,20,critical_zone,21,omni,500,350,15,-90,360,180.346887968714,-65.1763978865683,1.33404131773103,-63.8423565688373,70.5599651718238,-0.189323904902333,NaN,1,1
52,51,560,520,20,critical_zone,22,omni,700,500,15,0,360,141.509716980849,-63.0699500817949,-1.42458381615255,-64.4945338979474,171.869897645844,-0.569791553767243,NaN,1,1
52,51,560,520,20,critical_zone,23,omni,500,650,15,90,360,143.265487818944,-63.1770564921469,-1.10980714962408,-64.286863641771,-65.2248594311681,-0.48312048560358,NaN,1,1
53,52,560,520,20,critical_zone,0,omni,250,300,15,-141.34019174591,360,380.164438105407,-71.6536546147036,1.59626966050664,-70.057384954197,35.3624618870691,0.0315337483381023,NaN,1,0
53,52,560,520,20,critical_zone,1,directional,250,350,15,-149.036243467926,120,353.588744164743,-71.0241934664292,1.4464494666593,-69.5777439997699,28.739795291688,-0.245381666228701,28.4944136254593,0,0
53,52,560,520,20,critical_zone,2,directional,250,450,15,-168.69006752598,120,317.844301506256,-70.098513425379,0.144129932559988,-69.954383492819,12.7243556854224,0.218707868290816,12.9430635537132,0,0
53,52,560,520,20,critical_zone,3,directional,250,550,15,168.69006752598,120,311.48836254345,-69.9230613483526,-1.22267034470076,-71.1457316930534,-5.52754015165617,-0.407710405049241,-5.93525055670543,0,0
53,52,560,520,20,critical_zone,4,directional,250,650,15,149.036243467926,120,336.191909480285,-70.5859699912954,-1.17623146767237,-71.7622014589678,-22.7509763427876,-0.342237573039723,-23.0932139158274,0,0
53,52,560,520,20,critical_zone,5,omni,250,700,15,141.34019174591,360,358.503835404867,-71.1441009596228,-1.58228033227948,-72.7263812919023,-30.1413855520753,-0.480874200843579,NaN,1,0
53,52,560,520,20,critical_zone,6,directional,300,700,15,135,120,316.267292017369,-70.0553104347425,0.621464606675127,-69.4338458280673,-34.695153531234,0.483548197608275,-34.2116053336257,0,0
53,52,560,520,20,critical_zone,7,directional,400,700,15,116.565051177078,120,240.883789408918,-67.6903763255117,0.869197629183206,-66.8211786963285,-48.3664606634298,-0.89270877792179,-49.2591694413516,0,0
53,52,560,520,20,critical_zone,8,directional,600,700,15,63.434948822922,120,184.458667456967,-65.3722061729858,0.316365992400201,-65.0558401805856,-102.528807709152,-0.022275251997923,-102.551082961149,0,0
53,52,560,520,20,critical_zone,9,directional,700,700,15,45,120,228.089894559141,-67.2163457230688,0.177930155412256,-67.0384155676565,-127.874983651098,-0.0645484280207928,-127.939532079119,0,0
53,52,560,520,20,critical_zone,10,omni,750,700,15,38.6598082540901,360,261.772802254168,-68.4127152763475,-0.16982838529612,-68.5825436616436,-136.548157698978,-0.208590878940002,NaN,1,1
53,52,560,520,20,critical_zone,11,directional,750,650,15,30.9637565320735,120,230.271578793389,-67.2990316061181,0.286673757213079,-67.012357848905,-145.619655276155,-0.370328106435392,-145.989983382591,0,0
53,52,560,520,20,critical_zone,12,directional,750,550,15,11.3099324740202,120,192.418814048939,-65.7391755061646,-0.233917515616736,-65.9730930217813,-171.027373385104,-0.489614619647617,-171.516988004751,0,0
53,52,560,520,20,critical_zone,13,directional,750,450,15,-11.3099324740202,120,202.546291005291,-66.1847107314834,-0.512555045292293,-66.6972657767757,159.775140568832,-0.329187987152886,159.445952581679,0,0
53,52,560,520,20,critical_zone,14,directional,750,350,15,-30.9637565320735,120,255,-68.1850284429112,0.622785062735308,-67.5622433801759,138.179830119864,-0.637398316055567,137.542431803809,0,0
53,52,560,520,20,critical_zone,15,omni,750,300,15,-38.6598082540901,360,290.731835202133,-69.3240766286102,0.346266149144214,-68.977810479466,130.815083874882,-0.461535435514846,NaN,1,1
53,52,560,520,20,critical_zone,16,directional,700,300,15,-45,120,260.816027114899,-68.3809103387501,-0.640938140310813,-69.0218484790609,122.471192290848,0.546598285190204,123.017790576039,0,0
53,52,560,520,20,critical_zone,17,directional,600,300,15,-63.434948822922,120,223.66269246345,-67.0460958073146,0.946111166843387,-66.0999846404712,100.304846468766,0.397010122287292,100.701856591053,0,0
53,52,560,520,20,critical_zone,18,directional,400,300,15,-116.565051177078,120,272.075357208256,-68.7480089948455,0.269493977319979,-68.4785150175255,53.9726266148964,-0.323685198377728,53.6489414165187,0,0
53,52,560,520,20,critical_zone,19,directional,300,300,15,-135,120,340.624426605022,-70.6997406051428,-0.821829854380872,-71.5215704595236,40.2363583092738,0.0565069518162266,40.29286526109,0,0
53,52,560,520,20,critical_zone,20,omni,300,500,15,180,360,260.816027114899,-68.3809103387501,-1.47271249271521,-69.8536228314653,4.39870535499553,0.686801691182767,NaN,1,1
53,52,560,520,20,critical_zone,21,omni,500,350,15,-90,360,180.346887968714,-65.1763978865683,-0.087423975658464,-65.2638218622268,70.5599651718238,-0.151993074155401,NaN,1,1
53,52,560,520,20,critical_zone,22,omni,700,500,15,0,360,141.509716980849,-63.0699500817949,0.435876757877758,-62.6340733239171,171.869897645844,-0.420757174205601,NaN,1,1
53,52,560,520,20,critical_zone,23,omni,500,650,15,90,360,143.265487818944,-63.1770564921469,2.08440482751626,-61.0926516646306,-65.2248594311681,-0.112263979927967,NaN,1,1
54,53,560,520,20,critical_zone,0,omni,250,300,15,-141.34019174591,360,380.164438105407,-71.6536546147036,-1.63074548568641,-73.28440010039,35.3624618870691,0.100642038901821,NaN,1,0
54,53,560,520,20,critical_zone,1,directional,250,350,15,-149.036243467926,120,353.588744164743,-71.0241934664292,-0.396661526342116,-71.4208549927713,28.739795291688,-0.136150354205718,28.6036449374823,0,0
54,53,560,520,20,critical_zone,2,directional,250,450,15,-168.69006752598,120,317.844301506256,-70.098513425379,0.754729030100622,-69.3437843952783,12.7243556854224,-0.19051157049163,12.5338441149307,0,0
54,53,560,520,20,critical_zone,3,directional,250,550,15,168.69006752598,120,311.48836254345,-69.9230613483526,0.212512905429272,-69.7105484429234,-5.52754015165617,-0.523534316263684,-6.05107446791985,0,0
54,53,560,520,20,critical_zone,4,directional,250,650,15,149.036243467926,120,336.191909480285,-70.5859699912954,-0.789992545561748,-71.3759625368572,-22.7509763427876,0.0182547776278769,-22.7327215651597,0,0
54,53,560,520,20,critical_zone,5,omni,250,700,15,141.34019174591,360,358.503835404867,-71.1441009596228,-2.10376338295576,-73.2478643425786,-30.1413855520753,-0.449021532117365,NaN,1,0
54,53,560,520,20,critical_zone,6,directional,300,700,15,135,120,316.267292017369,-70.0553104347425,-0.808265256999029,-70.8635756917415,-34.695153531234,-1.10649863715521,-35.8016521683892,0,0
54,53,560,520,20,critical_zone,7,directional,400,700,15,116.565051177078,120,240.883789408918,-67.6903763255117,1.27708711203184,-66.4132892134798,-48.3664606634298,0.562403257290253,-47.8040574061395,0,0
54,53,560,520,20,critical_zone,8,directional,600,700,15,63.434948822922,120,184.458667456967,-65.3722061729858,0.158965333355158,-65.2132408396307,-102.528807709152,-0.135643823921335,-102.664451533073,0,0
54,53,560,520,20,critical_zone,9,directional,700,700,15,45,120,228.089894559141,-67.2163457230688,0.0273230099648776,-67.1890227131039,-127.874983651098,0.884349271780531,-126.990634379318,0,0
54,53,560,520,20,critical_zone,10,omni,750,700,15,38.6598082540901,360,261.772802254168,-68.4127152763475,-0.323536648072443,-68.7362519244199,-136.548157698978,-0.0780700000120855,NaN,1,1
54,53,560,520,20,critical_zone,11,directional,750,650,15,30.9637565320735,120,230.271578793389,-67.2990316061181,1.09479411800433,-66.2042374881138,-145.619655276155,-0.212171931452843,-145.831827207608,0,0
54,53,560,520,20,critical_zone,12,directional,750,550,15,11.3099324740202,120,192.418814048939,-65.7391755061646,-0.993045424267083,-66.7322209304317,-171.027373385104,1.35395583385887,-169.673417551245,0,0
54,53,560,520,20,critical_zone,13,directional,750,450,15,-11.3099324740202,120,202.546291005291,-66.1847107314834,-1.03547666241921,-67.2201873939026,159.775140568832,0.496197075994157,160.271337644826,0,0
54,53,560,520,20,critical_zone,14,directional,750,350,15,-30.9637565320735,120,255,-68.1850284429112,0.339904726241543,-67.8451237166697,138.179830119864,-0.0358131069826411,138.144017012882,0,0
54,53,560,520,20,critical_zone,15,omni,750,300,15,-38.6598082540901,360,290.731835202133,-69.3240766286102,-1.11011719007345,-70.4341938186836,130.815083874882,0.0526997672903081,NaN,1,0
54,53,560,520,20,critical_zone,16,directional,700,300,15,-45,120,260.816027114899,-68.3809103387501,0.0716613840128099,-68.3092489547373,122.471192290848,0.127621816529392,122.598814107378,0,0
54,53,560,520,20,critical_zone,17,directional,600,300,15,-63.434948822922,120,223.66269246345,-67.0460958073146,0.844820131041421,-66.2012756762732,100.304846468766,0.311085429323051,100.615931898089,0,0
54,53,560,520,20,critical_zone,18,directional,400,300,15,-116.565051177078,120,272.075357208256,-68.7480089948455,0.852084122541794,-67.8959248723037,53.9726266148964,0.102387234821336,54.0750138497177,0,0
54,53,560,520,20,critical_zone,19,directional,300,300,15,-135,120,340.624426605022,-70.6997406051428,0.0441549642545239,-70.6555856408883,40.2363583092738,-0.125656238648873,40.1107020706249,0,0
54,53,560,520,20,critical_zone,20,omni,300,500,15,180,360,260.816027114899,-68.3809103387501,-0.103316290828435,-68.4842266295785,4.39870535499553,0.288959396541127,NaN,1,1
54,53,560,520,20,critical_zone,21,omni,500,350,15,-90,360,180.346887968714,-65.1763978865683,0.381193505887834,-64.7952043806805,70.5599651718238,0.41285033578484,NaN,1,1
54,53,560,520,20,critical_zone,22,omni,700,500,15,0,360,141.509716980849,-63.0699500817949,-0.320100033164889,-63.3900501149598,171.869897645844,0.564113320810675,NaN,1,1
54,53,560,520,20,critical_zone,23,omni,500,650,15,90,360,143.265487818944,-63.1770564921469,-1.19455667845485,-64.3716131706018,-65.2248594311681,-0.158635116568017,NaN,1,1
55,54,560,520,20,critical_zone,0,omni,250,300,15,-141.34019174591,360,380.164438105407,-71.6536546147036,-0.603033911698269,-72.2566885264019,35.3624618870691,-0.511569869885754,NaN,1,0
55,54,560,520,20,critical_zone,1,directional,250,350,15,-149.036243467926,120,353.588744164743,-71.0241934664292,-0.0379709421367965,-71.0621644085659,28.739795291688,0.438265936656374,29.1780612283444,0,0
55,54,560,520,20,critical_zone,2,directional,250,450,15,-168.69006752598,120,317.844301506256,-70.098513425379,-0.344167816809958,-70.4426812421889,12.7243556854224,-0.0404316184281479,12.6839240669942,0,0
55,54,560,520,20,critical_zone,3,directional,250,550,15,168.69006752598,120,311.48836254345,-69.9230613483526,-0.904304373306165,-70.8273657216588,-5.52754015165617,0.578406667824588,-4.94913348383159,0,0
55,54,560,520,20,critical_zone,4,directional,250,650,15,149.036243467926,120,336.191909480285,-70.5859699912954,-0.362325064603871,-70.9482950558993,-22.7509763427876,0.0599722055436567,-22.691004137244,0,0
55,54,560,520,20,critical_zone,5,omni,250,700,15,141.34019174591,360,358.503835404867,-71.1441009596228,-0.521545724259182,-71.665646683882,-30.1413855520753,-0.396196286673709,NaN,1,0
55,54,560,520,20,critical_zone,6,directional,300,700,15,135,120,316.267292017369,-70.0553104347425,-0.0881940831871836,-70.1435045179297,-34.695153531234,0.420038982915746,-34.2751145483182,0,0
55,54,560,520,20,critical_zone,7,directional,400,700,15,116.565051177078,120,240.883789408918,-67.6903763255117,-0.613589660040641,-68.3039659855523,-48.3664606634298,-0.31821506105472,-48.6846757244845,0,0
55,54,560,520,20,critical_zone,8,directional,600,700,15,63.434948822922,120,184.458667456967,-65.3722061729858,0.0209722580910323,-65.3512339148948,-102.528807709152,0.95437647313493,-101.574431236017,0,0
55,54,560,520,20,critical_zone,9,directional,700,700,15,45,120,228.089894559141,-67.2163457230688,-0.518778579892551,-67.7351243029613,-127.874983651098,0.0567453606389699,-127.818238290459,0,0
55,54,560,520,20,critical_zone,10,omni,750,700,15,38.6598082540901,360,261.772802254168,-68.4127152763475,-0.933906904775837,-69.3466221811233,-136.548157698978,0.345810476764683,NaN,1,1
55,54,560,520,20,critical_zone,11,directional,750,650,15,30.9637565320735,120,230.271578793389,-67.2990316061181,0.396621954910019,-66.9024096512081,-145.619655276155,-0.432134849512989,-146.051790125668,0,0
55,54,560,520,20,critical_zone,12,directional,750,550,15,11.3099324740202,120,192.418814048939,-65.7391755061646,-0.968864755058216,-66.7080402612228,-171.027373385104,0.096087559136185,-170.931285825967,0,0
55,54,560,520,20,critical_zone,13,directional,750,450,15,-11.3099324740202,120,202.546291005291,-66.1847107314834,-0.0405648846515835,-66.225275616135,159.775140568832,-0.0754971539298257,159.699643414902,0,0
55,54,560,520,20,critical_zone,14,directional,750,350,15,-30.9637565320735,120,255,-68.1850284429112,-0.635817775803981,-68.8208462187152,138.179830119864,0.192834142256394,138.372664262121,0,0
55,54,560,520,20,critical_zone,15,omni,750,300,15,-38.6598082540901,360,290.731835202133,-69.3240766286102,1.02575811718601,-68.2983185114242,130.815083874882,-0.407435970621835,NaN,1,1
55,54,560,520,20,critical_zone,16,directional,700,300,15,-45,120,260.816027114899,-68.3809103387501,-0.00669623137710525,-68.3876065701272,122.471192290848,0.312566214475173,122.783758505324,0,0
55,54,560,520,20,critical_zone,17,directional,600,300,15,-63.434948822922,120,223.66269246345,-67.0460958073146,0.501620235462298,-66.5444755718523,100.304846468766,0.0411797176308571,100.346026186397,0,0
55,54,560,520,20,critical_zone,18,directional,400,300,15,-116.565051177078,120,272.075357208256,-68.7480089948455,0.325621182252046,-68.4223878125934,53.9726266148964,-0.725238374814519,53.2473882400819,0,0
55,54,560,520,20,critical_zone,19,directional,300,300,15,-135,120,340.624426605022,-70.6997406051428,0.153495918376385,-70.5462446867664,40.2363583092738,-0.131264200879619,40.1050941083942,0,0
55,54,560,520,20,critical_zone,20,omni,300,500,15,180,360,260.816027114899,-68.3809103387501,-0.50767969188416,-68.8885900306342,4.39870535499553,-0.316853202813776,NaN,1,1
55,54,560,520,20,critical_zone,21,omni,500,350,15,-90,360,180.346887968714,-65.1763978865683,-1.49794375361956,-66.6743416401879,70.5599651718238,0.877064187214468,NaN,1,1
55,54,560,520,20,critical_zone,22,omni,700,500,15,0,360,141.509716980849,-63.0699500817949,0.398540910564989,-62.6714091712299,171.869897645844,0.218208079865908,NaN,1,1
55,54,560,520,20,critical_zone,23,omni,500,650,15,90,360,143.265487818944,-63.1770564921469,-1.87319941981727,-65.0502559119642,-65.2248594311681,-0.406376994098317,NaN,1,1
56,55,560,520,20,critical_zone,0,omni,250,300,15,-141.34019174591,360,380.164438105407,-71.6536546147036,-1.50343761892755,-73.1570922336312,35.3624618870691,1.21593093840782,NaN,1,0
56,55,560,520,20,critical_zone,1,directional,250,350,15,-149.036243467926,120,353.588744164743,-71.0241934664292,0.894426569703593,-70.1297668967256,28.739795291688,0.728967543888088,29.4687628355761,0,0
56,55,560,520,20,critical_zone,2,directional,250,450,15,-168.69006752598,120,317.844301506256,-70.098513425379,2.08227620993146,-68.0162372154475,12.7243556854224,-0.637559736980559,12.0867959484418,0,0
56,55,560,520,20,critical_zone,3,directional,250,550,15,168.69006752598,120,311.48836254345,-69.9230613483526,0.343974558932181,-69.5790867894205,-5.52754015165617,0.241245279468361,-5.28629487218782,0,0
56,55,560,520,20,critical_zone,4,directional,250,650,15,149.036243467926,120,336.191909480285,-70.5859699912954,-0.784371400710455,-71.3703413920059,-22.7509763427876,0.0444877578144152,-22.7064885849732,0,0
56,55,560,520,20,critical_zone,5,omni,250,700,15,141.34019174591,360,358.503835404867,-71.1441009596228,-0.95416480825348,-72.0982657678763,-30.1413855520753,-0.030603700738223,NaN,1,0
56,55,560,520,20,critical_zone,6,directional,300,700,15,135,120,316.267292017369,-70.0553104347425,-0.0188015184801356,-70.0741119532226,-34.695153531234,0.206789801389154,-34.4883637298448,0,0
56,55,560,520,20,critical_zone,7,directional,400,700,15,116.565051177078,120,240.883789408918,-67.6903763255117,-0.620454504013316,-68.310830829525,-48.3664606634298,0.985061711235166,-47.3813989521946,0,0
56,55,560,520,20,critical_zone,8,directional,600,700,15,63.434948822922,120,184.458667456967,-65.3722061729858,0.797142495017901,-64.5750636779679,-102.528807709152,-0.451084304436554,-102.979892013588,0,0
56,55,560,520,20,critical_zone,9,directional,700,700,15,45,120,228.089894559141,-67.2163457230688,-0.327101935318204,-67.543447658387,-127.874983651098,0.186840333552314,-127.688143317546,0,0
56,55,560,520,20,critical_zone,10,omni,750,700,15,38.6598082540901,360,261.772802254168,-68.4127152763475,0.379395942895012,-68.0333193334525,-136.548157698978,0.494401050998181,NaN,1,1
56,55,560,520,20,critical_zone,11,directional,750,650,15,30.9637565320735,120,230.271578793389,-67.2990316061181,0.317437835487364,-66.9815937706307,-145.619655276155,-0.414836804458642,-146.034492080614,0,0
56,55,560,520,20,critical_zone,12,directional,750,550,15,11.3099324740202,120,192.418814048939,-65.7391755061646,0.166511247475641,-65.5726642586889,-171.027373385104,-0.434313020219846,-171.461686405323,0,0
56,55,560,520,20,critical_zone,13,directional,750,450,15,-11.3099324740202,120,202.546291005291,-66.1847107314834,-0.619010030625762,-66.8037207621092,159.775140568832,0.516750111224424,160.291890680056,0,0
56,55,560,520,20,critical_zone,14,directional,750,350,15,-30.9637565320735,120,255,-68.1850284429112,1.06057679562318,-67.1244516472881,138.179830119864,0.500279611285737,138.68010973115,0,0
56,55,560,520,20,critical_zone,15,omni,750,300,15,-38.6598082540901,360,290.731835202133,-69.3240766286102,-1.06952333172481,-70.393599960335,130.815083874882,1.03325617943825,NaN,1,0
56,55,560,520,20,critical_zone,16,directional,700,300,15,-45,120,260.816027114899,-68.3809103387501,-0.714071161185896,-69.094981499936,122.471192290848,-0.465166145961311,122.006026144887,0,0
56,55,560,520,20,critical_zone,17,directional,600,300,15,-63.434948822922,120,223.66269246345,-67.0460958073146,2.37900930524443,-64.6670865020702,100.304846468766,-0.762496445329975,99.542350023436,0,0
56,55,560,520,20,critical_zone,18,directional,400,300,15,-116.565051177078,120,272.075357208256,-68.7480089948455,-1.77699018638454,-70.52499918123,53.9726266148964,-0.445732782114496,53.5268938327819,0,0
56,55,560,520,20,critical_zone,19,directional,300,300,15,-135,120,340.624426605022,-70.6997406051428,1.34637308133422,-69.3533675238086,40.2363583092738,0.500260734979471,40.7366190442533,0,0
56,55,560,520,20,critical_zone,20,omni,300,500,15,180,360,260.816027114899,-68.3809103387501,0.233890464376675,-68.1470198743734,4.39870535499553,-0.597299334306836,NaN,1,1
56,55,560,520,20,critical_zone,21,omni,500,350,15,-90,360,180.346887968714,-65.1763978865683,-0.687807767653577,-65.8642056542219,70.5599651718238,0.51324644221087,NaN,1,1
56,55,560,520,20,critical_zone,22,omni,700,500,15,0,360,141.509716980849,-63.0699500817949,0.800586183362504,-62.2693638984324,171.869897645844,-0.300721726270708,NaN,1,1
56,55,560,520,20,critical_zone,23,omni,500,650,15,90,360,143.265487818944,-63.1770564921469,1.9330986418198,-61.2439578503271,-65.2248594311681,0.282228307297643,NaN,1,1
57,56,560,520,20,critical_zone,0,omni,250,300,15,-141.34019174591,360,380.164438105407,-71.6536546147036,0.827374810987142,-70.8262798037165,35.3624618870691,0.223581539780791,NaN,1,0
57,56,560,520,20,critical_zone,1,directional,250,350,15,-149.036243467926,120,353.588744164743,-71.0241934664292,0.916640438404868,-70.1075530280243,28.739795291688,0.670649964679992,29.410445256368,0,0
57,56,560,520,20,critical_zone,2,directional,250,450,15,-168.69006752598,120,317.844301506256,-70.098513425379,1.4202761127971,-68.6782373125819,12.7243556854224,-0.534973347820967,12.1893823376014,0,0
57,56,560,520,20,critical_zone,3,directional,250,550,15,168.69006752598,120,311.48836254345,-69.9230613483526,-0.286571486576136,-70.2096328349288,-5.52754015165617,-0.968170955604434,-6.4957111072606,0,0
57,56,560,520,20,critical_zone,4,directional,250,650,15,149.036243467926,120,336.191909480285,-70.5859699912954,-0.68444912571585,-71.2704191170113,-22.7509763427876,-0.621388969401466,-23.3723653121891,0,0
57,56,560,520,20,critical_zone,5,omni,250,700,15,141.34019174591,360,358.503835404867,-71.1441009596228,0.687492187353911,-70.4566087722689,-30.1413855520753,0.533533500416917,NaN,1,0
57,56,560,520,20,critical_zone,6,directional,300,700,15,135,120,316.267292017369,-70.0553104347425,0.452304681699567,-69.6030057530429,-34.695153531234,-0.71478927582754,-35.4099428070615,0,0
57,56,560,520,20,critical_zone,7,directional,400,700,15,116.565051177078,120,240.883789408918,-67.6903763255117,0.240759846764157,-67.4496164787475,-48.3664606634298,-0.423833015486659,-48.7902936789165,0,0
57,56,560,520,20,critical_zone,8,directional,600,700,15,63.434948822922,120,184.458667456967,-65.3722061729858,0.0149614829233395,-65.3572446900625,-102.528807709152,0.554347715549248,-101.974459993602,0,0
57,56,560,520,20,critical_zone,9,directional,700,700,15,45,120,228.089894559141,-67.2163457230688,-0.720144833940982,-67.9364905570097,-127.874983651098,1.08739942363772,-126.78758422746,0,0
57,56,560,520,20,critical_zone,10,omni,750,700,15,38.6598082540901,360,261.772802254168,-68.4127152763475,1.18948179898701,-67.2232334773605,-136.548157698978,-0.0768380732949379,NaN,1,1
57,56,560,520,20,critical_zone,11,directional,750,650,15,30.9637565320735,120,230.271578793389,-67.2990316061181,-0.832553357811539,-68.1315849639296,-145.619655276155,0.194977900509769,-145.424677375645,0,0
57,56,560,520,20,critical_zone,12,directional,750,550,15,11.3099324740202,120,192.418814048939,-65.7391755061646,1.7246938066696,-64.014481699495,-171.027373385104,-0.753441910104318,-171.780815295208,0,0
57,56,560,520,20,critical_zone,13,directional,750,450,15,-11.3099324740202,120,202.546291005291,-66.1847107314834,1.64957117215048,-64.5351395593329,159.775140568832,0.396831887062899,160.171972455895,0,0
57,56,560,520,20,critical_zone,14,directional,750,350,15,-30.9637565320735,120,255,-68.1850284429112,0.657802412153559,-67.5272260307577,138.179830119864,-0.196191169319073,137.983638950545,0,0
57,56,560,520,20,critical_zone,15,omni,750,300,15,-38.6598082540901,360,290.731835202133,-69.3240766286102,0.0360341557668662,-69.2880424728433,130.815083874882,-0.977448905079312,NaN,1,1
57,56,560,520,20,critical_zone,16,directional,700,300,15,-45,120,260.816027114899,-68.3809103387501,0.228406129168634,-68.1525042095815,122.471192290848,0.372824928188687,122.844017219037,0,0
57,56,560,520,20,critical_zone,17,directional,600,300,15,-63.434948822922,120,223.66269246345,-67.0460958073146,1.29486884445778,-65.7512269628568,100.304846468766,0.291197994199664,100.596044462966,0,0
57,56,560,520,20,critical_zone,18,directional,400,300,15,-116.565051177078,120,272.075357208256,-68.7480089948455,-0.541486936602868,-69.2894959314484,53.9726266148964,0.400553900590254,54.3731805154866,0,0
57,56,560,520,20,critical_zone,19,directional,300,300,15,-135,120,340.624426605022,-70.6997406051428,-0.45882831244698,-71.1585689175898,40.2363583092738,0.208462133878678,40.4448204431525,0,0
57,56,560,520,20,critical_zone,20,omni,300,500,15,180,360,260.816027114899,-68.3809103387501,-1.28443216895977,-69.6653425077099,4.39870535499553,0.556462736260584,NaN,1,1
57,56,560,520,20,critical_zone,21,omni,500,350,15,-90,360,180.346887968714,-65.1763978865683,0.919579957409908,-64.2568179291584,70.5599651718238,-0.657540600501519,NaN,1,1
57,56,560,520,20,critical_zone,22,omni,700,500,15,0,360,141.509716980849,-63.0699500817949,-0.862592278985936,-63.9325423607808,171.869897645844,-0.198964835162586,NaN,1,1
57,56,560,520,20,critical_zone,23,omni,500,650,15,90,360,143.265487818944,-63.1770564921469,1.1606887687385,-62.0163677234084,-65.2248594311681,0.565723892873408,NaN,1,1
58,57,560,520,20,critical_zone,0,omni,250,300,15,-141.34019174591,360,380.164438105407,-71.6536546147036,-0.257882241342129,-71.9115368560458,35.3624618870691,-1.15754876045614,NaN,1,0
58,57,560,520,20,critical_zone,1,directional,250,350,15,-149.036243467926,120,353.588744164743,-71.0241934664292,1.29243764050125,-69.7317558259279,28.739795291688,0.100310958606464,28.8401062502945,0,0
58,57,560,520,20,critical_zone,2,directional,250,450,15,-168.69006752598,120,317.844301506256,-70.098513425379,0.8555811840268,-69.2429322413522,12.7243556854224,0.0200838000589265,12.7444394854813,0,0
58,57,560,520,20,critical_zone,3,directional,250,550,15,168.69006752598,120,311.48836254345,-69.9230613483526,1.67252363565598,-68.2505377126967,-5.52754015165617,0.531649030871301,-4.99589112078488,0,0
58,57,560,520,20,critical_zone,4,directional,250,650,15,149.036243467926,120,336.191909480285,-70.5859699912954,-0.148308952596119,-70.7342789438916,-22.7509763427876,-0.132910286828985,-22.8838866296166,0,0
58,57,560,520,20,critical_zone,5,omni,250,700,15,141.34019174591,360,358.503835404867,-71.1441009596228,0.55619916243866,-70.5879017971842,-30.1413855520753,-0.229546945217949,NaN,1,0
58,57,560,520,20,critical_zone,6,directional,300,700,15,135,120,316.267292017369,-70.0553104347425,-1.38604932467953,-71.441359759422,-34.695153531234,-0.057513184316084,-34.75266671555,0,0
58,57,560,520,20,critical_zone,7,directional,400,700,15,116.565051177078,120,240.883789408918,-67.6903763255117,-0.392904610388724,-68.0832809359004,-48.3664606634298,0.488263593527195,-47.8781970699026,0,0
58,57,560,520,20,critical_zone,8,directional,600,700,15,63.434948822922,120,184.458667456967,-65.3722061729858,0.568350376064466,-64.8038557969214,-102.528807709152,-0.610129727582449,-103.138937436734,0,0
58,57,560,520,20,critical_zone,9,directional,700,700,15,45,120,228.089894559141,-67.2163457230688,0.670579765072225,-66.5457659579966,-127.874983651098,-0.0243740514744999,-127.899357702573,0,0
58,57,560,520,20,critical_zone,10,omni,750,700,15,38.6598082540901,360,261.772802254168,-68.4127152763475,1.34384137115693,-67.0688739051906,-136.548157698978,0.179108210278361,NaN,1,1
58,57,560,520,20,critical_zone,11,directional,750,650,15,30.9637565320735,120,230.271578793389,-67.2990316061181,0.802986142780207,-66.4960454633379,-145.619655276155,-0.436284573025635,-146.055939849181,0,0
58,57,560,520,20,critical_zone,12,directional,750,550,15,11.3099324740202,120,192.418814048939,-65.7391755061646,0.527381042503865,-65.2117944636607,-171.027373385104,0.604575526709035,-170.422797858395,0,0
58,57,560,520,20,critical_zone,13,directional,750,450,15,-11.3099324740202,120,202.546291005291,-66.1847107314834,0.206354411563196,-65.9783563199202,159.775140568832,-0.0331251057313801,159.742015463101,0,0
58,57,560,520,20,critical_zone,14,directional,750,350,15,-30.9637565320735,120,255,-68.1850284429112,0.353268467893057,-67.8317599750182,138.179830119864,0.541283668672983,138.721113788537,0,0
58,57,560,520,20,critical_zone,15,omni,750,300,15,-38.6598082540901,360,290.731835202133,-69.3240766286102,-0.925029125080283,-70.2491057536905,130.815083874882,0.419690562950191,NaN,1,0
58,57,560,520,20,critical_zone,16,directional,700,300,15,-45,120,260.816027114899,-68.3809103387501,-0.318247492584081,-68.6991578313342,122.471192290848,-0.532557454883685,121.938634835965,0,0
58,57,560,520,20,critical_zone,17,directional,600,300,15,-63.434948822922,120,223.66269246345,-67.0460958073146,-0.246407260302073,-67.2925030676167,100.304846468766,-0.399598351454272,99.9052481173118,0,0
58,57,560,520,20,critical_zone,18,directional,400,300,15,-116.565051177078,120,272.075357208256,-68.7480089948455,-0.999587088743693,-69.7475960835892,53.9726266148964,0.313005382271473,54.2856319971679,0,0
58,57,560,520,20,critical_zone,19,directional,300,300,15,-135,120,340.624426605022,-70.6997406051428,-0.566682028418785,-71.2664226335616,40.2363583092738,0.883107785141264,41.1194660944151,0,0
58,57,560,520,20,critical_zone,20,omni,300,500,15,180,360,260.816027114899,-68.3809103387501,-0.150367576791695,-68.5312779155418,4.39870535499553,-0.397878354841876,NaN,1,1
58,57,560,520,20,critical_zone,21,omni,500,350,15,-90,360,180.346887968714,-65.1763978865683,-0.366681179683175,-65.5430790662515,70.5599651718238,0.407259169156043,NaN,1,1
58,57,560,520,20,critical_zone,22,omni,700,500,15,0,360,141.509716980849,-63.0699500817949,-1.28236156502812,-64.352311646823,171.869897645844,0.945082994908809,NaN,1,1
58,57,560,520,20,critical_zone,23,omni,500,650,15,90,360,143.265487818944,-63.1770564921469,-1.63710840451739,-64.8141648966643,-65.2248594311681,0.0549001243044175,NaN,1,1
59,58,560,520,20,critical_zone,0,omni,250,300,15,-141.34019174591,360,380.164438105407,-71.6536546147036,-0.661636184596521,-72.3152907993002,35.3624618870691,0.489600816662286,NaN,1,0
59,58,560,520,20,critical_zone,1,directional,250,350,15,-149.036243467926,120,353.588744164743,-71.0241934664292,-0.542017055994862,-71.566210522424,28.739795291688,-0.313530361390902,28.4262649302972,0,0
59,58,560,520,20,critical_zone,2,directional,250,450,15,-168.69006752598,120,317.844301506256,-70.098513425379,2.02759745374384,-68.0709159716351,12.7243556854224,0.773368012710721,13.4977236981331,0,0
59,58,560,520,20,critical_zone,3,directional,250,550,15,168.69006752598,120,311.48836254345,-69.9230613483526,0.450419814919636,-69.472641533433,-5.52754015165617,0.426349422018604,-5.10119072963758,0,0
59,58,560,520,20,critical_zone,4,directional,250,650,15,149.036243467926,120,336.191909480285,-70.5859699912954,-0.518855099522424,-71.1048250908179,-22.7509763427876,0.157821946385934,-22.5931543964017,0,0
59,58,560,520,20,critical_zone,5,omni,250,700,15,141.34019174591,360,358.503835404867,-71.1441009596228,0.589614740046825,-70.554486219576,-30.1413855520753,1.38576966920079,NaN,1,0
59,58,560,520,20,critical_zone,6,directional,300,700,15,135,120,316.267292017369,-70.0553104347425,1.78840667547105,-68.2669037592714,-34.695153531234,0.750143753964734,-33.9450097772692,0,0
59,58,560,520,20,critical_zone,7,directional,400,700,15,116.565051177078,120,240.883789408918,-67.6903763255117,0.674748183978294,-67.0156281415334,-48.3664606634298,-0.775761144076981,-49.1422218075068,0,0
59,58,560,520,20,critical_zone,8,directional,600,700,15,63.434948822922,120,184.458667456967,-65.3722061729858,0.0461623558772704,-65.3260438171086,-102.528807709152,-0.133840969150632,-102.662648678302,0,0
59,58,560,520,20,critical_zone,9,directional,700,700,15,45,120,228.089894559141,-67.2163457230688,-1.4148997062974,-68.6312454293662,-127.874983651098,0.288959952027186,-127.586023699071,0,0
59,58,560,520,20,critical_zone,10,omni,750,700,15,38.6598082540901,360,261.772802254168,-68.4127152763475,1.01981419515439,-67.3929010811931,-136.548157698978,0.0309344485663215,NaN,1,1
59,58,560,520,20,critical_zone,11,directional,750,650,15,30.9637565320735,120,230.271578793389,-67.2990316061181,-1.86123159447334,-69.1602632005914,-145.619655276155,-0.270052543132046,-145.889707819287,0,0
59,58,560,520,20,critical_zone,12,directional,750,550,15,11.3099324740202,120,192.418814048939,-65.7391755061646,-0.686089630554946,-66.4252651367195,-171.027373385104,-0.430216397102439,-171.457589782206,0,0
59,58,560,520,20,critical_zone,13,directional,750,450,15,-11.3099324740202,120,202.546291005291,-66.1847107314834,-0.857029167829579,-67.041739899313,159.775140568832,-0.582650544399635,159.192490024432,0,0
59,58,560,520,20,critical_zone,14,directional,750,350,15,-30.9637565320735,120,255,-68.1850284429112,-1.11048862558911,-69.2955170685003,138.179830119864,-0.427435479777239,137.752394640087,0,0
59,58,560,520,20,critical_zone,15,omni,750,300,15,-38.6598082540901,360,290.731835202133,-69.3240766286102,-0.400887071891893,-69.7249637005021,130.815083874882,-0.186283400810896,NaN,1,1
59,58,560,520,20,critical_zone,16,directional,700,300,15,-45,120,260.816027114899,-68.3809103387501,0.700934167204457,-67.6799761715456,122.471192290848,0.315460788167955,122.786653079016,0,0
59,58,560,520,20,critical_zone,17,directional,600,300,15,-63.434948822922,120,223.66269246345,-67.0460958073146,-0.702625499498048,-67.7487213068127,100.304846468766,-0.364191574690676,99.9406548940754,0,0
59,58,560,520,20,critical_zone,18,directional,400,300,15,-116.565051177078,120,272.075357208256,-68.7480089948455,0.451381120323353,-68.2966278745221,53.9726266148964,0.957915921452505,54.9305425363489,0,0
59,58,560,520,20,critical_zone,19,directional,300,300,15,-135,120,340.624426605022,-70.6997406051428,0.111497694137549,-70.5882429110052,40.2363583092738,-0.452019550147163,39.7843387591267,0,0
59,58,560,520,20,critical_zone,20,omni,300,500,15,180,360,260.816027114899,-68.3809103387501,-0.260973901903339,-68.6418842406534,4.39870535499553,0.0034611424734841,NaN,1,1
59,58,560,520,20,critical_zone,21,omni,500,350,15,-90,360,180.346887968714,-65.1763978865683,-0.0563318697762405,-65.2327297563446,70.5599651718238,0.581988972408992,NaN,1,1
59,58,560,520,20,critical_zone,22,omni,700,500,15,0,360,141.509716980849,-63.0699500817949,0.635099933927681,-62.4348501478672,171.869897645844,0.679505367428323,NaN,1,1
59,58,560,520,20,critical_zone,23,omni,500,650,15,90,360,143.265487818944,-63.1770564921469,1.16145639427647,-62.0156000978704,-65.2248594311681,0.505106951540768,NaN,1,1
60,59,560,520,20,critical_zone,0,omni,250,300,15,-141.34019174591,360,380.164438105407,-71.6536546147036,0.939681352228304,-70.7139732624753,35.3624618870691,0.515642327344505,NaN,1,0
60,59,560,520,20,critical_zone,1,directional,250,350,15,-149.036243467926,120,353.588744164743,-71.0241934664292,0.364949214170842,-70.6592442522583,28.739795291688,-0.26386454318862,28.4759307484994,0,0
60,59,560,520,20,critical_zone,2,directional,250,450,15,-168.69006752598,120,317.844301506256,-70.098513425379,1.04633712639562,-69.0521762989833,12.7243556854224,-0.0642976586388245,12.6600580267835,0,0
60,59,560,520,20,critical_zone,3,directional,250,550,15,168.69006752598,120,311.48836254345,-69.9230613483526,-0.377381722024921,-70.3004430703776,-5.52754015165617,0.121785906926351,-5.40575424472982,0,0
60,59,560,520,20,critical_zone,4,directional,250,650,15,149.036243467926,120,336.191909480285,-70.5859699912954,0.297641934199975,-70.2883280570955,-22.7509763427876,0.504350195719824,-22.2466261470678,0,0
60,59,560,520,20,critical_zone,5,omni,250,700,15,141.34019174591,360,358.503835404867,-71.1441009596228,0.696614710779874,-70.447486248843,-30.1413855520753,0.313907166729775,NaN,1,0
60,59,560,520,20,critical_zone,6,directional,300,700,15,135,120,316.267292017369,-70.0553104347425,2.12637545754204,-67.9289349772004,-34.695153531234,-0.198294307738576,-34.8934478389725,0,0
60,59,560,520,20,critical_zone,7,directional,400,700,15,116.565051177078,120,240.883789408918,-67.6903763255117,0.800436751578608,-66.8899395739331,-48.3664606634298,0.531124879995646,-47.8353357834342,0,0
60,59,560,520,20,critical_zone,8,directional,600,700,15,63.434948822922,120,184.458667456967,-65.3722061729858,1.61099978943971,-63.7612063835461,-102.528807709152,-0.238477000571163,-102.767284709723,0,0
60,59,560,520,20,critical_zone,9,directional,700,700,15,45,120,228.089894559141,-67.2163457230688,1.41832458223621,-65.7980211408326,-127.874983651098,0.0427048702304075,-127.832278780868,0,0
60,59,560,520,20,critical_zone,10,omni,750,700,15,38.6598082540901,360,261.772802254168,-68.4127152763475,-0.208327078114436,-68.6210423544619,-136.548157698978,-0.215964820538377,NaN,1,1
60,59,560,520,20,critical_zone,11,directional,750,650,15,30.9637565320735,120,230.271578793389,-67.2990316061181,0.66238736475644,-66.6366442413617,-145.619655276155,0.188641835695122,-145.43101344046,0,0
60,59,560,520,20,critical_zone,12,directional,750,550,15,11.3099324740202,120,192.418814048939,-65.7391755061646,0.338770369621626,-65.4004051365429,-171.027373385104,-0.756791186359489,-171.784164571463,0,0
60,59,560,520,20,critical_zone,13,directional,750,450,15,-11.3099324740202,120,202.546291005291,-66.1847107314834,1.12188822360193,-65.0628225078815,159.775140568832,-0.26843659191047,159.506703976921,0,0
60,59,560,520,20,critical_zone,14,directional,750,350,15,-30.9637565320735,120,255,-68.1850284429112,0.357956396376314,-67.8270720465349,138.179830119864,0.0444064093743325,138.224236529239,0,0
60,59,560,520,20,critical_zone,15,omni,750,300,15,-38.6598082540901,360,290.731835202133,-69.3240766286102,-0.302601526591973,-69.6266781552022,130.815083874882,-0.0360047141392532,NaN,1,1
60,59,560,520,20,critical_zone,16,directional,700,300,15,-45,120,260.816027114899,-68.3809103387501,-1.22027901990334,-69.6011893586534,122.471192290848,-0.0742934198229167,122.396898871026,0,0
60,59,560,520,20,critical_zone,17,directional,600,300,15,-63.434948822922,120,223.66269246345,-67.0460958073146,-0.928734065910025,-67.9748298732246,100.304846468766,-0.575458093826528,99.7293883749395,0,0
60,59,560,520,20,critical_zone,18,directional,400,300,15,-116.565051177078,120,272.075357208256,-68.7480089948455,1.01105373408685,-67.7369552607586,53.9726266148964,0.402410853570051,54.3750374684664,0,0
60,59,560,520,20,critical_zone,19,directional,300,300,15,-135,120,340.624426605022,-70.6997406051428,-0.185811395984353,-70.8855520011271,40.2363583092738,-0.252530269113541,39.9838280401603,0,0
60,59,560,520,20,critical_zone,20,omni,300,500,15,180,360,260.816027114899,-68.3809103387501,0.0341614070911241,-68.346748931659,4.39870535499553,-0.152754776924617,NaN,1,1
60,59,560,520,20,critical_zone,21,omni,500,350,15,-90,360,180.346887968714,-65.1763978865683,1.42905510062808,-63.7473427859403,70.5599651718238,0.0635285123563262,NaN,1,1
60,59,560,520,20,critical_zone,22,omni,700,500,15,0,360,141.509716980849,-63.0699500817949,-0.613034064879695,-63.6829841466746,171.869897645844,0.908887493518092,NaN,1,1
60,59,560,520,20,critical_zone,23,omni,500,650,15,90,360,143.265487818944,-63.1770564921469,0.280825801469399,-62.8962306906775,-65.2248594311681,-0.732756142568407,NaN,1,1
61,60,560,520,20,critical_zone,0,omni,250,300,15,-141.34019174591,360,380.164438105407,-71.6536546147036,-0.392708034832336,-72.046362649536,35.3624618870691,-1.12218984608382,NaN,1,0
61,60,560,520,20,critical_zone,1,directional,250,350,15,-149.036243467926,120,353.588744164743,-71.0241934664292,0.942761230859248,-70.0814322355699,28.739795291688,-0.0373799150055539,28.7024153766825,0,0
61,60,560,520,20,critical_zone,2,directional,250,450,15,-168.69006752598,120,317.844301506256,-70.098513425379,-0.368907043582413,-70.4674204689614,12.7243556854224,0.202010314558869,12.9263659999812,0,0
61,60,560,520,20,critical_zone,3,directional,250,550,15,168.69006752598,120,311.48836254345,-69.9230613483526,-0.545974462839311,-70.4690358111919,-5.52754015165617,0.114349361997756,-5.41319078965842,0,0
61,60,560,520,20,critical_zone,4,directional,250,650,15,149.036243467926,120,336.191909480285,-70.5859699912954,-0.765793823728972,-71.3517638150244,-22.7509763427876,0.470491470838588,-22.2804848719491,0,0
61,60,560,520,20,critical_zone,5,omni,250,700,15,141.34019174591,360,358.503835404867,-71.1441009596228,0.849366868275481,-70.2947340913474,-30.1413855520753,-0.543178615382008,NaN,1,0
61,60,560,520,20,critical_zone,6,directional,300,700,15,135,120,316.267292017369,-70.0553104347425,-2.22535475886525,-72.2806651936077,-34.695153531234,0.638726950414046,-34.0564265808199,0,0
61,60,560,520,20,critical_zone,7,directional,400,700,15,116.565051177078,120,240.883789408918,-67.6903763255117,0.629432233801912,-67.0609440917098,-48.3664606634298,-0.579936667672142,-48.9463973311019,0,0
61,60,560,520,20,critical_zone,8,directional,600,700,15,63.434948822922,120,184.458667456967,-65.3722061729858,-0.159744482418161,-65.531950655404,-102.528807709152,-1.03282201167581,-103.561629720827,0,0
61,60,560,520,20,critical_zone,9,directional,700,700,15,45,120,228.089894559141,-67.2163457230688,0.261387396164716,-66.954958326904,-127.874983651098,0.566090859378787,-127.308892791719,0,0
61,60,560,520,20,critical_zone,10,omni,750,700,15,38.6598082540901,360,261.772802254168,-68.4127152763475,-2.22536139699209,-70.6380766733396,-136.548157698978,-0.296214579733512,NaN,1,0
61,60,560,520,20,critical_zone,11,directional,750,650,15,30.9637565320735,120,230.271578793389,-67.2990316061181,0.19686288988615,-67.1021687162319,-145.619655276155,-0.16649849588275,-145.786153772038,0,0
61,60,560,520,20,critical_zone,12,directional,750,550,15,11.3099324740202,120,192.418814048939,-65.7391755061646,-0.14113674098489,-65.8803122471495,-171.027373385104,-0.130288499129825,-171.157661884233,0,0
61,60,560,520,20,critical_zone,13,directional,750,450,15,-11.3099324740202,120,202.546291005291,-66.1847107314834,1.03608340063002,-65.1486273308534,159.775140568832,-0.0970854115356677,159.678055157296,0,0
61,60,560,520,20,critical_zone,14,directional,750,350,15,-30.9637565320735,120,255,-68.1850284429112,-1.91541026644618,-70.1004387093574,138.179830119864,-0.157845753232268,138.021984366632,0,0
61,60,560,520,20,critical_zone,15,omni,750,300,15,-38.6598082540901,360,290.731835202133,-69.3240766286102,-1.2972792490193,-70.6213558776295,130.815083874882,0.391746690039449,NaN,1,0
61,60,560,520,20,critical_zone,16,directional,700,300,15,-45,120,260.816027114899,-68.3809103387501,0.178584956907585,-68.2023253818425,122.471192290848,0.833421442129048,123.304613732978,0,0
61,60,560,520,20,critical_zone,17,directional,600,300,15,-63.434948822922,120,223.66269246345,-67.0460958073146,-0.238705279984431,-67.284801087299,100.304846468766,-0.493134831222173,99.8117116375439,0,0
61,60,560,520,20,critical_zone,18,directional,400,300,15,-116.565051177078,120,272.075357208256,-68.7480089948455,1.17212862214126,-67.5758803727042,53.9726266148964,-1.07426848830184,52.8983581265946,0,0
61,60,560,520,20,critical_zone,19,directional,300,300,15,-135,120,340.624426605022,-70.6997406051428,-0.207430947417206,-70.90717155256,40.2363583092738,-0.322873424483918,39.9134848847899,0,0
61,60,560,520,20,critical_zone,20,omni,300,500,15,180,360,260.816027114899,-68.3809103387501,-0.715740716490503,-69.0966510552406,4.39870535499553,0.079859549603348,NaN,1,1
61,60,560,520,20,critical_zone,21,omni,500,350,15,-90,360,180.346887968714,-65.1763978865683,-0.528650466082003,-65.7050483526503,70.5599651718238,-0.713056061796505,NaN,1,1
61,60,560,520,20,critical_zone,22,omni,700,500,15,0,360,141.509716980849,-63.0699500817949,0.192593292602726,-62.8773567891921,171.869897645844,0.382861206509923,NaN,1,1
61,60,560,520,20,critical_zone,23,omni,500,650,15,90,360,143.265487818944,-63.1770564921469,0.914868907242655,-62.2621875849042,-65.2248594311681,0.0743780946149689,NaN,1,1
62,61,560,520,20,critical_zone,0,omni,250,300,15,-141.34019174591,360,380.164438105407,-71.6536546147036,-0.88705377325342,-72.5407083879571,35.3624618870691,-0.156805192946388,NaN,1,0
62,61,560,520,20,critical_zone,1,directional,250,350,15,-149.036243467926,120,353.588744164743,-71.0241934664292,1.10519025122291,-69.9190032152062,28.739795291688,0.0846308849121429,28.8244261766002,0,0
62,61,560,520,20,critical_zone,2,directional,250,450,15,-168.69006752598,120,317.844301506256,-70.098513425379,0.124706630310758,-69.9738067950682,12.7243556854224,-0.244458154653331,12.4798975307691,0,0
62,61,560,520,20,critical_zone,3,directional,250,550,15,168.69006752598,120,311.48836254345,-69.9230613483526,-0.883436701115676,-70.8064980494683,-5.52754015165617,0.311111903829441,-5.21642824782674,0,0
62,61,560,520,20,critical_zone,4,directional,250,650,15,149.036243467926,120,336.191909480285,-70.5859699912954,1.04409649805272,-69.5418734932427,-22.7509763427876,-0.925403356110588,-23.6763796988982,0,0
62,61,560,520,20,critical_zone,5,omni,250,700,15,141.34019174591,360,358.503835404867,-71.1441009596228,1.48909199650502,-69.6550089631178,-30.1413855520753,-0.410732464767263,NaN,1,1
62,61,560,520,20,critical_zone,6,directional,300,700,15,135,120,316.267292017369,-70.0553104347425,0.183092363252333,-69.8722180714901,-34.695153531234,-0.170111923051906,-34.8652654542859,0,0
62,61,560,520,20,critical_zone,7,directional,400,700,15,116.565051177078,120,240.883789408918,-67.6903763255117,0.663218289807897,-67.0271580357038,-48.3664606634298,0.445017342051818,-47.921443321378,0,0
62,61,560,520,20,critical_zone,8,directional,600,700,15,63.434948822922,120,184.458667456967,-65.3722061729858,0.833460555055025,-64.5387456179308,-102.528807709152,0.09191699448157,-102.43689071467,0,0
62,61,560,520,20,critical_zone,9,directional,700,700,15,45,120,228.089894559141,-67.2163457230688,0.543743176028627,-66.6726025470401,-127.874983651098,-0.241052872928213,-128.116036524026,0,0
62,61,560,520,20,critical_zone,10,omni,750,700,15,38.6598082540901,360,261.772802254168,-68.4127152763475,-0.819809752323407,-69.2325250286709,-136.548157698978,-1.19112412432644,NaN,1,1
62,61,560,520,20,critical_zone,11,directional,750,650,15,30.9637565320735,120,230.271578793389,-67.2990316061181,-0.756859256731358,-68.0558908628495,-145.619655276155,0.440403588122721,-145.179251688032,0,0
62,61,560,520,20,critical_zone,12,directional,750,550,15,11.3099324740202,120,192.418814048939,-65.7391755061646,1.19181892643724,-64.5473565797273,-171.027373385104,-0.154608947324171,-171.181982332428,0,0
62,61,560,520,20,critical_zone,13,directional,750,450,15,-11.3099324740202,120,202.546291005291,-66.1847107314834,0.245087890142416,-65.939622841341,159.775140568832,-0.662402322030216,159.112738246802,0,0
62,61,560,520,20,critical_zone,14,directional,750,350,15,-30.9637565320735,120,255,-68.1850284429112,-0.394132587064683,-68.5791610299759,138.179830119864,-0.341816783780454,137.838013336084,0,0
62,61,560,520,20,critical_zone,15,omni,750,300,15,-38.6598082540901,360,290.731835202133,-69.3240766286102,0.183122400390719,-69.1409542282195,130.815083874882,-0.550175249992839,NaN,1,1
62,61,560,520,20,critical_zone,16,directional,700,300,15,-45,120,260.816027114899,-68.3809103387501,-0.0205323139851337,-68.4014426527352,122.471192290848,-0.0752065233983228,122.39598576745,0,0
62,61,560,520,20,critical_zone,17,directional,600,300,15,-63.434948822922,120,223.66269246345,-67.0460958073146,0.818008656002328,-66.2280871513123,100.304846468766,0.19277909379662,100.497625562563,0,0
62,61,560,520,20,critical_zone,18,directional,400,300,15,-116.565051177078,120,272.075357208256,-68.7480089948455,1.83485770764867,-66.9131512871968,53.9726266148964,-0.469713424272988,53.5029131906234,0,0
62,61,560,520,20,critical_zone,19,directional,300,300,15,-135,120,340.624426605022,-70.6997406051428,-0.133829513712557,-70.8335701188553,40.2363583092738,-0.357265362468276,39.8790929468055,0,0
62,61,560,520,20,critical_zone,20,omni,300,500,15,180,360,260.816027114899,-68.3809103387501,0.622188350481073,-67.758721988269,4.39870535499553,0.46990018159422,NaN,1,1
62,61,560,520,20,critical_zone,21,omni,500,350,15,-90,360,180.346887968714,-65.1763978865683,-1.24414384754177,-66.4205417341101,70.5599651718238,-0.111704658059351,NaN,1,1
62,61,560,520,20,critical_zone,22,omni,700,500,15,0,360,141.509716980849,-63.0699500817949,0.0918373824619444,-62.9781126993329,171.869897645844,-0.24734609014744,NaN,1,1
62,61,560,520,20,critical_zone,23,omni,500,650,15,90,360,143.265487818944,-63.1770564921469,0.304544098857181,-62.8725123932897,-65.2248594311681,0.123587914961239,NaN,1,1
63,62,560,520,20,critical_zone,0,omni,250,300,15,-141.34019174591,360,380.164438105407,-71.6536546147036,0.563262525395403,-71.0903920893082,35.3624618870691,-0.162684364277803,NaN,1,0
63,62,560,520,20,critical_zone,1,directional,250,350,15,-149.036243467926,120,353.588744164743,-71.0241934664292,-0.880719574716858,-71.904913041146,28.739795291688,-0.721987248740454,28.0178080429476,0,0
63,62,560,520,20,critical_zone,2,directional,250,450,15,-168.69006752598,120,317.844301506256,-70.098513425379,0.0983660298447356,-70.0001473955342,12.7243556854224,-0.243373807940502,12.4809818774819,0,0
63,62,560,520,20,critical_zone,3,directional,250,550,15,168.69006752598,120,311.48836254345,-69.9230613483526,-0.141783474703047,-70.0648448230557,-5.52754015165617,0.149337412143864,-5.37820273951232,0,0
63,62,560,520,20,critical_zone,4,directional,250,650,15,149.036243467926,120,336.191909480285,-70.5859699912954,-0.187461785444882,-70.7734317767403,-22.7509763427876,0.161289645815278,-22.5896866969724,0,0
63,62,560,520,20,critical_zone,5,omni,250,700,15,141.34019174591,360,358.503835404867,-71.1441009596228,0.894692905903199,-70.2494080537196,-30.1413855520753,-0.102846567741947,NaN,1,0
63,62,560,520,20,critical_zone,6,directional,300,700,15,135,120,316.267292017369,-70.0553104347425,0.272019188900735,-69.7832912458417,-34.695153531234,0.0486123806614057,-34.6465411505726,0,0
63,62,560,520,20,critical_zone,7,directional,400,700,15,116.565051177078,120,240.883789408918,-67.6903763255117,0.616167777322487,-67.0742085481892,-48.3664606634298,0.0023479858128986,-48.3641126776169,0,0
63,62,560,520,20,critical_zone,8,directional,600,700,15,63.434948822922,120,184.458667456967,-65.3722061729858,1.04151943617142,-64.3306867368144,-102.528807709152,-0.259868768188516,-102.78867647734,0,0
63,62,560,520,20,critical_zone,9,directional,700,700,15,45,120,228.089894559141,-67.2163457230688,0.542618199627905,-66.6737275234409,-127.874983651098,-0.0329210780316174,-127.90790472913,0,0
63,62,560,520,20,critical_zone,10,omni,750,700,15,38.6598082540901,360,261.772802254168,-68.4127152763475,-0.73202480991967,-69.1447400862671,-136.548157698978,0.235967194577039,NaN,1,1
63,62,560,520,20,critical_zone,11,directional,750,650,15,30.9637565320735,120,230.271578793389,-67.2990316061181,-0.537988975242592,-67.8370205813607,-145.619655276155,-0.0336793643752834,-145.65333464053,0,0
63,62,560,520,20,critical_zone,12,directional,750,550,15,11.3099324740202,120,192.418814048939,-65.7391755061646,0.259431337578889,-65.4797441685857,-171.027373385104,0.0558534942768304,-170.971519890827,0,0
63,62,560,520,20,critical_zone,13,directional,750,450,15,-11.3099324740202,120,202.546291005291,-66.1847107314834,0.621582445591393,-65.563128285892,159.775140568832,0.450187855422511,160.225328424254,0,0
63,62,560,520,20,critical_zone,14,directional,750,350,15,-30.9637565320735,120,255,-68.1850284429112,-1.20204689890398,-69.3870753418152,138.179830119864,0.610203181249878,138.790033301114,0,0
63,62,560,520,20,critical_zone,15,omni,750,300,15,-38.6598082540901,360,290.731835202133,-69.3240766286102,0.809739524632174,-68.514337103978,130.815083874882,-0.191813235389716,NaN,1,1
63,62,560,520,20,critical_zone,16,directional,700,300,15,-45,120,260.816027114899,-68.3809103387501,-0.336940181046132,-68.7178505197962,122.471192290848,0.440148491226884,122.911340782075,0,0
63,62,560,520,20,critical_zone,17,directional,600,300,15,-63.434948822922,120,223.66269246345,-67.0460958073146,-0.872916270989288,-67.9190120783039,100.304846468766,-0.516419277931479,99.7884271908346,0,0
63,62,560,520,20,critical_zone,18,directional,400,300,15,-116.565051177078,120,272.075357208256,-68.7480089948455,-0.0731645620278363,-68.8211735568733,53.9726266148964,-0.60179164360515,53.3708349712912,0,0
63,62,560,520,20,critical_zone,19,directional,300,300,15,-135,120,340.624426605022,-70.6997406051428,0.897769909349413,-69.8019706957934,40.2363583092738,-0.543883353279194,39.6924749559946,0,0
63,62,560,520,20,critical_zone,20,omni,300,500,15,180,360,260.816027114899,-68.3809103387501,3.20680697580451,-65.1741033629456,4.39870535499553,-0.023104808561223,NaN,1,1
63,62,560,520,20,critical_zone,21,omni,500,350,15,-90,360,180.346887968714,-65.1763978865683,0.00716198778000129,-65.1692358987883,70.5599651718238,0.312084641821143,NaN,1,1
63,62,560,520,20,critical_zone,22,omni,700,500,15,0,360,141.509716980849,-63.0699500817949,-1.40239658084304,-64.4723466626379,171.869897645844,0.399375124232518,NaN,1,1
63,62,560,520,20,critical_zone,23,omni,500,650,15,90,360,143.265487818944,-63.1770564921469,1.44821768662962,-61.7288388055173,-65.2248594311681,0.535062473951403,NaN,1,1
64,63,560,520,20,critical_zone,0,omni,250,300,15,-141.34019174591,360,380.164438105407,-71.6536546147036,-0.00049594461559722,-71.6541505593192,35.3624618870691,-0.220426340519617,NaN,1,0
64,63,560,520,20,critical_zone,1,directional,250,350,15,-149.036243467926,120,353.588744164743,-71.0241934664292,0.170074989220729,-70.8541184772084,28.739795291688,-0.0782006339623328,28.6615946577257,0,0
64,63,560,520,20,critical_zone,2,directional,250,450,15,-168.69006752598,120,317.844301506256,-70.098513425379,-1.52791985774166,-71.6264332831206,12.7243556854224,-0.430239136128067,12.2941165492943,0,0
64,63,560,520,20,critical_zone,3,directional,250,550,15,168.69006752598,120,311.48836254345,-69.9230613483526,0.698753972981008,-69.2243073753716,-5.52754015165617,0.182168301000531,-5.34537185065565,0,0
64,63,560,520,20,critical_zone,4,directional,250,650,15,149.036243467926,120,336.191909480285,-70.5859699912954,1.07337252198257,-69.5125974693129,-22.7509763427876,-1.31103105512508,-24.0620073979127,0,0
64,63,560,520,20,critical_zone,5,omni,250,700,15,141.34019174591,360,358.503835404867,-71.1441009596228,0.0676199271421681,-71.0764810324807,-30.1413855520753,-0.00950554276708428,NaN,1,0
64,63,560,520,20,critical_zone,6,directional,300,700,15,135,120,316.267292017369,-70.0553104347425,1.07246702436766,-68.9828434103748,-34.695153531234,-0.75619400900649,-35.4513475402405,0,0
64,63,560,520,20,critical_zone,7,directional,400,700,15,116.565051177078,120,240.883789408918,-67.6903763255117,1.23694528457791,-66.4534310409338,-48.3664606634298,0.719769059832026,-47.6466916035978,0,0
64,63,560,520,20,critical_zone,8,directional,600,700,15,63.434948822922,120,184.458667456967,-65.3722061729858,0.397873969229223,-64.9743322037566,-102.528807709152,-0.503340506908069,-103.03214821606,0,0
64,63,560,520,20,critical_zone,9,directional,700,700,15,45,120,228.089894559141,-67.2163457230688,-0.70835650943496,-67.9247022325037,-127.874983651098,-0.613064675135578,-128.488048326234,0,0
64,63,560,520,20,critical_zone,10,omni,750,700,15,38.6598082540901,360,261.772802254168,-68.4127152763475,-2.38990655866212,-70.8026218350096,-136.548157698978,-0.857394844723059,NaN,1,0
64,63,560,520,20,critical_zone,11,directional,750,650,15,30.9637565320735,120,230.271578793389,-67.2990316061181,-0.086008559958826,-67.3850401660769,-145.619655276155,0.345869835453776,-145.273785440701,0,0
64,63,560,520,20,critical_zone,12,directional,750,550,15,11.3099324740202,120,192.418814048939,-65.7391755061646,-1.86442975712099,-67.6036052632856,-171.027373385104,0.257649308242999,-170.769724076861,0,0
64,63,560,520,20,critical_zone,13,directional,750,450,15,-11.3099324740202,120,202.546291005291,-66.1847107314834,1.10779202435215,-65.0769187071313,159.775140568832,-0.391804237874875,159.383336330957,0,0
64,63,560,520,20,critical_zone,14,directional,750,350,15,-30.9637565320735,120,255,-68.1850284429112,-1.49688679478098,-69.6819152376922,138.179830119864,0.189470111510128,138.369300231374,0,0
64,63,560,520,20,critical_zone,15,omni,750,300,15,-38.6598082540901,360,290.731835202133,-69.3240766286102,1.28198442709692,-68.0420922015133,130.815083874882,0.762379651851985,NaN,1,1
64,63,560,520,20,critical_zone,16,directional,700,300,15,-45,120,260.816027114899,-68.3809103387501,0.621823144120195,-67.7590871946299,122.471192290848,-0.409732923474791,122.061459367374,0,0
64,63,560,520,20,critical_zone,17,directional,600,300,15,-63.434948822922,120,223.66269246345,-67.0460958073146,0.492213747629589,-66.553882059685,100.304846468766,0.197122607029163,100.501969075795,0,0
64,63,560,520,20,critical_zone,18,directional,400,300,15,-116.565051177078,120,272.075357208256,-68.7480089948455,-0.655384828755742,-69.4033938236012,53.9726266148964,0.216421979560027,54.1890485944564,0,0
64,63,560,520,20,critical_zone,19,directional,300,300,15,-135,120,340.624426605022,-70.6997406051428,-0.29649838550844,-70.9962389906512,40.2363583092738,-0.13004630874739,40.1063120005264,0,0
64,63,560,520,20,critical_zone,20,omni,300,500,15,180,360,260.816027114899,-68.3809103387501,0.289396901895557,-68.0915134368545,4.39870535499553,-0.404405568075843,NaN,1,1
64,63,560,520,20,critical_zone,21,omni,500,350,15,-90,360,180.346887968714,-65.1763978865683,-0.734719167334808,-65.9111170539031,70.5599651718238,-0.172444566018056,NaN,1,1
64,63,560,520,20,critical_zone,22,omni,700,500,15,0,360,141.509716980849,-63.0699500817949,-0.183383866315335,-63.2533339481102,171.869897645844,-0.202028682759837,NaN,1,1
64,63,560,520,20,critical_zone,23,omni,500,650,15,90,360,143.265487818944,-63.1770564921469,-0.458555760506592,-63.6356122526535,-65.2248594311681,-0.0391988054549989,NaN,1,1
65,64,560,520,20,critical_zone,0,omni,250,300,15,-141.34019174591,360,380.164438105407,-71.6536546147036,-0.55269259732415,-72.2063472120278,35.3624618870691,-0.380790667484983,NaN,1,0
65,64,560,520,20,critical_zone,1,directional,250,350,15,-149.036243467926,120,353.588744164743,-71.0241934664292,0.124251919166358,-70.8999415472628,28.739795291688,-0.710621278072609,28.0291740136154,0,0
65,64,560,520,20,critical_zone,2,directional,250,450,15,-168.69006752598,120,317.844301506256,-70.098513425379,-0.696333309296764,-70.7948467346757,12.7243556854224,-0.226980709640992,12.4973749757814,0,0
65,64,560,520,20,critical_zone,3,directional,250,550,15,168.69006752598,120,311.48836254345,-69.9230613483526,0.478083173511854,-69.4449781748408,-5.52754015165617,0.53412598533408,-4.99341416632208,0,0
65,64,560,520,20,critical_zone,4,directional,250,650,15,149.036243467926,120,336.191909480285,-70.5859699912954,0.663141440969734,-69.9228285503257,-22.7509763427876,-0.17402158675758,-22.9249979295452,0,0
65,64,560,520,20,critical_zone,5,omni,250,700,15,141.34019174591,360,358.503835404867,-71.1441009596228,-0.75261446021467,-71.8967154198375,-30.1413855520753,-0.497621409249281,NaN,1,0
65,64,560,520,20,critical_zone,6,directional,300,700,15,135,120,316.267292017369,-70.0553104347425,-0.509986365299056,-70.5652968000415,-34.695153531234,-0.896087519861716,-35.5912410510957,0,0
65,64,560,520,20,critical_zone,7,directional,400,700,15,116.565051177078,120,240.883789408918,-67.6903763255117,0.814529674996213,-66.8758466505155,-48.3664606634298,-0.745791059144145,-49.1122517225739,0,0
65,64,560,520,20,critical_zone,8,directional,600,700,15,63.434948822922,120,184.458667456967,-65.3722061729858,0.311043136552152,-65.0611630364337,-102.528807709152,0.163454906429312,-102.365352802722,0,0
65,64,560,520,20,critical_zone,9,directional,700,700,15,45,120,228.089894559141,-67.2163457230688,-0.827055192160997,-68.0434009152298,-127.874983651098,-1.15596276746094,-129.030946418559,0,0
65,64,560,520,20,critical_zone,10,omni,750,700,15,38.6598082540901,360,261.772802254168,-68.4127152763475,2.30472818044631,-66.1079870959012,-136.548157698978,0.112077613902892,NaN,1,1
65,64,560,520,20,critical_zone,11,directional,750,650,15,30.9637565320735,120,230.271578793389,-67.2990316061181,-0.713254550704298,-68.0122861568224,-145.619655276155,0.0474935749432002,-145.572161701212,0,0
65,64,560,520,20,critical_zone,12,directional,750,550,15,11.3099324740202,120,192.418814048939,-65.7391755061646,1.79854433535521,-63.9406311708094,-171.027373385104,-0.0552334251540871,-171.082606810258,0,0
65,64,560,520,20,critical_zone,13,directional,750,450,15,-11.3099324740202,120,202.546291005291,-66.1847107314834,1.31208244975444,-64.872628281729,159.775140568832,0.549291619704766,160.324432188537,0,0
65,64,560,520,20,critical_zone,14,directional,750,350,15,-30.9637565320735,120,255,-68.1850284429112,-0.730958161678449,-68.9159866045897,138.179830119864,0.0654142149141504,138.245244334778,0,0
65,64,560,520,20,critical_zone,15,omni,750,300,15,-38.6598082540901,360,290.731835202133,-69.3240766286102,1.33074327711575,-67.9933333514944,130.815083874882,1.00651502300114,NaN,1,1
65,64,560,520,20,critical_zone,16,directional,700,300,15,-45,120,260.816027114899,-68.3809103387501,-0.907726457222661,-69.2886367959727,122.471192290848,-0.393797130360317,122.077395160488,0,0
65,64,560,520,20,critical_zone,17,directional,600,300,15,-63.434948822922,120,223.66269246345,-67.0460958073146,1.03838495983683,-66.0077108474778,100.304846468766,-0.408272327504318,99.8965741412617,0,0
65,64,560,520,20,critical_zone,18,directional,400,300,15,-116.565051177078,120,272.075357208256,-68.7480089948455,-1.15811603117858,-69.9061250260241,53.9726266148964,-0.338291701525231,53.6343349133712,0,0
65,64,560,520,20,critical_zone,19,directional,300,300,15,-135,120,340.624426605022,-70.6997406051428,0.26997412890891,-70.4297664762339,40.2363583092738,-0.438922134034524,39.7974361752393,0,0
65,64,560,520,20,critical_zone,20,omni,300,500,15,180,360,260.816027114899,-68.3809103387501,1.30746614447762,-67.0734441942725,4.39870535499553,-0.582430630254644,NaN,1,1
65,64,560,520,20,critical_zone,21,omni,500,350,15,-90,360,180.346887968714,-65.1763978865683,-0.0721946780095495,-65.2485925645779,70.5599651718238,-0.402039618681838,NaN,1,1
65,64,560,520,20,critical_zone,22,omni,700,500,15,0,360,141.509716980849,-63.0699500817949,-0.382693546464376,-63.4526436282592,171.869897645844,0.0289000839438084,NaN,1,1
65,64,560,520,20,critical_zone,23,omni,500,650,15,90,360,143.265487818944,-63.1770564921469,1.10516219723501,-62.0718942949119,-65.2248594311681,0.0475453108816556,NaN,1,1
66,65,560,520,20,critical_zone,0,omni,250,300,15,-141.34019174591,360,380.164438105407,-71.6536546147036,0.567226085834776,-71.0864285288689,35.3624618870691,-0.40341353060378,NaN,1,0
66,65,560,520,20,critical_zone,1,directional,250,350,15,-149.036243467926,120,353.588744164743,-71.0241934664292,-1.06871161984313,-72.0929050862723,28.739795291688,-0.113764721466441,28.6260305702216,0,0
66,65,560,520,20,critical_zone,2,directional,250,450,15,-168.69006752598,120,317.844301506256,-70.098513425379,0.519273732220695,-69.5792396931583,12.7243556854224,0.199170979436157,12.9235266648585,0,0
66,65,560,520,20,critical_zone,3,directional,250,550,15,168.69006752598,120,311.48836254345,-69.9230613483526,0.116732869671968,-69.8063284786807,-5.52754015165617,-1.04418550434531,-6.57172565600149,0,0
66,65,560,520,20,critical_zone,4,directional,250,650,15,149.036243467926,120,336.191909480285,-70.5859699912954,-0.503413198391962,-71.0893831896874,-22.7509763427876,0.133876331964883,-22.6171000108228,0,0
66,65,560,520,20,critical_zone,5,omni,250,700,15,141.34019174591,360,358.503835404867,-71.1441009596228,1.19935628150707,-69.9447446781158,-30.1413855520753,0.642016326822332,NaN,1,1
66,65,560,520,20,critical_zone,6,directional,300,700,15,135,120,316.267292017369,-70.0553104347425,1.10266552823268,-68.9526449065098,-34.695153531234,-0.256689416782546,-34.9518429480165,0,0
66,65,560,520,20,critical_zone,7,directional,400,700,15,116.565051177078,120,240.883789408918,-67.6903763255117,-0.877589889201154,-68.5679662147128,-48.3664606634298,0.0609144486581546,-48.3055462147717,0,0
66,65,560,520,20,critical_zone,8,directional,600,700,15,63.434948822922,120,184.458667456967,-65.3722061729858,0.444575081129045,-64.9276310918568,-102.528807709152,-0.0189065188050843,-102.547714227957,0,0
66,65,560,520,20,critical_zone,9,directional,700,700,15,45,120,228.089894559141,-67.2163457230688,-1.10229670335051,-68.3186424264193,-127.874983651098,0.0749265896368502,-127.800057061461,0,0
66,65,560,520,20,critical_zone,10,omni,750,700,15,38.6598082540901,360,261.772802254168,-68.4127152763475,0.517157972311572,-67.8955573040359,-136.548157698978,0.236212235521906,NaN,1,1
66,65,560,520,20,critical_zone,11,directional,750,650,15,30.9637565320735,120,230.271578793389,-67.2990316061181,-0.973100112994618,-68.2721317191127,-145.619655276155,-0.235355130861853,-145.855010407017,0,0
66,65,560,520,20,critical_zone,12,directional,750,550,15,11.3099324740202,120,192.418814048939,-65.7391755061646,-0.528137433832757,-66.2673129399973,-171.027373385104,1.0908004654318,-169.936572919672,0,0
66,65,560,520,20,critical_zone,13,directional,750,450,15,-11.3099324740202,120,202.546291005291,-66.1847107314834,0.244134634116438,-65.940576097367,159.775140568832,0.843178780394906,160.618319349227,0,0
66,65,560,520,20,critical_zone,14,directional,750,350,15,-30.9637565320735,120,255,-68.1850284429112,-0.22611520885925,-68.4111436517705,138.179830119864,0.0666289003556021,138.24645902022,0,0
66,65,560,520,20,critical_zone,15,omni,750,300,15,-38.6598082540901,360,290.731835202133,-69.3240766286102,-1.19421413615449,-70.5182907647647,130.815083874882,0.251576664853967,NaN,1,0
66,65,560,520,20,critical_zone,16,directional,700,300,15,-45,120,260.816027114899,-68.3809103387501,-0.843627574921432,-69.2245379136715,122.471192290848,-0.496477551866171,121.974714738982,0,0
66,65,560,520,20,critical_zone,17,directional,600,300,15,-63.434948822922,120,223.66269246345,-67.0460958073146,-0.516646963580432,-67.562742770895,100.304846468766,0.12376375795415,100.42861022672,0,0
66,65,560,520,20,critical_zone,18,directional,400,300,15,-116.565051177078,120,272.075357208256,-68.7480089948455,1.12794239315538,-67.6200666016901,53.9726266148964,0.600558002106233,54.5731846170026,0,0
66,65,560,520,20,critical_zone,19,directional,300,300,15,-135,120,340.624426605022,-70.6997406051428,-0.00421536702819529,-70.703955972171,40.2363583092738,-0.362287259318491,39.8740710499553,0,0
66,65,560,520,20,critical_zone,20,omni,300,500,15,180,360,260.816027114899,-68.3809103387501,0.232534314840499,-68.1483760239096,4.39870535499553,-0.0824034110286477,NaN,1,1
66,65,560,520,20,critical_zone,21,omni,500,350,15,-90,360,180.346887968714,-65.1763978865683,-0.853363964355656,-66.029761850924,70.5599651718238,0.613976609046818,NaN,1,1
66,65,560,520,20,critical_zone,22,omni,700,500,15,0,360,141.509716980849,-63.0699500817949,0.0511313698830228,-63.0188187119118,171.869897645844,0.312316243838909,NaN,1,1
66,65,560,520,20,critical_zone,23,omni,500,650,15,90,360,143.265487818944,-63.1770564921469,1.2816488419803,-61.8954076501666,-65.2248594311681,0.673131320694578,NaN,1,1
67,66,560,520,20,critical_zone,0,omni,250,300,15,-141.34019174591,360,380.164438105407,-71.6536546147036,1.40450898092074,-70.2491456337829,35.3624618870691,0.252954777745503,NaN,1,0
67,66,560,520,20,critical_zone,1,directional,250,350,15,-149.036243467926,120,353.588744164743,-71.0241934664292,0.876604141172647,-70.1475893252565,28.739795291688,-0.542518819645599,28.1972764720425,0,0
67,66,560,520,20,critical_zone,2,directional,250,450,15,-168.69006752598,120,317.844301506256,-70.098513425379,-0.619088677938616,-70.7176021033176,12.7243556854224,-0.127071342610337,12.597284342812,0,0
67,66,560,520,20,critical_zone,3,directional,250,550,15,168.69006752598,120,311.48836254345,-69.9230613483526,0.853880350476638,-69.069180997876,-5.52754015165617,0.283950664589473,-5.24358948706669,0,0
67,66,560,520,20,critical_zone,4,directional,250,650,15,149.036243467926,120,336.191909480285,-70.5859699912954,-1.04012517045519,-71.6260951617506,-22.7509763427876,-0.134563850675551,-22.8855401934632,0,0
67,66,560,520,20,critical_zone,5,omni,250,700,15,141.34019174591,360,358.503835404867,-71.1441009596228,0.440499203399386,-70.7036017562235,-30.1413855520753,0.8463723507662,NaN,1,0
67,66,560,520,20,critical_zone,6,directional,300,700,15,135,120,316.267292017369,-70.0553104347425,0.582299402087707,-69.4730110326548,-34.695153531234,0.60057573715644,-34.0945777940775,0,0
67,66,560,520,20,critical_zone,7,directional,400,700,15,116.565051177078,120,240.883789408918,-67.6903763255117,0.0701062330118803,-67.6202700924998,-48.3664606634298,0.0154403751838984,-48.3510202882459,0,0
67,66,560,520,20,critical_zone,8,directional,600,700,15,63.434948822922,120,184.458667456967,-65.3722061729858,1.33783293670215,-64.0343732362837,-102.528807709152,0.199011649288587,-102.329796059863,0,0
67,66,560,520,20,critical_zone,9,directional,700,700,15,45,120,228.089894559141,-67.2163457230688,0.214282451058192,-67.0020632720106,-127.874983651098,-0.288171528725798,-128.163155179824,0,0
67,66,560,520,20,critical_zone,10,omni,750,700,15,38.6598082540901,360,261.772802254168,-68.4127152763475,0.0492107232927732,-68.3635045530547,-136.548157698978,-0.47643141406164,NaN,1,1
67,66,560,520,20,critical_zone,11,directional,750,650,15,30.9637565320735,120,230.271578793389,-67.2990316061181,-0.45132786008202,-67.7503594662001,-145.619655276155,-0.490759545053317,-146.110414821208,0,0
67,66,560,520,20,critical_zone,12,directional,750,550,15,11.3099324740202,120,192.418814048939,-65.7391755061646,0.374397068856818,-65.3647784373077,-171.027373385104,1.05563597467651,-169.971737410427,0,0
67,66,560,520,20,critical_zone,13,directional,750,450,15,-11.3099324740202,120,202.546291005291,-66.1847107314834,0.79094612279741,-65.393764608686,159.775140568832,-0.839449137467743,158.935691431364,0,0
67,66,560,520,20,critical_zone,14,directional,750,350,15,-30.9637565320735,120,255,-68.1850284429112,1.32266553582635,-66.8623629070849,138.179830119864,0.639412045598152,138.819242165462,0,0
67,66,560,520,20,critical_zone,15,omni,750,300,15,-38.6598082540901,360,290.731835202133,-69.3240766286102,-0.728163464800392,-70.0522400934106,130.815083874882,0.113382482628317,NaN,1,0
67,66,560,520,20,critical_zone,16,directional,700,300,15,-45,120,260.816027114899,-68.3809103387501,0.177984045820803,-68.2029262929293,122.471192290848,0.171660905716028,122.642853196564,0,0
67,66,560,520,20,critical_zone,17,directional,600,300,15,-63.434948822922,120,223.66269246345,-67.0460958073146,-0.421929465919252,-67.4680252732338,100.304846468766,-0.3337176411727,99.9711288275934,0,0
67,66,560,520,20,critical_zone,18,directional,400,300,15,-116.565051177078,120,272.075357208256,-68.7480089948455,-1.02309136254265,-69.7711003573881,53.9726266148964,-0.27591791737425,53.6967086975222,0,0
67,66,560,520,20,critical_zone,19,directional,300,300,15,-135,120,340.624426605022,-70.6997406051428,-2.58849575354829,-73.2882363586911,40.2363583092738,-0.158879257507916,40.0774790517659,0,0
67,66,560,520,20,critical_zone,20,omni,300,500,15,180,360,260.816027114899,-68.3809103387501,-0.338099039197032,-68.7190093779471,4.39870535499553,0.615927852961942,NaN,1,1
67,66,560,520,20,critical_zone,21,omni,500,350,15,-90,360,180.346887968714,-65.1763978865683,-1.14792091497867,-66.324318801547,70.5599651718238,-0.0576304519778023,NaN,1,1
67,66,560,520,20,critical_zone,22,omni,700,500,15,0,360,141.509716980849,-63.0699500817949,-0.425126720618106,-63.495076802413,171.869897645844,0.158848358217191,NaN,1,1
67,66,560,520,20,critical_zone,23,omni,500,650,15,90,360,143.265487818944,-63.1770564921469,-0.934451044367903,-64.1115075365148,-65.2248594311681,-0.599491230018072,NaN,1,1
68,67,560,520,20,critical_zone,0,omni,250,300,15,-141.34019174591,360,380.164438105407,-71.6536546147036,0.663207600862994,-70.9904470138407,35.3624618870691,-0.611940527549803,NaN,1,0
68,67,560,520,20,critical_zone,1,directional,250,350,15,-149.036243467926,120,353.588744164743,-71.0241934664292,-0.577791892843958,-71.6019853592731,28.739795291688,0.467594793716692,29.2073900854047,0,0
68,67,560,520,20,critical_zone,2,directional,250,450,15,-168.69006752598,120,317.844301506256,-70.098513425379,-2.56636862900044,-72.6648820543794,12.7243556854224,0.451812450333713,13.1761681357561,0,0
68,67,560,520,20,critical_zone,3,directional,250,550,15,168.69006752598,120,311.48836254345,-69.9230613483526,-2.12703418276826,-72.0500955311209,-5.52754015165617,-0.333258244784904,-5.86079839644108,0,0
68,67,560,520,20,critical_zone,4,directional,250,650,15,149.036243467926,120,336.191909480285,-70.5859699912954,-0.660706457219198,-71.2466764485146,-22.7509763427876,0.0666401313451986,-22.6843362114424,0,0
68,67,560,520,20,critical_zone,5,omni,250,700,15,141.34019174591,360,358.503835404867,-71.1441009596228,-0.996687095698283,-72.1407880553211,-30.1413855520753,-0.225605160542291,NaN,1,0
68,67,560,520,20,critical_zone,6,directional,300,700,15,135,120,316.267292017369,-70.0553104347425,-1.10280733870173,-71.1581177734442,-34.695153531234,0.696835026118507,-33.9983185051155,0,0
68,67,560,520,20,critical_zone,7,directional,400,700,15,116.565051177078,120,240.883789408918,-67.6903763255117,1.17663445469345,-66.5137418708182,-48.3664606634298,-0.593093611464252,-48.9595542748941,0,0
68,67,560,520,20,critical_zone,8,directional,600,700,15,63.434948822922,120,184.458667456967,-65.3722061729858,-2.60721600698749,-67.9794221799733,-102.528807709152,-0.527162979381026,-103.055970688533,0,0
68,67,560,520,20,critical_zone,9,directional,700,700,15,45,120,228.089894559141,-67.2163457230688,0.483473296491647,-66.7328724265771,-127.874983651098,0.238301275834584,-127.636682375264,0,0
68,67,560,520,20,critical_zone,10,omni,750,700,15,38.6598082540901,360,261.772802254168,-68.4127152763475,-1.74383575173729,-70.1565510280848,-136.548157698978,-0.0453322049170116,NaN,1,0
68,67,560,520,20,critical_zone,11,directional,750,650,15,30.9637565320735,120,230.271578793389,-67.2990316061181,0.349962505071665,-66.9490691010464,-145.619655276155,0.490783243062848,-145.128872033092,0,0
68,67,560,520,20,critical_zone,12,directional,750,550,15,11.3099324740202,120,192.418814048939,-65.7391755061646,1.90562816342713,-63.8335473427374,-171.027373385104,0.249604643969651,-170.777768741134,0,0
68,67,560,520,20,critical_zone,13,directional,750,450,15,-11.3099324740202,120,202.546291005291,-66.1847107314834,-0.657224038853787,-66.8419347703372,159.775140568832,-0.682895246309964,159.092245322522,0,0
68,67,560,520,20,critical_zone,14,directional,750,350,15,-30.9637565320735,120,255,-68.1850284429112,1.00927494531668,-67.1757534975946,138.179830119864,0.180174296306002,138.36000441617,0,0
68,67,560,520,20,critical_zone,15,omni,750,300,15,-38.6598082540901,360,290.731835202133,-69.3240766286102,0.114030351194701,-69.2100462774155,130.815083874882,-0.369332183771352,NaN,1,1
68,67,560,520,20,critical_zone,16,directional,700,300,15,-45,120,260.816027114899,-68.3809103387501,0.677633060818811,-67.7032772779313,122.471192290848,-0.730649661389681,121.740542629459,0,0
68,67,560,520,20,critical_zone,17,directional,600,300,15,-63.434948822922,120,223.66269246345,-67.0460958073146,-0.954670044597678,-68.0007658519123,100.304846468766,0.0656267027068261,100.370473171473,0,0
68,67,560,520,20,critical_zone,18,directional,400,300,15,-116.565051177078,120,272.075357208256,-68.7480089948455,1.02724460374566,-67.7207643910998,53.9726266148964,0.713715927492907,54.6863425423893,0,0
68,67,560,520,20,critical_zone,19,directional,300,300,15,-135,120,340.624426605022,-70.6997406051428,-0.849220133392597,-71.5489607385354,40.2363583092738,0.10211215500102,40.3384704642748,0,0
68,67,560,520,20,critical_zone,20,omni,300,500,15,180,360,260.816027114899,-68.3809103387501,2.18756131222631,-66.1933490265238,4.39870535499553,-0.862187382564239,NaN,1,1
68,67,560,520,20,critical_zone,21,omni,500,350,15,-90,360,180.346887968714,-65.1763978865683,-0.0336099689807681,-65.2100078555491,70.5599651718238,0.00390590593242267,NaN,1,1
68,67,560,520,20,critical_zone,22,omni,700,500,15,0,360,141.509716980849,-63.0699500817949,1.01685777002114,-62.0530923117737,171.869897645844,-1.02601043451707,NaN,1,1
68,67,560,520,20,critical_zone,23,omni,500,650,15,90,360,143.265487818944,-63.1770564921469,-1.47698708491484,-64.6540435770617,-65.2248594311681,-0.397741866362553,NaN,1,1
69,68,560,520,20,critical_zone,0,omni,250,300,15,-141.34019174591,360,380.164438105407,-71.6536546147036,-1.05291267934536,-72.706567294049,35.3624618870691,-0.329731454671664,NaN,1,0
69,68,560,520,20,critical_zone,1,directional,250,350,15,-149.036243467926,120,353.588744164743,-71.0241934664292,-0.476021299631686,-71.5002147660608,28.739795291688,-0.218016315941013,28.521778975747,0,0
69,68,560,520,20,critical_zone,2,directional,250,450,15,-168.69006752598,120,317.844301506256,-70.098513425379,-0.176684656437087,-70.2751980818161,12.7243556854224,-0.303485518517839,12.4208701669045,0,0
69,68,560,520,20,critical_zone,3,directional,250,550,15,168.69006752598,120,311.48836254345,-69.9230613483526,-0.0888993181328317,-70.0119606664855,-5.52754015165617,0.51691388931135,-5.01062626234483,0,0
69,68,560,520,20,critical_zone,4,directional,250,650,15,149.036243467926,120,336.191909480285,-70.5859699912954,1.10246301000949,-69.4835069812859,-22.7509763427876,0.534804799473469,-22.2161715433142,0,0
69,68,560,520,20,critical_zone,5,omni,250,700,15,141.34019174591,360,358.503835404867,-71.1441009596228,2.27797261504503,-68.8661283445778,-30.1413855520753,-0.55798690534299,NaN,1,1
69,68,560,520,20,critical_zone,6,directional,300,700,15,135,120,316.267292017369,-70.0553104347425,-0.688027872318694,-70.7433383070612,-34.695153531234,0.386840142248191,-34.3083133889858,0,0
69,68,560,520,20,critical_zone,7,directional,400,700,15,116.565051177078,120,240.883789408918,-67.6903763255117,-2.49880866489531,-70.189184990407,-48.3664606634298,0.109789653655861,-48.256671009774,0,0
69,68,560,520,20,critical_zone,8,directional,600,700,15,63.434948822922,120,184.458667456967,-65.3722061729858,-0.863499016812277,-66.2357051897981,-102.528807709152,-0.0789816879101514,-102.607789397062,0,0
69,68,560,520,20,critical_zone,9,directional,700,700,15,45,120,228.089894559141,-67.2163457230688,0.0647339542250997,-67.1516117688437,-127.874983651098,-0.210556613440752,-128.085540264539,0,0
69,68,560,520,20,critical_zone,10,omni,750,700,15,38.6598082540901,360,261.772802254168,-68.4127152763475,1.78744603147517,-66.6252692448723,-136.548157698978,-0.912592626164863,NaN,1,1
69,68,560,520,20,critical_zone,11,directional,750,650,15,30.9637565320735,120,230.271578793389,-67.2990316061181,0.383049899083794,-66.9159817070343,-145.619655276155,-0.660762280987648,-146.280417557143,0,0
69,68,560,520,20,critical_zone,12,directional,750,550,15,11.3099324740202,120,192.418814048939,-65.7391755061646,1.02143265673419,-64.7177428494304,-171.027373385104,-0.678759895333126,-171.706133280437,0,0
69,68,560,520,20,critical_zone,13,directional,750,450,15,-11.3099324740202,120,202.546291005291,-66.1847107314834,-0.0388128525240652,-66.2235235840075,159.775140568832,-0.18411449385333,159.591026074979,0,0
69,68,560,520,20,critical_zone,14,directional,750,350,15,-30.9637565320735,120,255,-68.1850284429112,-1.0887888338065,-69.2738172767177,138.179830119864,0.42991141464482,138.609741534509,0,0
69,68,560,520,20,critical_zone,15,omni,750,300,15,-38.6598082540901,360,290.731835202133,-69.3240766286102,-0.447055392275068,-69.7711320208853,130.815083874882,0.494958922183391,NaN,1,1
69,68,560,520,20,critical_zone,16,directional,700,300,15,-45,120,260.816027114899,-68.3809103387501,-0.801472546305114,-69.1823828850552,122.471192290848,-0.20977561054358,122.261416680305,0,0
69,68,560,520,20,critical_zone,17,directional,600,300,15,-63.434948822922,120,223.66269246345,-67.0460958073146,1.47087811523267,-65.5752176920819,100.304846468766,-0.325453300136239,99.9793931686298,0,0
69,68,560,520,20,critical_zone,18,directional,400,300,15,-116.565051177078,120,272.075357208256,-68.7480089948455,-0.849063346531773,-69.5970723413773,53.9726266148964,-0.0119190039570447,53.9607076109394,0,0
69,68,560,520,20,critical_zone,19,directional,300,300,15,-135,120,340.624426605022,-70.6997406051428,-0.759184194591888,-71.4589247997347,40.2363583092738,0.192945419150882,40.4293037284247,0,0
69,68,560,520,20,critical_zone,20,omni,300,500,15,180,360,260.816027114899,-68.3809103387501,0.305239614790997,-68.0756707239591,4.39870535499553,-0.203537795664223,NaN,1,1
69,68,560,520,20,critical_zone,21,omni,500,350,15,-90,360,180.346887968714,-65.1763978865683,-0.436824289118179,-65.6132221756865,70.5599651718238,0.719832819243404,NaN,1,1
69,68,560,520,20,critical_zone,22,omni,700,500,15,0,360,141.509716980849,-63.0699500817949,0.906864655368644,-62.1630854264262,171.869897645844,0.122870829338867,NaN,1,1
69,68,560,520,20,critical_zone,23,omni,500,650,15,90,360,143.265487818944,-63.1770564921469,0.858545933930219,-62.3185105582167,-65.2248594311681,0.435761113681682,NaN,1,1
70,69,560,520,20,critical_zone,0,omni,250,300,15,-141.34019174591,360,380.164438105407,-71.6536546147036,1.31337696132115,-70.3402776533825,35.3624618870691,-0.147125245433758,NaN,1,0
70,69,560,520,20,critical_zone,1,directional,250,350,15,-149.036243467926,120,353.588744164743,-71.0241934664292,-0.37725275969096,-71.4014462261201,28.739795291688,0.0492337490594468,28.7890290407475,0,0
70,69,560,520,20,critical_zone,2,directional,250,450,15,-168.69006752598,120,317.844301506256,-70.098513425379,-1.21986263566484,-71.3183760610438,12.7243556854224,-0.745053162372894,11.9793025230495,0,0
70,69,560,520,20,critical_zone,3,directional,250,550,15,168.69006752598,120,311.48836254345,-69.9230613483526,0.313818345379061,-69.6092430029736,-5.52754015165617,-0.547463300135395,-6.07500345179156,0,0
70,69,560,520,20,critical_zone,4,directional,250,650,15,149.036243467926,120,336.191909480285,-70.5859699912954,-0.136780611103826,-70.7227506023993,-22.7509763427876,0.245714754837261,-22.5052615879504,0,0
70,69,560,520,20,critical_zone,5,omni,250,700,15,141.34019174591,360,358.503835404867,-71.1441009596228,1.43907648227944,-69.7050244773434,-30.1413855520753,-0.929780125086385,NaN,1,1
70,69,560,520,20,critical_zone,6,directional,300,700,15,135,120,316.267292017369,-70.0553104347425,0.973145035248359,-69.0821653994941,-34.695153531234,-0.871086270299007,-35.566239801533,0,0
70,69,560,520,20,critical_zone,7,directional,400,700,15,116.565051177078,120,240.883789408918,-67.6903763255117,-0.245776835501676,-67.9361531610133,-48.3664606634298,-0.257281101476274,-48.6237417649061,0,0
70,69,560,520,20,critical_zone,8,directional,600,700,15,63.434948822922,120,184.458667456967,-65.3722061729858,0.149467223219538,-65.2227389497663,-102.528807709152,-0.296290687315392,-102.825098396467,0,0
70,69,560,520,20,critical_zone,9,directional,700,700,15,45,120,228.089894559141,-67.2163457230688,-0.250478445128684,-67.4668241681974,-127.874983651098,0.495445482246255,-127.379538168852,0,0
70,69,560,520,20,critical_zone,10,omni,750,700,15,38.6598082540901,360,261.772802254168,-68.4127152763475,0.870995103600701,-67.5417201727468,-136.548157698978,-0.380337459381629,NaN,1,1
70,69,560,520,20,critical_zone,11,directional,750,650,15,30.9637565320735,120,230.271578793389,-67.2990316061181,-2.05713560179382,-69.3561672079119,-145.619655276155,-0.358403971895541,-145.978059248051,0,0
70,69,560,520,20,critical_zone,12,directional,750,550,15,11.3099324740202,120,192.418814048939,-65.7391755061646,1.38266094899905,-64.3565145571655,-171.027373385104,-0.0493096651912384,-171.076683050295,0,0
70,69,560,520,20,critical_zone,13,directional,750,450,15,-11.3099324740202,120,202.546291005291,-66.1847107314834,-1.20168953524074,-67.3864002667242,159.775140568832,-0.264457553662637,159.510683015169,0,0
70,69,560,520,20,critical_zone,14,directional,750,350,15,-30.9637565320735,120,255,-68.1850284429112,0.291409439925841,-67.8936190029854,138.179830119864,0.378445739300419,138.558275859165,0,0
70,69,560,520,20,critical_zone,15,omni,750,300,15,-38.6598082540901,360,290.731835202133,-69.3240766286102,0.353719474357174,-68.970357154253,130.815083874882,0.654697887515281,NaN,1,1
70,69,560,520,20,critical_zone,16,directional,700,300,15,-45,120,260.816027114899,-68.3809103387501,-0.0971375906831662,-68.4780479294332,122.471192290848,-0.746939023563873,121.724253267285,0,0
70,69,560,520,20,critical_zone,17,directional,600,300,15,-63.434948822922,120,223.66269246345,-67.0460958073146,-1.43679781999234,-68.4828936273069,100.304846468766,-0.304877860877659,99.9999686078884,0,0
70,69,560,520,20,critical_zone,18,directional,400,300,15,-116.565051177078,120,272.075357208256,-68.7480089948455,-0.0592437591840776,-68.8072527540296,53.9726266148964,-0.159514663700417,53.813111951196,0,0
70,69,560,520,20,critical_zone,19,directional,300,300,15,-135,120,340.624426605022,-70.6997406051428,-1.54133425664729,-72.2410748617901,40.2363583092738,0.413490877782828,40.6498491870566,0,0
70,69,560,520,20,critical_zone,20,omni,300,500,15,180,360,260.816027114899,-68.3809103387501,0.756673454969582,-67.6242368837805,4.39870535499553,-0.391815572054209,NaN,1,1
70,69,560,520,20,critical_zone,21,omni,500,350,15,-90,360,180.346887968714,-65.1763978865683,2.98262391414026,-62.1937739724281,70.5599651718238,-0.459886187215097,NaN,1,1
70,69,560,520,20,critical_zone,22,omni,700,500,15,0,360,141.509716980849,-63.0699500817949,1.41595662429697,-61.6539934574979,171.869897645844,-0.00477667306186174,NaN,1,1
70,69,560,520,20,critical_zone,23,omni,500,650,15,90,360,143.265487818944,-63.1770564921469,-1.26578172701525,-64.4428382191622,-65.2248594311681,0.545888808204092,NaN,1,1
71,70,560,520,20,critical_zone,0,omni,250,300,15,-141.34019174591,360,380.164438105407,-71.6536546147036,0.815818664121076,-70.8378359505826,35.3624618870691,-0.575340469316379,NaN,1,0
71,70,560,520,20,critical_zone,1,directional,250,350,15,-149.036243467926,120,353.588744164743,-71.0241934664292,0.375888325817335,-70.6483051406118,28.739795291688,-0.10259883123364,28.6371964604544,0,0
71,70,560,520,20,critical_zone,2,directional,250,450,15,-168.69006752598,120,317.844301506256,-70.098513425379,1.66477403654176,-68.4337393888372,12.7243556854224,-0.28392765536621,12.4404280300562,0,0
71,70,560,520,20,critical_zone,3,directional,250,550,15,168.69006752598,120,311.48836254345,-69.9230613483526,-1.01364562051851,-70.9367069688711,-5.52754015165617,0.165426026595756,-5.36211412506043,0,0
71,70,560,520,20,critical_zone,4,directional,250,650,15,149.036243467926,120,336.191909480285,-70.5859699912954,-1.83362804880223,-72.4195980400977,-22.7509763427876,0.17214173003793,-22.5788346127497,0,0
71,70,560,520,20,critical_zone,5,omni,250,700,15,141.34019174591,360,358.503835404867,-71.1441009596228,-0.419776329752794,-71.5638772893756,-30.1413855520753,-0.313354103346795,NaN,1,0
71,70,560,520,20,critical_zone,6,directional,300,700,15,135,120,316.267292017369,-70.0553104347425,0.757495193288802,-69.2978152414537,-34.695153531234,-0.49020153968337,-35.1853550709174,0,0
71,70,560,520,20,critical_zone,7,directional,400,700,15,116.565051177078,120,240.883789408918,-67.6903763255117,-0.144395458758809,-67.8347717842705,-48.3664606634298,0.20672060013938,-48.1597400632904,0,0
71,70,560,520,20,critical_zone,8,directional,600,700,15,63.434948822922,120,184.458667456967,-65.3722061729858,-1.71569575685372,-67.0879019298396,-102.528807709152,0.533159758718393,-101.995647950433,0,0
71,70,560,520,20,critical_zone,9,directional,700,700,15,45,120,228.089894559141,-67.2163457230688,0.485753986494324,-66.7305917365744,-127.874983651098,0.0868544340501195,-127.788129217048,0,0
71,70,560,520,20,critical_zone,10,omni,750,700,15,38.6598082540901,360,261.772802254168,-68.4127152763475,-1.59879868736111,-70.0115139637086,-136.548157698978,-0.108056953510202,NaN,1,0
71,70,560,520,20,critical_zone,11,directional,750,650,15,30.9637565320735,120,230.271578793389,-67.2990316061181,-1.27634271855887,-68.575374324677,-145.619655276155,0.352212147114431,-145.267443129041,0,0
71,70,560,520,20,critical_zone,12,directional,750,550,15,11.3099324740202,120,192.418814048939,-65.7391755061646,-0.319196512457932,-66.0583720186225,-171.027373385104,0.407519424475565,-170.619853960628,0,0
71,70,560,520,20,critical_zone,13,directional,750,450,15,-11.3099324740202,120,202.546291005291,-66.1847107314834,1.09672477021117,-65.0879859612723,159.775140568832,-0.021737660169767,159.753402908662,0,0
71,70,560,520,20,critical_zone,14,directional,750,350,15,-30.9637565320735,120,255,-68.1850284429112,-0.869371319768682,-69.0543997626799,138.179830119864,-0.838463334455853,137.341366785408,0,0
71,70,560,520,20,critical_zone,15,omni,750,300,15,-38.6598082540901,360,290.731835202133,-69.3240766286102,1.09912063815331,-68.2249559904569,130.815083874882,-0.513460464742148,NaN,1,1
71,70,560,520,20,critical_zone,16,directional,700,300,15,-45,120,260.816027114899,-68.3809103387501,-0.373667493487024,-68.7545778322371,122.471192290848,0.579676770646791,123.050869061495,0,0
71,70,560,520,20,critical_zone,17,directional,600,300,15,-63.434948822922,120,223.66269246345,-67.0460958073146,2.48230087814613,-64.5637949291685,100.304846468766,0.501427693639284,100.806274162405,0,0
71,70,560,520,20,critical_zone,18,directional,400,300,15,-116.565051177078,120,272.075357208256,-68.7480089948455,0.0952260007196495,-68.6527829941258,53.9726266148964,0.222219733357033,54.1948463482534,0,0
71,70,560,520,20,critical_zone,19,directional,300,300,15,-135,120,340.624426605022,-70.6997406051428,0.2297684784448,-70.469972126698,40.2363583092738,-0.27108120673611,39.9652771025377,0,0
71,70,560,520,20,critical_zone,20,omni,300,500,15,180,360,260.816027114899,-68.3809103387501,-2.11722635391918,-70.4981366926693,4.39870535499553,-0.150487881163382,NaN,1,0
71,70,560,520,20,critical_zone,21,omni,500,350,15,-90,360,180.346887968714,-65.1763978865683,1.37113337895791,-63.8052645076104,70.5599651718238,-0.592301399645548,NaN,1,1
71,70,560,520,20,critical_zone,22,omni,700,500,15,0,360,141.509716980849,-63.0699500817949,0.0373589475616653,-63.0325911342332,171.869897645844,-0.311815785081537,NaN,1,1
71,70,560,520,20,critical_zone,23,omni,500,650,15,90,360,143.265487818944,-63.1770564921469,-0.350279986259885,-63.5273364784068,-65.2248594311681,0.255670179292306,NaN,1,1
72,71,560,520,20,critical_zone,0,omni,250,300,15,-141.34019174591,360,380.164438105407,-71.6536546147036,1.22503700681811,-70.4286176078855,35.3624618870691,0.143899614169387,NaN,1,0
72,71,560,520,20,critical_zone,1,directional,250,350,15,-149.036243467926,120,353.588744164743,-71.0241934664292,-0.862771990169984,-71.8869654565991,28.739795291688,0.211153815711376,28.9509491073994,0,0
72,71,560,520,20,critical_zone,2,directional,250,450,15,-168.69006752598,120,317.844301506256,-70.098513425379,2.71853692519193,-67.379976500187,12.7243556854224,-0.400497893885557,12.3238577915368,0,0
72,71,560,520,20,critical_zone,3,directional,250,550,15,168.69006752598,120,311.48836254345,-69.9230613483526,-0.116108594005283,-70.0391699423579,-5.52754015165617,-0.209754187283727,-5.7372943389399,0,0
72,71,560,520,20,critical_zone,4,directional,250,650,15,149.036243467926,120,336.191909480285,-70.5859699912954,1.5232958420355,-69.0626741492599,-22.7509763427876,-0.482673947003097,-23.2336502897907,0,0
72,71,560,520,20,critical_zone,5,omni,250,700,15,141.34019174591,360,358.503835404867,-71.1441009596228,1.85443333928938,-69.2896676203335,-30.1413855520753,-0.297893557532374,NaN,1,1
72,71,560,520,20,critical_zone,6,directional,300,700,15,135,120,316.267292017369,-70.0553104347425,-0.368672595650638,-70.4239830303931,-34.695153531234,0.58796767118433,-34.1071858600496,0,0
72,71,560,520,20,critical_zone,7,directional,400,700,15,116.565051177078,120,240.883789408918,-67.6903763255117,-0.86164001130368,-68.5520163368153,-48.3664606634298,0.50101547683904,-47.8654451865908,0,0
72,71,560,520,20,critical_zone,8,directional,600,700,15,63.434948822922,120,184.458667456967,-65.3722061729858,0.0503485788803673,-65.3218575941055,-102.528807709152,0.730708836114217,-101.798098873037,0,0
72,71,560,520,20,critical_zone,9,directional,700,700,15,45,120,228.089894559141,-67.2163457230688,0.768523972552472,-66.4478217505163,-127.874983651098,0.812931298194632,-127.062052352904,0,0
72,71,560,520,20,critical_zone,10,omni,750,700,15,38.6598082540901,360,261.772802254168,-68.4127152763475,-1.06104204230723,-69.4737573186547,-136.548157698978,1.17985117808206,NaN,1,1
72,71,560,520,20,critical_zone,11,directional,750,650,15,30.9637565320735,120,230.271578793389,-67.2990316061181,0.897706629625843,-66.4013249764922,-145.619655276155,0.446207625246052,-145.173447650909,0,0
72,71,560,520,20,critical_zone,12,directional,750,550,15,11.3099324740202,120,192.418814048939,-65.7391755061646,1.08467285633035,-64.6545026498342,-171.027373385104,0.319757355978871,-170.707616029125,0,0
72,71,560,520,20,critical_zone,13,directional,750,450,15,-11.3099324740202,120,202.546291005291,-66.1847107314834,0.408591902665682,-65.7761188288177,159.775140568832,0.688122082253775,160.463262651086,0,0
72,71,560,520,20,critical_zone,14,directional,750,350,15,-30.9637565320735,120,255,-68.1850284429112,-0.294090209565434,-68.4791186524767,138.179830119864,0.237799526437709,138.417629646302,0,0
72,71,560,520,20,critical_zone,15,omni,750,300,15,-38.6598082540901,360,290.731835202133,-69.3240766286102,1.32986890331915,-67.994207725291,130.815083874882,0.659566754928895,NaN,1,1
72,71,560,520,20,critical_zone,16,directional,700,300,15,-45,120,260.816027114899,-68.3809103387501,-0.821408533304309,-69.2023188720544,122.471192290848,1.16049668430076,123.631688975149,0,0
72,71,560,520,20,critical_zone,17,directional,600,300,15,-63.434948822922,120,223.66269246345,-67.0460958073146,-0.589768682887685,-67.6358644902023,100.304846468766,0.64364887855837,100.948495347324,0,0
72,71,560,520,20,critical_zone,18,directional,400,300,15,-116.565051177078,120,272.075357208256,-68.7480089948455,-0.619678032302927,-69.3676870271484,53.9726266148964,-0.506761279408842,53.4658653354876,0,0
72,71,560,520,20,critical_zone,19,directional,300,300,15,-135,120,340.624426605022,-70.6997406051428,-2.4321587783777,-73.1318993835205,40.2363583092738,0.985539749797815,41.2218980590716,0,0
72,71,560,520,20,critical_zone,20,omni,300,500,15,180,360,260.816027114899,-68.3809103387501,-1.65461936072267,-70.0355296994727,4.39870535499553,-0.648455649420621,NaN,1,0
72,71,560,520,20,critical_zone,21,omni,500,350,15,-90,360,180.346887968714,-65.1763978865683,0.973579810572676,-64.2028180759957,70.5599651718238,0.0641027461234391,NaN,1,1
72,71,560,520,20,critical_zone,22,omni,700,500,15,0,360,141.509716980849,-63.0699500817949,-1.28273244228468,-64.3526825240795,171.869897645844,0.174025686232874,NaN,1,1
72,71,560,520,20,critical_zone,23,omni,500,650,15,90,360,143.265487818944,-63.1770564921469,1.27414870482189,-61.902907787325,-65.2248594311681,0.0459409316900056,NaN,1,1
73,72,560,520,20,critical_zone,0,omni,250,300,15,-141.34019174591,360,380.164438105407,-71.6536546147036,0.0330966221489822,-71.6205579925547,35.3624618870691,-0.234309164465906,NaN,1,0
73,72,560,520,20,critical_zone,1,directional,250,350,15,-149.036243467926,120,353.588744164743,-71.0241934664292,-0.204345204447002,-71.2285386708762,28.739795291688,-0.443561779826933,28.2962335118611,0,0
73,72,560,520,20,critical_zone,2,directional,250,450,15,-168.69006752598,120,317.844301506256,-70.098513425379,-1.08615701982332,-71.1846704452023,12.7243556854224,-0.0668352464497284,12.6575204389726,0,0
73,72,560,520,20,critical_zone,3,directional,250,550,15,168.69006752598,120,311.48836254345,-69.9230613483526,1.25493433043132,-68.6681270179213,-5.52754015165617,0.196244097356341,-5.33129605429983,0,0
73,72,560,520,20,critical_zone,4,directional,250,650,15,149.036243467926,120,336.191909480285,-70.5859699912954,-0.751015118841091,-71.3369851101365,-22.7509763427876,0.0316497794325755,-22.7193265633551,0,0
73,72,560,520,20,critical_zone,5,omni,250,700,15,141.34019174591,360,358.503835404867,-71.1441009596228,0.717735656500018,-70.4263653031228,-30.1413855520753,0.588446508697595,NaN,1,0
73,72,560,520,20,critical_zone,6,directional,300,700,15,135,120,316.267292017369,-70.0553104347425,1.14002595786488,-68.9152844768776,-34.695153531234,0.290647159094424,-34.4045063721395,0,0
73,72,560,520,20,critical_zone,7,directional,400,700,15,116.565051177078,120,240.883789408918,-67.6903763255117,0.379173318195585,-67.3112030073161,-48.3664606634298,-0.392563188691213,-48.759023852121,0,0
73,72,560,520,20,critical_zone,8,directional,600,700,15,63.434948822922,120,184.458667456967,-65.3722061729858,-0.59814973027418,-65.97035590326,-102.528807709152,0.434763204411509,-102.09404450474,0,0
73,72,560,520,20,critical_zone,9,directional,700,700,15,45,120,228.089894559141,-67.2163457230688,0.0174989534402934,-67.1988467696285,-127.874983651098,-0.195817136277636,-128.070800787376,0,0
73,72,560,520,20,critical_zone,10,omni,750,700,15,38.6598082540901,360,261.772802254168,-68.4127152763475,-1.43286955877109,-69.8455848351186,-136.548157698978,-0.651535937710606,NaN,1,1
73,72,560,520,20,critical_zone,11,directional,750,650,15,30.9637565320735,120,230.271578793389,-67.2990316061181,0.251365419625265,-67.0476661864928,-145.619655276155,0.201834113369585,-145.417821162786,0,0
73,72,560,520,20,critical_zone,12,directional,750,550,15,11.3099324740202,120,192.418814048939,-65.7391755061646,-0.0276375129908224,-65.7668130191554,-171.027373385104,-0.0205439416914892,-171.047917326795,0,0
73,72,560,520,20,critical_zone,13,directional,750,450,15,-11.3099324740202,120,202.546291005291,-66.1847107314834,0.416880172367339,-65.7678305591161,159.775140568832,0.159640042913594,159.934780611746,0,0
73,72,560,520,20,critical_zone,14,directional,750,350,15,-30.9637565320735,120,255,-68.1850284429112,0.666826493102795,-67.5182019498084,138.179830119864,0.0908886358333812,138.270718755698,0,0
73,72,560,520,20,critical_zone,15,omni,750,300,15,-38.6598082540901,360,290.731835202133,-69.3240766286102,-0.680011675929519,-70.0040883045397,130.815083874882,0.063353112943592,NaN,1,0
73,72,560,520,20,critical_zone,16,directional,700,300,15,-45,120,260.816027114899,-68.3809103387501,-1.27704502169574,-69.6579553604458,122.471192290848,0.0541336876972159,122.525325978546,0,0
73,72,560,520,20,critical_zone,17,directional,600,300,15,-63.434948822922,120,223.66269246345,-67.0460958073146,-0.791752607130559,-67.8378484144452,100.304846468766,-0.751046691143252,99.5537997776228,0,0
73,72,560,520,20,critical_zone,18,directional,400,300,15,-116.565051177078,120,272.075357208256,-68.7480089948455,-1.05776695352611,-69.8057759483716,53.9726266148964,-0.391272780277698,53.5813538346187,0,0
73,72,560,520,20,critical_zone,19,directional,300,300,15,-135,120,340.624426605022,-70.6997406051428,-0.373813304782291,-71.0735539099251,40.2363583092738,0.0439352614359427,40.2802935707098,0,0
73,72,560,520,20,critical_zone,20,omni,300,500,15,180,360,260.816027114899,-68.3809103387501,-0.471240257772375,-68.8521505965225,4.39870535499553,0.387574525798545,NaN,1,1
73,72,560,520,20,critical_zone,21,omni,500,350,15,-90,360,180.346887968714,-65.1763978865683,-0.683547154882679,-65.859945041451,70.5599651718238,-0.540065168033184,NaN,1,1
73,72,560,520,20,critical_zone,22,omni,700,500,15,0,360,141.509716980849,-63.0699500817949,0.167379300637827,-62.902570781157,171.869897645844,-0.830528652047108,NaN,1,1
73,72,560,520,20,critical_zone,23,omni,500,650,15,90,360,143.265487818944,-63.1770564921469,1.77917430131089,-61.397882190836,-65.2248594311681,-0.286885754918228,NaN,1,1
74,73,560,520,20,critical_zone,0,omni,250,300,15,-141.34019174591,360,380.164438105407,-71.6536546147036,1.67132607504758,-69.9823285396561,35.3624618870691,-0.534945904815934,NaN,1,1
74,73,560,520,20,critical_zone,1,directional,250,350,15,-149.036243467926,120,353.588744164743,-71.0241934664292,0.329514155860055,-70.6946793105691,28.739795291688,0.075333500277383,28.8151287919654,0,0
74,73,560,520,20,critical_zone,2,directional,250,450,15,-168.69006752598,120,317.844301506256,-70.098513425379,2.48204209653166,-67.6164713288473,12.7243556854224,0.844944480369896,13.5693001657923,0,0
74,73,560,520,20,critical_zone,3,directional,250,550,15,168.69006752598,120,311.48836254345,-69.9230613483526,-2.42416230103207,-72.3472236493847,-5.52754015165617,0.580031044490396,-4.94750910716579,0,0
74,73,560,520,20,critical_zone,4,directional,250,650,15,149.036243467926,120,336.191909480285,-70.5859699912954,0.33458267116775,-70.2513873201277,-22.7509763427876,-0.741828054846111,-23.4928043976337,0,0
74,73,560,520,20,critical_zone,5,omni,250,700,15,141.34019174591,360,358.503835404867,-71.1441009596228,1.37017554274919,-69.7739254168737,-30.1413855520753,-0.545756559239742,NaN,1,1
74,73,560,520,20,critical_zone,6,directional,300,700,15,135,120,316.267292017369,-70.0553104347425,-0.954329589630583,-71.0096400243731,-34.695153531234,0.181577647595355,-34.5135758836386,0,0
74,73,560,520,20,critical_zone,7,directional,400,700,15,116.565051177078,120,240.883789408918,-67.6903763255117,-2.04435998582292,-69.7347363113346,-48.3664606634298,0.388923720014836,-47.977536943415,0,0
74,73,560,520,20,critical_zone,8,directional,600,700,15,63.434948822922,120,184.458667456967,-65.3722061729858,-0.524670971649586,-65.8968771446354,-102.528807709152,0.222653352477871,-102.306154356674,0,0
74,73,560,520,20,critical_zone,9,directional,700,700,15,45,120,228.089894559141,-67.2163457230688,-1.91763548255372,-69.1339812056225,-127.874983651098,0.229852619536005,-127.645131031562,0,0
74,73,560,520,20,critical_zone,10,omni,750,700,15,38.6598082540901,360,261.772802254168,-68.4127152763475,-0.713420660893776,-69.1261359372413,-136.548157698978,-0.274488390988247,NaN,1,1
74,73,560,520,20,critical_zone,11,directional,750,650,15,30.9637565320735,120,230.271578793389,-67.2990316061181,1.62086153360024,-65.6781700725178,-145.619655276155,-0.00713843663312543,-145.626793712788,0,0
74,73,560,520,20,critical_zone,12,directional,750,550,15,11.3099324740202,120,192.418814048939,-65.7391755061646,0.0452450262510927,-65.6939304799135,-171.027373385104,0.165396007558354,-170.861977377545,0,0
74,73,560,520,20,critical_zone,13,directional,750,450,15,-11.3099324740202,120,202.546291005291,-66.1847107314834,-1.48155075501093,-67.6662614864943,159.775140568832,-0.302224173870885,159.472916394961,0,0
74,73,560,520,20,critical_zone,14,directional,750,350,15,-30.9637565320735,120,255,-68.1850284429112,-1.50871608151703,-69.6937445244283,138.179830119864,0.113438156654934,138.293268276519,0,0
74,73,560,520,20,critical_zone,15,omni,750,300,15,-38.6598082540901,360,290.731835202133,-69.3240766286102,-0.44101175704349,-69.7650883856537,130.815083874882,-0.671066703780663,NaN,1,1
74,73,560,520,20,critical_zone,16,directional,700,300,15,-45,120,260.816027114899,-68.3809103387501,1.14424342138583,-67.2366669173643,122.471192290848,-0.851474304076845,121.619717986772,0,0
74,73,560,520,20,critical_zone,17,directional,600,300,15,-63.434948822922,120,223.66269246345,-67.0460958073146,-1.69720682404665,-68.7433026313612,100.304846468766,-0.226155651576665,100.078690817189,0,0
74,73,560,520,20,critical_zone,18,directional,400,300,15,-116.565051177078,120,272.075357208256,-68.7480089948455,-2.9126678349017,-71.6606768297472,53.9726266148964,0.663706403128081,54.6363330180245,0,0
74,73,560,520,20,critical_zone,19,directional,300,300,15,-135,120,340.624426605022,-70.6997406051428,-1.12883960204794,-71.8285802071907,40.2363583092738,0.612745645691226,40.849103954965,0,0
74,73,560,520,20,critical_zone,20,omni,300,500,15,180,360,260.816027114899,-68.3809103387501,0.810061201159851,-67.5708491375902,4.39870535499553,1.26492327631825,NaN,1,1
74,73,560,520,20,critical_zone,21,omni,500,350,15,-90,360,180.346887968714,-65.1763978865683,-0.465042439872273,-65.6414403264406,70.5599651718238,-0.047485156036812,NaN,1,1
74,73,560,520,20,critical_zone,22,omni,700,500,15,0,360,141.509716980849,-63.0699500817949,-0.868746168389724,-63.9386962501846,171.869897645844,-1.0125430060424,NaN,1,1
74,73,560,520,20,critical_zone,23,omni,500,650,15,90,360,143.265487818944,-63.1770564921469,-1.68819309082965,-64.8652495829766,-65.2248594311681,-0.0235799666633011,NaN,1,1
75,74,560,520,20,critical_zone,0,omni,250,300,15,-141.34019174591,360,380.164438105407,-71.6536546147036,-0.582465985590064,-72.2361206002937,35.3624618870691,-0.18575066644018,NaN,1,0
75,74,560,520,20,critical_zone,1,directional,250,350,15,-149.036243467926,120,353.588744164743,-71.0241934664292,1.51468851976186,-69.5095049466673,28.739795291688,-0.603313435873889,28.1364818558142,0,0
75,74,560,520,20,critical_zone,2,directional,250,450,15,-168.69006752598,120,317.844301506256,-70.098513425379,0.552724573755848,-69.5457888516231,12.7243556854224,0.420150420109016,13.1445061055314,0,0
75,74,560,520,20,critical_zone,3,directional,250,550,15,168.69006752598,120,311.48836254345,-69.9230613483526,0.416242812336943,-69.5068185360157,-5.52754015165617,0.431235141722429,-5.09630500993373,0,0
75,74,560,520,20,critical_zone,4,directional,250,650,15,149.036243467926,120,336.191909480285,-70.5859699912954,0.0902100321443595,-70.4957599591511,-22.7509763427876,0.776907797852211,-21.9740685449354,0,0
75,74,560,520,20,critical_zone,5,omni,250,700,15,141.34019174591,360,358.503835404867,-71.1441009596228,0.610384716608904,-70.5337162430139,-30.1413855520753,0.354021426649904,NaN,1,0
75,74,560,520,20,critical_zone,6,directional,300,700,15,135,120,316.267292017369,-70.0553104347425,0.0267511040746955,-70.0285593306678,-34.695153531234,0.337123500175349,-34.3580300310586,0,0
75,74,560,520,20,critical_zone,7,directional,400,700,15,116.565051177078,120,240.883789408918,-67.6903763255117,0.438271629357011,-67.2521046961547,-48.3664606634298,0.463684180619686,-47.9027764828101,0,0
75,74,560,520,20,critical_zone,8,directional,600,700,15,63.434948822922,120,184.458667456967,-65.3722061729858,0.269618514017249,-65.1025876589686,-102.528807709152,0.440942762699909,-102.087864946452,0,0
75,74,560,520,20,critical_zone,9,directional,700,700,15,45,120,228.089894559141,-67.2163457230688,1.26632270934839,-65.9500230137204,-127.874983651098,0.319513539753792,-127.555470111344,0,0
75,74,560,520,20,critical_zone,10,omni,750,700,15,38.6598082540901,360,261.772802254168,-68.4127152763475,0.311695196375315,-68.1010200799722,-136.548157698978,-0.042010862288839,NaN,1,1
75,74,560,520,20,critical_zone,11,directional,750,650,15,30.9637565320735,120,230.271578793389,-67.2990316061181,2.23802453559026,-65.0610070705278,-145.619655276155,0.819729789288691,-144.799925486866,0,0
75,74,560,520,20,critical_zone,12,directional,750,550,15,11.3099324740202,120,192.418814048939,-65.7391755061646,-1.01087373708818,-66.7500492432527,-171.027373385104,-0.449951441641792,-171.477324826745,0,0
75,74,560,520,20,critical_zone,13,directional,750,450,15,-11.3099324740202,120,202.546291005291,-66.1847107314834,2.14879925405084,-64.0359114774326,159.775140568832,-0.0569357808726919,159.718204787959,0,0
75,74,560,520,20,critical_zone,14,directional,750,350,15,-30.9637565320735,120,255,-68.1850284429112,-0.752106181571822,-68.9371346244831,138.179830119864,-0.557467495621234,137.622362624243,0,0
75,74,560,520,20,critical_zone,15,omni,750,300,15,-38.6598082540901,360,290.731835202133,-69.3240766286102,2.09206061513506,-67.2320160134751,130.815083874882,0.193226322255833,NaN,1,1
75,74,560,520,20,critical_zone,16,directional,700,300,15,-45,120,260.816027114899,-68.3809103387501,0.71789471245213,-67.6630156262979,122.471192290848,0.099380298574588,122.570572589423,0,0
75,74,560,520,20,critical_zone,17,directional,600,300,15,-63.434948822922,120,223.66269246345,-67.0460958073146,-2.21618416296538,-69.26227997028,100.304846468766,-0.198441715397658,100.106404753368,0,0
75,74,560,520,20,critical_zone,18,directional,400,300,15,-116.565051177078,120,272.075357208256,-68.7480089948455,0.295068472906055,-68.4529405219394,53.9726266148964,0.370208067484854,54.3428346823812,0,0
75,74,560,520,20,critical_zone,19,directional,300,300,15,-135,120,340.624426605022,-70.6997406051428,-2.05646136668001,-72.7562019718228,40.2363583092738,-0.432263908166284,39.8040944011075,0,0
75,74,560,520,20,critical_zone,20,omni,300,500,15,180,360,260.816027114899,-68.3809103387501,-0.650824825655781,-69.0317351644059,4.39870535499553,0.61749671560013,NaN,1,1
75,74,560,520,20,critical_zone,21,omni,500,350,15,-90,360,180.346887968714,-65.1763978865683,0.634114086940603,-64.5422837996277,70.5599651718238,0.517334967980392,NaN,1,1
75,74,560,520,20,critical_zone,22,omni,700,500,15,0,360,141.509716980849,-63.0699500817949,0.636147631590843,-62.433802450204,171.869897645844,0.928084350467358,NaN,1,1
75,74,560,520,20,critical_zone,23,omni,500,650,15,90,360,143.265487818944,-63.1770564921469,-0.285929396835895,-63.4629858889828,-65.2248594311681,-0.66574276407822,NaN,1,1
76,75,560,520,20,critical_zone,0,omni,250,300,15,-141.34019174591,360,380.164438105407,-71.6536546147036,-1.66701641239774,-73.3206710271014,35.3624618870691,0.278358490377598,NaN,1,0
76,75,560,520,20,critical_zone,1,directional,250,350,15,-149.036243467926,120,353.588744164743,-71.0241934664292,-0.854960095737392,-71.8791535621666,28.739795291688,-0.243191741073848,28.4966035506142,0,0
76,75,560,520,20,critical_zone,2,directional,250,450,15,-168.69006752598,120,317.844301506256,-70.098513425379,1.42933965275139,-68.6691737726276,12.7243556854224,0.0271009438369418,12.7514566292593,0,0
76,75,560,520,20,critical_zone,3,directional,250,550,15,168.69006752598,120,311.48836254345,-69.9230613483526,1.02328606084594,-68.8997752875067,-5.52754015165617,-0.633609683910875,-6.16114983556704,0,0
76,75,560,520,20,critical_zone,4,directional,250,650,15,149.036243467926,120,336.191909480285,-70.5859699912954,0.945794222460416,-69.640175768835,-22.7509763427876,0.247610674138476,-22.5033656686492,0,0
76,75,560,520,20,critical_zone,5,omni,250,700,15,141.34019174591,360,358.503835404867,-71.1441009596228,-0.686951858861418,-71.8310528184843,-30.1413855520753,-0.0874019457011052,NaN,1,0
76,75,560,520,20,critical_zone,6,directional,300,700,15,135,120,316.267292017369,-70.0553104347425,-1.02514607606077,-71.0804565108032,-34.695153531234,0.235424891814958,-34.459728639419,0,0
76,75,560,520,20,critical_zone,7,directional,400,700,15,116.565051177078,120,240.883789408918,-67.6903763255117,1.0936644640334,-66.5967118614783,-48.3664606634298,0.196266430642247,-48.1701942327876,0,0
76,75,560,520,20,critical_zone,8,directional,600,700,15,63.434948822922,120,184.458667456967,-65.3722061729858,-0.833139904524981,-66.2053460775108,-102.528807709152,0.508291685994365,-102.020516023157,0,0
76,75,560,520,20,critical_zone,9,directional,700,700,15,45,120,228.089894559141,-67.2163457230688,-0.256988869716395,-67.4733345927852,-127.874983651098,0.0795539716000206,-127.795429679498,0,0
76,75,560,520,20,critical_zone,10,omni,750,700,15,38.6598082540901,360,261.772802254168,-68.4127152763475,-0.281978833077943,-68.6946941094254,-136.548157698978,-0.163905694019174,NaN,1,1
76,75,560,520,20,critical_zone,11,directional,750,650,15,30.9637565320735,120,230.271578793389,-67.2990316061181,0.430741251588098,-66.86829035453,-145.619655276155,0.168223702899175,-145.451431573256,0,0
76,75,560,520,20,critical_zone,12,directional,750,550,15,11.3099324740202,120,192.418814048939,-65.7391755061646,-1.4497748736159,-67.1889503797805,-171.027373385104,-0.478741872104638,-171.506115257208,0,0
76,75,560,520,20,critical_zone,13,directional,750,450,15,-11.3099324740202,120,202.546291005291,-66.1847107314834,-0.129457154844489,-66.3141678863279,159.775140568832,0.249672863722842,160.024813432555,0,0
76,75,560,520,20,critical_zone,14,directional,750,350,15,-30.9637565320735,120,255,-68.1850284429112,-1.03773748624569,-69.2227659291569,138.179830119864,0.0792554353660901,138.25908555523,0,0
76,75,560,520,20,critical_zone,15,omni,750,300,15,-38.6598082540901,360,290.731835202133,-69.3240766286102,-0.855256798656105,-70.1793334272663,130.815083874882,-0.418792730989085,NaN,1,0
76,75,560,520,20,critical_zone,16,directional,700,300,15,-45,120,260.816027114899,-68.3809103387501,1.7720172499083,-66.6088930888418,122.471192290848,-0.560808861270566,121.910383429578,0,0
76,75,560,520,20,critical_zone,17,directional,600,300,15,-63.434948822922,120,223.66269246345,-67.0460958073146,-0.891171042912264,-67.9372668502269,100.304846468766,0.747914064920093,101.052760533686,0,0
76,75,560,520,20,critical_zone,18,directional,400,300,15,-116.565051177078,120,272.075357208256,-68.7480089948455,-0.582892374282987,-69.3309013691285,53.9726266148964,-0.185108741140432,53.787517873756,0,0
76,75,560,520,20,critical_zone,19,directional,300,300,15,-135,120,340.624426605022,-70.6997406051428,-0.533445454421827,-71.2331860595646,40.2363583092738,1.20100393000701,41.4373622392808,0,0
76,75,560,520,20,critical_zone,20,omni,300,500,15,180,360,260.816027114899,-68.3809103387501,0.872937452017577,-67.5079728867325,4.39870535499553,0.517919365343245,NaN,1,1
76,75,560,520,20,critical_zone,21,omni,500,350,15,-90,360,180.346887968714,-65.1763978865683,-0.198824213387519,-65.3752220999559,70.5599651718238,0.241751748515442,NaN,1,1
76,75,560,520,20,critical_zone,22,omni,700,500,15,0,360,141.509716980849,-63.0699500817949,0.47035627144515,-62.5995938103497,171.869897645844,0.0855841977039742,NaN,1,1
76,75,560,520,20,critical_zone,23,omni,500,650,15,90,360,143.265487818944,-63.1770564921469,-0.838176360418061,-64.015232852565,-65.2248594311681,0.444742259969759,NaN,1,1
77,76,560,520,20,critical_zone,0,omni,250,300,15,-141.34019174591,360,380.164438105407,-71.6536546147036,1.01778498582781,-70.6358696288758,35.3624618870691,0.300396226027253,NaN,1,0
77,76,560,520,20,critical_zone,1,directional,250,350,15,-149.036243467926,120,353.588744164743,-71.0241934664292,0.977302468501705,-70.0468909979274,28.739795291688,0.684072677104384,29.4238679687924,0,0
77,76,560,520,20,critical_zone,2,directional,250,450,15,-168.69006752598,120,317.844301506256,-70.098513425379,0.801520184296176,-69.2969932410828,12.7243556854224,0.0286474552773921,12.7530031406997,0,0
77,76,560,520,20,critical_zone,3,directional,250,550,15,168.69006752598,120,311.48836254345,-69.9230613483526,-0.749359834104016,-70.6724211824566,-5.52754015165617,-0.09508014690593,-5.62262029856211,0,0
77,76,560,520,20,critical_zone,4,directional,250,650,15,149.036243467926,120,336.191909480285,-70.5859699912954,-0.476415373874186,-71.0623853651696,-22.7509763427876,-0.0977224811381751,-22.8486988239258,0,0
77,76,560,520,20,critical_zone,5,omni,250,700,15,141.34019174591,360,358.503835404867,-71.1441009596228,-0.827431627074083,-71.9715325866969,-30.1413855520753,0.70438985717834,NaN,1,0
77,76,560,520,20,critical_zone,6,directional,300,700,15,135,120,316.267292017369,-70.0553104347425,1.74535354454669,-68.3099568901958,-34.695153531234,0.159796683026787,-34.5353568482072,0,0
77,76,560,520,20,critical_zone,7,directional,400,700,15,116.565051177078,120,240.883789408918,-67.6903763255117,0.340121678820389,-67.3502546466913,-48.3664606634298,-0.625984900689817,-48.9924455641196,0,0
77,76,560,520,20,critical_zone,8,directional,600,700,15,63.434948822922,120,184.458667456967,-65.3722061729858,-1.9445791542943,-67.3167853272801,-102.528807709152,0.528285141944197,-102.000522567207,0,0
77,76,560,520,20,critical_zone,9,directional,700,700,15,45,120,228.089894559141,-67.2163457230688,0.760099714591009,-66.4562460084778,-127.874983651098,-0.121330972253934,-127.996314623352,0,0
77,76,560,520,20,critical_zone,10,omni,750,700,15,38.6598082540901,360,261.772802254168,-68.4127152763475,0.897057278016368,-67.5156579983311,-136.548157698978,-0.0864455244551689,NaN,1,1
77,76,560,520,20,critical_zone,11,directional,750,650,15,30.9637565320735,120,230.271578793389,-67.2990316061181,0.214389807780054,-67.084641798338,-145.619655276155,-0.11978663923652,-145.739441915392,0,0
77,76,560,520,20,critical_zone,12,directional,750,550,15,11.3099324740202,120,192.418814048939,-65.7391755061646,3.18849931305314,-62.5506761931114,-171.027373385104,-0.668250106684961,-171.695623491789,0,0
77,76,560,520,20,critical_zone,13,directional,750,450,15,-11.3099324740202,120,202.546291005291,-66.1847107314834,-2.39894788653295,-68.5836586180164,159.775140568832,-0.169091411655398,159.606049157177,0,0
77,76,560,520,20,critical_zone,14,directional,750,350,15,-30.9637565320735,120,255,-68.1850284429112,0.540710443757582,-67.6443179991537,138.179830119864,0.791526731114814,138.971356850979,0,0
77,76,560,520,20,critical_zone,15,omni,750,300,15,-38.6598082540901,360,290.731835202133,-69.3240766286102,0.0661681808052138,-69.257908447805,130.815083874882,0.808463145676356,NaN,1,1
77,76,560,520,20,critical_zone,16,directional,700,300,15,-45,120,260.816027114899,-68.3809103387501,0.376418145074649,-68.0044921936754,122.471192290848,0.22780737411542,122.698999664964,0,0
77,76,560,520,20,critical_zone,17,directional,600,300,15,-63.434948822922,120,223.66269246345,-67.0460958073146,-0.619996779083835,-67.6660925863984,100.304846468766,-1.05058157630187,99.2542648924642,0,0
77,76,560,520,20,critical_zone,18,directional,400,300,15,-116.565051177078,120,272.075357208256,-68.7480089948455,0.834662763280699,-67.9133462315648,53.9726266148964,-0.253284146443382,53.719342468453,0,0
77,76,560,520,20,critical_zone,19,directional,300,300,15,-135,120,340.624426605022,-70.6997406051428,-0.254102388019188,-70.953842993162,40.2363583092738,-0.538191675171573,39.6981666341023,0,0
77,76,560,520,20,critical_zone,20,omni,300,500,15,180,360,260.816027114899,-68.3809103387501,-0.270797570284118,-68.6517079090342,4.39870535499553,0.15278038698486,NaN,1,1
77,76,560,520,20,critical_zone,21,omni,500,350,15,-90,360,180.346887968714,-65.1763978865683,0.0152830527790126,-65.1611148337893,70.5599651718238,-0.364091343088958,NaN,1,1
77,76,560,520,20,critical_zone,22,omni,700,500,15,0,360,141.509716980849,-63.0699500817949,-0.777032536183302,-63.8469826179782,171.869897645844,0.196134473207162,NaN,1,1
77,76,560,520,20,critical_zone,23,omni,500,650,15,90,360,143.265487818944,-63.1770564921469,-0.0518740309185586,-63.2289305230655,-65.2248594311681,-1.23703975651349,NaN,1,1
78,77,560,520,20,critical_zone,0,omni,250,300,15,-141.34019174591,360,380.164438105407,-71.6536546147036,0.94932979448438,-70.7043248202193,35.3624618870691,-0.770372584936506,NaN,1,0
78,77,560,520,20,critical_zone,1,directional,250,350,15,-149.036243467926,120,353.588744164743,-71.0241934664292,-0.392663540115166,-71.4168570065443,28.739795291688,0.232186818987864,28.9719821106759,0,0
78,77,560,520,20,critical_zone,2,directional,250,450,15,-168.69006752598,120,317.844301506256,-70.098513425379,-0.799634463503965,-70.8981478888829,12.7243556854224,-0.435956503942132,12.2883991814802,0,0
78,77,560,520,20,critical_zone,3,directional,250,550,15,168.69006752598,120,311.48836254345,-69.9230613483526,0.832989605287023,-69.0900717430656,-5.52754015165617,0.117572414660737,-5.40996773699544,0,0
78,77,560,520,20,critical_zone,4,directional,250,650,15,149.036243467926,120,336.191909480285,-70.5859699912954,0.583577055058794,-70.0023929362366,-22.7509763427876,0.032581571020676,-22.718394771767,0,0
78,77,560,520,20,critical_zone,5,omni,250,700,15,141.34019174591,360,358.503835404867,-71.1441009596228,0.081414084162174,-71.0626868754607,-30.1413855520753,-0.0455787938166632,NaN,1,0
78,77,560,520,20,critical_zone,6,directional,300,700,15,135,120,316.267292017369,-70.0553104347425,-0.237555920253569,-70.292866354996,-34.695153531234,0.408393600299359,-34.2867599309346,0,0
78,77,560,520,20,critical_zone,7,directional,400,700,15,116.565051177078,120,240.883789408918,-67.6903763255117,-1.33148315816048,-69.0218594836721,-48.3664606634298,0.357717591932229,-48.0087430714976,0,0
78,77,560,520,20,critical_zone,8,directional,600,700,15,63.434948822922,120,184.458667456967,-65.3722061729858,0.386238026253726,-64.9859681467321,-102.528807709152,-0.453203282943799,-102.982010992095,0,0
78,77,560,520,20,critical_zone,9,directional,700,700,15,45,120,228.089894559141,-67.2163457230688,-0.161549570836604,-67.3778952939054,-127.874983651098,-0.997237537895092,-128.872221188993,0,0
78,77,560,520,20,critical_zone,10,omni,750,700,15,38.6598082540901,360,261.772802254168,-68.4127152763475,0.832599233808764,-67.5801160425387,-136.548157698978,1.36945479846,NaN,1,1
78,77,560,520,20,critical_zone,11,directional,750,650,15,30.9637565320735,120,230.271578793389,-67.2990316061181,-1.14422793820394,-68.443259544322,-145.619655276155,-0.65532085478908,-146.274976130944,0,0
78,77,560,520,20,critical_zone,12,directional,750,550,15,11.3099324740202,120,192.418814048939,-65.7391755061646,0.321867364764901,-65.4173081413997,-171.027373385104,0.322493814996901,-170.704879570107,0,0
78,77,560,520,20,critical_zone,13,directional,750,450,15,-11.3099324740202,120,202.546291005291,-66.1847107314834,-1.23146082368961,-67.416171555173,159.775140568832,0.708473530607785,160.48361409944,0,0
78,77,560,520,20,critical_zone,14,directional,750,350,15,-30.9637565320735,120,255,-68.1850284429112,-0.414786370796696,-68.5998148137079,138.179830119864,-0.00834575653527393,138.171484363329,0,0
78,77,560,520,20,critical_zone,15,omni,750,300,15,-38.6598082540901,360,290.731835202133,-69.3240766286102,0.387519557541063,-68.9365570710691,130.815083874882,0.0950952210066767,NaN,1,1
78,77,560,520,20,critical_zone,16,directional,700,300,15,-45,120,260.816027114899,-68.3809103387501,1.53569988163697,-66.8452104571131,122.471192290848,-0.110598175844349,122.360594115004,0,0
78,77,560,520,20,critical_zone,17,directional,600,300,15,-63.434948822922,120,223.66269246345,-67.0460958073146,0.383358103183534,-66.6627377041311,100.304846468766,0.912931538783196,101.217778007549,0,0
78,77,560,520,20,critical_zone,18,directional,400,300,15,-116.565051177078,120,272.075357208256,-68.7480089948455,-0.42835388317931,-69.1763628780248,53.9726266148964,-0.0927659465195773,53.8798606683768,0,0
78,77,560,520,20,critical_zone,19,directional,300,300,15,-135,120,340.624426605022,-70.6997406051428,-0.406196576294538,-71.1059371814373,40.2363583092738,0.104317949583081,40.3406762588569,0,0
78,77,560,520,20,critical_zone,20,omni,300,500,15,180,360,260.816027114899,-68.3809103387501,1.12379127877917,-67.2571190599709,4.39870535499553,-0.645418049192493,NaN,1,1
78,77,560,520,20,critical_zone,21,omni,500,350,15,-90,360,180.346887968714,-65.1763978865683,0.000157011366720588,-65.1762408752016,70.5599651718238,0.697366876469487,NaN,1,1
78,77,560,520,20,critical_zone,22,omni,700,500,15,0,360,141.509716980849,-63.0699500817949,1.11595427768607,-61.9539958041088,171.869897645844,0.495121444282373,NaN,1,1
78,77,560,520,20,critical_zone,23,omni,500,650,15,90,360,143.265487818944,-63.1770564921469,-0.173905315138885,-63.3509618072858,-65.2248594311681,-0.0770675396174521,NaN,1,1
79,78,560,520,20,critical_zone,0,omni,250,300,15,-141.34019174591,360,380.164438105407,-71.6536546147036,-2.14915736337692,-73.8028119780806,35.3624618870691,0.0382728330907425,NaN,1,0
79,78,560,520,20,critical_zone,1,directional,250,350,15,-149.036243467926,120,353.588744164743,-71.0241934664292,0.703773006258591,-70.3204204601706,28.739795291688,-0.102323056301275,28.6374722353868,0,0
79,78,560,520,20,critical_zone,2,directional,250,450,15,-168.69006752598,120,317.844301506256,-70.098513425379,1.50398929347089,-68.5945241319081,12.7243556854224,0.0725547537696688,12.796910439192,0,0
79,78,560,520,20,critical_zone,3,directional,250,550,15,168.69006752598,120,311.48836254345,-69.9230613483526,0.973065898187895,-68.9499954501647,-5.52754015165617,-0.0953658741192591,-5.62290602577542,0,0
79,78,560,520,20,critical_zone,4,directional,250,650,15,149.036243467926,120,336.191909480285,-70.5859699912954,0.677757183752419,-69.908212807543,-22.7509763427876,-0.172155163051296,-22.9231315058389,0,0
79,78,560,520,20,critical_zone,5,omni,250,700,15,141.34019174591,360,358.503835404867,-71.1441009596228,-0.46635839568725,-71.6104593553101,-30.1413855520753,0.221645651116048,NaN,1,0
79,78,560,520,20,critical_zone,6,directional,300,700,15,135,120,316.267292017369,-70.0553104347425,0.48691734138105,-69.5683930933614,-34.695153531234,-0.657448430288764,-35.3526019615227,0,0
79,78,560,520,20,critical_zone,7,directional,400,700,15,116.565051177078,120,240.883789408918,-67.6903763255117,-0.24123438777244,-67.9316107132841,-48.3664606634298,-0.345808251397103,-48.7122689148269,0,0
79,78,560,520,20,critical_zone,8,directional,600,700,15,63.434948822922,120,184.458667456967,-65.3722061729858,1.09540143818068,-64.2768047348052,-102.528807709152,-1.07834157173627,-103.607149280888,0,0
79,78,560,520,20,critical_zone,9,directional,700,700,15,45,120,228.089894559141,-67.2163457230688,0.993105113412191,-66.2232406096566,-127.874983651098,-0.238164443996276,-128.113148095094,0,0
79,78,560,520,20,critical_zone,10,omni,750,700,15,38.6598082540901,360,261.772802254168,-68.4127152763475,0.590180832186136,-67.8225344441613,-136.548157698978,0.705706984230218,NaN,1,1
79,78,560,520,20,critical_zone,11,directional,750,650,15,30.9637565320735,120,230.271578793389,-67.2990316061181,-0.624640621175627,-67.9236722272937,-145.619655276155,-0.0132444985920742,-145.632899774747,0,0
79,78,560,520,20,critical_zone,12,directional,750,550,15,11.3099324740202,120,192.418814048939,-65.7391755061646,-0.25045302738036,-65.9896285335449,-171.027373385104,-1.00199072618915,-172.029364111293,0,0
79,78,560,520,20,critical_zone,13,directional,750,450,15,-11.3099324740202,120,202.546291005291,-66.1847107314834,0.578558326923888,-65.6061524045595,159.775140568832,-0.0614434458715181,159.71369712296,0,0
79,78,560,520,20,critical_zone,14,directional,750,350,15,-30.9637565320735,120,255,-68.1850284429112,-1.32088832950985,-69.5059167724211,138.179830119864,0.976029961757144,139.155860081621,0,0
79,78,560,520,20,critical_zone,15,omni,750,300,15,-38.6598082540901,360,290.731835202133,-69.3240766286102,0.322191184701767,-69.0018854439084,130.815083874882,0.184295688142518,NaN,1,1
79,78,560,520,20,critical_zone,16,directional,700,300,15,-45,120,260.816027114899,-68.3809103387501,0.141746743976756,-68.2391635947733,122.471192290848,0.750816071431188,123.22200836228,0,0
79,78,560,520,20,critical_zone,17,directional,600,300,15,-63.434948822922,120,223.66269246345,-67.0460958073146,-0.835591375070375,-67.881687182385,100.304846468766,-0.44613111833024,99.8587153504358,0,0
79,78,560,520,20,critical_zone,18,directional,400,300,15,-116.565051177078,120,272.075357208256,-68.7480089948455,-2.07284197658443,-70.8208509714299,53.9726266148964,0.298599358940111,54.2712259738365,0,0
79,78,560,520,20,critical_zone,19,directional,300,300,15,-135,120,340.624426605022,-70.6997406051428,1.01296488272578,-69.686775722417,40.2363583092738,-0.0738989194651518,40.1624593898087,0,0
79,78,560,520,20,critical_zone,20,omni,300,500,15,180,360,260.816027114899,-68.3809103387501,-1.21381903370793,-69.594729372458,4.39870535499553,1.07702825463124,NaN,1,1
79,78,560,520,20,critical_zone,21,omni,500,350,15,-90,360,180.346887968714,-65.1763978865683,-2.1087865367049,-67.2851844232732,70.5599651718238,0.567476696906504,NaN,1,1
79,78,560,520,20,critical_zone,22,omni,700,500,15,0,360,141.509716980849,-63.0699500817949,1.39936193080054,-61.6705881509943,171.869897645844,0.20021961599114,NaN,1,1
79,78,560,520,20,critical_zone,23,omni,500,650,15,90,360,143.265487818944,-63.1770564921469,0.948046614245961,-62.2290098779009,-65.2248594311681,1.42561755219962,NaN,1,1
80,79,560,520,20,critical_zone,0,omni,250,300,15,-141.34019174591,360,380.164438105407,-71.6536546147036,2.0056726902522,-69.6479819244514,35.3624618870691,0.816129995117793,NaN,1,1
80,79,560,520,20,critical_zone,1,directional,250,350,15,-149.036243467926,120,353.588744164743,-71.0241934664292,-2.31229923455513,-73.3364927009843,28.739795291688,0.313639079446795,29.0534343711348,0,0
80,79,560,520,20,critical_zone,2,directional,250,450,15,-168.69006752598,120,317.844301506256,-70.098513425379,1.35471280253876,-68.7438006228402,12.7243556854224,-0.645812268073651,12.0785434173487,0,0
80,79,560,520,20,critical_zone,3,directional,250,550,15,168.69006752598,120,311.48836254345,-69.9230613483526,0.640985763941829,-69.2820755844108,-5.52754015165617,-0.851425291186678,-6.37896544284285,0,0
80,79,560,520,20,critical_zone,4,directional,250,650,15,149.036243467926,120,336.191909480285,-70.5859699912954,-1.78456575384161,-72.370535745137,-22.7509763427876,-0.164754419257908,-22.9157307620455,0,0
80,79,560,520,20,critical_zone,5,omni,250,700,15,141.34019174591,360,358.503835404867,-71.1441009596228,-1.11649670368482,-72.2605976633077,-30.1413855520753,0.607158836937523,NaN,1,0
80,79,560,520,20,critical_zone,6,directional,300,700,15,135,120,316.267292017369,-70.0553104347425,0.0609467971963886,-69.9943636375461,-34.695153531234,-0.607735300756572,-35.3028888319905,0,0
80,79,560,520,20,critical_zone,7,directional,400,700,15,116.565051177078,120,240.883789408918,-67.6903763255117,0.761562531871815,-66.9288137936398,-48.3664606634298,0.588133980405086,-47.7783266830247,0,0
80,79,560,520,20,critical_zone,8,directional,600,700,15,63.434948822922,120,184.458667456967,-65.3722061729858,1.64758788722278,-63.7246182857631,-102.528807709152,1.08481824422533,-101.443989464926,0,0
80,79,560,520,20,critical_zone,9,directional,700,700,15,45,120,228.089894559141,-67.2163457230688,-1.14255308311904,-68.3588988061878,-127.874983651098,-0.642834278077021,-128.517817929175,0,0
80,79,560,520,20,critical_zone,10,omni,750,700,15,38.6598082540901,360,261.772802254168,-68.4127152763475,1.28633741423366,-67.1263778621138,-136.548157698978,-0.0690861293697665,NaN,1,1
80,79,560,520,20,critical_zone,11,directional,750,650,15,30.9637565320735,120,230.271578793389,-67.2990316061181,2.40425968056592,-64.8947719255522,-145.619655276155,0.0384979125025284,-145.581157363653,0,0
80,79,560,520,20,critical_zone,12,directional,750,550,15,11.3099324740202,120,192.418814048939,-65.7391755061646,0.436888210329792,-65.3022872958348,-171.027373385104,0.405923624413945,-170.62144976069,0,0
80,79,560,520,20,critical_zone,13,directional,750,450,15,-11.3099324740202,120,202.546291005291,-66.1847107314834,-0.149671067658923,-66.3343817991423,159.775140568832,-0.0774575021686437,159.697683066663,0,0
80,79,560,520,20,critical_zone,14,directional,750,350,15,-30.9637565320735,120,255,-68.1850284429112,-1.11819263346128,-69.3032210763725,138.179830119864,0.380652257733935,138.560482377598,0,0
80,79,560,520,20,critical_zone,15,omni,750,300,15,-38.6598082540901,360,290.731835202133,-69.3240766286102,-0.576533293390467,-69.9006099220007,130.815083874882,-0.561146495346149,NaN,1,1
80,79,560,520,20,critical_zone,16,directional,700,300,15,-45,120,260.816027114899,-68.3809103387501,0.569345596641924,-67.8115647421082,122.471192290848,0.0517515885267412,122.522943879375,0,0
80,79,560,520,20,critical_zone,17,directional,600,300,15,-63.434948822922,120,223.66269246345,-67.0460958073146,-0.142490222469519,-67.1885860297841,100.304846468766,0.491987118504332,100.79683358727,0,0
80,79,560,520,20,critical_zone,18,directional,400,300,15,-116.565051177078,120,272.075357208256,-68.7480089948455,-0.732312335552409,-69.4803213303979,53.9726266148964,0.221825570652204,54.1944521855486,0,0
80,79,560,520,20,critical_zone,19,directional,300,300,15,-135,120,340.624426605022,-70.6997406051428,-1.92904520934597,-72.6287858144888,40.2363583092738,0.0245465315517333,40.2609048408256,0,0
80,79,560,520,20,critical_zone,20,omni,300,500,15,180,360,260.816027114899,-68.3809103387501,0.329209613030652,-68.0517007257194,4.39870535499553,0.421094765384787,NaN,1,1
80,79,560,520,20,critical_zone,21,omni,500,350,15,-90,360,180.346887968714,-65.1763978865683,-0.549345038251588,-65.7257429248199,70.5599651718238,-0.213865407434853,NaN,1,1
80,79,560,520,20,critical_zone,22,omni,700,500,15,0,360,141.509716980849,-63.0699500817949,-1.45877061363852,-64.5287206954334,171.869897645844,0.582367253745136,NaN,1,1
80,79,560,520,20,critical_zone,23,omni,500,650,15,90,360,143.265487818944,-63.1770564921469,-0.121608520738681,-63.2986650128856,-65.2248594311681,0.221633394293194,NaN,1,1
81,80,560,520,20,critical_zone,0,omni,250,300,15,-141.34019174591,360,380.164438105407,-71.6536546147036,0.167528386647912,-71.4861262280557,35.3624618870691,0.0634529115824961,NaN,1,0
81,80,560,520,20,critical_zone,1,directional,250,350,15,-149.036243467926,120,353.588744164743,-71.0241934664292,-0.304130263503489,-71.3283237299326,28.739795291688,-0.233815351497886,28.5059799401902,0,0
81,80,560,520,20,critical_zone,2,directional,250,450,15,-168.69006752598,120,317.844301506256,-70.098513425379,1.43249810741724,-68.6660153179617,12.7243556854224,-0.657762065167859,12.0665936202545,0,0
81,80,560,520,20,critical_zone,3,directional,250,550,15,168.69006752598,120,311.48836254345,-69.9230613483526,1.48417316140072,-68.4388881869519,-5.52754015165617,0.633416234762934,-4.89412391689325,0,0
81,80,560,520,20,critical_zone,4,directional,250,650,15,149.036243467926,120,336.191909480285,-70.5859699912954,1.48408755748244,-69.101882433813,-22.7509763427876,0.363561845359282,-22.3874144974284,0,0
81,80,560,520,20,critical_zone,5,omni,250,700,15,141.34019174591,360,358.503835404867,-71.1441009596228,0.652433799667333,-70.4916671599555,-30.1413855520753,1.21240471368747,NaN,1,0
81,80,560,520,20,critical_zone,6,directional,300,700,15,135,120,316.267292017369,-70.0553104347425,0.642438658749575,-69.4128717759929,-34.695153531234,0.437052104077134,-34.2581014271568,0,0
81,80,560,520,20,critical_zone,7,directional,400,700,15,116.565051177078,120,240.883789408918,-67.6903763255117,1.76335091948247,-65.9270254060292,-48.3664606634298,-0.359398266238113,-48.7258589296679,0,0
81,80,560,520,20,critical_zone,8,directional,600,700,15,63.434948822922,120,184.458667456967,-65.3722061729858,-0.896181291506726,-66.2683874644926,-102.528807709152,0.492873432959761,-102.035934276192,0,0
81,80,560,520,20,critical_zone,9,directional,700,700,15,45,120,228.089894559141,-67.2163457230688,-0.292701728954082,-67.5090474520229,-127.874983651098,0.149247091320246,-127.725736559778,0,0
81,80,560,520,20,critical_zone,10,omni,750,700,15,38.6598082540901,360,261.772802254168,-68.4127152763475,-0.549345224809106,-68.9620605011566,-136.548157698978,0.027899584012523,NaN,1,1
81,80,560,520,20,critical_zone,11,directional,750,650,15,30.9637565320735,120,230.271578793389,-67.2990316061181,2.34797392394504,-64.951057682173,-145.619655276155,-0.288785964329991,-145.908441240485,0,0
81,80,560,520,20,critical_zone,12,directional,750,550,15,11.3099324740202,120,192.418814048939,-65.7391755061646,2.09310955505775,-63.6460659511068,-171.027373385104,0.171234637492328,-170.856138747611,0,0
81,80,560,520,20,critical_zone,13,directional,750,450,15,-11.3099324740202,120,202.546291005291,-66.1847107314834,-0.0479445733043972,-66.2326553047878,159.775140568832,0.214605920801556,159.989746489633,0,0
81,80,560,520,20,critical_zone,14,directional,750,350,15,-30.9637565320735,120,255,-68.1850284429112,-0.662125034690355,-68.8471534776016,138.179830119864,0.361298064489787,138.541128184354,0,0
81,80,560,520,20,critical_zone,15,omni,750,300,15,-38.6598082540901,360,290.731835202133,-69.3240766286102,0.243683914158876,-69.0803927144513,130.815083874882,-0.00867076770871029,NaN,1,1
81,80,560,520,20,critical_zone,16,directional,700,300,15,-45,120,260.816027114899,-68.3809103387501,-1.09329288371241,-69.4742032224625,122.471192290848,0.478646074899368,122.949838365748,0,0
81,80,560,520,20,critical_zone,17,directional,600,300,15,-63.434948822922,120,223.66269246345,-67.0460958073146,1.05298885769504,-65.9931069496196,100.304846468766,-0.331322966848113,99.9735235019179,0,0
81,80,560,520,20,critical_zone,18,directional,400,300,15,-116.565051177078,120,272.075357208256,-68.7480089948455,0.789349708078392,-67.9586592867671,53.9726266148964,0.380787802106773,54.3534144170032,0,0
81,80,560,520,20,critical_zone,19,directional,300,300,15,-135,120,340.624426605022,-70.6997406051428,-0.609020842788231,-71.308761447931,40.2363583092738,0.436906885087722,40.6732651943615,0,0
81,80,560,520,20,critical_zone,20,omni,300,500,15,180,360,260.816027114899,-68.3809103387501,0.569315502142906,-67.8115948366072,4.39870535499553,-0.256100202557258,NaN,1,1
81,80,560,520,20,critical_zone,21,omni,500,350,15,-90,360,180.346887968714,-65.1763978865683,1.10940328660301,-64.0669945999653,70.5599651718238,0.208648466114889,NaN,1,1
81,80,560,520,20,critical_zone,22,omni,700,500,15,0,360,141.509716980849,-63.0699500817949,0.417761698852123,-62.6521883829427,171.869897645844,-0.216322376870443,NaN,1,1
81,80,560,520,20,critical_zone,23,omni,500,650,15,90,360,143.265487818944,-63.1770564921469,-1.9523867060265,-65.1294431981734,-65.2248594311681,-0.265554297937648,NaN,1,1
82,81,560,520,20,critical_zone,0,omni,250,300,15,-141.34019174591,360,380.164438105407,-71.6536546147036,1.65560373632337,-69.9980508783803,35.3624618870691,0.309846436700048,NaN,1,1
82,81,560,520,20,critical_zone,1,directional,250,350,15,-149.036243467926,120,353.588744164743,-71.0241934664292,-0.00814690439662015,-71.0323403708258,28.739795291688,-0.335875141636489,28.4039201500516,0,0
82,81,560,520,20,critical_zone,2,directional,250,450,15,-168.69006752598,120,317.844301506256,-70.098513425379,0.362873577885505,-69.7356398474935,12.7243556854224,0.330895593139976,13.0552512785623,0,0
82,81,560,520,20,critical_zone,3,directional,250,550,15,168.69006752598,120,311.48836254345,-69.9230613483526,0.455275393797631,-69.467785954555,-5.52754015165617,1.16878865680979,-4.35875149484639,0,0
82,81,560,520,20,critical_zone,4,directional,250,650,15,149.036243467926,120,336.191909480285,-70.5859699912954,-0.0214467624773729,-70.6074167537728,-22.7509763427876,-0.0736018988041652,-22.8245782415918,0,0
82,81,560,520,20,critical_zone,5,omni,250,700,15,141.34019174591,360,358.503835404867,-71.1441009596228,-0.940289419371711,-72.0843903789946,-30.1413855520753,-0.770278486698528,NaN,1,0
82,81,560,520,20,critical_zone,6,directional,300,700,15,135,120,316.267292017369,-70.0553104347425,-0.873308955276828,-70.9286193900193,-34.695153531234,0.179060538761716,-34.5160929924722,0,0
82,81,560,520,20,critical_zone,7,directional,400,700,15,116.565051177078,120,240.883789408918,-67.6903763255117,-0.961274212360405,-68.6516505378721,-48.3664606634298,0.409452410290535,-47.9570082531393,0,0
82,81,560,520,20,critical_zone,8,directional,600,700,15,63.434948822922,120,184.458667456967,-65.3722061729858,0.0535779152056501,-65.3186282577802,-102.528807709152,0.0555607086090238,-102.473247000542,0,0
82,81,560,520,20,critical_zone,9,directional,700,700,15,45,120,228.089894559141,-67.2163457230688,-1.54920342506513,-68.7655491481339,-127.874983651098,0.467594005881124,-127.407389645217,0,0
82,81,560,520,20,critical_zone,10,omni,750,700,15,38.6598082540901,360,261.772802254168,-68.4127152763475,-0.436308157335193,-68.8490234336827,-136.548157698978,-0.0649833740953208,NaN,1,1
82,81,560,520,20,critical_zone,11,directional,750,650,15,30.9637565320735,120,230.271578793389,-67.2990316061181,0.342445020106929,-66.9565865860112,-145.619655276155,-0.961555950512376,-146.581211226668,0,0
82,81,560,520,20,critical_zone,12,directional,750,550,15,11.3099324740202,120,192.418814048939,-65.7391755061646,-0.0185187223982053,-65.7576942285628,-171.027373385104,-0.0956716650731796,-171.123045050177,0,0
82,81,560,520,20,critical_zone,13,directional,750,450,15,-11.3099324740202,120,202.546291005291,-66.1847107314834,-0.738658679875314,-66.9233694113587,159.775140568832,-0.545213898738394,159.229926670094,0,0
82,81,560,520,20,critical_zone,14,directional,750,350,15,-30.9637565320735,120,255,-68.1850284429112,-0.483411532154849,-68.6684399750661,138.179830119864,-0.285228984878856,137.894601134985,0,0
82,81,560,520,20,critical_zone,15,omni,750,300,15,-38.6598082540901,360,290.731835202133,-69.3240766286102,0.682173250842033,-68.6419033777682,130.815083874882,-0.538116256894532,NaN,1,1
82,81,560,520,20,critical_zone,16,directional,700,300,15,-45,120,260.816027114899,-68.3809103387501,1.08846117046509,-67.292449168285,122.471192290848,0.0361282080490602,122.507320498898,0,0
82,81,560,520,20,critical_zone,17,directional,600,300,15,-63.434948822922,120,223.66269246345,-67.0460958073146,0.41614286719648,-66.6299529401181,100.304846468766,-0.429140122153214,99.8757063466128,0,0
82,81,560,520,20,critical_zone,18,directional,400,300,15,-116.565051177078,120,272.075357208256,-68.7480089948455,-0.27252220542531,-69.0205312002708,53.9726266148964,0.264415482960386,54.2370420978568,0,0
82,81,560,520,20,critical_zone,19,directional,300,300,15,-135,120,340.624426605022,-70.6997406051428,0.136435620837251,-70.5633049843055,40.2363583092738,0.458345816031498,40.6947041253053,0,0
82,81,560,520,20,critical_zone,20,omni,300,500,15,180,360,260.816027114899,-68.3809103387501,-0.0904393036057445,-68.4713496423558,4.39870535499553,0.340436082584747,NaN,1,1
82,81,560,520,20,critical_zone,21,omni,500,350,15,-90,360,180.346887968714,-65.1763978865683,0.049835988438623,-65.1265618981297,70.5599651718238,-0.0961517686879504,NaN,1,1
82,81,560,520,20,critical_zone,22,omni,700,500,15,0,360,141.509716980849,-63.0699500817949,0.38054840747229,-62.6894016743226,171.869897645844,0.373141060189743,NaN,1,1
82,81,560,520,20,critical_zone,23,omni,500,650,15,90,360,143.265487818944,-63.1770564921469,0.852345091862304,-62.3247114002846,-65.2248594311681,-0.390965004343661,NaN,1,1
83,82,560,520,20,critical_zone,0,omni,250,300,15,-141.34019174591,360,380.164438105407,-71.6536546147036,0.459624543499296,-71.1940300712043,35.3624618870691,-0.0756743147192611,NaN,1,0
83,82,560,520,20,critical_zone,1,directional,250,350,15,-149.036243467926,120,353.588744164743,-71.0241934664292,-0.960711571300276,-71.9849050377294,28.739795291688,0.284584619441682,29.0243799111297,0,0
83,82,560,520,20,critical_zone,2,directional,250,450,15,-168.69006752598,120,317.844301506256,-70.098513425379,-1.00775329793762,-71.1062667233166,12.7243556854224,-0.0747202439889358,12.6496354414334,0,0
83,82,560,520,20,critical_zone,3,directional,250,550,15,168.69006752598,120,311.48836254345,-69.9230613483526,-0.998845101249337,-70.921906449602,-5.52754015165617,-0.343300458736781,-5.87084061039295,0,0
83,82,560,520,20,critical_zone,4,directional,250,650,15,149.036243467926,120,336.191909480285,-70.5859699912954,0.0260641785993692,-70.5599058126961,-22.7509763427876,1.04177922951513,-21.7091971132725,0,0
83,82,560,520,20,critical_zone,5,omni,250,700,15,141.34019174591,360,358.503835404867,-71.1441009596228,0.508759487771252,-70.6353414718516,-30.1413855520753,0.500700650977855,NaN,1,0
83,82,560,520,20,critical_zone,6,directional,300,700,15,135,120,316.267292017369,-70.0553104347425,1.16573862834236,-68.8895718064001,-34.695153531234,0.765581260870702,-33.9295722703633,0,0
83,82,560,520,20,critical_zone,7,directional,400,700,15,116.565051177078,120,240.883789408918,-67.6903763255117,0.523065898001758,-67.1673104275099,-48.3664606634298,-0.927460459486281,-49.2939211229161,0,0
83,82,560,520,20,critical_zone,8,directional,600,700,15,63.434948822922,120,184.458667456967,-65.3722061729858,0.166395855178106,-65.2058103178077,-102.528807709152,0.894395511419836,-101.634412197732,0,0
83,82,560,520,20,critical_zone,9,directional,700,700,15,45,120,228.089894559141,-67.2163457230688,0.651183486805708,-66.5651622362631,-127.874983651098,-0.368055763516957,-128.243039414615,0,0
83,82,560,520,20,critical_zone,10,omni,750,700,15,38.6598082540901,360,261.772802254168,-68.4127152763475,0.540896789952241,-67.8718184863952,-136.548157698978,-0.2818163809271,NaN,1,1
83,82,560,520,20,critical_zone,11,directional,750,650,15,30.9637565320735,120,230.271578793389,-67.2990316061181,0.704387682108879,-66.5946439240092,-145.619655276155,0.0690506016424612,-145.550604674513,0,0
83,82,560,520,20,critical_zone,12,directional,750,550,15,11.3099324740202,120,192.418814048939,-65.7391755061646,-1.89647048859394,-67.6356459947585,-171.027373385104,-0.821996714539411,-171.849370099643,0,0
83,82,560,520,20,critical_zone,13,directional,750,450,15,-11.3099324740202,120,202.546291005291,-66.1847107314834,-0.162673364791101,-66.3473840962745,159.775140568832,0.473203883247982,160.24834445208,0,0
83,82,560,520,20,critical_zone,14,directional,750,350,15,-30.9637565320735,120,255,-68.1850284429112,-1.2717123427862,-69.4567407856974,138.179830119864,-0.378373116167282,137.801457003697,0,0
83,82,560,520,20,critical_zone,15,omni,750,300,15,-38.6598082540901,360,290.731835202133,-69.3240766286102,0.622640432124512,-68.7014361964857,130.815083874882,-0.40772942428732,NaN,1,1
83,82,560,520,20,critical_zone,16,directional,700,300,15,-45,120,260.816027114899,-68.3809103387501,-0.792128935941884,-69.173039274692,122.471192290848,0.109818102836775,122.581010393685,0,0
83,82,560,520,20,critical_zone,17,directional,600,300,15,-63.434948822922,120,223.66269246345,-67.0460958073146,0.393300902590775,-66.6527949047238,100.304846468766,-0.208941291274921,100.095905177491,0,0
83,82,560,520,20,critical_zone,18,directional,400,300,15,-116.565051177078,120,272.075357208256,-68.7480089948455,-0.390641185622464,-69.138650180468,53.9726266148964,-0.547921580225086,53.4247050346713,0,0
83,82,560,520,20,critical_zone,19,directional,300,300,15,-135,120,340.624426605022,-70.6997406051428,-1.00850766339558,-71.7082482685384,40.2363583092738,0.452735071740252,40.6890933810141,0,0
83,82,560,520,20,critical_zone,20,omni,300,500,15,180,360,260.816027114899,-68.3809103387501,-1.91409162755314,-70.2950019663032,4.39870535499553,0.441760338038919,NaN,1,0
83,82,560,520,20,critical_zone,21,omni,500,350,15,-90,360,180.346887968714,-65.1763978865683,-1.81172114261247,-66.9881190291808,70.5599651718238,0.519934724658455,NaN,1,1
83,82,560,520,20,critical_zone,22,omni,700,500,15,0,360,141.509716980849,-63.0699500817949,0.138847761866231,-62.9311023199286,171.869897645844,0.0332350705432522,NaN,1,1
83,82,560,520,20,critical_zone,23,omni,500,650,15,90,360,143.265487818944,-63.1770564921469,-2.07075698418914,-65.247813476336,-65.2248594311681,0.0176340822732969,NaN,1,1
84,83,560,520,20,critical_zone,0,omni,250,300,15,-141.34019174591,360,380.164438105407,-71.6536546147036,-2.0993804362284,-73.753035050932,35.3624618870691,-0.420156810771411,NaN,1,0
84,83,560,520,20,critical_zone,1,directional,250,350,15,-149.036243467926,120,353.588744164743,-71.0241934664292,-0.0201801807825641,-71.0443736472117,28.739795291688,0.551323028492452,29.2911183201805,0,0
84,83,560,520,20,critical_zone,2,directional,250,450,15,-168.69006752598,120,317.844301506256,-70.098513425379,0.090268743992996,-70.008244681386,12.7243556854224,-0.987233505112933,11.7371221803094,0,0
84,83,560,520,20,critical_zone,3,directional,250,550,15,168.69006752598,120,311.48836254345,-69.9230613483526,-0.653847177926319,-70.576908526279,-5.52754015165617,-0.171989928425446,-5.69953008008162,0,0
84,83,560,520,20,critical_zone,4,directional,250,650,15,149.036243467926,120,336.191909480285,-70.5859699912954,-1.32089091431004,-71.9068609056055,-22.7509763427876,0.344801780341785,-22.4061745624458,0,0
84,83,560,520,20,critical_zone,5,omni,250,700,15,141.34019174591,360,358.503835404867,-71.1441009596228,0.298875172392746,-70.8452257872301,-30.1413855520753,0.406082888080662,NaN,1,0
84,83,560,520,20,critical_zone,6,directional,300,700,15,135,120,316.267292017369,-70.0553104347425,1.09385147644043,-68.961458958302,-34.695153531234,-0.239445789008219,-34.9345993202422,0,0
84,83,560,520,20,critical_zone,7,directional,400,700,15,116.565051177078,120,240.883789408918,-67.6903763255117,0.743271366972302,-66.9471049585394,-48.3664606634298,-0.474915627829116,-48.8413762912589,0,0
84,83,560,520,20,critical_zone,8,directional,600,700,15,63.434948822922,120,184.458667456967,-65.3722061729858,-0.370433968887269,-65.7426401418731,-102.528807709152,1.58479230607573,-100.944015403076,0,0
84,83,560,520,20,critical_zone,9,directional,700,700,15,45,120,228.089894559141,-67.2163457230688,1.55717207130619,-65.6591736517626,-127.874983651098,0.652398548391373,-127.222585102707,0,0
84,83,560,520,20,critical_zone,10,omni,750,700,15,38.6598082540901,360,261.772802254168,-68.4127152763475,0.077857103980944,-68.3348581723665,-136.548157698978,0.327180103782624,NaN,1,1
84,83,560,520,20,critical_zone,11,directional,750,650,15,30.9637565320735,120,230.271578793389,-67.2990316061181,0.314452259095218,-66.9845793470229,-145.619655276155,0.167157357395822,-145.452497918759,0,0
84,83,560,520,20,critical_zone,12,directional,750,550,15,11.3099324740202,120,192.418814048939,-65.7391755061646,0.4235775104221,-65.3155979957425,-171.027373385104,0.428418383524561,-170.598955001579,0,0
84,83,560,520,20,critical_zone,13,directional,750,450,15,-11.3099324740202,120,202.546291005291,-66.1847107314834,-1.32135283673033,-67.5060635682137,159.775140568832,-0.0470949554219646,159.72804561341,0,0
84,83,560,520,20,critical_zone,14,directional,750,350,15,-30.9637565320735,120,255,-68.1850284429112,-1.62091743401369,-69.8059458769249,138.179830119864,-0.49796057139827,137.681869548466,0,0
84,83,560,520,20,critical_zone,15,omni,750,300,15,-38.6598082540901,360,290.731835202133,-69.3240766286102,1.76806136427371,-67.5560152643365,130.815083874882,1.18481338764009,NaN,1,1
84,83,560,520,20,critical_zone,16,directional,700,300,15,-45,120,260.816027114899,-68.3809103387501,0.699542250303634,-67.6813680884464,122.471192290848,-0.104096545335066,122.367095745513,0,0
84,83,560,520,20,critical_zone,17,directional,600,300,15,-63.434948822922,120,223.66269246345,-67.0460958073146,1.57534805727399,-65.4707477500406,100.304846468766,1.01444805079295,101.319294519559,0,0
84,83,560,520,20,critical_zone,18,directional,400,300,15,-116.565051177078,120,272.075357208256,-68.7480089948455,0.870796161819438,-67.8772128330261,53.9726266148964,-0.780327534333937,53.1922990805625,0,0
84,83,560,520,20,critical_zone,19,directional,300,300,15,-135,120,340.624426605022,-70.6997406051428,-0.467286174482338,-71.1670267796251,40.2363583092738,0.501278889962065,40.7376371992359,0,0
84,83,560,520,20,critical_zone,20,omni,300,500,15,180,360,260.816027114899,-68.3809103387501,-1.29970633341325,-69.6806166721633,4.39870535499553,0.708775439794432,NaN,1,1
84,83,560,520,20,critical_zone,21,omni,500,350,15,-90,360,180.346887968714,-65.1763978865683,-0.621408089407068,-65.7978059759754,70.5599651718238,-0.141143232861775,NaN,1,1
84,83,560,520,20,critical_zone,22,omni,700,500,15,0,360,141.509716980849,-63.0699500817949,2.259532005701,-60.8104180760939,171.869897645844,-0.74680718024484,NaN,1,1
84,83,560,520,20,critical_zone,23,omni,500,650,15,90,360,143.265487818944,-63.1770564921469,-0.79124604206787,-63.9683025342148,-65.2248594311681,-0.0579038831505333,NaN,1,1
85,84,560,520,20,critical_zone,0,omni,250,300,15,-141.34019174591,360,380.164438105407,-71.6536546147036,1.08825323658373,-70.5654013781199,35.3624618870691,-0.187111457979206,NaN,1,0
85,84,560,520,20,critical_zone,1,directional,250,350,15,-149.036243467926,120,353.588744164743,-71.0241934664292,-0.4031426125652,-71.4273360789944,28.739795291688,-0.911275548531988,27.8285197431561,0,0
85,84,560,520,20,critical_zone,2,directional,250,450,15,-168.69006752598,120,317.844301506256,-70.098513425379,-0.982461081537715,-71.0809745069167,12.7243556854224,-0.118520225624628,12.6058354597977,0,0
85,84,560,520,20,critical_zone,3,directional,250,550,15,168.69006752598,120,311.48836254345,-69.9230613483526,-0.645146999106877,-70.5682083474595,-5.52754015165617,0.240830141785235,-5.28671000987094,0,0
85,84,560,520,20,critical_zone,4,directional,250,650,15,149.036243467926,120,336.191909480285,-70.5859699912954,-0.849895122611253,-71.4358651139067,-22.7509763427876,-0.448631123393301,-23.1996074661809,0,0
85,84,560,520,20,critical_zone,5,omni,250,700,15,141.34019174591,360,358.503835404867,-71.1441009596228,-0.642023231975235,-71.7861241915981,-30.1413855520753,0.360849420567061,NaN,1,0
85,84,560,520,20,critical_zone,6,directional,300,700,15,135,120,316.267292017369,-70.0553104347425,-1.12010385445922,-71.1754142892017,-34.695153531234,-0.58295544389474,-35.2781089751287,0,0
85,84,560,520,20,critical_zone,7,directional,400,700,15,116.565051177078,120,240.883789408918,-67.6903763255117,-0.311048990965847,-68.0014253164775,-48.3664606634298,0.396550569297632,-47.9699100941322,0,0
85,84,560,520,20,critical_zone,8,directional,600,700,15,63.434948822922,120,184.458667456967,-65.3722061729858,3.12654815749744,-62.2456580154884,-102.528807709152,-0.0900145060275065,-102.618822215179,0,0
85,84,560,520,20,critical_zone,9,directional,700,700,15,45,120,228.089894559141,-67.2163457230688,0.81327771436519,-66.4030680087036,-127.874983651098,0.1663663256074,-127.708617325491,0,0
85,84,560,520,20,critical_zone,10,omni,750,700,15,38.6598082540901,360,261.772802254168,-68.4127152763475,-1.62921516244244,-70.0419304387899,-136.548157698978,0.233150106070054,NaN,1,0
85,84,560,520,20,critical_zone,11,directional,750,650,15,30.9637565320735,120,230.271578793389,-67.2990316061181,0.834174871102168,-66.4648567350159,-145.619655276155,0.414946008133042,-145.204709268022,0,0
85,84,560,520,20,critical_zone,12,directional,750,550,15,11.3099324740202,120,192.418814048939,-65.7391755061646,0.410239585091847,-65.3289359210727,-171.027373385104,-0.779631331402422,-171.807004716506,0,0
85,84,560,520,20,critical_zone,13,directional,750,450,15,-11.3099324740202,120,202.546291005291,-66.1847107314834,-1.45741238594312,-67.6421231174265,159.775140568832,-0.216964518208953,159.558176050623,0,0
85,84,560,520,20,critical_zone,14,directional,750,350,15,-30.9637565320735,120,255,-68.1850284429112,-1.10924200331383,-69.2942704462251,138.179830119864,-0.0242069211302135,138.155623198734,0,0
85,84,560,520,20,critical_zone,15,omni,750,300,15,-38.6598082540901,360,290.731835202133,-69.3240766286102,-1.16114905806965,-70.4852256866798,130.815083874882,-0.78433779513165,NaN,1,0
85,84,560,520,20,critical_zone,16,directional,700,300,15,-45,120,260.816027114899,-68.3809103387501,-0.543793494132689,-68.9247038328828,122.471192290848,0.404561494454876,122.875753785303,0,0
85,84,560,520,20,critical_zone,17,directional,600,300,15,-63.434948822922,120,223.66269246345,-67.0460958073146,-3.27017891313768,-70.3162747204523,100.304846468766,-0.319394019955545,99.9854524488105,0,0
85,84,560,520,20,critical_zone,18,directional,400,300,15,-116.565051177078,120,272.075357208256,-68.7480089948455,-0.58833177966724,-69.3363407745127,53.9726266148964,-0.390934524222043,53.5816920906744,0,0
85,84,560,520,20,critical_zone,19,directional,300,300,15,-135,120,340.624426605022,-70.6997406051428,-0.804688894833938,-71.5044294999767,40.2363583092738,-0.103637362053755,40.1327209472201,0,0
85,84,560,520,20,critical_zone,20,omni,300,500,15,180,360,260.816027114899,-68.3809103387501,0.288727981441147,-68.0921823573089,4.39870535499553,0.786958354763106,NaN,1,1
85,84,560,520,20,critical_zone,21,omni,500,350,15,-90,360,180.346887968714,-65.1763978865683,-0.388374063698536,-65.5647719502669,70.5599651718238,-0.64962556295245,NaN,1,1
85,84,560,520,20,critical_zone,22,omni,700,500,15,0,360,141.509716980849,-63.0699500817949,-1.10715682041874,-64.1771069022136,171.869897645844,0.715179398545146,NaN,1,1
85,84,560,520,20,critical_zone,23,omni,500,650,15,90,360,143.265487818944,-63.1770564921469,-0.317297538812076,-63.494354030959,-65.2248594311681,-0.191303824142231,NaN,1,1
86,85,560,520,20,critical_zone,0,omni,250,300,15,-141.34019174591,360,380.164438105407,-71.6536546147036,-1.70090739137074,-73.3545620060744,35.3624618870691,0.524919294663015,NaN,1,0
86,85,560,520,20,critical_zone,1,directional,250,350,15,-149.036243467926,120,353.588744164743,-71.0241934664292,-0.763685486397912,-71.7878789528271,28.739795291688,0.0968432964380919,28.8366385881261,0,0
86,85,560,520,20,critical_zone,2,directional,250,450,15,-168.69006752598,120,317.844301506256,-70.098513425379,0.438299916786026,-69.6602135085929,12.7243556854224,-0.67303358939621,12.0513220960262,0,0
86,85,560,520,20,critical_zone,3,directional,250,550,15,168.69006752598,120,311.48836254345,-69.9230613483526,1.23945461594389,-68.6836067324087,-5.52754015165617,1.50173961016598,-4.02580054149018,0,0
86,85,560,520,20,critical_zone,4,directional,250,650,15,149.036243467926,120,336.191909480285,-70.5859699912954,-0.132829655327911,-70.7187996466233,-22.7509763427876,-0.174789210688029,-22.9257655534757,0,0
86,85,560,520,20,critical_zone,5,omni,250,700,15,141.34019174591,360,358.503835404867,-71.1441009596228,0.792385149484156,-70.3517158101387,-30.1413855520753,0.0166062795500172,NaN,1,0
86,85,560,520,20,critical_zone,6,directional,300,700,15,135,120,316.267292017369,-70.0553104347425,-0.663317612967732,-70.7186280477102,-34.695153531234,-0.471601753234483,-35.1667552844685,0,0
86,85,560,520,20,critical_zone,7,directional,400,700,15,116.565051177078,120,240.883789408918,-67.6903763255117,-0.232586349079814,-67.9229626745915,-48.3664606634298,-0.224163582984011,-48.5906242464138,0,0
86,85,560,520,20,critical_zone,8,directional,600,700,15,63.434948822922,120,184.458667456967,-65.3722061729858,-0.713319348471412,-66.0855255214573,-102.528807709152,-0.0161692105283163,-102.54497691968,0,0
86,85,560,520,20,critical_zone,9,directional,700,700,15,45,120,228.089894559141,-67.2163457230688,1.25485080534646,-65.9614949177223,-127.874983651098,-0.235674147114089,-128.110657798212,0,0
86,85,560,520,20,critical_zone,10,omni,750,700,15,38.6598082540901,360,261.772802254168,-68.4127152763475,0.200444605318529,-68.212270671029,-136.548157698978,0.166973999762357,NaN,1,1
86,85,560,520,20,critical_zone,11,directional,750,650,15,30.9637565320735,120,230.271578793389,-67.2990316061181,1.20611506632705,-66.092916539791,-145.619655276155,0.266323740486923,-145.353331535668,0,0
86,85,560,520,20,critical_zone,12,directional,750,550,15,11.3099324740202,120,192.418814048939,-65.7391755061646,1.49804865849397,-64.2411268476706,-171.027373385104,-0.707997940410548,-171.735371325514,0,0
86,85,560,520,20,critical_zone,13,directional,750,450,15,-11.3099324740202,120,202.546291005291,-66.1847107314834,1.36171964585844,-64.822991085625,159.775140568832,0.0207801149367097,159.795920683769,0,0
86,85,560,520,20,critical_zone,14,directional,750,350,15,-30.9637565320735,120,255,-68.1850284429112,0.685434395143294,-67.4995940477679,138.179830119864,0.459172665179241,138.639002785043,0,0
86,85,560,520,20,critical_zone,15,omni,750,300,15,-38.6598082540901,360,290.731835202133,-69.3240766286102,0.540141399125829,-68.7839352294844,130.815083874882,-0.286926787866246,NaN,1,1
86,85,560,520,20,critical_zone,16,directional,700,300,15,-45,120,260.816027114899,-68.3809103387501,-0.146181247574904,-68.527091586325,122.471192290848,0.314087759735853,122.785280050584,0,0
86,85,560,520,20,critical_zone,17,directional,600,300,15,-63.434948822922,120,223.66269246345,-67.0460958073146,0.703530232167607,-66.342565575147,100.304846468766,-0.225906429668903,100.078940039097,0,0
86,85,560,520,20,critical_zone,18,directional,400,300,15,-116.565051177078,120,272.075357208256,-68.7480089948455,0.223708426816294,-68.5243005680292,53.9726266148964,-0.509898420262557,53.4627281946338,0,0
86,85,560,520,20,critical_zone,19,directional,300,300,15,-135,120,340.624426605022,-70.6997406051428,0.152830342871934,-70.5469102622708,40.2363583092738,0.131080289850216,40.367438599124,0,0
86,85,560,520,20,critical_zone,20,omni,300,500,15,180,360,260.816027114899,-68.3809103387501,1.0224735909525,-67.3584367477976,4.39870535499553,-0.201747731725015,NaN,1,1
86,85,560,520,20,critical_zone,21,omni,500,350,15,-90,360,180.346887968714,-65.1763978865683,1.01160402869291,-64.1647938578754,70.5599651718238,-0.395539994406521,NaN,1,1
86,85,560,520,20,critical_zone,22,omni,700,500,15,0,360,141.509716980849,-63.0699500817949,-0.419325108459595,-63.4892751902545,171.869897645844,-0.324817039455428,NaN,1,1
86,85,560,520,20,critical_zone,23,omni,500,650,15,90,360,143.265487818944,-63.1770564921469,-0.497950552854693,-63.6750070450016,-65.2248594311681,-0.373771019101837,NaN,1,1
87,86,560,520,20,critical_zone,0,omni,250,300,15,-141.34019174591,360,380.164438105407,-71.6536546147036,-0.0542696634192745,-71.7079242781229,35.3624618870691,-0.255679877047513,NaN,1,0
87,86,560,520,20,critical_zone,1,directional,250,350,15,-149.036243467926,120,353.588744164743,-71.0241934664292,-1.68565311505489,-72.709846581484,28.739795291688,-0.330238183202441,28.4095571084856,0,0
87,86,560,520,20,critical_zone,2,directional,250,450,15,-168.69006752598,120,317.844301506256,-70.098513425379,-1.07232414428248,-71.1708375696614,12.7243556854224,-0.642238437033807,12.0821172483886,0,0
87,86,560,520,20,critical_zone,3,directional,250,550,15,168.69006752598,120,311.48836254345,-69.9230613483526,1.99234755254194,-67.9307137958107,-5.52754015165617,-0.451695464931392,-5.97923561658757,0,0
87,86,560,520,20,critical_zone,4,directional,250,650,15,149.036243467926,120,336.191909480285,-70.5859699912954,-0.0469618976304848,-70.6329318889259,-22.7509763427876,0.120076056693517,-22.6309002860941,0,0
87,86,560,520,20,critical_zone,5,omni,250,700,15,141.34019174591,360,358.503835404867,-71.1441009596228,0.767608284467712,-70.3764926751551,-30.1413855520753,0.235723951893431,NaN,1,0
87,86,560,520,20,critical_zone,6,directional,300,700,15,135,120,316.267292017369,-70.0553104347425,-0.237256084567973,-70.2925665193104,-34.695153531234,1.837880327735,-32.857273203499,0,0
87,86,560,520,20,critical_zone,7,directional,400,700,15,116.565051177078,120,240.883789408918,-67.6903763255117,-0.656253345140972,-68.3466296706526,-48.3664606634298,-0.169353114083984,-48.5358137775138,0,0
87,86,560,520,20,critical_zone,8,directional,600,700,15,63.434948822922,120,184.458667456967,-65.3722061729858,0.135799560984218,-65.2364066120016,-102.528807709152,0.326482462371254,-102.20232524678,0,0
87,86,560,520,20,critical_zone,9,directional,700,700,15,45,120,228.089894559141,-67.2163457230688,-0.138984465572427,-67.3553301886412,-127.874983651098,0.230197263953691,-127.644786387145,0,0
87,86,560,520,20,critical_zone,10,omni,750,700,15,38.6598082540901,360,261.772802254168,-68.4127152763475,-0.153217706711284,-68.5659329830588,-136.548157698978,-0.49850847235179,NaN,1,1
87,86,560,520,20,critical_zone,11,directional,750,650,15,30.9637565320735,120,230.271578793389,-67.2990316061181,1.24435810779108,-66.054673498327,-145.619655276155,-0.101964163480885,-145.721619439636,0,0
87,86,560,520,20,critical_zone,12,directional,750,550,15,11.3099324740202,120,192.418814048939,-65.7391755061646,0.786179624883041,-64.9529958812815,-171.027373385104,0.482242204345058,-170.545131180759,0,0
87,86,560,520,20,critical_zone,13,directional,750,450,15,-11.3099324740202,120,202.546291005291,-66.1847107314834,0.468273235248815,-65.7164374962346,159.775140568832,0.652801595622986,160.427942164455,0,0
87,86,560,520,20,critical_zone,14,directional,750,350,15,-30.9637565320735,120,255,-68.1850284429112,-0.84723024762318,-69.0322586905344,138.179830119864,0.231456122914189,138.411286242778,0,0
87,86,560,520,20,critical_zone,15,omni,750,300,15,-38.6598082540901,360,290.731835202133,-69.3240766286102,-2.4839428930532,-71.8080195216634,130.815083874882,-0.148612209046985,NaN,1,0
87,86,560,520,20,critical_zone,16,directional,700,300,15,-45,120,260.816027114899,-68.3809103387501,0.990532682594474,-67.3903776561556,122.471192290848,-0.0121108194305333,122.459081471418,0,0
87,86,560,520,20,critical_zone,17,directional,600,300,15,-63.434948822922,120,223.66269246345,-67.0460958073146,-1.55577897229122,-68.6018747796058,100.304846468766,-0.183268095397888,100.121578373368,0,0
87,86,560,520,20,critical_zone,18,directional,400,300,15,-116.565051177078,120,272.075357208256,-68.7480089948455,-0.0611196668876598,-68.8091286617332,53.9726266148964,0.0644628835078972,54.0370894984043,0,0
87,86,560,520,20,critical_zone,19,directional,300,300,15,-135,120,340.624426605022,-70.6997406051428,0.32253229280576,-70.377208312337,40.2363583092738,-0.236759305593246,39.9995990036806,0,0
87,86,560,520,20,critical_zone,20,omni,300,500,15,180,360,260.816027114899,-68.3809103387501,-1.14398524554343,-69.5248955842935,4.39870535499553,-0.00328787628899301,NaN,1,1
87,86,560,520,20,critical_zone,21,omni,500,350,15,-90,360,180.346887968714,-65.1763978865683,0.287459102117599,-64.8889387844507,70.5599651718238,-0.16805049539115,NaN,1,1
87,86,560,520,20,critical_zone,22,omni,700,500,15,0,360,141.509716980849,-63.0699500817949,-0.230583565715469,-63.3005336475103,171.869897645844,-0.59911638187762,NaN,1,1
87,86,560,520,20,critical_zone,23,omni,500,650,15,90,360,143.265487818944,-63.1770564921469,-0.318562493553774,-63.4956189857007,-65.2248594311681,0.452577723864628,NaN,1,1
88,87,560,520,20,critical_zone,0,omni,250,300,15,-141.34019174591,360,380.164438105407,-71.6536546147036,-1.81023755111424,-73.4638921658179,35.3624618870691,-0.238199291193007,NaN,1,0
88,87,560,520,20,critical_zone,1,directional,250,350,15,-149.036243467926,120,353.588744164743,-71.0241934664292,0.753928775142054,-70.2702646912871,28.739795291688,0.605335174698875,29.3451304663869,0,0
88,87,560,520,20,critical_zone,2,directional,250,450,15,-168.69006752598,120,317.844301506256,-70.098513425379,0.0467734731960831,-70.0517399521829,12.7243556854224,-0.509749222653613,12.2146064627688,0,0
88,87,560,520,20,critical_zone,3,directional,250,550,15,168.69006752598,120,311.48836254345,-69.9230613483526,-0.553337605473839,-70.4763989538265,-5.52754015165617,0.0615012586378955,-5.46603889301826,0,0
88,87,560,520,20,critical_zone,4,directional,250,650,15,149.036243467926,120,336.191909480285,-70.5859699912954,0.53317657548465,-70.0527934158108,-22.7509763427876,0.635176821823773,-22.1157995209639,0,0
88,87,560,520,20,critical_zone,5,omni,250,700,15,141.34019174591,360,358.503835404867,-71.1441009596228,1.62388455054715,-69.5202164090757,-30.1413855520753,0.141997797440382,NaN,1,1
88,87,560,520,20,critical_zone,6,directional,300,700,15,135,120,316.267292017369,-70.0553104347425,0.875543031536181,-69.1797674032063,-34.695153531234,0.0686453176480549,-34.6265082135859,0,0
88,87,560,520,20,critical_zone,7,directional,400,700,15,116.565051177078,120,240.883789408918,-67.6903763255117,-0.834446867712693,-68.5248231932244,-48.3664606634298,-0.0354239400603093,-48.4018846034901,0,0
88,87,560,520,20,critical_zone,8,directional,600,700,15,63.434948822922,120,184.458667456967,-65.3722061729858,0.673663677571085,-64.6985424954148,-102.528807709152,0.693627485043004,-101.835180224108,0,0
88,87,560,520,20,critical_zone,9,directional,700,700,15,45,120,228.089894559141,-67.2163457230688,-0.961406685522175,-68.1777524085909,-127.874983651098,0.193903367038331,-127.68108028406,0,0
88,87,560,520,20,critical_zone,10,omni,750,700,15,38.6598082540901,360,261.772802254168,-68.4127152763475,-1.91504850576734,-70.3277637821148,-136.548157698978,-0.325691780714542,NaN,1,0
88,87,560,520,20,critical_zone,11,directional,750,650,15,30.9637565320735,120,230.271578793389,-67.2990316061181,-1.61617101574521,-68.9152026218633,-145.619655276155,-0.442326881359907,-146.061982157515,0,0
88,87,560,520,20,critical_zone,12,directional,750,550,15,11.3099324740202,120,192.418814048939,-65.7391755061646,-1.6953274193155,-67.4345029254801,-171.027373385104,0.249029732645803,-170.778343652458,0,0
88,87,560,520,20,critical_zone,13,directional,750,450,15,-11.3099324740202,120,202.546291005291,-66.1847107314834,0.938534635484828,-65.2461760959986,159.775140568832,0.533724418203952,160.308864987036,0,0
88,87,560,520,20,critical_zone,14,directional,750,350,15,-30.9637565320735,120,255,-68.1850284429112,-0.264688071386923,-68.4497165142982,138.179830119864,-0.0773434357685037,138.102486684096,0,0
88,87,560,520,20,critical_zone,15,omni,750,300,15,-38.6598082540901,360,290.731835202133,-69.3240766286102,-1.08345174678643,-70.4075283753966,130.815083874882,0.274239981986821,NaN,1,0
88,87,560,520,20,critical_zone,16,directional,700,300,15,-45,120,260.816027114899,-68.3809103387501,1.03793191245191,-67.3429784262982,122.471192290848,-1.25853810444494,121.212654186404,0,0
88,87,560,520,20,critical_zone,17,directional,600,300,15,-63.434948822922,120,223.66269246345,-67.0460958073146,1.81698038629125,-65.2291154210234,100.304846468766,-0.323357145100282,99.9814893236658,0,0
88,87,560,520,20,critical_zone,18,directional,400,300,15,-116.565051177078,120,272.075357208256,-68.7480089948455,-1.00314730356982,-69.7511562984153,53.9726266148964,-0.486863583150348,53.485763031746,0,0
88,87,560,520,20,critical_zone,19,directional,300,300,15,-135,120,340.624426605022,-70.6997406051428,0.347858151530001,-70.3518824536128,40.2363583092738,1.46713596193465,41.7034942712085,0,0
88,87,560,520,20,critical_zone,20,omni,300,500,15,180,360,260.816027114899,-68.3809103387501,-0.0733741344354974,-68.4542844731856,4.39870535499553,0.537876485312287,NaN,1,1
88,87,560,520,20,critical_zone,21,omni,500,350,15,-90,360,180.346887968714,-65.1763978865683,-1.33910723793415,-66.5155051245025,70.5599651718238,1.08443785387758,NaN,1,1
88,87,560,520,20,critical_zone,22,omni,700,500,15,0,360,141.509716980849,-63.0699500817949,-1.49178062792784,-64.5617307097227,171.869897645844,-0.797403649339136,NaN,1,1
88,87,560,520,20,critical_zone,23,omni,500,650,15,90,360,143.265487818944,-63.1770564921469,0.00171968958034303,-63.1753368025666,-65.2248594311681,-0.449885927187289,NaN,1,1
89,88,560,520,20,critical_zone,0,omni,250,300,15,-141.34019174591,360,380.164438105407,-71.6536546147036,-1.23082982123146,-72.8844844359351,35.3624618870691,0.0516154100305681,NaN,1,0
89,88,560,520,20,critical_zone,1,directional,250,350,15,-149.036243467926,120,353.588744164743,-71.0241934664292,1.77205851017762,-69.2521349562515,28.739795291688,0.496431065608442,29.2362263572965,0,0
89,88,560,520,20,critical_zone,2,directional,250,450,15,-168.69006752598,120,317.844301506256,-70.098513425379,-1.56972902636441,-71.6682424517434,12.7243556854224,0.129681899844765,12.8540375852671,0,0
89,88,560,520,20,critical_zone,3,directional,250,550,15,168.69006752598,120,311.48836254345,-69.9230613483526,1.66134616762806,-68.2617151807246,-5.52754015165617,-0.333569062393767,-5.86110921404995,0,0
89,88,560,520,20,critical_zone,4,directional,250,650,15,149.036243467926,120,336.191909480285,-70.5859699912954,-1.19877566604564,-71.7847456573411,-22.7509763427876,0.449836199705957,-22.3011401430817,0,0
89,88,560,520,20,critical_zone,5,omni,250,700,15,141.34019174591,360,358.503835404867,-71.1441009596228,0.684891229903481,-70.4592097297194,-30.1413855520753,0.0297490632411252,NaN,1,0
89,88,560,520,20,critical_zone,6,directional,300,700,15,135,120,316.267292017369,-70.0553104347425,1.85824628400107,-68.1970641507414,-34.695153531234,0.0932831352801272,-34.6018703959539,0,0
89,88,560,520,20,critical_zone,7,directional,400,700,15,116.565051177078,120,240.883789408918,-67.6903763255117,-1.20317940733442,-68.8935557328461,-48.3664606634298,-0.809254296866683,-49.1757149602965,0,0
89,88,560,520,20,critical_zone,8,directional,600,700,15,63.434948822922,120,184.458667456967,-65.3722061729858,1.12164167208968,-64.2505645008962,-102.528807709152,0.0490102854125732,-102.479797423739,0,0
89,88,560,520,20,critical_zone,9,directional,700,700,15,45,120,228.089894559141,-67.2163457230688,0.888802358560923,-66.3275433645078,-127.874983651098,0.4412858075909,-127.433697843507,0,0
89,88,560,520,20,critical_zone,10,omni,750,700,15,38.6598082540901,360,261.772802254168,-68.4127152763475,-0.801389273977212,-69.2141045503247,-136.548157698978,0.541356857844418,NaN,1,1
89,88,560,520,20,critical_zone,11,directional,750,650,15,30.9637565320735,120,230.271578793389,-67.2990316061181,0.303836647800156,-66.9951949583179,-145.619655276155,0.673589947735905,-144.946065328419,0,0
89,88,560,520,20,critical_zone,12,directional,750,550,15,11.3099324740202,120,192.418814048939,-65.7391755061646,0.252903459168916,-65.4862720469957,-171.027373385104,-0.437140826204639,-171.464514211308,0,0
89,88,560,520,20,critical_zone,13,directional,750,450,15,-11.3099324740202,120,202.546291005291,-66.1847107314834,1.18612394104933,-64.9985867904341,159.775140568832,0.00046346215704513,159.775604030989,0,0
89,88,560,520,20,critical_zone,14,directional,750,350,15,-30.9637565320735,120,255,-68.1850284429112,0.371816515261839,-67.8132119276494,138.179830119864,-1.13848723115358,137.041342888711,0,0
89,88,560,520,20,critical_zone,15,omni,750,300,15,-38.6598082540901,360,290.731835202133,-69.3240766286102,1.93600458169369,-67.3880720469165,130.815083874882,-0.218064107999051,NaN,1,1
89,88,560,520,20,critical_zone,16,directional,700,300,15,-45,120,260.816027114899,-68.3809103387501,-0.552919711561367,-68.9338300503115,122.471192290848,0.348427232700477,122.819619523549,0,0
89,88,560,520,20,critical_zone,17,directional,600,300,15,-63.434948822922,120,223.66269246345,-67.0460958073146,-0.409051116610643,-67.4551469239252,100.304846468766,0.369135231449075,100.673981700215,0,0
89,88,560,520,20,critical_zone,18,directional,400,300,15,-116.565051177078,120,272.075357208256,-68.7480089948455,1.21779419826712,-67.5302147965784,53.9726266148964,0.39555156576771,54.3681781806641,0,0
89,88,560,520,20,critical_zone,19,directional,300,300,15,-135,120,340.624426605022,-70.6997406051428,0.853066624235975,-69.8466739809068,40.2363583092738,-0.309035707483604,39.9273226017902,0,0
89,88,560,520,20,critical_zone,20,omni,300,500,15,180,360,260.816027114899,-68.3809103387501,-0.116438070452375,-68.4973484092025,4.39870535499553,0.743177815694234,NaN,1,1
89,88,560,520,20,critical_zone,21,omni,500,350,15,-90,360,180.346887968714,-65.1763978865683,0.264323652180979,-64.9120742343874,70.5599651718238,0.180919002186204,NaN,1,1
89,88,560,520,20,critical_zone,22,omni,700,500,15,0,360,141.509716980849,-63.0699500817949,1.11231326800063,-61.9576368137942,171.869897645844,-0.648421180107587,NaN,1,1
89,88,560,520,20,critical_zone,23,omni,500,650,15,90,360,143.265487818944,-63.1770564921469,-0.580554765494095,-63.757611257641,-65.2248594311681,0.0554159956174002,NaN,1,1
90,89,560,520,20,critical_zone,0,omni,250,300,15,-141.34019174591,360,380.164438105407,-71.6536546147036,0.429903484353211,-71.2237511303504,35.3624618870691,0.0440807231811907,NaN,1,0
90,89,560,520,20,critical_zone,1,directional,250,350,15,-149.036243467926,120,353.588744164743,-71.0241934664292,0.804942625505964,-70.2192508409232,28.739795291688,0.663881964567736,29.4036772562558,0,0
90,89,560,520,20,critical_zone,2,directional,250,450,15,-168.69006752598,120,317.844301506256,-70.098513425379,0.852895756719722,-69.2456176686592,12.7243556854224,0.232045890968245,12.9564015763906,0,0
90,89,560,520,20,critical_zone,3,directional,250,550,15,168.69006752598,120,311.48836254345,-69.9230613483526,1.74616606743098,-68.1768952809217,-5.52754015165617,-0.0685755453237492,-5.59611569697992,0,0
90,89,560,520,20,critical_zone,4,directional,250,650,15,149.036243467926,120,336.191909480285,-70.5859699912954,-0.297243169145405,-70.8832131604408,-22.7509763427876,-0.0696136719179437,-22.8205900147056,0,0
90,89,560,520,20,critical_zone,5,omni,250,700,15,141.34019174591,360,358.503835404867,-71.1441009596228,1.37495549587515,-69.7691454637477,-30.1413855520753,-0.45181012393486,NaN,1,1
90,89,560,520,20,critical_zone,6,directional,300,700,15,135,120,316.267292017369,-70.0553104347425,0.543906595505422,-69.511403839237,-34.695153531234,-0.463785506425984,-35.15893903766,0,0
90,89,560,520,20,critical_zone,7,directional,400,700,15,116.565051177078,120,240.883789408918,-67.6903763255117,-0.96309927979518,-68.6534756053068,-48.3664606634298,0.14291643044426,-48.2235442329855,0,0
90,89,560,520,20,critical_zone,8,directional,600,700,15,63.434948822922,120,184.458667456967,-65.3722061729858,-0.680336013638435,-66.0525421866243,-102.528807709152,-0.369179033790661,-102.897986742942,0,0
90,89,560,520,20,critical_zone,9,directional,700,700,15,45,120,228.089894559141,-67.2163457230688,-1.79608419946907,-69.0124299225378,-127.874983651098,0.456658811339418,-127.418324839759,0,0
90,89,560,520,20,critical_zone,10,omni,750,700,15,38.6598082540901,360,261.772802254168,-68.4127152763475,-0.206836137964214,-68.6195514143117,-136.548157698978,0.107064369793798,NaN,1,1
90,89,560,520,20,critical_zone,11,directional,750,650,15,30.9637565320735,120,230.271578793389,-67.2990316061181,-0.83369681973985,-68.1327284258579,-145.619655276155,0.323813842649399,-145.295841433506,0,0
90,89,560,520,20,critical_zone,12,directional,750,550,15,11.3099324740202,120,192.418814048939,-65.7391755061646,-0.459389022934576,-66.1985645290991,-171.027373385104,0.107167722923716,-170.92020566218,0,0
90,89,560,520,20,critical_zone,13,directional,750,450,15,-11.3099324740202,120,202.546291005291,-66.1847107314834,0.378527400376724,-65.8061833311067,159.775140568832,-0.323748589240043,159.451391979592,0,0
90,89,560,520,20,critical_zone,14,directional,750,350,15,-30.9637565320735,120,255,-68.1850284429112,0.0781915959307102,-68.1068368469805,138.179830119864,-0.851973159196184,137.327856960668,0,0
90,89,560,520,20,critical_zone,15,omni,750,300,15,-38.6598082540901,360,290.731835202133,-69.3240766286102,1.04239592607074,-68.2816807025394,130.815083874882,-0.0300550369799884,NaN,1,1
90,89,560,520,20,critical_zone,16,directional,700,300,15,-45,120,260.816027114899,-68.3809103387501,-0.902428659435559,-69.2833389981856,122.471192290848,0.0935345688001517,122.564726859649,0,0
90,89,560,520,20,critical_zone,17,directional,600,300,15,-63.434948822922,120,223.66269246345,-67.0460958073146,-0.283808875524924,-67.3299046828395,100.304846468766,0.839955859342931,101.144802328109,0,0
90,89,560,520,20,critical_zone,18,directional,400,300,15,-116.565051177078,120,272.075357208256,-68.7480089948455,-0.238891114236185,-68.9869001090817,53.9726266148964,-0.339089421983087,53.6335371929133,0,0
90,89,560,520,20,critical_zone,19,directional,300,300,15,-135,120,340.624426605022,-70.6997406051428,-1.24007519681688,-71.9398158019597,40.2363583092738,-0.518354528346665,39.7180037809271,0,0
90,89,560,520,20,critical_zone,20,omni,300,500,15,180,360,260.816027114899,-68.3809103387501,-0.49914848692061,-68.8800588256707,4.39870535499553,-0.277881169872522,NaN,1,1
90,89,560,520,20,critical_zone,21,omni,500,350,15,-90,360,180.346887968714,-65.1763978865683,0.371711561218623,-64.8046863253497,70.5599651718238,-0.040426081908456,NaN,1,1
90,89,560,520,20,critical_zone,22,omni,700,500,15,0,360,141.509716980849,-63.0699500817949,0.30859070736791,-62.761359374427,171.869897645844,0.259175124233624,NaN,1,1
90,89,560,520,20,critical_zone,23,omni,500,650,15,90,360,143.265487818944,-63.1770564921469,0.579164702243064,-62.5978917899038,-65.2248594311681,-0.274815577313094,NaN,1,1
91,90,560,520,20,critical_zone,0,omni,250,300,15,-141.34019174591,360,380.164438105407,-71.6536546147036,0.505583999636276,-71.1480706150674,35.3624618870691,-1.08297609810083,NaN,1,0
91,90,560,520,20,critical_zone,1,directional,250,350,15,-149.036243467926,120,353.588744164743,-71.0241934664292,0.285116047014646,-70.7390774194145,28.739795291688,0.322310282487401,29.0621055741754,0,0
91,90,560,520,20,critical_zone,2,directional,250,450,15,-168.69006752598,120,317.844301506256,-70.098513425379,0.0759561206372845,-70.0225573047417,12.7243556854224,0.194071606157215,12.9184272915796,0,0
91,90,560,520,20,critical_zone,3,directional,250,550,15,168.69006752598,120,311.48836254345,-69.9230613483526,-0.568234881098875,-70.4912962294515,-5.52754015165617,-0.219736989540224,-5.74727714119641,0,0
91,90,560,520,20,critical_zone,4,directional,250,650,15,149.036243467926,120,336.191909480285,-70.5859699912954,-0.840930596213961,-71.4269005875094,-22.7509763427876,-0.554179118285768,-23.3051554610734,0,0
91,90,560,520,20,critical_zone,5,omni,250,700,15,141.34019174591,360,358.503835404867,-71.1441009596228,-0.951020717799218,-72.0951216774221,-30.1413855520753,-0.0495043362702992,NaN,1,0
91,90,560,520,20,critical_zone,6,directional,300,700,15,135,120,316.267292017369,-70.0553104347425,-0.385030259475727,-70.4403406942182,-34.695153531234,0.605409347478387,-34.0897441837556,0,0
91,90,560,520,20,critical_zone,7,directional,400,700,15,116.565051177078,120,240.883789408918,-67.6903763255117,0.971170365418549,-66.7192059600931,-48.3664606634298,0.230172052488753,-48.1362886109411,0,0
91,90,560,520,20,critical_zone,8,directional,600,700,15,63.434948822922,120,184.458667456967,-65.3722061729858,1.25314856615788,-64.119057606828,-102.528807709152,0.117003724285006,-102.411803984866,0,0
91,90,560,520,20,critical_zone,9,directional,700,700,15,45,120,228.089894559141,-67.2163457230688,0.816881617705677,-66.3994641053631,-127.874983651098,-0.575313115459222,-128.450296766557,0,0
91,90,560,520,20,critical_zone,10,omni,750,700,15,38.6598082540901,360,261.772802254168,-68.4127152763475,-1.3513562066588,-69.7640714830063,-136.548157698978,-0.91291445394768,NaN,1,1
91,90,560,520,20,critical_zone,11,directional,750,650,15,30.9637565320735,120,230.271578793389,-67.2990316061181,0.29173694320771,-67.0072946629104,-145.619655276155,1.02565645083516,-144.59399882532,0,0
91,90,560,520,20,critical_zone,12,directional,750,550,15,11.3099324740202,120,192.418814048939,-65.7391755061646,0.441631522535906,-65.2975439836287,-171.027373385104,-0.240024201176389,-171.26739758628,0,0
91,90,560,520,20,critical_zone,13,directional,750,450,15,-11.3099324740202,120,202.546291005291,-66.1847107314834,-1.17576812444813,-67.3604788559315,159.775140568832,-0.0683954874652418,159.706745081367,0,0
91,90,560,520,20,critical_zone,14,directional,750,350,15,-30.9637565320735,120,255,-68.1850284429112,0.356060606865952,-67.8289678360453,138.179830119864,-0.87645761945505,137.303372500409,0,0
91,90,560,520,20,critical_zone,15,omni,750,300,15,-38.6598082540901,360,290.731835202133,-69.3240766286102,-1.92107131474118,-71.2451479433514,130.815083874882,0.514187128108996,NaN,1,0
91,90,560,520,20,critical_zone,16,directional,700,300,15,-45,120,260.816027114899,-68.3809103387501,0.324040273441493,-68.0568700653086,122.471192290848,0.588461847056141,123.059654137905,0,0
91,90,560,520,20,critical_zone,17,directional,600,300,15,-63.434948822922,120,223.66269246345,-67.0460958073146,0.23950910823433,-66.8065866990803,100.304846468766,0.173896377761395,100.478742846527,0,0
91,90,560,520,20,critical_zone,18,directional,400,300,15,-116.565051177078,120,272.075357208256,-68.7480089948455,-0.0321511853590448,-68.7801601802045,53.9726266148964,0.824290080141556,54.796916695038,0,0
91,90,560,520,20,critical_zone,19,directional,300,300,15,-135,120,340.624426605022,-70.6997406051428,-0.000291094724955217,-70.7000316998677,40.2363583092738,0.0684594558096119,40.3048177650834,0,0
91,90,560,520,20,critical_zone,20,omni,300,500,15,180,360,260.816027114899,-68.3809103387501,0.111119810109316,-68.2697905286408,4.39870535499553,0.24708533913973,NaN,1,1
91,90,560,520,20,critical_zone,21,omni,500,350,15,-90,360,180.346887968714,-65.1763978865683,-0.691712275849618,-65.868110162418,70.5599651718238,-0.60229622590322,NaN,1,1
91,90,560,520,20,critical_zone,22,omni,700,500,15,0,360,141.509716980849,-63.0699500817949,1.52700472083536,-61.5429453609595,171.869897645844,0.290819341077195,NaN,1,1
91,90,560,520,20,critical_zone,23,omni,500,650,15,90,360,143.265487818944,-63.1770564921469,0.461697593591837,-62.7153588985551,-65.2248594311681,-1.94079064065853,NaN,1,1
92,91,560,520,20,critical_zone,0,omni,250,300,15,-141.34019174591,360,380.164438105407,-71.6536546147036,-0.981501792069959,-72.6351564067736,35.3624618870691,0.0847735034669569,NaN,1,0
92,91,560,520,20,critical_zone,1,directional,250,350,15,-149.036243467926,120,353.588744164743,-71.0241934664292,1.22878596759671,-69.7954074988324,28.739795291688,-0.454312964276915,28.2854823274111,0,0
92,91,560,520,20,critical_zone,2,directional,250,450,15,-168.69006752598,120,317.844301506256,-70.098513425379,-1.51504624947814,-71.6135596748571,12.7243556854224,-0.241052338279061,12.4833033471433,0,0
92,91,560,520,20,critical_zone,3,directional,250,550,15,168.69006752598,120,311.48836254345,-69.9230613483526,0.746641363365573,-69.1764199849871,-5.52754015165617,-0.565306239799381,-6.09284639145557,0,0
92,91,560,520,20,critical_zone,4,directional,250,650,15,149.036243467926,120,336.191909480285,-70.5859699912954,0.791609373863979,-69.7943606174315,-22.7509763427876,0.266216716581083,-22.4847596262065,0,0
92,91,560,520,20,critical_zone,5,omni,250,700,15,141.34019174591,360,358.503835404867,-71.1441009596228,0.097303210196504,-71.0467977494263,-30.1413855520753,-0.606098728264813,NaN,1,0
92,91,560,520,20,critical_zone,6,directional,300,700,15,135,120,316.267292017369,-70.0553104347425,-0.489385284573959,-70.5446957193164,-34.695153531234,0.0170432528221758,-34.6781102784118,0,0
92,91,560,520,20,critical_zone,7,directional,400,700,15,116.565051177078,120,240.883789408918,-67.6903763255117,-0.295904330100159,-67.9862806556118,-48.3664606634298,-0.471184184825884,-48.8376448482557,0,0
92,91,560,520,20,critical_zone,8,directional,600,700,15,63.434948822922,120,184.458667456967,-65.3722061729858,0.271221573642786,-65.1009845993431,-102.528807709152,0.291586092152002,-102.237221617,0,0
92,91,560,520,20,critical_zone,9,directional,700,700,15,45,120,228.089894559141,-67.2163457230688,-0.414401286313938,-67.6307470093827,-127.874983651098,-0.434261422320427,-128.309245073419,0,0
92,91,560,520,20,critical_zone,10,omni,750,700,15,38.6598082540901,360,261.772802254168,-68.4127152763475,0.851501423795002,-67.5612138525525,-136.548157698978,-0.0676440855485916,NaN,1,1
92,91,560,520,20,critical_zone,11,directional,750,650,15,30.9637565320735,120,230.271578793389,-67.2990316061181,-0.374039000004576,-67.6730706061227,-145.619655276155,0.839987264189022,-144.779668011966,0,0
92,91,560,520,20,critical_zone,12,directional,750,550,15,11.3099324740202,120,192.418814048939,-65.7391755061646,1.47976675714803,-64.2594087490165,-171.027373385104,-0.249342145965515,-171.276715531069,0,0
92,91,560,520,20,critical_zone,13,directional,750,450,15,-11.3099324740202,120,202.546291005291,-66.1847107314834,-0.0229851583247661,-66.2076958898082,159.775140568832,-0.0924340244292656,159.682706544403,0,0
92,91,560,520,20,critical_zone,14,directional,750,350,15,-30.9637565320735,120,255,-68.1850284429112,2.37255268223366,-65.8124757606776,138.179830119864,0.0167912980466846,138.196621417911,0,0
92,91,560,520,20,critical_zone,15,omni,750,300,15,-38.6598082540901,360,290.731835202133,-69.3240766286102,1.25120158011286,-68.0728750484973,130.815083874882,-0.206192006286305,NaN,1,1
92,91,560,520,20,critical_zone,16,directional,700,300,15,-45,120,260.816027114899,-68.3809103387501,1.00664932296502,-67.3742610157851,122.471192290848,0.0515191510094659,122.522711441858,0,0
92,91,560,520,20,critical_zone,17,directional,600,300,15,-63.434948822922,120,223.66269246345,-67.0460958073146,1.20631649613743,-65.8397793111772,100.304846468766,0.868704938774728,101.173551407541,0,0
92,91,560,520,20,critical_zone,18,directional,400,300,15,-116.565051177078,120,272.075357208256,-68.7480089948455,-0.299255033837056,-69.0472640286825,53.9726266148964,0.113108698264922,54.0857353131613,0,0
92,91,560,520,20,critical_zone,19,directional,300,300,15,-135,120,340.624426605022,-70.6997406051428,0.850463086866912,-69.8492775182759,40.2363583092738,0.493148355663108,40.7295066649369,0,0
92,91,560,520,20,critical_zone,20,omni,300,500,15,180,360,260.816027114899,-68.3809103387501,0.342140895948763,-68.0387694428013,4.39870535499553,0.0969781201187545,NaN,1,1
92,91,560,520,20,critical_zone,21,omni,500,350,15,-90,360,180.346887968714,-65.1763978865683,0.785208692093605,-64.3911891944747,70.5599651718238,0.783971671200157,NaN,1,1
92,91,560,520,20,critical_zone,22,omni,700,500,15,0,360,141.509716980849,-63.0699500817949,-0.197528402112002,-63.2674784839069,171.869897645844,0.738094586449953,NaN,1,1
92,91,560,520,20,critical_zone,23,omni,500,650,15,90,360,143.265487818944,-63.1770564921469,0.807681973123995,-62.3693745190229,-65.2248594311681,0.251613347789602,NaN,1,1
93,92,560,520,20,critical_zone,0,omni,250,300,15,-141.34019174591,360,380.164438105407,-71.6536546147036,0.204818006097664,-71.448836608606,35.3624618870691,-1.00823725378067,NaN,1,0
93,92,560,520,20,critical_zone,1,directional,250,350,15,-149.036243467926,120,353.588744164743,-71.0241934664292,0.315035790279844,-70.7091576761493,28.739795291688,0.0617390568182373,28.8015343485063,0,0
93,92,560,520,20,critical_zone,2,directional,250,450,15,-168.69006752598,120,317.844301506256,-70.098513425379,-2.00063936558481,-72.0991527909638,12.7243556854224,0.249986977804055,12.9743426632264,0,0
93,92,560,520,20,critical_zone,3,directional,250,550,15,168.69006752598,120,311.48836254345,-69.9230613483526,0.793132085462783,-69.1299292628898,-5.52754015165617,-0.131674675477758,-5.65921482713392,0,0
93,92,560,520,20,critical_zone,4,directional,250,650,15,149.036243467926,120,336.191909480285,-70.5859699912954,-0.118828223076679,-70.7047982143721,-22.7509763427876,0.908298422363551,-21.8426779204241,0,0
93,92,560,520,20,critical_zone,5,omni,250,700,15,141.34019174591,360,358.503835404867,-71.1441009596228,0.850575594379845,-70.293525365243,-30.1413855520753,0.0497230326547767,NaN,1,0
93,92,560,520,20,critical_zone,6,directional,300,700,15,135,120,316.267292017369,-70.0553104347425,-0.62135925587485,-70.6766696906173,-34.695153531234,0.0355913108214669,-34.6595622204125,0,0
93,92,560,520,20,critical_zone,7,directional,400,700,15,116.565051177078,120,240.883789408918,-67.6903763255117,0.281530504179508,-67.4088458213322,-48.3664606634298,0.256256932139322,-48.1102037312905,0,0
93,92,560,520,20,critical_zone,8,directional,600,700,15,63.434948822922,120,184.458667456967,-65.3722061729858,-1.56504909816197,-66.9372552711478,-102.528807709152,-0.35420478545724,-102.883012494609,0,0
93,92,560,520,20,critical_zone,9,directional,700,700,15,45,120,228.089894559141,-67.2163457230688,-1.52493443782695,-68.7412801608957,-127.874983651098,-0.257858663140389,-128.132842314239,0,0
93,92,560,520,20,critical_zone,10,omni,750,700,15,38.6598082540901,360,261.772802254168,-68.4127152763475,-1.5410562470995,-69.953771523447,-136.548157698978,-0.203582624420552,NaN,1,1
93,92,560,520,20,critical_zone,11,directional,750,650,15,30.9637565320735,120,230.271578793389,-67.2990316061181,-0.423679389314565,-67.7227109954327,-145.619655276155,-1.23529955496264,-146.854954831118,0,0
93,92,560,520,20,critical_zone,12,directional,750,550,15,11.3099324740202,120,192.418814048939,-65.7391755061646,-1.42901853635668,-67.1681940425213,-171.027373385104,1.22938657605187,-169.797986809052,0,0
93,92,560,520,20,critical_zone,13,directional,750,450,15,-11.3099324740202,120,202.546291005291,-66.1847107314834,-0.235357351211956,-66.4200680826954,159.775140568832,0.0769671229906962,159.852107691823,0,0
93,92,560,520,20,critical_zone,14,directional,750,350,15,-30.9637565320735,120,255,-68.1850284429112,1.16733402066333,-67.0176944222479,138.179830119864,0.0491464557855084,138.22897657565,0,0
93,92,560,520,20,critical_zone,15,omni,750,300,15,-38.6598082540901,360,290.731835202133,-69.3240766286102,-0.475314489415498,-69.7993911180257,130.815083874882,0.261893646287868,NaN,1,1
93,92,560,520,20,critical_zone,16,directional,700,300,15,-45,120,260.816027114899,-68.3809103387501,0.151268748968902,-68.2296415897812,122.471192290848,0.427056681416352,122.898248972265,0,0
93,92,560,520,20,critical_zone,17,directional,600,300,15,-63.434948822922,120,223.66269246345,-67.0460958073146,-0.0932927419942475,-67.1393885493088,100.304846468766,0.440521943988633,100.745368412755,0,0
93,92,560,520,20,critical_zone,18,directional,400,300,15,-116.565051177078,120,272.075357208256,-68.7480089948455,-1.94012522655376,-70.6881342213993,53.9726266148964,-0.460669411246847,53.5119572036496,0,0
93,92,560,520,20,critical_zone,19,directional,300,300,15,-135,120,340.624426605022,-70.6997406051428,0.308483904639775,-70.391256700503,40.2363583092738,0.417916279070093,40.6542745883439,0,0
93,92,560,520,20,critical_zone,20,omni,300,500,15,180,360,260.816027114899,-68.3809103387501,-1.88024752918652,-70.2611578679366,4.39870535499553,-0.576726162675221,NaN,1,0
93,92,560,520,20,critical_zone,21,omni,500,350,15,-90,360,180.346887968714,-65.1763978865683,1.09733791723417,-64.0790599693342,70.5599651718238,0.0165549703648858,NaN,1,1
93,92,560,520,20,critical_zone,22,omni,700,500,15,0,360,141.509716980849,-63.0699500817949,-1.1665922404899,-64.2365423222848,171.869897645844,-0.764115280849694,NaN,1,1
93,92,560,520,20,critical_zone,23,omni,500,650,15,90,360,143.265487818944,-63.1770564921469,0.788917505765849,-62.3881389863811,-65.2248594311681,0.307202859113932,NaN,1,1
94,93,560,520,20,critical_zone,0,omni,250,300,15,-141.34019174591,360,380.164438105407,-71.6536546147036,-0.743486705356488,-72.3971413200601,35.3624618870691,0.0918135344214378,NaN,1,0
94,93,560,520,20,critical_zone,1,directional,250,350,15,-149.036243467926,120,353.588744164743,-71.0241934664292,1.47692508665857,-69.5472683797706,28.739795291688,-0.313394017766829,28.4264012739212,0,0
94,93,560,520,20,critical_zone,2,directional,250,450,15,-168.69006752598,120,317.844301506256,-70.098513425379,-0.347505173573366,-70.4460185989523,12.7243556854224,-0.0300529019680133,12.6943027834544,0,0
94,93,560,520,20,critical_zone,3,directional,250,550,15,168.69006752598,120,311.48836254345,-69.9230613483526,0.824914905904073,-69.0981464424486,-5.52754015165617,-0.0658187726900001,-5.59335892434618,0,0
94,93,560,520,20,critical_zone,4,directional,250,650,15,149.036243467926,120,336.191909480285,-70.5859699912954,0.324142783221947,-70.2618272080735,-22.7509763427876,-0.843011387459752,-23.5939877302474,0,0
94,93,560,520,20,critical_zone,5,omni,250,700,15,141.34019174591,360,358.503835404867,-71.1441009596228,-2.4401175238203,-73.5842184834431,-30.1413855520753,-0.997104260527436,NaN,1,0
94,93,560,520,20,critical_zone,6,directional,300,700,15,135,120,316.267292017369,-70.0553104347425,1.04251304719127,-69.0127973875512,-34.695153531234,-1.05858091970134,-35.7537344509353,0,0
94,93,560,520,20,critical_zone,7,directional,400,700,15,116.565051177078,120,240.883789408918,-67.6903763255117,1.6324285551463,-66.0579477703654,-48.3664606634298,-0.0841167405068524,-48.4505774039366,0,0
94,93,560,520,20,critical_zone,8,directional,600,700,15,63.434948822922,120,184.458667456967,-65.3722061729858,-0.533919768597718,-65.9061259415836,-102.528807709152,-1.18456735316932,-103.713375062321,0,0
94,93,560,520,20,critical_zone,9,directional,700,700,15,45,120,228.089894559141,-67.2163457230688,-1.11847425650823,-68.334819979577,-127.874983651098,0.914835083208855,-126.960148567889,0,0
94,93,560,520,20,critical_zone,10,omni,750,700,15,38.6598082540901,360,261.772802254168,-68.4127152763475,-0.00548939223358219,-68.4182046685811,-136.548157698978,0.238900387039275,NaN,1,1
94,93,560,520,20,critical_zone,11,directional,750,650,15,30.9637565320735,120,230.271578793389,-67.2990316061181,-0.0874553872250799,-67.3864869933432,-145.619655276155,0.307963144314323,-145.311692131841,0,0
94,93,560,520,20,critical_zone,12,directional,750,550,15,11.3099324740202,120,192.418814048939,-65.7391755061646,-0.649753742350951,-66.3889292485155,-171.027373385104,-0.159971718208738,-171.187345103312,0,0
94,93,560,520,20,critical_zone,13,directional,750,450,15,-11.3099324740202,120,202.546291005291,-66.1847107314834,-0.874871029265589,-67.059581760749,159.775140568832,0.153879959453087,159.929020528285,0,0
94,93,560,520,20,critical_zone,14,directional,750,350,15,-30.9637565320735,120,255,-68.1850284429112,1.20402077892381,-66.9810076639874,138.179830119864,0.129124054580778,138.308954174445,0,0
94,93,560,520,20,critical_zone,15,omni,750,300,15,-38.6598082540901,360,290.731835202133,-69.3240766286102,-0.926474736046073,-70.2505513646563,130.815083874882,0.356165709363033,NaN,1,0
94,93,560,520,20,critical_zone,16,directional,700,300,15,-45,120,260.816027114899,-68.3809103387501,-1.09292247303545,-69.4738328117855,122.471192290848,0.0756564237145557,122.546848714563,0,0
94,93,560,520,20,critical_zone,17,directional,600,300,15,-63.434948822922,120,223.66269246345,-67.0460958073146,-1.02212144265406,-68.0682172499687,100.304846468766,0.146597760749641,100.451444229516,0,0
94,93,560,520,20,critical_zone,18,directional,400,300,15,-116.565051177078,120,272.075357208256,-68.7480089948455,0.0515819621010343,-68.6964270327445,53.9726266148964,-0.414775199329993,53.5578514155664,0,0
94,93,560,520,20,critical_zone,19,directional,300,300,15,-135,120,340.624426605022,-70.6997406051428,-0.173241188645932,-70.8729817937887,40.2363583092738,-0.0226386503983316,40.2137196588755,0,0
94,93,560,520,20,critical_zone,20,omni,300,500,15,180,360,260.816027114899,-68.3809103387501,-0.521291267471407,-68.9022016062215,4.39870535499553,-0.537448967065075,NaN,1,1
94,93,560,520,20,critical_zone,21,omni,500,350,15,-90,360,180.346887968714,-65.1763978865683,-0.932388882775104,-66.1087867693434,70.5599651718238,-0.588365327759268,NaN,1,1
94,93,560,520,20,critical_zone,22,omni,700,500,15,0,360,141.509716980849,-63.0699500817949,-0.250346008346931,-63.3202960901418,171.869897645844,-0.196917707700784,NaN,1,1
94,93,560,520,20,critical_zone,23,omni,500,650,15,90,360,143.265487818944,-63.1770564921469,-3.03774579798613,-66.214802290133,-65.2248594311681,-1.16499481749583,NaN,1,1
95,94,560,520,20,critical_zone,0,omni,250,300,15,-141.34019174591,360,380.164438105407,-71.6536546147036,-0.749062065246163,-72.4027166799498,35.3624618870691,0.439081988859745,NaN,1,0
95,94,560,520,20,critical_zone,1,directional,250,350,15,-149.036243467926,120,353.588744164743,-71.0241934664292,0.116941805383356,-70.9072516610458,28.739795291688,-0.237849838082225,28.5019454536058,0,0
95,94,560,520,20,critical_zone,2,directional,250,450,15,-168.69006752598,120,317.844301506256,-70.098513425379,1.40549053495169,-68.6930228904273,12.7243556854224,-0.475298960926989,12.2490567244954,0,0
95,94,560,520,20,critical_zone,3,directional,250,550,15,168.69006752598,120,311.48836254345,-69.9230613483526,-0.7185630261349,-70.6416243744875,-5.52754015165617,0.464110564084412,-5.06342958757176,0,0
95,94,560,520,20,critical_zone,4,directional,250,650,15,149.036243467926,120,336.191909480285,-70.5859699912954,0.0859933424547388,-70.4999766488407,-22.7509763427876,0.318838476606262,-22.4321378661814,0,0
95,94,560,520,20,critical_zone,5,omni,250,700,15,141.34019174591,360,358.503835404867,-71.1441009596228,0.894793680399961,-70.2493072792229,-30.1413855520753,-0.259344969480524,NaN,1,0
95,94,560,520,20,critical_zone,6,directional,300,700,15,135,120,316.267292017369,-70.0553104347425,0.354209843186903,-69.7011005915556,-34.695153531234,-0.842285859028748,-35.5374393902627,0,0
95,94,560,520,20,critical_zone,7,directional,400,700,15,116.565051177078,120,240.883789408918,-67.6903763255117,-1.80063914368281,-69.4910154691945,-48.3664606634298,0.589075084821225,-47.7773855786086,0,0
95,94,560,520,20,critical_zone,8,directional,600,700,15,63.434948822922,120,184.458667456967,-65.3722061729858,0.286614316179465,-65.0855918568064,-102.528807709152,0.155617632775938,-102.373190076376,0,0
95,94,560,520,20,critical_zone,9,directional,700,700,15,45,120,228.089894559141,-67.2163457230688,0.283595299791099,-66.9327504232777,-127.874983651098,-0.315343119350717,-128.190326770449,0,0
95,94,560,520,20,critical_zone,10,omni,750,700,15,38.6598082540901,360,261.772802254168,-68.4127152763475,-1.74964660789796,-70.1623618842454,-136.548157698978,-0.130513988291147,NaN,1,0
95,94,560,520,20,critical_zone,11,directional,750,650,15,30.9637565320735,120,230.271578793389,-67.2990316061181,-1.26388170490292,-68.562913311021,-145.619655276155,1.03346808862012,-144.586187187535,0,0
95,94,560,520,20,critical_zone,12,directional,750,550,15,11.3099324740202,120,192.418814048939,-65.7391755061646,-0.0309235446748019,-65.7700990508394,-171.027373385104,0.656278222072285,-170.371095163031,0,0
95,94,560,520,20,critical_zone,13,directional,750,450,15,-11.3099324740202,120,202.546291005291,-66.1847107314834,0.0991000074171872,-66.0856107240662,159.775140568832,-0.0135356141499641,159.761604954682,0,0
95,94,560,520,20,critical_zone,14,directional,750,350,15,-30.9637565320735,120,255,-68.1850284429112,1.05793115160472,-67.1270972913065,138.179830119864,-0.436852505075392,137.742977614789,0,0
95,94,560,520,20,critical_zone,15,omni,750,300,15,-38.6598082540901,360,290.731835202133,-69.3240766286102,1.26433787473806,-68.0597387538721,130.815083874882,0.379096851948036,NaN,1,1
95,94,560,520,20,critical_zone,16,directional,700,300,15,-45,120,260.816027114899,-68.3809103387501,-0.189926646626209,-68.5708369853763,122.471192290848,0.555443723526643,123.026636014375,0,0
95,94,560,520,20,critical_zone,17,directional,600,300,15,-63.434948822922,120,223.66269246345,-67.0460958073146,0.461028171840916,-66.5850676354737,100.304846468766,-0.225149593535703,100.07969687523,0,0
95,94,560,520,20,critical_zone,18,directional,400,300,15,-116.565051177078,120,272.075357208256,-68.7480089948455,-0.361357049117783,-69.1093660439633,53.9726266148964,-0.164926977435791,53.8076996374606,0,0
95,94,560,520,20,critical_zone,19,directional,300,300,15,-135,120,340.624426605022,-70.6997406051428,-1.31897850949156,-72.0187191146343,40.2363583092738,0.202467136902479,40.4388254461763,0,0
95,94,560,520,20,critical_zone,20,omni,300,500,15,180,360,260.816027114899,-68.3809103387501,-1.72696676458965,-70.1078771033397,4.39870535499553,0.260806951528098,NaN,1,0
95,94,560,520,20,critical_zone,21,omni,500,350,15,-90,360,180.346887968714,-65.1763978865683,0.0856388953872234,-65.0907589911811,70.5599651718238,-0.846279017006699,NaN,1,1
95,94,560,520,20,critical_zone,22,omni,700,500,15,0,360,141.509716980849,-63.0699500817949,-0.445109475008452,-63.5150595568033,171.869897645844,-0.282832488304385,NaN,1,1
95,94,560,520,20,critical_zone,23,omni,500,650,15,90,360,143.265487818944,-63.1770564921469,0.935023825900873,-62.242032666246,-65.2248594311681,0.0224705944422121,NaN,1,1
96,95,560,520,20,critical_zone,0,omni,250,300,15,-141.34019174591,360,380.164438105407,-71.6536546147036,-0.792168490586204,-72.4458231052898,35.3624618870691,-0.372556574589538,NaN,1,0
96,95,560,520,20,critical_zone,1,directional,250,350,15,-149.036243467926,120,353.588744164743,-71.0241934664292,-1.08100795795246,-72.1052014243816,28.739795291688,-0.0836754903755777,28.6561198013125,0,0
96,95,560,520,20,critical_zone,2,directional,250,450,15,-168.69006752598,120,317.844301506256,-70.098513425379,0.866137871061175,-69.2323755543178,12.7243556854224,0.112101402720058,12.8364570881424,0,0
96,95,560,520,20,critical_zone,3,directional,250,550,15,168.69006752598,120,311.48836254345,-69.9230613483526,-0.500666462534487,-70.4237278108871,-5.52754015165617,0.527732442703547,-4.99980770895263,0,0
96,95,560,520,20,critical_zone,4,directional,250,650,15,149.036243467926,120,336.191909480285,-70.5859699912954,-0.310950982009672,-70.8969209733051,-22.7509763427876,-0.203339897963828,-22.9543162407515,0,0
96,95,560,520,20,critical_zone,5,omni,250,700,15,141.34019174591,360,358.503835404867,-71.1441009596228,1.36877315046808,-69.7753278091548,-30.1413855520753,0.0692817928923333,NaN,1,1
96,95,560,520,20,critical_zone,6,directional,300,700,15,135,120,316.267292017369,-70.0553104347425,-2.11041055593589,-72.1657209906784,-34.695153531234,-0.622527801849104,-35.3176813330831,0,0
96,95,560,520,20,critical_zone,7,directional,400,700,15,116.565051177078,120,240.883789408918,-67.6903763255117,-2.0426146998318,-69.7329910253435,-48.3664606634298,-0.315795419671919,-48.6822560831017,0,0
96,95,560,520,20,critical_zone,8,directional,600,700,15,63.434948822922,120,184.458667456967,-65.3722061729858,-1.05920389270496,-66.4314100656908,-102.528807709152,-0.823664818142637,-103.352472527294,0,0
96,95,560,520,20,critical_zone,9,directional,700,700,15,45,120,228.089894559141,-67.2163457230688,2.29675979976477,-64.919585923304,-127.874983651098,-0.288531766885321,-128.163515417984,0,0
96,95,560,520,20,critical_zone,10,omni,750,700,15,38.6598082540901,360,261.772802254168,-68.4127152763475,1.6326808534907,-66.7800344228568,-136.548157698978,0.698799415634298,NaN,1,1
96,95,560,520,20,critical_zone,11,directional,750,650,15,30.9637565320735,120,230.271578793389,-67.2990316061181,0.675365617385358,-66.6236659887327,-145.619655276155,-0.491694322315439,-146.111349598471,0,0
96,95,560,520,20,critical_zone,12,directional,750,550,15,11.3099324740202,120,192.418814048939,-65.7391755061646,0.0649108315021285,-65.6742646746624,-171.027373385104,-0.0285128495904579,-171.055886234694,0,0
96,95,560,520,20,critical_zone,13,directional,750,450,15,-11.3099324740202,120,202.546291005291,-66.1847107314834,0.334646245874879,-65.8500644856085,159.775140568832,-0.544326678355362,159.230813890477,0,0
96,95,560,520,20,critical_zone,14,directional,750,350,15,-30.9637565320735,120,255,-68.1850284429112,0.625227128444709,-67.5598013144665,138.179830119864,0.197563507534253,138.377393627399,0,0
96,95,560,520,20,critical_zone,15,omni,750,300,15,-38.6598082540901,360,290.731835202133,-69.3240766286102,-0.780663173708123,-70.1047398023183,130.815083874882,-0.458709500140012,NaN,1,0
96,95,560,520,20,critical_zone,16,directional,700,300,15,-45,120,260.816027114899,-68.3809103387501,-1.70100803687783,-70.0819183756279,122.471192290848,-0.251147710634942,122.220044580214,0,0
96,95,560,520,20,critical_zone,17,directional,600,300,15,-63.434948822922,120,223.66269246345,-67.0460958073146,0.881912904765713,-66.1641829025489,100.304846468766,0.00823011663851197,100.313076585405,0,0
96,95,560,520,20,critical_zone,18,directional,400,300,15,-116.565051177078,120,272.075357208256,-68.7480089948455,-0.515264816187395,-69.2632738110329,53.9726266148964,0.362186087989459,54.3348127028859,0,0
96,95,560,520,20,critical_zone,19,directional,300,300,15,-135,120,340.624426605022,-70.6997406051428,-0.476580004684447,-71.1763206098272,40.2363583092738,-0.150473780588676,40.0858845286851,0,0
96,95,560,520,20,critical_zone,20,omni,300,500,15,180,360,260.816027114899,-68.3809103387501,1.70573211954589,-66.6751782192042,4.39870535499553,0.586546193618399,NaN,1,1
96,95,560,520,20,critical_zone,21,omni,500,350,15,-90,360,180.346887968714,-65.1763978865683,-0.771945170641624,-65.94834305721,70.5599651718238,-0.827599326448819,NaN,1,1
96,95,560,520,20,critical_zone,22,omni,700,500,15,0,360,141.509716980849,-63.0699500817949,-0.0497703869714125,-63.1197204687663,171.869897645844,-0.572059453569736,NaN,1,1
96,95,560,520,20,critical_zone,23,omni,500,650,15,90,360,143.265487818944,-63.1770564921469,-0.171843475403039,-63.3488999675499,-65.2248594311681,0.402153908828228,NaN,1,1
97,96,560,520,20,critical_zone,0,omni,250,300,15,-141.34019174591,360,380.164438105407,-71.6536546147036,1.02877392345445,-70.6248806912492,35.3624618870691,0.789245985142815,NaN,1,0
97,96,560,520,20,critical_zone,1,directional,250,350,15,-149.036243467926,120,353.588744164743,-71.0241934664292,-1.11016893591741,-72.1343624023466,28.739795291688,-0.230780985237907,28.5090143064501,0,0
97,96,560,520,20,critical_zone,2,directional,250,450,15,-168.69006752598,120,317.844301506256,-70.098513425379,1.07105119202596,-69.027462233353,12.7243556854224,-0.0131899006028583,12.7111657848195,0,0
97,96,560,520,20,critical_zone,3,directional,250,550,15,168.69006752598,120,311.48836254345,-69.9230613483526,0.252985980927777,-69.6700753674249,-5.52754015165617,-0.0747023508229912,-5.60224250247916,0,0
97,96,560,520,20,critical_zone,4,directional,250,650,15,149.036243467926,120,336.191909480285,-70.5859699912954,0.997576541827768,-69.5883934494677,-22.7509763427876,0.251607000183477,-22.4993693426042,0,0
97,96,560,520,20,critical_zone,5,omni,250,700,15,141.34019174591,360,358.503835404867,-71.1441009596228,-0.530985536427229,-71.6750864960501,-30.1413855520753,-0.786307665972548,NaN,1,0
97,96,560,520,20,critical_zone,6,directional,300,700,15,135,120,316.267292017369,-70.0553104347425,1.5903681698547,-68.4649422648878,-34.695153531234,0.226183816947928,-34.468969714286,0,0
97,96,560,520,20,critical_zone,7,directional,400,700,15,116.565051177078,120,240.883789408918,-67.6903763255117,0.216523192662965,-67.4738531328487,-48.3664606634298,0.0607003817213458,-48.3057602817084,0,0
97,96,560,520,20,critical_zone,8,directional,600,700,15,63.434948822922,120,184.458667456967,-65.3722061729858,-0.177038838511399,-65.5492450114972,-102.528807709152,0.240895187188385,-102.287912521963,0,0
97,96,560,520,20,critical_zone,9,directional,700,700,15,45,120,228.089894559141,-67.2163457230688,-0.845767147584559,-68.0621128706533,-127.874983651098,-0.0183988643057598,-127.893382515404,0,0
97,96,560,520,20,critical_zone,10,omni,750,700,15,38.6598082540901,360,261.772802254168,-68.4127152763475,-0.104245607638312,-68.5169608839858,-136.548157698978,0.0129763957084171,NaN,1,1
97,96,560,520,20,critical_zone,11,directional,750,650,15,30.9637565320735,120,230.271578793389,-67.2990316061181,-0.681543962598977,-67.9805755687171,-145.619655276155,0.521645530831229,-145.098009745324,0,0
97,96,560,520,20,critical_zone,12,directional,750,550,15,11.3099324740202,120,192.418814048939,-65.7391755061646,-1.07096319977299,-66.8101387059376,-171.027373385104,0.551126735781053,-170.476246649323,0,0
97,96,560,520,20,critical_zone,13,directional,750,450,15,-11.3099324740202,120,202.546291005291,-66.1847107314834,1.01451451546643,-65.170196216017,159.775140568832,-0.408938918172995,159.366201650659,0,0
97,96,560,520,20,critical_zone,14,directional,750,350,15,-30.9637565320735,120,255,-68.1850284429112,0.311099905305712,-67.8739285376055,138.179830119864,0.196280745775664,138.37611086564,0,0
97,96,560,520,20,critical_zone,15,omni,750,300,15,-38.6598082540901,360,290.731835202133,-69.3240766286102,-1.7651176176484,-71.0891942462586,130.815083874882,-0.770464616661287,NaN,1,0
97,96,560,520,20,critical_zone,16,directional,700,300,15,-45,120,260.816027114899,-68.3809103387501,0.353224248970443,-68.0276860897796,122.471192290848,-0.502152902317952,121.969039388531,0,0
97,96,560,520,20,critical_zone,17,directional,600,300,15,-63.434948822922,120,223.66269246345,-67.0460958073146,-0.680741864278084,-67.7268376715927,100.304846468766,0.176340896696364,100.481187365462,0,0
97,96,560,520,20,critical_zone,18,directional,400,300,15,-116.565051177078,120,272.075357208256,-68.7480089948455,1.38791614276078,-67.3600928520847,53.9726266148964,0.694638252428924,54.6672648673253,0,0
97,96,560,520,20,critical_zone,19,directional,300,300,15,-135,120,340.624426605022,-70.6997406051428,-0.136739798233608,-70.8364804033764,40.2363583092738,0.171089320109285,40.4074476293831,0,0
97,96,560,520,20,critical_zone,20,omni,300,500,15,180,360,260.816027114899,-68.3809103387501,-0.350749808822562,-68.7316601475726,4.39870535499553,0.643312554338282,NaN,1,1
97,96,560,520,20,critical_zone,21,omni,500,350,15,-90,360,180.346887968714,-65.1763978865683,-1.46386126394064,-66.640259150509,70.5599651718238,-0.154189401001549,NaN,1,1
97,96,560,520,20,critical_zone,22,omni,700,500,15,0,360,141.509716980849,-63.0699500817949,-2.7963712996382,-65.8663213814331,171.869897645844,0.267261000950466,NaN,1,1
97,96,560,520,20,critical_zone,23,omni,500,650,15,90,360,143.265487818944,-63.1770564921469,-1.2099334910773,-64.3869899832242,-65.2248594311681,-0.257617849614635,NaN,1,1
98,97,560,520,20,critical_zone,0,omni,250,300,15,-141.34019174591,360,380.164438105407,-71.6536546147036,0.871596394652317,-70.7820582200513,35.3624618870691,-1.42291854551097,NaN,1,0
98,97,560,520,20,critical_zone,1,directional,250,350,15,-149.036243467926,120,353.588744164743,-71.0241934664292,0.0762555106670273,-70.9479379557621,28.739795291688,0.584882423871029,29.3246777155591,0,0
98,97,560,520,20,critical_zone,2,directional,250,450,15,-168.69006752598,120,317.844301506256,-70.098513425379,-0.161604829123204,-70.2601182545022,12.7243556854224,0.0365428481295184,12.7608985335519,0,0
98,97,560,520,20,critical_zone,3,directional,250,550,15,168.69006752598,120,311.48836254345,-69.9230613483526,-1.39467826443522,-71.3177396127878,-5.52754015165617,0.385140350647722,-5.14239980100845,0,0
98,97,560,520,20,critical_zone,4,directional,250,650,15,149.036243467926,120,336.191909480285,-70.5859699912954,0.317734551583154,-70.2682354397123,-22.7509763427876,0.2055993028731,-22.5453770399145,0,0
98,97,560,520,20,critical_zone,5,omni,250,700,15,141.34019174591,360,358.503835404867,-71.1441009596228,0.672661786498334,-70.4714391731245,-30.1413855520753,0.343145293290214,NaN,1,0
98,97,560,520,20,critical_zone,6,directional,300,700,15,135,120,316.267292017369,-70.0553104347425,0.328374225187512,-69.7269362095549,-34.695153531234,0.147414980153169,-34.5477385510808,0,0
98,97,560,520,20,critical_zone,7,directional,400,700,15,116.565051177078,120,240.883789408918,-67.6903763255117,-0.571018003695415,-68.2613943292071,-48.3664606634298,-0.00846723943768775,-48.3749279028675,0,0
98,97,560,520,20,critical_zone,8,directional,600,700,15,63.434948822922,120,184.458667456967,-65.3722061729858,-0.333443952908457,-65.7056501258943,-102.528807709152,-0.185329043497209,-102.714136752649,0,0
98,97,560,520,20,critical_zone,9,directional,700,700,15,45,120,228.089894559141,-67.2163457230688,-1.06801296807871,-68.2843586911475,-127.874983651098,0.511485704576176,-127.363497946522,0,0
98,97,560,520,20,critical_zone,10,omni,750,700,15,38.6598082540901,360,261.772802254168,-68.4127152763475,0.0577747764100572,-68.3549404999374,-136.548157698978,0.348995114203171,NaN,1,1
98,97,560,520,20,critical_zone,11,directional,750,650,15,30.9637565320735,120,230.271578793389,-67.2990316061181,0.75799318453779,-66.5410384215803,-145.619655276155,0.0263975291161807,-145.593257747039,0,0
98,97,560,520,20,critical_zone,12,directional,750,550,15,11.3099324740202,120,192.418814048939,-65.7391755061646,1.18242009319131,-64.5567554129733,-171.027373385104,0.350291962607907,-170.677081422496,0,0
98,97,560,520,20,critical_zone,13,directional,750,450,15,-11.3099324740202,120,202.546291005291,-66.1847107314834,0.79160132195992,-65.3931094095235,159.775140568832,0.450336493422246,160.225477062254,0,0
98,97,560,520,20,critical_zone,14,directional,750,350,15,-30.9637565320735,120,255,-68.1850284429112,0.186695318104412,-67.9983331248068,138.179830119864,-0.231007368014774,137.948822751849,0,0
98,97,560,520,20,critical_zone,15,omni,750,300,15,-38.6598082540901,360,290.731835202133,-69.3240766286102,0.943224366393321,-68.3808522622169,130.815083874882,0.726360428663552,NaN,1,1
98,97,560,520,20,critical_zone,16,directional,700,300,15,-45,120,260.816027114899,-68.3809103387501,-0.735566846382879,-69.116477185133,122.471192290848,0.127769299280599,122.598961590129,0,0
98,97,560,520,20,critical_zone,17,directional,600,300,15,-63.434948822922,120,223.66269246345,-67.0460958073146,-1.92740264568911,-68.9734984530037,100.304846468766,-0.546900669741739,99.7579457990243,0,0
98,97,560,520,20,critical_zone,18,directional,400,300,15,-116.565051177078,120,272.075357208256,-68.7480089948455,0.049010815282164,-68.6989981795633,53.9726266148964,0.624877934842343,54.5975045497387,0,0
98,97,560,520,20,critical_zone,19,directional,300,300,15,-135,120,340.624426605022,-70.6997406051428,-2.90441450748588,-73.6041551126287,40.2363583092738,-0.604025954386665,39.6323323548872,0,0
98,97,560,520,20,critical_zone,20,omni,300,500,15,180,360,260.816027114899,-68.3809103387501,-0.0555429817132084,-68.4364533204633,4.39870535499553,0.95299548187708,NaN,1,1
98,97,560,520,20,critical_zone,21,omni,500,350,15,-90,360,180.346887968714,-65.1763978865683,-1.26826990244625,-66.4446677890146,70.5599651718238,-0.231251837890206,NaN,1,1
98,97,560,520,20,critical_zone,22,omni,700,500,15,0,360,141.509716980849,-63.0699500817949,-0.696774984515188,-63.7667250663101,171.869897645844,0.473912850187454,NaN,1,1
98,97,560,520,20,critical_zone,23,omni,500,650,15,90,360,143.265487818944,-63.1770564921469,0.982960932204497,-62.1940955599424,-65.2248594311681,-0.891250336150062,NaN,1,1
99,98,560,520,20,critical_zone,0,omni,250,300,15,-141.34019174591,360,380.164438105407,-71.6536546147036,-1.45009817744713,-73.1037527921508,35.3624618870691,0.154332633141919,NaN,1,0
99,98,560,520,20,critical_zone,1,directional,250,350,15,-149.036243467926,120,353.588744164743,-71.0241934664292,-0.0924796403255776,-71.1166731067547,28.739795291688,-0.203596756810202,28.5361985348778,0,0
99,98,560,520,20,critical_zone,2,directional,250,450,15,-168.69006752598,120,317.844301506256,-70.098513425379,0.0336588575590151,-70.0648545678199,12.7243556854224,0.363039088312443,13.0873947737348,0,0
99,98,560,520,20,critical_zone,3,directional,250,550,15,168.69006752598,120,311.48836254345,-69.9230613483526,-0.399070976425031,-70.3221323247777,-5.52754015165617,-0.240854849200576,-5.76839500085674,0,0
99,98,560,520,20,critical_zone,4,directional,250,650,15,149.036243467926,120,336.191909480285,-70.5859699912954,-0.750848654803005,-71.3368186460984,-22.7509763427876,0.384266564434182,-22.3667097783535,0,0
99,98,560,520,20,critical_zone,5,omni,250,700,15,141.34019174591,360,358.503835404867,-71.1441009596228,1.09970854429198,-70.0443924153309,-30.1413855520753,0.616389213351975,NaN,1,0
99,98,560,520,20,critical_zone,6,directional,300,700,15,135,120,316.267292017369,-70.0553104347425,-0.671077714318732,-70.7263881490612,-34.695153531234,-1.48579248198088,-36.1809460132149,0,0
99,98,560,520,20,critical_zone,7,directional,400,700,15,116.565051177078,120,240.883789408918,-67.6903763255117,0.806277497854175,-66.8840988276575,-48.3664606634298,0.652098858726834,-47.714361804703,0,0
99,98,560,520,20,critical_zone,8,directional,600,700,15,63.434948822922,120,184.458667456967,-65.3722061729858,0.883507005609803,-64.488699167376,-102.528807709152,-0.381101494197285,-102.909909203349,0,0
99,98,560,520,20,critical_zone,9,directional,700,700,15,45,120,228.089894559141,-67.2163457230688,-0.831881575008483,-68.0482272980773,-127.874983651098,0.8486723365285,-127.02631131457,0,0
99,98,560,520,20,critical_zone,10,omni,750,700,15,38.6598082540901,360,261.772802254168,-68.4127152763475,0.0497517123761258,-68.3629635639714,-136.548157698978,-0.178535750646941,NaN,1,1
99,98,560,520,20,critical_zone,11,directional,750,650,15,30.9637565320735,120,230.271578793389,-67.2990316061181,-0.30821071783222,-67.6072423239503,-145.619655276155,-0.0145180020426275,-145.634173278198,0,0
99,98,560,520,20,critical_zone,12,directional,750,550,15,11.3099324740202,120,192.418814048939,-65.7391755061646,-1.10506917253867,-66.8442446787032,-171.027373385104,0.425379812073212,-170.60199357303,0,0
99,98,560,520,20,critical_zone,13,directional,750,450,15,-11.3099324740202,120,202.546291005291,-66.1847107314834,-1.14487848199332,-67.3295892134767,159.775140568832,-0.309071204640189,159.466069364192,0,0
99,98,560,520,20,critical_zone,14,directional,750,350,15,-30.9637565320735,120,255,-68.1850284429112,-0.276148149720666,-68.4611765926319,138.179830119864,-0.11884700948959,138.060983110375,0,0
99,98,560,520,20,critical_zone,15,omni,750,300,15,-38.6598082540901,360,290.731835202133,-69.3240766286102,-0.663305932705411,-69.9873825613156,130.815083874882,0.607750051560665,NaN,1,1
99,98,560,520,20,critical_zone,16,directional,700,300,15,-45,120,260.816027114899,-68.3809103387501,0.244542668193731,-68.1363676705564,122.471192290848,-0.333351219955009,122.137841070894,0,0
99,98,560,520,20,critical_zone,17,directional,600,300,15,-63.434948822922,120,223.66269246345,-67.0460958073146,0.452490890686323,-66.5936049166283,100.304846468766,0.060804356649741,100.365650825416,0,0
99,98,560,520,20,critical_zone,18,directional,400,300,15,-116.565051177078,120,272.075357208256,-68.7480089948455,1.69121304999423,-67.0567959448513,53.9726266148964,-0.323636367201141,53.6489902476953,0,0
99,98,560,520,20,critical_zone,19,directional,300,300,15,-135,120,340.624426605022,-70.6997406051428,-0.539728197558719,-71.2394688027015,40.2363583092738,0.36658725260448,40.6029455618783,0,0
99,98,560,520,20,critical_zone,20,omni,300,500,15,180,360,260.816027114899,-68.3809103387501,1.14365901721842,-67.2372513215317,4.39870535499553,0.0558190631634041,NaN,1,1
99,98,560,520,20,critical_zone,21,omni,500,350,15,-90,360,180.346887968714,-65.1763978865683,-0.861014212264084,-66.0374120988324,70.5599651718238,-1.05771584497279,NaN,1,1
99,98,560,520,20,critical_zone,22,omni,700,500,15,0,360,141.509716980849,-63.0699500817949,1.52078342968114,-61.5491666521137,171.869897645844,0.108515262634125,NaN,1,1
99,98,560,520,20,critical_zone,23,omni,500,650,15,90,360,143.265487818944,-63.1770564921469,0.0757666241782871,-63.1012898679686,-65.2248594311681,0.0304901680049255,NaN,1,1
100,99,560,520,20,critical_zone,0,omni,250,300,15,-141.34019174591,360,380.164438105407,-71.6536546147036,1.65348990223603,-70.0001647124676,35.3624618870691,-0.393187536458942,NaN,1,0
100,99,560,520,20,critical_zone,1,directional,250,350,15,-149.036243467926,120,353.588744164743,-71.0241934664292,-0.464176691108002,-71.4883701575372,28.739795291688,0.0935864641651757,28.8333817558532,0,0
100,99,560,520,20,critical_zone,2,directional,250,450,15,-168.69006752598,120,317.844301506256,-70.098513425379,2.29513675171649,-67.8033766736625,12.7243556854224,-0.163037550885199,12.5613181345372,0,0
100,99,560,520,20,critical_zone,3,directional,250,550,15,168.69006752598,120,311.48836254345,-69.9230613483526,-1.16123079697682,-71.0842921453295,-5.52754015165617,0.0872852866599384,-5.44025486499623,0,0
100,99,560,520,20,critical_zone,4,directional,250,650,15,149.036243467926,120,336.191909480285,-70.5859699912954,-0.295600234151173,-70.8815702254466,-22.7509763427876,0.378370839250212,-22.3726055035374,0,0
100,99,560,520,20,critical_zone,5,omni,250,700,15,141.34019174591,360,358.503835404867,-71.1441009596228,0.936251278619415,-70.2078496810034,-30.1413855520753,-0.0396938246773955,NaN,1,0
100,99,560,520,20,critical_zone,6,directional,300,700,15,135,120,316.267292017369,-70.0553104347425,0.479736547766831,-69.5755738869756,-34.695153531234,0.409714686751481,-34.2854388444825,0,0
100,99,560,520,20,critical_zone,7,directional,400,700,15,116.565051177078,120,240.883789408918,-67.6903763255117,1.16771189340615,-66.5226644321055,-48.3664606634298,1.01808049598847,-47.3483801674413,0,0
100,99,560,520,20,critical_zone,8,directional,600,700,15,63.434948822922,120,184.458667456967,-65.3722061729858,0.652911314248481,-64.7192948587374,-102.528807709152,-0.39488581659023,-102.923693525742,0,0
100,99,560,520,20,critical_zone,9,directional,700,700,15,45,120,228.089894559141,-67.2163457230688,0.864889747531834,-66.3514559755369,-127.874983651098,0.0252566923905812,-127.849726958708,0,0
100,99,560,520,20,critical_zone,10,omni,750,700,15,38.6598082540901,360,261.772802254168,-68.4127152763475,-2.05893231618925,-70.4716475925367,-136.548157698978,0.575251739167854,NaN,1,0
100,99,560,520,20,critical_zone,11,directional,750,650,15,30.9637565320735,120,230.271578793389,-67.2990316061181,-0.913610608490763,-68.2126422146088,-145.619655276155,-0.0236011851077883,-145.643256461263,0,0
100,99,560,520,20,critical_zone,12,directional,750,550,15,11.3099324740202,120,192.418814048939,-65.7391755061646,0.20194409463078,-65.5372314115338,-171.027373385104,-0.11825149376592,-171.14562487887,0,0
100,99,560,520,20,critical_zone,13,directional,750,450,15,-11.3099324740202,120,202.546291005291,-66.1847107314834,0.971582327350658,-65.2131284041328,159.775140568832,-0.0047193186419153,159.77042125019,0,0
100,99,560,520,20,critical_zone,14,directional,750,350,15,-30.9637565320735,120,255,-68.1850284429112,-1.30684705054778,-69.491875493459,138.179830119864,-0.128245829481351,138.051584290383,0,0
100,99,560,520,20,critical_zone,15,omni,750,300,15,-38.6598082540901,360,290.731835202133,-69.3240766286102,1.04889024875835,-68.2751863798518,130.815083874882,0.250316393716683,NaN,1,1
100,99,560,520,20,critical_zone,16,directional,700,300,15,-45,120,260.816027114899,-68.3809103387501,-0.639581850542597,-69.0204921892927,122.471192290848,0.181218625738446,122.652410916587,0,0
100,99,560,520,20,critical_zone,17,directional,600,300,15,-63.434948822922,120,223.66269246345,-67.0460958073146,1.29368467590691,-65.7524111314077,100.304846468766,1.07912744768347,101.383973916449,0,0
100,99,560,520,20,critical_zone,18,directional,400,300,15,-116.565051177078,120,272.075357208256,-68.7480089948455,-0.236848745344592,-68.9848577401901,53.9726266148964,-0.116735828573027,53.8558907863234,0,0
100,99,560,520,20,critical_zone,19,directional,300,300,15,-135,120,340.624426605022,-70.6997406051428,-0.543403401721218,-71.243144006864,40.2363583092738,0.126949560224236,40.363307869498,0,0
100,99,560,520,20,critical_zone,20,omni,300,500,15,180,360,260.816027114899,-68.3809103387501,0.376089633131349,-68.0048207056187,4.39870535499553,-0.263531469395823,NaN,1,1
100,99,560,520,20,critical_zone,21,omni,500,350,15,-90,360,180.346887968714,-65.1763978865683,1.68647208661485,-63.4899257999535,70.5599651718238,0.581668795069247,NaN,1,1
100,99,560,520,20,critical_zone,22,omni,700,500,15,0,360,141.509716980849,-63.0699500817949,0.233332638735515,-62.8366174430594,171.869897645844,0.770769803525916,NaN,1,1
100,99,560,520,20,critical_zone,23,omni,500,650,15,90,360,143.265487818944,-63.1770564921469,1.16045764387787,-62.016598848269,-65.2248594311681,0.0785474568563173,NaN,1,1
101,100,560,520,20,critical_zone,0,omni,250,300,15,-141.34019174591,360,380.164438105407,-71.6536546147036,-2.1817807218162,-73.8354353365198,35.3624618870691,0.649283302679478,NaN,1,0
101,100,560,520,20,critical_zone,1,directional,250,350,15,-149.036243467926,120,353.588744164743,-71.0241934664292,-1.41703997070615,-72.4412334371353,28.739795291688,1.1259393491359,29.8657346408239,0,0
101,100,560,520,20,critical_zone,2,directional,250,450,15,-168.69006752598,120,317.844301506256,-70.098513425379,-1.96732336101457,-72.0658367863935,12.7243556854224,-0.0150275771222098,12.7093281083002,0,0
101,100,560,520,20,critical_zone,3,directional,250,550,15,168.69006752598,120,311.48836254345,-69.9230613483526,0.0560960571992313,-69.8669652911534,-5.52754015165617,0.526880158259982,-5.0006599933962,0,0
101,100,560,520,20,critical_zone,4,directional,250,650,15,149.036243467926,120,336.191909480285,-70.5859699912954,-1.54697394886363,-72.1329439401591,-22.7509763427876,-0.485534421118805,-23.2365107639064,0,0
101,100,560,520,20,critical_zone,5,omni,250,700,15,141.34019174591,360,358.503835404867,-71.1441009596228,0.00448402375082422,-71.139616935872,-30.1413855520753,-0.863089984644747,NaN,1,0
101,100,560,520,20,critical_zone,6,directional,300,700,15,135,120,316.267292017369,-70.0553104347425,1.01730275961204,-69.0380076751304,-34.695153531234,-0.23613219856164,-34.9312857297956,0,0
101,100,560,520,20,critical_zone,7,directional,400,700,15,116.565051177078,120,240.883789408918,-67.6903763255117,-0.611537214329211,-68.3019135398409,-48.3664606634298,-0.0737184091694233,-48.4401790725992,0,0
101,100,560,520,20,critical_zone,8,directional,600,700,15,63.434948822922,120,184.458667456967,-65.3722061729858,1.95355129232294,-63.4186548806629,-102.528807709152,0.201933913952514,-102.326873795199,0,0
101,100,560,520,20,critical_zone,9,directional,700,700,15,45,120,228.089894559141,-67.2163457230688,1.92355637048321,-65.2927893525856,-127.874983651098,0.696536607793456,-127.178447043305,0,0
101,100,560,520,20,critical_zone,10,omni,750,700,15,38.6598082540901,360,261.772802254168,-68.4127152763475,1.01005523815066,-67.4026600381968,-136.548157698978,0.582779149348879,NaN,1,1
101,100,560,520,20,critical_zone,11,directional,750,650,15,30.9637565320735,120,230.271578793389,-67.2990316061181,0.309298504462176,-66.9897331016559,-145.619655276155,-1.04190881893479,-146.66156409509,0,0
101,100,560,520,20,critical_zone,12,directional,750,550,15,11.3099324740202,120,192.418814048939,-65.7391755061646,-0.288161118339831,-66.0273366245044,-171.027373385104,0.304254507333123,-170.72311887777,0,0
101,100,560,520,20,critical_zone,13,directional,750,450,15,-11.3099324740202,120,202.546291005291,-66.1847107314834,0.0918342575128587,-66.0928764739706,159.775140568832,0.956100199890881,160.731240768723,0,0
101,100,560,520,20,critical_zone,14,directional,750,350,15,-30.9637565320735,120,255,-68.1850284429112,-0.212693818347625,-68.3977222612589,138.179830119864,0.114160535750064,138.293990655614,0,0
101,100,560,520,20,critical_zone,15,omni,750,300,15,-38.6598082540901,360,290.731835202133,-69.3240766286102,-0.837636352433293,-70.1617129810435,130.815083874882,-0.436583337259435,NaN,1,0
101,100,560,520,20,critical_zone,16,directional,700,300,15,-45,120,260.816027114899,-68.3809103387501,0.168130472791607,-68.2127798659585,122.471192290848,-0.34193198962386,122.129260301225,0,0
101,100,560,520,20,critical_zone,17,directional,600,300,15,-63.434948822922,120,223.66269246345,-67.0460958073146,-0.757835827117645,-67.8039316344322,100.304846468766,0.0468678699813717,100.351714338747,0,0
101,100,560,520,20,critical_zone,18,directional,400,300,15,-116.565051177078,120,272.075357208256,-68.7480089948455,0.465694325843815,-68.2823146690017,53.9726266148964,-0.157968969386446,53.81465764551,0,0
101,100,560,520,20,critical_zone,19,directional,300,300,15,-135,120,340.624426605022,-70.6997406051428,1.00680927981562,-69.6929313253272,40.2363583092738,-0.24908279274138,39.9872755165324,0,0
101,100,560,520,20,critical_zone,20,omni,300,500,15,180,360,260.816027114899,-68.3809103387501,-0.855545254405781,-69.2364555931559,4.39870535499553,-0.515012361810562,NaN,1,1
101,100,560,520,20,critical_zone,21,omni,500,350,15,-90,360,180.346887968714,-65.1763978865683,-0.312849718867811,-65.4892476054361,70.5599651718238,0.160185882151005,NaN,1,1
101,100,560,520,20,critical_zone,22,omni,700,500,15,0,360,141.509716980849,-63.0699500817949,1.70733341354991,-61.362616668245,171.869897645844,0.112385463129596,NaN,1,1
101,100,560,520,20,critical_zone,23,omni,500,650,15,90,360,143.265487818944,-63.1770564921469,1.40287788249234,-61.7741786096546,-65.2248594311681,0.0117469058167348,NaN,1,1
102,101,560,520,20,critical_zone,0,omni,250,300,15,-141.34019174591,360,380.164438105407,-71.6536546147036,0.893566735549839,-70.7600878791538,35.3624618870691,-0.155902657400795,NaN,1,0
102,101,560,520,20,critical_zone,1,directional,250,350,15,-149.036243467926,120,353.588744164743,-71.0241934664292,-1.13744282199179,-72.1616362884209,28.739795291688,0.554155908198958,29.293951199887,0,0
102,101,560,520,20,critical_zone,2,directional,250,450,15,-168.69006752598,120,317.844301506256,-70.098513425379,-1.19928992989196,-71.2978033552709,12.7243556854224,0.543985073774264,13.2683407591966,0,0
102,101,560,520,20,critical_zone,3,directional,250,550,15,168.69006752598,120,311.48836254345,-69.9230613483526,-1.45571491606413,-71.3787762644168,-5.52754015165617,0.325493366958173,-5.20204678469801,0,0
102,101,560,520,20,critical_zone,4,directional,250,650,15,149.036243467926,120,336.191909480285,-70.5859699912954,-0.0245928420772882,-70.6105628333727,-22.7509763427876,0.36836115937417,-22.3826151834135,0,0
102,101,560,520,20,critical_zone,5,omni,250,700,15,141.34019174591,360,358.503835404867,-71.1441009596228,-0.668616644802156,-71.812717604425,-30.1413855520753,0.728150262306423,NaN,1,0
102,101,560,520,20,critical_zone,6,directional,300,700,15,135,120,316.267292017369,-70.0553104347425,1.03324450367983,-69.0220659310626,-34.695153531234,-0.41385441891711,-35.1090079501511,0,0
102,101,560,520,20,critical_zone,7,directional,400,700,15,116.565051177078,120,240.883789408918,-67.6903763255117,-1.03336755024633,-68.723743875758,-48.3664606634298,-0.141446322695765,-48.5079069861256,0,0
102,101,560,520,20,critical_zone,8,directional,600,700,15,63.434948822922,120,184.458667456967,-65.3722061729858,0.945166843593992,-64.4270393293918,-102.528807709152,0.00522597779949555,-102.523581731352,0,0
102,101,560,520,20,critical_zone,9,directional,700,700,15,45,120,228.089894559141,-67.2163457230688,0.0945584968684996,-67.1217872262003,-127.874983651098,-0.465154924784961,-128.340138575883,0,0
102,101,560,520,20,critical_zone,10,omni,750,700,15,38.6598082540901,360,261.772802254168,-68.4127152763475,1.85872616638866,-66.5539891099588,-136.548157698978,-0.173447727109821,NaN,1,1
102,101,560,520,20,critical_zone,11,directional,750,650,15,30.9637565320735,120,230.271578793389,-67.2990316061181,-1.4759383280083,-68.7749699341264,-145.619655276155,-0.385335310610175,-146.004990586765,0,0
102,101,560,520,20,critical_zone,12,directional,750,550,15,11.3099324740202,120,192.418814048939,-65.7391755061646,0.761056813907214,-64.9781186922574,-171.027373385104,0.30627589858184,-170.721097486522,0,0
102,101,560,520,20,critical_zone,13,directional,750,450,15,-11.3099324740202,120,202.546291005291,-66.1847107314834,0.463496695281607,-65.7212140362018,159.775140568832,-0.453099872568992,159.322040696263,0,0
102,101,560,520,20,critical_zone,14,directional,750,350,15,-30.9637565320735,120,255,-68.1850284429112,-0.185844194228534,-68.3708726371398,138.179830119864,-1.18025881301929,136.999571306845,0,0
102,101,560,520,20,critical_zone,15,omni,750,300,15,-38.6598082540901,360,290.731835202133,-69.3240766286102,0.013972042470553,-69.3101045861396,130.815083874882,0.366836357930311,NaN,1,1
102,101,560,520,20,critical_zone,16,directional,700,300,15,-45,120,260.816027114899,-68.3809103387501,-0.549047844338415,-68.9299581830885,122.471192290848,-0.592451324700641,121.878740966148,0,0
102,101,560,520,20,critical_zone,17,directional,600,300,15,-63.434948822922,120,223.66269246345,-67.0460958073146,0.471901855241884,-66.5741939520727,100.304846468766,-0.286098753721233,100.018747715045,0,0
102,101,560,520,20,critical_zone,18,directional,400,300,15,-116.565051177078,120,272.075357208256,-68.7480089948455,-0.87216899325745,-69.6201779881029,53.9726266148964,-0.37557676748967,53.5970498474067,0,0
102,101,560,520,20,critical_zone,19,directional,300,300,15,-135,120,340.624426605022,-70.6997406051428,-2.51290813636986,-73.2126487415126,40.2363583092738,0.0166929232542479,40.2530512325281,0,0
102,101,560,520,20,critical_zone,20,omni,300,500,15,180,360,260.816027114899,-68.3809103387501,0.135386730129387,-68.2455236086207,4.39870535499553,0.0467492527490286,NaN,1,1
102,101,560,520,20,critical_zone,21,omni,500,350,15,-90,360,180.346887968714,-65.1763978865683,2.29649969976108,-62.8798981868073,70.5599651718238,0.477818161855254,NaN,1,1
102,101,560,520,20,critical_zone,22,omni,700,500,15,0,360,141.509716980849,-63.0699500817949,-0.643740108996672,-63.7136901907915,171.869897645844,0.22601227157012,NaN,1,1
102,101,560,520,20,critical_zone,23,omni,500,650,15,90,360,143.265487818944,-63.1770564921469,-0.423753244771133,-63.600809736918,-65.2248594311681,-0.157135344362378,NaN,1,1
103,102,560,520,20,critical_zone,0,omni,250,300,15,-141.34019174591,360,380.164438105407,-71.6536546147036,-1.12625460751274,-72.7799092222164,35.3624618870691,-0.356026096032958,NaN,1,0
103,102,560,520,20,critical_zone,1,directional,250,350,15,-149.036243467926,120,353.588744164743,-71.0241934664292,1.30287053069724,-69.7213229357319,28.739795291688,0.766210188619044,29.5060054803071,0,0
103,102,560,520,20,critical_zone,2,directional,250,450,15,-168.69006752598,120,317.844301506256,-70.098513425379,1.51761252615872,-68.5809008992202,12.7243556854224,-0.192898258947384,12.531457426475,0,0
103,102,560,520,20,critical_zone,3,directional,250,550,15,168.69006752598,120,311.48836254345,-69.9230613483526,-1.30310137133879,-71.2261627196914,-5.52754015165617,0.325752133540229,-5.20178801811593,0,0
103,102,560,520,20,critical_zone,4,directional,250,650,15,149.036243467926,120,336.191909480285,-70.5859699912954,0.61924038832018,-69.9667296029752,-22.7509763427876,0.138511293658941,-22.6124650491287,0,0
103,102,560,520,20,critical_zone,5,omni,250,700,15,141.34019174591,360,358.503835404867,-71.1441009596228,-2.19046388233474,-73.3345648419576,-30.1413855520753,0.122981310507766,NaN,1,0
103,102,560,520,20,critical_zone,6,directional,300,700,15,135,120,316.267292017369,-70.0553104347425,0.841790219883394,-69.2135202148591,-34.695153531234,0.176047317592726,-34.5191062136412,0,0
103,102,560,520,20,critical_zone,7,directional,400,700,15,116.565051177078,120,240.883789408918,-67.6903763255117,-0.486008508984385,-68.176384834496,-48.3664606634298,-0.596574492007951,-48.9630351554378,0,0
103,102,560,520,20,critical_zone,8,directional,600,700,15,63.434948822922,120,184.458667456967,-65.3722061729858,1.08771936090082,-64.284486812085,-102.528807709152,-0.324623050675983,-102.853430759827,0,0
103,102,560,520,20,critical_zone,9,directional,700,700,15,45,120,228.089894559141,-67.2163457230688,-0.59206666660657,-67.8084123896753,-127.874983651098,-0.95910541812868,-128.834089069227,0,0
103,102,560,520,20,critical_zone,10,omni,750,700,15,38.6598082540901,360,261.772802254168,-68.4127152763475,-1.45737398389142,-69.8700892602389,-136.548157698978,0.289507955032928,NaN,1,1
103,102,560,520,20,critical_zone,11,directional,750,650,15,30.9637565320735,120,230.271578793389,-67.2990316061181,-0.474451039772364,-67.7734826458905,-145.619655276155,-0.363368691511496,-145.983023967667,0,0
103,102,560,520,20,critical_zone,12,directional,750,550,15,11.3099324740202,120,192.418814048939,-65.7391755061646,-1.03306337434162,-66.7722388805062,-171.027373385104,0.667442184042178,-170.359931201061,0,0
103,102,560,520,20,critical_zone,13,directional,750,450,15,-11.3099324740202,120,202.546291005291,-66.1847107314834,0.678888417427643,-65.5058223140558,159.775140568832,-0.196310733600904,159.578829835231,0,0
103,102,560,520,20,critical_zone,14,directional,750,350,15,-30.9637565320735,120,255,-68.1850284429112,-0.999915179118999,-69.1849436220302,138.179830119864,-0.377453311727855,137.802376808136,0,0
103,102,560,520,20,critical_zone,15,omni,750,300,15,-38.6598082540901,360,290.731835202133,-69.3240766286102,-0.934582085765808,-70.258658714376,130.815083874882,-0.42413256343868,NaN,1,0
103,102,560,520,20,critical_zone,16,directional,700,300,15,-45,120,260.816027114899,-68.3809103387501,-1.5206396108895,-69.9015499496396,122.471192290848,-0.267497094880345,122.203695195968,0,0
103,102,560,520,20,critical_zone,17,directional,600,300,15,-63.434948822922,120,223.66269246345,-67.0460958073146,1.23524765624314,-65.8108481510715,100.304846468766,0.855357957502434,101.160204426268,0,0
103,102,560,520,20,critical_zone,18,directional,400,300,15,-116.565051177078,120,272.075357208256,-68.7480089948455,1.13522423202153,-67.612784762824,53.9726266148964,-0.996529165264558,52.9760974496319,0,0
103,102,560,520,20,critical_zone,19,directional,300,300,15,-135,120,340.624426605022,-70.6997406051428,0.732929552239858,-69.9668110529029,40.2363583092738,-0.00668707033082211,40.229671238943,0,0
103,102,560,520,20,critical_zone,20,omni,300,500,15,180,360,260.816027114899,-68.3809103387501,0.45799244640397,-67.9229178923461,4.39870535499553,2.03923343533542,NaN,1,1
103,102,560,520,20,critical_zone,21,omni,500,350,15,-90,360,180.346887968714,-65.1763978865683,-0.352624647348313,-65.5290225339166,70.5599651718238,0.530968397016128,NaN,1,1
103,102,560,520,20,critical_zone,22,omni,700,500,15,0,360,141.509716980849,-63.0699500817949,0.255592089924546,-62.8143579918703,171.869897645844,0.846267448726691,NaN,1,1
103,102,560,520,20,critical_zone,23,omni,500,650,15,90,360,143.265487818944,-63.1770564921469,0.536647947115183,-62.6404085450317,-65.2248594311681,-0.849179570876316,NaN,1,1
104,103,560,520,20,critical_zone,0,omni,250,300,15,-141.34019174591,360,380.164438105407,-71.6536546147036,-0.0085618546145399,-71.6622164693182,35.3624618870691,-0.306306855743212,NaN,1,0
104,103,560,520,20,critical_zone,1,directional,250,350,15,-149.036243467926,120,353.588744164743,-71.0241934664292,-0.719198601288484,-71.7433920677176,28.739795291688,-0.32197841418372,28.4178168775043,0,0
104,103,560,520,20,critical_zone,2,directional,250,450,15,-168.69006752598,120,317.844301506256,-70.098513425379,-0.509451680063391,-70.6079651054424,12.7243556854224,-0.370496130208603,12.3538595552138,0,0
104,103,560,520,20,critical_zone,3,directional,250,550,15,168.69006752598,120,311.48836254345,-69.9230613483526,-0.213785583533672,-70.1368469318863,-5.52754015165617,-0.651528015511229,-6.1790681671674,0,0
104,103,560,520,20,critical_zone,4,directional,250,650,15,149.036243467926,120,336.191909480285,-70.5859699912954,-0.820454334366226,-71.4064243256617,-22.7509763427876,0.469754979766763,-22.2812213630209,0,0
104,103,560,520,20,critical_zone,5,omni,250,700,15,141.34019174591,360,358.503835404867,-71.1441009596228,-0.0887103733671275,-71.23281133299,-30.1413855520753,-0.749034303424073,NaN,1,0
104,103,560,520,20,critical_zone,6,directional,300,700,15,135,120,316.267292017369,-70.0553104347425,-1.87804971833864,-71.9333601530811,-34.695153531234,0.350276462163211,-34.3448770690708,0,0
104,103,560,520,20,critical_zone,7,directional,400,700,15,116.565051177078,120,240.883789408918,-67.6903763255117,-0.756399320741159,-68.4467756462528,-48.3664606634298,-0.702441447955376,-49.0689021113852,0,0
104,103,560,520,20,critical_zone,8,directional,600,700,15,63.434948822922,120,184.458667456967,-65.3722061729858,1.37145860370789,-64.000747569278,-102.528807709152,0.103785549080712,-102.425022160071,0,0
104,103,560,520,20,critical_zone,9,directional,700,700,15,45,120,228.089894559141,-67.2163457230688,2.45316399967916,-64.7631817233896,-127.874983651098,-0.264387486372677,-128.139371137471,0,0
104,103,560,520,20,critical_zone,10,omni,750,700,15,38.6598082540901,360,261.772802254168,-68.4127152763475,-0.382910732426504,-68.795626008774,-136.548157698978,0.315397923771026,NaN,1,1
104,103,560,520,20,critical_zone,11,directional,750,650,15,30.9637565320735,120,230.271578793389,-67.2990316061181,-2.61310561422771,-69.9121372203458,-145.619655276155,0.67482255720543,-144.94483271895,0,0
104,103,560,520,20,critical_zone,12,directional,750,550,15,11.3099324740202,120,192.418814048939,-65.7391755061646,1.31471179596037,-64.4244637102042,-171.027373385104,0.467752857744667,-170.559620527359,0,0
104,103,560,520,20,critical_zone,13,directional,750,450,15,-11.3099324740202,120,202.546291005291,-66.1847107314834,-0.0591282765967312,-66.2438390080802,159.775140568832,-0.676351923275172,159.098788645557,0,0
104,103,560,520,20,critical_zone,14,directional,750,350,15,-30.9637565320735,120,255,-68.1850284429112,0.314307528772385,-67.8707209141388,138.179830119864,0.116607131251998,138.296437251116,0,0
104,103,560,520,20,critical_zone,15,omni,750,300,15,-38.6598082540901,360,290.731835202133,-69.3240766286102,-1.58998517376915,-70.9140618023793,130.815083874882,0.31343427474745,NaN,1,0
104,103,560,520,20,critical_zone,16,directional,700,300,15,-45,120,260.816027114899,-68.3809103387501,0.677177712441602,-67.7037326263085,122.471192290848,0.438037400373699,122.909229691222,0,0
104,103,560,520,20,critical_zone,17,directional,600,300,15,-63.434948822922,120,223.66269246345,-67.0460958073146,0.97415730108799,-66.0719385062266,100.304846468766,-0.386552839894026,99.918293628872,0,0
104,103,560,520,20,critical_zone,18,directional,400,300,15,-116.565051177078,120,272.075357208256,-68.7480089948455,-1.08564422882222,-69.8336532236677,53.9726266148964,-0.198385432305966,53.7742411825904,0,0
104,103,560,520,20,critical_zone,19,directional,300,300,15,-135,120,340.624426605022,-70.6997406051428,0.603530978084067,-70.0962096270587,40.2363583092738,0.274416884860113,40.5107751941339,0,0
104,103,560,520,20,critical_zone,20,omni,300,500,15,180,360,260.816027114899,-68.3809103387501,-0.421659171498676,-68.8025695102488,4.39870535499553,0.0701069387179736,NaN,1,1
104,103,560,520,20,critical_zone,21,omni,500,350,15,-90,360,180.346887968714,-65.1763978865683,-0.457573400811592,-65.6339712873799,70.5599651718238,-0.173079947954435,NaN,1,1
104,103,560,520,20,critical_zone,22,omni,700,500,15,0,360,141.509716980849,-63.0699500817949,1.27199782637537,-61.7979522554195,171.869897645844,0.125946924084613,NaN,1,1
104,103,560,520,20,critical_zone,23,omni,500,650,15,90,360,143.265487818944,-63.1770564921469,0.371537091070398,-62.8055194010765,-65.2248594311681,-0.432568960867452,NaN,1,1
105,104,560,520,20,critical_zone,0,omni,250,300,15,-141.34019174591,360,380.164438105407,-71.6536546147036,-0.674221868221277,-72.3278764829249,35.3624618870691,-0.202466252881105,NaN,1,0
105,104,560,520,20,critical_zone,1,directional,250,350,15,-149.036243467926,120,353.588744164743,-71.0241934664292,0.385147717603663,-70.6390457488255,28.739795291688,0.824719346523038,29.5645146382111,0,0
105,104,560,520,20,critical_zone,2,directional,250,450,15,-168.69006752598,120,317.844301506256,-70.098513425379,1.92273595133058,-68.1757774740484,12.7243556854224,0.29922540026352,13.0235810856859,0,0
105,104,560,520,20,critical_zone,3,directional,250,550,15,168.69006752598,120,311.48836254345,-69.9230613483526,0.536020655290269,-69.3870406930624,-5.52754015165617,-0.187922056122048,-5.71546220777822,0,0
105,104,560,520,20,critical_zone,4,directional,250,650,15,149.036243467926,120,336.191909480285,-70.5859699912954,-0.311498534218116,-70.8974685255135,-22.7509763427876,1.03735022146265,-21.713626121325,0,0
105,104,560,520,20,critical_zone,5,omni,250,700,15,141.34019174591,360,358.503835404867,-71.1441009596228,0.114029204263764,-71.0300717553591,-30.1413855520753,-0.481414259247377,NaN,1,0
105,104,560,520,20,critical_zone,6,directional,300,700,15,135,120,316.267292017369,-70.0553104347425,0.804854752552511,-69.25045568219,-34.695153531234,0.120459405124229,-34.5746941261097,0,0
105,104,560,520,20,critical_zone,7,directional,400,700,15,116.565051177078,120,240.883789408918,-67.6903763255117,2.19547965867688,-65.4948966668348,-48.3664606634298,0.798696873479022,-47.5677637899508,0,0
105,104,560,520,20,critical_zone,8,directional,600,700,15,63.434948822922,120,184.458667456967,-65.3722061729858,0.10843733601516,-65.2637688369707,-102.528807709152,0.627751528548287,-101.901056180603,0,0
105,104,560,520,20,critical_zone,9,directional,700,700,15,45,120,228.089894559141,-67.2163457230688,-1.06875477554255,-68.2851004986113,-127.874983651098,0.475833160611744,-127.399150490486,0,0
105,104,560,520,20,critical_zone,10,omni,750,700,15,38.6598082540901,360,261.772802254168,-68.4127152763475,-1.7091763871657,-70.1218916635132,-136.548157698978,-0.79938903333157,NaN,1,0
105,104,560,520,20,critical_zone,11,directional,750,650,15,30.9637565320735,120,230.271578793389,-67.2990316061181,-0.368954174689929,-67.667985780808,-145.619655276155,1.19891676465933,-144.420738511496,0,0
105,104,560,520,20,critical_zone,12,directional,750,550,15,11.3099324740202,120,192.418814048939,-65.7391755061646,-0.45956508406158,-66.1987405902262,-171.027373385104,-0.306290620326614,-171.33366400543,0,0
105,104,560,520,20,critical_zone,13,directional,750,450,15,-11.3099324740202,120,202.546291005291,-66.1847107314834,-0.566368056468608,-66.751078787952,159.775140568832,-0.478526427788561,159.296614141043,0,0
105,104,560,520,20,critical_zone,14,directional,750,350,15,-30.9637565320735,120,255,-68.1850284429112,1.05173155190693,-67.1332968910043,138.179830119864,0.63789000288284,138.817720122747,0,0
105,104,560,520,20,critical_zone,15,omni,750,300,15,-38.6598082540901,360,290.731835202133,-69.3240766286102,-1.46275781411269,-70.7868344427229,130.815083874882,0.155577606282667,NaN,1,0
105,104,560,520,20,critical_zone,16,directional,700,300,15,-45,120,260.816027114899,-68.3809103387501,0.593898168236006,-67.7870121705141,122.471192290848,-0.24587938674811,122.2253129041,0,0
105,104,560,520,20,critical_zone,17,directional,600,300,15,-63.434948822922,120,223.66269246345,-67.0460958073146,0.208606223788608,-66.837489583526,100.304846468766,-0.321457879552155,99.9833885892139,0,0
105,104,560,520,20,critical_zone,18,directional,400,300,15,-116.565051177078,120,272.075357208256,-68.7480089948455,-0.487303197856229,-69.2353121927017,53.9726266148964,-0.0381667662557243,53.9344598486407,0,0
105,104,560,520,20,critical_zone,19,directional,300,300,15,-135,120,340.624426605022,-70.6997406051428,1.04524425377258,-69.6544963513702,40.2363583092738,-0.223825668447527,40.0125326408263,0,0
105,104,560,520,20,critical_zone,20,omni,300,500,15,180,360,260.816027114899,-68.3809103387501,-1.18311823809526,-69.5640285768453,4.39870535499553,-0.445361065948347,NaN,1,1
105,104,560,520,20,critical_zone,21,omni,500,350,15,-90,360,180.346887968714,-65.1763978865683,0.0555410217084386,-65.1208568648599,70.5599651718238,0.411216417676354,NaN,1,1
105,104,560,520,20,critical_zone,22,omni,700,500,15,0,360,141.509716980849,-63.0699500817949,0.0835271668657448,-62.9864229149291,171.869897645844,0.0625697258293213,NaN,1,1
105,104,560,520,20,critical_zone,23,omni,500,650,15,90,360,143.265487818944,-63.1770564921469,0.892618161932908,-62.284438330214,-65.2248594311681,-0.271271891197907,NaN,1,1
106,105,560,520,20,critical_zone,0,omni,250,300,15,-141.34019174591,360,380.164438105407,-71.6536546147036,1.40560529873675,-70.2480493159669,35.3624618870691,0.4819684560918,NaN,1,0
106,105,560,520,20,critical_zone,1,directional,250,350,15,-149.036243467926,120,353.588744164743,-71.0241934664292,-0.147550821733096,-71.1717442881622,28.739795291688,0.278547228629313,29.0183425203174,0,0
106,105,560,520,20,critical_zone,2,directional,250,450,15,-168.69006752598,120,317.844301506256,-70.098513425379,-0.794409651026504,-70.8929230764055,12.7243556854224,-0.309022373933595,12.4153333114888,0,0
106,105,560,520,20,critical_zone,3,directional,250,550,15,168.69006752598,120,311.48836254345,-69.9230613483526,0.367562347330707,-69.5554990010219,-5.52754015165617,-0.14709165229475,-5.67463180395092,0,0
106,105,560,520,20,critical_zone,4,directional,250,650,15,149.036243467926,120,336.191909480285,-70.5859699912954,-0.394914450799841,-70.9808844420953,-22.7509763427876,-0.345441773076944,-23.0964181158646,0,0
106,105,560,520,20,critical_zone,5,omni,250,700,15,141.34019174591,360,358.503835404867,-71.1441009596228,0.627503277962259,-70.5165976816606,-30.1413855520753,0.453854034785707,NaN,1,0
106,105,560,520,20,critical_zone,6,directional,300,700,15,135,120,316.267292017369,-70.0553104347425,2.17849163904531,-67.8768187956971,-34.695153531234,-0.382757857616667,-35.0779113888506,0,0
106,105,560,520,20,critical_zone,7,directional,400,700,15,116.565051177078,120,240.883789408918,-67.6903763255117,-0.440219147563054,-68.1305954730747,-48.3664606634298,-0.0157630890182086,-48.382223752448,0,0
106,105,560,520,20,critical_zone,8,directional,600,700,15,63.434948822922,120,184.458667456967,-65.3722061729858,0.652993512426751,-64.7192126605591,-102.528807709152,0.699314113082658,-101.829493596069,0,0
106,105,560,520,20,critical_zone,9,directional,700,700,15,45,120,228.089894559141,-67.2163457230688,-1.62021323039663,-68.8365589534654,-127.874983651098,-0.624280690507443,-128.499264341606,0,0
106,105,560,520,20,critical_zone,10,omni,750,700,15,38.6598082540901,360,261.772802254168,-68.4127152763475,-0.867382548366704,-69.2800978247142,-136.548157698978,0.720012028693975,NaN,1,1
106,105,560,520,20,critical_zone,11,directional,750,650,15,30.9637565320735,120,230.271578793389,-67.2990316061181,0.398732392349442,-66.9002992137686,-145.619655276155,0.154551782093012,-145.465103494062,0,0
106,105,560,520,20,critical_zone,12,directional,750,550,15,11.3099324740202,120,192.418814048939,-65.7391755061646,-0.388188749275595,-66.1273642554402,-171.027373385104,0.782215934292649,-170.245157450811,0,0
106,105,560,520,20,critical_zone,13,directional,750,450,15,-11.3099324740202,120,202.546291005291,-66.1847107314834,0.742166542077285,-65.4425441894061,159.775140568832,-0.307093625752814,159.468046943079,0,0
106,105,560,520,20,critical_zone,14,directional,750,350,15,-30.9637565320735,120,255,-68.1850284429112,0.187997612000763,-67.9970308309105,138.179830119864,0.940638768263929,139.120468888128,0,0
106,105,560,520,20,critical_zone,15,omni,750,300,15,-38.6598082540901,360,290.731835202133,-69.3240766286102,-0.0603062287505255,-69.3843828573607,130.815083874882,0.517829608338072,NaN,1,1
106,105,560,520,20,critical_zone,16,directional,700,300,15,-45,120,260.816027114899,-68.3809103387501,0.546762487620473,-67.8341478511296,122.471192290848,0.373724122998406,122.844916413847,0,0
106,105,560,520,20,critical_zone,17,directional,600,300,15,-63.434948822922,120,223.66269246345,-67.0460958073146,0.409578161373425,-66.6365176459412,100.304846468766,-0.163250970563686,100.141595498202,0,0
106,105,560,520,20,critical_zone,18,directional,400,300,15,-116.565051177078,120,272.075357208256,-68.7480089948455,-1.72841421325034,-70.4764232080958,53.9726266148964,0.0740095503724408,54.0466361652688,0,0
106,105,560,520,20,critical_zone,19,directional,300,300,15,-135,120,340.624426605022,-70.6997406051428,-1.39086283446699,-72.0906034396098,40.2363583092738,-0.296384959891394,39.9399733493824,0,0
106,105,560,520,20,critical_zone,20,omni,300,500,15,180,360,260.816027114899,-68.3809103387501,-0.33935328594194,-68.720263624692,4.39870535499553,0.159075087114068,NaN,1,1
106,105,560,520,20,critical_zone,21,omni,500,350,15,-90,360,180.346887968714,-65.1763978865683,2.55561323848771,-62.6207846480806,70.5599651718238,-0.168861631196414,NaN,1,1
106,105,560,520,20,critical_zone,22,omni,700,500,15,0,360,141.509716980849,-63.0699500817949,-0.824589883782312,-63.8945399655772,171.869897645844,0.0991399418643316,NaN,1,1
106,105,560,520,20,critical_zone,23,omni,500,650,15,90,360,143.265487818944,-63.1770564921469,0.131235351731844,-63.0458211404151,-65.2248594311681,-0.398751407679298,NaN,1,1
107,106,560,520,20,critical_zone,0,omni,250,300,15,-141.34019174591,360,380.164438105407,-71.6536546147036,-0.491448113483832,-72.1451027281875,35.3624618870691,0.255029399830646,NaN,1,0
107,106,560,520,20,critical_zone,1,directional,250,350,15,-149.036243467926,120,353.588744164743,-71.0241934664292,-0.946978470916018,-71.9711719373452,28.739795291688,-0.708932371815639,28.0308629198724,0,0
107,106,560,520,20,critical_zone,2,directional,250,450,15,-168.69006752598,120,317.844301506256,-70.098513425379,-0.411920926138751,-70.5104343515177,12.7243556854224,0.562392234272831,13.2867479196952,0,0
107,106,560,520,20,critical_zone,3,directional,250,550,15,168.69006752598,120,311.48836254345,-69.9230613483526,-0.418905660706813,-70.3419670090594,-5.52754015165617,-0.0845508995949544,-5.61209105125113,0,0
107,106,560,520,20,critical_zone,4,directional,250,650,15,149.036243467926,120,336.191909480285,-70.5859699912954,0.202469817195632,-70.3835001740998,-22.7509763427876,-0.684290664599122,-23.4352670073868,0,0
107,106,560,520,20,critical_zone,5,omni,250,700,15,141.34019174591,360,358.503835404867,-71.1441009596228,0.448213580231964,-70.6958873793909,-30.1413855520753,1.06939191668208,NaN,1,0
107,106,560,520,20,critical_zone,6,directional,300,700,15,135,120,316.267292017369,-70.0553104347425,-2.08324150445377,-72.1385519391962,-34.695153531234,0.394791148691535,-34.3003623825424,0,0
107,106,560,520,20,critical_zone,7,directional,400,700,15,116.565051177078,120,240.883789408918,-67.6903763255117,0.397814790138307,-67.2925615353734,-48.3664606634298,-0.168926425314653,-48.5353870887445,0,0
107,106,560,520,20,critical_zone,8,directional,600,700,15,63.434948822922,120,184.458667456967,-65.3722061729858,-0.163076532764155,-65.53528270575,-102.528807709152,0.797829801896074,-101.730977907255,0,0
107,106,560,520,20,critical_zone,9,directional,700,700,15,45,120,228.089894559141,-67.2163457230688,0.758568718228358,-66.4577770048404,-127.874983651098,0.332317171752852,-127.542666479345,0,0
107,106,560,520,20,critical_zone,10,omni,750,700,15,38.6598082540901,360,261.772802254168,-68.4127152763475,1.69628823265096,-66.7164270436965,-136.548157698978,0.406670814382023,NaN,1,1
107,106,560,520,20,critical_zone,11,directional,750,650,15,30.9637565320735,120,230.271578793389,-67.2990316061181,-0.854249915883695,-68.1532815220018,-145.619655276155,0.493904019518181,-145.125751256637,0,0
107,106,560,520,20,critical_zone,12,directional,750,550,15,11.3099324740202,120,192.418814048939,-65.7391755061646,-0.921560236912919,-66.6607357430775,-171.027373385104,-0.740350190856879,-171.76772357596,0,0
107,106,560,520,20,critical_zone,13,directional,750,450,15,-11.3099324740202,120,202.546291005291,-66.1847107314834,1.76806896561922,-64.4166417658642,159.775140568832,0.154693601201497,159.929834170033,0,0
107,106,560,520,20,critical_zone,14,directional,750,350,15,-30.9637565320735,120,255,-68.1850284429112,-0.854228747992686,-69.0392571909039,138.179830119864,0.820970447176716,139.000800567041,0,0
107,106,560,520,20,critical_zone,15,omni,750,300,15,-38.6598082540901,360,290.731835202133,-69.3240766286102,-0.171496447629141,-69.4955730762393,130.815083874882,-0.279854410824871,NaN,1,1
107,106,560,520,20,critical_zone,16,directional,700,300,15,-45,120,260.816027114899,-68.3809103387501,0.475091899541679,-67.9058184392084,122.471192290848,0.0119062925214842,122.48309858337,0,0
107,106,560,520,20,critical_zone,17,directional,600,300,15,-63.434948822922,120,223.66269246345,-67.0460958073146,-1.22852942710231,-68.2746252344169,100.304846468766,-0.603734367049736,99.7011121017163,0,0
107,106,560,520,20,critical_zone,18,directional,400,300,15,-116.565051177078,120,272.075357208256,-68.7480089948455,-1.69985108801931,-70.4478600828648,53.9726266148964,-1.03654072032898,52.9360858945674,0,0
107,106,560,520,20,critical_zone,19,directional,300,300,15,-135,120,340.624426605022,-70.6997406051428,2.12799364122414,-68.5717469639186,40.2363583092738,0.293175822435196,40.529534131709,0,0
107,106,560,520,20,critical_zone,20,omni,300,500,15,180,360,260.816027114899,-68.3809103387501,0.838497785779813,-67.5424125529703,4.39870535499553,-0.394395927635289,NaN,1,1
107,106,560,520,20,critical_zone,21,omni,500,350,15,-90,360,180.346887968714,-65.1763978865683,-0.768439800038809,-65.9448376866071,70.5599651718238,-0.93754231756769,NaN,1,1
107,106,560,520,20,critical_zone,22,omni,700,500,15,0,360,141.509716980849,-63.0699500817949,-0.583098527179069,-63.6530486089739,171.869897645844,0.0407910859997903,NaN,1,1
107,106,560,520,20,critical_zone,23,omni,500,650,15,90,360,143.265487818944,-63.1770564921469,0.221071586089306,-62.9559849060576,-65.2248594311681,-0.316601096445585,NaN,1,1
108,107,560,520,20,critical_zone,0,omni,250,300,15,-141.34019174591,360,380.164438105407,-71.6536546147036,-0.402794420495367,-72.056449035199,35.3624618870691,0.074705472962987,NaN,1,0
108,107,560,520,20,critical_zone,1,directional,250,350,15,-149.036243467926,120,353.588744164743,-71.0241934664292,-0.275431907875302,-71.2996253743045,28.739795291688,-0.941026114831991,27.798769176856,0,0
108,107,560,520,20,critical_zone,2,directional,250,450,15,-168.69006752598,120,317.844301506256,-70.098513425379,1.47290881714699,-68.625604608232,12.7243556854224,0.304427556996649,13.028783242419,0,0
108,107,560,520,20,critical_zone,3,directional,250,550,15,168.69006752598,120,311.48836254345,-69.9230613483526,2.14275868210862,-67.780302666244,-5.52754015165617,0.973230043459168,-4.554310108197,0,0
108,107,560,520,20,critical_zone,4,directional,250,650,15,149.036243467926,120,336.191909480285,-70.5859699912954,-0.447869665358333,-71.0338396566538,-22.7509763427876,0.05475126452828,-22.6962250782593,0,0
108,107,560,520,20,critical_zone,5,omni,250,700,15,141.34019174591,360,358.503835404867,-71.1441009596228,-0.10038542533279,-71.2444863849556,-30.1413855520753,-0.704839420170727,NaN,1,0
108,107,560,520,20,critical_zone,6,directional,300,700,15,135,120,316.267292017369,-70.0553104347425,-1.23698785549447,-71.2922982902369,-34.695153531234,-0.735143236991895,-35.4302967682259,0,0
108,107,560,520,20,critical_zone,7,directional,400,700,15,116.565051177078,120,240.883789408918,-67.6903763255117,-0.471389130194261,-68.1617654557059,-48.3664606634298,0.0296132194622778,-48.3368474439675,0,0
108,107,560,520,20,critical_zone,8,directional,600,700,15,63.434948822922,120,184.458667456967,-65.3722061729858,2.41616300514978,-62.9560431678361,-102.528807709152,-0.686378891125914,-103.215186600277,0,0
108,107,560,520,20,critical_zone,9,directional,700,700,15,45,120,228.089894559141,-67.2163457230688,-0.118033971430425,-67.3343796944992,-127.874983651098,0.249766039401441,-127.625217611697,0,0
108,107,560,520,20,critical_zone,10,omni,750,700,15,38.6598082540901,360,261.772802254168,-68.4127152763475,0.309847284596151,-68.1028679917513,-136.548157698978,-0.676926290734315,NaN,1,1
108,107,560,520,20,critical_zone,11,directional,750,650,15,30.9637565320735,120,230.271578793389,-67.2990316061181,-0.0352090883539322,-67.334240694472,-145.619655276155,-0.347683086384753,-145.96733836254,0,0
108,107,560,520,20,critical_zone,12,directional,750,550,15,11.3099324740202,120,192.418814048939,-65.7391755061646,0.259146594450051,-65.4800289117145,-171.027373385104,0.417404730146585,-170.609968654957,0,0
108,107,560,520,20,critical_zone,13,directional,750,450,15,-11.3099324740202,120,202.546291005291,-66.1847107314834,-1.90997639237234,-68.0946871238557,159.775140568832,1.26120082925151,161.036341398083,0,0
108,107,560,520,20,critical_zone,14,directional,750,350,15,-30.9637565320735,120,255,-68.1850284429112,-0.00678034736405152,-68.1918087902753,138.179830119864,-0.0202592994006098,138.159570820464,0,0
108,107,560,520,20,critical_zone,15,omni,750,300,15,-38.6598082540901,360,290.731835202133,-69.3240766286102,-0.598207395932404,-69.9222840245426,130.815083874882,0.112587821109214,NaN,1,1
108,107,560,520,20,critical_zone,16,directional,700,300,15,-45,120,260.816027114899,-68.3809103387501,-0.0947234963141545,-68.4756338350642,122.471192290848,-0.293696636128911,122.17749565472,0,0
108,107,560,520,20,critical_zone,17,directional,600,300,15,-63.434948822922,120,223.66269246345,-67.0460958073146,0.519069398341812,-66.5270264089728,100.304846468766,0.258108818727966,100.562955287494,0,0
108,107,560,520,20,critical_zone,18,directional,400,300,15,-116.565051177078,120,272.075357208256,-68.7480089948455,-0.846030815255977,-69.5940398101015,53.9726266148964,-1.16870882642742,52.803917788469,0,0
108,107,560,520,20,critical_zone,19,directional,300,300,15,-135,120,340.624426605022,-70.6997406051428,-0.0655998682419965,-70.7653404733848,40.2363583092738,0.0567833136672835,40.2931416229411,0,0
108,107,560,520,20,critical_zone,20,omni,300,500,15,180,360,260.816027114899,-68.3809103387501,0.0333044685056345,-68.3476058702445,4.39870535499553,-0.465644486121313,NaN,1,1
108,107,560,520,20,critical_zone,21,omni,500,350,15,-90,360,180.346887968714,-65.1763978865683,1.22595878760939,-63.9504390989589,70.5599651718238,0.598589133164826,NaN,1,1
108,107,560,520,20,critical_zone,22,omni,700,500,15,0,360,141.509716980849,-63.0699500817949,0.196286959678168,-62.8736631221167,171.869897645844,-0.323398634151489,NaN,1,1
108,107,560,520,20,critical_zone,23,omni,500,650,15,90,360,143.265487818944,-63.1770564921469,-2.06944809040713,-65.246504582554,-65.2248594311681,0.515904976841062,NaN,1,1
109,108,560,520,20,critical_zone,0,omni,250,300,15,-141.34019174591,360,380.164438105407,-71.6536546147036,0.0773221830871531,-71.5763324316165,35.3624618870691,0.445923141131469,NaN,1,0
109,108,560,520,20,critical_zone,1,directional,250,350,15,-149.036243467926,120,353.588744164743,-71.0241934664292,-0.604638711707625,-71.6288321781368,28.739795291688,-1.05048203498182,27.6893132567062,0,0
109,108,560,520,20,critical_zone,2,directional,250,450,15,-168.69006752598,120,317.844301506256,-70.098513425379,0.418266502527453,-69.6802469228515,12.7243556854224,-0.0572958512241373,12.6670598341982,0,0
109,108,560,520,20,critical_zone,3,directional,250,550,15,168.69006752598,120,311.48836254345,-69.9230613483526,-1.26240064403537,-71.185461992388,-5.52754015165617,0.0739649403421041,-5.45357521131407,0,0
109,108,560,520,20,critical_zone,4,directional,250,650,15,149.036243467926,120,336.191909480285,-70.5859699912954,0.634014835811865,-69.9519551554836,-22.7509763427876,-0.587937206137203,-23.3389135489248,0,0
109,108,560,520,20,critical_zone,5,omni,250,700,15,141.34019174591,360,358.503835404867,-71.1441009596228,0.417537530137167,-70.7265634294857,-30.1413855520753,-0.460243860245399,NaN,1,0
109,108,560,520,20,critical_zone,6,directional,300,700,15,135,120,316.267292017369,-70.0553104347425,-0.205515179279665,-70.2608256140221,-34.695153531234,0.671655424147847,-34.0234981070861,0,0
109,108,560,520,20,critical_zone,7,directional,400,700,15,116.565051177078,120,240.883789408918,-67.6903763255117,0.381505175778899,-67.3088711497328,-48.3664606634298,-0.86312350201646,-49.2295841654463,0,0
109,108,560,520,20,critical_zone,8,directional,600,700,15,63.434948822922,120,184.458667456967,-65.3722061729858,-0.461078177795659,-65.8332843507815,-102.528807709152,-0.574190204618901,-103.10299791377,0,0
109,108,560,520,20,critical_zone,9,directional,700,700,15,45,120,228.089894559141,-67.2163457230688,0.620167013733564,-66.5961787093352,-127.874983651098,0.343883421045629,-127.531100230053,0,0
109,108,560,520,20,critical_zone,10,omni,750,700,15,38.6598082540901,360,261.772802254168,-68.4127152763475,-1.23546730285827,-69.6481825792058,-136.548157698978,-0.304311984964527,NaN,1,1
109,108,560,520,20,critical_zone,11,directional,750,650,15,30.9637565320735,120,230.271578793389,-67.2990316061181,-0.577480443620924,-67.876512049739,-145.619655276155,-0.357906064482772,-145.977561340638,0,0
109,108,560,520,20,critical_zone,12,directional,750,550,15,11.3099324740202,120,192.418814048939,-65.7391755061646,0.438796453091927,-65.3003790530726,-171.027373385104,-0.786631196813696,-171.814004581917,0,0
109,108,560,520,20,critical_zone,13,directional,750,450,15,-11.3099324740202,120,202.546291005291,-66.1847107314834,0.613923787848714,-65.5707869436347,159.775140568832,1.14512913877601,160.920269707608,0,0
109,108,560,520,20,critical_zone,14,directional,750,350,15,-30.9637565320735,120,255,-68.1850284429112,-0.166797109218688,-68.3518255521299,138.179830119864,0.0210687618690643,138.200898881733,0,0
109,108,560,520,20,critical_zone,15,omni,750,300,15,-38.6598082540901,360,290.731835202133,-69.3240766286102,-1.97806531372189,-71.3021419423321,130.815083874882,0.396966657743427,NaN,1,0
109,108,560,520,20,critical_zone,16,directional,700,300,15,-45,120,260.816027114899,-68.3809103387501,1.35905405080463,-67.0218562879455,122.471192290848,0.429480246730654,122.900672537579,0,0
109,108,560,520,20,critical_zone,17,directional,600,300,15,-63.434948822922,120,223.66269246345,-67.0460958073146,-0.213855426426592,-67.2599512337412,100.304846468766,-0.0141713277231868,100.290675141043,0,0
109,108,560,520,20,critical_zone,18,directional,400,300,15,-116.565051177078,120,272.075357208256,-68.7480089948455,-0.451016582314508,-69.19902557716,53.9726266148964,0.0174886956964477,53.9901153105928,0,0
109,108,560,520,20,critical_zone,19,directional,300,300,15,-135,120,340.624426605022,-70.6997406051428,-0.312555713435565,-71.0122963185784,40.2363583092738,-0.0990992159890195,40.1372590932848,0,0
109,108,560,520,20,critical_zone,20,omni,300,500,15,180,360,260.816027114899,-68.3809103387501,-0.00635243646884675,-68.3872627752189,4.39870535499553,-0.355775493068693,NaN,1,1
109,108,560,520,20,critical_zone,21,omni,500,350,15,-90,360,180.346887968714,-65.1763978865683,1.9861597809973,-63.190238105571,70.5599651718238,0.015072793386304,NaN,1,1
109,108,560,520,20,critical_zone,22,omni,700,500,15,0,360,141.509716980849,-63.0699500817949,0.0848608793365648,-62.9850892024583,171.869897645844,0.368110297844959,NaN,1,1
109,108,560,520,20,critical_zone,23,omni,500,650,15,90,360,143.265487818944,-63.1770564921469,-0.121352218236469,-63.2984087103834,-65.2248594311681,-0.683856973919205,NaN,1,1
110,109,560,520,20,critical_zone,0,omni,250,300,15,-141.34019174591,360,380.164438105407,-71.6536546147036,0.605918729426059,-71.0477358852776,35.3624618870691,0.693465340411314,NaN,1,0
110,109,560,520,20,critical_zone,1,directional,250,350,15,-149.036243467926,120,353.588744164743,-71.0241934664292,-0.250429837600144,-71.2746233040293,28.739795291688,-0.119975352559962,28.6198199391281,0,0
110,109,560,520,20,critical_zone,2,directional,250,450,15,-168.69006752598,120,317.844301506256,-70.098513425379,-0.529454334969265,-70.6279677603482,12.7243556854224,0.167234823875943,12.8915905092983,0,0
110,109,560,520,20,critical_zone,3,directional,250,550,15,168.69006752598,120,311.48836254345,-69.9230613483526,1.03377474526189,-68.8892866030907,-5.52754015165617,0.911288395039086,-4.61625175661709,0,0
110,109,560,520,20,critical_zone,4,directional,250,650,15,149.036243467926,120,336.191909480285,-70.5859699912954,-1.79572266049503,-72.3816926517905,-22.7509763427876,-0.328957206218334,-23.079933549006,0,0
110,109,560,520,20,critical_zone,5,omni,250,700,15,141.34019174591,360,358.503835404867,-71.1441009596228,0.037179983695861,-71.106920975927,-30.1413855520753,0.00959067738345817,NaN,1,0
110,109,560,520,20,critical_zone,6,directional,300,700,15,135,120,316.267292017369,-70.0553104347425,-1.91206570989567,-71.9673761446381,-34.695153531234,0.206779384443189,-34.4883741467908,0,0
110,109,560,520,20,critical_zone,7,directional,400,700,15,116.565051177078,120,240.883789408918,-67.6903763255117,1.83474022984489,-65.8556360956668,-48.3664606634298,0.206849894355349,-48.1596107690744,0,0
110,109,560,520,20,critical_zone,8,directional,600,700,15,63.434948822922,120,184.458667456967,-65.3722061729858,0.3884519233453,-64.9837542496405,-102.528807709152,-0.194346733614618,-102.723154442766,0,0
110,109,560,520,20,critical_zone,9,directional,700,700,15,45,120,228.089894559141,-67.2163457230688,-0.675508655921631,-67.8918543789904,-127.874983651098,-0.440040847418897,-128.315024498517,0,0
110,109,560,520,20,critical_zone,10,omni,750,700,15,38.6598082540901,360,261.772802254168,-68.4127152763475,0.661091775654337,-67.7516235006931,-136.548157698978,-0.171571856559446,NaN,1,1
110,109,560,520,20,critical_zone,11,directional,750,650,15,30.9637565320735,120,230.271578793389,-67.2990316061181,1.44863851329313,-65.850393092825,-145.619655276155,0.816885099060744,-144.802770177094,0,0
110,109,560,520,20,critical_zone,12,directional,750,550,15,11.3099324740202,120,192.418814048939,-65.7391755061646,-0.567838917846179,-66.3070144240107,-171.027373385104,-0.517026376001474,-171.544399761105,0,0
110,109,560,520,20,critical_zone,13,directional,750,450,15,-11.3099324740202,120,202.546291005291,-66.1847107314834,-1.763114204088,-67.9478249355714,159.775140568832,-0.279845631144184,159.495294937688,0,0
110,109,560,520,20,critical_zone,14,directional,750,350,15,-30.9637565320735,120,255,-68.1850284429112,0.653844452418449,-67.5311839904928,138.179830119864,-0.791677449620786,137.388152670243,0,0
110,109,560,520,20,critical_zone,15,omni,750,300,15,-38.6598082540901,360,290.731835202133,-69.3240766286102,-1.13736278719776,-70.4614394158079,130.815083874882,0.16261110941164,NaN,1,0
110,109,560,520,20,critical_zone,16,directional,700,300,15,-45,120,260.816027114899,-68.3809103387501,-2.11605515901319,-70.4969654977633,122.471192290848,-0.928254883390606,121.542937407458,0,0
110,109,560,520,20,critical_zone,17,directional,600,300,15,-63.434948822922,120,223.66269246345,-67.0460958073146,0.722015062099638,-66.324080745215,100.304846468766,-0.138645855964731,100.166200612801,0,0
110,109,560,520,20,critical_zone,18,directional,400,300,15,-116.565051177078,120,272.075357208256,-68.7480089948455,-2.13578165087232,-70.8837906457178,53.9726266148964,-0.774666370272329,53.1979602446241,0,0
110,109,560,520,20,critical_zone,19,directional,300,300,15,-135,120,340.624426605022,-70.6997406051428,1.36793730408509,-69.3318033010577,40.2363583092738,0.719617767823825,40.9559760770977,0,0
110,109,560,520,20,critical_zone,20,omni,300,500,15,180,360,260.816027114899,-68.3809103387501,0.341809657562683,-68.0391006811874,4.39870535499553,0.683446709409192,NaN,1,1
110,109,560,520,20,critical_zone,21,omni,500,350,15,-90,360,180.346887968714,-65.1763978865683,1.10524873729717,-64.0711491492712,70.5599651718238,0.534543745285754,NaN,1,1
110,109,560,520,20,critical_zone,22,omni,700,500,15,0,360,141.509716980849,-63.0699500817949,-0.989217609293531,-64.0591676910884,171.869897645844,-0.976880168667377,NaN,1,1
110,109,560,520,20,critical_zone,23,omni,500,650,15,90,360,143.265487818944,-63.1770564921469,2.00623930400733,-61.1708171881396,-65.2248594311681,-0.32989220070075,NaN,1,1
111,110,560,520,20,critical_zone,0,omni,250,300,15,-141.34019174591,360,380.164438105407,-71.6536546147036,0.263049084433307,-71.3906055302703,35.3624618870691,0.766062192931554,NaN,1,0
111,110,560,520,20,critical_zone,1,directional,250,350,15,-149.036243467926,120,353.588744164743,-71.0241934664292,-0.688995444567793,-71.7131889109969,28.739795291688,0.428989348059343,29.1687846397474,0,0
111,110,560,520,20,critical_zone,2,directional,250,450,15,-168.69006752598,120,317.844301506256,-70.098513425379,-1.0605721278656,-71.1590855532446,12.7243556854224,-0.389926832973508,12.3344288524489,0,0
111,110,560,520,20,critical_zone,3,directional,250,550,15,168.69006752598,120,311.48836254345,-69.9230613483526,-0.168678873968764,-70.0917402223214,-5.52754015165617,0.153766506566493,-5.37377364508967,0,0
111,110,560,520,20,critical_zone,4,directional,250,650,15,149.036243467926,120,336.191909480285,-70.5859699912954,-1.65233818766818,-72.2383081789636,-22.7509763427876,-0.413990859230633,-23.1649672020183,0,0
111,110,560,520,20,critical_zone,5,omni,250,700,15,141.34019174591,360,358.503835404867,-71.1441009596228,0.0722934114335923,-71.0718075481893,-30.1413855520753,-0.0816409623988154,NaN,1,0
111,110,560,520,20,critical_zone,6,directional,300,700,15,135,120,316.267292017369,-70.0553104347425,0.991934897514069,-69.0633755372284,-34.695153531234,0.114971449491728,-34.5801820817422,0,0
111,110,560,520,20,critical_zone,7,directional,400,700,15,116.565051177078,120,240.883789408918,-67.6903763255117,-1.02419965515055,-68.7145759806622,-48.3664606634298,1.01732284875413,-47.3491378146757,0,0
111,110,560,520,20,critical_zone,8,directional,600,700,15,63.434948822922,120,184.458667456967,-65.3722061729858,0.393415783876645,-64.9787903891092,-102.528807709152,-0.107254861464617,-102.636062570616,0,0
111,110,560,520,20,critical_zone,9,directional,700,700,15,45,120,228.089894559141,-67.2163457230688,-0.0529061609812056,-67.26925188405,-127.874983651098,0.770754241690361,-127.104229409408,0,0
111,110,560,520,20,critical_zone,10,omni,750,700,15,38.6598082540901,360,261.772802254168,-68.4127152763475,-2.22121101761317,-70.6339262939607,-136.548157698978,0.342852302873066,NaN,1,0
111,110,560,520,20,critical_zone,11,directional,750,650,15,30.9637565320735,120,230.271578793389,-67.2990316061181,0.436266103374838,-66.8627655027433,-145.619655276155,0.141969494242129,-145.477685781913,0,0
111,110,560,520,20,critical_zone,12,directional,750,550,15,11.3099324740202,120,192.418814048939,-65.7391755061646,-0.757357572519765,-66.4965330786843,-171.027373385104,-0.361246747642551,-171.388620132746,0,0
111,110,560,520,20,critical_zone,13,directional,750,450,15,-11.3099324740202,120,202.546291005291,-66.1847107314834,-0.961715920848305,-67.1464266523317,159.775140568832,-0.762298335873113,159.012842232959,0,0
111,110,560,520,20,critical_zone,14,directional,750,350,15,-30.9637565320735,120,255,-68.1850284429112,0.497347817589711,-67.6876806253215,138.179830119864,-0.0798628725725995,138.099967247292,0,0
111,110,560,520,20,critical_zone,15,omni,750,300,15,-38.6598082540901,360,290.731835202133,-69.3240766286102,1.08153021248569,-68.2425464161245,130.815083874882,-0.591586570640674,NaN,1,1
111,110,560,520,20,critical_zone,16,directional,700,300,15,-45,120,260.816027114899,-68.3809103387501,0.264235366339803,-68.1166749724103,122.471192290848,0.350396066651534,122.8215883575,0,0
111,110,560,520,20,critical_zone,17,directional,600,300,15,-63.434948822922,120,223.66269246345,-67.0460958073146,-0.973562596268776,-68.0196584035834,100.304846468766,-0.290715088990469,100.014131379776,0,0
111,110,560,520,20,critical_zone,18,directional,400,300,15,-116.565051177078,120,272.075357208256,-68.7480089948455,-1.58718354448977,-70.3351925393353,53.9726266148964,-0.239717180173886,53.7329094347225,0,0
111,110,560,520,20,critical_zone,19,directional,300,300,15,-135,120,340.624426605022,-70.6997406051428,0.70435592911891,-69.9953846760239,40.2363583092738,0.86681414421115,41.103172453485,0,0
111,110,560,520,20,critical_zone,20,omni,300,500,15,180,360,260.816027114899,-68.3809103387501,-0.168476702402748,-68.5493870411528,4.39870535499553,-0.0792142691926001,NaN,1,1
111,110,560,520,20,critical_zone,21,omni,500,350,15,-90,360,180.346887968714,-65.1763978865683,-1.46176139407506,-66.6381592806434,70.5599651718238,-0.414920617139807,NaN,1,1
111,110,560,520,20,critical_zone,22,omni,700,500,15,0,360,141.509716980849,-63.0699500817949,-1.68271499163682,-64.7526650734317,171.869897645844,0.240937842352041,NaN,1,1
111,110,560,520,20,critical_zone,23,omni,500,650,15,90,360,143.265487818944,-63.1770564921469,0.895070989422809,-62.2819855027241,-65.2248594311681,-0.71581917493399,NaN,1,1
112,111,560,520,20,critical_zone,0,omni,250,300,15,-141.34019174591,360,380.164438105407,-71.6536546147036,0.496860574348867,-71.1567940403548,35.3624618870691,-0.744370638476334,NaN,1,0
112,111,560,520,20,critical_zone,1,directional,250,350,15,-149.036243467926,120,353.588744164743,-71.0241934664292,-0.166446279004563,-71.1906397454337,28.739795291688,-0.480833076610931,28.2589622150771,0,0
112,111,560,520,20,critical_zone,2,directional,250,450,15,-168.69006752598,120,317.844301506256,-70.098513425379,0.28946415872957,-69.8090492666494,12.7243556854224,-0.929320573080743,11.7950351123416,0,0
112,111,560,520,20,critical_zone,3,directional,250,550,15,168.69006752598,120,311.48836254345,-69.9230613483526,0.206977209335933,-69.7160841390167,-5.52754015165617,-0.813350119336189,-6.34089027099236,0,0
112,111,560,520,20,critical_zone,4,directional,250,650,15,149.036243467926,120,336.191909480285,-70.5859699912954,1.48731108452218,-69.0986589067733,-22.7509763427876,-0.153782016271477,-22.9047583590591,0,0
112,111,560,520,20,critical_zone,5,omni,250,700,15,141.34019174591,360,358.503835404867,-71.1441009596228,-0.0893297666969253,-71.2334307263198,-30.1413855520753,-0.603393018737768,NaN,1,0
112,111,560,520,20,critical_zone,6,directional,300,700,15,135,120,316.267292017369,-70.0553104347425,0.200197289639216,-69.8551131451032,-34.695153531234,-0.340290409187376,-35.0354439404213,0,0
112,111,560,520,20,critical_zone,7,directional,400,700,15,116.565051177078,120,240.883789408918,-67.6903763255117,0.0538011807397405,-67.6365751447719,-48.3664606634298,-0.0918447223071946,-48.458305385737,0,0
112,111,560,520,20,critical_zone,8,directional,600,700,15,63.434948822922,120,184.458667456967,-65.3722061729858,-0.67951009312239,-66.0517162661082,-102.528807709152,-0.288515140836962,-102.817322849988,0,0
112,111,560,520,20,critical_zone,9,directional,700,700,15,45,120,228.089894559141,-67.2163457230688,-0.255702213528365,-67.4720479365971,-127.874983651098,-0.167671795661108,-128.042655446759,0,0
112,111,560,520,20,critical_zone,10,omni,750,700,15,38.6598082540901,360,261.772802254168,-68.4127152763475,0.120240831996197,-68.2924744443513,-136.548157698978,-0.0596800029032651,NaN,1,1
112,111,560,520,20,critical_zone,11,directional,750,650,15,30.9637565320735,120,230.271578793389,-67.2990316061181,-1.07227774918355,-68.3713093553016,-145.619655276155,-0.16668092929418,-145.786336205449,0,0
112,111,560,520,20,critical_zone,12,directional,750,550,15,11.3099324740202,120,192.418814048939,-65.7391755061646,-0.341223785278533,-66.0803992914431,-171.027373385104,-0.0797242907178024,-171.107097675821,0,0
112,111,560,520,20,critical_zone,13,directional,750,450,15,-11.3099324740202,120,202.546291005291,-66.1847107314834,-1.43270099467496,-67.6174117261584,159.775140568832,-0.663991487079361,159.111149081753,0,0
112,111,560,520,20,critical_zone,14,directional,750,350,15,-30.9637565320735,120,255,-68.1850284429112,1.37879963633369,-66.8062288065775,138.179830119864,-1.13516156397665,137.044668555888,0,0
112,111,560,520,20,critical_zone,15,omni,750,300,15,-38.6598082540901,360,290.731835202133,-69.3240766286102,0.660781357204514,-68.6632952714057,130.815083874882,-0.694504063410412,NaN,1,1
112,111,560,520,20,critical_zone,16,directional,700,300,15,-45,120,260.816027114899,-68.3809103387501,-0.664633797106404,-69.0455441358565,122.471192290848,0.317057999292866,122.788250290141,0,0
112,111,560,520,20,critical_zone,17,directional,600,300,15,-63.434948822922,120,223.66269246345,-67.0460958073146,-1.11632366217091,-68.1624194694855,100.304846468766,1.05207841753787,101.356924886304,0,0
112,111,560,520,20,critical_zone,18,directional,400,300,15,-116.565051177078,120,272.075357208256,-68.7480089948455,-0.879304160039347,-69.6273131548848,53.9726266148964,-0.0484319309497382,53.9241946839467,0,0
112,111,560,520,20,critical_zone,19,directional,300,300,15,-135,120,340.624426605022,-70.6997406051428,0.737267667446397,-69.9624729376964,40.2363583092738,-0.677369563391932,39.5589887458819,0,0
112,111,560,520,20,critical_zone,20,omni,300,500,15,180,360,260.816027114899,-68.3809103387501,-0.690149975251267,-69.0710603140014,4.39870535499553,0.40017412504833,NaN,1,1
112,111,560,520,20,critical_zone,21,omni,500,350,15,-90,360,180.346887968714,-65.1763978865683,0.217388268795909,-64.9590096177724,70.5599651718238,0.640266396824059,NaN,1,1
112,111,560,520,20,critical_zone,22,omni,700,500,15,0,360,141.509716980849,-63.0699500817949,-0.850561254246003,-63.9205113360409,171.869897645844,-0.57369601065597,NaN,1,1
112,111,560,520,20,critical_zone,23,omni,500,650,15,90,360,143.265487818944,-63.1770564921469,0.83051347792988,-62.346543014217,-65.2248594311681,0.233904362207799,NaN,1,1
113,112,560,520,20,critical_zone,0,omni,250,300,15,-141.34019174591,360,380.164438105407,-71.6536546147036,-0.168979450320951,-71.8226340650246,35.3624618870691,0.694798075036014,NaN,1,0
113,112,560,520,20,critical_zone,1,directional,250,350,15,-149.036243467926,120,353.588744164743,-71.0241934664292,0.725127868428706,-70.2990655980005,28.739795291688,0.154615962897784,28.8944112545858,0,0
113,112,560,520,20,critical_zone,2,directional,250,450,15,-168.69006752598,120,317.844301506256,-70.098513425379,-0.302615396207059,-70.401128821586,12.7243556854224,-1.07750852500812,11.6468471604142,0,0
113,112,560,520,20,critical_zone,3,directional,250,550,15,168.69006752598,120,311.48836254345,-69.9230613483526,-0.700269061847757,-70.6233304102004,-5.52754015165617,-0.0184446181352776,-5.54598476979146,0,0
113,112,560,520,20,critical_zone,4,directional,250,650,15,149.036243467926,120,336.191909480285,-70.5859699912954,-0.177352558162875,-70.7633225494583,-22.7509763427876,-0.498442972775932,-23.2494193155636,0,0
113,112,560,520,20,critical_zone,5,omni,250,700,15,141.34019174591,360,358.503835404867,-71.1441009596228,0.30030394329576,-70.8437970163271,-30.1413855520753,0.637930425383607,NaN,1,0
113,112,560,520,20,critical_zone,6,directional,300,700,15,135,120,316.267292017369,-70.0553104347425,1.13949818748996,-68.9158122472525,-34.695153531234,-0.521675009192802,-35.2168285404268,0,0
113,112,560,520,20,critical_zone,7,directional,400,700,15,116.565051177078,120,240.883789408918,-67.6903763255117,-0.579652739638992,-68.2700290651507,-48.3664606634298,0.108478142820837,-48.257982520609,0,0
113,112,560,520,20,critical_zone,8,directional,600,700,15,63.434948822922,120,184.458667456967,-65.3722061729858,1.83262533559209,-63.5395808373937,-102.528807709152,0.325764395522999,-102.203043313629,0,0
113,112,560,520,20,critical_zone,9,directional,700,700,15,45,120,228.089894559141,-67.2163457230688,1.38749347841518,-65.8288522446536,-127.874983651098,-0.310654457031401,-128.18563810813,0,0
113,112,560,520,20,critical_zone,10,omni,750,700,15,38.6598082540901,360,261.772802254168,-68.4127152763475,0.45697073593739,-67.9557445404101,-136.548157698978,0.296800660412319,NaN,1,1
113,112,560,520,20,critical_zone,11,directional,750,650,15,30.9637565320735,120,230.271578793389,-67.2990316061181,2.23721542629219,-65.0618161798259,-145.619655276155,-0.785731177584318,-146.405386453739,0,0
113,112,560,520,20,critical_zone,12,directional,750,550,15,11.3099324740202,120,192.418814048939,-65.7391755061646,1.50465202468058,-64.234523481484,-171.027373385104,0.120640571807318,-170.906732813296,0,0
113,112,560,520,20,critical_zone,13,directional,750,450,15,-11.3099324740202,120,202.546291005291,-66.1847107314834,1.44073922442554,-64.7439715070579,159.775140568832,0.305873275750937,160.081013844583,0,0
113,112,560,520,20,critical_zone,14,directional,750,350,15,-30.9637565320735,120,255,-68.1850284429112,1.09224380390329,-67.0927846390079,138.179830119864,-0.783293068462385,137.396537051402,0,0
113,112,560,520,20,critical_zone,15,omni,750,300,15,-38.6598082540901,360,290.731835202133,-69.3240766286102,0.391887231763399,-68.9321893968468,130.815083874882,0.362133191365966,NaN,1,1
113,112,560,520,20,critical_zone,16,directional,700,300,15,-45,120,260.816027114899,-68.3809103387501,-0.197658002476805,-68.5785683412269,122.471192290848,-0.527026647869735,121.944165642979,0,0
113,112,560,520,20,critical_zone,17,directional,600,300,15,-63.434948822922,120,223.66269246345,-67.0460958073146,-0.767240615135144,-67.8133364224498,100.304846468766,0.6749697398609,100.979816208627,0,0
113,112,560,520,20,critical_zone,18,directional,400,300,15,-116.565051177078,120,272.075357208256,-68.7480089948455,0.0625954817517382,-68.6854135130937,53.9726266148964,0.307162252276075,54.2797888671725,0,0
113,112,560,520,20,critical_zone,19,directional,300,300,15,-135,120,340.624426605022,-70.6997406051428,-0.647903467750378,-71.3476440728932,40.2363583092738,0.269447496068484,40.5058058053423,0,0
113,112,560,520,20,critical_zone,20,omni,300,500,15,180,360,260.816027114899,-68.3809103387501,-0.862430149682643,-69.2433404884327,4.39870535499553,-0.701054927372279,NaN,1,1
113,112,560,520,20,critical_zone,21,omni,500,350,15,-90,360,180.346887968714,-65.1763978865683,0.745861621351368,-64.430536265217,70.5599651718238,0.687714379915955,NaN,1,1
113,112,560,520,20,critical_zone,22,omni,700,500,15,0,360,141.509716980849,-63.0699500817949,0.81766032319969,-62.2522897585952,171.869897645844,0.183120694690702,NaN,1,1
113,112,560,520,20,critical_zone,23,omni,500,650,15,90,360,143.265487818944,-63.1770564921469,0.881812304679253,-62.2952441874677,-65.2248594311681,-0.0259706097890855,NaN,1,1
114,113,560,520,20,critical_zone,0,omni,250,300,15,-141.34019174591,360,380.164438105407,-71.6536546147036,0.0300103183900556,-71.6236442963136,35.3624618870691,0.579781299758084,NaN,1,0
114,113,560,520,20,critical_zone,1,directional,250,350,15,-149.036243467926,120,353.588744164743,-71.0241934664292,-0.403902541875424,-71.4280960083046,28.739795291688,0.236519471526618,28.9763147632146,0,0
114,113,560,520,20,critical_zone,2,directional,250,450,15,-168.69006752598,120,317.844301506256,-70.098513425379,0.128898738548568,-69.9696146868304,12.7243556854224,-0.523083954670042,12.2012717307523,0,0
114,113,560,520,20,critical_zone,3,directional,250,550,15,168.69006752598,120,311.48836254345,-69.9230613483526,0.084904007342064,-69.8381573410106,-5.52754015165617,-0.464270096813034,-5.99181024846919,0,0
114,113,560,520,20,critical_zone,4,directional,250,650,15,149.036243467926,120,336.191909480285,-70.5859699912954,1.27243129512908,-69.3135386961663,-22.7509763427876,0.151289968075966,-22.5996863747117,0,0
114,113,560,520,20,critical_zone,5,omni,250,700,15,141.34019174591,360,358.503835404867,-71.1441009596228,0.485832038014719,-70.6582689216081,-30.1413855520753,-0.15072782533011,NaN,1,0
114,113,560,520,20,critical_zone,6,directional,300,700,15,135,120,316.267292017369,-70.0553104347425,0.593783446594108,-69.4615269881484,-34.695153531234,0.70024635045796,-33.994907180776,0,0
114,113,560,520,20,critical_zone,7,directional,400,700,15,116.565051177078,120,240.883789408918,-67.6903763255117,0.899724979597212,-66.7906513459145,-48.3664606634298,0.436034521666161,-47.9304261417636,0,0
114,113,560,520,20,critical_zone,8,directional,600,700,15,63.434948822922,120,184.458667456967,-65.3722061729858,-0.274775119297891,-65.6469812922837,-102.528807709152,1.17455312085299,-101.354254588299,0,0
114,113,560,520,20,critical_zone,9,directional,700,700,15,45,120,228.089894559141,-67.2163457230688,-0.336737220292311,-67.5530829433611,-127.874983651098,1.09980718274468,-126.775176468354,0,0
114,113,560,520,20,critical_zone,10,omni,750,700,15,38.6598082540901,360,261.772802254168,-68.4127152763475,-2.42217986189858,-70.8348951382461,-136.548157698978,-0.484605833589259,NaN,1,0
114,113,560,520,20,critical_zone,11,directional,750,650,15,30.9637565320735,120,230.271578793389,-67.2990316061181,-0.198726698949136,-67.4977583050672,-145.619655276155,0.389277033532552,-145.230378242623,0,0
114,113,560,520,20,critical_zone,12,directional,750,550,15,11.3099324740202,120,192.418814048939,-65.7391755061646,-0.347482028624301,-66.0866575347889,-171.027373385104,0.802062637453684,-170.22531074765,0,0
114,113,560,520,20,critical_zone,13,directional,750,450,15,-11.3099324740202,120,202.546291005291,-66.1847107314834,-0.612700202625192,-66.7974109341086,159.775140568832,-0.0396382274942706,159.735502341338,0,0
114,113,560,520,20,critical_zone,14,directional,750,350,15,-30.9637565320735,120,255,-68.1850284429112,0.164836534267934,-68.0201919086433,138.179830119864,0.206050111133045,138.385880230997,0,0
114,113,560,520,20,critical_zone,15,omni,750,300,15,-38.6598082540901,360,290.731835202133,-69.3240766286102,0.334586665675458,-68.9894899629347,130.815083874882,-0.0125596398210053,NaN,1,1
114,113,560,520,20,critical_zone,16,directional,700,300,15,-45,120,260.816027114899,-68.3809103387501,-0.330229254946524,-68.7111395936966,122.471192290848,-0.126491519824061,122.344700771024,0,0
114,113,560,520,20,critical_zone,17,directional,600,300,15,-63.434948822922,120,223.66269246345,-67.0460958073146,1.30851857385385,-65.7375772334607,100.304846468766,-0.305407238853472,99.9994392299126,0,0
114,113,560,520,20,critical_zone,18,directional,400,300,15,-116.565051177078,120,272.075357208256,-68.7480089948455,-2.02200456523136,-70.7700135600768,53.9726266148964,-0.153897140437707,53.8187294744587,0,0
114,113,560,520,20,critical_zone,19,directional,300,300,15,-135,120,340.624426605022,-70.6997406051428,-2.09743010030694,-72.7971707054497,40.2363583092738,-0.190826451840817,40.045531857433,0,0
114,113,560,520,20,critical_zone,20,omni,300,500,15,180,360,260.816027114899,-68.3809103387501,-1.76241426555816,-70.1433246043082,4.39870535499553,0.895176288072571,NaN,1,0
114,113,560,520,20,critical_zone,21,omni,500,350,15,-90,360,180.346887968714,-65.1763978865683,1.64649157251893,-63.5299063140494,70.5599651718238,0.875956579187221,NaN,1,1
114,113,560,520,20,critical_zone,22,omni,700,500,15,0,360,141.509716980849,-63.0699500817949,-0.0463358702598523,-63.1162859520547,171.869897645844,0.718663320434149,NaN,1,1
114,113,560,520,20,critical_zone,23,omni,500,650,15,90,360,143.265487818944,-63.1770564921469,1.02104586048337,-62.1560106316635,-65.2248594311681,-0.66167136209418,NaN,1,1
115,114,560,520,20,critical_zone,0,omni,250,300,15,-141.34019174591,360,380.164438105407,-71.6536546147036,-0.708540512803797,-72.3621951275074,35.3624618870691,0.934396738693728,NaN,1,0
115,114,560,520,20,critical_zone,1,directional,250,350,15,-149.036243467926,120,353.588744164743,-71.0241934664292,-0.905697188169856,-71.929890654599,28.739795291688,-0.0889434784431417,28.6508518132449,0,0
115,114,560,520,20,critical_zone,2,directional,250,450,15,-168.69006752598,120,317.844301506256,-70.098513425379,0.201866980401326,-69.8966464449776,12.7243556854224,-0.147344800779943,12.5770108846424,0,0
115,114,560,520,20,critical_zone,3,directional,250,550,15,168.69006752598,120,311.48836254345,-69.9230613483526,0.369800379008309,-69.5532609693443,-5.52754015165617,0.100094867393537,-5.42744528426263,0,0
115,114,560,520,20,critical_zone,4,directional,250,650,15,149.036243467926,120,336.191909480285,-70.5859699912954,-0.208895269356544,-70.794865260652,-22.7509763427876,-0.476867729636125,-23.2278440724237,0,0
115,114,560,520,20,critical_zone,5,omni,250,700,15,141.34019174591,360,358.503835404867,-71.1441009596228,-1.91395762559868,-73.0580585852215,-30.1413855520753,-0.488452841149099,NaN,1,0
115,114,560,520,20,critical_zone,6,directional,300,700,15,135,120,316.267292017369,-70.0553104347425,0.596320831782538,-69.4589896029599,-34.695153531234,0.35269291386658,-34.3424606173674,0,0
115,114,560,520,20,critical_zone,7,directional,400,700,15,116.565051177078,120,240.883789408918,-67.6903763255117,-0.45582758734782,-68.1462039128595,-48.3664606634298,0.946553043301001,-47.4199076201288,0,0
115,114,560,520,20,critical_zone,8,directional,600,700,15,63.434948822922,120,184.458667456967,-65.3722061729858,-0.379766351620112,-65.7519725246059,-102.528807709152,-0.396309453638654,-102.92511716279,0,0
115,114,560,520,20,critical_zone,9,directional,700,700,15,45,120,228.089894559141,-67.2163457230688,-2.2333335082715,-69.4496792313403,-127.874983651098,0.988992980410534,-126.885990670688,0,0
115,114,560,520,20,critical_zone,10,omni,750,700,15,38.6598082540901,360,261.772802254168,-68.4127152763475,2.51885695508442,-65.8938583212631,-136.548157698978,-0.146165686672557,NaN,1,1
115,114,560,520,20,critical_zone,11,directional,750,650,15,30.9637565320735,120,230.271578793389,-67.2990316061181,-0.842269658252954,-68.1413012643711,-145.619655276155,-0.0515995719765671,-145.671254848132,0,0
115,114,560,520,20,critical_zone,12,directional,750,550,15,11.3099324740202,120,192.418814048939,-65.7391755061646,-2.33062650283383,-68.0698020089984,-171.027373385104,-0.839464419539654,-171.866837804643,0,0
115,114,560,520,20,critical_zone,13,directional,750,450,15,-11.3099324740202,120,202.546291005291,-66.1847107314834,0.0295789009139389,-66.1551318305695,159.775140568832,0.732428030845868,160.507568599678,0,0
115,114,560,520,20,critical_zone,14,directional,750,350,15,-30.9637565320735,120,255,-68.1850284429112,-1.38889240902922,-69.5739208519405,138.179830119864,0.479921792411372,138.659751912276,0,0
115,114,560,520,20,critical_zone,15,omni,750,300,15,-38.6598082540901,360,290.731835202133,-69.3240766286102,1.43383572662181,-67.8902409019884,130.815083874882,0.293007682479963,NaN,1,1
115,114,560,520,20,critical_zone,16,directional,700,300,15,-45,120,260.816027114899,-68.3809103387501,0.587355115560798,-67.7935552231893,122.471192290848,-0.176865224321256,122.294327066527,0,0
115,114,560,520,20,critical_zone,17,directional,600,300,15,-63.434948822922,120,223.66269246345,-67.0460958073146,-0.144846440209967,-67.1909422475246,100.304846468766,0.289614801459671,100.594461270226,0,0
115,114,560,520,20,critical_zone,18,directional,400,300,15,-116.565051177078,120,272.075357208256,-68.7480089948455,-0.562673867115544,-69.310682861961,53.9726266148964,0.558806781613151,54.5314333965096,0,0
115,114,560,520,20,critical_zone,19,directional,300,300,15,-135,120,340.624426605022,-70.6997406051428,0.268632545472593,-70.4311080596702,40.2363583092738,0.339421540786141,40.57577985006,0,0
115,114,560,520,20,critical_zone,20,omni,300,500,15,180,360,260.816027114899,-68.3809103387501,0.437259872829703,-67.9436504659204,4.39870535499553,0.201625876900839,NaN,1,1
115,114,560,520,20,critical_zone,21,omni,500,350,15,-90,360,180.346887968714,-65.1763978865683,0.223625305018449,-64.9527725815499,70.5599651718238,0.024863337511205,NaN,1,1
115,114,560,520,20,critical_zone,22,omni,700,500,15,0,360,141.509716980849,-63.0699500817949,0.812821481814438,-62.2571285999804,171.869897645844,0.0691620963634433,NaN,1,1
115,114,560,520,20,critical_zone,23,omni,500,650,15,90,360,143.265487818944,-63.1770564921469,-0.186659696536109,-63.363716188683,-65.2248594311681,0.365297674645874,NaN,1,1
116,115,560,520,20,critical_zone,0,omni,250,300,15,-141.34019174591,360,380.164438105407,-71.6536546147036,-0.0219389520013615,-71.675593566705,35.3624618870691,-0.911418449165043,NaN,1,0
116,115,560,520,20,critical_zone,1,directional,250,350,15,-149.036243467926,120,353.588744164743,-71.0241934664292,-0.893387074402526,-71.9175805408317,28.739795291688,-0.442130610325429,28.2976646813626,0,0
116,115,560,520,20,critical_zone,2,directional,250,450,15,-168.69006752598,120,317.844301506256,-70.098513425379,0.188235224328451,-69.9102782010505,12.7243556854224,0.247756432419146,12.9721121178415,0,0
116,115,560,520,20,critical_zone,3,directional,250,550,15,168.69006752598,120,311.48836254345,-69.9230613483526,-0.745242704663861,-70.6683040530165,-5.52754015165617,0.531489597899777,-4.99605055375639,0,0
116,115,560,520,20,critical_zone,4,directional,250,650,15,149.036243467926,120,336.191909480285,-70.5859699912954,1.1069893079438,-69.4789806833516,-22.7509763427876,-0.539113654724028,-23.2900899975117,0,0
116,115,560,520,20,critical_zone,5,omni,250,700,15,141.34019174591,360,358.503835404867,-71.1441009596228,0.222978027591131,-70.9211229320317,-30.1413855520753,0.244514022230861,NaN,1,0
116,115,560,520,20,critical_zone,6,directional,300,700,15,135,120,316.267292017369,-70.0553104347425,0.875462019042454,-69.1798484157,-34.695153531234,-0.179353993016046,-34.87450752425,0,0
116,115,560,520,20,critical_zone,7,directional,400,700,15,116.565051177078,120,240.883789408918,-67.6903763255117,-0.0373298849746739,-67.7277062104863,-48.3664606634298,0.571959276615649,-47.7945013868141,0,0
116,115,560,520,20,critical_zone,8,directional,600,700,15,63.434948822922,120,184.458667456967,-65.3722061729858,0.387802069569059,-64.9844041034168,-102.528807709152,-0.254145324430808,-102.782953033582,0,0
116,115,560,520,20,critical_zone,9,directional,700,700,15,45,120,228.089894559141,-67.2163457230688,-0.687155636004333,-67.9035013590731,-127.874983651098,-0.586335645522577,-128.461319296621,0,0
116,115,560,520,20,critical_zone,10,omni,750,700,15,38.6598082540901,360,261.772802254168,-68.4127152763475,0.5660705613138,-67.8466447150337,-136.548157698978,-0.853218882837568,NaN,1,1
116,115,560,520,20,critical_zone,11,directional,750,650,15,30.9637565320735,120,230.271578793389,-67.2990316061181,-0.893623011892111,-68.1926546180102,-145.619655276155,0.181576887769603,-145.438078388386,0,0
116,115,560,520,20,critical_zone,12,directional,750,550,15,11.3099324740202,120,192.418814048939,-65.7391755061646,-2.09445176440658,-67.8336272705712,-171.027373385104,0.0231926714932037,-171.00418071361,0,0
116,115,560,520,20,critical_zone,13,directional,750,450,15,-11.3099324740202,120,202.546291005291,-66.1847107314834,1.08649744289589,-65.0982132885875,159.775140568832,0.010564327702484,159.785704896534,0,0
116,115,560,520,20,critical_zone,14,directional,750,350,15,-30.9637565320735,120,255,-68.1850284429112,0.947052936422917,-67.2379755064883,138.179830119864,-0.0936757327631685,138.086154387101,0,0
116,115,560,520,20,critical_zone,15,omni,750,300,15,-38.6598082540901,360,290.731835202133,-69.3240766286102,-1.08632844021012,-70.4104050688203,130.815083874882,-0.0477624842026506,NaN,1,0
116,115,560,520,20,critical_zone,16,directional,700,300,15,-45,120,260.816027114899,-68.3809103387501,0.293913295751161,-68.0869970429989,122.471192290848,-0.619363408504203,121.851828882344,0,0
116,115,560,520,20,critical_zone,17,directional,600,300,15,-63.434948822922,120,223.66269246345,-67.0460958073146,-0.649277111471391,-67.695372918786,100.304846468766,0.0489392867796498,100.353785755546,0,0
116,115,560,520,20,critical_zone,18,directional,400,300,15,-116.565051177078,120,272.075357208256,-68.7480089948455,0.179655220568497,-68.568353774277,53.9726266148964,-0.372313059357426,53.600313555539,0,0
116,115,560,520,20,critical_zone,19,directional,300,300,15,-135,120,340.624426605022,-70.6997406051428,0.638950129408123,-70.0607904757346,40.2363583092738,-0.610413860316869,39.6259444489569,0,0
116,115,560,520,20,critical_zone,20,omni,300,500,15,180,360,260.816027114899,-68.3809103387501,2.32967176119461,-66.0512385775555,4.39870535499553,0.896083310880735,NaN,1,1
116,115,560,520,20,critical_zone,21,omni,500,350,15,-90,360,180.346887968714,-65.1763978865683,0.801124791141847,-64.3752730954265,70.5599651718238,-0.287745957990667,NaN,1,1
116,115,560,520,20,critical_zone,22,omni,700,500,15,0,360,141.509716980849,-63.0699500817949,0.45551243964194,-62.6144376421529,171.869897645844,-0.0214711583801613,NaN,1,1
116,115,560,520,20,critical_zone,23,omni,500,650,15,90,360,143.265487818944,-63.1770564921469,-1.61509750568922,-64.7921539978361,-65.2248594311681,-0.6041812981772,NaN,1,1
117,116,560,520,20,critical_zone,0,omni,250,300,15,-141.34019174591,360,380.164438105407,-71.6536546147036,-0.746790494665342,-72.400445109369,35.3624618870691,-0.0220672010659582,NaN,1,0
117,116,560,520,20,critical_zone,1,directional,250,350,15,-149.036243467926,120,353.588744164743,-71.0241934664292,1.27843093342292,-69.7457625330062,28.739795291688,0.47263169171598,29.212426983404,0,0
117,116,560,520,20,critical_zone,2,directional,250,450,15,-168.69006752598,120,317.844301506256,-70.098513425379,0.476818983606401,-69.6216944417726,12.7243556854224,0.268517048759513,12.9928727341819,0,0
117,116,560,520,20,critical_zone,3,directional,250,550,15,168.69006752598,120,311.48836254345,-69.9230613483526,0.870909608026432,-69.0521517403262,-5.52754015165617,-0.512389953691199,-6.03993010534737,0,0
117,116,560,520,20,critical_zone,4,directional,250,650,15,149.036243467926,120,336.191909480285,-70.5859699912954,1.15700301301683,-69.4289669782786,-22.7509763427876,-0.334910868208331,-23.085887210996,0,0
117,116,560,520,20,critical_zone,5,omni,250,700,15,141.34019174591,360,358.503835404867,-71.1441009596228,0.151636863506716,-70.9924640961161,-30.1413855520753,0.993796897646412,NaN,1,0
117,116,560,520,20,critical_zone,6,directional,300,700,15,135,120,316.267292017369,-70.0553104347425,0.0107197916019613,-70.0445906431405,-34.695153531234,0.271599482789457,-34.4235540484445,0,0
117,116,560,520,20,critical_zone,7,directional,400,700,15,116.565051177078,120,240.883789408918,-67.6903763255117,-0.610719245187265,-68.3010955706989,-48.3664606634298,-0.0291208145864914,-48.3955814780163,0,0
117,116,560,520,20,critical_zone,8,directional,600,700,15,63.434948822922,120,184.458667456967,-65.3722061729858,-0.906579473365659,-66.2787856463515,-102.528807709152,0.845147641821747,-101.68366006733,0,0
117,116,560,520,20,critical_zone,9,directional,700,700,15,45,120,228.089894559141,-67.2163457230688,0.191511577278347,-67.0248341457904,-127.874983651098,0.489847793316807,-127.385135857781,0,0
117,116,560,520,20,critical_zone,10,omni,750,700,15,38.6598082540901,360,261.772802254168,-68.4127152763475,-0.579892181138082,-68.9926074574856,-136.548157698978,0.129804555440567,NaN,1,1
117,116,560,520,20,critical_zone,11,directional,750,650,15,30.9637565320735,120,230.271578793389,-67.2990316061181,-0.957540518416964,-68.2565721245351,-145.619655276155,-0.24762336798257,-145.867278644138,0,0
117,116,560,520,20,critical_zone,12,directional,750,550,15,11.3099324740202,120,192.418814048939,-65.7391755061646,-2.31893262347926,-68.0581081296438,-171.027373385104,-0.402262842008649,-171.429636227112,0,0
117,116,560,520,20,critical_zone,13,directional,750,450,15,-11.3099324740202,120,202.546291005291,-66.1847107314834,-1.17922099290531,-67.3639317243887,159.775140568832,0.38299820893972,160.158138777772,0,0
117,116,560,520,20,critical_zone,14,directional,750,350,15,-30.9637565320735,120,255,-68.1850284429112,0.120254012824377,-68.0647744300869,138.179830119864,-0.662311417604841,137.517518702259,0,0
117,116,560,520,20,critical_zone,15,omni,750,300,15,-38.6598082540901,360,290.731835202133,-69.3240766286102,1.49080237485388,-67.8332742537563,130.815083874882,0.287947839755656,NaN,1,1
117,116,560,520,20,critical_zone,16,directional,700,300,15,-45,120,260.816027114899,-68.3809103387501,-0.323655032900801,-68.7045653716509,122.471192290848,-0.547980839452059,121.923211451396,0,0
117,116,560,520,20,critical_zone,17,directional,600,300,15,-63.434948822922,120,223.66269246345,-67.0460958073146,2.14951915953462,-64.89657664778,100.304846468766,-0.799029548562664,99.5058169202034,0,0
117,116,560,520,20,critical_zone,18,directional,400,300,15,-116.565051177078,120,272.075357208256,-68.7480089948455,-0.243476315975216,-68.9914853108207,53.9726266148964,0.624510930659678,54.5971375455561,0,0
117,116,560,520,20,critical_zone,19,directional,300,300,15,-135,120,340.624426605022,-70.6997406051428,-0.330556967236006,-71.0302975723788,40.2363583092738,0.0482369592270415,40.2845952685009,0,0
117,116,560,520,20,critical_zone,20,omni,300,500,15,180,360,260.816027114899,-68.3809103387501,-0.227881353826945,-68.608791692577,4.39870535499553,0.0670399544499453,NaN,1,1
117,116,560,520,20,critical_zone,21,omni,500,350,15,-90,360,180.346887968714,-65.1763978865683,1.64529072873928,-63.5311071578291,70.5599651718238,-0.337075829452825,NaN,1,1
117,116,560,520,20,critical_zone,22,omni,700,500,15,0,360,141.509716980849,-63.0699500817949,0.159657990546356,-62.9102920912485,171.869897645844,-0.660246240253394,NaN,1,1
117,116,560,520,20,critical_zone,23,omni,500,650,15,90,360,143.265487818944,-63.1770564921469,0.146831012260921,-63.030225479886,-65.2248594311681,-0.873970306258415,NaN,1,1
