time,sensor_layout,drone_path,random_seed,random_target_x,random_target_y,uav_x,uav_y,uav_z,sensor_id,sensor_x,sensor_y,sensor_z,distance,rx_power_dbm,threshold_dbm,detected,num_sensors_detecting,confirmed_detection,inside_prison,zone,time_to_boundary,alert_before_boundary
1,fence24,random_waypoint,3,560,520,81.0905,872.724,20,0,250,300,15,597.133,-75.5757,-60,0,0,0,0,early_warning_zone,32.7663,0
1,fence24,random_waypoint,3,560,520,81.0905,872.724,20,1,250,350,15,549.36,-74.8514,-60,0,0,0,0,early_warning_zone,32.7663,0
1,fence24,random_waypoint,3,560,520,81.0905,872.724,20,2,250,450,15,455.248,-73.2192,-60,0,0,0,0,early_warning_zone,32.7663,0
1,fence24,random_waypoint,3,560,520,81.0905,872.724,20,3,250,550,15,364.289,-71.2831,-60,0,0,0,0,early_warning_zone,32.7663,0
1,fence24,random_waypoint,3,560,520,81.0905,872.724,20,4,250,650,15,279.574,-68.9842,-60,0,0,0,0,early_warning_zone,32.7663,0
1,fence24,random_waypoint,3,560,520,81.0905,872.724,20,5,250,700,15,241.638,-67.7175,-60,0,0,0,0,early_warning_zone,32.7663,0
1,fence24,random_waypoint,3,560,520,81.0905,872.724,20,6,300,700,15,278.891,-68.9629,-60,0,0,0,0,early_warning_zone,32.7663,0
1,fence24,random_waypoint,3,560,520,81.0905,872.724,20,7,400,700,15,362.715,-71.2455,-60,0,0,0,0,early_warning_zone,32.7663,0
1,fence24,random_waypoint,3,560,520,81.0905,872.724,20,8,600,700,15,546.924,-74.8128,-60,0,0,0,0,early_warning_zone,32.7663,0
1,fence24,random_waypoint,3,560,520,81.0905,872.724,20,9,700,700,15,642.579,-76.2128,-60,0,0,0,0,early_warning_zone,32.7663,0
1,fence24,random_waypoint,3,560,520,81.0905,872.724,20,10,750,700,15,690.868,-76.8421,-60,0,0,0,0,early_warning_zone,32.7663,0
1,fence24,random_waypoint,3,560,520,81.0905,872.724,20,11,750,650,15,705.033,-77.0184,-60,0,0,0,0,early_warning_zone,32.7663,0
1,fence24,random_waypoint,3,560,520,81.0905,872.724,20,12,750,550,15,742.708,-77.4706,-60,0,0,0,0,early_warning_zone,32.7663,0
1,fence24,random_waypoint,3,560,520,81.0905,872.724,20,13,750,450,15,791.303,-78.0211,-60,0,0,0,0,early_warning_zone,32.7663,0
1,fence24,random_waypoint,3,560,520,81.0905,872.724,20,14,750,350,15,848.944,-78.6318,-60,0,0,0,0,early_warning_zone,32.7663,0
1,fence24,random_waypoint,3,560,520,81.0905,872.724,20,15,750,300,15,880.612,-78.9499,-60,0,0,0,0,early_warning_zone,32.7663,0
1,fence24,random_waypoint,3,560,520,81.0905,872.724,20,16,700,300,15,843.26,-78.5735,-60,0,0,0,0,early_warning_zone,32.7663,0
1,fence24,random_waypoint,3,560,520,81.0905,872.724,20,17,600,300,15,772.855,-77.8162,-60,0,0,0,0,early_warning_zone,32.7663,0
1,fence24,random_waypoint,3,560,520,81.0905,872.724,20,18,400,300,15,655.547,-76.3863,-60,0,0,0,0,early_warning_zone,32.7663,0
1,fence24,random_waypoint,3,560,520,81.0905,872.724,20,19,300,300,15,613.155,-75.8056,-60,0,0,0,0,early_warning_zone,32.7663,0
1,fence24,random_waypoint,3,560,520,81.0905,872.724,20,20,300,500,15,432.284,-72.7696,-60,0,0,0,0,early_warning_zone,32.7663,0
1,fence24,random_waypoint,3,560,520,81.0905,872.724,20,21,500,350,15,669.889,-76.5743,-60,0,0,0,0,early_warning_zone,32.7663,0
1,fence24,random_waypoint,3,560,520,81.0905,872.724,20,22,700,500,15,722.494,-77.2309,-60,0,0,0,0,early_warning_zone,32.7663,0
1,fence24,random_waypoint,3,560,520,81.0905,872.724,20,23,500,650,15,474.464,-73.5783,-60,0,0,0,0,early_warning_zone,32.7663,0
2,fence24,random_waypoint,3,560,520,89.8067,867.822,20,0,250,300,15,590.008,-75.4714,-60,0,0,0,0,early_warning_zone,31.7663,0
2,fence24,random_waypoint,3,560,520,89.8067,867.822,20,1,250,350,15,542.058,-74.7351,-60,0,0,0,0,early_warning_zone,31.7663,0
2,fence24,random_waypoint,3,560,520,89.8067,867.822,20,2,250,450,15,447.507,-73.0702,-60,0,0,0,0,early_warning_zone,31.7663,0
2,fence24,random_waypoint,3,560,520,89.8067,867.822,20,3,250,550,15,355.947,-71.0819,-60,0,0,0,0,early_warning_zone,31.7663,0
2,fence24,random_waypoint,3,560,520,89.8067,867.822,20,4,250,650,15,270.432,-68.6954,-60,0,0,0,0,early_warning_zone,31.7663,0
2,fence24,random_waypoint,3,560,520,89.8067,867.822,20,5,250,700,15,232.059,-67.3662,-60,0,0,0,0,early_warning_zone,31.7663,0
2,fence24,random_waypoint,3,560,520,89.8067,867.822,20,6,300,700,15,269.018,-68.6498,-60,0,0,0,0,early_warning_zone,31.7663,0
2,fence24,random_waypoint,3,560,520,89.8067,867.822,20,7,400,700,15,352.717,-71.0028,-60,0,0,0,0,early_warning_zone,31.7663,0
2,fence24,random_waypoint,3,560,520,89.8067,867.822,20,8,600,700,15,537.109,-74.6555,-60,0,0,0,0,early_warning_zone,31.7663,0
2,fence24,random_waypoint,3,560,520,89.8067,867.822,20,9,700,700,15,632.871,-76.0805,-60,0,0,0,0,early_warning_zone,31.7663,0
2,fence24,random_waypoint,3,560,520,89.8067,867.822,20,10,750,700,15,681.208,-76.7198,-60,0,0,0,0,early_warning_zone,31.7663,0
2,fence24,random_waypoint,3,560,520,89.8067,867.822,20,11,750,650,15,695.217,-76.8966,-60,0,0,0,0,early_warning_zone,31.7663,0
2,fence24,random_waypoint,3,560,520,89.8067,867.822,20,12,750,550,15,732.729,-77.3531,-60,0,0,0,0,early_warning_zone,31.7663,0
2,fence24,random_waypoint,3,560,520,89.8067,867.822,20,13,750,450,15,781.317,-77.9108,-60,0,0,0,0,early_warning_zone,31.7663,0
2,fence24,random_waypoint,3,560,520,89.8067,867.822,20,14,750,350,15,839.059,-78.5301,-60,0,0,0,0,early_warning_zone,31.7663,0
2,fence24,random_waypoint,3,560,520,89.8067,867.822,20,15,750,300,15,870.806,-78.8526,-60,0,0,0,0,early_warning_zone,31.7663,0
2,fence24,random_waypoint,3,560,520,89.8067,867.822,20,16,700,300,15,833.537,-78.4727,-60,0,0,0,0,early_warning_zone,31.7663,0
2,fence24,random_waypoint,3,560,520,89.8067,867.822,20,17,600,300,15,763.377,-77.709,-60,0,0,0,0,early_warning_zone,31.7663,0
2,fence24,random_waypoint,3,560,520,89.8067,867.822,20,18,400,300,15,647.045,-76.2729,-60,0,0,0,0,early_warning_zone,31.7663,0
2,fence24,random_waypoint,3,560,520,89.8067,867.822,20,19,300,300,15,605.499,-75.6965,-60,0,0,0,0,early_warning_zone,31.7663,0
2,fence24,random_waypoint,3,560,520,89.8067,867.822,20,20,300,500,15,423.674,-72.5949,-60,0,0,0,0,early_warning_zone,31.7663,0
2,fence24,random_waypoint,3,560,520,89.8067,867.822,20,21,500,350,15,660.624,-76.4533,-60,0,0,0,0,early_warning_zone,31.7663,0
2,fence24,random_waypoint,3,560,520,89.8067,867.822,20,22,700,500,15,712.499,-77.1099,-60,0,0,0,0,early_warning_zone,31.7663,0
2,fence24,random_waypoint,3,560,520,89.8067,867.822,20,23,500,650,15,464.468,-73.3933,-60,0,0,0,0,early_warning_zone,31.7663,0
3,fence24,random_waypoint,3,560,520,98.523,862.921,20,0,250,300,15,582.967,-75.3671,-60,0,0,0,0,early_warning_zone,30.7663,0
3,fence24,random_waypoint,3,560,520,98.523,862.921,20,1,250,350,15,534.844,-74.6188,-60,0,0,0,0,early_warning_zone,30.7663,0
3,fence24,random_waypoint,3,560,520,98.523,862.921,20,2,250,450,15,439.857,-72.9204,-60,0,0,0,0,early_warning_zone,30.7663,0
3,fence24,random_waypoint,3,560,520,98.523,862.921,20,3,250,550,15,347.692,-70.8781,-60,0,0,0,0,early_warning_zone,30.7663,0
3,fence24,random_waypoint,3,560,520,98.523,862.921,20,4,250,650,15,261.353,-68.3988,-60,0,0,0,0,early_warning_zone,30.7663,0
3,fence24,random_waypoint,3,560,520,98.523,862.921,20,5,250,700,15,222.516,-67.0015,-60,0,0,0,0,early_warning_zone,30.7663,0
3,fence24,random_waypoint,3,560,520,98.523,862.921,20,6,300,700,15,259.155,-68.3254,-60,0,0,0,0,early_warning_zone,30.7663,0
3,fence24,random_waypoint,3,560,520,98.523,862.921,20,7,400,700,15,342.719,-70.753,-60,0,0,0,0,early_warning_zone,30.7663,0
3,fence24,random_waypoint,3,560,520,98.523,862.921,20,8,600,700,15,527.302,-74.4954,-60,0,0,0,0,early_warning_zone,30.7663,0
3,fence24,random_waypoint,3,560,520,98.523,862.921,20,9,700,700,15,623.172,-75.9464,-60,0,0,0,0,early_warning_zone,30.7663,0
3,fence24,random_waypoint,3,560,520,98.523,862.921,20,10,750,700,15,671.558,-76.5959,-60,0,0,0,0,early_warning_zone,30.7663,0
3,fence24,random_waypoint,3,560,520,98.523,862.921,20,11,750,650,15,685.407,-76.7732,-60,0,0,0,0,early_warning_zone,30.7663,0
3,fence24,random_waypoint,3,560,520,98.523,862.921,20,12,750,550,15,722.749,-77.234,-60,0,0,0,0,early_warning_zone,30.7663,0
3,fence24,random_waypoint,3,560,520,98.523,862.921,20,13,750,450,15,771.331,-77.799,-60,0,0,0,0,early_warning_zone,30.7663,0
3,fence24,random_waypoint,3,560,520,98.523,862.921,20,14,750,350,15,829.177,-78.4272,-60,0,0,0,0,early_warning_zone,30.7663,0
3,fence24,random_waypoint,3,560,520,98.523,862.921,20,15,750,300,15,861.004,-78.7543,-60,0,0,0,0,early_warning_zone,30.7663,0
3,fence24,random_waypoint,3,560,520,98.523,862.921,20,16,700,300,15,823.82,-78.3709,-60,0,0,0,0,early_warning_zone,30.7663,0
3,fence24,random_waypoint,3,560,520,98.523,862.921,20,17,600,300,15,753.912,-77.6006,-60,0,0,0,0,early_warning_zone,30.7663,0
3,fence24,random_waypoint,3,560,520,98.523,862.921,20,18,400,300,15,638.587,-76.1586,-60,0,0,0,0,early_warning_zone,30.7663,0
3,fence24,random_waypoint,3,560,520,98.523,862.921,20,19,300,300,15,597.911,-75.587,-60,0,0,0,0,early_warning_zone,30.7663,0
3,fence24,random_waypoint,3,560,520,98.523,862.921,20,20,300,500,15,415.126,-72.4178,-60,0,0,0,0,early_warning_zone,30.7663,0
3,fence24,random_waypoint,3,560,520,98.523,862.921,20,21,500,350,15,651.38,-76.3309,-60,0,0,0,0,early_warning_zone,30.7663,0
3,fence24,random_waypoint,3,560,520,98.523,862.921,20,22,700,500,15,702.503,-76.9872,-60,0,0,0,0,early_warning_zone,30.7663,0
3,fence24,random_waypoint,3,560,520,98.523,862.921,20,23,500,650,15,454.471,-73.2044,-60,0,0,0,0,early_warning_zone,30.7663,0
4,fence24,random_waypoint,3,560,520,107.239,858.019,20,0,250,300,15,576.013,-75.2629,-60,0,0,0,0,early_warning_zone,29.7663,0
4,fence24,random_waypoint,3,560,520,107.239,858.019,20,1,250,350,15,527.721,-74.5023,-60,0,0,0,0,early_warning_zone,29.7663,0
4,fence24,random_waypoint,3,560,520,107.239,858.019,20,2,250,450,15,432.302,-72.77,-60,0,0,0,0,early_warning_zone,29.7663,0
4,fence24,random_waypoint,3,560,520,107.239,858.019,20,3,250,550,15,339.531,-70.6718,-60,0,0,0,0,early_warning_zone,29.7663,0
4,fence24,random_waypoint,3,560,520,107.239,858.019,20,4,250,650,15,252.344,-68.0941,-60,0,0,0,0,early_warning_zone,29.7663,0
4,fence24,random_waypoint,3,560,520,107.239,858.019,20,5,250,700,15,213.016,-66.6225,-60,0,0,0,0,early_warning_zone,29.7663,0
4,fence24,random_waypoint,3,560,520,107.239,858.019,20,6,300,700,15,249.302,-67.9888,-60,0,0,0,0,early_warning_zone,29.7663,0
4,fence24,random_waypoint,3,560,520,107.239,858.019,20,7,400,700,15,332.722,-70.4959,-60,0,0,0,0,early_warning_zone,29.7663,0
4,fence24,random_waypoint,3,560,520,107.239,858.019,20,8,600,700,15,517.502,-74.3325,-60,0,0,0,0,early_warning_zone,29.7663,0
4,fence24,random_waypoint,3,560,520,107.239,858.019,20,9,700,700,15,613.482,-75.8103,-60,0,0,0,0,early_warning_zone,29.7663,0
4,fence24,random_waypoint,3,560,520,107.239,858.019,20,10,750,700,15,661.919,-76.4703,-60,0,0,0,0,early_warning_zone,29.7663,0
4,fence24,random_waypoint,3,560,520,107.239,858.019,20,11,750,650,15,675.602,-76.648,-60,0,0,0,0,early_warning_zone,29.7663,0
4,fence24,random_waypoint,3,560,520,107.239,858.019,20,12,750,550,15,712.771,-77.1132,-60,0,0,0,0,early_warning_zone,29.7663,0
4,fence24,random_waypoint,3,560,520,107.239,858.019,20,13,750,450,15,761.345,-77.6859,-60,0,0,0,0,early_warning_zone,29.7663,0
4,fence24,random_waypoint,3,560,520,107.239,858.019,20,14,750,350,15,819.298,-78.3231,-60,0,0,0,0,early_warning_zone,29.7663,0
4,fence24,random_waypoint,3,560,520,107.239,858.019,20,15,750,300,15,851.206,-78.6549,-60,0,0,0,0,early_warning_zone,29.7663,0
4,fence24,random_waypoint,3,560,520,107.239,858.019,20,16,700,300,15,814.11,-78.2679,-60,0,0,0,0,early_warning_zone,29.7663,0
4,fence24,random_waypoint,3,560,520,107.239,858.019,20,17,600,300,15,744.462,-77.4911,-60,0,0,0,0,early_warning_zone,29.7663,0
4,fence24,random_waypoint,3,560,520,107.239,858.019,20,18,400,300,15,630.174,-76.0434,-60,0,0,0,0,early_warning_zone,29.7663,0
4,fence24,random_waypoint,3,560,520,107.239,858.019,20,19,300,300,15,590.396,-75.4771,-60,0,0,0,0,early_warning_zone,29.7663,0
4,fence24,random_waypoint,3,560,520,107.239,858.019,20,20,300,500,15,406.644,-72.2385,-60,0,0,0,0,early_warning_zone,29.7663,0
4,fence24,random_waypoint,3,560,520,107.239,858.019,20,21,500,350,15,642.16,-76.2071,-60,0,0,0,0,early_warning_zone,29.7663,0
4,fence24,random_waypoint,3,560,520,107.239,858.019,20,22,700,500,15,692.508,-76.8627,-60,0,0,0,0,early_warning_zone,29.7663,0
4,fence24,random_waypoint,3,560,520,107.239,858.019,20,23,500,650,15,444.475,-73.0112,-60,0,0,0,0,early_warning_zone,29.7663,0
5,fence24,random_waypoint,3,560,520,115.956,853.117,20,0,250,300,15,569.15,-75.1588,-60,0,0,0,0,early_warning_zone,28.7663,0
5,fence24,random_waypoint,3,560,520,115.956,853.117,20,1,250,350,15,520.692,-74.3858,-60,0,0,0,0,early_warning_zone,28.7663,0
5,fence24,random_waypoint,3,560,520,115.956,853.117,20,2,250,450,15,424.849,-72.6189,-60,0,0,0,0,early_warning_zone,28.7663,0
5,fence24,random_waypoint,3,560,520,115.956,853.117,20,3,250,550,15,331.471,-70.4631,-60,0,0,0,0,early_warning_zone,28.7663,0
5,fence24,random_waypoint,3,560,520,115.956,853.117,20,4,250,650,15,243.412,-67.7811,-60,0,0,0,0,early_warning_zone,28.7663,0
5,fence24,random_waypoint,3,560,520,115.956,853.117,20,5,250,700,15,203.563,-66.2282,-60,0,0,0,0,early_warning_zone,28.7663,0
5,fence24,random_waypoint,3,560,520,115.956,853.117,20,6,300,700,15,239.463,-67.639,-60,0,0,0,0,early_warning_zone,28.7663,0
5,fence24,random_waypoint,3,560,520,115.956,853.117,20,7,400,700,15,322.725,-70.2309,-60,0,0,0,0,early_warning_zone,28.7663,0
5,fence24,random_waypoint,3,560,520,115.956,853.117,20,8,600,700,15,507.71,-74.1665,-60,0,0,0,0,early_warning_zone,28.7663,0
5,fence24,random_waypoint,3,560,520,115.956,853.117,20,9,700,700,15,603.803,-75.6721,-60,0,0,0,0,early_warning_zone,28.7663,0
5,fence24,random_waypoint,3,560,520,115.956,853.117,20,10,750,700,15,652.29,-76.343,-60,0,0,0,0,early_warning_zone,28.7663,0
5,fence24,random_waypoint,3,560,520,115.956,853.117,20,11,750,650,15,665.803,-76.5211,-60,0,0,0,0,early_warning_zone,28.7663,0
5,fence24,random_waypoint,3,560,520,115.956,853.117,20,12,750,550,15,702.793,-76.9908,-60,0,0,0,0,early_warning_zone,28.7663,0
5,fence24,random_waypoint,3,560,520,115.956,853.117,20,13,750,450,15,751.359,-77.5712,-60,0,0,0,0,early_warning_zone,28.7663,0
5,fence24,random_waypoint,3,560,520,115.956,853.117,20,14,750,350,15,809.422,-78.2177,-60,0,0,0,0,early_warning_zone,28.7663,0
5,fence24,random_waypoint,3,560,520,115.956,853.117,20,15,750,300,15,841.413,-78.5544,-60,0,0,0,0,early_warning_zone,28.7663,0
5,fence24,random_waypoint,3,560,520,115.956,853.117,20,16,700,300,15,804.408,-78.1637,-60,0,0,0,0,early_warning_zone,28.7663,0
5,fence24,random_waypoint,3,560,520,115.956,853.117,20,17,600,300,15,735.026,-77.3803,-60,0,0,0,0,early_warning_zone,28.7663,0
5,fence24,random_waypoint,3,560,520,115.956,853.117,20,18,400,300,15,621.808,-75.9273,-60,0,0,0,0,early_warning_zone,28.7663,0
5,fence24,random_waypoint,3,560,520,115.956,853.117,20,19,300,300,15,582.955,-75.3669,-60,0,0,0,0,early_warning_zone,28.7663,0
5,fence24,random_waypoint,3,560,520,115.956,853.117,20,20,300,500,15,398.233,-72.057,-60,0,0,0,0,early_warning_zone,28.7663,0
5,fence24,random_waypoint,3,560,520,115.956,853.117,20,21,500,350,15,632.963,-76.0818,-60,0,0,0,0,early_warning_zone,28.7663,0
5,fence24,random_waypoint,3,560,520,115.956,853.117,20,22,700,500,15,682.514,-76.7365,-60,0,0,0,0,early_warning_zone,28.7663,0
5,fence24,random_waypoint,3,560,520,115.956,853.117,20,23,500,650,15,434.479,-72.8136,-60,0,0,0,0,early_warning_zone,28.7663,0
6,fence24,random_waypoint,3,560,520,124.672,848.216,20,0,250,300,15,562.381,-75.0548,-60,0,0,0,0,early_warning_zone,27.7663,0
6,fence24,random_waypoint,3,560,520,124.672,848.216,20,1,250,350,15,513.762,-74.2695,-60,0,0,0,0,early_warning_zone,27.7663,0
6,fence24,random_waypoint,3,560,520,124.672,848.216,20,2,250,450,15,417.502,-72.4674,-60,0,0,0,0,early_warning_zone,27.7663,0
6,fence24,random_waypoint,3,560,520,124.672,848.216,20,3,250,550,15,323.519,-70.2522,-60,0,0,0,0,early_warning_zone,27.7663,0
6,fence24,random_waypoint,3,560,520,124.672,848.216,20,4,250,650,15,234.567,-67.4596,-60,0,0,0,0,early_warning_zone,27.7663,0
6,fence24,random_waypoint,3,560,520,124.672,848.216,20,5,250,700,15,194.165,-65.8176,-60,0,0,0,0,early_warning_zone,27.7663,0
6,fence24,random_waypoint,3,560,520,124.672,848.216,20,6,300,700,15,229.636,-67.275,-60,0,0,0,0,early_warning_zone,27.7663,0
6,fence24,random_waypoint,3,560,520,124.672,848.216,20,7,400,700,15,312.728,-69.9575,-60,0,0,0,0,early_warning_zone,27.7663,0
6,fence24,random_waypoint,3,560,520,124.672,848.216,20,8,600,700,15,497.925,-73.9975,-60,0,0,0,0,early_warning_zone,27.7663,0
6,fence24,random_waypoint,3,560,520,124.672,848.216,20,9,700,700,15,594.134,-75.5319,-60,0,0,0,0,early_warning_zone,27.7663,0
6,fence24,random_waypoint,3,560,520,124.672,848.216,20,10,750,700,15,642.673,-76.214,-60,0,0,0,0,early_warning_zone,27.7663,0
6,fence24,random_waypoint,3,560,520,124.672,848.216,20,11,750,650,15,656.011,-76.3924,-60,0,0,0,0,early_warning_zone,27.7663,0
6,fence24,random_waypoint,3,560,520,124.672,848.216,20,12,750,550,15,692.815,-76.8666,-60,0,0,0,0,early_warning_zone,27.7663,0
6,fence24,random_waypoint,3,560,520,124.672,848.216,20,13,750,450,15,741.374,-77.455,-60,0,0,0,0,early_warning_zone,27.7663,0
6,fence24,random_waypoint,3,560,520,124.672,848.216,20,14,750,350,15,799.549,-78.1111,-60,0,0,0,0,early_warning_zone,27.7663,0
6,fence24,random_waypoint,3,560,520,124.672,848.216,20,15,750,300,15,831.625,-78.4528,-60,0,0,0,0,early_warning_zone,27.7663,0
6,fence24,random_waypoint,3,560,520,124.672,848.216,20,16,700,300,15,794.712,-78.0584,-60,0,0,0,0,early_warning_zone,27.7663,0
6,fence24,random_waypoint,3,560,520,124.672,848.216,20,17,600,300,15,725.605,-77.2682,-60,0,0,0,0,early_warning_zone,27.7663,0
6,fence24,random_waypoint,3,560,520,124.672,848.216,20,18,400,300,15,613.491,-75.8104,-60,0,0,0,0,early_warning_zone,27.7663,0
6,fence24,random_waypoint,3,560,520,124.672,848.216,20,19,300,300,15,575.591,-75.2565,-60,0,0,0,0,early_warning_zone,27.7663,0
6,fence24,random_waypoint,3,560,520,124.672,848.216,20,20,300,500,15,389.896,-71.8732,-60,0,0,0,0,early_warning_zone,27.7663,0
6,fence24,random_waypoint,3,560,520,124.672,848.216,20,21,500,350,15,623.791,-75.955,-60,0,0,0,0,early_warning_zone,27.7663,0
6,fence24,random_waypoint,3,560,520,124.672,848.216,20,22,700,500,15,672.519,-76.6083,-60,0,0,0,0,early_warning_zone,27.7663,0
6,fence24,random_waypoint,3,560,520,124.672,848.216,20,23,500,650,15,424.483,-72.6114,-60,0,0,0,0,early_warning_zone,27.7663,0
7,fence24,random_waypoint,3,560,520,133.388,843.314,20,0,250,300,15,555.71,-74.9512,-60,0,0,0,0,early_warning_zone,26.7663,0
7,fence24,random_waypoint,3,560,520,133.388,843.314,20,1,250,350,15,506.934,-74.1533,-60,0,0,0,0,early_warning_zone,26.7663,0
7,fence24,random_waypoint,3,560,520,133.388,843.314,20,2,250,450,15,410.267,-72.3156,-60,0,0,0,0,early_warning_zone,26.7663,0
7,fence24,random_waypoint,3,560,520,133.388,843.314,20,3,250,550,15,315.684,-70.0393,-60,0,0,0,0,early_warning_zone,26.7663,0
7,fence24,random_waypoint,3,560,520,133.388,843.314,20,4,250,650,15,225.818,-67.1294,-60,0,0,0,0,early_warning_zone,26.7663,0
7,fence24,random_waypoint,3,560,520,133.388,843.314,20,5,250,700,15,184.83,-65.3897,-60,0,0,0,0,early_warning_zone,26.7663,0
7,fence24,random_waypoint,3,560,520,133.388,843.314,20,6,300,700,15,219.826,-66.8958,-60,0,0,0,0,early_warning_zone,26.7663,0
7,fence24,random_waypoint,3,560,520,133.388,843.314,20,7,400,700,15,302.731,-69.6754,-60,0,0,0,0,early_warning_zone,26.7663,0
7,fence24,random_waypoint,3,560,520,133.388,843.314,20,8,600,700,15,488.15,-73.8253,-60,0,0,0,0,early_warning_zone,26.7663,0
7,fence24,random_waypoint,3,560,520,133.388,843.314,20,9,700,700,15,584.477,-75.3896,-60,0,0,0,0,early_warning_zone,26.7663,0
7,fence24,random_waypoint,3,560,520,133.388,843.314,20,10,750,700,15,633.067,-76.0832,-60,0,0,0,0,early_warning_zone,26.7663,0
7,fence24,random_waypoint,3,560,520,133.388,843.314,20,11,750,650,15,646.224,-76.2619,-60,0,0,0,0,early_warning_zone,26.7663,0
7,fence24,random_waypoint,3,560,520,133.388,843.314,20,12,750,550,15,682.838,-76.7406,-60,0,0,0,0,early_warning_zone,26.7663,0
7,fence24,random_waypoint,3,560,520,133.388,843.314,20,13,750,450,15,731.39,-77.3372,-60,0,0,0,0,early_warning_zone,26.7663,0
7,fence24,random_waypoint,3,560,520,133.388,843.314,20,14,750,350,15,789.68,-78.0032,-60,0,0,0,0,early_warning_zone,26.7663,0
7,fence24,random_waypoint,3,560,520,133.388,843.314,20,15,750,300,15,821.843,-78.35,-60,0,0,0,0,early_warning_zone,26.7663,0
7,fence24,random_waypoint,3,560,520,133.388,843.314,20,16,700,300,15,785.025,-77.9519,-60,0,0,0,0,early_warning_zone,26.7663,0
7,fence24,random_waypoint,3,560,520,133.388,843.314,20,17,600,300,15,716.2,-77.1549,-60,0,0,0,0,early_warning_zone,26.7663,0
7,fence24,random_waypoint,3,560,520,133.388,843.314,20,18,400,300,15,605.225,-75.6926,-60,0,0,0,0,early_warning_zone,26.7663,0
7,fence24,random_waypoint,3,560,520,133.388,843.314,20,19,300,300,15,568.309,-75.1459,-60,0,0,0,0,early_warning_zone,26.7663,0
7,fence24,random_waypoint,3,560,520,133.388,843.314,20,20,300,500,15,381.64,-71.6873,-60,0,0,0,0,early_warning_zone,26.7663,0
7,fence24,random_waypoint,3,560,520,133.388,843.314,20,21,500,350,15,614.645,-75.8267,-60,0,0,0,0,early_warning_zone,26.7663,0
7,fence24,random_waypoint,3,560,520,133.388,843.314,20,22,700,500,15,662.524,-76.4783,-60,0,0,0,0,early_warning_zone,26.7663,0
7,fence24,random_waypoint,3,560,520,133.388,843.314,20,23,500,650,15,414.487,-72.4044,-60,0,0,0,0,early_warning_zone,26.7663,0
8,fence24,random_waypoint,3,560,520,142.104,838.412,20,0,250,300,15,549.14,-74.8479,-60,0,0,0,0,early_warning_zone,25.7663,0
8,fence24,random_waypoint,3,560,520,142.104,838.412,20,1,250,350,15,500.213,-74.0373,-60,0,0,0,0,early_warning_zone,25.7663,0
8,fence24,random_waypoint,3,560,520,142.104,838.412,20,2,250,450,15,403.151,-72.1636,-60,0,0,0,0,early_warning_zone,25.7663,0
8,fence24,random_waypoint,3,560,520,142.104,838.412,20,3,250,550,15,307.974,-69.8245,-60,0,0,0,0,early_warning_zone,25.7663,0
8,fence24,random_waypoint,3,560,520,142.104,838.412,20,4,250,650,15,217.177,-66.7905,-60,0,0,0,0,early_warning_zone,25.7663,0
8,fence24,random_waypoint,3,560,520,142.104,838.412,20,5,250,700,15,175.569,-64.9432,-60,0,0,0,0,early_warning_zone,25.7663,0
8,fence24,random_waypoint,3,560,520,142.104,838.412,20,6,300,700,15,210.033,-66.5,-60,0,0,0,0,early_warning_zone,25.7663,0
8,fence24,random_waypoint,3,560,520,142.104,838.412,20,7,400,700,15,292.734,-69.3837,-60,0,0,0,0,early_warning_zone,25.7663,0
8,fence24,random_waypoint,3,560,520,142.104,838.412,20,8,600,700,15,478.384,-73.6498,-60,0,0,0,0,early_warning_zone,25.7663,0
8,fence24,random_waypoint,3,560,520,142.104,838.412,20,9,700,700,15,574.831,-75.245,-60,0,0,0,0,early_warning_zone,25.7663,0
8,fence24,random_waypoint,3,560,520,142.104,838.412,20,10,750,700,15,623.474,-75.9506,-60,0,0,0,0,early_warning_zone,25.7663,0
8,fence24,random_waypoint,3,560,520,142.104,838.412,20,11,750,650,15,636.444,-76.1294,-60,0,0,0,0,early_warning_zone,25.7663,0
8,fence24,random_waypoint,3,560,520,142.104,838.412,20,12,750,550,15,672.862,-76.6127,-60,0,0,0,0,early_warning_zone,25.7663,0
8,fence24,random_waypoint,3,560,520,142.104,838.412,20,13,750,450,15,721.406,-77.2178,-60,0,0,0,0,early_warning_zone,25.7663,0
8,fence24,random_waypoint,3,560,520,142.104,838.412,20,14,750,350,15,779.813,-77.894,-60,0,0,0,0,early_warning_zone,25.7663,0
8,fence24,random_waypoint,3,560,520,142.104,838.412,20,15,750,300,15,812.065,-78.246,-60,0,0,0,0,early_warning_zone,25.7663,0
8,fence24,random_waypoint,3,560,520,142.104,838.412,20,16,700,300,15,775.345,-77.8441,-60,0,0,0,0,early_warning_zone,25.7663,0
8,fence24,random_waypoint,3,560,520,142.104,838.412,20,17,600,300,15,706.811,-77.0403,-60,0,0,0,0,early_warning_zone,25.7663,0
8,fence24,random_waypoint,3,560,520,142.104,838.412,20,18,400,300,15,597.012,-75.5739,-60,0,0,0,0,early_warning_zone,25.7663,0
8,fence24,random_waypoint,3,560,520,142.104,838.412,20,19,300,300,15,561.109,-75.0352,-60,0,0,0,0,early_warning_zone,25.7663,0
8,fence24,random_waypoint,3,560,520,142.104,838.412,20,20,300,500,15,373.469,-71.4993,-60,0,0,0,0,early_warning_zone,25.7663,0
8,fence24,random_waypoint,3,560,520,142.104,838.412,20,21,500,350,15,605.525,-75.6969,-60,0,0,0,0,early_warning_zone,25.7663,0
8,fence24,random_waypoint,3,560,520,142.104,838.412,20,22,700,500,15,652.53,-76.3462,-60,0,0,0,0,early_warning_zone,25.7663,0
8,fence24,random_waypoint,3,560,520,142.104,838.412,20,23,500,650,15,404.492,-72.1924,-60,0,0,0,0,early_warning_zone,25.7663,0
9,fence24,random_waypoint,3,560,520,150.821,833.511,20,0,250,300,15,542.674,-74.745,-60,0,0,0,0,early_warning_zone,24.7663,0
9,fence24,random_waypoint,3,560,520,150.821,833.511,20,1,250,350,15,493.603,-73.9218,-60,0,0,0,0,early_warning_zone,24.7663,0
9,fence24,random_waypoint,3,560,520,150.821,833.511,20,2,250,450,15,396.159,-72.0116,-60,0,0,0,0,early_warning_zone,24.7663,0
9,fence24,random_waypoint,3,560,520,150.821,833.511,20,3,250,550,15,300.399,-69.6082,-60,0,0,0,0,early_warning_zone,24.7663,0
9,fence24,random_waypoint,3,560,520,150.821,833.511,20,4,250,650,15,208.657,-66.4429,-60,0,0,0,0,early_warning_zone,24.7663,0
9,fence24,random_waypoint,3,560,520,150.821,833.511,20,5,250,700,15,166.393,-64.4769,-60,0,0,0,0,early_warning_zone,24.7663,0
9,fence24,random_waypoint,3,560,520,150.821,833.511,20,6,300,700,15,200.261,-66.0862,-60,0,0,0,0,early_warning_zone,24.7663,0
9,fence24,random_waypoint,3,560,520,150.821,833.511,20,7,400,700,15,282.737,-69.0819,-60,0,0,0,0,early_warning_zone,24.7663,0
9,fence24,random_waypoint,3,560,520,150.821,833.511,20,8,600,700,15,468.628,-73.4708,-60,0,0,0,0,early_warning_zone,24.7663,0
9,fence24,random_waypoint,3,560,520,150.821,833.511,20,9,700,700,15,565.197,-75.0982,-60,0,0,0,0,early_warning_zone,24.7663,0
9,fence24,random_waypoint,3,560,520,150.821,833.511,20,10,750,700,15,613.894,-75.8161,-60,0,0,0,0,early_warning_zone,24.7663,0
9,fence24,random_waypoint,3,560,520,150.821,833.511,20,11,750,650,15,626.671,-75.995,-60,0,0,0,0,early_warning_zone,24.7663,0
9,fence24,random_waypoint,3,560,520,150.821,833.511,20,12,750,550,15,662.887,-76.483,-60,0,0,0,0,early_warning_zone,24.7663,0
9,fence24,random_waypoint,3,560,520,150.821,833.511,20,13,750,450,15,711.422,-77.0968,-60,0,0,0,0,early_warning_zone,24.7663,0
9,fence24,random_waypoint,3,560,520,150.821,833.511,20,14,750,350,15,769.95,-77.7835,-60,0,0,0,0,early_warning_zone,24.7663,0
9,fence24,random_waypoint,3,560,520,150.821,833.511,20,15,750,300,15,802.293,-78.1409,-60,0,0,0,0,early_warning_zone,24.7663,0
9,fence24,random_waypoint,3,560,520,150.821,833.511,20,16,700,300,15,765.674,-77.7351,-60,0,0,0,0,early_warning_zone,24.7663,0
9,fence24,random_waypoint,3,560,520,150.821,833.511,20,17,600,300,15,697.439,-76.9243,-60,0,0,0,0,early_warning_zone,24.7663,0
9,fence24,random_waypoint,3,560,520,150.821,833.511,20,18,400,300,15,588.854,-75.4544,-60,0,0,0,0,early_warning_zone,24.7663,0
9,fence24,random_waypoint,3,560,520,150.821,833.511,20,19,300,300,15,553.997,-74.9244,-60,0,0,0,0,early_warning_zone,24.7663,0
9,fence24,random_waypoint,3,560,520,150.821,833.511,20,20,300,500,15,365.389,-71.3093,-60,0,0,0,0,early_warning_zone,24.7663,0
9,fence24,random_waypoint,3,560,520,150.821,833.511,20,21,500,350,15,596.434,-75.5655,-60,0,0,0,0,early_warning_zone,24.7663,0
9,fence24,random_waypoint,3,560,520,150.821,833.511,20,22,700,500,15,642.536,-76.2122,-60,0,0,0,0,early_warning_zone,24.7663,0
9,fence24,random_waypoint,3,560,520,150.821,833.511,20,23,500,650,15,394.496,-71.9751,-60,0,0,0,0,early_warning_zone,24.7663,0
10,fence24,random_waypoint,3,560,520,159.537,828.609,20,0,250,300,15,536.317,-74.6427,-60,0,0,0,0,early_warning_zone,23.7663,0
10,fence24,random_waypoint,3,560,520,159.537,828.609,20,1,250,350,15,487.109,-73.8067,-60,0,0,0,0,early_warning_zone,23.7663,0
10,fence24,random_waypoint,3,560,520,159.537,828.609,20,2,250,450,15,389.298,-71.8599,-60,0,0,0,0,early_warning_zone,23.7663,0
10,fence24,random_waypoint,3,560,520,159.537,828.609,20,3,250,550,15,292.97,-69.3907,-60,0,0,0,0,early_warning_zone,23.7663,0
10,fence24,random_waypoint,3,560,520,159.537,828.609,20,4,250,650,15,200.274,-66.0867,-60,0,0,0,0,early_warning_zone,23.7663,0
10,fence24,random_waypoint,3,560,520,159.537,828.609,20,5,250,700,15,157.318,-63.9898,-60,0,0,0,0,early_warning_zone,23.7663,0
10,fence24,random_waypoint,3,560,520,159.537,828.609,20,6,300,700,15,190.513,-65.6527,-60,0,0,0,0,early_warning_zone,23.7663,0
10,fence24,random_waypoint,3,560,520,159.537,828.609,20,7,400,700,15,272.741,-68.7692,-60,0,0,0,0,early_warning_zone,23.7663,0
10,fence24,random_waypoint,3,560,520,159.537,828.609,20,8,600,700,15,458.882,-73.2883,-60,0,0,0,0,early_warning_zone,23.7663,0
10,fence24,random_waypoint,3,560,520,159.537,828.609,20,9,700,700,15,555.577,-74.9491,-60,0,0,0,0,early_warning_zone,23.7663,0
10,fence24,random_waypoint,3,560,520,159.537,828.609,20,10,750,700,15,604.328,-75.6797,-60,0,0,0,0,early_warning_zone,23.7663,0
10,fence24,random_waypoint,3,560,520,159.537,828.609,20,11,750,650,15,616.906,-75.8586,-60,0,0,0,0,early_warning_zone,23.7663,0
10,fence24,random_waypoint,3,560,520,159.537,828.609,20,12,750,550,15,652.912,-76.3513,-60,0,0,0,0,early_warning_zone,23.7663,0
10,fence24,random_waypoint,3,560,520,159.537,828.609,20,13,750,450,15,701.439,-76.974,-60,0,0,0,0,early_warning_zone,23.7663,0
10,fence24,random_waypoint,3,560,520,159.537,828.609,20,14,750,350,15,760.091,-77.6715,-60,0,0,0,0,early_warning_zone,23.7663,0
10,fence24,random_waypoint,3,560,520,159.537,828.609,20,15,750,300,15,792.527,-78.0345,-60,0,0,0,0,early_warning_zone,23.7663,0
10,fence24,random_waypoint,3,560,520,159.537,828.609,20,16,700,300,15,756.011,-77.6248,-60,0,0,0,0,early_warning_zone,23.7663,0
10,fence24,random_waypoint,3,560,520,159.537,828.609,20,17,600,300,15,688.084,-76.8071,-60,0,0,0,0,early_warning_zone,23.7663,0
10,fence24,random_waypoint,3,560,520,159.537,828.609,20,18,400,300,15,580.754,-75.3341,-60,0,0,0,0,early_warning_zone,23.7663,0
10,fence24,random_waypoint,3,560,520,159.537,828.609,20,19,300,300,15,546.976,-74.8136,-60,0,0,0,0,early_warning_zone,23.7663,0
10,fence24,random_waypoint,3,560,520,159.537,828.609,20,20,300,500,15,357.406,-71.1175,-60,0,0,0,0,early_warning_zone,23.7663,0
10,fence24,random_waypoint,3,560,520,159.537,828.609,20,21,500,350,15,587.373,-75.4325,-60,0,0,0,0,early_warning_zone,23.7663,0
10,fence24,random_waypoint,3,560,520,159.537,828.609,20,22,700,500,15,632.542,-76.076,-60,0,0,0,0,early_warning_zone,23.7663,0
10,fence24,random_waypoint,3,560,520,159.537,828.609,20,23,500,650,15,384.501,-71.7522,-60,0,0,0,0,early_warning_zone,23.7663,0
11,fence24,random_waypoint,3,560,520,168.253,823.707,20,0,250,300,15,530.072,-74.5409,-60,0,0,0,0,early_warning_zone,22.7663,0
11,fence24,random_waypoint,3,560,520,168.253,823.707,20,1,250,350,15,480.735,-73.6923,-60,0,0,0,0,early_warning_zone,22.7663,0
11,fence24,random_waypoint,3,560,520,168.253,823.707,20,2,250,450,15,382.576,-71.7086,-60,0,0,0,0,early_warning_zone,22.7663,0
11,fence24,random_waypoint,3,560,520,168.253,823.707,20,3,250,550,15,285.698,-69.1724,-60,0,0,0,0,early_warning_zone,22.7663,0
11,fence24,random_waypoint,3,560,520,168.253,823.707,20,4,250,650,15,192.046,-65.7223,-60,0,0,0,0,early_warning_zone,22.7663,0
11,fence24,random_waypoint,3,560,520,168.253,823.707,20,5,250,700,15,148.361,-63.4806,-60,0,0,0,0,early_warning_zone,22.7663,0
11,fence24,random_waypoint,3,560,520,168.253,823.707,20,6,300,700,15,180.792,-65.1978,-60,0,0,0,0,early_warning_zone,22.7663,0
11,fence24,random_waypoint,3,560,520,168.253,823.707,20,7,400,700,15,262.745,-68.4449,-60,0,0,0,0,early_warning_zone,22.7663,0
11,fence24,random_waypoint,3,560,520,168.253,823.707,20,8,600,700,15,449.148,-73.102,-60,0,0,0,0,early_warning_zone,22.7663,0
11,fence24,random_waypoint,3,560,520,168.253,823.707,20,9,700,700,15,545.97,-74.7976,-60,0,0,0,0,early_warning_zone,22.7663,0
11,fence24,random_waypoint,3,560,520,168.253,823.707,20,10,750,700,15,594.775,-75.5413,-60,0,0,0,0,early_warning_zone,22.7663,0
11,fence24,random_waypoint,3,560,520,168.253,823.707,20,11,750,650,15,607.148,-75.7201,-60,0,0,0,0,early_warning_zone,22.7663,0
11,fence24,random_waypoint,3,560,520,168.253,823.707,20,12,750,550,15,642.939,-76.2176,-60,0,0,0,0,early_warning_zone,22.7663,0
11,fence24,random_waypoint,3,560,520,168.253,823.707,20,13,750,450,15,691.456,-76.8495,-60,0,0,0,0,early_warning_zone,22.7663,0
11,fence24,random_waypoint,3,560,520,168.253,823.707,20,14,750,350,15,750.235,-77.5582,-60,0,0,0,0,early_warning_zone,22.7663,0
11,fence24,random_waypoint,3,560,520,168.253,823.707,20,15,750,300,15,782.767,-77.9269,-60,0,0,0,0,early_warning_zone,22.7663,0
11,fence24,random_waypoint,3,560,520,168.253,823.707,20,16,700,300,15,746.357,-77.5132,-60,0,0,0,0,early_warning_zone,22.7663,0
11,fence24,random_waypoint,3,560,520,168.253,823.707,20,17,600,300,15,678.749,-76.6884,-60,0,0,0,0,early_warning_zone,22.7663,0
11,fence24,random_waypoint,3,560,520,168.253,823.707,20,18,400,300,15,572.714,-75.213,-60,0,0,0,0,early_warning_zone,22.7663,0
11,fence24,random_waypoint,3,560,520,168.253,823.707,20,19,300,300,15,540.048,-74.7029,-60,0,0,0,0,early_warning_zone,22.7663,0
11,fence24,random_waypoint,3,560,520,168.253,823.707,20,20,300,500,15,349.526,-70.9238,-60,0,0,0,0,early_warning_zone,22.7663,0
11,fence24,random_waypoint,3,560,520,168.253,823.707,20,21,500,350,15,578.342,-75.2979,-60,0,0,0,0,early_warning_zone,22.7663,0
11,fence24,random_waypoint,3,560,520,168.253,823.707,20,22,700,500,15,622.548,-75.9377,-60,0,0,0,0,early_warning_zone,22.7663,0
11,fence24,random_waypoint,3,560,520,168.253,823.707,20,23,500,650,15,374.507,-71.5234,-60,0,0,0,0,early_warning_zone,22.7663,0
12,fence24,random_waypoint,3,560,520,176.969,818.806,20,0,250,300,15,523.944,-74.4399,-60,0,0,0,0,early_warning_zone,21.7663,0
12,fence24,random_waypoint,3,560,520,176.969,818.806,20,1,250,350,15,474.486,-73.5787,-60,0,0,0,0,early_warning_zone,21.7663,0
12,fence24,random_waypoint,3,560,520,176.969,818.806,20,2,250,450,15,376,-71.558,-60,0,0,0,0,early_warning_zone,21.7663,0
12,fence24,random_waypoint,3,560,520,176.969,818.806,20,3,250,550,15,278.594,-68.9537,-60,0,0,0,0,early_warning_zone,21.7663,0
12,fence24,random_waypoint,3,560,520,176.969,818.806,20,4,250,650,15,183.994,-65.3503,-60,0,0,0,0,early_warning_zone,21.7663,0
12,fence24,random_waypoint,3,560,520,176.969,818.806,20,5,250,700,15,139.546,-62.9486,-60,0,0,0,0,early_warning_zone,21.7663,0
12,fence24,random_waypoint,3,560,520,176.969,818.806,20,6,300,700,15,171.103,-64.7194,-60,0,0,0,0,early_warning_zone,21.7663,0
12,fence24,random_waypoint,3,560,520,176.969,818.806,20,7,400,700,15,252.75,-68.108,-60,0,0,0,0,early_warning_zone,21.7663,0
12,fence24,random_waypoint,3,560,520,176.969,818.806,20,8,600,700,15,439.425,-72.9119,-60,0,0,0,0,early_warning_zone,21.7663,0
12,fence24,random_waypoint,3,560,520,176.969,818.806,20,9,700,700,15,536.377,-74.6436,-60,0,0,0,0,early_warning_zone,21.7663,0
12,fence24,random_waypoint,3,560,520,176.969,818.806,20,10,750,700,15,585.238,-75.4009,-60,0,0,0,0,early_warning_zone,21.7663,0
12,fence24,random_waypoint,3,560,520,176.969,818.806,20,11,750,650,15,597.398,-75.5795,-60,0,0,0,0,early_warning_zone,21.7663,0
12,fence24,random_waypoint,3,560,520,176.969,818.806,20,12,750,550,15,632.966,-76.0818,-60,0,0,0,0,early_warning_zone,21.7663,0
12,fence24,random_waypoint,3,560,520,176.969,818.806,20,13,750,450,15,681.474,-76.7232,-60,0,0,0,0,early_warning_zone,21.7663,0
12,fence24,random_waypoint,3,560,520,176.969,818.806,20,14,750,350,15,740.383,-77.4434,-60,0,0,0,0,early_warning_zone,21.7663,0
12,fence24,random_waypoint,3,560,520,176.969,818.806,20,15,750,300,15,773.012,-77.818,-60,0,0,0,0,early_warning_zone,21.7663,0
12,fence24,random_waypoint,3,560,520,176.969,818.806,20,16,700,300,15,736.712,-77.4002,-60,0,0,0,0,early_warning_zone,21.7663,0
12,fence24,random_waypoint,3,560,520,176.969,818.806,20,17,600,300,15,669.432,-76.5684,-60,0,0,0,0,early_warning_zone,21.7663,0
12,fence24,random_waypoint,3,560,520,176.969,818.806,20,18,400,300,15,564.736,-75.0911,-60,0,0,0,0,early_warning_zone,21.7663,0
12,fence24,random_waypoint,3,560,520,176.969,818.806,20,19,300,300,15,533.217,-74.5923,-60,0,0,0,0,early_warning_zone,21.7663,0
12,fence24,random_waypoint,3,560,520,176.969,818.806,20,20,300,500,15,341.758,-70.7286,-60,0,0,0,0,early_warning_zone,21.7663,0
12,fence24,random_waypoint,3,560,520,176.969,818.806,20,21,500,350,15,569.344,-75.1617,-60,0,0,0,0,early_warning_zone,21.7663,0
12,fence24,random_waypoint,3,560,520,176.969,818.806,20,22,700,500,15,612.554,-75.7971,-60,0,0,0,0,early_warning_zone,21.7663,0
12,fence24,random_waypoint,3,560,520,176.969,818.806,20,23,500,650,15,364.512,-71.2885,-60,0,0,0,0,early_warning_zone,21.7663,0
13,fence24,random_waypoint,3,560,520,185.686,813.904,20,0,250,300,15,517.937,-74.3398,-60,0,0,0,0,early_warning_zone,20.7663,0
13,fence24,random_waypoint,3,560,520,185.686,813.904,20,1,250,350,15,468.368,-73.466,-60,0,0,0,0,early_warning_zone,20.7663,0
13,fence24,random_waypoint,3,560,520,185.686,813.904,20,2,250,450,15,369.577,-71.4083,-60,0,0,0,0,early_warning_zone,20.7663,0
13,fence24,random_waypoint,3,560,520,185.686,813.904,20,3,250,550,15,271.674,-68.7352,-60,0,0,0,0,early_warning_zone,20.7663,0
13,fence24,random_waypoint,3,560,520,185.686,813.904,20,4,250,650,15,176.141,-64.9715,-60,0,0,0,0,early_warning_zone,20.7663,0
13,fence24,random_waypoint,3,560,520,185.686,813.904,20,5,250,700,15,130.902,-62.3932,-60,0,0,0,0,early_warning_zone,20.7663,0
13,fence24,random_waypoint,3,560,520,185.686,813.904,20,6,300,700,15,161.452,-64.2151,-60,0,0,0,0,early_warning_zone,20.7663,0
13,fence24,random_waypoint,3,560,520,185.686,813.904,20,7,400,700,15,242.754,-67.7576,-60,0,0,0,0,early_warning_zone,20.7663,0
13,fence24,random_waypoint,3,560,520,185.686,813.904,20,8,600,700,15,429.715,-72.7178,-60,0,0,0,0,early_warning_zone,20.7663,0
13,fence24,random_waypoint,3,560,520,185.686,813.904,20,9,700,700,15,526.8,-74.4871,-60,0,0,0,0,early_warning_zone,20.7663,0
13,fence24,random_waypoint,3,560,520,185.686,813.904,20,10,750,700,15,575.717,-75.2584,-60,0,0,0,0,early_warning_zone,20.7663,0
13,fence24,random_waypoint,3,560,520,185.686,813.904,20,11,750,650,15,587.656,-75.4367,-60,0,0,0,0,early_warning_zone,20.7663,0
13,fence24,random_waypoint,3,560,520,185.686,813.904,20,12,750,550,15,622.993,-75.9439,-60,0,0,0,0,early_warning_zone,20.7663,0
13,fence24,random_waypoint,3,560,520,185.686,813.904,20,13,750,450,15,671.492,-76.595,-60,0,0,0,0,early_warning_zone,20.7663,0
13,fence24,random_waypoint,3,560,520,185.686,813.904,20,14,750,350,15,730.536,-77.3271,-60,0,0,0,0,early_warning_zone,20.7663,0
13,fence24,random_waypoint,3,560,520,185.686,813.904,20,15,750,300,15,763.265,-77.7077,-60,0,0,0,0,early_warning_zone,20.7663,0
13,fence24,random_waypoint,3,560,520,185.686,813.904,20,16,700,300,15,727.077,-77.2858,-60,0,0,0,0,early_warning_zone,20.7663,0
13,fence24,random_waypoint,3,560,520,185.686,813.904,20,17,600,300,15,660.135,-76.4469,-60,0,0,0,0,early_warning_zone,20.7663,0
13,fence24,random_waypoint,3,560,520,185.686,813.904,20,18,400,300,15,556.824,-74.9686,-60,0,0,0,0,early_warning_zone,20.7663,0
13,fence24,random_waypoint,3,560,520,185.686,813.904,20,19,300,300,15,526.488,-74.482,-60,0,0,0,0,early_warning_zone,20.7663,0
13,fence24,random_waypoint,3,560,520,185.686,813.904,20,20,300,500,15,334.108,-70.532,-60,0,0,0,0,early_warning_zone,20.7663,0
13,fence24,random_waypoint,3,560,520,185.686,813.904,20,21,500,350,15,560.38,-75.0239,-60,0,0,0,0,early_warning_zone,20.7663,0
13,fence24,random_waypoint,3,560,520,185.686,813.904,20,22,700,500,15,602.561,-75.6542,-60,0,0,0,0,early_warning_zone,20.7663,0
13,fence24,random_waypoint,3,560,520,185.686,813.904,20,23,500,650,15,354.518,-71.047,-60,0,0,0,0,early_warning_zone,20.7663,0
14,fence24,random_waypoint,3,560,520,194.402,809.002,20,0,250,300,15,512.054,-74.2405,-60,0,0,0,0,early_warning_zone,19.7663,0
14,fence24,random_waypoint,3,560,520,194.402,809.002,20,1,250,350,15,462.384,-73.3543,-60,0,0,0,0,early_warning_zone,19.7663,0
14,fence24,random_waypoint,3,560,520,194.402,809.002,20,2,250,450,15,363.316,-71.2599,-60,0,0,0,0,early_warning_zone,19.7663,0
14,fence24,random_waypoint,3,560,520,194.402,809.002,20,3,250,550,15,264.95,-68.5175,-60,0,0,0,0,early_warning_zone,19.7663,0
14,fence24,random_waypoint,3,560,520,194.402,809.002,20,4,250,650,15,168.517,-64.5871,-60,0,0,0,0,early_warning_zone,19.7663,0
14,fence24,random_waypoint,3,560,520,194.402,809.002,20,5,250,700,15,122.465,-61.8144,-60,0,0,0,0,early_warning_zone,19.7663,0
14,fence24,random_waypoint,3,560,520,194.402,809.002,20,6,300,700,15,151.847,-63.6823,-60,0,0,0,0,early_warning_zone,19.7663,0
14,fence24,random_waypoint,3,560,520,194.402,809.002,20,7,400,700,15,232.76,-67.3924,-60,0,0,0,0,early_warning_zone,19.7663,0
14,fence24,random_waypoint,3,560,520,194.402,809.002,20,8,600,700,15,420.019,-72.5196,-60,0,0,0,0,early_warning_zone,19.7663,0
14,fence24,random_waypoint,3,560,520,194.402,809.002,20,9,700,700,15,517.239,-74.328,-60,0,0,0,0,early_warning_zone,19.7663,0
14,fence24,random_waypoint,3,560,520,194.402,809.002,20,10,750,700,15,566.212,-75.1138,-60,0,0,0,0,early_warning_zone,19.7663,0
14,fence24,random_waypoint,3,560,520,194.402,809.002,20,11,750,650,15,577.924,-75.2916,-60,0,0,0,0,early_warning_zone,19.7663,0
14,fence24,random_waypoint,3,560,520,194.402,809.002,20,12,750,550,15,613.022,-75.8037,-60,0,0,0,0,early_warning_zone,19.7663,0
14,fence24,random_waypoint,3,560,520,194.402,809.002,20,13,750,450,15,661.511,-76.465,-60,0,0,0,0,early_warning_zone,19.7663,0
14,fence24,random_waypoint,3,560,520,194.402,809.002,20,14,750,350,15,720.692,-77.2092,-60,0,0,0,0,early_warning_zone,19.7663,0
14,fence24,random_waypoint,3,560,520,194.402,809.002,20,15,750,300,15,753.523,-77.5962,-60,0,0,0,0,early_warning_zone,19.7663,0
14,fence24,random_waypoint,3,560,520,194.402,809.002,20,16,700,300,15,717.452,-77.1701,-60,0,0,0,0,early_warning_zone,19.7663,0
14,fence24,random_waypoint,3,560,520,194.402,809.002,20,17,600,300,15,650.859,-76.324,-60,0,0,0,0,early_warning_zone,19.7663,0
14,fence24,random_waypoint,3,560,520,194.402,809.002,20,18,400,300,15,548.98,-74.8454,-60,0,0,0,0,early_warning_zone,19.7663,0
14,fence24,random_waypoint,3,560,520,194.402,809.002,20,19,300,300,15,519.865,-74.372,-60,0,0,0,0,early_warning_zone,19.7663,0
14,fence24,random_waypoint,3,560,520,194.402,809.002,20,20,300,500,15,326.586,-70.3342,-60,0,0,0,0,early_warning_zone,19.7663,0
14,fence24,random_waypoint,3,560,520,194.402,809.002,20,21,500,350,15,551.451,-74.8844,-60,0,0,0,0,early_warning_zone,19.7663,0
14,fence24,random_waypoint,3,560,520,194.402,809.002,20,22,700,500,15,592.568,-75.509,-60,0,0,0,0,early_warning_zone,19.7663,0
14,fence24,random_waypoint,3,560,520,194.402,809.002,20,23,500,650,15,344.524,-70.7986,-60,0,0,0,0,early_warning_zone,19.7663,0
15,fence24,random_waypoint,3,560,520,202.097,803.087,20,0,250,300,15,505.388,-74.1267,-60,0,0,0,0,early_warning_zone,18.7663,0
15,fence24,random_waypoint,3,560,520,202.097,803.087,20,1,250,350,15,455.64,-73.2267,-60,0,0,0,0,early_warning_zone,18.7663,0
15,fence24,random_waypoint,3,560,520,202.097,803.087,20,2,250,450,15,356.357,-71.0919,-60,0,0,0,0,early_warning_zone,18.7663,0
15,fence24,random_waypoint,3,560,520,202.097,803.087,20,3,250,550,15,257.629,-68.2741,-60,0,0,0,0,early_warning_zone,18.7663,0
15,fence24,random_waypoint,3,560,520,202.097,803.087,20,4,250,650,15,160.485,-64.1629,-60,0,0,0,0,early_warning_zone,18.7663,0
15,fence24,random_waypoint,3,560,520,202.097,803.087,20,5,250,700,15,113.784,-61.1758,-60,0,0,0,0,early_warning_zone,18.7663,0
15,fence24,random_waypoint,3,560,520,202.097,803.087,20,6,300,700,15,142.257,-63.1157,-60,0,0,0,0,early_warning_zone,18.7663,0
15,fence24,random_waypoint,3,560,520,202.097,803.087,20,7,400,700,15,223.199,-67.0281,-60,0,0,0,0,early_warning_zone,18.7663,0
15,fence24,random_waypoint,3,560,520,202.097,803.087,20,8,600,700,15,411.07,-72.3325,-60,0,0,0,0,early_warning_zone,18.7663,0
15,fence24,random_waypoint,3,560,520,202.097,803.087,20,9,700,700,15,508.487,-74.1798,-60,0,0,0,0,early_warning_zone,18.7663,0
15,fence24,random_waypoint,3,560,520,202.097,803.087,20,10,750,700,15,557.539,-74.9797,-60,0,0,0,0,early_warning_zone,18.7663,0
15,fence24,random_waypoint,3,560,520,202.097,803.087,20,11,750,650,15,568.91,-75.1551,-60,0,0,0,0,early_warning_zone,18.7663,0
15,fence24,random_waypoint,3,560,520,202.097,803.087,20,12,750,550,15,603.553,-75.6685,-60,0,0,0,0,early_warning_zone,18.7663,0
15,fence24,random_waypoint,3,560,520,202.097,803.087,20,13,750,450,15,651.838,-76.337,-60,0,0,0,0,early_warning_zone,18.7663,0
15,fence24,random_waypoint,3,560,520,202.097,803.087,20,14,750,350,15,710.993,-77.0915,-60,0,0,0,0,early_warning_zone,18.7663,0
15,fence24,random_waypoint,3,560,520,202.097,803.087,20,15,750,300,15,743.855,-77.484,-60,0,0,0,0,early_warning_zone,18.7663,0
15,fence24,random_waypoint,3,560,520,202.097,803.087,20,16,700,300,15,707.834,-77.0529,-60,0,0,0,0,early_warning_zone,18.7663,0
15,fence24,random_waypoint,3,560,520,202.097,803.087,20,17,600,300,15,641.443,-76.1974,-60,0,0,0,0,early_warning_zone,18.7663,0
15,fence24,random_waypoint,3,560,520,202.097,803.087,20,18,400,300,15,540.636,-74.7123,-60,0,0,0,0,early_warning_zone,18.7663,0
15,fence24,random_waypoint,3,560,520,202.097,803.087,20,19,300,300,15,512.549,-74.2489,-60,0,0,0,0,early_warning_zone,18.7663,0
15,fence24,random_waypoint,3,560,520,202.097,803.087,20,20,300,500,15,318.547,-70.1177,-60,0,0,0,0,early_warning_zone,18.7663,0
15,fence24,random_waypoint,3,560,520,202.097,803.087,20,21,500,350,15,542.272,-74.7386,-60,0,0,0,0,early_warning_zone,18.7663,0
15,fence24,random_waypoint,3,560,520,202.097,803.087,20,22,700,500,15,582.919,-75.3664,-60,0,0,0,0,early_warning_zone,18.7663,0
15,fence24,random_waypoint,3,560,520,202.097,803.087,20,23,500,650,15,334.973,-70.5544,-60,0,0,0,0,early_warning_zone,18.7663,0
16,fence24,random_waypoint,3,560,520,206.929,794.332,20,0,250,300,15,496.23,-73.9679,-60,0,0,0,0,early_warning_zone,17.7663,0
16,fence24,random_waypoint,3,560,520,206.929,794.332,20,1,250,350,15,446.443,-73.0495,-60,0,0,0,0,early_warning_zone,17.7663,0
16,fence24,random_waypoint,3,560,520,206.929,794.332,20,2,250,450,15,347.052,-70.8621,-60,0,0,0,0,early_warning_zone,17.7663,0
16,fence24,random_waypoint,3,560,520,206.929,794.332,20,3,250,550,15,248.15,-67.9485,-60,0,0,0,0,early_warning_zone,17.7663,0
16,fence24,random_waypoint,3,560,520,206.929,794.332,20,4,250,650,15,150.705,-63.6168,-60,0,0,0,0,early_warning_zone,17.7663,0
16,fence24,random_waypoint,3,560,520,206.929,794.332,20,5,250,700,15,103.82,-60.3799,-60,0,0,0,0,early_warning_zone,17.7663,0
16,fence24,random_waypoint,3,560,520,206.929,794.332,20,6,300,700,15,132.612,-62.5059,-60,0,0,0,0,early_warning_zone,17.7663,0
16,fence24,random_waypoint,3,560,520,206.929,794.332,20,7,400,700,15,214.942,-66.7007,-60,0,0,0,0,early_warning_zone,17.7663,0
16,fence24,random_waypoint,3,560,520,206.929,794.332,20,8,600,700,15,404.263,-72.1875,-60,0,0,0,0,early_warning_zone,17.7663,0
16,fence24,random_waypoint,3,560,520,206.929,794.332,20,9,700,700,15,502.039,-74.069,-60,0,0,0,0,early_warning_zone,17.7663,0
16,fence24,random_waypoint,3,560,520,206.929,794.332,20,10,750,700,15,551.226,-74.8808,-60,0,0,0,0,early_warning_zone,17.7663,0
16,fence24,random_waypoint,3,560,520,206.929,794.332,20,11,750,650,15,561.946,-75.0481,-60,0,0,0,0,early_warning_zone,17.7663,0
16,fence24,random_waypoint,3,560,520,206.929,794.332,20,12,750,550,15,595.525,-75.5522,-60,0,0,0,0,early_warning_zone,17.7663,0
16,fence24,random_waypoint,3,560,520,206.929,794.332,20,13,750,450,15,643.052,-76.2191,-60,0,0,0,0,early_warning_zone,17.7663,0
16,fence24,random_waypoint,3,560,520,206.929,794.332,20,14,750,350,15,701.7,-76.9773,-60,0,0,0,0,early_warning_zone,17.7663,0
16,fence24,random_waypoint,3,560,520,206.929,794.332,20,15,750,300,15,734.381,-77.3727,-60,0,0,0,0,early_warning_zone,17.7663,0
16,fence24,random_waypoint,3,560,520,206.929,794.332,20,16,700,300,15,698.218,-76.934,-60,0,0,0,0,early_warning_zone,17.7663,0
16,fence24,random_waypoint,3,560,520,206.929,794.332,20,17,600,300,15,631.581,-76.0628,-60,0,0,0,0,early_warning_zone,17.7663,0
16,fence24,random_waypoint,3,560,520,206.929,794.332,20,18,400,300,15,530.722,-74.5516,-60,0,0,0,0,early_warning_zone,17.7663,0
16,fence24,random_waypoint,3,560,520,206.929,794.332,20,19,300,300,15,503.042,-74.0863,-60,0,0,0,0,early_warning_zone,17.7663,0
16,fence24,random_waypoint,3,560,520,206.929,794.332,20,20,300,500,15,308.737,-69.846,-60,0,0,0,0,early_warning_zone,17.7663,0
16,fence24,random_waypoint,3,560,520,206.929,794.332,20,21,500,350,15,532.303,-74.5774,-60,0,0,0,0,early_warning_zone,17.7663,0
16,fence24,random_waypoint,3,560,520,206.929,794.332,20,22,700,500,15,574.261,-75.2364,-60,0,0,0,0,early_warning_zone,17.7663,0
16,fence24,random_waypoint,3,560,520,206.929,794.332,20,23,500,650,15,326.722,-70.3378,-60,0,0,0,0,early_warning_zone,17.7663,0
17,fence24,random_waypoint,3,560,520,211.76,785.577,20,0,250,300,15,487.106,-73.8067,-60,0,1,0,0,early_warning_zone,16.7663,0
17,fence24,random_waypoint,3,560,520,211.76,785.577,20,1,250,350,15,437.281,-72.8694,-60,0,1,0,0,early_warning_zone,16.7663,0
17,fence24,random_waypoint,3,560,520,211.76,785.577,20,2,250,450,15,337.786,-70.627,-60,0,1,0,0,early_warning_zone,16.7663,0
17,fence24,random_waypoint,3,560,520,211.76,785.577,20,3,250,550,15,238.713,-67.6117,-60,0,1,0,0,early_warning_zone,16.7663,0
17,fence24,random_waypoint,3,560,520,211.76,785.577,20,4,250,650,15,140.955,-63.0358,-60,0,1,0,0,early_warning_zone,16.7663,0
17,fence24,random_waypoint,3,560,520,211.76,785.577,20,5,250,700,15,93.8651,-59.5043,-60,1,1,0,0,early_warning_zone,16.7663,0
17,fence24,random_waypoint,3,560,520,211.76,785.577,20,6,300,700,15,123.023,-61.8539,-60,0,1,0,0,early_warning_zone,16.7663,0
17,fence24,random_waypoint,3,560,520,211.76,785.577,20,7,400,700,15,206.84,-66.3669,-60,0,1,0,0,early_warning_zone,16.7663,0
17,fence24,random_waypoint,3,560,520,211.76,785.577,20,8,600,700,15,397.591,-72.043,-60,0,1,0,0,early_warning_zone,16.7663,0
17,fence24,random_waypoint,3,560,520,211.76,785.577,20,9,700,700,15,495.708,-73.9587,-60,0,1,0,0,early_warning_zone,16.7663,0
17,fence24,random_waypoint,3,560,520,211.76,785.577,20,10,750,700,15,545.023,-74.7825,-60,0,1,0,0,early_warning_zone,16.7663,0
17,fence24,random_waypoint,3,560,520,211.76,785.577,20,11,750,650,15,555.075,-74.9413,-60,0,1,0,0,early_warning_zone,16.7663,0
17,fence24,random_waypoint,3,560,520,211.76,785.577,20,12,750,550,15,587.557,-75.4352,-60,0,1,0,0,early_warning_zone,16.7663,0
17,fence24,random_waypoint,3,560,520,211.76,785.577,20,13,750,450,15,634.302,-76.1001,-60,0,1,0,0,early_warning_zone,16.7663,0
17,fence24,random_waypoint,3,560,520,211.76,785.577,20,14,750,350,15,692.426,-76.8617,-60,0,1,0,0,early_warning_zone,16.7663,0
17,fence24,random_waypoint,3,560,520,211.76,785.577,20,15,750,300,15,724.922,-77.2601,-60,0,1,0,0,early_warning_zone,16.7663,0
17,fence24,random_waypoint,3,560,520,211.76,785.577,20,16,700,300,15,688.613,-76.8137,-60,0,1,0,0,early_warning_zone,16.7663,0
17,fence24,random_waypoint,3,560,520,211.76,785.577,20,17,600,300,15,621.723,-75.9262,-60,0,1,0,0,early_warning_zone,16.7663,0
17,fence24,random_waypoint,3,560,520,211.76,785.577,20,18,400,300,15,520.811,-74.3878,-60,0,1,0,0,early_warning_zone,16.7663,0
17,fence24,random_waypoint,3,560,520,211.76,785.577,20,19,300,300,15,493.555,-73.9209,-60,0,1,0,0,early_warning_zone,16.7663,0
17,fence24,random_waypoint,3,560,520,211.76,785.577,20,20,300,500,15,298.94,-69.5659,-60,0,1,0,0,early_warning_zone,16.7663,0
17,fence24,random_waypoint,3,560,520,211.76,785.577,20,21,500,350,15,522.335,-74.4132,-60,0,1,0,0,early_warning_zone,16.7663,0
17,fence24,random_waypoint,3,560,520,211.76,785.577,20,22,700,500,15,565.648,-75.1051,-60,0,1,0,0,early_warning_zone,16.7663,0
17,fence24,random_waypoint,3,560,520,211.76,785.577,20,23,500,650,15,318.572,-70.1184,-60,0,1,0,0,early_warning_zone,16.7663,0
18,fence24,random_waypoint,3,560,520,216.592,776.821,20,0,250,300,15,478.016,-73.6431,-60,0,1,0,0,early_warning_zone,15.7663,0
18,fence24,random_waypoint,3,560,520,216.592,776.821,20,1,250,350,15,428.156,-72.6863,-60,0,1,0,0,early_warning_zone,15.7663,0
18,fence24,random_waypoint,3,560,520,216.592,776.821,20,2,250,450,15,328.563,-70.3866,-60,0,1,0,0,early_warning_zone,15.7663,0
18,fence24,random_waypoint,3,560,520,216.592,776.821,20,3,250,550,15,229.323,-67.2632,-60,0,1,0,0,early_warning_zone,15.7663,0
18,fence24,random_waypoint,3,560,520,216.592,776.821,20,4,250,650,15,131.243,-62.4158,-60,0,1,0,0,early_warning_zone,15.7663,0
18,fence24,random_waypoint,3,560,520,216.592,776.821,20,5,250,700,15,83.9204,-58.5316,-60,1,1,0,0,early_warning_zone,15.7663,0
18,fence24,random_waypoint,3,560,520,216.592,776.821,20,6,300,700,15,113.505,-61.1546,-60,0,1,0,0,early_warning_zone,15.7663,0
18,fence24,random_waypoint,3,560,520,216.592,776.821,20,7,400,700,15,198.91,-66.0274,-60,0,1,0,0,early_warning_zone,15.7663,0
18,fence24,random_waypoint,3,560,520,216.592,776.821,20,8,600,700,15,391.061,-71.8991,-60,0,1,0,0,early_warning_zone,15.7663,0
18,fence24,random_waypoint,3,560,520,216.592,776.821,20,9,700,700,15,489.5,-73.8493,-60,0,1,0,0,early_warning_zone,15.7663,0
18,fence24,random_waypoint,3,560,520,216.592,776.821,20,10,750,700,15,538.935,-74.685,-60,0,1,0,0,early_warning_zone,15.7663,0
18,fence24,random_waypoint,3,560,520,216.592,776.821,20,11,750,650,15,548.3,-74.8346,-60,0,1,0,0,early_warning_zone,15.7663,0
18,fence24,random_waypoint,3,560,520,216.592,776.821,20,12,750,550,15,579.653,-75.3176,-60,0,1,0,0,early_warning_zone,15.7663,0
18,fence24,random_waypoint,3,560,520,216.592,776.821,20,13,750,450,15,625.589,-75.98,-60,0,1,0,0,early_warning_zone,15.7663,0
18,fence24,random_waypoint,3,560,520,216.592,776.821,20,14,750,350,15,683.173,-76.7448,-60,0,1,0,0,early_warning_zone,15.7663,0
18,fence24,random_waypoint,3,560,520,216.592,776.821,20,15,750,300,15,715.477,-77.1461,-60,0,1,0,0,early_warning_zone,15.7663,0
18,fence24,random_waypoint,3,560,520,216.592,776.821,20,16,700,300,15,679.019,-76.6919,-60,0,1,0,0,early_warning_zone,15.7663,0
18,fence24,random_waypoint,3,560,520,216.592,776.821,20,17,600,300,15,611.871,-75.7874,-60,0,1,0,0,early_warning_zone,15.7663,0
18,fence24,random_waypoint,3,560,520,216.592,776.821,20,18,400,300,15,510.903,-74.221,-60,0,1,0,0,early_warning_zone,15.7663,0
18,fence24,random_waypoint,3,560,520,216.592,776.821,20,19,300,300,15,484.087,-73.7527,-60,0,1,0,0,early_warning_zone,15.7663,0
18,fence24,random_waypoint,3,560,520,216.592,776.821,20,20,300,500,15,289.157,-69.2769,-60,0,1,0,0,early_warning_zone,15.7663,0
18,fence24,random_waypoint,3,560,520,216.592,776.821,20,21,500,350,15,512.369,-74.2459,-60,0,1,0,0,early_warning_zone,15.7663,0
18,fence24,random_waypoint,3,560,520,216.592,776.821,20,22,700,500,15,557.08,-74.9726,-60,0,1,0,0,early_warning_zone,15.7663,0
18,fence24,random_waypoint,3,560,520,216.592,776.821,20,23,500,650,15,310.53,-69.8963,-60,0,1,0,0,early_warning_zone,15.7663,0
19,fence24,random_waypoint,3,560,520,221.423,768.066,20,0,250,300,15,468.964,-73.477,-60,0,1,0,0,early_warning_zone,14.7663,0
19,fence24,random_waypoint,3,560,520,221.423,768.066,20,1,250,350,15,419.071,-72.5,-60,0,1,0,0,early_warning_zone,14.7663,0
19,fence24,random_waypoint,3,560,520,221.423,768.066,20,2,250,450,15,319.386,-70.1406,-60,0,1,0,0,early_warning_zone,14.7663,0
19,fence24,random_waypoint,3,560,520,221.423,768.066,20,3,250,550,15,219.987,-66.9022,-60,0,1,0,0,early_warning_zone,14.7663,0
19,fence24,random_waypoint,3,560,520,221.423,768.066,20,4,250,650,15,121.578,-61.7513,-60,0,1,0,0,early_warning_zone,14.7663,0
19,fence24,random_waypoint,3,560,520,221.423,768.066,20,5,250,700,15,73.9907,-57.4378,-60,1,1,0,0,early_warning_zone,14.7663,0
19,fence24,random_waypoint,3,560,520,221.423,768.066,20,6,300,700,15,104.078,-60.4014,-60,0,1,0,0,early_warning_zone,14.7663,0
19,fence24,random_waypoint,3,560,520,221.423,768.066,20,7,400,700,15,191.174,-65.6828,-60,0,1,0,0,early_warning_zone,14.7663,0
19,fence24,random_waypoint,3,560,520,221.423,768.066,20,8,600,700,15,384.68,-71.7562,-60,0,1,0,0,early_warning_zone,14.7663,0
19,fence24,random_waypoint,3,560,520,221.423,768.066,20,9,700,700,15,483.419,-73.7407,-60,0,1,0,0,early_warning_zone,14.7663,0
19,fence24,random_waypoint,3,560,520,221.423,768.066,20,10,750,700,15,532.965,-74.5882,-60,0,1,0,0,early_warning_zone,14.7663,0
19,fence24,random_waypoint,3,560,520,221.423,768.066,20,11,750,650,15,541.625,-74.7282,-60,0,1,0,0,early_warning_zone,14.7663,0
19,fence24,random_waypoint,3,560,520,221.423,768.066,20,12,750,550,15,571.814,-75.1993,-60,0,1,0,0,early_warning_zone,14.7663,0
19,fence24,random_waypoint,3,560,520,221.423,768.066,20,13,750,450,15,616.915,-75.8587,-60,0,1,0,0,early_warning_zone,14.7663,0
19,fence24,random_waypoint,3,560,520,221.423,768.066,20,14,750,350,15,673.942,-76.6267,-60,0,1,0,0,early_warning_zone,14.7663,0
19,fence24,random_waypoint,3,560,520,221.423,768.066,20,15,750,300,15,706.048,-77.0309,-60,0,1,0,0,early_warning_zone,14.7663,0
19,fence24,random_waypoint,3,560,520,221.423,768.066,20,16,700,300,15,669.437,-76.5684,-60,0,1,0,0,early_warning_zone,14.7663,0
19,fence24,random_waypoint,3,560,520,221.423,768.066,20,17,600,300,15,602.023,-75.6465,-60,0,1,0,0,early_warning_zone,14.7663,0
19,fence24,random_waypoint,3,560,520,221.423,768.066,20,18,400,300,15,500.999,-74.051,-60,0,1,0,0,early_warning_zone,14.7663,0
19,fence24,random_waypoint,3,560,520,221.423,768.066,20,19,300,300,15,474.642,-73.5816,-60,0,1,0,0,early_warning_zone,14.7663,0
19,fence24,random_waypoint,3,560,520,221.423,768.066,20,20,300,500,15,279.39,-68.9784,-60,0,1,0,0,early_warning_zone,14.7663,0
19,fence24,random_waypoint,3,560,520,221.423,768.066,20,21,500,350,15,502.403,-74.0753,-60,0,1,0,0,early_warning_zone,14.7663,0
19,fence24,random_waypoint,3,560,520,221.423,768.066,20,22,700,500,15,548.562,-74.8387,-60,0,1,0,0,early_warning_zone,14.7663,0
19,fence24,random_waypoint,3,560,520,221.423,768.066,20,23,500,650,15,302.605,-69.6717,-60,0,1,0,0,early_warning_zone,14.7663,0
20,fence24,random_waypoint,3,560,520,226.255,759.311,20,0,250,300,15,459.951,-73.3085,-60,0,2,1,0,early_warning_zone,13.7663,1
20,fence24,random_waypoint,3,560,520,226.255,759.311,20,1,250,350,15,410.029,-72.3105,-60,0,2,1,0,early_warning_zone,13.7663,1
20,fence24,random_waypoint,3,560,520,226.255,759.311,20,2,250,450,15,310.261,-69.8888,-60,0,2,1,0,early_warning_zone,13.7663,1
20,fence24,random_waypoint,3,560,520,226.255,759.311,20,3,250,550,15,210.713,-66.528,-60,0,2,1,0,early_warning_zone,13.7663,1
20,fence24,random_waypoint,3,560,520,226.255,759.311,20,4,250,650,15,111.972,-61.0364,-60,0,2,1,0,early_warning_zone,13.7663,1
20,fence24,random_waypoint,3,560,520,226.255,759.311,20,5,250,700,15,64.0827,-56.189,-60,1,2,1,0,early_warning_zone,13.7663,1
20,fence24,random_waypoint,3,560,520,226.255,759.311,20,6,300,700,15,94.7687,-59.5875,-60,1,2,1,0,early_warning_zone,13.7663,1
20,fence24,random_waypoint,3,560,520,226.255,759.311,20,7,400,700,15,183.658,-65.3344,-60,0,2,1,0,early_warning_zone,13.7663,1
20,fence24,random_waypoint,3,560,520,226.255,759.311,20,8,600,700,15,378.455,-71.6145,-60,0,2,1,0,early_warning_zone,13.7663,1
20,fence24,random_waypoint,3,560,520,226.255,759.311,20,9,700,700,15,477.47,-73.6331,-60,0,2,1,0,early_warning_zone,13.7663,1
20,fence24,random_waypoint,3,560,520,226.255,759.311,20,10,750,700,15,527.116,-74.4924,-60,0,2,1,0,early_warning_zone,13.7663,1
20,fence24,random_waypoint,3,560,520,226.255,759.311,20,11,750,650,15,535.054,-74.6222,-60,0,2,1,0,early_warning_zone,13.7663,1
20,fence24,random_waypoint,3,560,520,226.255,759.311,20,12,750,550,15,564.043,-75.0805,-60,0,2,1,0,early_warning_zone,13.7663,1
20,fence24,random_waypoint,3,560,520,226.255,759.311,20,13,750,450,15,608.282,-75.7363,-60,0,2,1,0,early_warning_zone,13.7663,1
20,fence24,random_waypoint,3,560,520,226.255,759.311,20,14,750,350,15,664.732,-76.5072,-60,0,2,1,0,early_warning_zone,13.7663,1
20,fence24,random_waypoint,3,560,520,226.255,759.311,20,15,750,300,15,696.635,-76.9143,-60,0,2,1,0,early_warning_zone,13.7663,1
20,fence24,random_waypoint,3,560,520,226.255,759.311,20,16,700,300,15,659.868,-76.4434,-60,0,2,1,0,early_warning_zone,13.7663,1
20,fence24,random_waypoint,3,560,520,226.255,759.311,20,17,600,300,15,592.18,-75.5033,-60,0,2,1,0,early_warning_zone,13.7663,1
20,fence24,random_waypoint,3,560,520,226.255,759.311,20,18,400,300,15,491.099,-73.8776,-60,0,2,1,0,early_warning_zone,13.7663,1
20,fence24,random_waypoint,3,560,520,226.255,759.311,20,19,300,300,15,465.22,-73.4074,-60,0,2,1,0,early_warning_zone,13.7663,1
20,fence24,random_waypoint,3,560,520,226.255,759.311,20,20,300,500,15,269.639,-68.6699,-60,0,2,1,0,early_warning_zone,13.7663,1
20,fence24,random_waypoint,3,560,520,226.255,759.311,20,21,500,350,15,492.44,-73.9013,-60,0,2,1,0,early_warning_zone,13.7663,1
20,fence24,random_waypoint,3,560,520,226.255,759.311,20,22,700,500,15,540.094,-74.7036,-60,0,2,1,0,early_warning_zone,13.7663,1
20,fence24,random_waypoint,3,560,520,226.255,759.311,20,23,500,650,15,294.805,-69.4449,-60,0,2,1,0,early_warning_zone,13.7663,1
21,fence24,random_waypoint,3,560,520,231.086,750.555,20,0,250,300,15,450.98,-73.1374,-60,0,2,1,0,early_warning_zone,12.7663,1
21,fence24,random_waypoint,3,560,520,231.086,750.555,20,1,250,350,15,401.033,-72.1178,-60,0,2,1,0,early_warning_zone,12.7663,1
21,fence24,random_waypoint,3,560,520,231.086,750.555,20,2,250,450,15,301.191,-69.6311,-60,0,2,1,0,early_warning_zone,12.7663,1
21,fence24,random_waypoint,3,560,520,231.086,750.555,20,3,250,550,15,201.507,-66.14,-60,0,2,1,0,early_warning_zone,12.7663,1
21,fence24,random_waypoint,3,560,520,231.086,750.555,20,4,250,650,15,102.441,-60.2637,-60,0,2,1,0,early_warning_zone,12.7663,1
21,fence24,random_waypoint,3,560,520,231.086,750.555,20,5,250,700,15,54.2086,-54.7356,-60,1,2,1,0,early_warning_zone,12.7663,1
21,fence24,random_waypoint,3,560,520,231.086,750.555,20,6,300,700,15,85.615,-58.7052,-60,1,2,1,0,early_warning_zone,12.7663,1
21,fence24,random_waypoint,3,560,520,231.086,750.555,20,7,400,700,15,176.388,-64.9836,-60,0,2,1,0,early_warning_zone,12.7663,1
21,fence24,random_waypoint,3,560,520,231.086,750.555,20,8,600,700,15,372.395,-71.4743,-60,0,2,1,0,early_warning_zone,12.7663,1
21,fence24,random_waypoint,3,560,520,231.086,750.555,20,9,700,700,15,471.658,-73.5268,-60,0,2,1,0,early_warning_zone,12.7663,1
21,fence24,random_waypoint,3,560,520,231.086,750.555,20,10,750,700,15,521.395,-74.3976,-60,0,2,1,0,early_warning_zone,12.7663,1
21,fence24,random_waypoint,3,560,520,231.086,750.555,20,11,750,650,15,528.59,-74.5166,-60,0,2,1,0,early_warning_zone,12.7663,1
21,fence24,random_waypoint,3,560,520,231.086,750.555,20,12,750,550,15,556.344,-74.9611,-60,0,2,1,0,early_warning_zone,12.7663,1
21,fence24,random_waypoint,3,560,520,231.086,750.555,20,13,750,450,15,599.692,-75.6128,-60,0,2,1,0,early_warning_zone,12.7663,1
21,fence24,random_waypoint,3,560,520,231.086,750.555,20,14,750,350,15,655.546,-76.3863,-60,0,2,1,0,early_warning_zone,12.7663,1
21,fence24,random_waypoint,3,560,520,231.086,750.555,20,15,750,300,15,687.238,-76.7964,-60,0,2,1,0,early_warning_zone,12.7663,1
21,fence24,random_waypoint,3,560,520,231.086,750.555,20,16,700,300,15,650.312,-76.3167,-60,0,2,1,0,early_warning_zone,12.7663,1
21,fence24,random_waypoint,3,560,520,231.086,750.555,20,17,600,300,15,582.342,-75.3578,-60,0,2,1,0,early_warning_zone,12.7663,1
21,fence24,random_waypoint,3,560,520,231.086,750.555,20,18,400,300,15,481.204,-73.7008,-60,0,2,1,0,early_warning_zone,12.7663,1
21,fence24,random_waypoint,3,560,520,231.086,750.555,20,19,300,300,15,455.823,-73.2301,-60,0,2,1,0,early_warning_zone,12.7663,1
21,fence24,random_waypoint,3,560,520,231.086,750.555,20,20,300,500,15,259.908,-68.3506,-60,0,2,1,0,early_warning_zone,12.7663,1
21,fence24,random_waypoint,3,560,520,231.086,750.555,20,21,500,350,15,482.477,-73.7238,-60,0,2,1,0,early_warning_zone,12.7663,1
21,fence24,random_waypoint,3,560,520,231.086,750.555,20,22,700,500,15,531.679,-74.5672,-60,0,2,1,0,early_warning_zone,12.7663,1
21,fence24,random_waypoint,3,560,520,231.086,750.555,20,23,500,650,15,287.143,-69.2162,-60,0,2,1,0,early_warning_zone,12.7663,1
22,fence24,random_waypoint,3,560,520,235.918,741.8,20,0,250,300,15,442.053,-72.9637,-60,0,3,1,0,approach_zone,11.7663,1
22,fence24,random_waypoint,3,560,520,235.918,741.8,20,1,250,350,15,392.085,-71.9218,-60,0,3,1,0,approach_zone,11.7663,1
22,fence24,random_waypoint,3,560,520,235.918,741.8,20,2,250,450,15,292.182,-69.3673,-60,0,3,1,0,approach_zone,11.7663,1
22,fence24,random_waypoint,3,560,520,235.918,741.8,20,3,250,550,15,192.381,-65.7375,-60,0,3,1,0,approach_zone,11.7663,1
22,fence24,random_waypoint,3,560,520,235.918,741.8,20,4,250,650,15,93.0083,-59.4247,-60,1,3,1,0,approach_zone,11.7663,1
22,fence24,random_waypoint,3,560,520,235.918,741.8,20,5,250,700,15,44.3908,-53.0001,-60,1,3,1,0,approach_zone,11.7663,1
22,fence24,random_waypoint,3,560,520,235.918,741.8,20,6,300,700,15,76.6731,-57.7471,-60,1,3,1,0,approach_zone,11.7663,1
22,fence24,random_waypoint,3,560,520,235.918,741.8,20,7,400,700,15,169.397,-64.6323,-60,0,3,1,0,approach_zone,11.7663,1
22,fence24,random_waypoint,3,560,520,235.918,741.8,20,8,600,700,15,366.508,-71.3359,-60,0,3,1,0,approach_zone,11.7663,1
22,fence24,random_waypoint,3,560,520,235.918,741.8,20,9,700,700,15,465.988,-73.4217,-60,0,3,1,0,approach_zone,11.7663,1
22,fence24,random_waypoint,3,560,520,235.918,741.8,20,10,750,700,15,515.803,-74.3039,-60,0,3,1,0,approach_zone,11.7663,1
22,fence24,random_waypoint,3,560,520,235.918,741.8,20,11,750,650,15,522.238,-74.4116,-60,0,3,1,0,approach_zone,11.7663,1
22,fence24,random_waypoint,3,560,520,235.918,741.8,20,12,750,550,15,548.719,-74.8412,-60,0,3,1,0,approach_zone,11.7663,1
22,fence24,random_waypoint,3,560,520,235.918,741.8,20,13,750,450,15,591.145,-75.4881,-60,0,3,1,0,approach_zone,11.7663,1
22,fence24,random_waypoint,3,560,520,235.918,741.8,20,14,750,350,15,646.384,-76.264,-60,0,3,1,0,approach_zone,11.7663,1
22,fence24,random_waypoint,3,560,520,235.918,741.8,20,15,750,300,15,677.859,-76.677,-60,0,3,1,0,approach_zone,11.7663,1
22,fence24,random_waypoint,3,560,520,235.918,741.8,20,16,700,300,15,640.769,-76.1882,-60,0,3,1,0,approach_zone,11.7663,1
22,fence24,random_waypoint,3,560,520,235.918,741.8,20,17,600,300,15,572.51,-75.2099,-60,0,3,1,0,approach_zone,11.7663,1
22,fence24,random_waypoint,3,560,520,235.918,741.8,20,18,400,300,15,471.312,-73.5204,-60,0,3,1,0,approach_zone,11.7663,1
22,fence24,random_waypoint,3,560,520,235.918,741.8,20,19,300,300,15,446.451,-73.0497,-60,0,3,1,0,approach_zone,11.7663,1
22,fence24,random_waypoint,3,560,520,235.918,741.8,20,20,300,500,15,250.197,-68.0199,-60,0,3,1,0,approach_zone,11.7663,1
22,fence24,random_waypoint,3,560,520,235.918,741.8,20,21,500,350,15,472.516,-73.5426,-60,0,3,1,0,approach_zone,11.7663,1
22,fence24,random_waypoint,3,560,520,235.918,741.8,20,22,700,500,15,523.321,-74.4296,-60,0,3,1,0,approach_zone,11.7663,1
22,fence24,random_waypoint,3,560,520,235.918,741.8,20,23,500,650,15,279.628,-68.9858,-60,0,3,1,0,approach_zone,11.7663,1
23,fence24,random_waypoint,3,560,520,240.749,733.045,20,0,250,300,15,433.172,-72.7874,-60,0,3,1,0,approach_zone,10.7663,1
23,fence24,random_waypoint,3,560,520,240.749,733.045,20,1,250,350,15,383.189,-71.7225,-60,0,3,1,0,approach_zone,10.7663,1
23,fence24,random_waypoint,3,560,520,240.749,733.045,20,2,250,450,15,283.24,-69.0973,-60,0,3,1,0,approach_zone,10.7663,1
23,fence24,random_waypoint,3,560,520,240.749,733.045,20,3,250,550,15,183.346,-65.3197,-60,0,3,1,0,approach_zone,10.7663,1
23,fence24,random_waypoint,3,560,520,240.749,733.045,20,4,250,650,15,83.7077,-58.5095,-60,1,3,1,0,approach_zone,10.7663,1
23,fence24,random_waypoint,3,560,520,240.749,733.045,20,5,250,700,15,34.6774,-50.8552,-60,1,3,1,0,approach_zone,10.7663,1
23,fence24,random_waypoint,3,560,520,240.749,733.045,20,6,300,700,15,68.0263,-56.7078,-60,1,3,1,0,approach_zone,10.7663,1
23,fence24,random_waypoint,3,560,520,240.749,733.045,20,7,400,700,15,162.72,-64.283,-60,0,3,1,0,approach_zone,10.7663,1
23,fence24,random_waypoint,3,560,520,240.749,733.045,20,8,600,700,15,360.802,-71.1996,-60,0,3,1,0,approach_zone,10.7663,1
23,fence24,random_waypoint,3,560,520,240.749,733.045,20,9,700,700,15,460.465,-73.3182,-60,0,3,1,0,approach_zone,10.7663,1
23,fence24,random_waypoint,3,560,520,240.749,733.045,20,10,750,700,15,510.346,-74.2115,-60,0,3,1,0,approach_zone,10.7663,1
23,fence24,random_waypoint,3,560,520,240.749,733.045,20,11,750,650,15,516.002,-74.3072,-60,0,3,1,0,approach_zone,10.7663,1
23,fence24,random_waypoint,3,560,520,240.749,733.045,20,12,750,550,15,541.171,-74.7209,-60,0,3,1,0,approach_zone,10.7663,1
23,fence24,random_waypoint,3,560,520,240.749,733.045,20,13,750,450,15,582.645,-75.3623,-60,0,3,1,0,approach_zone,10.7663,1
23,fence24,random_waypoint,3,560,520,240.749,733.045,20,14,750,350,15,637.247,-76.1404,-60,0,3,1,0,approach_zone,10.7663,1
23,fence24,random_waypoint,3,560,520,240.749,733.045,20,15,750,300,15,668.497,-76.5562,-60,0,3,1,0,approach_zone,10.7663,1
23,fence24,random_waypoint,3,560,520,240.749,733.045,20,16,700,300,15,631.24,-76.0581,-60,0,3,1,0,approach_zone,10.7663,1
23,fence24,random_waypoint,3,560,520,240.749,733.045,20,17,600,300,15,562.684,-75.0595,-60,0,3,1,0,approach_zone,10.7663,1
23,fence24,random_waypoint,3,560,520,240.749,733.045,20,18,400,300,15,461.425,-73.3363,-60,0,3,1,0,approach_zone,10.7663,1
23,fence24,random_waypoint,3,560,520,240.749,733.045,20,19,300,300,15,437.108,-72.866,-60,0,3,1,0,approach_zone,10.7663,1
23,fence24,random_waypoint,3,560,520,240.749,733.045,20,20,300,500,15,240.511,-67.6769,-60,0,3,1,0,approach_zone,10.7663,1
23,fence24,random_waypoint,3,560,520,240.749,733.045,20,21,500,350,15,462.557,-73.3575,-60,0,3,1,0,approach_zone,10.7663,1
23,fence24,random_waypoint,3,560,520,240.749,733.045,20,22,700,500,15,515.02,-74.2907,-60,0,3,1,0,approach_zone,10.7663,1
23,fence24,random_waypoint,3,560,520,240.749,733.045,20,23,500,650,15,272.272,-68.7543,-60,0,3,1,0,approach_zone,10.7663,1
24,fence24,random_waypoint,3,560,520,245.581,724.289,20,0,250,300,15,424.342,-72.6085,-60,0,3,1,0,approach_zone,9.76633,1
24,fence24,random_waypoint,3,560,520,245.581,724.289,20,1,250,350,15,374.349,-71.5198,-60,0,3,1,0,approach_zone,9.76633,1
24,fence24,random_waypoint,3,560,520,245.581,724.289,20,2,250,450,15,274.37,-68.821,-60,0,3,1,0,approach_zone,9.76633,1
24,fence24,random_waypoint,3,560,520,245.581,724.289,20,3,250,550,15,174.417,-64.886,-60,0,3,1,0,approach_zone,9.76633,1
24,fence24,random_waypoint,3,560,520,245.581,724.289,20,4,250,650,15,74.5884,-57.5076,-60,1,3,1,0,approach_zone,9.76633,1
24,fence24,random_waypoint,3,560,520,245.581,724.289,20,5,250,700,15,25.1892,-48.0785,-60,1,3,1,0,approach_zone,9.76633,1
24,fence24,random_waypoint,3,560,520,245.581,724.289,20,6,300,700,15,59.803,-55.5887,-60,1,3,1,0,approach_zone,9.76633,1
24,fence24,random_waypoint,3,560,520,245.581,724.289,20,7,400,700,15,156.398,-63.9388,-60,0,3,1,0,approach_zone,9.76633,1
24,fence24,random_waypoint,3,560,520,245.581,724.289,20,8,600,700,15,355.286,-71.0658,-60,0,3,1,0,approach_zone,9.76633,1
24,fence24,random_waypoint,3,560,520,245.581,724.289,20,9,700,700,15,455.095,-73.2163,-60,0,3,1,0,approach_zone,9.76633,1
24,fence24,random_waypoint,3,560,520,245.581,724.289,20,10,750,700,15,505.028,-74.1205,-60,0,3,1,0,approach_zone,9.76633,1
24,fence24,random_waypoint,3,560,520,245.581,724.289,20,11,750,650,15,509.885,-74.2037,-60,0,3,1,0,approach_zone,9.76633,1
24,fence24,random_waypoint,3,560,520,245.581,724.289,20,12,750,550,15,533.704,-74.6002,-60,0,3,1,0,approach_zone,9.76633,1
24,fence24,random_waypoint,3,560,520,245.581,724.289,20,13,750,450,15,574.194,-75.2354,-60,0,3,1,0,approach_zone,9.76633,1
24,fence24,random_waypoint,3,560,520,245.581,724.289,20,14,750,350,15,628.137,-76.0153,-60,0,3,1,0,approach_zone,9.76633,1
24,fence24,random_waypoint,3,560,520,245.581,724.289,20,15,750,300,15,659.155,-76.434,-60,0,3,1,0,approach_zone,9.76633,1
24,fence24,random_waypoint,3,560,520,245.581,724.289,20,16,700,300,15,621.726,-75.9262,-60,0,3,1,0,approach_zone,9.76633,1
24,fence24,random_waypoint,3,560,520,245.581,724.289,20,17,600,300,15,552.865,-74.9066,-60,0,3,1,0,approach_zone,9.76633,1
24,fence24,random_waypoint,3,560,520,245.581,724.289,20,18,400,300,15,451.544,-73.1482,-60,0,3,1,0,approach_zone,9.76633,1
24,fence24,random_waypoint,3,560,520,245.581,724.289,20,19,300,300,15,427.794,-72.6789,-60,0,3,1,0,approach_zone,9.76633,1
24,fence24,random_waypoint,3,560,520,245.581,724.289,20,20,300,500,15,230.851,-67.3209,-60,0,3,1,0,approach_zone,9.76633,1
24,fence24,random_waypoint,3,560,520,245.581,724.289,20,21,500,350,15,452.6,-73.1685,-60,0,3,1,0,approach_zone,9.76633,1
24,fence24,random_waypoint,3,560,520,245.581,724.289,20,22,700,500,15,506.781,-74.1506,-60,0,3,1,0,approach_zone,9.76633,1
24,fence24,random_waypoint,3,560,520,245.581,724.289,20,23,500,650,15,265.09,-68.5221,-60,0,3,1,0,approach_zone,9.76633,1
25,fence24,random_waypoint,3,560,520,250.412,715.534,20,0,250,300,15,415.564,-72.427,-60,0,3,1,0,approach_zone,8.76633,1
25,fence24,random_waypoint,3,560,520,250.412,715.534,20,1,250,350,15,365.568,-71.3136,-60,0,3,1,0,approach_zone,8.76633,1
25,fence24,random_waypoint,3,560,520,250.412,715.534,20,2,250,450,15,265.581,-68.5382,-60,0,3,1,0,approach_zone,8.76633,1
25,fence24,random_waypoint,3,560,520,250.412,715.534,20,3,250,550,15,165.61,-64.436,-60,0,3,1,0,approach_zone,8.76633,1
25,fence24,random_waypoint,3,560,520,250.412,715.534,20,4,250,650,15,65.7257,-56.4089,-60,1,3,1,0,approach_zone,8.76633,1
25,fence24,random_waypoint,3,560,520,250.412,715.534,20,5,250,700,15,16.324,-44.3108,-60,1,3,1,0,approach_zone,8.76633,1
25,fence24,random_waypoint,3,560,520,250.412,715.534,20,6,300,700,15,52.2037,-54.4082,-60,1,3,1,0,approach_zone,8.76633,1
25,fence24,random_waypoint,3,560,520,250.412,715.534,20,7,400,700,15,150.475,-63.6035,-60,0,3,1,0,approach_zone,8.76633,1
25,fence24,random_waypoint,3,560,520,250.412,715.534,20,8,600,700,15,349.968,-70.9348,-60,0,3,1,0,approach_zone,8.76633,1
25,fence24,random_waypoint,3,560,520,250.412,715.534,20,9,700,700,15,449.884,-73.1162,-60,0,3,1,0,approach_zone,8.76633,1
25,fence24,random_waypoint,3,560,520,250.412,715.534,20,10,750,700,15,499.854,-74.0311,-60,0,3,1,0,approach_zone,8.76633,1
25,fence24,random_waypoint,3,560,520,250.412,715.534,20,11,750,650,15,503.892,-74.101,-60,0,3,1,0,approach_zone,8.76633,1
25,fence24,random_waypoint,3,560,520,250.412,715.534,20,12,750,550,15,526.321,-74.4792,-60,0,3,1,0,approach_zone,8.76633,1
25,fence24,random_waypoint,3,560,520,250.412,715.534,20,13,750,450,15,565.792,-75.1074,-60,0,3,1,0,approach_zone,8.76633,1
25,fence24,random_waypoint,3,560,520,250.412,715.534,20,14,750,350,15,619.054,-75.8888,-60,0,3,1,0,approach_zone,8.76633,1
25,fence24,random_waypoint,3,560,520,250.412,715.534,20,15,750,300,15,649.832,-76.3102,-60,0,3,1,0,approach_zone,8.76633,1
25,fence24,random_waypoint,3,560,520,250.412,715.534,20,16,700,300,15,612.227,-75.7925,-60,0,3,1,0,approach_zone,8.76633,1
25,fence24,random_waypoint,3,560,520,250.412,715.534,20,17,600,300,15,543.051,-74.751,-60,0,3,1,0,approach_zone,8.76633,1
25,fence24,random_waypoint,3,560,520,250.412,715.534,20,18,400,300,15,441.667,-72.9561,-60,0,3,1,0,approach_zone,8.76633,1
25,fence24,random_waypoint,3,560,520,250.412,715.534,20,19,300,300,15,418.512,-72.4884,-60,0,3,1,0,approach_zone,8.76633,1
25,fence24,random_waypoint,3,560,520,250.412,715.534,20,20,300,500,15,221.221,-66.9508,-60,0,3,1,0,approach_zone,8.76633,1
25,fence24,random_waypoint,3,560,520,250.412,715.534,20,21,500,350,15,442.644,-72.9753,-60,0,3,1,0,approach_zone,8.76633,1
25,fence24,random_waypoint,3,560,520,250.412,715.534,20,22,700,500,15,498.607,-74.0094,-60,0,3,1,0,approach_zone,8.76633,1
25,fence24,random_waypoint,3,560,520,250.412,715.534,20,23,500,650,15,258.096,-68.2899,-60,0,3,1,0,approach_zone,8.76633,1
26,fence24,random_waypoint,3,560,520,255.244,706.779,20,0,250,300,15,406.843,-72.2428,-60,0,3,1,0,approach_zone,7.76633,1
26,fence24,random_waypoint,3,560,520,255.244,706.779,20,1,250,350,15,356.852,-71.104,-60,0,3,1,0,approach_zone,7.76633,1
26,fence24,random_waypoint,3,560,520,255.244,706.779,20,2,250,450,15,256.881,-68.2489,-60,0,3,1,0,approach_zone,7.76633,1
26,fence24,random_waypoint,3,560,520,255.244,706.779,20,3,250,550,15,156.946,-63.9692,-60,0,3,1,0,approach_zone,7.76633,1
26,fence24,random_waypoint,3,560,520,255.244,706.779,20,4,250,650,15,57.239,-55.2081,-60,1,3,1,0,approach_zone,7.76633,1
26,fence24,random_waypoint,3,560,520,255.244,706.779,20,5,250,700,15,9.92213,-39.9863,-60,1,3,1,0,approach_zone,7.76633,1
26,fence24,random_waypoint,3,560,520,255.244,706.779,20,6,300,700,15,45.5417,-53.2224,-60,1,3,1,0,approach_zone,7.76633,1
26,fence24,random_waypoint,3,560,520,255.244,706.779,20,7,400,700,15,145.001,-63.2816,-60,0,3,1,0,approach_zone,7.76633,1
26,fence24,random_waypoint,3,560,520,255.244,706.779,20,8,600,700,15,344.859,-70.8071,-60,0,3,1,0,approach_zone,7.76633,1
26,fence24,random_waypoint,3,560,520,255.244,706.779,20,9,700,700,15,444.836,-73.0182,-60,0,3,1,0,approach_zone,7.76633,1
26,fence24,random_waypoint,3,560,520,255.244,706.779,20,10,750,700,15,494.828,-73.9433,-60,0,3,1,0,approach_zone,7.76633,1
26,fence24,random_waypoint,3,560,520,255.244,706.779,20,11,750,650,15,498.028,-73.9993,-60,0,3,1,0,approach_zone,7.76633,1
26,fence24,random_waypoint,3,560,520,255.244,706.779,20,12,750,550,15,519.026,-74.358,-60,0,3,1,0,approach_zone,7.76633,1
26,fence24,random_waypoint,3,560,520,255.244,706.779,20,13,750,450,15,557.444,-74.9782,-60,0,3,1,0,approach_zone,7.76633,1
26,fence24,random_waypoint,3,560,520,255.244,706.779,20,14,750,350,15,610,-75.7608,-60,0,3,1,0,approach_zone,7.76633,1
26,fence24,random_waypoint,3,560,520,255.244,706.779,20,15,750,300,15,640.529,-76.185,-60,0,3,1,0,approach_zone,7.76633,1
26,fence24,random_waypoint,3,560,520,255.244,706.779,20,16,700,300,15,602.745,-75.6569,-60,0,3,1,0,approach_zone,7.76633,1
26,fence24,random_waypoint,3,560,520,255.244,706.779,20,17,600,300,15,533.245,-74.5928,-60,0,3,1,0,approach_zone,7.76633,1
26,fence24,random_waypoint,3,560,520,255.244,706.779,20,18,400,300,15,431.796,-72.7598,-60,0,3,1,0,approach_zone,7.76633,1
26,fence24,random_waypoint,3,560,520,255.244,706.779,20,19,300,300,15,409.264,-72.2943,-60,0,3,1,0,approach_zone,7.76633,1
26,fence24,random_waypoint,3,560,520,255.244,706.779,20,20,300,500,15,211.626,-66.5656,-60,0,3,1,0,approach_zone,7.76633,1
26,fence24,random_waypoint,3,560,520,255.244,706.779,20,21,500,350,15,432.691,-72.7778,-60,0,3,1,0,approach_zone,7.76633,1
26,fence24,random_waypoint,3,560,520,255.244,706.779,20,22,700,500,15,490.5,-73.867,-60,0,3,1,0,approach_zone,7.76633,1
26,fence24,random_waypoint,3,560,520,255.244,706.779,20,23,500,650,15,251.305,-68.0583,-60,0,3,1,0,approach_zone,7.76633,1
27,fence24,random_waypoint,3,560,520,260.076,698.023,20,0,250,300,15,398.182,-72.0559,-60,0,3,1,0,approach_zone,6.76633,1
27,fence24,random_waypoint,3,560,520,260.076,698.023,20,1,250,350,15,348.205,-70.8909,-60,0,3,1,0,approach_zone,6.76633,1
27,fence24,random_waypoint,3,560,520,260.076,698.023,20,2,250,450,15,248.278,-67.953,-60,0,3,1,0,approach_zone,6.76633,1
27,fence24,random_waypoint,3,560,520,260.076,698.023,20,3,250,550,15,148.45,-63.4858,-60,0,3,1,0,approach_zone,6.76633,1
27,fence24,random_waypoint,3,560,520,260.076,698.023,20,4,250,650,15,49.3229,-53.9152,-60,1,3,1,0,approach_zone,6.76633,1
27,fence24,random_waypoint,3,560,520,260.076,698.023,20,5,250,700,15,11.4204,-41.2078,-60,1,3,1,0,approach_zone,6.76633,1
27,fence24,random_waypoint,3,560,520,260.076,698.023,20,6,300,700,15,40.2849,-52.1571,-60,1,3,1,0,approach_zone,6.76633,1
27,fence24,random_waypoint,3,560,520,260.076,698.023,20,7,400,700,15,140.028,-62.9785,-60,0,3,1,0,approach_zone,6.76633,1
27,fence24,random_waypoint,3,560,520,260.076,698.023,20,8,600,700,15,339.967,-70.683,-60,0,3,1,0,approach_zone,6.76633,1
27,fence24,random_waypoint,3,560,520,260.076,698.023,20,9,700,700,15,439.957,-72.9224,-60,0,3,1,0,approach_zone,6.76633,1
27,fence24,random_waypoint,3,560,520,260.076,698.023,20,10,750,700,15,489.954,-73.8573,-60,0,3,1,0,approach_zone,6.76633,1
27,fence24,random_waypoint,3,560,520,260.076,698.023,20,11,750,650,15,492.298,-73.8988,-60,0,3,1,0,approach_zone,6.76633,1
27,fence24,random_waypoint,3,560,520,260.076,698.023,20,12,750,550,15,511.822,-74.2366,-60,0,3,1,0,approach_zone,6.76633,1
27,fence24,random_waypoint,3,560,520,260.076,698.023,20,13,750,450,15,549.151,-74.8481,-60,0,3,1,0,approach_zone,6.76633,1
27,fence24,random_waypoint,3,560,520,260.076,698.023,20,14,750,350,15,600.975,-75.6314,-60,0,3,1,0,approach_zone,6.76633,1
27,fence24,random_waypoint,3,560,520,260.076,698.023,20,15,750,300,15,631.248,-76.0582,-60,0,3,1,0,approach_zone,6.76633,1
27,fence24,random_waypoint,3,560,520,260.076,698.023,20,16,700,300,15,593.28,-75.5194,-60,0,3,1,0,approach_zone,6.76633,1
27,fence24,random_waypoint,3,560,520,260.076,698.023,20,17,600,300,15,523.446,-74.4317,-60,0,3,1,0,approach_zone,6.76633,1
27,fence24,random_waypoint,3,560,520,260.076,698.023,20,18,400,300,15,421.932,-72.5591,-60,0,3,1,0,approach_zone,6.76633,1
27,fence24,random_waypoint,3,560,520,260.076,698.023,20,19,300,300,15,400.052,-72.0965,-60,0,3,1,0,approach_zone,6.76633,1
27,fence24,random_waypoint,3,560,520,260.076,698.023,20,20,300,500,15,202.07,-66.1642,-60,0,3,1,0,approach_zone,6.76633,1
27,fence24,random_waypoint,3,560,520,260.076,698.023,20,21,500,350,15,422.74,-72.5757,-60,0,3,1,0,approach_zone,6.76633,1
27,fence24,random_waypoint,3,560,520,260.076,698.023,20,22,700,500,15,482.464,-73.7235,-60,0,3,1,0,approach_zone,6.76633,1
27,fence24,random_waypoint,3,560,520,260.076,698.023,20,23,500,650,15,244.734,-67.8281,-60,0,3,1,0,approach_zone,6.76633,1
28,fence24,random_waypoint,3,560,520,264.907,689.268,20,0,250,300,15,389.585,-71.8663,-60,0,3,1,0,approach_zone,5.76633,1
28,fence24,random_waypoint,3,560,520,264.907,689.268,20,1,250,350,15,339.632,-70.6744,-60,0,3,1,0,approach_zone,5.76633,1
28,fence24,random_waypoint,3,560,520,264.907,689.268,20,2,250,450,15,239.784,-67.6506,-60,0,3,1,0,approach_zone,5.76633,1
28,fence24,random_waypoint,3,560,520,264.907,689.268,20,3,250,550,15,140.153,-62.9862,-60,0,3,1,0,approach_zone,5.76633,1
28,fence24,random_waypoint,3,560,520,264.907,689.268,20,4,250,650,15,42.2988,-52.5808,-60,1,3,1,0,approach_zone,5.76633,1
28,fence24,random_waypoint,3,560,520,264.907,689.268,20,5,250,700,15,19.0368,-45.6461,-60,1,3,1,0,approach_zone,5.76633,1
28,fence24,random_waypoint,3,560,520,264.907,689.268,20,6,300,700,15,37.0364,-51.4268,-60,1,3,1,0,approach_zone,5.76633,1
28,fence24,random_waypoint,3,560,520,264.907,689.268,20,7,400,700,15,135.611,-62.7001,-60,0,3,1,0,approach_zone,5.76633,1
28,fence24,random_waypoint,3,560,520,264.907,689.268,20,8,600,700,15,335.302,-70.5629,-60,0,3,1,0,approach_zone,5.76633,1
28,fence24,random_waypoint,3,560,520,264.907,689.268,20,9,700,700,15,435.254,-72.8291,-60,0,3,1,0,approach_zone,5.76633,1
28,fence24,random_waypoint,3,560,520,264.907,689.268,20,10,750,700,15,485.237,-73.7733,-60,0,3,1,0,approach_zone,5.76633,1
28,fence24,random_waypoint,3,560,520,264.907,689.268,20,11,750,650,15,486.705,-73.7995,-60,0,3,1,0,approach_zone,5.76633,1
28,fence24,random_waypoint,3,560,520,264.907,689.268,20,12,750,550,15,504.713,-74.1151,-60,0,3,1,0,approach_zone,5.76633,1
28,fence24,random_waypoint,3,560,520,264.907,689.268,20,13,750,450,15,540.915,-74.7168,-60,0,3,1,0,approach_zone,5.76633,1
28,fence24,random_waypoint,3,560,520,264.907,689.268,20,14,750,350,15,591.982,-75.5004,-60,0,3,1,0,approach_zone,5.76633,1
28,fence24,random_waypoint,3,560,520,264.907,689.268,20,15,750,300,15,621.988,-75.9299,-60,0,3,1,0,approach_zone,5.76633,1
28,fence24,random_waypoint,3,560,520,264.907,689.268,20,16,700,300,15,583.832,-75.38,-60,0,3,1,0,approach_zone,5.76633,1
28,fence24,random_waypoint,3,560,520,264.907,689.268,20,17,600,300,15,513.655,-74.2677,-60,0,3,1,0,approach_zone,5.76633,1
28,fence24,random_waypoint,3,560,520,264.907,689.268,20,18,400,300,15,412.073,-72.3537,-60,0,3,1,0,approach_zone,5.76633,1
28,fence24,random_waypoint,3,560,520,264.907,689.268,20,19,300,300,15,390.878,-71.8951,-60,0,3,1,0,approach_zone,5.76633,1
28,fence24,random_waypoint,3,560,520,264.907,689.268,20,20,300,500,15,192.559,-65.7455,-60,0,3,1,0,approach_zone,5.76633,1
28,fence24,random_waypoint,3,560,520,264.907,689.268,20,21,500,350,15,412.791,-72.3688,-60,0,3,1,0,approach_zone,5.76633,1
28,fence24,random_waypoint,3,560,520,264.907,689.268,20,22,700,500,15,474.503,-73.579,-60,0,3,1,0,approach_zone,5.76633,1
28,fence24,random_waypoint,3,560,520,264.907,689.268,20,23,500,650,15,238.402,-67.6004,-60,0,3,1,0,approach_zone,5.76633,1
29,fence24,random_waypoint,3,560,520,269.739,680.512,20,0,250,300,15,381.057,-71.674,-60,0,3,1,0,approach_zone,4.76633,1
29,fence24,random_waypoint,3,560,520,269.739,680.512,20,1,250,350,15,331.139,-70.4544,-60,0,3,1,0,approach_zone,4.76633,1
29,fence24,random_waypoint,3,560,520,269.739,680.512,20,2,250,450,15,231.41,-67.3419,-60,0,3,1,0,approach_zone,4.76633,1
29,fence24,random_waypoint,3,560,520,269.739,680.512,20,3,250,550,15,132.091,-62.4717,-60,0,3,1,0,approach_zone,4.76633,1
29,fence24,random_waypoint,3,560,520,269.739,680.512,20,4,250,650,15,36.6828,-51.3435,-60,1,3,1,0,approach_zone,4.76633,1
29,fence24,random_waypoint,3,560,520,269.739,680.512,20,5,250,700,15,28.1847,-49.0545,-60,1,3,1,0,approach_zone,4.76633,1
29,fence24,random_waypoint,3,560,520,269.739,680.512,20,6,300,700,15,36.3389,-51.2617,-60,1,3,1,0,approach_zone,4.76633,1
29,fence24,random_waypoint,3,560,520,269.739,680.512,20,7,400,700,15,131.806,-62.4529,-60,0,3,1,0,approach_zone,4.76633,1
29,fence24,random_waypoint,3,560,520,269.739,680.512,20,8,600,700,15,330.874,-70.4475,-60,0,3,1,0,approach_zone,4.76633,1
29,fence24,random_waypoint,3,560,520,269.739,680.512,20,9,700,700,15,430.731,-72.7384,-60,0,3,1,0,approach_zone,4.76633,1
29,fence24,random_waypoint,3,560,520,269.739,680.512,20,10,750,700,15,480.683,-73.6914,-60,0,3,1,0,approach_zone,4.76633,1
29,fence24,random_waypoint,3,560,520,269.739,680.512,20,11,750,650,15,481.256,-73.7017,-60,0,3,1,0,approach_zone,4.76633,1
29,fence24,random_waypoint,3,560,520,269.739,680.512,20,12,750,550,15,497.704,-73.9937,-60,0,3,1,0,approach_zone,4.76633,1
29,fence24,random_waypoint,3,560,520,269.739,680.512,20,13,750,450,15,532.74,-74.5845,-60,0,3,1,0,approach_zone,4.76633,1
29,fence24,random_waypoint,3,560,520,269.739,680.512,20,14,750,350,15,583.022,-75.3679,-60,0,3,1,0,approach_zone,4.76633,1
29,fence24,random_waypoint,3,560,520,269.739,680.512,20,15,750,300,15,612.753,-75.7999,-60,0,3,1,0,approach_zone,4.76633,1
29,fence24,random_waypoint,3,560,520,269.739,680.512,20,16,700,300,15,574.404,-75.2386,-60,0,3,1,0,approach_zone,4.76633,1
29,fence24,random_waypoint,3,560,520,269.739,680.512,20,17,600,300,15,503.872,-74.1006,-60,0,3,1,0,approach_zone,4.76633,1
29,fence24,random_waypoint,3,560,520,269.739,680.512,20,18,400,300,15,402.222,-72.1435,-60,0,3,1,0,approach_zone,4.76633,1
29,fence24,random_waypoint,3,560,520,269.739,680.512,20,19,300,300,15,381.747,-71.6897,-60,0,3,1,0,approach_zone,4.76633,1
29,fence24,random_waypoint,3,560,520,269.739,680.512,20,20,300,500,15,183.1,-65.308,-60,0,3,1,0,approach_zone,4.76633,1
29,fence24,random_waypoint,3,560,520,269.739,680.512,20,21,500,350,15,402.845,-72.157,-60,0,3,1,0,approach_zone,4.76633,1
29,fence24,random_waypoint,3,560,520,269.739,680.512,20,22,700,500,15,466.62,-73.4335,-60,0,3,1,0,approach_zone,4.76633,1
29,fence24,random_waypoint,3,560,520,269.739,680.512,20,23,500,650,15,232.328,-67.3763,-60,0,3,1,0,approach_zone,4.76633,1
30,fence24,random_waypoint,3,560,520,274.57,671.757,20,0,250,300,15,372.602,-71.4791,-60,0,3,1,0,approach_zone,3.76633,1
30,fence24,random_waypoint,3,560,520,274.57,671.757,20,1,250,350,15,322.733,-70.2311,-60,0,3,1,0,approach_zone,3.76633,1
30,fence24,random_waypoint,3,560,520,274.57,671.757,20,2,250,450,15,223.17,-67.0269,-60,0,3,1,0,approach_zone,3.76633,1
30,fence24,random_waypoint,3,560,520,274.57,671.757,20,3,250,550,15,124.312,-61.9445,-60,0,3,1,0,approach_zone,3.76633,1
30,fence24,random_waypoint,3,560,520,274.57,671.757,20,4,250,650,15,33.1974,-50.4763,-60,1,3,1,0,approach_zone,3.76633,1
30,fence24,random_waypoint,3,560,520,274.57,671.757,20,5,250,700,15,37.7671,-51.5965,-60,1,3,1,0,approach_zone,3.76633,1
30,fence24,random_waypoint,3,560,520,274.57,671.757,20,6,300,700,15,38.3319,-51.7254,-60,1,3,1,0,approach_zone,3.76633,1
30,fence24,random_waypoint,3,560,520,274.57,671.757,20,7,400,700,15,128.667,-62.2436,-60,0,3,1,0,approach_zone,3.76633,1
30,fence24,random_waypoint,3,560,520,274.57,671.757,20,8,600,700,15,326.691,-70.337,-60,0,3,1,0,approach_zone,3.76633,1
30,fence24,random_waypoint,3,560,520,274.57,671.757,20,9,700,700,15,426.396,-72.6505,-60,0,3,1,0,approach_zone,3.76633,1
30,fence24,random_waypoint,3,560,520,274.57,671.757,20,10,750,700,15,476.294,-73.6117,-60,0,3,1,0,approach_zone,3.76633,1
30,fence24,random_waypoint,3,560,520,274.57,671.757,20,11,750,650,15,475.954,-73.6055,-60,0,3,1,0,approach_zone,3.76633,1
30,fence24,random_waypoint,3,560,520,274.57,671.757,20,12,750,550,15,490.799,-73.8723,-60,0,3,1,0,approach_zone,3.76633,1
30,fence24,random_waypoint,3,560,520,274.57,671.757,20,13,750,450,15,524.628,-74.4513,-60,0,3,1,0,approach_zone,3.76633,1
30,fence24,random_waypoint,3,560,520,274.57,671.757,20,14,750,350,15,574.096,-75.2339,-60,0,3,1,0,approach_zone,3.76633,1
30,fence24,random_waypoint,3,560,520,274.57,671.757,20,15,750,300,15,603.541,-75.6684,-60,0,3,1,0,approach_zone,3.76633,1
30,fence24,random_waypoint,3,560,520,274.57,671.757,20,16,700,300,15,564.995,-75.0951,-60,0,3,1,0,approach_zone,3.76633,1
30,fence24,random_waypoint,3,560,520,274.57,671.757,20,17,600,300,15,494.098,-73.9305,-60,0,3,1,0,approach_zone,3.76633,1
30,fence24,random_waypoint,3,560,520,274.57,671.757,20,18,400,300,15,392.379,-71.9283,-60,0,3,1,0,approach_zone,3.76633,1
30,fence24,random_waypoint,3,560,520,274.57,671.757,20,19,300,300,15,372.659,-71.4805,-60,0,3,1,0,approach_zone,3.76633,1
30,fence24,random_waypoint,3,560,520,274.57,671.757,20,20,300,500,15,173.701,-64.8503,-60,0,3,1,0,approach_zone,3.76633,1
30,fence24,random_waypoint,3,560,520,274.57,671.757,20,21,500,350,15,392.901,-71.9399,-60,0,3,1,0,approach_zone,3.76633,1
30,fence24,random_waypoint,3,560,520,274.57,671.757,20,22,700,500,15,458.82,-73.2871,-60,0,3,1,0,approach_zone,3.76633,1
30,fence24,random_waypoint,3,560,520,274.57,671.757,20,23,500,650,15,226.533,-67.1568,-60,0,3,1,0,approach_zone,3.76633,1
31,fence24,random_waypoint,3,560,520,279.402,663.002,20,0,250,300,15,364.225,-71.2816,-60,0,3,1,0,approach_zone,2.76633,1
31,fence24,random_waypoint,3,560,520,279.402,663.002,20,1,250,350,15,314.419,-70.0044,-60,0,3,1,0,approach_zone,2.76633,1
31,fence24,random_waypoint,3,560,520,279.402,663.002,20,2,250,450,15,215.08,-66.7062,-60,0,3,1,0,approach_zone,2.76633,1
31,fence24,random_waypoint,3,560,520,279.402,663.002,20,3,250,550,15,116.871,-61.4084,-60,0,3,1,0,approach_zone,2.76633,1
31,fence24,random_waypoint,3,560,520,279.402,663.002,20,4,250,650,15,32.5347,-50.3012,-60,1,3,1,0,approach_zone,2.76633,1
31,fence24,random_waypoint,3,560,520,279.402,663.002,20,5,250,700,15,47.5219,-53.5921,-60,1,3,1,0,approach_zone,2.76633,1
31,fence24,random_waypoint,3,560,520,279.402,663.002,20,6,300,700,15,42.6399,-52.6505,-60,1,3,1,0,approach_zone,2.76633,1
31,fence24,random_waypoint,3,560,520,279.402,663.002,20,7,400,700,15,126.245,-62.0785,-60,0,3,1,0,approach_zone,2.76633,1
31,fence24,random_waypoint,3,560,520,279.402,663.002,20,8,600,700,15,322.765,-70.2319,-60,0,3,1,0,approach_zone,2.76633,1
31,fence24,random_waypoint,3,560,520,279.402,663.002,20,9,700,700,15,422.252,-72.5657,-60,0,3,1,0,approach_zone,2.76633,1
31,fence24,random_waypoint,3,560,520,279.402,663.002,20,10,750,700,15,472.077,-73.5345,-60,0,3,1,0,approach_zone,2.76633,1
31,fence24,random_waypoint,3,560,520,279.402,663.002,20,11,750,650,15,470.804,-73.511,-60,0,3,1,0,approach_zone,2.76633,1
31,fence24,random_waypoint,3,560,520,279.402,663.002,20,12,750,550,15,484.001,-73.7512,-60,0,3,1,0,approach_zone,2.76633,1
31,fence24,random_waypoint,3,560,520,279.402,663.002,20,13,750,450,15,516.583,-74.317,-60,0,3,1,0,approach_zone,2.76633,1
31,fence24,random_waypoint,3,560,520,279.402,663.002,20,14,750,350,15,565.206,-75.0984,-60,0,3,1,0,approach_zone,2.76633,1
31,fence24,random_waypoint,3,560,520,279.402,663.002,20,15,750,300,15,594.355,-75.5351,-60,0,3,1,0,approach_zone,2.76633,1
31,fence24,random_waypoint,3,560,520,279.402,663.002,20,16,700,300,15,555.606,-74.9496,-60,0,3,1,0,approach_zone,2.76633,1
31,fence24,random_waypoint,3,560,520,279.402,663.002,20,17,600,300,15,484.333,-73.7571,-60,0,3,1,0,approach_zone,2.76633,1
31,fence24,random_waypoint,3,560,520,279.402,663.002,20,18,400,300,15,382.543,-71.7078,-60,0,3,1,0,approach_zone,2.76633,1
31,fence24,random_waypoint,3,560,520,279.402,663.002,20,19,300,300,15,363.62,-71.2672,-60,0,3,1,0,approach_zone,2.76633,1
31,fence24,random_waypoint,3,560,520,279.402,663.002,20,20,300,500,15,164.374,-64.3709,-60,0,3,1,0,approach_zone,2.76633,1
31,fence24,random_waypoint,3,560,520,279.402,663.002,20,21,500,350,15,382.96,-71.7173,-60,0,3,1,0,approach_zone,2.76633,1
31,fence24,random_waypoint,3,560,520,279.402,663.002,20,22,700,500,15,451.107,-73.1398,-60,0,3,1,0,approach_zone,2.76633,1
31,fence24,random_waypoint,3,560,520,279.402,663.002,20,23,500,650,15,221.038,-66.9436,-60,0,3,1,0,approach_zone,2.76633,1
32,fence24,random_waypoint,3,560,520,285.779,655.602,20,0,250,300,15,357.433,-71.1181,-60,0,3,1,0,approach_zone,1.76633,1
32,fence24,random_waypoint,3,560,520,285.779,655.602,20,1,250,350,15,307.73,-69.8176,-60,0,3,1,0,approach_zone,1.76633,1
32,fence24,random_waypoint,3,560,520,285.779,655.602,20,2,250,450,15,208.752,-66.4468,-60,0,3,1,0,approach_zone,1.76633,1
32,fence24,random_waypoint,3,560,520,285.779,655.602,20,3,250,550,15,111.611,-61.0084,-60,0,3,1,0,approach_zone,1.76633,1
32,fence24,random_waypoint,3,560,520,285.779,655.602,20,4,250,650,15,36.5585,-51.314,-60,1,3,1,0,approach_zone,1.76633,1
32,fence24,random_waypoint,3,560,520,285.779,655.602,20,5,250,700,15,57.2389,-55.208,-60,1,3,1,0,approach_zone,1.76633,1
32,fence24,random_waypoint,3,560,520,285.779,655.602,20,6,300,700,15,46.887,-53.4753,-60,1,3,1,0,approach_zone,1.76633,1
32,fence24,random_waypoint,3,560,520,285.779,655.602,20,7,400,700,15,122.648,-61.8274,-60,0,3,1,0,approach_zone,1.76633,1
32,fence24,random_waypoint,3,560,520,285.779,655.602,20,8,600,700,15,317.381,-70.0859,-60,0,3,1,0,approach_zone,1.76633,1
32,fence24,random_waypoint,3,560,520,285.779,655.602,20,9,700,700,15,416.624,-72.4491,-60,0,3,1,0,approach_zone,1.76633,1
32,fence24,random_waypoint,3,560,520,285.779,655.602,20,10,750,700,15,466.366,-73.4288,-60,0,3,1,0,approach_zone,1.76633,1
32,fence24,random_waypoint,3,560,520,285.779,655.602,20,11,750,650,15,464.282,-73.3899,-60,0,3,1,0,approach_zone,1.76633,1
32,fence24,random_waypoint,3,560,520,285.779,655.602,20,12,750,550,15,476.107,-73.6083,-60,0,3,1,0,approach_zone,1.76633,1
32,fence24,random_waypoint,3,560,520,285.779,655.602,20,13,750,450,15,507.739,-74.167,-60,0,3,1,0,approach_zone,1.76633,1
32,fence24,random_waypoint,3,560,520,285.779,655.602,20,14,750,350,15,555.805,-74.9527,-60,0,3,1,0,approach_zone,1.76633,1
32,fence24,random_waypoint,3,560,520,285.779,655.602,20,15,750,300,15,584.79,-75.3942,-60,0,3,1,0,approach_zone,1.76633,1
32,fence24,random_waypoint,3,560,520,285.779,655.602,20,16,700,300,15,545.946,-74.7972,-60,0,3,1,0,approach_zone,1.76633,1
32,fence24,random_waypoint,3,560,520,285.779,655.602,20,17,600,300,15,474.566,-73.5802,-60,0,3,1,0,approach_zone,1.76633,1
32,fence24,random_waypoint,3,560,520,285.779,655.602,20,18,400,300,15,373.53,-71.5007,-60,0,3,1,0,approach_zone,1.76633,1
32,fence24,random_waypoint,3,560,520,285.779,655.602,20,19,300,300,15,355.922,-71.0813,-60,0,3,1,0,approach_zone,1.76633,1
32,fence24,random_waypoint,3,560,520,285.779,655.602,20,20,300,500,15,156.331,-63.9351,-60,0,3,1,0,approach_zone,1.76633,1
32,fence24,random_waypoint,3,560,520,285.779,655.602,20,21,500,350,15,373.24,-71.494,-60,0,3,1,0,approach_zone,1.76633,1
32,fence24,random_waypoint,3,560,520,285.779,655.602,20,22,700,500,15,442.511,-72.9727,-60,0,3,1,0,approach_zone,1.76633,1
32,fence24,random_waypoint,3,560,520,285.779,655.602,20,23,500,650,15,214.353,-66.6768,-60,0,3,1,0,approach_zone,1.76633,1
33,fence24,random_waypoint,3,560,520,293.83,649.671,20,0,250,300,15,352.443,-70.996,-60,0,3,1,0,approach_zone,0.766328,1
33,fence24,random_waypoint,3,560,520,293.83,649.671,20,1,250,350,15,302.901,-69.6802,-60,0,3,1,0,approach_zone,0.766328,1
33,fence24,random_waypoint,3,560,520,293.83,649.671,20,2,250,450,15,204.486,-66.2675,-60,0,3,1,0,approach_zone,0.766328,1
33,fence24,random_waypoint,3,560,520,293.83,649.671,20,3,250,550,15,108.997,-60.8025,-60,0,3,1,0,approach_zone,0.766328,1
33,fence24,random_waypoint,3,560,520,293.83,649.671,20,4,250,650,15,44.1157,-52.9461,-60,1,3,1,0,approach_zone,0.766328,1
33,fence24,random_waypoint,3,560,520,293.83,649.671,20,5,250,700,15,66.9259,-56.5661,-60,1,3,1,0,approach_zone,0.766328,1
33,fence24,random_waypoint,3,560,520,293.83,649.671,20,6,300,700,15,50.9515,-54.1974,-60,1,3,1,0,approach_zone,0.766328,1
33,fence24,random_waypoint,3,560,520,293.83,649.671,20,7,400,700,15,117.601,-61.4625,-60,0,3,1,0,approach_zone,0.766328,1
33,fence24,random_waypoint,3,560,520,293.83,649.671,20,8,600,700,15,310.319,-69.8904,-60,0,3,1,0,approach_zone,0.766328,1
33,fence24,random_waypoint,3,560,520,293.83,649.671,20,9,700,700,15,409.307,-72.2952,-60,0,3,1,0,approach_zone,0.766328,1
33,fence24,random_waypoint,3,560,520,293.83,649.671,20,10,750,700,15,458.965,-73.2898,-60,0,3,1,0,approach_zone,0.766328,1
33,fence24,random_waypoint,3,560,520,293.83,649.671,20,11,750,650,15,456.197,-73.2373,-60,0,3,1,0,approach_zone,0.766328,1
33,fence24,random_waypoint,3,560,520,293.83,649.671,20,12,750,550,15,466.959,-73.4398,-60,0,3,1,0,approach_zone,0.766328,1
33,fence24,random_waypoint,3,560,520,293.83,649.671,20,13,750,450,15,497.98,-73.9985,-60,0,3,1,0,approach_zone,0.766328,1
33,fence24,random_waypoint,3,560,520,293.83,649.671,20,14,750,350,15,545.819,-74.7952,-60,0,3,1,0,approach_zone,0.766328,1
33,fence24,random_waypoint,3,560,520,293.83,649.671,20,15,750,300,15,574.792,-75.2444,-60,0,3,1,0,approach_zone,0.766328,1
33,fence24,random_waypoint,3,560,520,293.83,649.671,20,16,700,300,15,535.975,-74.6371,-60,0,3,1,0,approach_zone,0.766328,1
33,fence24,random_waypoint,3,560,520,293.83,649.671,20,17,600,300,15,464.796,-73.3995,-60,0,3,1,0,approach_zone,0.766328,1
33,fence24,random_waypoint,3,560,520,293.83,649.671,20,18,400,300,15,365.468,-71.3112,-60,0,3,1,0,approach_zone,0.766328,1
33,fence24,random_waypoint,3,560,520,293.83,649.671,20,19,300,300,15,349.761,-70.9297,-60,0,3,1,0,approach_zone,0.766328,1
33,fence24,random_waypoint,3,560,520,293.83,649.671,20,20,300,500,15,149.882,-63.5692,-60,0,3,1,0,approach_zone,0.766328,1
33,fence24,random_waypoint,3,560,520,293.83,649.671,20,21,500,350,15,363.777,-71.2709,-60,0,3,1,0,approach_zone,0.766328,1
33,fence24,random_waypoint,3,560,520,293.83,649.671,20,22,700,500,15,432.898,-72.7819,-60,0,3,1,0,approach_zone,0.766328,1
33,fence24,random_waypoint,3,560,520,293.83,649.671,20,23,500,650,15,206.231,-66.3413,-60,0,3,1,0,approach_zone,0.766328,1
34,fence24,random_waypoint,3,560,520,301.881,643.74,20,0,250,300,15,347.669,-70.8775,-60,0,3,1,1,perimeter_crossing,0,1
34,fence24,random_waypoint,3,560,520,301.881,643.74,20,1,250,350,15,298.328,-69.5481,-60,0,3,1,1,perimeter_crossing,0,1
34,fence24,random_waypoint,3,560,520,301.881,643.74,20,2,250,450,15,200.629,-66.1021,-60,0,3,1,1,perimeter_crossing,0,1
34,fence24,random_waypoint,3,560,520,301.881,643.74,20,3,250,550,15,107.256,-60.6627,-60,0,3,1,1,perimeter_crossing,0,1
34,fence24,random_waypoint,3,560,520,301.881,643.74,20,4,250,650,15,52.4963,-54.4568,-60,1,3,1,1,perimeter_crossing,0,1
34,fence24,random_waypoint,3,560,520,301.881,643.74,20,5,250,700,15,76.6933,-57.7494,-60,1,3,1,1,perimeter_crossing,0,1
34,fence24,random_waypoint,3,560,520,301.881,643.74,20,6,300,700,15,56.5131,-55.0972,-60,1,3,1,1,perimeter_crossing,0,1
34,fence24,random_waypoint,3,560,520,301.881,643.74,20,7,400,700,15,113.214,-61.1322,-60,0,3,1,1,perimeter_crossing,0,1
34,fence24,random_waypoint,3,560,520,301.881,643.74,20,8,600,700,15,303.422,-69.6952,-60,0,3,1,1,perimeter_crossing,0,1
34,fence24,random_waypoint,3,560,520,301.881,643.74,20,9,700,700,15,402.105,-72.141,-60,0,3,1,1,perimeter_crossing,0,1
34,fence24,random_waypoint,3,560,520,301.881,643.74,20,10,750,700,15,451.664,-73.1505,-60,0,3,1,1,perimeter_crossing,0,1
34,fence24,random_waypoint,3,560,520,301.881,643.74,20,11,750,650,15,448.19,-73.0835,-60,0,3,1,1,perimeter_crossing,0,1
34,fence24,random_waypoint,3,560,520,301.881,643.74,20,12,750,550,15,457.846,-73.2686,-60,0,3,1,1,perimeter_crossing,0,1
34,fence24,random_waypoint,3,560,520,301.881,643.74,20,13,750,450,15,488.232,-73.8268,-60,0,3,1,1,perimeter_crossing,0,1
34,fence24,random_waypoint,3,560,520,301.881,643.74,20,14,750,350,15,535.834,-74.6348,-60,0,3,1,1,perimeter_crossing,0,1
34,fence24,random_waypoint,3,560,520,301.881,643.74,20,15,750,300,15,564.794,-75.092,-60,0,3,1,1,perimeter_crossing,0,1
34,fence24,random_waypoint,3,560,520,301.881,643.74,20,16,700,300,15,526.004,-74.474,-60,0,3,1,1,perimeter_crossing,0,1
34,fence24,random_waypoint,3,560,520,301.881,643.74,20,17,600,300,15,455.035,-73.2151,-60,0,3,1,1,perimeter_crossing,0,1
34,fence24,random_waypoint,3,560,520,301.881,643.74,20,18,400,300,15,357.504,-71.1199,-60,0,3,1,1,perimeter_crossing,0,1
34,fence24,random_waypoint,3,560,520,301.881,643.74,20,19,300,300,15,343.781,-70.7799,-60,0,3,1,1,perimeter_crossing,0,1
34,fence24,random_waypoint,3,560,520,301.881,643.74,20,20,300,500,15,143.839,-63.2118,-60,0,3,1,1,perimeter_crossing,0,1
34,fence24,random_waypoint,3,560,520,301.881,643.74,20,21,500,350,15,354.343,-71.0427,-60,0,3,1,1,perimeter_crossing,0,1
34,fence24,random_waypoint,3,560,520,301.881,643.74,20,22,700,500,15,423.302,-72.5872,-60,0,3,1,1,perimeter_crossing,0,1
34,fence24,random_waypoint,3,560,520,301.881,643.74,20,23,500,650,15,198.281,-65.9998,-60,0,3,1,1,perimeter_crossing,0,1
35,fence24,random_waypoint,3,560,520,309.932,637.809,20,0,250,300,15,343.121,-70.7632,-60,0,3,1,1,internal_airspace,0,1
35,fence24,random_waypoint,3,560,520,309.932,637.809,20,1,250,350,15,294.025,-69.4219,-60,0,3,1,1,internal_airspace,0,1
35,fence24,random_waypoint,3,560,520,309.932,637.809,20,2,250,450,15,197.203,-65.9525,-60,0,3,1,1,internal_airspace,0,1
35,fence24,random_waypoint,3,560,520,309.932,637.809,20,3,250,550,15,106.43,-60.5955,-60,0,3,1,1,internal_airspace,0,1
35,fence24,random_waypoint,3,560,520,309.932,637.809,20,4,250,650,15,61.3639,-55.8125,-60,1,3,1,1,internal_airspace,0,1
35,fence24,random_waypoint,3,560,520,309.932,637.809,20,5,250,700,15,86.5139,-58.7959,-60,1,3,1,1,internal_airspace,0,1
35,fence24,random_waypoint,3,560,520,309.932,637.809,20,6,300,700,15,63.1775,-56.0655,-60,1,3,1,1,internal_airspace,0,1
35,fence24,random_waypoint,3,560,520,309.932,637.809,20,7,400,700,15,109.567,-60.8478,-60,0,3,1,1,internal_airspace,0,1
35,fence24,random_waypoint,3,560,520,309.932,637.809,20,8,600,700,15,296.702,-69.5006,-60,0,3,1,1,internal_airspace,0,1
35,fence24,random_waypoint,3,560,520,309.932,637.809,20,9,700,700,15,395.026,-71.9867,-60,0,3,1,1,internal_airspace,0,1
35,fence24,random_waypoint,3,560,520,309.932,637.809,20,10,750,700,15,444.468,-73.011,-60,0,3,1,1,internal_airspace,0,1
35,fence24,random_waypoint,3,560,520,309.932,637.809,20,11,750,650,15,440.265,-72.9285,-60,0,3,1,1,internal_airspace,0,1
35,fence24,random_waypoint,3,560,520,309.932,637.809,20,12,750,550,15,448.77,-73.0947,-60,0,3,1,1,internal_airspace,0,1
35,fence24,random_waypoint,3,560,520,309.932,637.809,20,13,750,450,15,478.494,-73.6518,-60,0,3,1,1,internal_airspace,0,1
35,fence24,random_waypoint,3,560,520,309.932,637.809,20,14,750,350,15,525.85,-74.4715,-60,0,3,1,1,internal_airspace,0,1
35,fence24,random_waypoint,3,560,520,309.932,637.809,20,15,750,300,15,554.797,-74.9369,-60,0,3,1,1,internal_airspace,0,1
35,fence24,random_waypoint,3,560,520,309.932,637.809,20,16,700,300,15,516.035,-74.3078,-60,0,3,1,1,internal_airspace,0,1
35,fence24,random_waypoint,3,560,520,309.932,637.809,20,17,600,300,15,445.285,-73.027,-60,0,3,1,1,internal_airspace,0,1
35,fence24,random_waypoint,3,560,520,309.932,637.809,20,18,400,300,15,349.645,-70.9268,-60,0,3,1,1,internal_airspace,0,1
35,fence24,random_waypoint,3,560,520,309.932,637.809,20,19,300,300,15,337.992,-70.6323,-60,0,3,1,1,internal_airspace,0,1
35,fence24,random_waypoint,3,560,520,309.932,637.809,20,20,300,500,15,138.257,-62.8679,-60,0,3,1,1,internal_airspace,0,1
35,fence24,random_waypoint,3,560,520,309.932,637.809,20,21,500,350,15,344.941,-70.8091,-60,0,3,1,1,internal_airspace,0,1
35,fence24,random_waypoint,3,560,520,309.932,637.809,20,22,700,500,15,413.726,-72.3885,-60,0,3,1,1,internal_airspace,0,1
35,fence24,random_waypoint,3,560,520,309.932,637.809,20,23,500,650,15,190.524,-65.6532,-60,0,3,1,1,internal_airspace,0,1
36,fence24,random_waypoint,3,560,520,317.984,631.878,20,0,250,300,15,338.806,-70.6532,-60,0,3,1,1,internal_airspace,0,1
36,fence24,random_waypoint,3,560,520,317.984,631.878,20,1,250,350,15,290.003,-69.3023,-60,0,3,1,1,internal_airspace,0,1
36,fence24,random_waypoint,3,560,520,317.984,631.878,20,2,250,450,15,194.232,-65.8207,-60,0,3,1,1,internal_airspace,0,1
36,fence24,random_waypoint,3,560,520,317.984,631.878,20,3,250,550,15,106.54,-60.6045,-60,0,3,1,1,internal_airspace,0,1
36,fence24,random_waypoint,3,560,520,317.984,631.878,20,4,250,650,15,70.5351,-57.0223,-60,1,3,1,1,internal_airspace,0,1
36,fence24,random_waypoint,3,560,520,317.984,631.878,20,5,250,700,15,96.3713,-59.7332,-60,1,3,1,1,internal_airspace,0,1
36,fence24,random_waypoint,3,560,520,317.984,631.878,20,6,300,700,15,70.6334,-57.0344,-60,1,3,1,1,internal_airspace,0,1
36,fence24,random_waypoint,3,560,520,317.984,631.878,20,7,400,700,15,106.735,-60.6204,-60,0,3,1,1,internal_airspace,0,1
36,fence24,random_waypoint,3,560,520,317.984,631.878,20,8,600,700,15,290.17,-69.3073,-60,0,3,1,1,internal_airspace,0,1
36,fence24,random_waypoint,3,560,520,317.984,631.878,20,9,700,700,15,388.075,-71.8325,-60,0,3,1,1,internal_airspace,0,1
36,fence24,random_waypoint,3,560,520,317.984,631.878,20,10,750,700,15,437.383,-72.8715,-60,0,3,1,1,internal_airspace,0,1
36,fence24,random_waypoint,3,560,520,317.984,631.878,20,11,750,650,15,432.425,-72.7724,-60,0,3,1,1,internal_airspace,0,1
36,fence24,random_waypoint,3,560,520,317.984,631.878,20,12,750,550,15,439.735,-72.9181,-60,0,3,1,1,internal_airspace,0,1
36,fence24,random_waypoint,3,560,520,317.984,631.878,20,13,750,450,15,468.767,-73.4734,-60,0,3,1,1,internal_airspace,0,1
36,fence24,random_waypoint,3,560,520,317.984,631.878,20,14,750,350,15,515.866,-74.305,-60,0,3,1,1,internal_airspace,0,1
36,fence24,random_waypoint,3,560,520,317.984,631.878,20,15,750,300,15,544.799,-74.779,-60,0,3,1,1,internal_airspace,0,1
36,fence24,random_waypoint,3,560,520,317.984,631.878,20,16,700,300,15,506.067,-74.1384,-60,0,3,1,1,internal_airspace,0,1
36,fence24,random_waypoint,3,560,520,317.984,631.878,20,17,600,300,15,435.547,-72.8349,-60,0,3,1,1,internal_airspace,0,1
36,fence24,random_waypoint,3,560,520,317.984,631.878,20,18,400,300,15,341.898,-70.7322,-60,0,3,1,1,internal_airspace,0,1
36,fence24,random_waypoint,3,560,520,317.984,631.878,20,19,300,300,15,332.402,-70.4875,-60,0,3,1,1,internal_airspace,0,1
36,fence24,random_waypoint,3,560,520,317.984,631.878,20,20,300,500,15,133.192,-62.5438,-60,0,3,1,1,internal_airspace,0,1
36,fence24,random_waypoint,3,560,520,317.984,631.878,20,21,500,350,15,335.574,-70.57,-60,0,3,1,1,internal_airspace,0,1
36,fence24,random_waypoint,3,560,520,317.984,631.878,20,22,700,500,15,404.17,-72.1855,-60,0,3,1,1,internal_airspace,0,1
36,fence24,random_waypoint,3,560,520,317.984,631.878,20,23,500,650,15,182.985,-65.3025,-60,0,3,1,1,internal_airspace,0,1
37,fence24,random_waypoint,3,560,520,326.035,625.946,20,0,250,300,15,334.735,-70.5482,-60,0,2,1,1,internal_airspace,0,1
37,fence24,random_waypoint,3,560,520,326.035,625.946,20,1,250,350,15,286.274,-69.1899,-60,0,2,1,1,internal_airspace,0,1
37,fence24,random_waypoint,3,560,520,326.035,625.946,20,2,250,450,15,191.738,-65.7084,-60,0,2,1,1,internal_airspace,0,1
37,fence24,random_waypoint,3,560,520,326.035,625.946,20,3,250,550,15,107.583,-60.6891,-60,0,2,1,1,internal_airspace,0,1
37,fence24,random_waypoint,3,560,520,326.035,625.946,20,4,250,650,15,79.9053,-58.1057,-60,1,2,1,1,internal_airspace,0,1
37,fence24,random_waypoint,3,560,520,326.035,625.946,20,5,250,700,15,106.255,-60.5812,-60,0,2,1,1,internal_airspace,0,1
37,fence24,random_waypoint,3,560,520,326.035,625.946,20,6,300,700,15,78.6558,-57.9688,-60,1,2,1,1,internal_airspace,0,1
37,fence24,random_waypoint,3,560,520,326.035,625.946,20,7,400,700,15,104.784,-60.4602,-60,0,2,1,1,internal_airspace,0,1
37,fence24,random_waypoint,3,560,520,326.035,625.946,20,8,600,700,15,283.841,-69.1157,-60,0,2,1,1,internal_airspace,0,1
37,fence24,random_waypoint,3,560,520,326.035,625.946,20,9,700,700,15,381.26,-71.6786,-60,0,2,1,1,internal_airspace,0,1
37,fence24,random_waypoint,3,560,520,326.035,625.946,20,10,750,700,15,430.413,-72.7319,-60,0,2,1,1,internal_airspace,0,1
37,fence24,random_waypoint,3,560,520,326.035,625.946,20,11,750,650,15,424.676,-72.6154,-60,0,2,1,1,internal_airspace,0,1
37,fence24,random_waypoint,3,560,520,326.035,625.946,20,12,750,550,15,430.743,-72.7386,-60,0,2,1,1,internal_airspace,0,1
37,fence24,random_waypoint,3,560,520,326.035,625.946,20,13,750,450,15,459.052,-73.2915,-60,0,2,1,1,internal_airspace,0,1
37,fence24,random_waypoint,3,560,520,326.035,625.946,20,14,750,350,15,505.883,-74.1352,-60,0,2,1,1,internal_airspace,0,1
37,fence24,random_waypoint,3,560,520,326.035,625.946,20,15,750,300,15,534.801,-74.6181,-60,0,2,1,1,internal_airspace,0,1
37,fence24,random_waypoint,3,560,520,326.035,625.946,20,16,700,300,15,496.101,-73.9656,-60,0,2,1,1,internal_airspace,0,1
37,fence24,random_waypoint,3,560,520,326.035,625.946,20,17,600,300,15,425.82,-72.6388,-60,0,2,1,1,internal_airspace,0,1
37,fence24,random_waypoint,3,560,520,326.035,625.946,20,18,400,300,15,334.271,-70.5362,-60,0,2,1,1,internal_airspace,0,1
37,fence24,random_waypoint,3,560,520,326.035,625.946,20,19,300,300,15,327.023,-70.3458,-60,0,2,1,1,internal_airspace,0,1
37,fence24,random_waypoint,3,560,520,326.035,625.946,20,20,300,500,15,128.706,-62.2462,-60,0,2,1,1,internal_airspace,0,1
37,fence24,random_waypoint,3,560,520,326.035,625.946,20,21,500,350,15,326.244,-70.3251,-60,0,2,1,1,internal_airspace,0,1
37,fence24,random_waypoint,3,560,520,326.035,625.946,20,22,700,500,15,394.636,-71.9782,-60,0,2,1,1,internal_airspace,0,1
37,fence24,random_waypoint,3,560,520,326.035,625.946,20,23,500,650,15,175.691,-64.9492,-60,0,2,1,1,internal_airspace,0,1
38,fence24,random_waypoint,3,560,520,334.086,620.015,20,0,250,300,15,330.916,-70.4486,-60,0,2,1,1,internal_airspace,0,1
38,fence24,random_waypoint,3,560,520,334.086,620.015,20,1,250,350,15,282.849,-69.0853,-60,0,2,1,1,internal_airspace,0,1
38,fence24,random_waypoint,3,560,520,334.086,620.015,20,2,250,450,15,189.738,-65.6173,-60,0,2,1,1,internal_airspace,0,1
38,fence24,random_waypoint,3,560,520,334.086,620.015,20,3,250,550,15,109.533,-60.8452,-60,0,2,1,1,internal_airspace,0,1
38,fence24,random_waypoint,3,560,520,334.086,620.015,20,4,250,650,15,89.4121,-59.0822,-60,1,2,1,1,internal_airspace,0,1
38,fence24,random_waypoint,3,560,520,334.086,620.015,20,5,250,700,15,116.159,-61.3553,-60,0,2,1,1,internal_airspace,0,1
38,fence24,random_waypoint,3,560,520,334.086,620.015,20,6,300,700,15,87.0885,-58.8534,-60,1,2,1,1,internal_airspace,0,1
38,fence24,random_waypoint,3,560,520,334.086,620.015,20,7,400,700,15,103.765,-60.3753,-60,0,2,1,1,internal_airspace,0,1
38,fence24,random_waypoint,3,560,520,334.086,620.015,20,8,600,700,15,277.728,-68.9266,-60,0,2,1,1,internal_airspace,0,1
38,fence24,random_waypoint,3,560,520,334.086,620.015,20,9,700,700,15,374.587,-71.5253,-60,0,2,1,1,internal_airspace,0,1
38,fence24,random_waypoint,3,560,520,334.086,620.015,20,10,750,700,15,423.565,-72.5926,-60,0,2,1,1,internal_airspace,0,1
38,fence24,random_waypoint,3,560,520,334.086,620.015,20,11,750,650,15,417.024,-72.4574,-60,0,2,1,1,internal_airspace,0,1
38,fence24,random_waypoint,3,560,520,334.086,620.015,20,12,750,550,15,421.796,-72.5563,-60,0,2,1,1,internal_airspace,0,1
38,fence24,random_waypoint,3,560,520,334.086,620.015,20,13,750,450,15,449.349,-73.1059,-60,0,2,1,1,internal_airspace,0,1
38,fence24,random_waypoint,3,560,520,334.086,620.015,20,14,750,350,15,495.901,-73.9621,-60,0,2,1,1,internal_airspace,0,1
38,fence24,random_waypoint,3,560,520,334.086,620.015,20,15,750,300,15,524.804,-74.4542,-60,0,2,1,1,internal_airspace,0,1
38,fence24,random_waypoint,3,560,520,334.086,620.015,20,16,700,300,15,486.136,-73.7894,-60,0,2,1,1,internal_airspace,0,1
38,fence24,random_waypoint,3,560,520,334.086,620.015,20,17,600,300,15,416.107,-72.4383,-60,0,2,1,1,internal_airspace,0,1
38,fence24,random_waypoint,3,560,520,334.086,620.015,20,18,400,300,15,326.771,-70.3391,-60,0,2,1,1,internal_airspace,0,1
38,fence24,random_waypoint,3,560,520,334.086,620.015,20,19,300,300,15,321.864,-70.2077,-60,0,2,1,1,internal_airspace,0,1
38,fence24,random_waypoint,3,560,520,334.086,620.015,20,20,300,500,15,124.862,-61.9828,-60,0,2,1,1,internal_airspace,0,1
38,fence24,random_waypoint,3,560,520,334.086,620.015,20,21,500,350,15,316.955,-70.0742,-60,0,2,1,1,internal_airspace,0,1
38,fence24,random_waypoint,3,560,520,334.086,620.015,20,22,700,500,15,385.126,-71.7663,-60,0,2,1,1,internal_airspace,0,1
38,fence24,random_waypoint,3,560,520,334.086,620.015,20,23,500,650,15,168.676,-64.5953,-60,0,2,1,1,internal_airspace,0,1
39,fence24,random_waypoint,3,560,520,342.137,614.084,20,0,250,300,15,327.358,-70.3547,-60,0,2,1,1,internal_airspace,0,1
39,fence24,random_waypoint,3,560,520,342.137,614.084,20,1,250,350,15,279.74,-68.9893,-60,0,2,1,1,internal_airspace,0,1
39,fence24,random_waypoint,3,560,520,342.137,614.084,20,2,250,450,15,188.249,-65.5489,-60,0,2,1,1,internal_airspace,0,1
39,fence24,random_waypoint,3,560,520,342.137,614.084,20,3,250,550,15,112.343,-61.0652,-60,0,2,1,1,internal_airspace,0,1
39,fence24,random_waypoint,3,560,520,342.137,614.084,20,4,250,650,15,99.0161,-59.9683,-60,1,2,1,1,internal_airspace,0,1
39,fence24,random_waypoint,3,560,520,342.137,614.084,20,5,250,700,15,126.079,-62.067,-60,0,2,1,1,internal_airspace,0,1
39,fence24,random_waypoint,3,560,520,342.137,614.084,20,6,300,700,15,95.8232,-59.6836,-60,1,2,1,1,internal_airspace,0,1
39,fence24,random_waypoint,3,560,520,342.137,614.084,20,7,400,700,15,103.705,-60.3702,-60,0,2,1,1,internal_airspace,0,1
39,fence24,random_waypoint,3,560,520,342.137,614.084,20,8,600,700,15,271.845,-68.7407,-60,0,2,1,1,internal_airspace,0,1
39,fence24,random_waypoint,3,560,520,342.137,614.084,20,9,700,700,15,368.066,-71.3727,-60,0,2,1,1,internal_airspace,0,1
39,fence24,random_waypoint,3,560,520,342.137,614.084,20,10,750,700,15,416.844,-72.4537,-60,0,2,1,1,internal_airspace,0,1
39,fence24,random_waypoint,3,560,520,342.137,614.084,20,11,750,650,15,409.472,-72.2987,-60,0,2,1,1,internal_airspace,0,1
39,fence24,random_waypoint,3,560,520,342.137,614.084,20,12,750,550,15,412.897,-72.3711,-60,0,2,1,1,internal_airspace,0,1
39,fence24,random_waypoint,3,560,520,342.137,614.084,20,13,750,450,15,439.66,-72.9166,-60,0,2,1,1,internal_airspace,0,1
39,fence24,random_waypoint,3,560,520,342.137,614.084,20,14,750,350,15,485.919,-73.7855,-60,0,2,1,1,internal_airspace,0,1
39,fence24,random_waypoint,3,560,520,342.137,614.084,20,15,750,300,15,514.807,-74.2871,-60,0,2,1,1,internal_airspace,0,1
39,fence24,random_waypoint,3,560,520,342.137,614.084,20,16,700,300,15,476.172,-73.6095,-60,0,2,1,1,internal_airspace,0,1
39,fence24,random_waypoint,3,560,520,342.137,614.084,20,17,600,300,15,406.408,-72.2335,-60,0,2,1,1,internal_airspace,0,1
39,fence24,random_waypoint,3,560,520,342.137,614.084,20,18,400,300,15,319.409,-70.1412,-60,0,2,1,1,internal_airspace,0,1
39,fence24,random_waypoint,3,560,520,342.137,614.084,20,19,300,300,15,316.937,-70.0737,-60,0,2,1,1,internal_airspace,0,1
39,fence24,random_waypoint,3,560,520,342.137,614.084,20,20,300,500,15,121.72,-61.7614,-60,0,2,1,1,internal_airspace,0,1
39,fence24,random_waypoint,3,560,520,342.137,614.084,20,21,500,350,15,307.711,-69.8171,-60,0,2,1,1,internal_airspace,0,1
39,fence24,random_waypoint,3,560,520,342.137,614.084,20,22,700,500,15,375.641,-71.5497,-60,0,2,1,1,internal_airspace,0,1
39,fence24,random_waypoint,3,560,520,342.137,614.084,20,23,500,650,15,161.974,-64.2431,-60,0,2,1,1,internal_airspace,0,1
40,fence24,random_waypoint,3,560,520,350.188,608.153,20,0,250,300,15,324.069,-70.267,-60,0,0,0,1,internal_airspace,0,1
40,fence24,random_waypoint,3,560,520,350.188,608.153,20,1,250,350,15,276.958,-68.9025,-60,0,0,0,1,internal_airspace,0,1
40,fence24,random_waypoint,3,560,520,350.188,608.153,20,2,250,450,15,187.283,-65.5042,-60,0,0,0,1,internal_airspace,0,1
40,fence24,random_waypoint,3,560,520,350.188,608.153,20,3,250,550,15,115.95,-61.3397,-60,0,0,0,1,internal_airspace,0,1
40,fence24,random_waypoint,3,560,520,350.188,608.153,20,4,250,650,15,108.692,-60.7781,-60,0,0,0,1,internal_airspace,0,1
40,fence24,random_waypoint,3,560,520,350.188,608.153,20,5,250,700,15,136.009,-62.7256,-60,0,0,0,1,internal_airspace,0,1
40,fence24,random_waypoint,3,560,520,350.188,608.153,20,6,300,700,15,104.784,-60.4602,-60,0,0,0,1,internal_airspace,0,1
40,fence24,random_waypoint,3,560,520,350.188,608.153,20,7,400,700,15,104.605,-60.4452,-60,0,0,0,1,internal_airspace,0,1
40,fence24,random_waypoint,3,560,520,350.188,608.153,20,8,600,700,15,266.208,-68.5587,-60,0,0,0,1,internal_airspace,0,1
40,fence24,random_waypoint,3,560,520,350.188,608.153,20,9,700,700,15,361.703,-71.2213,-60,0,0,0,1,internal_airspace,0,1
40,fence24,random_waypoint,3,560,520,350.188,608.153,20,10,750,700,15,410.256,-72.3153,-60,0,0,0,1,internal_airspace,0,1
40,fence24,random_waypoint,3,560,520,350.188,608.153,20,11,750,650,15,402.027,-72.1393,-60,0,0,0,1,internal_airspace,0,1
40,fence24,random_waypoint,3,560,520,350.188,608.153,20,12,750,550,15,404.05,-72.1829,-60,0,0,0,1,internal_airspace,0,1
40,fence24,random_waypoint,3,560,520,350.188,608.153,20,13,750,450,15,429.985,-72.7233,-60,0,0,0,1,internal_airspace,0,1
40,fence24,random_waypoint,3,560,520,350.188,608.153,20,14,750,350,15,475.938,-73.6052,-60,0,0,0,1,internal_airspace,0,1
40,fence24,random_waypoint,3,560,520,350.188,608.153,20,15,750,300,15,504.81,-74.1168,-60,0,0,0,1,internal_airspace,0,1
40,fence24,random_waypoint,3,560,520,350.188,608.153,20,16,700,300,15,466.21,-73.4259,-60,0,0,0,1,internal_airspace,0,1
40,fence24,random_waypoint,3,560,520,350.188,608.153,20,17,600,300,15,396.723,-72.024,-60,0,0,0,1,internal_airspace,0,1
40,fence24,random_waypoint,3,560,520,350.188,608.153,20,18,400,300,15,312.193,-69.9427,-60,0,0,0,1,internal_airspace,0,1
40,fence24,random_waypoint,3,560,520,350.188,608.153,20,19,300,300,15,312.253,-69.9444,-60,0,0,0,1,internal_airspace,0,1
40,fence24,random_waypoint,3,560,520,350.188,608.153,20,20,300,500,15,119.335,-61.5896,-60,0,0,0,1,internal_airspace,0,1
40,fence24,random_waypoint,3,560,520,350.188,608.153,20,21,500,350,15,298.515,-69.5536,-60,0,0,0,1,internal_airspace,0,1
40,fence24,random_waypoint,3,560,520,350.188,608.153,20,22,700,500,15,366.183,-71.3282,-60,0,0,0,1,internal_airspace,0,1
40,fence24,random_waypoint,3,560,520,350.188,608.153,20,23,500,650,15,155.627,-63.8959,-60,0,0,0,1,internal_airspace,0,1
41,fence24,random_waypoint,3,560,520,358.239,602.222,20,0,250,300,15,321.059,-70.1859,-60,0,0,0,1,internal_airspace,0,1
41,fence24,random_waypoint,3,560,520,358.239,602.222,20,1,250,350,15,274.511,-68.8254,-60,0,0,0,1,internal_airspace,0,1
41,fence24,random_waypoint,3,560,520,358.239,602.222,20,2,250,450,15,186.848,-65.484,-60,0,0,0,1,internal_airspace,0,1
41,fence24,random_waypoint,3,560,520,358.239,602.222,20,3,250,550,15,120.282,-61.6583,-60,0,0,0,1,internal_airspace,0,1
41,fence24,random_waypoint,3,560,520,358.239,602.222,20,4,250,650,15,118.421,-61.5228,-60,0,0,0,1,internal_airspace,0,1
41,fence24,random_waypoint,3,560,520,358.239,602.222,20,5,250,700,15,145.95,-63.3383,-60,0,0,0,1,internal_airspace,0,1
41,fence24,random_waypoint,3,560,520,358.239,602.222,20,6,300,700,15,113.919,-61.1861,-60,0,0,0,1,internal_airspace,0,1
41,fence24,random_waypoint,3,560,520,358.239,602.222,20,7,400,700,15,106.44,-60.5964,-60,0,0,0,1,internal_airspace,0,1
41,fence24,random_waypoint,3,560,520,358.239,602.222,20,8,600,700,15,260.833,-68.3815,-60,0,0,0,1,internal_airspace,0,1
41,fence24,random_waypoint,3,560,520,358.239,602.222,20,9,700,700,15,355.508,-71.0712,-60,0,0,0,1,internal_airspace,0,1
41,fence24,random_waypoint,3,560,520,358.239,602.222,20,10,750,700,15,403.809,-72.1778,-60,0,0,0,1,internal_airspace,0,1
41,fence24,random_waypoint,3,560,520,358.239,602.222,20,11,750,650,15,394.695,-71.9795,-60,0,0,0,1,internal_airspace,0,1
41,fence24,random_waypoint,3,560,520,358.239,602.222,20,12,750,550,15,395.258,-71.9918,-60,0,0,0,1,internal_airspace,0,1
41,fence24,random_waypoint,3,560,520,358.239,602.222,20,13,750,450,15,420.325,-72.5259,-60,0,0,0,1,internal_airspace,0,1
41,fence24,random_waypoint,3,560,520,358.239,602.222,20,14,750,350,15,465.958,-73.4212,-60,0,0,0,1,internal_airspace,0,1
41,fence24,random_waypoint,3,560,520,358.239,602.222,20,15,750,300,15,494.812,-73.943,-60,0,0,0,1,internal_airspace,0,1
41,fence24,random_waypoint,3,560,520,358.239,602.222,20,16,700,300,15,456.249,-73.2383,-60,0,0,0,1,internal_airspace,0,1
41,fence24,random_waypoint,3,560,520,358.239,602.222,20,17,600,300,15,387.054,-71.8097,-60,0,0,0,1,internal_airspace,0,1
41,fence24,random_waypoint,3,560,520,358.239,602.222,20,18,400,300,15,305.134,-69.744,-60,0,0,0,1,internal_airspace,0,1
41,fence24,random_waypoint,3,560,520,358.239,602.222,20,19,300,300,15,307.823,-69.8202,-60,0,0,0,1,internal_airspace,0,1
41,fence24,random_waypoint,3,560,520,358.239,602.222,20,20,300,500,15,117.754,-61.4738,-60,0,0,0,1,internal_airspace,0,1
41,fence24,random_waypoint,3,560,520,358.239,602.222,20,21,500,350,15,289.373,-69.2834,-60,0,0,0,1,internal_airspace,0,1
41,fence24,random_waypoint,3,560,520,358.239,602.222,20,22,700,500,15,356.756,-71.1016,-60,0,0,0,1,internal_airspace,0,1
41,fence24,random_waypoint,3,560,520,358.239,602.222,20,23,500,650,15,149.679,-63.5575,-60,0,0,0,1,internal_airspace,0,1
42,fence24,random_waypoint,3,560,520,366.291,596.29,20,0,250,300,15,318.334,-70.1119,-60,0,0,0,1,internal_airspace,0,1
42,fence24,random_waypoint,3,560,520,366.291,596.29,20,1,250,350,15,272.411,-68.7587,-60,0,0,0,1,internal_airspace,0,1
42,fence24,random_waypoint,3,560,520,366.291,596.29,20,2,250,450,15,186.948,-65.4886,-60,0,0,0,1,internal_airspace,0,1
42,fence24,random_waypoint,3,560,520,366.291,596.29,20,3,250,550,15,125.265,-62.0108,-60,0,0,0,1,internal_airspace,0,1
42,fence24,random_waypoint,3,560,520,366.291,596.29,20,4,250,650,15,128.192,-62.2114,-60,0,0,0,1,internal_airspace,0,1
42,fence24,random_waypoint,3,560,520,366.291,596.29,20,5,250,700,15,155.898,-63.911,-60,0,0,0,1,internal_airspace,0,1
42,fence24,random_waypoint,3,560,520,366.291,596.29,20,6,300,700,15,123.187,-61.8655,-60,0,0,0,1,internal_airspace,0,1
42,fence24,random_waypoint,3,560,520,366.291,596.29,20,7,400,700,15,109.165,-60.8159,-60,0,0,0,1,internal_airspace,0,1
42,fence24,random_waypoint,3,560,520,366.291,596.29,20,8,600,700,15,255.736,-68.2101,-60,0,0,0,1,internal_airspace,0,1
42,fence24,random_waypoint,3,560,520,366.291,596.29,20,9,700,700,15,349.489,-70.9229,-60,0,0,0,1,internal_airspace,0,1
42,fence24,random_waypoint,3,560,520,366.291,596.29,20,10,750,700,15,397.509,-72.0412,-60,0,0,0,1,internal_airspace,0,1
42,fence24,random_waypoint,3,560,520,366.291,596.29,20,11,750,650,15,387.482,-71.8193,-60,0,0,0,1,internal_airspace,0,1
42,fence24,random_waypoint,3,560,520,366.291,596.29,20,12,750,550,15,386.524,-71.7978,-60,0,0,0,1,internal_airspace,0,1
42,fence24,random_waypoint,3,560,520,366.291,596.29,20,13,750,450,15,410.681,-72.3243,-60,0,0,0,1,internal_airspace,0,1
42,fence24,random_waypoint,3,560,520,366.291,596.29,20,14,750,350,15,455.979,-73.2331,-60,0,0,0,1,internal_airspace,0,1
42,fence24,random_waypoint,3,560,520,366.291,596.29,20,15,750,300,15,484.815,-73.7658,-60,0,0,0,1,internal_airspace,0,1
42,fence24,random_waypoint,3,560,520,366.291,596.29,20,16,700,300,15,446.29,-73.0466,-60,0,0,0,1,internal_airspace,0,1
42,fence24,random_waypoint,3,560,520,366.291,596.29,20,17,600,300,15,377.403,-71.5903,-60,0,0,0,1,internal_airspace,0,1
42,fence24,random_waypoint,3,560,520,366.291,596.29,20,18,400,300,15,298.244,-69.5457,-60,0,0,0,1,internal_airspace,0,1
42,fence24,random_waypoint,3,560,520,366.291,596.29,20,19,300,300,15,303.657,-69.7019,-60,0,0,0,1,internal_airspace,0,1
42,fence24,random_waypoint,3,560,520,366.291,596.29,20,20,300,500,15,117.01,-61.4187,-60,0,0,0,1,internal_airspace,0,1
42,fence24,random_waypoint,3,560,520,366.291,596.29,20,21,500,350,15,280.29,-69.0064,-60,0,0,0,1,internal_airspace,0,1
42,fence24,random_waypoint,3,560,520,366.291,596.29,20,22,700,500,15,347.36,-70.8698,-60,0,0,0,1,internal_airspace,0,1
42,fence24,random_waypoint,3,560,520,366.291,596.29,20,23,500,650,15,144.18,-63.2323,-60,0,0,0,1,internal_airspace,0,1
43,fence24,random_waypoint,3,560,520,374.342,590.359,20,0,250,300,15,315.902,-70.0453,-60,0,0,0,1,internal_airspace,0,1
43,fence24,random_waypoint,3,560,520,374.342,590.359,20,1,250,350,15,270.663,-68.7028,-60,0,0,0,1,internal_airspace,0,1
43,fence24,random_waypoint,3,560,520,374.342,590.359,20,2,250,450,15,187.581,-65.518,-60,0,0,0,1,internal_airspace,0,1
43,fence24,random_waypoint,3,560,520,374.342,590.359,20,3,250,550,15,130.823,-62.3879,-60,0,0,0,1,internal_airspace,0,1
43,fence24,random_waypoint,3,560,520,374.342,590.359,20,4,250,650,15,137.996,-62.8515,-60,0,0,0,1,internal_airspace,0,1
43,fence24,random_waypoint,3,560,520,374.342,590.359,20,5,250,700,15,165.852,-64.4486,-60,0,0,0,1,internal_airspace,0,1
43,fence24,random_waypoint,3,560,520,374.342,590.359,20,6,300,700,15,132.562,-62.5026,-60,0,0,0,1,internal_airspace,0,1
43,fence24,random_waypoint,3,560,520,374.342,590.359,20,7,400,700,15,112.714,-61.0938,-60,0,0,0,1,internal_airspace,0,1
43,fence24,random_waypoint,3,560,520,374.342,590.359,20,8,600,700,15,250.934,-68.0454,-60,0,0,0,1,internal_airspace,0,1
43,fence24,random_waypoint,3,560,520,374.342,590.359,20,9,700,700,15,343.656,-70.7767,-60,0,0,0,1,internal_airspace,0,1
43,fence24,random_waypoint,3,560,520,374.342,590.359,20,10,750,700,15,391.363,-71.9058,-60,0,0,0,1,internal_airspace,0,1
43,fence24,random_waypoint,3,560,520,374.342,590.359,20,11,750,650,15,380.396,-71.6589,-60,0,0,0,1,internal_airspace,0,1
43,fence24,random_waypoint,3,560,520,374.342,590.359,20,12,750,550,15,377.853,-71.6007,-60,0,0,0,1,internal_airspace,0,1
43,fence24,random_waypoint,3,560,520,374.342,590.359,20,13,750,450,15,401.055,-72.1183,-60,0,0,0,1,internal_airspace,0,1
43,fence24,random_waypoint,3,560,520,374.342,590.359,20,14,750,350,15,446.001,-73.0409,-60,0,0,0,1,internal_airspace,0,1
43,fence24,random_waypoint,3,560,520,374.342,590.359,20,15,750,300,15,474.819,-73.5848,-60,0,0,0,1,internal_airspace,0,1
43,fence24,random_waypoint,3,560,520,374.342,590.359,20,16,700,300,15,436.333,-72.8506,-60,0,0,0,1,internal_airspace,0,1
43,fence24,random_waypoint,3,560,520,374.342,590.359,20,17,600,300,15,367.771,-71.3658,-60,0,0,0,1,internal_airspace,0,1
43,fence24,random_waypoint,3,560,520,374.342,590.359,20,18,400,300,15,291.534,-69.348,-60,0,0,0,1,internal_airspace,0,1
43,fence24,random_waypoint,3,560,520,374.342,590.359,20,19,300,300,15,299.767,-69.5899,-60,0,0,0,1,internal_airspace,0,1
43,fence24,random_waypoint,3,560,520,374.342,590.359,20,20,300,500,15,117.117,-61.4267,-60,0,0,0,1,internal_airspace,0,1
43,fence24,random_waypoint,3,560,520,374.342,590.359,20,21,500,350,15,271.27,-68.7223,-60,0,0,0,1,internal_airspace,0,1
43,fence24,random_waypoint,3,560,520,374.342,590.359,20,22,700,500,15,337.999,-70.6325,-60,0,0,0,1,internal_airspace,0,1
43,fence24,random_waypoint,3,560,520,374.342,590.359,20,23,500,650,15,139.183,-62.926,-60,0,0,0,1,internal_airspace,0,1
44,fence24,random_waypoint,3,560,520,382.393,584.428,20,0,250,300,15,313.771,-69.9865,-60,0,0,0,1,internal_airspace,0,1
44,fence24,random_waypoint,3,560,520,382.393,584.428,20,1,250,350,15,269.276,-68.6582,-60,0,0,0,1,internal_airspace,0,1
44,fence24,random_waypoint,3,560,520,382.393,584.428,20,2,250,450,15,188.743,-65.5716,-60,0,0,0,1,internal_airspace,0,1
44,fence24,random_waypoint,3,560,520,382.393,584.428,20,3,250,550,15,136.887,-62.7815,-60,0,0,0,1,internal_airspace,0,1
44,fence24,random_waypoint,3,560,520,382.393,584.428,20,4,250,650,15,147.826,-63.4492,-60,0,0,0,1,internal_airspace,0,1
44,fence24,random_waypoint,3,560,520,382.393,584.428,20,5,250,700,15,175.812,-64.9552,-60,0,0,0,1,internal_airspace,0,1
44,fence24,random_waypoint,3,560,520,382.393,584.428,20,6,300,700,15,142.023,-63.1014,-60,0,0,0,1,internal_airspace,0,1
44,fence24,random_waypoint,3,560,520,382.393,584.428,20,7,400,700,15,117.012,-61.4189,-60,0,0,0,1,internal_airspace,0,1
44,fence24,random_waypoint,3,560,520,382.393,584.428,20,8,600,700,15,246.444,-67.8886,-60,0,0,0,1,internal_airspace,0,1
44,fence24,random_waypoint,3,560,520,382.393,584.428,20,9,700,700,15,338.018,-70.633,-60,0,0,0,1,internal_airspace,0,1
44,fence24,random_waypoint,3,560,520,382.393,584.428,20,10,750,700,15,385.379,-71.772,-60,0,0,0,1,internal_airspace,0,1
44,fence24,random_waypoint,3,560,520,382.393,584.428,20,11,750,650,15,373.443,-71.4987,-60,0,0,0,1,internal_airspace,0,1
44,fence24,random_waypoint,3,560,520,382.393,584.428,20,12,750,550,15,369.25,-71.4006,-60,0,0,0,1,internal_airspace,0,1
44,fence24,random_waypoint,3,560,520,382.393,584.428,20,13,750,450,15,391.447,-71.9077,-60,0,0,0,1,internal_airspace,0,1
44,fence24,random_waypoint,3,560,520,382.393,584.428,20,14,750,350,15,436.024,-72.8444,-60,0,0,0,1,internal_airspace,0,1
44,fence24,random_waypoint,3,560,520,382.393,584.428,20,15,750,300,15,464.822,-73.4,-60,0,0,0,1,internal_airspace,0,1
44,fence24,random_waypoint,3,560,520,382.393,584.428,20,16,700,300,15,426.379,-72.6501,-60,0,0,0,1,internal_airspace,0,1
44,fence24,random_waypoint,3,560,520,382.393,584.428,20,17,600,300,15,358.158,-71.1357,-60,0,0,0,1,internal_airspace,0,1
44,fence24,random_waypoint,3,560,520,382.393,584.428,20,18,400,300,15,285.016,-69.1516,-60,0,0,0,1,internal_airspace,0,1
44,fence24,random_waypoint,3,560,520,382.393,584.428,20,19,300,300,15,296.164,-69.4849,-60,0,0,0,1,internal_airspace,0,1
44,fence24,random_waypoint,3,560,520,382.393,584.428,20,20,300,500,15,118.075,-61.4974,-60,0,0,0,1,internal_airspace,0,1
44,fence24,random_waypoint,3,560,520,382.393,584.428,20,21,500,350,15,262.322,-68.4309,-60,0,0,0,1,internal_airspace,0,1
44,fence24,random_waypoint,3,560,520,382.393,584.428,20,22,700,500,15,328.675,-70.3896,-60,0,0,0,1,internal_airspace,0,1
44,fence24,random_waypoint,3,560,520,382.393,584.428,20,23,500,650,15,134.745,-62.6445,-60,0,0,0,1,internal_airspace,0,1
45,fence24,random_waypoint,3,560,520,390.444,578.497,20,0,250,300,15,311.946,-69.9358,-60,0,0,0,1,internal_airspace,0,1
45,fence24,random_waypoint,3,560,520,390.444,578.497,20,1,250,350,15,268.254,-68.6252,-60,0,0,0,1,internal_airspace,0,1
45,fence24,random_waypoint,3,560,520,390.444,578.497,20,2,250,450,15,190.423,-65.6486,-60,0,0,0,1,internal_airspace,0,1
45,fence24,random_waypoint,3,560,520,390.444,578.497,20,3,250,550,15,143.393,-63.1848,-60,0,0,0,1,internal_airspace,0,1
45,fence24,random_waypoint,3,560,520,390.444,578.497,20,4,250,650,15,157.678,-64.0096,-60,0,0,0,1,internal_airspace,0,1
45,fence24,random_waypoint,3,560,520,390.444,578.497,20,5,250,700,15,185.775,-65.434,-60,0,0,0,1,internal_airspace,0,1
45,fence24,random_waypoint,3,560,520,390.444,578.497,20,6,300,700,15,151.552,-63.6655,-60,0,0,0,1,internal_airspace,0,1
45,fence24,random_waypoint,3,560,520,390.444,578.497,20,7,400,700,15,121.981,-61.7801,-60,0,0,0,1,internal_airspace,0,1
45,fence24,random_waypoint,3,560,520,390.444,578.497,20,8,600,700,15,242.284,-67.7407,-60,0,0,0,1,internal_airspace,0,1
45,fence24,random_waypoint,3,560,520,390.444,578.497,20,9,700,700,15,332.585,-70.4923,-60,0,0,0,1,internal_airspace,0,1
45,fence24,random_waypoint,3,560,520,390.444,578.497,20,10,750,700,15,379.564,-71.6399,-60,0,0,0,1,internal_airspace,0,1
45,fence24,random_waypoint,3,560,520,390.444,578.497,20,11,750,650,15,366.631,-71.3388,-60,0,0,0,1,internal_airspace,0,1
45,fence24,random_waypoint,3,560,520,390.444,578.497,20,12,750,550,15,360.718,-71.1976,-60,0,0,0,1,internal_airspace,0,1
45,fence24,random_waypoint,3,560,520,390.444,578.497,20,13,750,450,15,381.86,-71.6923,-60,0,0,0,1,internal_airspace,0,1
45,fence24,random_waypoint,3,560,520,390.444,578.497,20,14,750,350,15,426.047,-72.6434,-60,0,0,0,1,internal_airspace,0,1
45,fence24,random_waypoint,3,560,520,390.444,578.497,20,15,750,300,15,454.825,-73.2111,-60,0,0,0,1,internal_airspace,0,1
45,fence24,random_waypoint,3,560,520,390.444,578.497,20,16,700,300,15,416.426,-72.445,-60,0,0,0,1,internal_airspace,0,1
45,fence24,random_waypoint,3,560,520,390.444,578.497,20,17,600,300,15,348.567,-70.9,-60,0,0,0,1,internal_airspace,0,1
45,fence24,random_waypoint,3,560,520,390.444,578.497,20,18,400,300,15,278.706,-68.9571,-60,0,0,0,1,internal_airspace,0,1
45,fence24,random_waypoint,3,560,520,390.444,578.497,20,19,300,300,15,292.858,-69.3874,-60,0,0,0,1,internal_airspace,0,1
45,fence24,random_waypoint,3,560,520,390.444,578.497,20,20,300,500,15,119.862,-61.6278,-60,0,0,0,1,internal_airspace,0,1
45,fence24,random_waypoint,3,560,520,390.444,578.497,20,21,500,350,15,253.453,-68.1322,-60,0,0,0,1,internal_airspace,0,1
45,fence24,random_waypoint,3,560,520,390.444,578.497,20,22,700,500,15,319.393,-70.1407,-60,0,0,0,1,internal_airspace,0,1
45,fence24,random_waypoint,3,560,520,390.444,578.497,20,23,500,650,15,130.921,-62.3944,-60,0,0,0,1,internal_airspace,0,1
46,fence24,random_waypoint,3,560,520,398.495,572.566,20,0,250,300,15,310.432,-69.8935,-60,0,0,0,1,internal_airspace,0,1
46,fence24,random_waypoint,3,560,520,398.495,572.566,20,1,250,350,15,267.603,-68.604,-60,0,0,0,1,internal_airspace,0,1
46,fence24,random_waypoint,3,560,520,398.495,572.566,20,2,250,450,15,192.609,-65.7477,-60,0,0,0,1,internal_airspace,0,1
46,fence24,random_waypoint,3,560,520,398.495,572.566,20,3,250,550,15,150.283,-63.5924,-60,0,0,0,1,internal_airspace,0,1
46,fence24,random_waypoint,3,560,520,398.495,572.566,20,4,250,650,15,167.547,-64.5369,-60,0,0,0,1,internal_airspace,0,1
46,fence24,random_waypoint,3,560,520,398.495,572.566,20,5,250,700,15,195.743,-65.8879,-60,0,0,0,1,internal_airspace,0,1
46,fence24,random_waypoint,3,560,520,398.495,572.566,20,6,300,700,15,161.139,-64.1982,-60,0,0,0,1,internal_airspace,0,1
46,fence24,random_waypoint,3,560,520,398.495,572.566,20,7,400,700,15,127.541,-62.1672,-60,0,0,0,1,internal_airspace,0,1
46,fence24,random_waypoint,3,560,520,398.495,572.566,20,8,600,700,15,238.472,-67.603,-60,0,0,0,1,internal_airspace,0,1
46,fence24,random_waypoint,3,560,520,398.495,572.566,20,9,700,700,15,327.368,-70.3549,-60,0,0,0,1,internal_airspace,0,1
46,fence24,random_waypoint,3,560,520,398.495,572.566,20,10,750,700,15,373.925,-71.5099,-60,0,0,0,1,internal_airspace,0,1
46,fence24,random_waypoint,3,560,520,398.495,572.566,20,11,750,650,15,359.968,-71.1795,-60,0,0,0,1,internal_airspace,0,1
46,fence24,random_waypoint,3,560,520,398.495,572.566,20,12,750,550,15,352.264,-70.9916,-60,0,0,0,1,internal_airspace,0,1
46,fence24,random_waypoint,3,560,520,398.495,572.566,20,13,750,450,15,372.294,-71.472,-60,0,0,0,1,internal_airspace,0,1
46,fence24,random_waypoint,3,560,520,398.495,572.566,20,14,750,350,15,416.072,-72.4376,-60,0,0,0,1,internal_airspace,0,1
46,fence24,random_waypoint,3,560,520,398.495,572.566,20,15,750,300,15,444.829,-73.0181,-60,0,0,0,1,internal_airspace,0,1
46,fence24,random_waypoint,3,560,520,398.495,572.566,20,16,700,300,15,406.475,-72.2349,-60,0,0,0,1,internal_airspace,0,1
46,fence24,random_waypoint,3,560,520,398.495,572.566,20,17,600,300,15,339,-70.6582,-60,0,0,0,1,internal_airspace,0,1
46,fence24,random_waypoint,3,560,520,398.495,572.566,20,18,400,300,15,272.616,-68.7652,-60,0,0,0,1,internal_airspace,0,1
46,fence24,random_waypoint,3,560,520,398.495,572.566,20,19,300,300,15,289.859,-69.298,-60,0,0,0,1,internal_airspace,0,1
46,fence24,random_waypoint,3,560,520,398.495,572.566,20,20,300,500,15,122.442,-61.8128,-60,0,0,0,1,internal_airspace,0,1
46,fence24,random_waypoint,3,560,520,398.495,572.566,20,21,500,350,15,244.671,-67.8259,-60,0,0,0,1,internal_airspace,0,1
46,fence24,random_waypoint,3,560,520,398.495,572.566,20,22,700,500,15,310.155,-69.8858,-60,0,0,0,1,internal_airspace,0,1
46,fence24,random_waypoint,3,560,520,398.495,572.566,20,23,500,650,15,127.767,-62.1826,-60,0,0,0,1,internal_airspace,0,1
47,fence24,random_waypoint,3,560,520,406.866,567.269,20,0,250,300,15,309.943,-69.8799,-60,0,0,0,1,internal_airspace,0,1
47,fence24,random_waypoint,3,560,520,406.866,567.269,20,1,250,350,15,268.025,-68.6177,-60,0,0,0,1,internal_airspace,0,1
47,fence24,random_waypoint,3,560,520,406.866,567.269,20,2,250,450,15,195.918,-65.8957,-60,0,0,0,1,internal_airspace,0,1
47,fence24,random_waypoint,3,560,520,406.866,567.269,20,3,250,550,15,157.893,-64.0215,-60,0,0,0,1,internal_airspace,0,1
47,fence24,random_waypoint,3,560,520,406.866,567.269,20,4,250,650,15,177.416,-65.0341,-60,0,0,0,1,internal_airspace,0,1
47,fence24,random_waypoint,3,560,520,406.866,567.269,20,5,250,700,15,205.547,-66.3124,-60,0,0,0,1,internal_airspace,0,1
47,fence24,random_waypoint,3,560,520,406.866,567.269,20,6,300,700,15,170.479,-64.6876,-60,0,0,0,1,internal_airspace,0,1
47,fence24,random_waypoint,3,560,520,406.866,567.269,20,7,400,700,15,133.003,-62.5314,-60,0,0,0,1,internal_airspace,0,1
47,fence24,random_waypoint,3,560,520,406.866,567.269,20,8,600,700,15,234.4,-67.4534,-60,0,0,0,1,internal_airspace,0,1
47,fence24,random_waypoint,3,560,520,406.866,567.269,20,9,700,700,15,321.823,-70.2066,-60,0,0,0,1,internal_airspace,0,1
47,fence24,random_waypoint,3,560,520,406.866,567.269,20,10,750,700,15,367.945,-71.3699,-60,0,0,0,1,internal_airspace,0,1
47,fence24,random_waypoint,3,560,520,406.866,567.269,20,11,750,650,15,353.002,-71.0098,-60,0,0,0,1,internal_airspace,0,1
47,fence24,random_waypoint,3,560,520,406.866,567.269,20,12,750,550,15,343.605,-70.7754,-60,0,0,0,1,internal_airspace,0,1
47,fence24,random_waypoint,3,560,520,406.866,567.269,20,13,750,450,15,362.654,-71.2441,-60,0,0,0,1,internal_airspace,0,1
47,fence24,random_waypoint,3,560,520,406.866,567.269,20,14,750,350,15,406.167,-72.2283,-60,0,0,0,1,internal_airspace,0,1
47,fence24,random_waypoint,3,560,520,406.866,567.269,20,15,750,300,15,434.969,-72.8234,-60,0,0,0,1,internal_airspace,0,1
47,fence24,random_waypoint,3,560,520,406.866,567.269,20,16,700,300,15,396.718,-72.0239,-60,0,0,0,1,internal_airspace,0,1
47,fence24,random_waypoint,3,560,520,406.866,567.269,20,17,600,300,15,329.785,-70.4188,-60,0,0,0,1,internal_airspace,0,1
47,fence24,random_waypoint,3,560,520,406.866,567.269,20,18,400,300,15,267.404,-68.5976,-60,0,0,0,1,internal_airspace,0,1
47,fence24,random_waypoint,3,560,520,406.866,567.269,20,19,300,300,15,287.885,-69.2386,-60,0,0,0,1,internal_airspace,0,1
47,fence24,random_waypoint,3,560,520,406.866,567.269,20,20,300,500,15,126.374,-62.0874,-60,0,0,0,1,internal_airspace,0,1
47,fence24,random_waypoint,3,560,520,406.866,567.269,20,21,500,350,15,236.442,-67.5287,-60,0,0,0,1,internal_airspace,0,1
47,fence24,random_waypoint,3,560,520,406.866,567.269,20,22,700,500,15,300.795,-69.6196,-60,0,0,0,1,internal_airspace,0,1
47,fence24,random_waypoint,3,560,520,406.866,567.269,20,23,500,650,15,124.673,-61.9697,-60,0,0,0,1,internal_airspace,0,1
48,fence24,random_waypoint,3,560,520,416.421,564.319,20,0,250,300,15,312.387,-69.9481,-60,0,0,0,1,internal_airspace,0,1
48,fence24,random_waypoint,3,560,520,416.421,564.319,20,1,250,350,15,271.392,-68.7262,-60,0,0,0,1,internal_airspace,0,1
48,fence24,random_waypoint,3,560,520,416.421,564.319,20,2,250,450,15,201.965,-66.1598,-60,0,0,0,1,internal_airspace,0,1
48,fence24,random_waypoint,3,560,520,416.421,564.319,20,3,250,550,15,167.111,-64.5143,-60,0,0,0,1,internal_airspace,0,1
48,fence24,random_waypoint,3,560,520,416.421,564.319,20,4,250,650,15,187.249,-65.5026,-60,0,0,0,1,internal_airspace,0,1
48,fence24,random_waypoint,3,560,520,416.421,564.319,20,5,250,700,15,214.78,-66.6941,-60,0,0,0,1,internal_airspace,0,1
48,fence24,random_waypoint,3,560,520,416.421,564.319,20,6,300,700,15,178.852,-65.1041,-60,0,0,0,1,internal_airspace,0,1
48,fence24,random_waypoint,3,560,520,416.421,564.319,20,7,400,700,15,136.762,-62.7736,-60,0,0,0,1,internal_airspace,0,1
48,fence24,random_waypoint,3,560,520,416.421,564.319,20,8,600,700,15,228.332,-67.2256,-60,0,0,0,1,internal_airspace,0,1
48,fence24,random_waypoint,3,560,520,416.421,564.319,20,9,700,700,15,314.406,-70.004,-60,0,0,0,1,internal_airspace,0,1
48,fence24,random_waypoint,3,560,520,416.421,564.319,20,10,750,700,15,360.151,-71.1839,-60,0,0,0,1,internal_airspace,0,1
48,fence24,random_waypoint,3,560,520,416.421,564.319,20,11,750,650,15,344.443,-70.7966,-60,0,0,0,1,internal_airspace,0,1
48,fence24,random_waypoint,3,560,520,416.421,564.319,20,12,750,550,15,333.923,-70.5272,-60,0,0,0,1,internal_airspace,0,1
48,fence24,random_waypoint,3,560,520,416.421,564.319,20,13,750,450,15,352.659,-71.0013,-60,0,0,0,1,internal_airspace,0,1
48,fence24,random_waypoint,3,560,520,416.421,564.319,20,14,750,350,15,396.526,-72.0196,-60,0,0,0,1,internal_airspace,0,1
48,fence24,random_waypoint,3,560,520,416.421,564.319,20,15,750,300,15,425.634,-72.635,-60,0,0,0,1,internal_airspace,0,1
48,fence24,random_waypoint,3,560,520,416.421,564.319,20,16,700,300,15,387.694,-71.824,-60,0,0,0,1,internal_airspace,0,1
48,fence24,random_waypoint,3,560,520,416.421,564.319,20,17,600,300,15,321.855,-70.2074,-60,0,0,0,1,internal_airspace,0,1
48,fence24,random_waypoint,3,560,520,416.421,564.319,20,18,400,300,15,264.876,-68.5151,-60,0,0,0,1,internal_airspace,0,1
48,fence24,random_waypoint,3,560,520,416.421,564.319,20,19,300,300,15,288.866,-69.2682,-60,0,0,0,1,internal_airspace,0,1
48,fence24,random_waypoint,3,560,520,416.421,564.319,20,20,300,500,15,133.101,-62.5379,-60,0,0,0,1,internal_airspace,0,1
48,fence24,random_waypoint,3,560,520,416.421,564.319,20,21,500,350,15,230.094,-67.2923,-60,0,0,0,1,internal_airspace,0,1
48,fence24,random_waypoint,3,560,520,416.421,564.319,20,22,700,500,15,290.824,-69.3268,-60,0,0,0,1,internal_airspace,0,1
48,fence24,random_waypoint,3,560,520,416.421,564.319,20,23,500,650,15,119.798,-61.6232,-60,0,0,0,1,internal_airspace,0,1
49,fence24,random_waypoint,3,560,520,425.976,561.37,20,0,250,300,15,315.13,-70.024,-60,0,0,0,1,internal_airspace,0,1
49,fence24,random_waypoint,3,560,520,425.976,561.37,20,1,250,350,15,275.082,-68.8435,-60,0,0,0,1,internal_airspace,0,1
49,fence24,random_waypoint,3,560,520,425.976,561.37,20,2,250,450,15,208.317,-66.4287,-60,0,0,0,1,internal_airspace,0,1
49,fence24,random_waypoint,3,560,520,425.976,561.37,20,3,250,550,15,176.414,-64.9849,-60,0,0,0,1,internal_airspace,0,1
49,fence24,random_waypoint,3,560,520,425.976,561.37,20,4,250,650,15,197.099,-65.9479,-60,0,0,0,1,internal_airspace,0,1
49,fence24,random_waypoint,3,560,520,425.976,561.37,20,5,250,700,15,224.078,-67.0622,-60,0,0,0,1,internal_airspace,0,1
49,fence24,random_waypoint,3,560,520,425.976,561.37,20,6,300,700,15,187.386,-65.509,-60,0,0,0,1,internal_airspace,0,1
49,fence24,random_waypoint,3,560,520,425.976,561.37,20,7,400,700,15,141.132,-63.0467,-60,0,0,0,1,internal_airspace,0,1
49,fence24,random_waypoint,3,560,520,425.976,561.37,20,8,600,700,15,222.548,-67.0027,-60,0,0,0,1,internal_airspace,0,1
49,fence24,random_waypoint,3,560,520,425.976,561.37,20,9,700,700,15,307.136,-69.8008,-60,0,0,0,1,internal_airspace,0,1
49,fence24,random_waypoint,3,560,520,425.976,561.37,20,10,750,700,15,352.469,-70.9967,-60,0,0,0,1,internal_airspace,0,1
49,fence24,random_waypoint,3,560,520,425.976,561.37,20,11,750,650,15,335.964,-70.5801,-60,0,0,0,1,internal_airspace,0,1
49,fence24,random_waypoint,3,560,520,425.976,561.37,20,12,750,550,15,324.262,-70.2721,-60,0,0,0,1,internal_airspace,0,1
49,fence24,random_waypoint,3,560,520,425.976,561.37,20,13,750,450,15,342.665,-70.7516,-60,0,0,0,1,internal_airspace,0,1
49,fence24,random_waypoint,3,560,520,425.976,561.37,20,14,750,350,15,386.902,-71.8063,-60,0,0,0,1,internal_airspace,0,1
49,fence24,random_waypoint,3,560,520,425.976,561.37,20,15,750,300,15,416.33,-72.443,-60,0,0,0,1,internal_airspace,0,1
49,fence24,random_waypoint,3,560,520,425.976,561.37,20,16,700,300,15,378.719,-71.6206,-60,0,0,0,1,internal_airspace,0,1
49,fence24,random_waypoint,3,560,520,425.976,561.37,20,17,600,300,15,314.044,-69.994,-60,0,0,0,1,internal_airspace,0,1
49,fence24,random_waypoint,3,560,520,425.976,561.37,20,18,400,300,15,262.705,-68.4436,-60,0,0,0,1,internal_airspace,0,1
49,fence24,random_waypoint,3,560,520,425.976,561.37,20,19,300,300,15,290.188,-69.3078,-60,0,0,0,1,internal_airspace,0,1
49,fence24,random_waypoint,3,560,520,425.976,561.37,20,20,300,500,15,140.219,-62.9903,-60,0,0,0,1,internal_airspace,0,1
49,fence24,random_waypoint,3,560,520,425.976,561.37,20,21,500,350,15,224.013,-67.0597,-60,0,0,0,1,internal_airspace,0,1
49,fence24,random_waypoint,3,560,520,425.976,561.37,20,22,700,500,15,280.856,-69.0239,-60,0,0,0,1,internal_airspace,0,1
49,fence24,random_waypoint,3,560,520,425.976,561.37,20,23,500,650,15,115.585,-61.3122,-60,0,0,0,1,internal_airspace,0,1
50,fence24,random_waypoint,3,560,520,435.532,558.42,20,0,250,300,15,318.164,-70.1072,-60,0,0,0,1,internal_airspace,0,1
50,fence24,random_waypoint,3,560,520,435.532,558.42,20,1,250,350,15,279.081,-68.9688,-60,0,0,0,1,internal_airspace,0,1
50,fence24,random_waypoint,3,560,520,435.532,558.42,20,2,250,450,15,214.946,-66.7008,-60,0,0,0,1,internal_airspace,0,1
50,fence24,random_waypoint,3,560,520,435.532,558.42,20,3,250,550,15,185.79,-65.4347,-60,0,0,0,1,internal_airspace,0,1
50,fence24,random_waypoint,3,560,520,435.532,558.42,20,4,250,650,15,206.963,-66.3721,-60,0,0,0,1,internal_airspace,0,1
50,fence24,random_waypoint,3,560,520,435.532,558.42,20,5,250,700,15,233.435,-67.4175,-60,0,0,0,1,internal_airspace,0,1
50,fence24,random_waypoint,3,560,520,435.532,558.42,20,6,300,700,15,196.058,-65.9019,-60,0,0,0,1,internal_airspace,0,1
50,fence24,random_waypoint,3,560,520,435.532,558.42,20,7,400,700,15,146.056,-63.3446,-60,0,0,0,1,internal_airspace,0,1
50,fence24,random_waypoint,3,560,520,435.532,558.42,20,8,600,700,15,217.071,-66.7862,-60,0,0,0,1,internal_airspace,0,1
50,fence24,random_waypoint,3,560,520,435.532,558.42,20,9,700,700,15,300.022,-69.5973,-60,0,0,0,1,internal_airspace,0,1
50,fence24,random_waypoint,3,560,520,435.532,558.42,20,10,750,700,15,344.906,-70.8082,-60,0,0,0,1,internal_airspace,0,1
50,fence24,random_waypoint,3,560,520,435.532,558.42,20,11,750,650,15,327.57,-70.3603,-60,0,0,0,1,internal_airspace,0,1
50,fence24,random_waypoint,3,560,520,435.532,558.42,20,12,750,550,15,314.621,-70.01,-60,0,0,0,1,internal_airspace,0,1
50,fence24,random_waypoint,3,560,520,435.532,558.42,20,13,750,450,15,332.672,-70.4945,-60,0,0,0,1,internal_airspace,0,1
50,fence24,random_waypoint,3,560,520,435.532,558.42,20,14,750,350,15,377.299,-71.5879,-60,0,0,0,1,internal_airspace,0,1
50,fence24,random_waypoint,3,560,520,435.532,558.42,20,15,750,300,15,407.058,-72.2474,-60,0,0,0,1,internal_airspace,0,1
50,fence24,random_waypoint,3,560,520,435.532,558.42,20,16,700,300,15,369.797,-71.4135,-60,0,0,0,1,internal_airspace,0,1
50,fence24,random_waypoint,3,560,520,435.532,558.42,20,17,600,300,15,306.359,-69.7788,-60,0,0,0,1,internal_airspace,0,1
50,fence24,random_waypoint,3,560,520,435.532,558.42,20,18,400,300,15,260.9,-68.3837,-60,0,0,0,1,internal_airspace,0,1
50,fence24,random_waypoint,3,560,520,435.532,558.42,20,19,300,300,15,291.847,-69.3573,-60,0,0,0,1,internal_airspace,0,1
50,fence24,random_waypoint,3,560,520,435.532,558.42,20,20,300,500,15,147.671,-63.4401,-60,0,0,0,1,internal_airspace,0,1
50,fence24,random_waypoint,3,560,520,435.532,558.42,20,21,500,350,15,218.221,-66.8321,-60,0,0,0,1,internal_airspace,0,1
50,fence24,random_waypoint,3,560,520,435.532,558.42,20,22,700,500,15,270.89,-68.7101,-60,0,0,0,1,internal_airspace,0,1
50,fence24,random_waypoint,3,560,520,435.532,558.42,20,23,500,650,15,112.107,-61.0469,-60,0,0,0,1,internal_airspace,0,1
51,fence24,random_waypoint,3,560,520,445.087,555.471,20,0,250,300,15,321.48,-70.1973,-60,0,0,0,1,internal_airspace,0,1
51,fence24,random_waypoint,3,560,520,445.087,555.471,20,1,250,350,15,283.376,-69.1015,-60,0,0,0,1,internal_airspace,0,1
51,fence24,random_waypoint,3,560,520,445.087,555.471,20,2,250,450,15,221.829,-66.9746,-60,0,0,0,1,internal_airspace,0,1
51,fence24,random_waypoint,3,560,520,445.087,555.471,20,3,250,550,15,195.227,-65.865,-60,0,0,0,1,internal_airspace,0,1
51,fence24,random_waypoint,3,560,520,445.087,555.471,20,4,250,650,15,216.84,-66.777,-60,0,0,0,1,internal_airspace,0,1
51,fence24,random_waypoint,3,560,520,445.087,555.471,20,5,250,700,15,242.843,-67.7607,-60,0,0,0,1,internal_airspace,0,1
51,fence24,random_waypoint,3,560,520,445.087,555.471,20,6,300,700,15,204.851,-66.283,-60,0,0,0,1,internal_airspace,0,1
51,fence24,random_waypoint,3,560,520,445.087,555.471,20,7,400,700,15,151.481,-63.6614,-60,0,0,0,1,internal_airspace,0,1
51,fence24,random_waypoint,3,560,520,445.087,555.471,20,8,600,700,15,211.924,-66.5778,-60,0,0,0,1,internal_airspace,0,1
51,fence24,random_waypoint,3,560,520,445.087,555.471,20,9,700,700,15,293.078,-69.3939,-60,0,0,0,1,internal_airspace,0,1
51,fence24,random_waypoint,3,560,520,445.087,555.471,20,10,750,700,15,337.47,-70.6189,-60,0,0,0,1,internal_airspace,0,1
51,fence24,random_waypoint,3,560,520,445.087,555.471,20,11,750,650,15,319.269,-70.1374,-60,0,0,0,1,internal_airspace,0,1
51,fence24,random_waypoint,3,560,520,445.087,555.471,20,12,750,550,15,305.003,-69.7403,-60,0,0,0,1,internal_airspace,0,1
51,fence24,random_waypoint,3,560,520,445.087,555.471,20,13,750,450,15,322.678,-70.2296,-60,0,0,0,1,internal_airspace,0,1
51,fence24,random_waypoint,3,560,520,445.087,555.471,20,14,750,350,15,367.716,-71.3645,-60,0,0,0,1,internal_airspace,0,1
51,fence24,random_waypoint,3,560,520,445.087,555.471,20,15,750,300,15,397.822,-72.048,-60,0,0,0,1,internal_airspace,0,1
51,fence24,random_waypoint,3,560,520,445.087,555.471,20,16,700,300,15,360.931,-71.2027,-60,0,0,0,1,internal_airspace,0,1
51,fence24,random_waypoint,3,560,520,445.087,555.471,20,17,600,300,15,298.812,-69.5622,-60,0,0,0,1,internal_airspace,0,1
51,fence24,random_waypoint,3,560,520,445.087,555.471,20,18,400,300,15,259.467,-68.3359,-60,0,0,0,1,internal_airspace,0,1
51,fence24,random_waypoint,3,560,520,445.087,555.471,20,19,300,300,15,293.838,-69.4164,-60,0,0,0,1,internal_airspace,0,1
51,fence24,random_waypoint,3,560,520,445.087,555.471,20,20,300,500,15,155.41,-63.8838,-60,0,0,0,1,internal_airspace,0,1
51,fence24,random_waypoint,3,560,520,445.087,555.471,20,21,500,350,15,212.741,-66.6113,-60,0,0,0,1,internal_airspace,0,1
51,fence24,random_waypoint,3,560,520,445.087,555.471,20,22,700,500,15,260.927,-68.3846,-60,0,0,0,1,internal_airspace,0,1
51,fence24,random_waypoint,3,560,520,445.087,555.471,20,23,500,650,15,109.436,-60.8374,-60,0,0,0,1,internal_airspace,0,1
52,fence24,random_waypoint,3,560,520,454.642,552.521,20,0,250,300,15,325.07,-70.2938,-60,0,0,0,1,internal_airspace,0,1
52,fence24,random_waypoint,3,560,520,454.642,552.521,20,1,250,350,15,287.955,-69.2407,-60,0,0,0,1,internal_airspace,0,1
52,fence24,random_waypoint,3,560,520,454.642,552.521,20,2,250,450,15,228.941,-67.2487,-60,0,0,0,1,internal_airspace,0,1
52,fence24,random_waypoint,3,560,520,454.642,552.521,20,3,250,550,15,204.718,-66.2774,-60,0,0,0,1,internal_airspace,0,1
52,fence24,random_waypoint,3,560,520,454.642,552.521,20,4,250,650,15,226.727,-67.1643,-60,0,0,0,1,internal_airspace,0,1
52,fence24,random_waypoint,3,560,520,454.642,552.521,20,5,250,700,15,252.296,-68.0924,-60,0,0,0,1,internal_airspace,0,1
52,fence24,random_waypoint,3,560,520,454.642,552.521,20,6,300,700,15,213.75,-66.6523,-60,0,0,0,1,internal_airspace,0,1
52,fence24,random_waypoint,3,560,520,454.642,552.521,20,7,400,700,15,157.355,-63.9918,-60,0,0,0,1,internal_airspace,0,1
52,fence24,random_waypoint,3,560,520,454.642,552.521,20,8,600,700,15,207.133,-66.3792,-60,0,0,0,1,internal_airspace,0,1
52,fence24,random_waypoint,3,560,520,454.642,552.521,20,9,700,700,15,286.314,-69.1911,-60,0,0,0,1,internal_airspace,0,1
52,fence24,random_waypoint,3,560,520,454.642,552.521,20,10,750,700,15,330.169,-70.4289,-60,0,0,0,1,internal_airspace,0,1
52,fence24,random_waypoint,3,560,520,454.642,552.521,20,11,750,650,15,311.068,-69.9113,-60,0,0,0,1,internal_airspace,0,1
52,fence24,random_waypoint,3,560,520,454.642,552.521,20,12,750,550,15,295.411,-69.4628,-60,0,0,0,1,internal_airspace,0,1
52,fence24,random_waypoint,3,560,520,454.642,552.521,20,13,750,450,15,312.685,-69.9564,-60,0,0,0,1,internal_airspace,0,1
52,fence24,random_waypoint,3,560,520,454.642,552.521,20,14,750,350,15,358.157,-71.1357,-60,0,0,0,1,internal_airspace,0,1
52,fence24,random_waypoint,3,560,520,454.642,552.521,20,15,750,300,15,388.624,-71.8448,-60,0,0,0,1,internal_airspace,0,1
52,fence24,random_waypoint,3,560,520,454.642,552.521,20,16,700,300,15,352.126,-70.9882,-60,0,0,0,1,internal_airspace,0,1
52,fence24,random_waypoint,3,560,520,454.642,552.521,20,17,600,300,15,291.412,-69.3444,-60,0,0,0,1,internal_airspace,0,1
52,fence24,random_waypoint,3,560,520,454.642,552.521,20,18,400,300,15,258.414,-68.3005,-60,0,0,0,1,internal_airspace,0,1
52,fence24,random_waypoint,3,560,520,454.642,552.521,20,19,300,300,15,296.152,-69.4845,-60,0,0,0,1,internal_airspace,0,1
52,fence24,random_waypoint,3,560,520,454.642,552.521,20,20,300,500,15,163.394,-64.3189,-60,0,0,0,1,internal_airspace,0,1
52,fence24,random_waypoint,3,560,520,454.642,552.521,20,21,500,350,15,207.599,-66.3987,-60,0,0,0,1,internal_airspace,0,1
52,fence24,random_waypoint,3,560,520,454.642,552.521,20,22,700,500,15,250.966,-68.0465,-60,0,0,0,1,internal_airspace,0,1
52,fence24,random_waypoint,3,560,520,454.642,552.521,20,23,500,650,15,107.631,-60.693,-60,0,0,0,1,internal_airspace,0,1
53,fence24,random_waypoint,3,560,520,464.197,549.572,20,0,250,300,15,328.925,-70.3962,-60,0,0,0,1,internal_airspace,0,1
53,fence24,random_waypoint,3,560,520,464.197,549.572,20,1,250,350,15,292.804,-69.3858,-60,0,0,0,1,internal_airspace,0,1
53,fence24,random_waypoint,3,560,520,464.197,549.572,20,2,250,450,15,236.262,-67.5221,-60,0,0,0,1,internal_airspace,0,1
53,fence24,random_waypoint,3,560,520,464.197,549.572,20,3,250,550,15,214.256,-66.6729,-60,0,0,0,1,internal_airspace,0,1
53,fence24,random_waypoint,3,560,520,464.197,549.572,20,4,250,650,15,236.624,-67.5354,-60,0,0,0,1,internal_airspace,0,1
53,fence24,random_waypoint,3,560,520,464.197,549.572,20,5,250,700,15,261.79,-68.4133,-60,0,0,0,1,internal_airspace,0,1
53,fence24,random_waypoint,3,560,520,464.197,549.572,20,6,300,700,15,222.743,-67.0103,-60,0,0,0,1,internal_airspace,0,1
53,fence24,random_waypoint,3,560,520,464.197,549.572,20,7,400,700,15,163.63,-64.3315,-60,0,0,0,1,internal_airspace,0,1
53,fence24,random_waypoint,3,560,520,464.197,549.572,20,8,600,700,15,202.722,-66.1922,-60,0,0,0,1,internal_airspace,0,1
53,fence24,random_waypoint,3,560,520,464.197,549.572,20,9,700,700,15,279.744,-68.9894,-60,0,0,0,1,internal_airspace,0,1
53,fence24,random_waypoint,3,560,520,464.197,549.572,20,10,750,700,15,323.012,-70.2386,-60,0,0,0,1,internal_airspace,0,1
53,fence24,random_waypoint,3,560,520,464.197,549.572,20,11,750,650,15,302.975,-69.6824,-60,0,0,0,1,internal_airspace,0,1
53,fence24,random_waypoint,3,560,520,464.197,549.572,20,12,750,550,15,285.847,-69.1769,-60,0,0,0,1,internal_airspace,0,1
53,fence24,random_waypoint,3,560,520,464.197,549.572,20,13,750,450,15,302.693,-69.6743,-60,0,0,0,1,internal_airspace,0,1
53,fence24,random_waypoint,3,560,520,464.197,549.572,20,14,750,350,15,348.622,-70.9013,-60,0,0,0,1,internal_airspace,0,1
53,fence24,random_waypoint,3,560,520,464.197,549.572,20,15,750,300,15,379.466,-71.6377,-60,0,0,0,1,internal_airspace,0,1
53,fence24,random_waypoint,3,560,520,464.197,549.572,20,16,700,300,15,343.386,-70.7699,-60,0,0,0,1,internal_airspace,0,1
53,fence24,random_waypoint,3,560,520,464.197,549.572,20,17,600,300,15,284.172,-69.1258,-60,0,0,0,1,internal_airspace,0,1
53,fence24,random_waypoint,3,560,520,464.197,549.572,20,18,400,300,15,257.745,-68.278,-60,0,0,0,1,internal_airspace,0,1
53,fence24,random_waypoint,3,560,520,464.197,549.572,20,19,300,300,15,298.784,-69.5614,-60,0,0,0,1,internal_airspace,0,1
53,fence24,random_waypoint,3,560,520,464.197,549.572,20,20,300,500,15,171.59,-64.7441,-60,0,0,0,1,internal_airspace,0,1
53,fence24,random_waypoint,3,560,520,464.197,549.572,20,21,500,350,15,202.82,-66.1964,-60,0,0,0,1,internal_airspace,0,1
53,fence24,random_waypoint,3,560,520,464.197,549.572,20,22,700,500,15,241.009,-67.6949,-60,0,0,0,1,internal_airspace,0,1
53,fence24,random_waypoint,3,560,520,464.197,549.572,20,23,500,650,15,106.736,-60.6205,-60,0,0,0,1,internal_airspace,0,1
54,fence24,random_waypoint,3,560,520,473.752,546.623,20,0,250,300,15,333.036,-70.504,-60,0,0,0,1,internal_airspace,0,1
54,fence24,random_waypoint,3,560,520,473.752,546.623,20,1,250,350,15,297.91,-69.5359,-60,0,0,0,1,internal_airspace,0,1
54,fence24,random_waypoint,3,560,520,473.752,546.623,20,2,250,450,15,243.774,-67.794,-60,0,0,0,1,internal_airspace,0,1
54,fence24,random_waypoint,3,560,520,473.752,546.623,20,3,250,550,15,223.833,-67.0527,-60,0,0,0,1,internal_airspace,0,1
54,fence24,random_waypoint,3,560,520,473.752,546.623,20,4,250,650,15,246.53,-67.8916,-60,0,0,0,1,internal_airspace,0,1
54,fence24,random_waypoint,3,560,520,473.752,546.623,20,5,250,700,15,271.32,-68.7239,-60,0,0,0,1,internal_airspace,0,1
54,fence24,random_waypoint,3,560,520,473.752,546.623,20,6,300,700,15,231.818,-67.3572,-60,0,0,0,1,internal_airspace,0,1
54,fence24,random_waypoint,3,560,520,473.752,546.623,20,7,400,700,15,170.262,-64.6766,-60,0,0,0,1,internal_airspace,0,1
54,fence24,random_waypoint,3,560,520,473.752,546.623,20,8,600,700,15,198.716,-66.0189,-60,0,0,0,1,internal_airspace,0,1
54,fence24,random_waypoint,3,560,520,473.752,546.623,20,9,700,700,15,273.382,-68.7896,-60,0,0,0,1,internal_airspace,0,1
54,fence24,random_waypoint,3,560,520,473.752,546.623,20,10,750,700,15,316.01,-70.0482,-60,0,0,0,1,internal_airspace,0,1
54,fence24,random_waypoint,3,560,520,473.752,546.623,20,11,750,650,15,295,-69.4507,-60,0,0,0,1,internal_airspace,0,1
54,fence24,random_waypoint,3,560,520,473.752,546.623,20,12,750,550,15,276.314,-68.8823,-60,0,0,0,1,internal_airspace,0,1
54,fence24,random_waypoint,3,560,520,473.752,546.623,20,13,750,450,15,292.701,-69.3827,-60,0,0,0,1,internal_airspace,0,1
54,fence24,random_waypoint,3,560,520,473.752,546.623,20,14,750,350,15,339.114,-70.6611,-60,0,0,0,1,internal_airspace,0,1
54,fence24,random_waypoint,3,560,520,473.752,546.623,20,15,750,300,15,370.352,-71.4265,-60,0,0,0,1,internal_airspace,0,1
54,fence24,random_waypoint,3,560,520,473.752,546.623,20,16,700,300,15,334.717,-70.5478,-60,0,0,0,1,internal_airspace,0,1
54,fence24,random_waypoint,3,560,520,473.752,546.623,20,17,600,300,15,277.103,-68.9071,-60,0,0,0,1,internal_airspace,0,1
54,fence24,random_waypoint,3,560,520,473.752,546.623,20,18,400,300,15,257.463,-68.2685,-60,0,0,0,1,internal_airspace,0,1
54,fence24,random_waypoint,3,560,520,473.752,546.623,20,19,300,300,15,301.724,-69.6464,-60,0,0,0,1,internal_airspace,0,1
54,fence24,random_waypoint,3,560,520,473.752,546.623,20,20,300,500,15,179.968,-65.1581,-60,0,0,0,1,internal_airspace,0,1
54,fence24,random_waypoint,3,560,520,473.752,546.623,20,21,500,350,15,198.43,-66.0064,-60,0,0,0,1,internal_airspace,0,1
54,fence24,random_waypoint,3,560,520,473.752,546.623,20,22,700,500,15,231.056,-67.3286,-60,0,0,0,1,internal_airspace,0,1
54,fence24,random_waypoint,3,560,520,473.752,546.623,20,23,500,650,15,106.775,-60.6236,-60,0,0,0,1,internal_airspace,0,1
55,fence24,random_waypoint,3,560,520,483.307,543.673,20,0,250,300,15,337.393,-70.6169,-60,0,0,0,1,internal_airspace,0,1
55,fence24,random_waypoint,3,560,520,483.307,543.673,20,1,250,350,15,303.26,-69.6905,-60,0,0,0,1,internal_airspace,0,1
55,fence24,random_waypoint,3,560,520,483.307,543.673,20,2,250,450,15,251.46,-68.0636,-60,0,0,0,1,internal_airspace,0,1
55,fence24,random_waypoint,3,560,520,483.307,543.673,20,3,250,550,15,233.447,-67.418,-60,0,0,0,1,internal_airspace,0,1
55,fence24,random_waypoint,3,560,520,483.307,543.673,20,4,250,650,15,256.442,-68.234,-60,0,0,0,1,internal_airspace,0,1
55,fence24,random_waypoint,3,560,520,483.307,543.673,20,5,250,700,15,280.883,-69.0247,-60,0,0,0,1,internal_airspace,0,1
55,fence24,random_waypoint,3,560,520,483.307,543.673,20,6,300,700,15,240.966,-67.6933,-60,0,0,0,1,internal_airspace,0,1
55,fence24,random_waypoint,3,560,520,483.307,543.673,20,7,400,700,15,177.209,-65.024,-60,0,0,0,1,internal_airspace,0,1
55,fence24,random_waypoint,3,560,520,483.307,543.673,20,8,600,700,15,195.142,-65.8612,-60,0,0,0,1,internal_airspace,0,1
55,fence24,random_waypoint,3,560,520,483.307,543.673,20,9,700,700,15,267.243,-68.5924,-60,0,0,0,1,internal_airspace,0,1
55,fence24,random_waypoint,3,560,520,483.307,543.673,20,10,750,700,15,309.173,-69.8583,-60,0,0,0,1,internal_airspace,0,1
55,fence24,random_waypoint,3,560,520,483.307,543.673,20,11,750,650,15,287.15,-69.2164,-60,0,0,0,1,internal_airspace,0,1
55,fence24,random_waypoint,3,560,520,483.307,543.673,20,12,750,550,15,266.815,-68.5784,-60,0,0,0,1,internal_airspace,0,1
55,fence24,random_waypoint,3,560,520,483.307,543.673,20,13,750,450,15,282.709,-69.081,-60,0,0,0,1,internal_airspace,0,1
55,fence24,random_waypoint,3,560,520,483.307,543.673,20,14,750,350,15,329.635,-70.4149,-60,0,0,0,1,internal_airspace,0,1
55,fence24,random_waypoint,3,560,520,483.307,543.673,20,15,750,300,15,361.285,-71.2112,-60,0,0,0,1,internal_airspace,0,1
55,fence24,random_waypoint,3,560,520,483.307,543.673,20,16,700,300,15,326.125,-70.3219,-60,0,0,0,1,internal_airspace,0,1
55,fence24,random_waypoint,3,560,520,483.307,543.673,20,17,600,300,15,270.22,-68.6886,-60,0,0,0,1,internal_airspace,0,1
55,fence24,random_waypoint,3,560,520,483.307,543.673,20,18,400,300,15,257.569,-68.2721,-60,0,0,0,1,internal_airspace,0,1
55,fence24,random_waypoint,3,560,520,483.307,543.673,20,19,300,300,15,304.964,-69.7392,-60,0,0,0,1,internal_airspace,0,1
55,fence24,random_waypoint,3,560,520,483.307,543.673,20,20,300,500,15,188.504,-65.5607,-60,0,0,0,1,internal_airspace,0,1
55,fence24,random_waypoint,3,560,520,483.307,543.673,20,21,500,350,15,194.455,-65.8306,-60,0,0,0,1,internal_airspace,0,1
55,fence24,random_waypoint,3,560,520,483.307,543.673,20,22,700,500,15,221.106,-66.9463,-60,0,0,0,1,internal_airspace,0,1
55,fence24,random_waypoint,3,560,520,483.307,543.673,20,23,500,650,15,107.745,-60.7022,-60,0,0,0,1,internal_airspace,0,1
56,fence24,random_waypoint,3,560,520,492.862,540.724,20,0,250,300,15,341.987,-70.7344,-60,0,0,0,1,internal_airspace,0,1
56,fence24,random_waypoint,3,560,520,492.862,540.724,20,1,250,350,15,308.841,-69.8489,-60,0,0,0,1,internal_airspace,0,1
56,fence24,random_waypoint,3,560,520,492.862,540.724,20,2,250,450,15,259.303,-68.3304,-60,0,0,0,1,internal_airspace,0,1
56,fence24,random_waypoint,3,560,520,492.862,540.724,20,3,250,550,15,243.091,-67.7696,-60,0,0,0,1,internal_airspace,0,1
56,fence24,random_waypoint,3,560,520,492.862,540.724,20,4,250,650,15,266.362,-68.5637,-60,0,0,0,1,internal_airspace,0,1
56,fence24,random_waypoint,3,560,520,492.862,540.724,20,5,250,700,15,290.476,-69.3164,-60,0,0,0,1,internal_airspace,0,1
56,fence24,random_waypoint,3,560,520,492.862,540.724,20,6,300,700,15,250.18,-68.0193,-60,0,0,0,1,internal_airspace,0,1
56,fence24,random_waypoint,3,560,520,492.862,540.724,20,7,400,700,15,184.438,-65.3712,-60,0,0,0,1,internal_airspace,0,1
56,fence24,random_waypoint,3,560,520,492.862,540.724,20,8,600,700,15,192.022,-65.7212,-60,0,0,0,1,internal_airspace,0,1
56,fence24,random_waypoint,3,560,520,492.862,540.724,20,9,700,700,15,261.343,-68.3984,-60,0,0,0,1,internal_airspace,0,1
56,fence24,random_waypoint,3,560,520,492.862,540.724,20,10,750,700,15,302.512,-69.6691,-60,0,0,0,1,internal_airspace,0,1
56,fence24,random_waypoint,3,560,520,492.862,540.724,20,11,750,650,15,279.439,-68.98,-60,0,0,0,1,internal_airspace,0,1
56,fence24,random_waypoint,3,560,520,492.862,540.724,20,12,750,550,15,257.353,-68.2648,-60,0,0,0,1,internal_airspace,0,1
56,fence24,random_waypoint,3,560,520,492.862,540.724,20,13,750,450,15,272.719,-68.7685,-60,0,0,0,1,internal_airspace,0,1
56,fence24,random_waypoint,3,560,520,492.862,540.724,20,14,750,350,15,320.188,-70.1623,-60,0,0,0,1,internal_airspace,0,1
56,fence24,random_waypoint,3,560,520,492.862,540.724,20,15,750,300,15,352.268,-70.9917,-60,0,0,0,1,internal_airspace,0,1
56,fence24,random_waypoint,3,560,520,492.862,540.724,20,16,700,300,15,317.614,-70.0922,-60,0,0,0,1,internal_airspace,0,1
56,fence24,random_waypoint,3,560,520,492.862,540.724,20,17,600,300,15,263.536,-68.471,-60,0,0,0,1,internal_airspace,0,1
56,fence24,random_waypoint,3,560,520,492.862,540.724,20,18,400,300,15,258.063,-68.2887,-60,0,0,0,1,internal_airspace,0,1
56,fence24,random_waypoint,3,560,520,492.862,540.724,20,19,300,300,15,308.494,-69.8392,-60,0,0,0,1,internal_airspace,0,1
56,fence24,random_waypoint,3,560,520,492.862,540.724,20,20,300,500,15,197.178,-65.9514,-60,0,0,0,1,internal_airspace,0,1
56,fence24,random_waypoint,3,560,520,492.862,540.724,20,21,500,350,15,190.923,-65.6714,-60,0,0,0,1,internal_airspace,0,1
56,fence24,random_waypoint,3,560,520,492.862,540.724,20,22,700,500,15,211.162,-66.5465,-60,0,0,0,1,internal_airspace,0,1
56,fence24,random_waypoint,3,560,520,492.862,540.724,20,23,500,650,15,109.623,-60.8523,-60,0,0,0,1,internal_airspace,0,1
57,fence24,random_waypoint,3,560,520,502.418,537.774,20,0,250,300,15,346.809,-70.856,-60,0,0,0,1,internal_airspace,0,1
57,fence24,random_waypoint,3,560,520,502.418,537.774,20,1,250,350,15,314.641,-70.0105,-60,0,0,0,1,internal_airspace,0,1
57,fence24,random_waypoint,3,560,520,502.418,537.774,20,2,250,450,15,267.29,-68.5939,-60,0,0,0,1,internal_airspace,0,1
57,fence24,random_waypoint,3,560,520,502.418,537.774,20,3,250,550,15,252.763,-68.1085,-60,0,0,0,1,internal_airspace,0,1
57,fence24,random_waypoint,3,560,520,502.418,537.774,20,4,250,650,15,276.287,-68.8814,-60,0,0,0,1,internal_airspace,0,1
57,fence24,random_waypoint,3,560,520,502.418,537.774,20,5,250,700,15,300.095,-69.5994,-60,0,0,0,1,internal_airspace,0,1
57,fence24,random_waypoint,3,560,520,502.418,537.774,20,6,300,700,15,259.451,-68.3353,-60,0,0,0,1,internal_airspace,0,1
57,fence24,random_waypoint,3,560,520,502.418,537.774,20,7,400,700,15,191.915,-65.7164,-60,0,0,0,1,internal_airspace,0,1
57,fence24,random_waypoint,3,560,520,502.418,537.774,20,8,600,700,15,189.379,-65.6009,-60,0,0,0,1,internal_airspace,0,1
57,fence24,random_waypoint,3,560,520,502.418,537.774,20,9,700,700,15,255.697,-68.2087,-60,0,0,0,1,internal_airspace,0,1
57,fence24,random_waypoint,3,560,520,502.418,537.774,20,10,750,700,15,296.039,-69.4812,-60,0,0,0,1,internal_airspace,0,1
57,fence24,random_waypoint,3,560,520,502.418,537.774,20,11,750,650,15,271.876,-68.7416,-60,0,0,0,1,internal_airspace,0,1
57,fence24,random_waypoint,3,560,520,502.418,537.774,20,12,750,550,15,247.935,-67.941,-60,0,0,0,1,internal_airspace,0,1
57,fence24,random_waypoint,3,560,520,502.418,537.774,20,13,750,450,15,262.729,-68.4444,-60,0,0,0,1,internal_airspace,0,1
57,fence24,random_waypoint,3,560,520,502.418,537.774,20,14,750,350,15,310.775,-69.9032,-60,0,0,0,1,internal_airspace,0,1
57,fence24,random_waypoint,3,560,520,502.418,537.774,20,15,750,300,15,343.305,-70.7678,-60,0,0,0,1,internal_airspace,0,1
57,fence24,random_waypoint,3,560,520,502.418,537.774,20,16,700,300,15,309.193,-69.8588,-60,0,0,0,1,internal_airspace,0,1
57,fence24,random_waypoint,3,560,520,502.418,537.774,20,17,600,300,15,257.068,-68.2552,-60,0,0,0,1,internal_airspace,0,1
57,fence24,random_waypoint,3,560,520,502.418,537.774,20,18,400,300,15,258.942,-68.3183,-60,0,0,0,1,internal_airspace,0,1
57,fence24,random_waypoint,3,560,520,502.418,537.774,20,19,300,300,15,312.305,-69.9458,-60,0,0,0,1,internal_airspace,0,1
57,fence24,random_waypoint,3,560,520,502.418,537.774,20,20,300,500,15,205.973,-66.3304,-60,0,0,0,1,internal_airspace,0,1
57,fence24,random_waypoint,3,560,520,502.418,537.774,20,21,500,350,15,187.856,-65.5307,-60,0,0,0,1,internal_airspace,0,1
57,fence24,random_waypoint,3,560,520,502.418,537.774,20,22,700,500,15,201.223,-66.1278,-60,0,0,0,1,internal_airspace,0,1
57,fence24,random_waypoint,3,560,520,502.418,537.774,20,23,500,650,15,112.363,-61.0667,-60,0,0,0,1,internal_airspace,0,1
58,fence24,random_waypoint,3,560,520,511.973,534.825,20,0,250,300,15,351.849,-70.9813,-60,0,0,0,1,internal_airspace,0,1
58,fence24,random_waypoint,3,560,520,511.973,534.825,20,1,250,350,15,320.648,-70.1748,-60,0,0,0,1,internal_airspace,0,1
58,fence24,random_waypoint,3,560,520,511.973,534.825,20,2,250,450,15,275.409,-68.8538,-60,0,0,0,1,internal_airspace,0,1
58,fence24,random_waypoint,3,560,520,511.973,534.825,20,3,250,550,15,262.46,-68.4355,-60,0,0,0,1,internal_airspace,0,1
58,fence24,random_waypoint,3,560,520,511.973,534.825,20,4,250,650,15,286.217,-69.1881,-60,0,0,0,1,internal_airspace,0,1
58,fence24,random_waypoint,3,560,520,511.973,534.825,20,5,250,700,15,309.738,-69.8741,-60,0,0,0,1,internal_airspace,0,1
58,fence24,random_waypoint,3,560,520,511.973,534.825,20,6,300,700,15,268.776,-68.642,-60,0,0,0,1,internal_airspace,0,1
58,fence24,random_waypoint,3,560,520,511.973,534.825,20,7,400,700,15,199.614,-66.058,-60,0,0,0,1,internal_airspace,0,1
58,fence24,random_waypoint,3,560,520,511.973,534.825,20,8,600,700,15,187.234,-65.5019,-60,0,0,0,1,internal_airspace,0,1
58,fence24,random_waypoint,3,560,520,511.973,534.825,20,9,700,700,15,250.324,-68.0243,-60,0,0,0,1,internal_airspace,0,1
58,fence24,random_waypoint,3,560,520,511.973,534.825,20,10,750,700,15,289.767,-69.2952,-60,0,0,0,1,internal_airspace,0,1
58,fence24,random_waypoint,3,560,520,511.973,534.825,20,11,750,650,15,264.476,-68.5019,-60,0,0,0,1,internal_airspace,0,1
58,fence24,random_waypoint,3,560,520,511.973,534.825,20,12,750,550,15,238.563,-67.6063,-60,0,0,0,1,internal_airspace,0,1
58,fence24,random_waypoint,3,560,520,511.973,534.825,20,13,750,450,15,252.739,-68.1077,-60,0,0,0,1,internal_airspace,0,1
58,fence24,random_waypoint,3,560,520,511.973,534.825,20,14,750,350,15,301.4,-69.6371,-60,0,0,0,1,internal_airspace,0,1
58,fence24,random_waypoint,3,560,520,511.973,534.825,20,15,750,300,15,334.402,-70.5396,-60,0,0,0,1,internal_airspace,0,1
58,fence24,random_waypoint,3,560,520,511.973,534.825,20,16,700,300,15,300.869,-69.6218,-60,0,0,0,1,internal_airspace,0,1
58,fence24,random_waypoint,3,560,520,511.973,534.825,20,17,600,300,15,250.832,-68.0419,-60,0,0,0,1,internal_airspace,0,1
58,fence24,random_waypoint,3,560,520,511.973,534.825,20,18,400,300,15,260.203,-68.3605,-60,0,0,0,1,internal_airspace,0,1
58,fence24,random_waypoint,3,560,520,511.973,534.825,20,19,300,300,15,316.386,-70.0586,-60,0,0,0,1,internal_airspace,0,1
58,fence24,random_waypoint,3,560,520,511.973,534.825,20,20,300,500,15,214.873,-66.6978,-60,0,0,0,1,internal_airspace,0,1
58,fence24,random_waypoint,3,560,520,511.973,534.825,20,21,500,350,15,185.28,-65.4108,-60,0,0,0,1,internal_airspace,0,1
58,fence24,random_waypoint,3,560,520,511.973,534.825,20,22,700,500,15,191.29,-65.6881,-60,0,0,0,1,internal_airspace,0,1
58,fence24,random_waypoint,3,560,520,511.973,534.825,20,23,500,650,15,115.904,-61.3362,-60,0,0,0,1,internal_airspace,0,1
59,fence24,random_waypoint,3,560,520,521.528,531.875,20,0,250,300,15,357.097,-71.11,-60,0,0,0,1,critical_zone,0,1
59,fence24,random_waypoint,3,560,520,521.528,531.875,20,1,250,350,15,326.85,-70.3412,-60,0,0,0,1,critical_zone,0,1
59,fence24,random_waypoint,3,560,520,521.528,531.875,20,2,250,450,15,283.648,-69.1098,-60,0,0,0,1,critical_zone,0,1
59,fence24,random_waypoint,3,560,520,521.528,531.875,20,3,250,550,15,272.178,-68.7513,-60,0,0,0,1,critical_zone,0,1
59,fence24,random_waypoint,3,560,520,521.528,531.875,20,4,250,650,15,296.152,-69.4845,-60,0,0,0,1,critical_zone,0,1
59,fence24,random_waypoint,3,560,520,521.528,531.875,20,5,250,700,15,319.403,-70.141,-60,0,0,0,1,critical_zone,0,1
59,fence24,random_waypoint,3,560,520,521.528,531.875,20,6,300,700,15,278.147,-68.9397,-60,0,0,0,1,critical_zone,0,1
59,fence24,random_waypoint,3,560,520,521.528,531.875,20,7,400,700,15,207.509,-66.395,-60,0,0,0,1,critical_zone,0,1
59,fence24,random_waypoint,3,560,520,521.528,531.875,20,8,600,700,15,185.604,-65.426,-60,0,0,0,1,critical_zone,0,1
59,fence24,random_waypoint,3,560,520,521.528,531.875,20,9,700,700,15,245.241,-67.8461,-60,0,0,0,1,critical_zone,0,1
59,fence24,random_waypoint,3,560,520,521.528,531.875,20,10,750,700,15,283.708,-69.1117,-60,0,0,0,1,critical_zone,0,1
59,fence24,random_waypoint,3,560,520,521.528,531.875,20,11,750,650,15,257.251,-68.2614,-60,0,0,0,1,critical_zone,0,1
59,fence24,random_waypoint,3,560,520,521.528,531.875,20,12,750,550,15,229.244,-67.2602,-60,0,0,0,1,critical_zone,0,1
59,fence24,random_waypoint,3,560,520,521.528,531.875,20,13,750,450,15,242.751,-67.7574,-60,0,0,0,1,critical_zone,0,1
59,fence24,random_waypoint,3,560,520,521.528,531.875,20,14,750,350,15,292.067,-69.3639,-60,0,0,0,1,critical_zone,0,1
59,fence24,random_waypoint,3,560,520,521.528,531.875,20,15,750,300,15,325.562,-70.3069,-60,0,0,0,1,critical_zone,0,1
59,fence24,random_waypoint,3,560,520,521.528,531.875,20,16,700,300,15,292.649,-69.3812,-60,0,0,0,1,critical_zone,0,1
59,fence24,random_waypoint,3,560,520,521.528,531.875,20,17,600,300,15,244.845,-67.832,-60,0,0,0,1,critical_zone,0,1
59,fence24,random_waypoint,3,560,520,521.528,531.875,20,18,400,300,15,261.84,-68.4149,-60,0,0,0,1,critical_zone,0,1
59,fence24,random_waypoint,3,560,520,521.528,531.875,20,19,300,300,15,320.727,-70.1769,-60,0,0,0,1,critical_zone,0,1
59,fence24,random_waypoint,3,560,520,521.528,531.875,20,20,300,500,15,223.865,-67.054,-60,0,0,0,1,critical_zone,0,1
59,fence24,random_waypoint,3,560,520,521.528,531.875,20,21,500,350,15,183.213,-65.3134,-60,0,0,0,1,critical_zone,0,1
59,fence24,random_waypoint,3,560,520,521.528,531.875,20,22,700,500,15,181.365,-65.2253,-60,0,0,0,1,critical_zone,0,1
59,fence24,random_waypoint,3,560,520,521.528,531.875,20,23,500,650,15,120.174,-61.6505,-60,0,0,0,1,critical_zone,0,1
60,fence24,random_waypoint,3,560,520,531.083,528.926,20,0,250,300,15,362.546,-71.2415,-60,0,0,0,1,critical_zone,0,1
60,fence24,random_waypoint,3,560,520,531.083,528.926,20,1,250,350,15,333.237,-70.5093,-60,0,0,0,1,critical_zone,0,1
60,fence24,random_waypoint,3,560,520,531.083,528.926,20,2,250,450,15,291.997,-69.3618,-60,0,0,0,1,critical_zone,0,1
60,fence24,random_waypoint,3,560,520,531.083,528.926,20,3,250,550,15,281.916,-69.0566,-60,0,0,0,1,critical_zone,0,1
60,fence24,random_waypoint,3,560,520,531.083,528.926,20,4,250,650,15,306.091,-69.7712,-60,0,0,0,1,critical_zone,0,1
60,fence24,random_waypoint,3,560,520,531.083,528.926,20,5,250,700,15,329.088,-70.4005,-60,0,0,0,1,critical_zone,0,1
60,fence24,random_waypoint,3,560,520,531.083,528.926,20,6,300,700,15,287.56,-69.2288,-60,0,0,0,1,critical_zone,0,1
60,fence24,random_waypoint,3,560,520,531.083,528.926,20,7,400,700,15,215.578,-66.7263,-60,0,0,0,1,critical_zone,0,1
60,fence24,random_waypoint,3,560,520,531.083,528.926,20,8,600,700,15,184.502,-65.3742,-60,0,0,0,1,critical_zone,0,1
60,fence24,random_waypoint,3,560,520,531.083,528.926,20,9,700,700,15,240.467,-67.6753,-60,0,0,0,1,critical_zone,0,1
60,fence24,random_waypoint,3,560,520,531.083,528.926,20,10,750,700,15,277.878,-68.9313,-60,0,0,0,1,critical_zone,0,1
60,fence24,random_waypoint,3,560,520,531.083,528.926,20,11,750,650,15,250.217,-68.0206,-60,0,0,0,1,critical_zone,0,1
60,fence24,random_waypoint,3,560,520,531.083,528.926,20,12,750,550,15,219.986,-66.9021,-60,0,0,0,1,critical_zone,0,1
60,fence24,random_waypoint,3,560,520,531.083,528.926,20,13,750,450,15,232.764,-67.3925,-60,0,0,0,1,critical_zone,0,1
60,fence24,random_waypoint,3,560,520,531.083,528.926,20,14,750,350,15,282.779,-69.0832,-60,0,0,0,1,critical_zone,0,1
60,fence24,random_waypoint,3,560,520,531.083,528.926,20,15,750,300,15,316.791,-70.0697,-60,0,0,0,1,critical_zone,0,1
60,fence24,random_waypoint,3,560,520,531.083,528.926,20,16,700,300,15,284.544,-69.1372,-60,0,0,0,1,critical_zone,0,1
60,fence24,random_waypoint,3,560,520,531.083,528.926,20,17,600,300,15,239.127,-67.6268,-60,0,0,0,1,critical_zone,0,1
60,fence24,random_waypoint,3,560,520,531.083,528.926,20,18,400,300,15,263.846,-68.4812,-60,0,0,0,1,critical_zone,0,1
60,fence24,random_waypoint,3,560,520,531.083,528.926,20,19,300,300,15,325.317,-70.3004,-60,0,0,0,1,critical_zone,0,1
60,fence24,random_waypoint,3,560,520,531.083,528.926,20,20,300,500,15,232.94,-67.3991,-60,0,0,0,1,critical_zone,0,1
60,fence24,random_waypoint,3,560,520,531.083,528.926,20,21,500,350,15,181.675,-65.2401,-60,0,0,0,1,critical_zone,0,1
60,fence24,random_waypoint,3,560,520,531.083,528.926,20,22,700,500,15,171.449,-64.7369,-60,0,0,0,1,critical_zone,0,1
60,fence24,random_waypoint,3,560,520,531.083,528.926,20,23,500,650,15,125.1,-61.9994,-60,0,0,0,1,critical_zone,0,1
61,fence24,random_waypoint,3,560,520,540.638,525.977,20,0,250,300,15,368.186,-71.3756,-60,0,0,0,1,critical_zone,0,1
61,fence24,random_waypoint,3,560,520,540.638,525.977,20,1,250,350,15,339.799,-70.6787,-60,0,0,0,1,critical_zone,0,1
61,fence24,random_waypoint,3,560,520,540.638,525.977,20,2,250,450,15,300.446,-69.6096,-60,0,0,0,1,critical_zone,0,1
61,fence24,random_waypoint,3,560,520,540.638,525.977,20,3,250,550,15,291.672,-69.3521,-60,0,0,0,1,critical_zone,0,1
61,fence24,random_waypoint,3,560,520,540.638,525.977,20,4,250,650,15,316.034,-70.0489,-60,0,0,0,1,critical_zone,0,1
61,fence24,random_waypoint,3,560,520,540.638,525.977,20,5,250,700,15,338.792,-70.6529,-60,0,0,0,1,critical_zone,0,1
61,fence24,random_waypoint,3,560,520,540.638,525.977,20,6,300,700,15,297.012,-69.5097,-60,0,0,0,1,critical_zone,0,1
61,fence24,random_waypoint,3,560,520,540.638,525.977,20,7,400,700,15,223.804,-67.0516,-60,0,0,0,1,critical_zone,0,1
61,fence24,random_waypoint,3,560,520,540.638,525.977,20,8,600,700,15,183.937,-65.3476,-60,0,0,0,1,critical_zone,0,1
61,fence24,random_waypoint,3,560,520,540.638,525.977,20,9,700,700,15,236.02,-67.5132,-60,0,0,0,1,critical_zone,0,1
61,fence24,random_waypoint,3,560,520,540.638,525.977,20,10,750,700,15,272.289,-68.7548,-60,0,0,0,1,critical_zone,0,1
61,fence24,random_waypoint,3,560,520,540.638,525.977,20,11,750,650,15,243.391,-67.7803,-60,0,0,0,1,critical_zone,0,1
61,fence24,random_waypoint,3,560,520,540.638,525.977,20,12,750,550,15,210.795,-66.5314,-60,0,0,0,1,critical_zone,0,1
61,fence24,random_waypoint,3,560,520,540.638,525.977,20,13,750,450,15,222.777,-67.0117,-60,0,0,0,1,critical_zone,0,1
61,fence24,random_waypoint,3,560,520,540.638,525.977,20,14,750,350,15,273.542,-68.7947,-60,0,0,0,1,critical_zone,0,1
61,fence24,random_waypoint,3,560,520,540.638,525.977,20,15,750,300,15,308.095,-69.8279,-60,0,0,0,1,critical_zone,0,1
61,fence24,random_waypoint,3,560,520,540.638,525.977,20,16,700,300,15,276.562,-68.8901,-60,0,0,0,1,critical_zone,0,1
61,fence24,random_waypoint,3,560,520,540.638,525.977,20,17,600,300,15,233.697,-67.4273,-60,0,0,0,1,critical_zone,0,1
61,fence24,random_waypoint,3,560,520,540.638,525.977,20,18,400,300,15,266.213,-68.5588,-60,0,0,0,1,critical_zone,0,1
61,fence24,random_waypoint,3,560,520,540.638,525.977,20,19,300,300,15,330.147,-70.4284,-60,0,0,0,1,critical_zone,0,1
61,fence24,random_waypoint,3,560,520,540.638,525.977,20,20,300,500,15,242.088,-67.7337,-60,0,0,0,1,critical_zone,0,1
61,fence24,random_waypoint,3,560,520,540.638,525.977,20,21,500,350,15,180.677,-65.1923,-60,0,0,0,1,critical_zone,0,1
61,fence24,random_waypoint,3,560,520,540.638,525.977,20,22,700,500,15,161.542,-64.22,-60,0,0,0,1,critical_zone,0,1
61,fence24,random_waypoint,3,560,520,540.638,525.977,20,23,500,650,15,130.607,-62.3736,-60,0,0,0,1,critical_zone,0,1
62,fence24,random_waypoint,3,560,520,550.193,523.027,20,0,250,300,15,374.008,-71.5118,-60,0,0,0,1,critical_zone,0,1
62,fence24,random_waypoint,3,560,520,550.193,523.027,20,1,250,350,15,346.525,-70.8489,-60,0,0,0,1,critical_zone,0,1
62,fence24,random_waypoint,3,560,520,550.193,523.027,20,2,250,450,15,308.989,-69.8531,-60,0,0,0,1,critical_zone,0,1
62,fence24,random_waypoint,3,560,520,550.193,523.027,20,3,250,550,15,301.444,-69.6384,-60,0,0,0,1,critical_zone,0,1
62,fence24,random_waypoint,3,560,520,550.193,523.027,20,4,250,650,15,325.98,-70.3181,-60,0,0,0,1,critical_zone,0,1
62,fence24,random_waypoint,3,560,520,550.193,523.027,20,5,250,700,15,348.512,-70.8986,-60,0,0,0,1,critical_zone,0,1
62,fence24,random_waypoint,3,560,520,550.193,523.027,20,6,300,700,15,306.498,-69.7828,-60,0,0,0,1,critical_zone,0,1
62,fence24,random_waypoint,3,560,520,550.193,523.027,20,7,400,700,15,232.169,-67.3703,-60,0,0,0,1,critical_zone,0,1
62,fence24,random_waypoint,3,560,520,550.193,523.027,20,8,600,700,15,183.916,-65.3466,-60,0,0,0,1,critical_zone,0,1
62,fence24,random_waypoint,3,560,520,550.193,523.027,20,9,700,700,15,231.919,-67.361,-60,0,0,0,1,critical_zone,0,1
62,fence24,random_waypoint,3,560,520,550.193,523.027,20,10,750,700,15,266.959,-68.5831,-60,0,0,0,1,critical_zone,0,1
62,fence24,random_waypoint,3,560,520,550.193,523.027,20,11,750,650,15,236.791,-67.5415,-60,0,0,0,1,critical_zone,0,1
62,fence24,random_waypoint,3,560,520,550.193,523.027,20,12,750,550,15,201.681,-66.1475,-60,0,0,0,1,critical_zone,0,1
62,fence24,random_waypoint,3,560,520,550.193,523.027,20,13,750,450,15,212.793,-66.6134,-60,0,0,0,1,critical_zone,0,1
62,fence24,random_waypoint,3,560,520,550.193,523.027,20,14,750,350,15,264.36,-68.4981,-60,0,0,0,1,critical_zone,0,1
62,fence24,random_waypoint,3,560,520,550.193,523.027,20,15,750,300,15,299.481,-69.5816,-60,0,0,0,1,critical_zone,0,1
62,fence24,random_waypoint,3,560,520,550.193,523.027,20,16,700,300,15,268.716,-68.6401,-60,0,0,0,1,critical_zone,0,1
62,fence24,random_waypoint,3,560,520,550.193,523.027,20,17,600,300,15,228.576,-67.2348,-60,0,0,0,1,critical_zone,0,1
62,fence24,random_waypoint,3,560,520,550.193,523.027,20,18,400,300,15,268.931,-68.6471,-60,0,0,0,1,critical_zone,0,1
62,fence24,random_waypoint,3,560,520,550.193,523.027,20,19,300,300,15,335.206,-70.5604,-60,0,0,0,1,critical_zone,0,1
62,fence24,random_waypoint,3,560,520,550.193,523.027,20,20,300,500,15,251.3,-68.0581,-60,0,0,0,1,critical_zone,0,1
62,fence24,random_waypoint,3,560,520,550.193,523.027,20,21,500,350,15,180.23,-65.1708,-60,0,0,0,1,critical_zone,0,1
62,fence24,random_waypoint,3,560,520,550.193,523.027,20,22,700,500,15,151.649,-63.671,-60,0,0,0,1,critical_zone,0,1
62,fence24,random_waypoint,3,560,520,550.193,523.027,20,23,500,650,15,136.625,-62.7649,-60,0,0,0,1,critical_zone,0,1
63,fence24,random_waypoint,3,560,520,559.748,520.078,20,0,250,300,15,380.004,-71.65,-60,0,0,0,1,critical_zone,0,1
63,fence24,random_waypoint,3,560,520,559.748,520.078,20,1,250,350,15,353.406,-71.0197,-60,0,0,0,1,critical_zone,0,1
63,fence24,random_waypoint,3,560,520,559.748,520.078,20,2,250,450,15,317.616,-70.0923,-60,0,0,0,1,critical_zone,0,1
63,fence24,random_waypoint,3,560,520,559.748,520.078,20,3,250,550,15,311.231,-69.9159,-60,0,0,0,1,critical_zone,0,1
63,fence24,random_waypoint,3,560,520,559.748,520.078,20,4,250,650,15,335.93,-70.5792,-60,0,0,0,1,critical_zone,0,1
63,fence24,random_waypoint,3,560,520,559.748,520.078,20,5,250,700,15,358.247,-71.1379,-60,0,0,0,1,critical_zone,0,1
63,fence24,random_waypoint,3,560,520,559.748,520.078,20,6,300,700,15,316.016,-70.0484,-60,0,0,0,1,critical_zone,0,1
63,fence24,random_waypoint,3,560,520,559.748,520.078,20,7,400,700,15,240.659,-67.6823,-60,0,0,0,1,critical_zone,0,1
63,fence24,random_waypoint,3,560,520,559.748,520.078,20,8,600,700,15,184.438,-65.3712,-60,0,0,0,1,critical_zone,0,1
63,fence24,random_waypoint,3,560,520,559.748,520.078,20,9,700,700,15,228.183,-67.2199,-60,0,0,0,1,critical_zone,0,1
63,fence24,random_waypoint,3,560,520,559.748,520.078,20,10,750,700,15,261.902,-68.417,-60,0,0,0,1,critical_zone,0,1
63,fence24,random_waypoint,3,560,520,559.748,520.078,20,11,750,650,15,230.435,-67.3052,-60,0,0,0,1,critical_zone,0,1
63,fence24,random_waypoint,3,560,520,559.748,520.078,20,12,750,550,15,192.655,-65.7498,-60,0,0,0,1,critical_zone,0,1
63,fence24,random_waypoint,3,560,520,559.748,520.078,20,13,750,450,15,202.809,-66.196,-60,0,0,0,1,critical_zone,0,1
63,fence24,random_waypoint,3,560,520,559.748,520.078,20,14,750,350,15,255.239,-68.1932,-60,0,0,0,1,critical_zone,0,1
63,fence24,random_waypoint,3,560,520,559.748,520.078,20,15,750,300,15,290.955,-69.3307,-60,0,0,0,1,critical_zone,0,1
63,fence24,random_waypoint,3,560,520,559.748,520.078,20,16,700,300,15,261.017,-68.3876,-60,0,0,0,1,critical_zone,0,1
63,fence24,random_waypoint,3,560,520,559.748,520.078,20,17,600,300,15,223.784,-67.0508,-60,0,0,0,1,critical_zone,0,1
63,fence24,random_waypoint,3,560,520,559.748,520.078,20,18,400,300,15,271.99,-68.7453,-60,0,0,0,1,critical_zone,0,1
63,fence24,random_waypoint,3,560,520,559.748,520.078,20,19,300,300,15,340.483,-70.6961,-60,0,0,0,1,critical_zone,0,1
63,fence24,random_waypoint,3,560,520,559.748,520.078,20,20,300,500,15,260.571,-68.3728,-60,0,0,0,1,critical_zone,0,1
63,fence24,random_waypoint,3,560,520,559.748,520.078,20,21,500,350,15,180.337,-65.1759,-60,0,0,0,1,critical_zone,0,1
63,fence24,random_waypoint,3,560,520,559.748,520.078,20,22,700,500,15,141.77,-63.0859,-60,0,0,0,1,critical_zone,0,1
63,fence24,random_waypoint,3,560,520,559.748,520.078,20,23,500,650,15,143.09,-63.1664,-60,0,0,0,1,critical_zone,0,1
64,fence24,random_waypoint,3,560,520,560,520,20,0,250,300,15,380.164,-71.6537,-60,0,0,0,1,critical_zone,0,1
64,fence24,random_waypoint,3,560,520,560,520,20,1,250,350,15,353.589,-71.0242,-60,0,0,0,1,critical_zone,0,1
64,fence24,random_waypoint,3,560,520,560,520,20,2,250,450,15,317.844,-70.0985,-60,0,0,0,1,critical_zone,0,1
64,fence24,random_waypoint,3,560,520,560,520,20,3,250,550,15,311.488,-69.9231,-60,0,0,0,1,critical_zone,0,1
64,fence24,random_waypoint,3,560,520,560,520,20,4,250,650,15,336.192,-70.586,-60,0,0,0,1,critical_zone,0,1
64,fence24,random_waypoint,3,560,520,560,520,20,5,250,700,15,358.504,-71.1441,-60,0,0,0,1,critical_zone,0,1
64,fence24,random_waypoint,3,560,520,560,520,20,6,300,700,15,316.267,-70.0553,-60,0,0,0,1,critical_zone,0,1
64,fence24,random_waypoint,3,560,520,560,520,20,7,400,700,15,240.884,-67.6904,-60,0,0,0,1,critical_zone,0,1
64,fence24,random_waypoint,3,560,520,560,520,20,8,600,700,15,184.459,-65.3722,-60,0,0,0,1,critical_zone,0,1
64,fence24,random_waypoint,3,560,520,560,520,20,9,700,700,15,228.09,-67.2163,-60,0,0,0,1,critical_zone,0,1
64,fence24,random_waypoint,3,560,520,560,520,20,10,750,700,15,261.773,-68.4127,-60,0,0,0,1,critical_zone,0,1
64,fence24,random_waypoint,3,560,520,560,520,20,11,750,650,15,230.272,-67.299,-60,0,0,0,1,critical_zone,0,1
64,fence24,random_waypoint,3,560,520,560,520,20,12,750,550,15,192.419,-65.7392,-60,0,0,0,1,critical_zone,0,1
64,fence24,random_waypoint,3,560,520,560,520,20,13,750,450,15,202.546,-66.1847,-60,0,0,0,1,critical_zone,0,1
64,fence24,random_waypoint,3,560,520,560,520,20,14,750,350,15,255,-68.185,-60,0,0,0,1,critical_zone,0,1
64,fence24,random_waypoint,3,560,520,560,520,20,15,750,300,15,290.732,-69.3241,-60,0,0,0,1,critical_zone,0,1
64,fence24,random_waypoint,3,560,520,560,520,20,16,700,300,15,260.816,-68.3809,-60,0,0,0,1,critical_zone,0,1
64,fence24,random_waypoint,3,560,520,560,520,20,17,600,300,15,223.663,-67.0461,-60,0,0,0,1,critical_zone,0,1
64,fence24,random_waypoint,3,560,520,560,520,20,18,400,300,15,272.075,-68.748,-60,0,0,0,1,critical_zone,0,1
64,fence24,random_waypoint,3,560,520,560,520,20,19,300,300,15,340.624,-70.6997,-60,0,0,0,1,critical_zone,0,1
64,fence24,random_waypoint,3,560,520,560,520,20,20,300,500,15,260.816,-68.3809,-60,0,0,0,1,critical_zone,0,1
64,fence24,random_waypoint,3,560,520,560,520,20,21,500,350,15,180.347,-65.1764,-60,0,0,0,1,critical_zone,0,1
64,fence24,random_waypoint,3,560,520,560,520,20,22,700,500,15,141.51,-63.07,-60,0,0,0,1,critical_zone,0,1
64,fence24,random_waypoint,3,560,520,560,520,20,23,500,650,15,143.265,-63.1771,-60,0,0,0,1,critical_zone,0,1
65,fence24,random_waypoint,3,560,520,560,520,20,0,250,300,15,380.164,-71.6537,-60,0,0,0,1,critical_zone,0,1
65,fence24,random_waypoint,3,560,520,560,520,20,1,250,350,15,353.589,-71.0242,-60,0,0,0,1,critical_zone,0,1
65,fence24,random_waypoint,3,560,520,560,520,20,2,250,450,15,317.844,-70.0985,-60,0,0,0,1,critical_zone,0,1
65,fence24,random_waypoint,3,560,520,560,520,20,3,250,550,15,311.488,-69.9231,-60,0,0,0,1,critical_zone,0,1
65,fence24,random_waypoint,3,560,520,560,520,20,4,250,650,15,336.192,-70.586,-60,0,0,0,1,critical_zone,0,1
65,fence24,random_waypoint,3,560,520,560,520,20,5,250,700,15,358.504,-71.1441,-60,0,0,0,1,critical_zone,0,1
65,fence24,random_waypoint,3,560,520,560,520,20,6,300,700,15,316.267,-70.0553,-60,0,0,0,1,critical_zone,0,1
65,fence24,random_waypoint,3,560,520,560,520,20,7,400,700,15,240.884,-67.6904,-60,0,0,0,1,critical_zone,0,1
65,fence24,random_waypoint,3,560,520,560,520,20,8,600,700,15,184.459,-65.3722,-60,0,0,0,1,critical_zone,0,1
65,fence24,random_waypoint,3,560,520,560,520,20,9,700,700,15,228.09,-67.2163,-60,0,0,0,1,critical_zone,0,1
65,fence24,random_waypoint,3,560,520,560,520,20,10,750,700,15,261.773,-68.4127,-60,0,0,0,1,critical_zone,0,1
65,fence24,random_waypoint,3,560,520,560,520,20,11,750,650,15,230.272,-67.299,-60,0,0,0,1,critical_zone,0,1
65,fence24,random_waypoint,3,560,520,560,520,20,12,750,550,15,192.419,-65.7392,-60,0,0,0,1,critical_zone,0,1
65,fence24,random_waypoint,3,560,520,560,520,20,13,750,450,15,202.546,-66.1847,-60,0,0,0,1,critical_zone,0,1
65,fence24,random_waypoint,3,560,520,560,520,20,14,750,350,15,255,-68.185,-60,0,0,0,1,critical_zone,0,1
65,fence24,random_waypoint,3,560,520,560,520,20,15,750,300,15,290.732,-69.3241,-60,0,0,0,1,critical_zone,0,1
65,fence24,random_waypoint,3,560,520,560,520,20,16,700,300,15,260.816,-68.3809,-60,0,0,0,1,critical_zone,0,1
65,fence24,random_waypoint,3,560,520,560,520,20,17,600,300,15,223.663,-67.0461,-60,0,0,0,1,critical_zone,0,1
65,fence24,random_waypoint,3,560,520,560,520,20,18,400,300,15,272.075,-68.748,-60,0,0,0,1,critical_zone,0,1
65,fence24,random_waypoint,3,560,520,560,520,20,19,300,300,15,340.624,-70.6997,-60,0,0,0,1,critical_zone,0,1
65,fence24,random_waypoint,3,560,520,560,520,20,20,300,500,15,260.816,-68.3809,-60,0,0,0,1,critical_zone,0,1
65,fence24,random_waypoint,3,560,520,560,520,20,21,500,350,15,180.347,-65.1764,-60,0,0,0,1,critical_zone,0,1
65,fence24,random_waypoint,3,560,520,560,520,20,22,700,500,15,141.51,-63.07,-60,0,0,0,1,critical_zone,0,1
65,fence24,random_waypoint,3,560,520,560,520,20,23,500,650,15,143.265,-63.1771,-60,0,0,0,1,critical_zone,0,1
66,fence24,random_waypoint,3,560,520,560,520,20,0,250,300,15,380.164,-71.6537,-60,0,0,0,1,critical_zone,0,1
66,fence24,random_waypoint,3,560,520,560,520,20,1,250,350,15,353.589,-71.0242,-60,0,0,0,1,critical_zone,0,1
66,fence24,random_waypoint,3,560,520,560,520,20,2,250,450,15,317.844,-70.0985,-60,0,0,0,1,critical_zone,0,1
66,fence24,random_waypoint,3,560,520,560,520,20,3,250,550,15,311.488,-69.9231,-60,0,0,0,1,critical_zone,0,1
66,fence24,random_waypoint,3,560,520,560,520,20,4,250,650,15,336.192,-70.586,-60,0,0,0,1,critical_zone,0,1
66,fence24,random_waypoint,3,560,520,560,520,20,5,250,700,15,358.504,-71.1441,-60,0,0,0,1,critical_zone,0,1
66,fence24,random_waypoint,3,560,520,560,520,20,6,300,700,15,316.267,-70.0553,-60,0,0,0,1,critical_zone,0,1
66,fence24,random_waypoint,3,560,520,560,520,20,7,400,700,15,240.884,-67.6904,-60,0,0,0,1,critical_zone,0,1
66,fence24,random_waypoint,3,560,520,560,520,20,8,600,700,15,184.459,-65.3722,-60,0,0,0,1,critical_zone,0,1
66,fence24,random_waypoint,3,560,520,560,520,20,9,700,700,15,228.09,-67.2163,-60,0,0,0,1,critical_zone,0,1
66,fence24,random_waypoint,3,560,520,560,520,20,10,750,700,15,261.773,-68.4127,-60,0,0,0,1,critical_zone,0,1
66,fence24,random_waypoint,3,560,520,560,520,20,11,750,650,15,230.272,-67.299,-60,0,0,0,1,critical_zone,0,1
66,fence24,random_waypoint,3,560,520,560,520,20,12,750,550,15,192.419,-65.7392,-60,0,0,0,1,critical_zone,0,1
66,fence24,random_waypoint,3,560,520,560,520,20,13,750,450,15,202.546,-66.1847,-60,0,0,0,1,critical_zone,0,1
66,fence24,random_waypoint,3,560,520,560,520,20,14,750,350,15,255,-68.185,-60,0,0,0,1,critical_zone,0,1
66,fence24,random_waypoint,3,560,520,560,520,20,15,750,300,15,290.732,-69.3241,-60,0,0,0,1,critical_zone,0,1
66,fence24,random_waypoint,3,560,520,560,520,20,16,700,300,15,260.816,-68.3809,-60,0,0,0,1,critical_zone,0,1
66,fence24,random_waypoint,3,560,520,560,520,20,17,600,300,15,223.663,-67.0461,-60,0,0,0,1,critical_zone,0,1
66,fence24,random_waypoint,3,560,520,560,520,20,18,400,300,15,272.075,-68.748,-60,0,0,0,1,critical_zone,0,1
66,fence24,random_waypoint,3,560,520,560,520,20,19,300,300,15,340.624,-70.6997,-60,0,0,0,1,critical_zone,0,1
66,fence24,random_waypoint,3,560,520,560,520,20,20,300,500,15,260.816,-68.3809,-60,0,0,0,1,critical_zone,0,1
66,fence24,random_waypoint,3,560,520,560,520,20,21,500,350,15,180.347,-65.1764,-60,0,0,0,1,critical_zone,0,1
66,fence24,random_waypoint,3,560,520,560,520,20,22,700,500,15,141.51,-63.07,-60,0,0,0,1,critical_zone,0,1
66,fence24,random_waypoint,3,560,520,560,520,20,23,500,650,15,143.265,-63.1771,-60,0,0,0,1,critical_zone,0,1
67,fence24,random_waypoint,3,560,520,560,520,20,0,250,300,15,380.164,-71.6537,-60,0,0,0,1,critical_zone,0,1
67,fence24,random_waypoint,3,560,520,560,520,20,1,250,350,15,353.589,-71.0242,-60,0,0,0,1,critical_zone,0,1
67,fence24,random_waypoint,3,560,520,560,520,20,2,250,450,15,317.844,-70.0985,-60,0,0,0,1,critical_zone,0,1
67,fence24,random_waypoint,3,560,520,560,520,20,3,250,550,15,311.488,-69.9231,-60,0,0,0,1,critical_zone,0,1
67,fence24,random_waypoint,3,560,520,560,520,20,4,250,650,15,336.192,-70.586,-60,0,0,0,1,critical_zone,0,1
67,fence24,random_waypoint,3,560,520,560,520,20,5,250,700,15,358.504,-71.1441,-60,0,0,0,1,critical_zone,0,1
67,fence24,random_waypoint,3,560,520,560,520,20,6,300,700,15,316.267,-70.0553,-60,0,0,0,1,critical_zone,0,1
67,fence24,random_waypoint,3,560,520,560,520,20,7,400,700,15,240.884,-67.6904,-60,0,0,0,1,critical_zone,0,1
67,fence24,random_waypoint,3,560,520,560,520,20,8,600,700,15,184.459,-65.3722,-60,0,0,0,1,critical_zone,0,1
67,fence24,random_waypoint,3,560,520,560,520,20,9,700,700,15,228.09,-67.2163,-60,0,0,0,1,critical_zone,0,1
67,fence24,random_waypoint,3,560,520,560,520,20,10,750,700,15,261.773,-68.4127,-60,0,0,0,1,critical_zone,0,1
67,fence24,random_waypoint,3,560,520,560,520,20,11,750,650,15,230.272,-67.299,-60,0,0,0,1,critical_zone,0,1
67,fence24,random_waypoint,3,560,520,560,520,20,12,750,550,15,192.419,-65.7392,-60,0,0,0,1,critical_zone,0,1
67,fence24,random_waypoint,3,560,520,560,520,20,13,750,450,15,202.546,-66.1847,-60,0,0,0,1,critical_zone,0,1
67,fence24,random_waypoint,3,560,520,560,520,20,14,750,350,15,255,-68.185,-60,0,0,0,1,critical_zone,0,1
67,fence24,random_waypoint,3,560,520,560,520,20,15,750,300,15,290.732,-69.3241,-60,0,0,0,1,critical_zone,0,1
67,fence24,random_waypoint,3,560,520,560,520,20,16,700,300,15,260.816,-68.3809,-60,0,0,0,1,critical_zone,0,1
67,fence24,random_waypoint,3,560,520,560,520,20,17,600,300,15,223.663,-67.0461,-60,0,0,0,1,critical_zone,0,1
67,fence24,random_waypoint,3,560,520,560,520,20,18,400,300,15,272.075,-68.748,-60,0,0,0,1,critical_zone,0,1
67,fence24,random_waypoint,3,560,520,560,520,20,19,300,300,15,340.624,-70.6997,-60,0,0,0,1,critical_zone,0,1
67,fence24,random_waypoint,3,560,520,560,520,20,20,300,500,15,260.816,-68.3809,-60,0,0,0,1,critical_zone,0,1
67,fence24,random_waypoint,3,560,520,560,520,20,21,500,350,15,180.347,-65.1764,-60,0,0,0,1,critical_zone,0,1
67,fence24,random_waypoint,3,560,520,560,520,20,22,700,500,15,141.51,-63.07,-60,0,0,0,1,critical_zone,0,1
67,fence24,random_waypoint,3,560,520,560,520,20,23,500,650,15,143.265,-63.1771,-60,0,0,0,1,critical_zone,0,1
68,fence24,random_waypoint,3,560,520,560,520,20,0,250,300,15,380.164,-71.6537,-60,0,0,0,1,critical_zone,0,1
68,fence24,random_waypoint,3,560,520,560,520,20,1,250,350,15,353.589,-71.0242,-60,0,0,0,1,critical_zone,0,1
68,fence24,random_waypoint,3,560,520,560,520,20,2,250,450,15,317.844,-70.0985,-60,0,0,0,1,critical_zone,0,1
68,fence24,random_waypoint,3,560,520,560,520,20,3,250,550,15,311.488,-69.9231,-60,0,0,0,1,critical_zone,0,1
68,fence24,random_waypoint,3,560,520,560,520,20,4,250,650,15,336.192,-70.586,-60,0,0,0,1,critical_zone,0,1
68,fence24,random_waypoint,3,560,520,560,520,20,5,250,700,15,358.504,-71.1441,-60,0,0,0,1,critical_zone,0,1
68,fence24,random_waypoint,3,560,520,560,520,20,6,300,700,15,316.267,-70.0553,-60,0,0,0,1,critical_zone,0,1
68,fence24,random_waypoint,3,560,520,560,520,20,7,400,700,15,240.884,-67.6904,-60,0,0,0,1,critical_zone,0,1
68,fence24,random_waypoint,3,560,520,560,520,20,8,600,700,15,184.459,-65.3722,-60,0,0,0,1,critical_zone,0,1
68,fence24,random_waypoint,3,560,520,560,520,20,9,700,700,15,228.09,-67.2163,-60,0,0,0,1,critical_zone,0,1
68,fence24,random_waypoint,3,560,520,560,520,20,10,750,700,15,261.773,-68.4127,-60,0,0,0,1,critical_zone,0,1
68,fence24,random_waypoint,3,560,520,560,520,20,11,750,650,15,230.272,-67.299,-60,0,0,0,1,critical_zone,0,1
68,fence24,random_waypoint,3,560,520,560,520,20,12,750,550,15,192.419,-65.7392,-60,0,0,0,1,critical_zone,0,1
68,fence24,random_waypoint,3,560,520,560,520,20,13,750,450,15,202.546,-66.1847,-60,0,0,0,1,critical_zone,0,1
68,fence24,random_waypoint,3,560,520,560,520,20,14,750,350,15,255,-68.185,-60,0,0,0,1,critical_zone,0,1
68,fence24,random_waypoint,3,560,520,560,520,20,15,750,300,15,290.732,-69.3241,-60,0,0,0,1,critical_zone,0,1
68,fence24,random_waypoint,3,560,520,560,520,20,16,700,300,15,260.816,-68.3809,-60,0,0,0,1,critical_zone,0,1
68,fence24,random_waypoint,3,560,520,560,520,20,17,600,300,15,223.663,-67.0461,-60,0,0,0,1,critical_zone,0,1
68,fence24,random_waypoint,3,560,520,560,520,20,18,400,300,15,272.075,-68.748,-60,0,0,0,1,critical_zone,0,1
68,fence24,random_waypoint,3,560,520,560,520,20,19,300,300,15,340.624,-70.6997,-60,0,0,0,1,critical_zone,0,1
68,fence24,random_waypoint,3,560,520,560,520,20,20,300,500,15,260.816,-68.3809,-60,0,0,0,1,critical_zone,0,1
68,fence24,random_waypoint,3,560,520,560,520,20,21,500,350,15,180.347,-65.1764,-60,0,0,0,1,critical_zone,0,1
68,fence24,random_waypoint,3,560,520,560,520,20,22,700,500,15,141.51,-63.07,-60,0,0,0,1,critical_zone,0,1
68,fence24,random_waypoint,3,560,520,560,520,20,23,500,650,15,143.265,-63.1771,-60,0,0,0,1,critical_zone,0,1
69,fence24,random_waypoint,3,560,520,560,520,20,0,250,300,15,380.164,-71.6537,-60,0,0,0,1,critical_zone,0,1
69,fence24,random_waypoint,3,560,520,560,520,20,1,250,350,15,353.589,-71.0242,-60,0,0,0,1,critical_zone,0,1
69,fence24,random_waypoint,3,560,520,560,520,20,2,250,450,15,317.844,-70.0985,-60,0,0,0,1,critical_zone,0,1
69,fence24,random_waypoint,3,560,520,560,520,20,3,250,550,15,311.488,-69.9231,-60,0,0,0,1,critical_zone,0,1
69,fence24,random_waypoint,3,560,520,560,520,20,4,250,650,15,336.192,-70.586,-60,0,0,0,1,critical_zone,0,1
69,fence24,random_waypoint,3,560,520,560,520,20,5,250,700,15,358.504,-71.1441,-60,0,0,0,1,critical_zone,0,1
69,fence24,random_waypoint,3,560,520,560,520,20,6,300,700,15,316.267,-70.0553,-60,0,0,0,1,critical_zone,0,1
69,fence24,random_waypoint,3,560,520,560,520,20,7,400,700,15,240.884,-67.6904,-60,0,0,0,1,critical_zone,0,1
69,fence24,random_waypoint,3,560,520,560,520,20,8,600,700,15,184.459,-65.3722,-60,0,0,0,1,critical_zone,0,1
69,fence24,random_waypoint,3,560,520,560,520,20,9,700,700,15,228.09,-67.2163,-60,0,0,0,1,critical_zone,0,1
69,fence24,random_waypoint,3,560,520,560,520,20,10,750,700,15,261.773,-68.4127,-60,0,0,0,1,critical_zone,0,1
69,fence24,random_waypoint,3,560,520,560,520,20,11,750,650,15,230.272,-67.299,-60,0,0,0,1,critical_zone,0,1
69,fence24,random_waypoint,3,560,520,560,520,20,12,750,550,15,192.419,-65.7392,-60,0,0,0,1,critical_zone,0,1
69,fence24,random_waypoint,3,560,520,560,520,20,13,750,450,15,202.546,-66.1847,-60,0,0,0,1,critical_zone,0,1
69,fence24,random_waypoint,3,560,520,560,520,20,14,750,350,15,255,-68.185,-60,0,0,0,1,critical_zone,0,1
69,fence24,random_waypoint,3,560,520,560,520,20,15,750,300,15,290.732,-69.3241,-60,0,0,0,1,critical_zone,0,1
69,fence24,random_waypoint,3,560,520,560,520,20,16,700,300,15,260.816,-68.3809,-60,0,0,0,1,critical_zone,0,1
69,fence24,random_waypoint,3,560,520,560,520,20,17,600,300,15,223.663,-67.0461,-60,0,0,0,1,critical_zone,0,1
69,fence24,random_waypoint,3,560,520,560,520,20,18,400,300,15,272.075,-68.748,-60,0,0,0,1,critical_zone,0,1
69,fence24,random_waypoint,3,560,520,560,520,20,19,300,300,15,340.624,-70.6997,-60,0,0,0,1,critical_zone,0,1
69,fence24,random_waypoint,3,560,520,560,520,20,20,300,500,15,260.816,-68.3809,-60,0,0,0,1,critical_zone,0,1
69,fence24,random_waypoint,3,560,520,560,520,20,21,500,350,15,180.347,-65.1764,-60,0,0,0,1,critical_zone,0,1
69,fence24,random_waypoint,3,560,520,560,520,20,22,700,500,15,141.51,-63.07,-60,0,0,0,1,critical_zone,0,1
69,fence24,random_waypoint,3,560,520,560,520,20,23,500,650,15,143.265,-63.1771,-60,0,0,0,1,critical_zone,0,1
70,fence24,random_waypoint,3,560,520,560,520,20,0,250,300,15,380.164,-71.6537,-60,0,0,0,1,critical_zone,0,1
70,fence24,random_waypoint,3,560,520,560,520,20,1,250,350,15,353.589,-71.0242,-60,0,0,0,1,critical_zone,0,1
70,fence24,random_waypoint,3,560,520,560,520,20,2,250,450,15,317.844,-70.0985,-60,0,0,0,1,critical_zone,0,1
70,fence24,random_waypoint,3,560,520,560,520,20,3,250,550,15,311.488,-69.9231,-60,0,0,0,1,critical_zone,0,1
70,fence24,random_waypoint,3,560,520,560,520,20,4,250,650,15,336.192,-70.586,-60,0,0,0,1,critical_zone,0,1
70,fence24,random_waypoint,3,560,520,560,520,20,5,250,700,15,358.504,-71.1441,-60,0,0,0,1,critical_zone,0,1
70,fence24,random_waypoint,3,560,520,560,520,20,6,300,700,15,316.267,-70.0553,-60,0,0,0,1,critical_zone,0,1
70,fence24,random_waypoint,3,560,520,560,520,20,7,400,700,15,240.884,-67.6904,-60,0,0,0,1,critical_zone,0,1
70,fence24,random_waypoint,3,560,520,560,520,20,8,600,700,15,184.459,-65.3722,-60,0,0,0,1,critical_zone,0,1
70,fence24,random_waypoint,3,560,520,560,520,20,9,700,700,15,228.09,-67.2163,-60,0,0,0,1,critical_zone,0,1
70,fence24,random_waypoint,3,560,520,560,520,20,10,750,700,15,261.773,-68.4127,-60,0,0,0,1,critical_zone,0,1
70,fence24,random_waypoint,3,560,520,560,520,20,11,750,650,15,230.272,-67.299,-60,0,0,0,1,critical_zone,0,1
70,fence24,random_waypoint,3,560,520,560,520,20,12,750,550,15,192.419,-65.7392,-60,0,0,0,1,critical_zone,0,1
70,fence24,random_waypoint,3,560,520,560,520,20,13,750,450,15,202.546,-66.1847,-60,0,0,0,1,critical_zone,0,1
70,fence24,random_waypoint,3,560,520,560,520,20,14,750,350,15,255,-68.185,-60,0,0,0,1,critical_zone,0,1
70,fence24,random_waypoint,3,560,520,560,520,20,15,750,300,15,290.732,-69.3241,-60,0,0,0,1,critical_zone,0,1
70,fence24,random_waypoint,3,560,520,560,520,20,16,700,300,15,260.816,-68.3809,-60,0,0,0,1,critical_zone,0,1
70,fence24,random_waypoint,3,560,520,560,520,20,17,600,300,15,223.663,-67.0461,-60,0,0,0,1,critical_zone,0,1
70,fence24,random_waypoint,3,560,520,560,520,20,18,400,300,15,272.075,-68.748,-60,0,0,0,1,critical_zone,0,1
70,fence24,random_waypoint,3,560,520,560,520,20,19,300,300,15,340.624,-70.6997,-60,0,0,0,1,critical_zone,0,1
70,fence24,random_waypoint,3,560,520,560,520,20,20,300,500,15,260.816,-68.3809,-60,0,0,0,1,critical_zone,0,1
70,fence24,random_waypoint,3,560,520,560,520,20,21,500,350,15,180.347,-65.1764,-60,0,0,0,1,critical_zone,0,1
70,fence24,random_waypoint,3,560,520,560,520,20,22,700,500,15,141.51,-63.07,-60,0,0,0,1,critical_zone,0,1
70,fence24,random_waypoint,3,560,520,560,520,20,23,500,650,15,143.265,-63.1771,-60,0,0,0,1,critical_zone,0,1
71,fence24,random_waypoint,3,560,520,560,520,20,0,250,300,15,380.164,-71.6537,-60,0,0,0,1,critical_zone,0,1
71,fence24,random_waypoint,3,560,520,560,520,20,1,250,350,15,353.589,-71.0242,-60,0,0,0,1,critical_zone,0,1
71,fence24,random_waypoint,3,560,520,560,520,20,2,250,450,15,317.844,-70.0985,-60,0,0,0,1,critical_zone,0,1
71,fence24,random_waypoint,3,560,520,560,520,20,3,250,550,15,311.488,-69.9231,-60,0,0,0,1,critical_zone,0,1
71,fence24,random_waypoint,3,560,520,560,520,20,4,250,650,15,336.192,-70.586,-60,0,0,0,1,critical_zone,0,1
71,fence24,random_waypoint,3,560,520,560,520,20,5,250,700,15,358.504,-71.1441,-60,0,0,0,1,critical_zone,0,1
71,fence24,random_waypoint,3,560,520,560,520,20,6,300,700,15,316.267,-70.0553,-60,0,0,0,1,critical_zone,0,1
71,fence24,random_waypoint,3,560,520,560,520,20,7,400,700,15,240.884,-67.6904,-60,0,0,0,1,critical_zone,0,1
71,fence24,random_waypoint,3,560,520,560,520,20,8,600,700,15,184.459,-65.3722,-60,0,0,0,1,critical_zone,0,1
71,fence24,random_waypoint,3,560,520,560,520,20,9,700,700,15,228.09,-67.2163,-60,0,0,0,1,critical_zone,0,1
71,fence24,random_waypoint,3,560,520,560,520,20,10,750,700,15,261.773,-68.4127,-60,0,0,0,1,critical_zone,0,1
71,fence24,random_waypoint,3,560,520,560,520,20,11,750,650,15,230.272,-67.299,-60,0,0,0,1,critical_zone,0,1
71,fence24,random_waypoint,3,560,520,560,520,20,12,750,550,15,192.419,-65.7392,-60,0,0,0,1,critical_zone,0,1
71,fence24,random_waypoint,3,560,520,560,520,20,13,750,450,15,202.546,-66.1847,-60,0,0,0,1,critical_zone,0,1
71,fence24,random_waypoint,3,560,520,560,520,20,14,750,350,15,255,-68.185,-60,0,0,0,1,critical_zone,0,1
71,fence24,random_waypoint,3,560,520,560,520,20,15,750,300,15,290.732,-69.3241,-60,0,0,0,1,critical_zone,0,1
71,fence24,random_waypoint,3,560,520,560,520,20,16,700,300,15,260.816,-68.3809,-60,0,0,0,1,critical_zone,0,1
71,fence24,random_waypoint,3,560,520,560,520,20,17,600,300,15,223.663,-67.0461,-60,0,0,0,1,critical_zone,0,1
71,fence24,random_waypoint,3,560,520,560,520,20,18,400,300,15,272.075,-68.748,-60,0,0,0,1,critical_zone,0,1
71,fence24,random_waypoint,3,560,520,560,520,20,19,300,300,15,340.624,-70.6997,-60,0,0,0,1,critical_zone,0,1
71,fence24,random_waypoint,3,560,520,560,520,20,20,300,500,15,260.816,-68.3809,-60,0,0,0,1,critical_zone,0,1
71,fence24,random_waypoint,3,560,520,560,520,20,21,500,350,15,180.347,-65.1764,-60,0,0,0,1,critical_zone,0,1
71,fence24,random_waypoint,3,560,520,560,520,20,22,700,500,15,141.51,-63.07,-60,0,0,0,1,critical_zone,0,1
71,fence24,random_waypoint,3,560,520,560,520,20,23,500,650,15,143.265,-63.1771,-60,0,0,0,1,critical_zone,0,1
72,fence24,random_waypoint,3,560,520,560,520,20,0,250,300,15,380.164,-71.6537,-60,0,0,0,1,critical_zone,0,1
72,fence24,random_waypoint,3,560,520,560,520,20,1,250,350,15,353.589,-71.0242,-60,0,0,0,1,critical_zone,0,1
72,fence24,random_waypoint,3,560,520,560,520,20,2,250,450,15,317.844,-70.0985,-60,0,0,0,1,critical_zone,0,1
72,fence24,random_waypoint,3,560,520,560,520,20,3,250,550,15,311.488,-69.9231,-60,0,0,0,1,critical_zone,0,1
72,fence24,random_waypoint,3,560,520,560,520,20,4,250,650,15,336.192,-70.586,-60,0,0,0,1,critical_zone,0,1
72,fence24,random_waypoint,3,560,520,560,520,20,5,250,700,15,358.504,-71.1441,-60,0,0,0,1,critical_zone,0,1
72,fence24,random_waypoint,3,560,520,560,520,20,6,300,700,15,316.267,-70.0553,-60,0,0,0,1,critical_zone,0,1
72,fence24,random_waypoint,3,560,520,560,520,20,7,400,700,15,240.884,-67.6904,-60,0,0,0,1,critical_zone,0,1
72,fence24,random_waypoint,3,560,520,560,520,20,8,600,700,15,184.459,-65.3722,-60,0,0,0,1,critical_zone,0,1
72,fence24,random_waypoint,3,560,520,560,520,20,9,700,700,15,228.09,-67.2163,-60,0,0,0,1,critical_zone,0,1
72,fence24,random_waypoint,3,560,520,560,520,20,10,750,700,15,261.773,-68.4127,-60,0,0,0,1,critical_zone,0,1
72,fence24,random_waypoint,3,560,520,560,520,20,11,750,650,15,230.272,-67.299,-60,0,0,0,1,critical_zone,0,1
72,fence24,random_waypoint,3,560,520,560,520,20,12,750,550,15,192.419,-65.7392,-60,0,0,0,1,critical_zone,0,1
72,fence24,random_waypoint,3,560,520,560,520,20,13,750,450,15,202.546,-66.1847,-60,0,0,0,1,critical_zone,0,1
72,fence24,random_waypoint,3,560,520,560,520,20,14,750,350,15,255,-68.185,-60,0,0,0,1,critical_zone,0,1
72,fence24,random_waypoint,3,560,520,560,520,20,15,750,300,15,290.732,-69.3241,-60,0,0,0,1,critical_zone,0,1
72,fence24,random_waypoint,3,560,520,560,520,20,16,700,300,15,260.816,-68.3809,-60,0,0,0,1,critical_zone,0,1
72,fence24,random_waypoint,3,560,520,560,520,20,17,600,300,15,223.663,-67.0461,-60,0,0,0,1,critical_zone,0,1
72,fence24,random_waypoint,3,560,520,560,520,20,18,400,300,15,272.075,-68.748,-60,0,0,0,1,critical_zone,0,1
72,fence24,random_waypoint,3,560,520,560,520,20,19,300,300,15,340.624,-70.6997,-60,0,0,0,1,critical_zone,0,1
72,fence24,random_waypoint,3,560,520,560,520,20,20,300,500,15,260.816,-68.3809,-60,0,0,0,1,critical_zone,0,1
72,fence24,random_waypoint,3,560,520,560,520,20,21,500,350,15,180.347,-65.1764,-60,0,0,0,1,critical_zone,0,1
72,fence24,random_waypoint,3,560,520,560,520,20,22,700,500,15,141.51,-63.07,-60,0,0,0,1,critical_zone,0,1
72,fence24,random_waypoint,3,560,520,560,520,20,23,500,650,15,143.265,-63.1771,-60,0,0,0,1,critical_zone,0,1
73,fence24,random_waypoint,3,560,520,560,520,20,0,250,300,15,380.164,-71.6537,-60,0,0,0,1,critical_zone,0,1
73,fence24,random_waypoint,3,560,520,560,520,20,1,250,350,15,353.589,-71.0242,-60,0,0,0,1,critical_zone,0,1
73,fence24,random_waypoint,3,560,520,560,520,20,2,250,450,15,317.844,-70.0985,-60,0,0,0,1,critical_zone,0,1
73,fence24,random_waypoint,3,560,520,560,520,20,3,250,550,15,311.488,-69.9231,-60,0,0,0,1,critical_zone,0,1
73,fence24,random_waypoint,3,560,520,560,520,20,4,250,650,15,336.192,-70.586,-60,0,0,0,1,critical_zone,0,1
73,fence24,random_waypoint,3,560,520,560,520,20,5,250,700,15,358.504,-71.1441,-60,0,0,0,1,critical_zone,0,1
73,fence24,random_waypoint,3,560,520,560,520,20,6,300,700,15,316.267,-70.0553,-60,0,0,0,1,critical_zone,0,1
73,fence24,random_waypoint,3,560,520,560,520,20,7,400,700,15,240.884,-67.6904,-60,0,0,0,1,critical_zone,0,1
73,fence24,random_waypoint,3,560,520,560,520,20,8,600,700,15,184.459,-65.3722,-60,0,0,0,1,critical_zone,0,1
73,fence24,random_waypoint,3,560,520,560,520,20,9,700,700,15,228.09,-67.2163,-60,0,0,0,1,critical_zone,0,1
73,fence24,random_waypoint,3,560,520,560,520,20,10,750,700,15,261.773,-68.4127,-60,0,0,0,1,critical_zone,0,1
73,fence24,random_waypoint,3,560,520,560,520,20,11,750,650,15,230.272,-67.299,-60,0,0,0,1,critical_zone,0,1
73,fence24,random_waypoint,3,560,520,560,520,20,12,750,550,15,192.419,-65.7392,-60,0,0,0,1,critical_zone,0,1
73,fence24,random_waypoint,3,560,520,560,520,20,13,750,450,15,202.546,-66.1847,-60,0,0,0,1,critical_zone,0,1
73,fence24,random_waypoint,3,560,520,560,520,20,14,750,350,15,255,-68.185,-60,0,0,0,1,critical_zone,0,1
73,fence24,random_waypoint,3,560,520,560,520,20,15,750,300,15,290.732,-69.3241,-60,0,0,0,1,critical_zone,0,1
73,fence24,random_waypoint,3,560,520,560,520,20,16,700,300,15,260.816,-68.3809,-60,0,0,0,1,critical_zone,0,1
73,fence24,random_waypoint,3,560,520,560,520,20,17,600,300,15,223.663,-67.0461,-60,0,0,0,1,critical_zone,0,1
73,fence24,random_waypoint,3,560,520,560,520,20,18,400,300,15,272.075,-68.748,-60,0,0,0,1,critical_zone,0,1
73,fence24,random_waypoint,3,560,520,560,520,20,19,300,300,15,340.624,-70.6997,-60,0,0,0,1,critical_zone,0,1
73,fence24,random_waypoint,3,560,520,560,520,20,20,300,500,15,260.816,-68.3809,-60,0,0,0,1,critical_zone,0,1
73,fence24,random_waypoint,3,560,520,560,520,20,21,500,350,15,180.347,-65.1764,-60,0,0,0,1,critical_zone,0,1
73,fence24,random_waypoint,3,560,520,560,520,20,22,700,500,15,141.51,-63.07,-60,0,0,0,1,critical_zone,0,1
73,fence24,random_waypoint,3,560,520,560,520,20,23,500,650,15,143.265,-63.1771,-60,0,0,0,1,critical_zone,0,1
74,fence24,random_waypoint,3,560,520,560,520,20,0,250,300,15,380.164,-71.6537,-60,0,0,0,1,critical_zone,0,1
74,fence24,random_waypoint,3,560,520,560,520,20,1,250,350,15,353.589,-71.0242,-60,0,0,0,1,critical_zone,0,1
74,fence24,random_waypoint,3,560,520,560,520,20,2,250,450,15,317.844,-70.0985,-60,0,0,0,1,critical_zone,0,1
74,fence24,random_waypoint,3,560,520,560,520,20,3,250,550,15,311.488,-69.9231,-60,0,0,0,1,critical_zone,0,1
74,fence24,random_waypoint,3,560,520,560,520,20,4,250,650,15,336.192,-70.586,-60,0,0,0,1,critical_zone,0,1
74,fence24,random_waypoint,3,560,520,560,520,20,5,250,700,15,358.504,-71.1441,-60,0,0,0,1,critical_zone,0,1
74,fence24,random_waypoint,3,560,520,560,520,20,6,300,700,15,316.267,-70.0553,-60,0,0,0,1,critical_zone,0,1
74,fence24,random_waypoint,3,560,520,560,520,20,7,400,700,15,240.884,-67.6904,-60,0,0,0,1,critical_zone,0,1
74,fence24,random_waypoint,3,560,520,560,520,20,8,600,700,15,184.459,-65.3722,-60,0,0,0,1,critical_zone,0,1
74,fence24,random_waypoint,3,560,520,560,520,20,9,700,700,15,228.09,-67.2163,-60,0,0,0,1,critical_zone,0,1
74,fence24,random_waypoint,3,560,520,560,520,20,10,750,700,15,261.773,-68.4127,-60,0,0,0,1,critical_zone,0,1
74,fence24,random_waypoint,3,560,520,560,520,20,11,750,650,15,230.272,-67.299,-60,0,0,0,1,critical_zone,0,1
74,fence24,random_waypoint,3,560,520,560,520,20,12,750,550,15,192.419,-65.7392,-60,0,0,0,1,critical_zone,0,1
74,fence24,random_waypoint,3,560,520,560,520,20,13,750,450,15,202.546,-66.1847,-60,0,0,0,1,critical_zone,0,1
74,fence24,random_waypoint,3,560,520,560,520,20,14,750,350,15,255,-68.185,-60,0,0,0,1,critical_zone,0,1
74,fence24,random_waypoint,3,560,520,560,520,20,15,750,300,15,290.732,-69.3241,-60,0,0,0,1,critical_zone,0,1
74,fence24,random_waypoint,3,560,520,560,520,20,16,700,300,15,260.816,-68.3809,-60,0,0,0,1,critical_zone,0,1
74,fence24,random_waypoint,3,560,520,560,520,20,17,600,300,15,223.663,-67.0461,-60,0,0,0,1,critical_zone,0,1
74,fence24,random_waypoint,3,560,520,560,520,20,18,400,300,15,272.075,-68.748,-60,0,0,0,1,critical_zone,0,1
74,fence24,random_waypoint,3,560,520,560,520,20,19,300,300,15,340.624,-70.6997,-60,0,0,0,1,critical_zone,0,1
74,fence24,random_waypoint,3,560,520,560,520,20,20,300,500,15,260.816,-68.3809,-60,0,0,0,1,critical_zone,0,1
74,fence24,random_waypoint,3,560,520,560,520,20,21,500,350,15,180.347,-65.1764,-60,0,0,0,1,critical_zone,0,1
74,fence24,random_waypoint,3,560,520,560,520,20,22,700,500,15,141.51,-63.07,-60,0,0,0,1,critical_zone,0,1
74,fence24,random_waypoint,3,560,520,560,520,20,23,500,650,15,143.265,-63.1771,-60,0,0,0,1,critical_zone,0,1
75,fence24,random_waypoint,3,560,520,560,520,20,0,250,300,15,380.164,-71.6537,-60,0,0,0,1,critical_zone,0,1
75,fence24,random_waypoint,3,560,520,560,520,20,1,250,350,15,353.589,-71.0242,-60,0,0,0,1,critical_zone,0,1
75,fence24,random_waypoint,3,560,520,560,520,20,2,250,450,15,317.844,-70.0985,-60,0,0,0,1,critical_zone,0,1
75,fence24,random_waypoint,3,560,520,560,520,20,3,250,550,15,311.488,-69.9231,-60,0,0,0,1,critical_zone,0,1
75,fence24,random_waypoint,3,560,520,560,520,20,4,250,650,15,336.192,-70.586,-60,0,0,0,1,critical_zone,0,1
75,fence24,random_waypoint,3,560,520,560,520,20,5,250,700,15,358.504,-71.1441,-60,0,0,0,1,critical_zone,0,1
75,fence24,random_waypoint,3,560,520,560,520,20,6,300,700,15,316.267,-70.0553,-60,0,0,0,1,critical_zone,0,1
75,fence24,random_waypoint,3,560,520,560,520,20,7,400,700,15,240.884,-67.6904,-60,0,0,0,1,critical_zone,0,1
75,fence24,random_waypoint,3,560,520,560,520,20,8,600,700,15,184.459,-65.3722,-60,0,0,0,1,critical_zone,0,1
75,fence24,random_waypoint,3,560,520,560,520,20,9,700,700,15,228.09,-67.2163,-60,0,0,0,1,critical_zone,0,1
75,fence24,random_waypoint,3,560,520,560,520,20,10,750,700,15,261.773,-68.4127,-60,0,0,0,1,critical_zone,0,1
75,fence24,random_waypoint,3,560,520,560,520,20,11,750,650,15,230.272,-67.299,-60,0,0,0,1,critical_zone,0,1
75,fence24,random_waypoint,3,560,520,560,520,20,12,750,550,15,192.419,-65.7392,-60,0,0,0,1,critical_zone,0,1
75,fence24,random_waypoint,3,560,520,560,520,20,13,750,450,15,202.546,-66.1847,-60,0,0,0,1,critical_zone,0,1
75,fence24,random_waypoint,3,560,520,560,520,20,14,750,350,15,255,-68.185,-60,0,0,0,1,critical_zone,0,1
75,fence24,random_waypoint,3,560,520,560,520,20,15,750,300,15,290.732,-69.3241,-60,0,0,0,1,critical_zone,0,1
75,fence24,random_waypoint,3,560,520,560,520,20,16,700,300,15,260.816,-68.3809,-60,0,0,0,1,critical_zone,0,1
75,fence24,random_waypoint,3,560,520,560,520,20,17,600,300,15,223.663,-67.0461,-60,0,0,0,1,critical_zone,0,1
75,fence24,random_waypoint,3,560,520,560,520,20,18,400,300,15,272.075,-68.748,-60,0,0,0,1,critical_zone,0,1
75,fence24,random_waypoint,3,560,520,560,520,20,19,300,300,15,340.624,-70.6997,-60,0,0,0,1,critical_zone,0,1
75,fence24,random_waypoint,3,560,520,560,520,20,20,300,500,15,260.816,-68.3809,-60,0,0,0,1,critical_zone,0,1
75,fence24,random_waypoint,3,560,520,560,520,20,21,500,350,15,180.347,-65.1764,-60,0,0,0,1,critical_zone,0,1
75,fence24,random_waypoint,3,560,520,560,520,20,22,700,500,15,141.51,-63.07,-60,0,0,0,1,critical_zone,0,1
75,fence24,random_waypoint,3,560,520,560,520,20,23,500,650,15,143.265,-63.1771,-60,0,0,0,1,critical_zone,0,1
76,fence24,random_waypoint,3,560,520,560,520,20,0,250,300,15,380.164,-71.6537,-60,0,0,0,1,critical_zone,0,1
76,fence24,random_waypoint,3,560,520,560,520,20,1,250,350,15,353.589,-71.0242,-60,0,0,0,1,critical_zone,0,1
76,fence24,random_waypoint,3,560,520,560,520,20,2,250,450,15,317.844,-70.0985,-60,0,0,0,1,critical_zone,0,1
76,fence24,random_waypoint,3,560,520,560,520,20,3,250,550,15,311.488,-69.9231,-60,0,0,0,1,critical_zone,0,1
76,fence24,random_waypoint,3,560,520,560,520,20,4,250,650,15,336.192,-70.586,-60,0,0,0,1,critical_zone,0,1
76,fence24,random_waypoint,3,560,520,560,520,20,5,250,700,15,358.504,-71.1441,-60,0,0,0,1,critical_zone,0,1
76,fence24,random_waypoint,3,560,520,560,520,20,6,300,700,15,316.267,-70.0553,-60,0,0,0,1,critical_zone,0,1
76,fence24,random_waypoint,3,560,520,560,520,20,7,400,700,15,240.884,-67.6904,-60,0,0,0,1,critical_zone,0,1
76,fence24,random_waypoint,3,560,520,560,520,20,8,600,700,15,184.459,-65.3722,-60,0,0,0,1,critical_zone,0,1
76,fence24,random_waypoint,3,560,520,560,520,20,9,700,700,15,228.09,-67.2163,-60,0,0,0,1,critical_zone,0,1
76,fence24,random_waypoint,3,560,520,560,520,20,10,750,700,15,261.773,-68.4127,-60,0,0,0,1,critical_zone,0,1
76,fence24,random_waypoint,3,560,520,560,520,20,11,750,650,15,230.272,-67.299,-60,0,0,0,1,critical_zone,0,1
76,fence24,random_waypoint,3,560,520,560,520,20,12,750,550,15,192.419,-65.7392,-60,0,0,0,1,critical_zone,0,1
76,fence24,random_waypoint,3,560,520,560,520,20,13,750,450,15,202.546,-66.1847,-60,0,0,0,1,critical_zone,0,1
76,fence24,random_waypoint,3,560,520,560,520,20,14,750,350,15,255,-68.185,-60,0,0,0,1,critical_zone,0,1
76,fence24,random_waypoint,3,560,520,560,520,20,15,750,300,15,290.732,-69.3241,-60,0,0,0,1,critical_zone,0,1
76,fence24,random_waypoint,3,560,520,560,520,20,16,700,300,15,260.816,-68.3809,-60,0,0,0,1,critical_zone,0,1
76,fence24,random_waypoint,3,560,520,560,520,20,17,600,300,15,223.663,-67.0461,-60,0,0,0,1,critical_zone,0,1
76,fence24,random_waypoint,3,560,520,560,520,20,18,400,300,15,272.075,-68.748,-60,0,0,0,1,critical_zone,0,1
76,fence24,random_waypoint,3,560,520,560,520,20,19,300,300,15,340.624,-70.6997,-60,0,0,0,1,critical_zone,0,1
76,fence24,random_waypoint,3,560,520,560,520,20,20,300,500,15,260.816,-68.3809,-60,0,0,0,1,critical_zone,0,1
76,fence24,random_waypoint,3,560,520,560,520,20,21,500,350,15,180.347,-65.1764,-60,0,0,0,1,critical_zone,0,1
76,fence24,random_waypoint,3,560,520,560,520,20,22,700,500,15,141.51,-63.07,-60,0,0,0,1,critical_zone,0,1
76,fence24,random_waypoint,3,560,520,560,520,20,23,500,650,15,143.265,-63.1771,-60,0,0,0,1,critical_zone,0,1
77,fence24,random_waypoint,3,560,520,560,520,20,0,250,300,15,380.164,-71.6537,-60,0,0,0,1,critical_zone,0,1
77,fence24,random_waypoint,3,560,520,560,520,20,1,250,350,15,353.589,-71.0242,-60,0,0,0,1,critical_zone,0,1
77,fence24,random_waypoint,3,560,520,560,520,20,2,250,450,15,317.844,-70.0985,-60,0,0,0,1,critical_zone,0,1
77,fence24,random_waypoint,3,560,520,560,520,20,3,250,550,15,311.488,-69.9231,-60,0,0,0,1,critical_zone,0,1
77,fence24,random_waypoint,3,560,520,560,520,20,4,250,650,15,336.192,-70.586,-60,0,0,0,1,critical_zone,0,1
77,fence24,random_waypoint,3,560,520,560,520,20,5,250,700,15,358.504,-71.1441,-60,0,0,0,1,critical_zone,0,1
77,fence24,random_waypoint,3,560,520,560,520,20,6,300,700,15,316.267,-70.0553,-60,0,0,0,1,critical_zone,0,1
77,fence24,random_waypoint,3,560,520,560,520,20,7,400,700,15,240.884,-67.6904,-60,0,0,0,1,critical_zone,0,1
77,fence24,random_waypoint,3,560,520,560,520,20,8,600,700,15,184.459,-65.3722,-60,0,0,0,1,critical_zone,0,1
77,fence24,random_waypoint,3,560,520,560,520,20,9,700,700,15,228.09,-67.2163,-60,0,0,0,1,critical_zone,0,1
77,fence24,random_waypoint,3,560,520,560,520,20,10,750,700,15,261.773,-68.4127,-60,0,0,0,1,critical_zone,0,1
77,fence24,random_waypoint,3,560,520,560,520,20,11,750,650,15,230.272,-67.299,-60,0,0,0,1,critical_zone,0,1
77,fence24,random_waypoint,3,560,520,560,520,20,12,750,550,15,192.419,-65.7392,-60,0,0,0,1,critical_zone,0,1
77,fence24,random_waypoint,3,560,520,560,520,20,13,750,450,15,202.546,-66.1847,-60,0,0,0,1,critical_zone,0,1
77,fence24,random_waypoint,3,560,520,560,520,20,14,750,350,15,255,-68.185,-60,0,0,0,1,critical_zone,0,1
77,fence24,random_waypoint,3,560,520,560,520,20,15,750,300,15,290.732,-69.3241,-60,0,0,0,1,critical_zone,0,1
77,fence24,random_waypoint,3,560,520,560,520,20,16,700,300,15,260.816,-68.3809,-60,0,0,0,1,critical_zone,0,1
77,fence24,random_waypoint,3,560,520,560,520,20,17,600,300,15,223.663,-67.0461,-60,0,0,0,1,critical_zone,0,1
77,fence24,random_waypoint,3,560,520,560,520,20,18,400,300,15,272.075,-68.748,-60,0,0,0,1,critical_zone,0,1
77,fence24,random_waypoint,3,560,520,560,520,20,19,300,300,15,340.624,-70.6997,-60,0,0,0,1,critical_zone,0,1
77,fence24,random_waypoint,3,560,520,560,520,20,20,300,500,15,260.816,-68.3809,-60,0,0,0,1,critical_zone,0,1
77,fence24,random_waypoint,3,560,520,560,520,20,21,500,350,15,180.347,-65.1764,-60,0,0,0,1,critical_zone,0,1
77,fence24,random_waypoint,3,560,520,560,520,20,22,700,500,15,141.51,-63.07,-60,0,0,0,1,critical_zone,0,1
77,fence24,random_waypoint,3,560,520,560,520,20,23,500,650,15,143.265,-63.1771,-60,0,0,0,1,critical_zone,0,1
78,fence24,random_waypoint,3,560,520,560,520,20,0,250,300,15,380.164,-71.6537,-60,0,0,0,1,critical_zone,0,1
78,fence24,random_waypoint,3,560,520,560,520,20,1,250,350,15,353.589,-71.0242,-60,0,0,0,1,critical_zone,0,1
78,fence24,random_waypoint,3,560,520,560,520,20,2,250,450,15,317.844,-70.0985,-60,0,0,0,1,critical_zone,0,1
78,fence24,random_waypoint,3,560,520,560,520,20,3,250,550,15,311.488,-69.9231,-60,0,0,0,1,critical_zone,0,1
78,fence24,random_waypoint,3,560,520,560,520,20,4,250,650,15,336.192,-70.586,-60,0,0,0,1,critical_zone,0,1
78,fence24,random_waypoint,3,560,520,560,520,20,5,250,700,15,358.504,-71.1441,-60,0,0,0,1,critical_zone,0,1
78,fence24,random_waypoint,3,560,520,560,520,20,6,300,700,15,316.267,-70.0553,-60,0,0,0,1,critical_zone,0,1
78,fence24,random_waypoint,3,560,520,560,520,20,7,400,700,15,240.884,-67.6904,-60,0,0,0,1,critical_zone,0,1
78,fence24,random_waypoint,3,560,520,560,520,20,8,600,700,15,184.459,-65.3722,-60,0,0,0,1,critical_zone,0,1
78,fence24,random_waypoint,3,560,520,560,520,20,9,700,700,15,228.09,-67.2163,-60,0,0,0,1,critical_zone,0,1
78,fence24,random_waypoint,3,560,520,560,520,20,10,750,700,15,261.773,-68.4127,-60,0,0,0,1,critical_zone,0,1
78,fence24,random_waypoint,3,560,520,560,520,20,11,750,650,15,230.272,-67.299,-60,0,0,0,1,critical_zone,0,1
78,fence24,random_waypoint,3,560,520,560,520,20,12,750,550,15,192.419,-65.7392,-60,0,0,0,1,critical_zone,0,1
78,fence24,random_waypoint,3,560,520,560,520,20,13,750,450,15,202.546,-66.1847,-60,0,0,0,1,critical_zone,0,1
78,fence24,random_waypoint,3,560,520,560,520,20,14,750,350,15,255,-68.185,-60,0,0,0,1,critical_zone,0,1
78,fence24,random_waypoint,3,560,520,560,520,20,15,750,300,15,290.732,-69.3241,-60,0,0,0,1,critical_zone,0,1
78,fence24,random_waypoint,3,560,520,560,520,20,16,700,300,15,260.816,-68.3809,-60,0,0,0,1,critical_zone,0,1
78,fence24,random_waypoint,3,560,520,560,520,20,17,600,300,15,223.663,-67.0461,-60,0,0,0,1,critical_zone,0,1
78,fence24,random_waypoint,3,560,520,560,520,20,18,400,300,15,272.075,-68.748,-60,0,0,0,1,critical_zone,0,1
78,fence24,random_waypoint,3,560,520,560,520,20,19,300,300,15,340.624,-70.6997,-60,0,0,0,1,critical_zone,0,1
78,fence24,random_waypoint,3,560,520,560,520,20,20,300,500,15,260.816,-68.3809,-60,0,0,0,1,critical_zone,0,1
78,fence24,random_waypoint,3,560,520,560,520,20,21,500,350,15,180.347,-65.1764,-60,0,0,0,1,critical_zone,0,1
78,fence24,random_waypoint,3,560,520,560,520,20,22,700,500,15,141.51,-63.07,-60,0,0,0,1,critical_zone,0,1
78,fence24,random_waypoint,3,560,520,560,520,20,23,500,650,15,143.265,-63.1771,-60,0,0,0,1,critical_zone,0,1
79,fence24,random_waypoint,3,560,520,560,520,20,0,250,300,15,380.164,-71.6537,-60,0,0,0,1,critical_zone,0,1
79,fence24,random_waypoint,3,560,520,560,520,20,1,250,350,15,353.589,-71.0242,-60,0,0,0,1,critical_zone,0,1
79,fence24,random_waypoint,3,560,520,560,520,20,2,250,450,15,317.844,-70.0985,-60,0,0,0,1,critical_zone,0,1
79,fence24,random_waypoint,3,560,520,560,520,20,3,250,550,15,311.488,-69.9231,-60,0,0,0,1,critical_zone,0,1
79,fence24,random_waypoint,3,560,520,560,520,20,4,250,650,15,336.192,-70.586,-60,0,0,0,1,critical_zone,0,1
79,fence24,random_waypoint,3,560,520,560,520,20,5,250,700,15,358.504,-71.1441,-60,0,0,0,1,critical_zone,0,1
79,fence24,random_waypoint,3,560,520,560,520,20,6,300,700,15,316.267,-70.0553,-60,0,0,0,1,critical_zone,0,1
79,fence24,random_waypoint,3,560,520,560,520,20,7,400,700,15,240.884,-67.6904,-60,0,0,0,1,critical_zone,0,1
79,fence24,random_waypoint,3,560,520,560,520,20,8,600,700,15,184.459,-65.3722,-60,0,0,0,1,critical_zone,0,1
79,fence24,random_waypoint,3,560,520,560,520,20,9,700,700,15,228.09,-67.2163,-60,0,0,0,1,critical_zone,0,1
79,fence24,random_waypoint,3,560,520,560,520,20,10,750,700,15,261.773,-68.4127,-60,0,0,0,1,critical_zone,0,1
79,fence24,random_waypoint,3,560,520,560,520,20,11,750,650,15,230.272,-67.299,-60,0,0,0,1,critical_zone,0,1
79,fence24,random_waypoint,3,560,520,560,520,20,12,750,550,15,192.419,-65.7392,-60,0,0,0,1,critical_zone,0,1
79,fence24,random_waypoint,3,560,520,560,520,20,13,750,450,15,202.546,-66.1847,-60,0,0,0,1,critical_zone,0,1
79,fence24,random_waypoint,3,560,520,560,520,20,14,750,350,15,255,-68.185,-60,0,0,0,1,critical_zone,0,1
79,fence24,random_waypoint,3,560,520,560,520,20,15,750,300,15,290.732,-69.3241,-60,0,0,0,1,critical_zone,0,1
79,fence24,random_waypoint,3,560,520,560,520,20,16,700,300,15,260.816,-68.3809,-60,0,0,0,1,critical_zone,0,1
79,fence24,random_waypoint,3,560,520,560,520,20,17,600,300,15,223.663,-67.0461,-60,0,0,0,1,critical_zone,0,1
79,fence24,random_waypoint,3,560,520,560,520,20,18,400,300,15,272.075,-68.748,-60,0,0,0,1,critical_zone,0,1
79,fence24,random_waypoint,3,560,520,560,520,20,19,300,300,15,340.624,-70.6997,-60,0,0,0,1,critical_zone,0,1
79,fence24,random_waypoint,3,560,520,560,520,20,20,300,500,15,260.816,-68.3809,-60,0,0,0,1,critical_zone,0,1
79,fence24,random_waypoint,3,560,520,560,520,20,21,500,350,15,180.347,-65.1764,-60,0,0,0,1,critical_zone,0,1
79,fence24,random_waypoint,3,560,520,560,520,20,22,700,500,15,141.51,-63.07,-60,0,0,0,1,critical_zone,0,1
79,fence24,random_waypoint,3,560,520,560,520,20,23,500,650,15,143.265,-63.1771,-60,0,0,0,1,critical_zone,0,1
80,fence24,random_waypoint,3,560,520,560,520,20,0,250,300,15,380.164,-71.6537,-60,0,0,0,1,critical_zone,0,1
80,fence24,random_waypoint,3,560,520,560,520,20,1,250,350,15,353.589,-71.0242,-60,0,0,0,1,critical_zone,0,1
80,fence24,random_waypoint,3,560,520,560,520,20,2,250,450,15,317.844,-70.0985,-60,0,0,0,1,critical_zone,0,1
80,fence24,random_waypoint,3,560,520,560,520,20,3,250,550,15,311.488,-69.9231,-60,0,0,0,1,critical_zone,0,1
80,fence24,random_waypoint,3,560,520,560,520,20,4,250,650,15,336.192,-70.586,-60,0,0,0,1,critical_zone,0,1
80,fence24,random_waypoint,3,560,520,560,520,20,5,250,700,15,358.504,-71.1441,-60,0,0,0,1,critical_zone,0,1
80,fence24,random_waypoint,3,560,520,560,520,20,6,300,700,15,316.267,-70.0553,-60,0,0,0,1,critical_zone,0,1
80,fence24,random_waypoint,3,560,520,560,520,20,7,400,700,15,240.884,-67.6904,-60,0,0,0,1,critical_zone,0,1
80,fence24,random_waypoint,3,560,520,560,520,20,8,600,700,15,184.459,-65.3722,-60,0,0,0,1,critical_zone,0,1
80,fence24,random_waypoint,3,560,520,560,520,20,9,700,700,15,228.09,-67.2163,-60,0,0,0,1,critical_zone,0,1
80,fence24,random_waypoint,3,560,520,560,520,20,10,750,700,15,261.773,-68.4127,-60,0,0,0,1,critical_zone,0,1
80,fence24,random_waypoint,3,560,520,560,520,20,11,750,650,15,230.272,-67.299,-60,0,0,0,1,critical_zone,0,1
80,fence24,random_waypoint,3,560,520,560,520,20,12,750,550,15,192.419,-65.7392,-60,0,0,0,1,critical_zone,0,1
80,fence24,random_waypoint,3,560,520,560,520,20,13,750,450,15,202.546,-66.1847,-60,0,0,0,1,critical_zone,0,1
80,fence24,random_waypoint,3,560,520,560,520,20,14,750,350,15,255,-68.185,-60,0,0,0,1,critical_zone,0,1
80,fence24,random_waypoint,3,560,520,560,520,20,15,750,300,15,290.732,-69.3241,-60,0,0,0,1,critical_zone,0,1
80,fence24,random_waypoint,3,560,520,560,520,20,16,700,300,15,260.816,-68.3809,-60,0,0,0,1,critical_zone,0,1
80,fence24,random_waypoint,3,560,520,560,520,20,17,600,300,15,223.663,-67.0461,-60,0,0,0,1,critical_zone,0,1
80,fence24,random_waypoint,3,560,520,560,520,20,18,400,300,15,272.075,-68.748,-60,0,0,0,1,critical_zone,0,1
80,fence24,random_waypoint,3,560,520,560,520,20,19,300,300,15,340.624,-70.6997,-60,0,0,0,1,critical_zone,0,1
80,fence24,random_waypoint,3,560,520,560,520,20,20,300,500,15,260.816,-68.3809,-60,0,0,0,1,critical_zone,0,1
80,fence24,random_waypoint,3,560,520,560,520,20,21,500,350,15,180.347,-65.1764,-60,0,0,0,1,critical_zone,0,1
80,fence24,random_waypoint,3,560,520,560,520,20,22,700,500,15,141.51,-63.07,-60,0,0,0,1,critical_zone,0,1
80,fence24,random_waypoint,3,560,520,560,520,20,23,500,650,15,143.265,-63.1771,-60,0,0,0,1,critical_zone,0,1
81,fence24,random_waypoint,3,560,520,560,520,20,0,250,300,15,380.164,-71.6537,-60,0,0,0,1,critical_zone,0,1
81,fence24,random_waypoint,3,560,520,560,520,20,1,250,350,15,353.589,-71.0242,-60,0,0,0,1,critical_zone,0,1
81,fence24,random_waypoint,3,560,520,560,520,20,2,250,450,15,317.844,-70.0985,-60,0,0,0,1,critical_zone,0,1
81,fence24,random_waypoint,3,560,520,560,520,20,3,250,550,15,311.488,-69.9231,-60,0,0,0,1,critical_zone,0,1
81,fence24,random_waypoint,3,560,520,560,520,20,4,250,650,15,336.192,-70.586,-60,0,0,0,1,critical_zone,0,1
81,fence24,random_waypoint,3,560,520,560,520,20,5,250,700,15,358.504,-71.1441,-60,0,0,0,1,critical_zone,0,1
81,fence24,random_waypoint,3,560,520,560,520,20,6,300,700,15,316.267,-70.0553,-60,0,0,0,1,critical_zone,0,1
81,fence24,random_waypoint,3,560,520,560,520,20,7,400,700,15,240.884,-67.6904,-60,0,0,0,1,critical_zone,0,1
81,fence24,random_waypoint,3,560,520,560,520,20,8,600,700,15,184.459,-65.3722,-60,0,0,0,1,critical_zone,0,1
81,fence24,random_waypoint,3,560,520,560,520,20,9,700,700,15,228.09,-67.2163,-60,0,0,0,1,critical_zone,0,1
81,fence24,random_waypoint,3,560,520,560,520,20,10,750,700,15,261.773,-68.4127,-60,0,0,0,1,critical_zone,0,1
81,fence24,random_waypoint,3,560,520,560,520,20,11,750,650,15,230.272,-67.299,-60,0,0,0,1,critical_zone,0,1
81,fence24,random_waypoint,3,560,520,560,520,20,12,750,550,15,192.419,-65.7392,-60,0,0,0,1,critical_zone,0,1
81,fence24,random_waypoint,3,560,520,560,520,20,13,750,450,15,202.546,-66.1847,-60,0,0,0,1,critical_zone,0,1
81,fence24,random_waypoint,3,560,520,560,520,20,14,750,350,15,255,-68.185,-60,0,0,0,1,critical_zone,0,1
81,fence24,random_waypoint,3,560,520,560,520,20,15,750,300,15,290.732,-69.3241,-60,0,0,0,1,critical_zone,0,1
81,fence24,random_waypoint,3,560,520,560,520,20,16,700,300,15,260.816,-68.3809,-60,0,0,0,1,critical_zone,0,1
81,fence24,random_waypoint,3,560,520,560,520,20,17,600,300,15,223.663,-67.0461,-60,0,0,0,1,critical_zone,0,1
81,fence24,random_waypoint,3,560,520,560,520,20,18,400,300,15,272.075,-68.748,-60,0,0,0,1,critical_zone,0,1
81,fence24,random_waypoint,3,560,520,560,520,20,19,300,300,15,340.624,-70.6997,-60,0,0,0,1,critical_zone,0,1
81,fence24,random_waypoint,3,560,520,560,520,20,20,300,500,15,260.816,-68.3809,-60,0,0,0,1,critical_zone,0,1
81,fence24,random_waypoint,3,560,520,560,520,20,21,500,350,15,180.347,-65.1764,-60,0,0,0,1,critical_zone,0,1
81,fence24,random_waypoint,3,560,520,560,520,20,22,700,500,15,141.51,-63.07,-60,0,0,0,1,critical_zone,0,1
81,fence24,random_waypoint,3,560,520,560,520,20,23,500,650,15,143.265,-63.1771,-60,0,0,0,1,critical_zone,0,1
82,fence24,random_waypoint,3,560,520,560,520,20,0,250,300,15,380.164,-71.6537,-60,0,0,0,1,critical_zone,0,1
82,fence24,random_waypoint,3,560,520,560,520,20,1,250,350,15,353.589,-71.0242,-60,0,0,0,1,critical_zone,0,1
82,fence24,random_waypoint,3,560,520,560,520,20,2,250,450,15,317.844,-70.0985,-60,0,0,0,1,critical_zone,0,1
82,fence24,random_waypoint,3,560,520,560,520,20,3,250,550,15,311.488,-69.9231,-60,0,0,0,1,critical_zone,0,1
82,fence24,random_waypoint,3,560,520,560,520,20,4,250,650,15,336.192,-70.586,-60,0,0,0,1,critical_zone,0,1
82,fence24,random_waypoint,3,560,520,560,520,20,5,250,700,15,358.504,-71.1441,-60,0,0,0,1,critical_zone,0,1
82,fence24,random_waypoint,3,560,520,560,520,20,6,300,700,15,316.267,-70.0553,-60,0,0,0,1,critical_zone,0,1
82,fence24,random_waypoint,3,560,520,560,520,20,7,400,700,15,240.884,-67.6904,-60,0,0,0,1,critical_zone,0,1
82,fence24,random_waypoint,3,560,520,560,520,20,8,600,700,15,184.459,-65.3722,-60,0,0,0,1,critical_zone,0,1
82,fence24,random_waypoint,3,560,520,560,520,20,9,700,700,15,228.09,-67.2163,-60,0,0,0,1,critical_zone,0,1
82,fence24,random_waypoint,3,560,520,560,520,20,10,750,700,15,261.773,-68.4127,-60,0,0,0,1,critical_zone,0,1
82,fence24,random_waypoint,3,560,520,560,520,20,11,750,650,15,230.272,-67.299,-60,0,0,0,1,critical_zone,0,1
82,fence24,random_waypoint,3,560,520,560,520,20,12,750,550,15,192.419,-65.7392,-60,0,0,0,1,critical_zone,0,1
82,fence24,random_waypoint,3,560,520,560,520,20,13,750,450,15,202.546,-66.1847,-60,0,0,0,1,critical_zone,0,1
82,fence24,random_waypoint,3,560,520,560,520,20,14,750,350,15,255,-68.185,-60,0,0,0,1,critical_zone,0,1
82,fence24,random_waypoint,3,560,520,560,520,20,15,750,300,15,290.732,-69.3241,-60,0,0,0,1,critical_zone,0,1
82,fence24,random_waypoint,3,560,520,560,520,20,16,700,300,15,260.816,-68.3809,-60,0,0,0,1,critical_zone,0,1
82,fence24,random_waypoint,3,560,520,560,520,20,17,600,300,15,223.663,-67.0461,-60,0,0,0,1,critical_zone,0,1
82,fence24,random_waypoint,3,560,520,560,520,20,18,400,300,15,272.075,-68.748,-60,0,0,0,1,critical_zone,0,1
82,fence24,random_waypoint,3,560,520,560,520,20,19,300,300,15,340.624,-70.6997,-60,0,0,0,1,critical_zone,0,1
82,fence24,random_waypoint,3,560,520,560,520,20,20,300,500,15,260.816,-68.3809,-60,0,0,0,1,critical_zone,0,1
82,fence24,random_waypoint,3,560,520,560,520,20,21,500,350,15,180.347,-65.1764,-60,0,0,0,1,critical_zone,0,1
82,fence24,random_waypoint,3,560,520,560,520,20,22,700,500,15,141.51,-63.07,-60,0,0,0,1,critical_zone,0,1
82,fence24,random_waypoint,3,560,520,560,520,20,23,500,650,15,143.265,-63.1771,-60,0,0,0,1,critical_zone,0,1
83,fence24,random_waypoint,3,560,520,560,520,20,0,250,300,15,380.164,-71.6537,-60,0,0,0,1,critical_zone,0,1
83,fence24,random_waypoint,3,560,520,560,520,20,1,250,350,15,353.589,-71.0242,-60,0,0,0,1,critical_zone,0,1
83,fence24,random_waypoint,3,560,520,560,520,20,2,250,450,15,317.844,-70.0985,-60,0,0,0,1,critical_zone,0,1
83,fence24,random_waypoint,3,560,520,560,520,20,3,250,550,15,311.488,-69.9231,-60,0,0,0,1,critical_zone,0,1
83,fence24,random_waypoint,3,560,520,560,520,20,4,250,650,15,336.192,-70.586,-60,0,0,0,1,critical_zone,0,1
83,fence24,random_waypoint,3,560,520,560,520,20,5,250,700,15,358.504,-71.1441,-60,0,0,0,1,critical_zone,0,1
83,fence24,random_waypoint,3,560,520,560,520,20,6,300,700,15,316.267,-70.0553,-60,0,0,0,1,critical_zone,0,1
83,fence24,random_waypoint,3,560,520,560,520,20,7,400,700,15,240.884,-67.6904,-60,0,0,0,1,critical_zone,0,1
83,fence24,random_waypoint,3,560,520,560,520,20,8,600,700,15,184.459,-65.3722,-60,0,0,0,1,critical_zone,0,1
83,fence24,random_waypoint,3,560,520,560,520,20,9,700,700,15,228.09,-67.2163,-60,0,0,0,1,critical_zone,0,1
83,fence24,random_waypoint,3,560,520,560,520,20,10,750,700,15,261.773,-68.4127,-60,0,0,0,1,critical_zone,0,1
83,fence24,random_waypoint,3,560,520,560,520,20,11,750,650,15,230.272,-67.299,-60,0,0,0,1,critical_zone,0,1
83,fence24,random_waypoint,3,560,520,560,520,20,12,750,550,15,192.419,-65.7392,-60,0,0,0,1,critical_zone,0,1
83,fence24,random_waypoint,3,560,520,560,520,20,13,750,450,15,202.546,-66.1847,-60,0,0,0,1,critical_zone,0,1
83,fence24,random_waypoint,3,560,520,560,520,20,14,750,350,15,255,-68.185,-60,0,0,0,1,critical_zone,0,1
83,fence24,random_waypoint,3,560,520,560,520,20,15,750,300,15,290.732,-69.3241,-60,0,0,0,1,critical_zone,0,1
83,fence24,random_waypoint,3,560,520,560,520,20,16,700,300,15,260.816,-68.3809,-60,0,0,0,1,critical_zone,0,1
83,fence24,random_waypoint,3,560,520,560,520,20,17,600,300,15,223.663,-67.0461,-60,0,0,0,1,critical_zone,0,1
83,fence24,random_waypoint,3,560,520,560,520,20,18,400,300,15,272.075,-68.748,-60,0,0,0,1,critical_zone,0,1
83,fence24,random_waypoint,3,560,520,560,520,20,19,300,300,15,340.624,-70.6997,-60,0,0,0,1,critical_zone,0,1
83,fence24,random_waypoint,3,560,520,560,520,20,20,300,500,15,260.816,-68.3809,-60,0,0,0,1,critical_zone,0,1
83,fence24,random_waypoint,3,560,520,560,520,20,21,500,350,15,180.347,-65.1764,-60,0,0,0,1,critical_zone,0,1
83,fence24,random_waypoint,3,560,520,560,520,20,22,700,500,15,141.51,-63.07,-60,0,0,0,1,critical_zone,0,1
83,fence24,random_waypoint,3,560,520,560,520,20,23,500,650,15,143.265,-63.1771,-60,0,0,0,1,critical_zone,0,1
84,fence24,random_waypoint,3,560,520,560,520,20,0,250,300,15,380.164,-71.6537,-60,0,0,0,1,critical_zone,0,1
84,fence24,random_waypoint,3,560,520,560,520,20,1,250,350,15,353.589,-71.0242,-60,0,0,0,1,critical_zone,0,1
84,fence24,random_waypoint,3,560,520,560,520,20,2,250,450,15,317.844,-70.0985,-60,0,0,0,1,critical_zone,0,1
84,fence24,random_waypoint,3,560,520,560,520,20,3,250,550,15,311.488,-69.9231,-60,0,0,0,1,critical_zone,0,1
84,fence24,random_waypoint,3,560,520,560,520,20,4,250,650,15,336.192,-70.586,-60,0,0,0,1,critical_zone,0,1
84,fence24,random_waypoint,3,560,520,560,520,20,5,250,700,15,358.504,-71.1441,-60,0,0,0,1,critical_zone,0,1
84,fence24,random_waypoint,3,560,520,560,520,20,6,300,700,15,316.267,-70.0553,-60,0,0,0,1,critical_zone,0,1
84,fence24,random_waypoint,3,560,520,560,520,20,7,400,700,15,240.884,-67.6904,-60,0,0,0,1,critical_zone,0,1
84,fence24,random_waypoint,3,560,520,560,520,20,8,600,700,15,184.459,-65.3722,-60,0,0,0,1,critical_zone,0,1
84,fence24,random_waypoint,3,560,520,560,520,20,9,700,700,15,228.09,-67.2163,-60,0,0,0,1,critical_zone,0,1
84,fence24,random_waypoint,3,560,520,560,520,20,10,750,700,15,261.773,-68.4127,-60,0,0,0,1,critical_zone,0,1
84,fence24,random_waypoint,3,560,520,560,520,20,11,750,650,15,230.272,-67.299,-60,0,0,0,1,critical_zone,0,1
84,fence24,random_waypoint,3,560,520,560,520,20,12,750,550,15,192.419,-65.7392,-60,0,0,0,1,critical_zone,0,1
84,fence24,random_waypoint,3,560,520,560,520,20,13,750,450,15,202.546,-66.1847,-60,0,0,0,1,critical_zone,0,1
84,fence24,random_waypoint,3,560,520,560,520,20,14,750,350,15,255,-68.185,-60,0,0,0,1,critical_zone,0,1
84,fence24,random_waypoint,3,560,520,560,520,20,15,750,300,15,290.732,-69.3241,-60,0,0,0,1,critical_zone,0,1
84,fence24,random_waypoint,3,560,520,560,520,20,16,700,300,15,260.816,-68.3809,-60,0,0,0,1,critical_zone,0,1
84,fence24,random_waypoint,3,560,520,560,520,20,17,600,300,15,223.663,-67.0461,-60,0,0,0,1,critical_zone,0,1
84,fence24,random_waypoint,3,560,520,560,520,20,18,400,300,15,272.075,-68.748,-60,0,0,0,1,critical_zone,0,1
84,fence24,random_waypoint,3,560,520,560,520,20,19,300,300,15,340.624,-70.6997,-60,0,0,0,1,critical_zone,0,1
84,fence24,random_waypoint,3,560,520,560,520,20,20,300,500,15,260.816,-68.3809,-60,0,0,0,1,critical_zone,0,1
84,fence24,random_waypoint,3,560,520,560,520,20,21,500,350,15,180.347,-65.1764,-60,0,0,0,1,critical_zone,0,1
84,fence24,random_waypoint,3,560,520,560,520,20,22,700,500,15,141.51,-63.07,-60,0,0,0,1,critical_zone,0,1
84,fence24,random_waypoint,3,560,520,560,520,20,23,500,650,15,143.265,-63.1771,-60,0,0,0,1,critical_zone,0,1
85,fence24,random_waypoint,3,560,520,560,520,20,0,250,300,15,380.164,-71.6537,-60,0,0,0,1,critical_zone,0,1
85,fence24,random_waypoint,3,560,520,560,520,20,1,250,350,15,353.589,-71.0242,-60,0,0,0,1,critical_zone,0,1
85,fence24,random_waypoint,3,560,520,560,520,20,2,250,450,15,317.844,-70.0985,-60,0,0,0,1,critical_zone,0,1
85,fence24,random_waypoint,3,560,520,560,520,20,3,250,550,15,311.488,-69.9231,-60,0,0,0,1,critical_zone,0,1
85,fence24,random_waypoint,3,560,520,560,520,20,4,250,650,15,336.192,-70.586,-60,0,0,0,1,critical_zone,0,1
85,fence24,random_waypoint,3,560,520,560,520,20,5,250,700,15,358.504,-71.1441,-60,0,0,0,1,critical_zone,0,1
85,fence24,random_waypoint,3,560,520,560,520,20,6,300,700,15,316.267,-70.0553,-60,0,0,0,1,critical_zone,0,1
85,fence24,random_waypoint,3,560,520,560,520,20,7,400,700,15,240.884,-67.6904,-60,0,0,0,1,critical_zone,0,1
85,fence24,random_waypoint,3,560,520,560,520,20,8,600,700,15,184.459,-65.3722,-60,0,0,0,1,critical_zone,0,1
85,fence24,random_waypoint,3,560,520,560,520,20,9,700,700,15,228.09,-67.2163,-60,0,0,0,1,critical_zone,0,1
85,fence24,random_waypoint,3,560,520,560,520,20,10,750,700,15,261.773,-68.4127,-60,0,0,0,1,critical_zone,0,1
85,fence24,random_waypoint,3,560,520,560,520,20,11,750,650,15,230.272,-67.299,-60,0,0,0,1,critical_zone,0,1
85,fence24,random_waypoint,3,560,520,560,520,20,12,750,550,15,192.419,-65.7392,-60,0,0,0,1,critical_zone,0,1
85,fence24,random_waypoint,3,560,520,560,520,20,13,750,450,15,202.546,-66.1847,-60,0,0,0,1,critical_zone,0,1
85,fence24,random_waypoint,3,560,520,560,520,20,14,750,350,15,255,-68.185,-60,0,0,0,1,critical_zone,0,1
85,fence24,random_waypoint,3,560,520,560,520,20,15,750,300,15,290.732,-69.3241,-60,0,0,0,1,critical_zone,0,1
85,fence24,random_waypoint,3,560,520,560,520,20,16,700,300,15,260.816,-68.3809,-60,0,0,0,1,critical_zone,0,1
85,fence24,random_waypoint,3,560,520,560,520,20,17,600,300,15,223.663,-67.0461,-60,0,0,0,1,critical_zone,0,1
85,fence24,random_waypoint,3,560,520,560,520,20,18,400,300,15,272.075,-68.748,-60,0,0,0,1,critical_zone,0,1
85,fence24,random_waypoint,3,560,520,560,520,20,19,300,300,15,340.624,-70.6997,-60,0,0,0,1,critical_zone,0,1
85,fence24,random_waypoint,3,560,520,560,520,20,20,300,500,15,260.816,-68.3809,-60,0,0,0,1,critical_zone,0,1
85,fence24,random_waypoint,3,560,520,560,520,20,21,500,350,15,180.347,-65.1764,-60,0,0,0,1,critical_zone,0,1
85,fence24,random_waypoint,3,560,520,560,520,20,22,700,500,15,141.51,-63.07,-60,0,0,0,1,critical_zone,0,1
85,fence24,random_waypoint,3,560,520,560,520,20,23,500,650,15,143.265,-63.1771,-60,0,0,0,1,critical_zone,0,1
86,fence24,random_waypoint,3,560,520,560,520,20,0,250,300,15,380.164,-71.6537,-60,0,0,0,1,critical_zone,0,1
86,fence24,random_waypoint,3,560,520,560,520,20,1,250,350,15,353.589,-71.0242,-60,0,0,0,1,critical_zone,0,1
86,fence24,random_waypoint,3,560,520,560,520,20,2,250,450,15,317.844,-70.0985,-60,0,0,0,1,critical_zone,0,1
86,fence24,random_waypoint,3,560,520,560,520,20,3,250,550,15,311.488,-69.9231,-60,0,0,0,1,critical_zone,0,1
86,fence24,random_waypoint,3,560,520,560,520,20,4,250,650,15,336.192,-70.586,-60,0,0,0,1,critical_zone,0,1
86,fence24,random_waypoint,3,560,520,560,520,20,5,250,700,15,358.504,-71.1441,-60,0,0,0,1,critical_zone,0,1
86,fence24,random_waypoint,3,560,520,560,520,20,6,300,700,15,316.267,-70.0553,-60,0,0,0,1,critical_zone,0,1
86,fence24,random_waypoint,3,560,520,560,520,20,7,400,700,15,240.884,-67.6904,-60,0,0,0,1,critical_zone,0,1
86,fence24,random_waypoint,3,560,520,560,520,20,8,600,700,15,184.459,-65.3722,-60,0,0,0,1,critical_zone,0,1
86,fence24,random_waypoint,3,560,520,560,520,20,9,700,700,15,228.09,-67.2163,-60,0,0,0,1,critical_zone,0,1
86,fence24,random_waypoint,3,560,520,560,520,20,10,750,700,15,261.773,-68.4127,-60,0,0,0,1,critical_zone,0,1
86,fence24,random_waypoint,3,560,520,560,520,20,11,750,650,15,230.272,-67.299,-60,0,0,0,1,critical_zone,0,1
86,fence24,random_waypoint,3,560,520,560,520,20,12,750,550,15,192.419,-65.7392,-60,0,0,0,1,critical_zone,0,1
86,fence24,random_waypoint,3,560,520,560,520,20,13,750,450,15,202.546,-66.1847,-60,0,0,0,1,critical_zone,0,1
86,fence24,random_waypoint,3,560,520,560,520,20,14,750,350,15,255,-68.185,-60,0,0,0,1,critical_zone,0,1
86,fence24,random_waypoint,3,560,520,560,520,20,15,750,300,15,290.732,-69.3241,-60,0,0,0,1,critical_zone,0,1
86,fence24,random_waypoint,3,560,520,560,520,20,16,700,300,15,260.816,-68.3809,-60,0,0,0,1,critical_zone,0,1
86,fence24,random_waypoint,3,560,520,560,520,20,17,600,300,15,223.663,-67.0461,-60,0,0,0,1,critical_zone,0,1
86,fence24,random_waypoint,3,560,520,560,520,20,18,400,300,15,272.075,-68.748,-60,0,0,0,1,critical_zone,0,1
86,fence24,random_waypoint,3,560,520,560,520,20,19,300,300,15,340.624,-70.6997,-60,0,0,0,1,critical_zone,0,1
86,fence24,random_waypoint,3,560,520,560,520,20,20,300,500,15,260.816,-68.3809,-60,0,0,0,1,critical_zone,0,1
86,fence24,random_waypoint,3,560,520,560,520,20,21,500,350,15,180.347,-65.1764,-60,0,0,0,1,critical_zone,0,1
86,fence24,random_waypoint,3,560,520,560,520,20,22,700,500,15,141.51,-63.07,-60,0,0,0,1,critical_zone,0,1
86,fence24,random_waypoint,3,560,520,560,520,20,23,500,650,15,143.265,-63.1771,-60,0,0,0,1,critical_zone,0,1
87,fence24,random_waypoint,3,560,520,560,520,20,0,250,300,15,380.164,-71.6537,-60,0,0,0,1,critical_zone,0,1
87,fence24,random_waypoint,3,560,520,560,520,20,1,250,350,15,353.589,-71.0242,-60,0,0,0,1,critical_zone,0,1
87,fence24,random_waypoint,3,560,520,560,520,20,2,250,450,15,317.844,-70.0985,-60,0,0,0,1,critical_zone,0,1
87,fence24,random_waypoint,3,560,520,560,520,20,3,250,550,15,311.488,-69.9231,-60,0,0,0,1,critical_zone,0,1
87,fence24,random_waypoint,3,560,520,560,520,20,4,250,650,15,336.192,-70.586,-60,0,0,0,1,critical_zone,0,1
87,fence24,random_waypoint,3,560,520,560,520,20,5,250,700,15,358.504,-71.1441,-60,0,0,0,1,critical_zone,0,1
87,fence24,random_waypoint,3,560,520,560,520,20,6,300,700,15,316.267,-70.0553,-60,0,0,0,1,critical_zone,0,1
87,fence24,random_waypoint,3,560,520,560,520,20,7,400,700,15,240.884,-67.6904,-60,0,0,0,1,critical_zone,0,1
87,fence24,random_waypoint,3,560,520,560,520,20,8,600,700,15,184.459,-65.3722,-60,0,0,0,1,critical_zone,0,1
87,fence24,random_waypoint,3,560,520,560,520,20,9,700,700,15,228.09,-67.2163,-60,0,0,0,1,critical_zone,0,1
87,fence24,random_waypoint,3,560,520,560,520,20,10,750,700,15,261.773,-68.4127,-60,0,0,0,1,critical_zone,0,1
87,fence24,random_waypoint,3,560,520,560,520,20,11,750,650,15,230.272,-67.299,-60,0,0,0,1,critical_zone,0,1
87,fence24,random_waypoint,3,560,520,560,520,20,12,750,550,15,192.419,-65.7392,-60,0,0,0,1,critical_zone,0,1
87,fence24,random_waypoint,3,560,520,560,520,20,13,750,450,15,202.546,-66.1847,-60,0,0,0,1,critical_zone,0,1
87,fence24,random_waypoint,3,560,520,560,520,20,14,750,350,15,255,-68.185,-60,0,0,0,1,critical_zone,0,1
87,fence24,random_waypoint,3,560,520,560,520,20,15,750,300,15,290.732,-69.3241,-60,0,0,0,1,critical_zone,0,1
87,fence24,random_waypoint,3,560,520,560,520,20,16,700,300,15,260.816,-68.3809,-60,0,0,0,1,critical_zone,0,1
87,fence24,random_waypoint,3,560,520,560,520,20,17,600,300,15,223.663,-67.0461,-60,0,0,0,1,critical_zone,0,1
87,fence24,random_waypoint,3,560,520,560,520,20,18,400,300,15,272.075,-68.748,-60,0,0,0,1,critical_zone,0,1
87,fence24,random_waypoint,3,560,520,560,520,20,19,300,300,15,340.624,-70.6997,-60,0,0,0,1,critical_zone,0,1
87,fence24,random_waypoint,3,560,520,560,520,20,20,300,500,15,260.816,-68.3809,-60,0,0,0,1,critical_zone,0,1
87,fence24,random_waypoint,3,560,520,560,520,20,21,500,350,15,180.347,-65.1764,-60,0,0,0,1,critical_zone,0,1
87,fence24,random_waypoint,3,560,520,560,520,20,22,700,500,15,141.51,-63.07,-60,0,0,0,1,critical_zone,0,1
87,fence24,random_waypoint,3,560,520,560,520,20,23,500,650,15,143.265,-63.1771,-60,0,0,0,1,critical_zone,0,1
88,fence24,random_waypoint,3,560,520,560,520,20,0,250,300,15,380.164,-71.6537,-60,0,0,0,1,critical_zone,0,1
88,fence24,random_waypoint,3,560,520,560,520,20,1,250,350,15,353.589,-71.0242,-60,0,0,0,1,critical_zone,0,1
88,fence24,random_waypoint,3,560,520,560,520,20,2,250,450,15,317.844,-70.0985,-60,0,0,0,1,critical_zone,0,1
88,fence24,random_waypoint,3,560,520,560,520,20,3,250,550,15,311.488,-69.9231,-60,0,0,0,1,critical_zone,0,1
88,fence24,random_waypoint,3,560,520,560,520,20,4,250,650,15,336.192,-70.586,-60,0,0,0,1,critical_zone,0,1
88,fence24,random_waypoint,3,560,520,560,520,20,5,250,700,15,358.504,-71.1441,-60,0,0,0,1,critical_zone,0,1
88,fence24,random_waypoint,3,560,520,560,520,20,6,300,700,15,316.267,-70.0553,-60,0,0,0,1,critical_zone,0,1
88,fence24,random_waypoint,3,560,520,560,520,20,7,400,700,15,240.884,-67.6904,-60,0,0,0,1,critical_zone,0,1
88,fence24,random_waypoint,3,560,520,560,520,20,8,600,700,15,184.459,-65.3722,-60,0,0,0,1,critical_zone,0,1
88,fence24,random_waypoint,3,560,520,560,520,20,9,700,700,15,228.09,-67.2163,-60,0,0,0,1,critical_zone,0,1
88,fence24,random_waypoint,3,560,520,560,520,20,10,750,700,15,261.773,-68.4127,-60,0,0,0,1,critical_zone,0,1
88,fence24,random_waypoint,3,560,520,560,520,20,11,750,650,15,230.272,-67.299,-60,0,0,0,1,critical_zone,0,1
88,fence24,random_waypoint,3,560,520,560,520,20,12,750,550,15,192.419,-65.7392,-60,0,0,0,1,critical_zone,0,1
88,fence24,random_waypoint,3,560,520,560,520,20,13,750,450,15,202.546,-66.1847,-60,0,0,0,1,critical_zone,0,1
88,fence24,random_waypoint,3,560,520,560,520,20,14,750,350,15,255,-68.185,-60,0,0,0,1,critical_zone,0,1
88,fence24,random_waypoint,3,560,520,560,520,20,15,750,300,15,290.732,-69.3241,-60,0,0,0,1,critical_zone,0,1
88,fence24,random_waypoint,3,560,520,560,520,20,16,700,300,15,260.816,-68.3809,-60,0,0,0,1,critical_zone,0,1
88,fence24,random_waypoint,3,560,520,560,520,20,17,600,300,15,223.663,-67.0461,-60,0,0,0,1,critical_zone,0,1
88,fence24,random_waypoint,3,560,520,560,520,20,18,400,300,15,272.075,-68.748,-60,0,0,0,1,critical_zone,0,1
88,fence24,random_waypoint,3,560,520,560,520,20,19,300,300,15,340.624,-70.6997,-60,0,0,0,1,critical_zone,0,1
88,fence24,random_waypoint,3,560,520,560,520,20,20,300,500,15,260.816,-68.3809,-60,0,0,0,1,critical_zone,0,1
88,fence24,random_waypoint,3,560,520,560,520,20,21,500,350,15,180.347,-65.1764,-60,0,0,0,1,critical_zone,0,1
88,fence24,random_waypoint,3,560,520,560,520,20,22,700,500,15,141.51,-63.07,-60,0,0,0,1,critical_zone,0,1
88,fence24,random_waypoint,3,560,520,560,520,20,23,500,650,15,143.265,-63.1771,-60,0,0,0,1,critical_zone,0,1
89,fence24,random_waypoint,3,560,520,560,520,20,0,250,300,15,380.164,-71.6537,-60,0,0,0,1,critical_zone,0,1
89,fence24,random_waypoint,3,560,520,560,520,20,1,250,350,15,353.589,-71.0242,-60,0,0,0,1,critical_zone,0,1
89,fence24,random_waypoint,3,560,520,560,520,20,2,250,450,15,317.844,-70.0985,-60,0,0,0,1,critical_zone,0,1
89,fence24,random_waypoint,3,560,520,560,520,20,3,250,550,15,311.488,-69.9231,-60,0,0,0,1,critical_zone,0,1
89,fence24,random_waypoint,3,560,520,560,520,20,4,250,650,15,336.192,-70.586,-60,0,0,0,1,critical_zone,0,1
89,fence24,random_waypoint,3,560,520,560,520,20,5,250,700,15,358.504,-71.1441,-60,0,0,0,1,critical_zone,0,1
89,fence24,random_waypoint,3,560,520,560,520,20,6,300,700,15,316.267,-70.0553,-60,0,0,0,1,critical_zone,0,1
89,fence24,random_waypoint,3,560,520,560,520,20,7,400,700,15,240.884,-67.6904,-60,0,0,0,1,critical_zone,0,1
89,fence24,random_waypoint,3,560,520,560,520,20,8,600,700,15,184.459,-65.3722,-60,0,0,0,1,critical_zone,0,1
89,fence24,random_waypoint,3,560,520,560,520,20,9,700,700,15,228.09,-67.2163,-60,0,0,0,1,critical_zone,0,1
89,fence24,random_waypoint,3,560,520,560,520,20,10,750,700,15,261.773,-68.4127,-60,0,0,0,1,critical_zone,0,1
89,fence24,random_waypoint,3,560,520,560,520,20,11,750,650,15,230.272,-67.299,-60,0,0,0,1,critical_zone,0,1
89,fence24,random_waypoint,3,560,520,560,520,20,12,750,550,15,192.419,-65.7392,-60,0,0,0,1,critical_zone,0,1
89,fence24,random_waypoint,3,560,520,560,520,20,13,750,450,15,202.546,-66.1847,-60,0,0,0,1,critical_zone,0,1
89,fence24,random_waypoint,3,560,520,560,520,20,14,750,350,15,255,-68.185,-60,0,0,0,1,critical_zone,0,1
89,fence24,random_waypoint,3,560,520,560,520,20,15,750,300,15,290.732,-69.3241,-60,0,0,0,1,critical_zone,0,1
89,fence24,random_waypoint,3,560,520,560,520,20,16,700,300,15,260.816,-68.3809,-60,0,0,0,1,critical_zone,0,1
89,fence24,random_waypoint,3,560,520,560,520,20,17,600,300,15,223.663,-67.0461,-60,0,0,0,1,critical_zone,0,1
89,fence24,random_waypoint,3,560,520,560,520,20,18,400,300,15,272.075,-68.748,-60,0,0,0,1,critical_zone,0,1
89,fence24,random_waypoint,3,560,520,560,520,20,19,300,300,15,340.624,-70.6997,-60,0,0,0,1,critical_zone,0,1
89,fence24,random_waypoint,3,560,520,560,520,20,20,300,500,15,260.816,-68.3809,-60,0,0,0,1,critical_zone,0,1
89,fence24,random_waypoint,3,560,520,560,520,20,21,500,350,15,180.347,-65.1764,-60,0,0,0,1,critical_zone,0,1
89,fence24,random_waypoint,3,560,520,560,520,20,22,700,500,15,141.51,-63.07,-60,0,0,0,1,critical_zone,0,1
89,fence24,random_waypoint,3,560,520,560,520,20,23,500,650,15,143.265,-63.1771,-60,0,0,0,1,critical_zone,0,1
90,fence24,random_waypoint,3,560,520,560,520,20,0,250,300,15,380.164,-71.6537,-60,0,0,0,1,critical_zone,0,1
90,fence24,random_waypoint,3,560,520,560,520,20,1,250,350,15,353.589,-71.0242,-60,0,0,0,1,critical_zone,0,1
90,fence24,random_waypoint,3,560,520,560,520,20,2,250,450,15,317.844,-70.0985,-60,0,0,0,1,critical_zone,0,1
90,fence24,random_waypoint,3,560,520,560,520,20,3,250,550,15,311.488,-69.9231,-60,0,0,0,1,critical_zone,0,1
90,fence24,random_waypoint,3,560,520,560,520,20,4,250,650,15,336.192,-70.586,-60,0,0,0,1,critical_zone,0,1
90,fence24,random_waypoint,3,560,520,560,520,20,5,250,700,15,358.504,-71.1441,-60,0,0,0,1,critical_zone,0,1
90,fence24,random_waypoint,3,560,520,560,520,20,6,300,700,15,316.267,-70.0553,-60,0,0,0,1,critical_zone,0,1
90,fence24,random_waypoint,3,560,520,560,520,20,7,400,700,15,240.884,-67.6904,-60,0,0,0,1,critical_zone,0,1
90,fence24,random_waypoint,3,560,520,560,520,20,8,600,700,15,184.459,-65.3722,-60,0,0,0,1,critical_zone,0,1
90,fence24,random_waypoint,3,560,520,560,520,20,9,700,700,15,228.09,-67.2163,-60,0,0,0,1,critical_zone,0,1
90,fence24,random_waypoint,3,560,520,560,520,20,10,750,700,15,261.773,-68.4127,-60,0,0,0,1,critical_zone,0,1
90,fence24,random_waypoint,3,560,520,560,520,20,11,750,650,15,230.272,-67.299,-60,0,0,0,1,critical_zone,0,1
90,fence24,random_waypoint,3,560,520,560,520,20,12,750,550,15,192.419,-65.7392,-60,0,0,0,1,critical_zone,0,1
90,fence24,random_waypoint,3,560,520,560,520,20,13,750,450,15,202.546,-66.1847,-60,0,0,0,1,critical_zone,0,1
90,fence24,random_waypoint,3,560,520,560,520,20,14,750,350,15,255,-68.185,-60,0,0,0,1,critical_zone,0,1
90,fence24,random_waypoint,3,560,520,560,520,20,15,750,300,15,290.732,-69.3241,-60,0,0,0,1,critical_zone,0,1
90,fence24,random_waypoint,3,560,520,560,520,20,16,700,300,15,260.816,-68.3809,-60,0,0,0,1,critical_zone,0,1
90,fence24,random_waypoint,3,560,520,560,520,20,17,600,300,15,223.663,-67.0461,-60,0,0,0,1,critical_zone,0,1
90,fence24,random_waypoint,3,560,520,560,520,20,18,400,300,15,272.075,-68.748,-60,0,0,0,1,critical_zone,0,1
90,fence24,random_waypoint,3,560,520,560,520,20,19,300,300,15,340.624,-70.6997,-60,0,0,0,1,critical_zone,0,1
90,fence24,random_waypoint,3,560,520,560,520,20,20,300,500,15,260.816,-68.3809,-60,0,0,0,1,critical_zone,0,1
90,fence24,random_waypoint,3,560,520,560,520,20,21,500,350,15,180.347,-65.1764,-60,0,0,0,1,critical_zone,0,1
90,fence24,random_waypoint,3,560,520,560,520,20,22,700,500,15,141.51,-63.07,-60,0,0,0,1,critical_zone,0,1
90,fence24,random_waypoint,3,560,520,560,520,20,23,500,650,15,143.265,-63.1771,-60,0,0,0,1,critical_zone,0,1
91,fence24,random_waypoint,3,560,520,560,520,20,0,250,300,15,380.164,-71.6537,-60,0,0,0,1,critical_zone,0,1
91,fence24,random_waypoint,3,560,520,560,520,20,1,250,350,15,353.589,-71.0242,-60,0,0,0,1,critical_zone,0,1
91,fence24,random_waypoint,3,560,520,560,520,20,2,250,450,15,317.844,-70.0985,-60,0,0,0,1,critical_zone,0,1
91,fence24,random_waypoint,3,560,520,560,520,20,3,250,550,15,311.488,-69.9231,-60,0,0,0,1,critical_zone,0,1
91,fence24,random_waypoint,3,560,520,560,520,20,4,250,650,15,336.192,-70.586,-60,0,0,0,1,critical_zone,0,1
91,fence24,random_waypoint,3,560,520,560,520,20,5,250,700,15,358.504,-71.1441,-60,0,0,0,1,critical_zone,0,1
91,fence24,random_waypoint,3,560,520,560,520,20,6,300,700,15,316.267,-70.0553,-60,0,0,0,1,critical_zone,0,1
91,fence24,random_waypoint,3,560,520,560,520,20,7,400,700,15,240.884,-67.6904,-60,0,0,0,1,critical_zone,0,1
91,fence24,random_waypoint,3,560,520,560,520,20,8,600,700,15,184.459,-65.3722,-60,0,0,0,1,critical_zone,0,1
91,fence24,random_waypoint,3,560,520,560,520,20,9,700,700,15,228.09,-67.2163,-60,0,0,0,1,critical_zone,0,1
91,fence24,random_waypoint,3,560,520,560,520,20,10,750,700,15,261.773,-68.4127,-60,0,0,0,1,critical_zone,0,1
91,fence24,random_waypoint,3,560,520,560,520,20,11,750,650,15,230.272,-67.299,-60,0,0,0,1,critical_zone,0,1
91,fence24,random_waypoint,3,560,520,560,520,20,12,750,550,15,192.419,-65.7392,-60,0,0,0,1,critical_zone,0,1
91,fence24,random_waypoint,3,560,520,560,520,20,13,750,450,15,202.546,-66.1847,-60,0,0,0,1,critical_zone,0,1
91,fence24,random_waypoint,3,560,520,560,520,20,14,750,350,15,255,-68.185,-60,0,0,0,1,critical_zone,0,1
91,fence24,random_waypoint,3,560,520,560,520,20,15,750,300,15,290.732,-69.3241,-60,0,0,0,1,critical_zone,0,1
91,fence24,random_waypoint,3,560,520,560,520,20,16,700,300,15,260.816,-68.3809,-60,0,0,0,1,critical_zone,0,1
91,fence24,random_waypoint,3,560,520,560,520,20,17,600,300,15,223.663,-67.0461,-60,0,0,0,1,critical_zone,0,1
91,fence24,random_waypoint,3,560,520,560,520,20,18,400,300,15,272.075,-68.748,-60,0,0,0,1,critical_zone,0,1
91,fence24,random_waypoint,3,560,520,560,520,20,19,300,300,15,340.624,-70.6997,-60,0,0,0,1,critical_zone,0,1
91,fence24,random_waypoint,3,560,520,560,520,20,20,300,500,15,260.816,-68.3809,-60,0,0,0,1,critical_zone,0,1
91,fence24,random_waypoint,3,560,520,560,520,20,21,500,350,15,180.347,-65.1764,-60,0,0,0,1,critical_zone,0,1
91,fence24,random_waypoint,3,560,520,560,520,20,22,700,500,15,141.51,-63.07,-60,0,0,0,1,critical_zone,0,1
91,fence24,random_waypoint,3,560,520,560,520,20,23,500,650,15,143.265,-63.1771,-60,0,0,0,1,critical_zone,0,1
92,fence24,random_waypoint,3,560,520,560,520,20,0,250,300,15,380.164,-71.6537,-60,0,0,0,1,critical_zone,0,1
92,fence24,random_waypoint,3,560,520,560,520,20,1,250,350,15,353.589,-71.0242,-60,0,0,0,1,critical_zone,0,1
92,fence24,random_waypoint,3,560,520,560,520,20,2,250,450,15,317.844,-70.0985,-60,0,0,0,1,critical_zone,0,1
92,fence24,random_waypoint,3,560,520,560,520,20,3,250,550,15,311.488,-69.9231,-60,0,0,0,1,critical_zone,0,1
92,fence24,random_waypoint,3,560,520,560,520,20,4,250,650,15,336.192,-70.586,-60,0,0,0,1,critical_zone,0,1
92,fence24,random_waypoint,3,560,520,560,520,20,5,250,700,15,358.504,-71.1441,-60,0,0,0,1,critical_zone,0,1
92,fence24,random_waypoint,3,560,520,560,520,20,6,300,700,15,316.267,-70.0553,-60,0,0,0,1,critical_zone,0,1
92,fence24,random_waypoint,3,560,520,560,520,20,7,400,700,15,240.884,-67.6904,-60,0,0,0,1,critical_zone,0,1
92,fence24,random_waypoint,3,560,520,560,520,20,8,600,700,15,184.459,-65.3722,-60,0,0,0,1,critical_zone,0,1
92,fence24,random_waypoint,3,560,520,560,520,20,9,700,700,15,228.09,-67.2163,-60,0,0,0,1,critical_zone,0,1
92,fence24,random_waypoint,3,560,520,560,520,20,10,750,700,15,261.773,-68.4127,-60,0,0,0,1,critical_zone,0,1
92,fence24,random_waypoint,3,560,520,560,520,20,11,750,650,15,230.272,-67.299,-60,0,0,0,1,critical_zone,0,1
92,fence24,random_waypoint,3,560,520,560,520,20,12,750,550,15,192.419,-65.7392,-60,0,0,0,1,critical_zone,0,1
92,fence24,random_waypoint,3,560,520,560,520,20,13,750,450,15,202.546,-66.1847,-60,0,0,0,1,critical_zone,0,1
92,fence24,random_waypoint,3,560,520,560,520,20,14,750,350,15,255,-68.185,-60,0,0,0,1,critical_zone,0,1
92,fence24,random_waypoint,3,560,520,560,520,20,15,750,300,15,290.732,-69.3241,-60,0,0,0,1,critical_zone,0,1
92,fence24,random_waypoint,3,560,520,560,520,20,16,700,300,15,260.816,-68.3809,-60,0,0,0,1,critical_zone,0,1
92,fence24,random_waypoint,3,560,520,560,520,20,17,600,300,15,223.663,-67.0461,-60,0,0,0,1,critical_zone,0,1
92,fence24,random_waypoint,3,560,520,560,520,20,18,400,300,15,272.075,-68.748,-60,0,0,0,1,critical_zone,0,1
92,fence24,random_waypoint,3,560,520,560,520,20,19,300,300,15,340.624,-70.6997,-60,0,0,0,1,critical_zone,0,1
92,fence24,random_waypoint,3,560,520,560,520,20,20,300,500,15,260.816,-68.3809,-60,0,0,0,1,critical_zone,0,1
92,fence24,random_waypoint,3,560,520,560,520,20,21,500,350,15,180.347,-65.1764,-60,0,0,0,1,critical_zone,0,1
92,fence24,random_waypoint,3,560,520,560,520,20,22,700,500,15,141.51,-63.07,-60,0,0,0,1,critical_zone,0,1
92,fence24,random_waypoint,3,560,520,560,520,20,23,500,650,15,143.265,-63.1771,-60,0,0,0,1,critical_zone,0,1
93,fence24,random_waypoint,3,560,520,560,520,20,0,250,300,15,380.164,-71.6537,-60,0,0,0,1,critical_zone,0,1
93,fence24,random_waypoint,3,560,520,560,520,20,1,250,350,15,353.589,-71.0242,-60,0,0,0,1,critical_zone,0,1
93,fence24,random_waypoint,3,560,520,560,520,20,2,250,450,15,317.844,-70.0985,-60,0,0,0,1,critical_zone,0,1
93,fence24,random_waypoint,3,560,520,560,520,20,3,250,550,15,311.488,-69.9231,-60,0,0,0,1,critical_zone,0,1
93,fence24,random_waypoint,3,560,520,560,520,20,4,250,650,15,336.192,-70.586,-60,0,0,0,1,critical_zone,0,1
93,fence24,random_waypoint,3,560,520,560,520,20,5,250,700,15,358.504,-71.1441,-60,0,0,0,1,critical_zone,0,1
93,fence24,random_waypoint,3,560,520,560,520,20,6,300,700,15,316.267,-70.0553,-60,0,0,0,1,critical_zone,0,1
93,fence24,random_waypoint,3,560,520,560,520,20,7,400,700,15,240.884,-67.6904,-60,0,0,0,1,critical_zone,0,1
93,fence24,random_waypoint,3,560,520,560,520,20,8,600,700,15,184.459,-65.3722,-60,0,0,0,1,critical_zone,0,1
93,fence24,random_waypoint,3,560,520,560,520,20,9,700,700,15,228.09,-67.2163,-60,0,0,0,1,critical_zone,0,1
93,fence24,random_waypoint,3,560,520,560,520,20,10,750,700,15,261.773,-68.4127,-60,0,0,0,1,critical_zone,0,1
93,fence24,random_waypoint,3,560,520,560,520,20,11,750,650,15,230.272,-67.299,-60,0,0,0,1,critical_zone,0,1
93,fence24,random_waypoint,3,560,520,560,520,20,12,750,550,15,192.419,-65.7392,-60,0,0,0,1,critical_zone,0,1
93,fence24,random_waypoint,3,560,520,560,520,20,13,750,450,15,202.546,-66.1847,-60,0,0,0,1,critical_zone,0,1
93,fence24,random_waypoint,3,560,520,560,520,20,14,750,350,15,255,-68.185,-60,0,0,0,1,critical_zone,0,1
93,fence24,random_waypoint,3,560,520,560,520,20,15,750,300,15,290.732,-69.3241,-60,0,0,0,1,critical_zone,0,1
93,fence24,random_waypoint,3,560,520,560,520,20,16,700,300,15,260.816,-68.3809,-60,0,0,0,1,critical_zone,0,1
93,fence24,random_waypoint,3,560,520,560,520,20,17,600,300,15,223.663,-67.0461,-60,0,0,0,1,critical_zone,0,1
93,fence24,random_waypoint,3,560,520,560,520,20,18,400,300,15,272.075,-68.748,-60,0,0,0,1,critical_zone,0,1
93,fence24,random_waypoint,3,560,520,560,520,20,19,300,300,15,340.624,-70.6997,-60,0,0,0,1,critical_zone,0,1
93,fence24,random_waypoint,3,560,520,560,520,20,20,300,500,15,260.816,-68.3809,-60,0,0,0,1,critical_zone,0,1
93,fence24,random_waypoint,3,560,520,560,520,20,21,500,350,15,180.347,-65.1764,-60,0,0,0,1,critical_zone,0,1
93,fence24,random_waypoint,3,560,520,560,520,20,22,700,500,15,141.51,-63.07,-60,0,0,0,1,critical_zone,0,1
93,fence24,random_waypoint,3,560,520,560,520,20,23,500,650,15,143.265,-63.1771,-60,0,0,0,1,critical_zone,0,1
94,fence24,random_waypoint,3,560,520,560,520,20,0,250,300,15,380.164,-71.6537,-60,0,0,0,1,critical_zone,0,1
94,fence24,random_waypoint,3,560,520,560,520,20,1,250,350,15,353.589,-71.0242,-60,0,0,0,1,critical_zone,0,1
94,fence24,random_waypoint,3,560,520,560,520,20,2,250,450,15,317.844,-70.0985,-60,0,0,0,1,critical_zone,0,1
94,fence24,random_waypoint,3,560,520,560,520,20,3,250,550,15,311.488,-69.9231,-60,0,0,0,1,critical_zone,0,1
94,fence24,random_waypoint,3,560,520,560,520,20,4,250,650,15,336.192,-70.586,-60,0,0,0,1,critical_zone,0,1
94,fence24,random_waypoint,3,560,520,560,520,20,5,250,700,15,358.504,-71.1441,-60,0,0,0,1,critical_zone,0,1
94,fence24,random_waypoint,3,560,520,560,520,20,6,300,700,15,316.267,-70.0553,-60,0,0,0,1,critical_zone,0,1
94,fence24,random_waypoint,3,560,520,560,520,20,7,400,700,15,240.884,-67.6904,-60,0,0,0,1,critical_zone,0,1
94,fence24,random_waypoint,3,560,520,560,520,20,8,600,700,15,184.459,-65.3722,-60,0,0,0,1,critical_zone,0,1
94,fence24,random_waypoint,3,560,520,560,520,20,9,700,700,15,228.09,-67.2163,-60,0,0,0,1,critical_zone,0,1
94,fence24,random_waypoint,3,560,520,560,520,20,10,750,700,15,261.773,-68.4127,-60,0,0,0,1,critical_zone,0,1
94,fence24,random_waypoint,3,560,520,560,520,20,11,750,650,15,230.272,-67.299,-60,0,0,0,1,critical_zone,0,1
94,fence24,random_waypoint,3,560,520,560,520,20,12,750,550,15,192.419,-65.7392,-60,0,0,0,1,critical_zone,0,1
94,fence24,random_waypoint,3,560,520,560,520,20,13,750,450,15,202.546,-66.1847,-60,0,0,0,1,critical_zone,0,1
94,fence24,random_waypoint,3,560,520,560,520,20,14,750,350,15,255,-68.185,-60,0,0,0,1,critical_zone,0,1
94,fence24,random_waypoint,3,560,520,560,520,20,15,750,300,15,290.732,-69.3241,-60,0,0,0,1,critical_zone,0,1
94,fence24,random_waypoint,3,560,520,560,520,20,16,700,300,15,260.816,-68.3809,-60,0,0,0,1,critical_zone,0,1
94,fence24,random_waypoint,3,560,520,560,520,20,17,600,300,15,223.663,-67.0461,-60,0,0,0,1,critical_zone,0,1
94,fence24,random_waypoint,3,560,520,560,520,20,18,400,300,15,272.075,-68.748,-60,0,0,0,1,critical_zone,0,1
94,fence24,random_waypoint,3,560,520,560,520,20,19,300,300,15,340.624,-70.6997,-60,0,0,0,1,critical_zone,0,1
94,fence24,random_waypoint,3,560,520,560,520,20,20,300,500,15,260.816,-68.3809,-60,0,0,0,1,critical_zone,0,1
94,fence24,random_waypoint,3,560,520,560,520,20,21,500,350,15,180.347,-65.1764,-60,0,0,0,1,critical_zone,0,1
94,fence24,random_waypoint,3,560,520,560,520,20,22,700,500,15,141.51,-63.07,-60,0,0,0,1,critical_zone,0,1
94,fence24,random_waypoint,3,560,520,560,520,20,23,500,650,15,143.265,-63.1771,-60,0,0,0,1,critical_zone,0,1
95,fence24,random_waypoint,3,560,520,560,520,20,0,250,300,15,380.164,-71.6537,-60,0,0,0,1,critical_zone,0,1
95,fence24,random_waypoint,3,560,520,560,520,20,1,250,350,15,353.589,-71.0242,-60,0,0,0,1,critical_zone,0,1
95,fence24,random_waypoint,3,560,520,560,520,20,2,250,450,15,317.844,-70.0985,-60,0,0,0,1,critical_zone,0,1
95,fence24,random_waypoint,3,560,520,560,520,20,3,250,550,15,311.488,-69.9231,-60,0,0,0,1,critical_zone,0,1
95,fence24,random_waypoint,3,560,520,560,520,20,4,250,650,15,336.192,-70.586,-60,0,0,0,1,critical_zone,0,1
95,fence24,random_waypoint,3,560,520,560,520,20,5,250,700,15,358.504,-71.1441,-60,0,0,0,1,critical_zone,0,1
95,fence24,random_waypoint,3,560,520,560,520,20,6,300,700,15,316.267,-70.0553,-60,0,0,0,1,critical_zone,0,1
95,fence24,random_waypoint,3,560,520,560,520,20,7,400,700,15,240.884,-67.6904,-60,0,0,0,1,critical_zone,0,1
95,fence24,random_waypoint,3,560,520,560,520,20,8,600,700,15,184.459,-65.3722,-60,0,0,0,1,critical_zone,0,1
95,fence24,random_waypoint,3,560,520,560,520,20,9,700,700,15,228.09,-67.2163,-60,0,0,0,1,critical_zone,0,1
95,fence24,random_waypoint,3,560,520,560,520,20,10,750,700,15,261.773,-68.4127,-60,0,0,0,1,critical_zone,0,1
95,fence24,random_waypoint,3,560,520,560,520,20,11,750,650,15,230.272,-67.299,-60,0,0,0,1,critical_zone,0,1
95,fence24,random_waypoint,3,560,520,560,520,20,12,750,550,15,192.419,-65.7392,-60,0,0,0,1,critical_zone,0,1
95,fence24,random_waypoint,3,560,520,560,520,20,13,750,450,15,202.546,-66.1847,-60,0,0,0,1,critical_zone,0,1
95,fence24,random_waypoint,3,560,520,560,520,20,14,750,350,15,255,-68.185,-60,0,0,0,1,critical_zone,0,1
95,fence24,random_waypoint,3,560,520,560,520,20,15,750,300,15,290.732,-69.3241,-60,0,0,0,1,critical_zone,0,1
95,fence24,random_waypoint,3,560,520,560,520,20,16,700,300,15,260.816,-68.3809,-60,0,0,0,1,critical_zone,0,1
95,fence24,random_waypoint,3,560,520,560,520,20,17,600,300,15,223.663,-67.0461,-60,0,0,0,1,critical_zone,0,1
95,fence24,random_waypoint,3,560,520,560,520,20,18,400,300,15,272.075,-68.748,-60,0,0,0,1,critical_zone,0,1
95,fence24,random_waypoint,3,560,520,560,520,20,19,300,300,15,340.624,-70.6997,-60,0,0,0,1,critical_zone,0,1
95,fence24,random_waypoint,3,560,520,560,520,20,20,300,500,15,260.816,-68.3809,-60,0,0,0,1,critical_zone,0,1
95,fence24,random_waypoint,3,560,520,560,520,20,21,500,350,15,180.347,-65.1764,-60,0,0,0,1,critical_zone,0,1
95,fence24,random_waypoint,3,560,520,560,520,20,22,700,500,15,141.51,-63.07,-60,0,0,0,1,critical_zone,0,1
95,fence24,random_waypoint,3,560,520,560,520,20,23,500,650,15,143.265,-63.1771,-60,0,0,0,1,critical_zone,0,1
96,fence24,random_waypoint,3,560,520,560,520,20,0,250,300,15,380.164,-71.6537,-60,0,0,0,1,critical_zone,0,1
96,fence24,random_waypoint,3,560,520,560,520,20,1,250,350,15,353.589,-71.0242,-60,0,0,0,1,critical_zone,0,1
96,fence24,random_waypoint,3,560,520,560,520,20,2,250,450,15,317.844,-70.0985,-60,0,0,0,1,critical_zone,0,1
96,fence24,random_waypoint,3,560,520,560,520,20,3,250,550,15,311.488,-69.9231,-60,0,0,0,1,critical_zone,0,1
96,fence24,random_waypoint,3,560,520,560,520,20,4,250,650,15,336.192,-70.586,-60,0,0,0,1,critical_zone,0,1
96,fence24,random_waypoint,3,560,520,560,520,20,5,250,700,15,358.504,-71.1441,-60,0,0,0,1,critical_zone,0,1
96,fence24,random_waypoint,3,560,520,560,520,20,6,300,700,15,316.267,-70.0553,-60,0,0,0,1,critical_zone,0,1
96,fence24,random_waypoint,3,560,520,560,520,20,7,400,700,15,240.884,-67.6904,-60,0,0,0,1,critical_zone,0,1
96,fence24,random_waypoint,3,560,520,560,520,20,8,600,700,15,184.459,-65.3722,-60,0,0,0,1,critical_zone,0,1
96,fence24,random_waypoint,3,560,520,560,520,20,9,700,700,15,228.09,-67.2163,-60,0,0,0,1,critical_zone,0,1
96,fence24,random_waypoint,3,560,520,560,520,20,10,750,700,15,261.773,-68.4127,-60,0,0,0,1,critical_zone,0,1
96,fence24,random_waypoint,3,560,520,560,520,20,11,750,650,15,230.272,-67.299,-60,0,0,0,1,critical_zone,0,1
96,fence24,random_waypoint,3,560,520,560,520,20,12,750,550,15,192.419,-65.7392,-60,0,0,0,1,critical_zone,0,1
96,fence24,random_waypoint,3,560,520,560,520,20,13,750,450,15,202.546,-66.1847,-60,0,0,0,1,critical_zone,0,1
96,fence24,random_waypoint,3,560,520,560,520,20,14,750,350,15,255,-68.185,-60,0,0,0,1,critical_zone,0,1
96,fence24,random_waypoint,3,560,520,560,520,20,15,750,300,15,290.732,-69.3241,-60,0,0,0,1,critical_zone,0,1
96,fence24,random_waypoint,3,560,520,560,520,20,16,700,300,15,260.816,-68.3809,-60,0,0,0,1,critical_zone,0,1
96,fence24,random_waypoint,3,560,520,560,520,20,17,600,300,15,223.663,-67.0461,-60,0,0,0,1,critical_zone,0,1
96,fence24,random_waypoint,3,560,520,560,520,20,18,400,300,15,272.075,-68.748,-60,0,0,0,1,critical_zone,0,1
96,fence24,random_waypoint,3,560,520,560,520,20,19,300,300,15,340.624,-70.6997,-60,0,0,0,1,critical_zone,0,1
96,fence24,random_waypoint,3,560,520,560,520,20,20,300,500,15,260.816,-68.3809,-60,0,0,0,1,critical_zone,0,1
96,fence24,random_waypoint,3,560,520,560,520,20,21,500,350,15,180.347,-65.1764,-60,0,0,0,1,critical_zone,0,1
96,fence24,random_waypoint,3,560,520,560,520,20,22,700,500,15,141.51,-63.07,-60,0,0,0,1,critical_zone,0,1
96,fence24,random_waypoint,3,560,520,560,520,20,23,500,650,15,143.265,-63.1771,-60,0,0,0,1,critical_zone,0,1
97,fence24,random_waypoint,3,560,520,560,520,20,0,250,300,15,380.164,-71.6537,-60,0,0,0,1,critical_zone,0,1
97,fence24,random_waypoint,3,560,520,560,520,20,1,250,350,15,353.589,-71.0242,-60,0,0,0,1,critical_zone,0,1
97,fence24,random_waypoint,3,560,520,560,520,20,2,250,450,15,317.844,-70.0985,-60,0,0,0,1,critical_zone,0,1
97,fence24,random_waypoint,3,560,520,560,520,20,3,250,550,15,311.488,-69.9231,-60,0,0,0,1,critical_zone,0,1
97,fence24,random_waypoint,3,560,520,560,520,20,4,250,650,15,336.192,-70.586,-60,0,0,0,1,critical_zone,0,1
97,fence24,random_waypoint,3,560,520,560,520,20,5,250,700,15,358.504,-71.1441,-60,0,0,0,1,critical_zone,0,1
97,fence24,random_waypoint,3,560,520,560,520,20,6,300,700,15,316.267,-70.0553,-60,0,0,0,1,critical_zone,0,1
97,fence24,random_waypoint,3,560,520,560,520,20,7,400,700,15,240.884,-67.6904,-60,0,0,0,1,critical_zone,0,1
97,fence24,random_waypoint,3,560,520,560,520,20,8,600,700,15,184.459,-65.3722,-60,0,0,0,1,critical_zone,0,1
97,fence24,random_waypoint,3,560,520,560,520,20,9,700,700,15,228.09,-67.2163,-60,0,0,0,1,critical_zone,0,1
97,fence24,random_waypoint,3,560,520,560,520,20,10,750,700,15,261.773,-68.4127,-60,0,0,0,1,critical_zone,0,1
97,fence24,random_waypoint,3,560,520,560,520,20,11,750,650,15,230.272,-67.299,-60,0,0,0,1,critical_zone,0,1
97,fence24,random_waypoint,3,560,520,560,520,20,12,750,550,15,192.419,-65.7392,-60,0,0,0,1,critical_zone,0,1
97,fence24,random_waypoint,3,560,520,560,520,20,13,750,450,15,202.546,-66.1847,-60,0,0,0,1,critical_zone,0,1
97,fence24,random_waypoint,3,560,520,560,520,20,14,750,350,15,255,-68.185,-60,0,0,0,1,critical_zone,0,1
97,fence24,random_waypoint,3,560,520,560,520,20,15,750,300,15,290.732,-69.3241,-60,0,0,0,1,critical_zone,0,1
97,fence24,random_waypoint,3,560,520,560,520,20,16,700,300,15,260.816,-68.3809,-60,0,0,0,1,critical_zone,0,1
97,fence24,random_waypoint,3,560,520,560,520,20,17,600,300,15,223.663,-67.0461,-60,0,0,0,1,critical_zone,0,1
97,fence24,random_waypoint,3,560,520,560,520,20,18,400,300,15,272.075,-68.748,-60,0,0,0,1,critical_zone,0,1
97,fence24,random_waypoint,3,560,520,560,520,20,19,300,300,15,340.624,-70.6997,-60,0,0,0,1,critical_zone,0,1
97,fence24,random_waypoint,3,560,520,560,520,20,20,300,500,15,260.816,-68.3809,-60,0,0,0,1,critical_zone,0,1
97,fence24,random_waypoint,3,560,520,560,520,20,21,500,350,15,180.347,-65.1764,-60,0,0,0,1,critical_zone,0,1
97,fence24,random_waypoint,3,560,520,560,520,20,22,700,500,15,141.51,-63.07,-60,0,0,0,1,critical_zone,0,1
97,fence24,random_waypoint,3,560,520,560,520,20,23,500,650,15,143.265,-63.1771,-60,0,0,0,1,critical_zone,0,1
98,fence24,random_waypoint,3,560,520,560,520,20,0,250,300,15,380.164,-71.6537,-60,0,0,0,1,critical_zone,0,1
98,fence24,random_waypoint,3,560,520,560,520,20,1,250,350,15,353.589,-71.0242,-60,0,0,0,1,critical_zone,0,1
98,fence24,random_waypoint,3,560,520,560,520,20,2,250,450,15,317.844,-70.0985,-60,0,0,0,1,critical_zone,0,1
98,fence24,random_waypoint,3,560,520,560,520,20,3,250,550,15,311.488,-69.9231,-60,0,0,0,1,critical_zone,0,1
98,fence24,random_waypoint,3,560,520,560,520,20,4,250,650,15,336.192,-70.586,-60,0,0,0,1,critical_zone,0,1
98,fence24,random_waypoint,3,560,520,560,520,20,5,250,700,15,358.504,-71.1441,-60,0,0,0,1,critical_zone,0,1
98,fence24,random_waypoint,3,560,520,560,520,20,6,300,700,15,316.267,-70.0553,-60,0,0,0,1,critical_zone,0,1
98,fence24,random_waypoint,3,560,520,560,520,20,7,400,700,15,240.884,-67.6904,-60,0,0,0,1,critical_zone,0,1
98,fence24,random_waypoint,3,560,520,560,520,20,8,600,700,15,184.459,-65.3722,-60,0,0,0,1,critical_zone,0,1
98,fence24,random_waypoint,3,560,520,560,520,20,9,700,700,15,228.09,-67.2163,-60,0,0,0,1,critical_zone,0,1
98,fence24,random_waypoint,3,560,520,560,520,20,10,750,700,15,261.773,-68.4127,-60,0,0,0,1,critical_zone,0,1
98,fence24,random_waypoint,3,560,520,560,520,20,11,750,650,15,230.272,-67.299,-60,0,0,0,1,critical_zone,0,1
98,fence24,random_waypoint,3,560,520,560,520,20,12,750,550,15,192.419,-65.7392,-60,0,0,0,1,critical_zone,0,1
98,fence24,random_waypoint,3,560,520,560,520,20,13,750,450,15,202.546,-66.1847,-60,0,0,0,1,critical_zone,0,1
98,fence24,random_waypoint,3,560,520,560,520,20,14,750,350,15,255,-68.185,-60,0,0,0,1,critical_zone,0,1
98,fence24,random_waypoint,3,560,520,560,520,20,15,750,300,15,290.732,-69.3241,-60,0,0,0,1,critical_zone,0,1
98,fence24,random_waypoint,3,560,520,560,520,20,16,700,300,15,260.816,-68.3809,-60,0,0,0,1,critical_zone,0,1
98,fence24,random_waypoint,3,560,520,560,520,20,17,600,300,15,223.663,-67.0461,-60,0,0,0,1,critical_zone,0,1
98,fence24,random_waypoint,3,560,520,560,520,20,18,400,300,15,272.075,-68.748,-60,0,0,0,1,critical_zone,0,1
98,fence24,random_waypoint,3,560,520,560,520,20,19,300,300,15,340.624,-70.6997,-60,0,0,0,1,critical_zone,0,1
98,fence24,random_waypoint,3,560,520,560,520,20,20,300,500,15,260.816,-68.3809,-60,0,0,0,1,critical_zone,0,1
98,fence24,random_waypoint,3,560,520,560,520,20,21,500,350,15,180.347,-65.1764,-60,0,0,0,1,critical_zone,0,1
98,fence24,random_waypoint,3,560,520,560,520,20,22,700,500,15,141.51,-63.07,-60,0,0,0,1,critical_zone,0,1
98,fence24,random_waypoint,3,560,520,560,520,20,23,500,650,15,143.265,-63.1771,-60,0,0,0,1,critical_zone,0,1
99,fence24,random_waypoint,3,560,520,560,520,20,0,250,300,15,380.164,-71.6537,-60,0,0,0,1,critical_zone,0,1
99,fence24,random_waypoint,3,560,520,560,520,20,1,250,350,15,353.589,-71.0242,-60,0,0,0,1,critical_zone,0,1
99,fence24,random_waypoint,3,560,520,560,520,20,2,250,450,15,317.844,-70.0985,-60,0,0,0,1,critical_zone,0,1
99,fence24,random_waypoint,3,560,520,560,520,20,3,250,550,15,311.488,-69.9231,-60,0,0,0,1,critical_zone,0,1
99,fence24,random_waypoint,3,560,520,560,520,20,4,250,650,15,336.192,-70.586,-60,0,0,0,1,critical_zone,0,1
99,fence24,random_waypoint,3,560,520,560,520,20,5,250,700,15,358.504,-71.1441,-60,0,0,0,1,critical_zone,0,1
99,fence24,random_waypoint,3,560,520,560,520,20,6,300,700,15,316.267,-70.0553,-60,0,0,0,1,critical_zone,0,1
99,fence24,random_waypoint,3,560,520,560,520,20,7,400,700,15,240.884,-67.6904,-60,0,0,0,1,critical_zone,0,1
99,fence24,random_waypoint,3,560,520,560,520,20,8,600,700,15,184.459,-65.3722,-60,0,0,0,1,critical_zone,0,1
99,fence24,random_waypoint,3,560,520,560,520,20,9,700,700,15,228.09,-67.2163,-60,0,0,0,1,critical_zone,0,1
99,fence24,random_waypoint,3,560,520,560,520,20,10,750,700,15,261.773,-68.4127,-60,0,0,0,1,critical_zone,0,1
99,fence24,random_waypoint,3,560,520,560,520,20,11,750,650,15,230.272,-67.299,-60,0,0,0,1,critical_zone,0,1
99,fence24,random_waypoint,3,560,520,560,520,20,12,750,550,15,192.419,-65.7392,-60,0,0,0,1,critical_zone,0,1
99,fence24,random_waypoint,3,560,520,560,520,20,13,750,450,15,202.546,-66.1847,-60,0,0,0,1,critical_zone,0,1
99,fence24,random_waypoint,3,560,520,560,520,20,14,750,350,15,255,-68.185,-60,0,0,0,1,critical_zone,0,1
99,fence24,random_waypoint,3,560,520,560,520,20,15,750,300,15,290.732,-69.3241,-60,0,0,0,1,critical_zone,0,1
99,fence24,random_waypoint,3,560,520,560,520,20,16,700,300,15,260.816,-68.3809,-60,0,0,0,1,critical_zone,0,1
99,fence24,random_waypoint,3,560,520,560,520,20,17,600,300,15,223.663,-67.0461,-60,0,0,0,1,critical_zone,0,1
99,fence24,random_waypoint,3,560,520,560,520,20,18,400,300,15,272.075,-68.748,-60,0,0,0,1,critical_zone,0,1
99,fence24,random_waypoint,3,560,520,560,520,20,19,300,300,15,340.624,-70.6997,-60,0,0,0,1,critical_zone,0,1
99,fence24,random_waypoint,3,560,520,560,520,20,20,300,500,15,260.816,-68.3809,-60,0,0,0,1,critical_zone,0,1
99,fence24,random_waypoint,3,560,520,560,520,20,21,500,350,15,180.347,-65.1764,-60,0,0,0,1,critical_zone,0,1
99,fence24,random_waypoint,3,560,520,560,520,20,22,700,500,15,141.51,-63.07,-60,0,0,0,1,critical_zone,0,1
99,fence24,random_waypoint,3,560,520,560,520,20,23,500,650,15,143.265,-63.1771,-60,0,0,0,1,critical_zone,0,1
100,fence24,random_waypoint,3,560,520,560,520,20,0,250,300,15,380.164,-71.6537,-60,0,0,0,1,critical_zone,0,1
100,fence24,random_waypoint,3,560,520,560,520,20,1,250,350,15,353.589,-71.0242,-60,0,0,0,1,critical_zone,0,1
100,fence24,random_waypoint,3,560,520,560,520,20,2,250,450,15,317.844,-70.0985,-60,0,0,0,1,critical_zone,0,1
100,fence24,random_waypoint,3,560,520,560,520,20,3,250,550,15,311.488,-69.9231,-60,0,0,0,1,critical_zone,0,1
100,fence24,random_waypoint,3,560,520,560,520,20,4,250,650,15,336.192,-70.586,-60,0,0,0,1,critical_zone,0,1
100,fence24,random_waypoint,3,560,520,560,520,20,5,250,700,15,358.504,-71.1441,-60,0,0,0,1,critical_zone,0,1
100,fence24,random_waypoint,3,560,520,560,520,20,6,300,700,15,316.267,-70.0553,-60,0,0,0,1,critical_zone,0,1
100,fence24,random_waypoint,3,560,520,560,520,20,7,400,700,15,240.884,-67.6904,-60,0,0,0,1,critical_zone,0,1
100,fence24,random_waypoint,3,560,520,560,520,20,8,600,700,15,184.459,-65.3722,-60,0,0,0,1,critical_zone,0,1
100,fence24,random_waypoint,3,560,520,560,520,20,9,700,700,15,228.09,-67.2163,-60,0,0,0,1,critical_zone,0,1
100,fence24,random_waypoint,3,560,520,560,520,20,10,750,700,15,261.773,-68.4127,-60,0,0,0,1,critical_zone,0,1
100,fence24,random_waypoint,3,560,520,560,520,20,11,750,650,15,230.272,-67.299,-60,0,0,0,1,critical_zone,0,1
100,fence24,random_waypoint,3,560,520,560,520,20,12,750,550,15,192.419,-65.7392,-60,0,0,0,1,critical_zone,0,1
100,fence24,random_waypoint,3,560,520,560,520,20,13,750,450,15,202.546,-66.1847,-60,0,0,0,1,critical_zone,0,1
100,fence24,random_waypoint,3,560,520,560,520,20,14,750,350,15,255,-68.185,-60,0,0,0,1,critical_zone,0,1
100,fence24,random_waypoint,3,560,520,560,520,20,15,750,300,15,290.732,-69.3241,-60,0,0,0,1,critical_zone,0,1
100,fence24,random_waypoint,3,560,520,560,520,20,16,700,300,15,260.816,-68.3809,-60,0,0,0,1,critical_zone,0,1
100,fence24,random_waypoint,3,560,520,560,520,20,17,600,300,15,223.663,-67.0461,-60,0,0,0,1,critical_zone,0,1
100,fence24,random_waypoint,3,560,520,560,520,20,18,400,300,15,272.075,-68.748,-60,0,0,0,1,critical_zone,0,1
100,fence24,random_waypoint,3,560,520,560,520,20,19,300,300,15,340.624,-70.6997,-60,0,0,0,1,critical_zone,0,1
100,fence24,random_waypoint,3,560,520,560,520,20,20,300,500,15,260.816,-68.3809,-60,0,0,0,1,critical_zone,0,1
100,fence24,random_waypoint,3,560,520,560,520,20,21,500,350,15,180.347,-65.1764,-60,0,0,0,1,critical_zone,0,1
100,fence24,random_waypoint,3,560,520,560,520,20,22,700,500,15,141.51,-63.07,-60,0,0,0,1,critical_zone,0,1
100,fence24,random_waypoint,3,560,520,560,520,20,23,500,650,15,143.265,-63.1771,-60,0,0,0,1,critical_zone,0,1
101,fence24,random_waypoint,3,560,520,560,520,20,0,250,300,15,380.164,-71.6537,-60,0,0,0,1,critical_zone,0,1
101,fence24,random_waypoint,3,560,520,560,520,20,1,250,350,15,353.589,-71.0242,-60,0,0,0,1,critical_zone,0,1
101,fence24,random_waypoint,3,560,520,560,520,20,2,250,450,15,317.844,-70.0985,-60,0,0,0,1,critical_zone,0,1
101,fence24,random_waypoint,3,560,520,560,520,20,3,250,550,15,311.488,-69.9231,-60,0,0,0,1,critical_zone,0,1
101,fence24,random_waypoint,3,560,520,560,520,20,4,250,650,15,336.192,-70.586,-60,0,0,0,1,critical_zone,0,1
101,fence24,random_waypoint,3,560,520,560,520,20,5,250,700,15,358.504,-71.1441,-60,0,0,0,1,critical_zone,0,1
101,fence24,random_waypoint,3,560,520,560,520,20,6,300,700,15,316.267,-70.0553,-60,0,0,0,1,critical_zone,0,1
101,fence24,random_waypoint,3,560,520,560,520,20,7,400,700,15,240.884,-67.6904,-60,0,0,0,1,critical_zone,0,1
101,fence24,random_waypoint,3,560,520,560,520,20,8,600,700,15,184.459,-65.3722,-60,0,0,0,1,critical_zone,0,1
101,fence24,random_waypoint,3,560,520,560,520,20,9,700,700,15,228.09,-67.2163,-60,0,0,0,1,critical_zone,0,1
101,fence24,random_waypoint,3,560,520,560,520,20,10,750,700,15,261.773,-68.4127,-60,0,0,0,1,critical_zone,0,1
101,fence24,random_waypoint,3,560,520,560,520,20,11,750,650,15,230.272,-67.299,-60,0,0,0,1,critical_zone,0,1
101,fence24,random_waypoint,3,560,520,560,520,20,12,750,550,15,192.419,-65.7392,-60,0,0,0,1,critical_zone,0,1
101,fence24,random_waypoint,3,560,520,560,520,20,13,750,450,15,202.546,-66.1847,-60,0,0,0,1,critical_zone,0,1
101,fence24,random_waypoint,3,560,520,560,520,20,14,750,350,15,255,-68.185,-60,0,0,0,1,critical_zone,0,1
101,fence24,random_waypoint,3,560,520,560,520,20,15,750,300,15,290.732,-69.3241,-60,0,0,0,1,critical_zone,0,1
101,fence24,random_waypoint,3,560,520,560,520,20,16,700,300,15,260.816,-68.3809,-60,0,0,0,1,critical_zone,0,1
101,fence24,random_waypoint,3,560,520,560,520,20,17,600,300,15,223.663,-67.0461,-60,0,0,0,1,critical_zone,0,1
101,fence24,random_waypoint,3,560,520,560,520,20,18,400,300,15,272.075,-68.748,-60,0,0,0,1,critical_zone,0,1
101,fence24,random_waypoint,3,560,520,560,520,20,19,300,300,15,340.624,-70.6997,-60,0,0,0,1,critical_zone,0,1
101,fence24,random_waypoint,3,560,520,560,520,20,20,300,500,15,260.816,-68.3809,-60,0,0,0,1,critical_zone,0,1
101,fence24,random_waypoint,3,560,520,560,520,20,21,500,350,15,180.347,-65.1764,-60,0,0,0,1,critical_zone,0,1
101,fence24,random_waypoint,3,560,520,560,520,20,22,700,500,15,141.51,-63.07,-60,0,0,0,1,critical_zone,0,1
101,fence24,random_waypoint,3,560,520,560,520,20,23,500,650,15,143.265,-63.1771,-60,0,0,0,1,critical_zone,0,1
102,fence24,random_waypoint,3,560,520,560,520,20,0,250,300,15,380.164,-71.6537,-60,0,0,0,1,critical_zone,0,1
102,fence24,random_waypoint,3,560,520,560,520,20,1,250,350,15,353.589,-71.0242,-60,0,0,0,1,critical_zone,0,1
102,fence24,random_waypoint,3,560,520,560,520,20,2,250,450,15,317.844,-70.0985,-60,0,0,0,1,critical_zone,0,1
102,fence24,random_waypoint,3,560,520,560,520,20,3,250,550,15,311.488,-69.9231,-60,0,0,0,1,critical_zone,0,1
102,fence24,random_waypoint,3,560,520,560,520,20,4,250,650,15,336.192,-70.586,-60,0,0,0,1,critical_zone,0,1
102,fence24,random_waypoint,3,560,520,560,520,20,5,250,700,15,358.504,-71.1441,-60,0,0,0,1,critical_zone,0,1
102,fence24,random_waypoint,3,560,520,560,520,20,6,300,700,15,316.267,-70.0553,-60,0,0,0,1,critical_zone,0,1
102,fence24,random_waypoint,3,560,520,560,520,20,7,400,700,15,240.884,-67.6904,-60,0,0,0,1,critical_zone,0,1
102,fence24,random_waypoint,3,560,520,560,520,20,8,600,700,15,184.459,-65.3722,-60,0,0,0,1,critical_zone,0,1
102,fence24,random_waypoint,3,560,520,560,520,20,9,700,700,15,228.09,-67.2163,-60,0,0,0,1,critical_zone,0,1
102,fence24,random_waypoint,3,560,520,560,520,20,10,750,700,15,261.773,-68.4127,-60,0,0,0,1,critical_zone,0,1
102,fence24,random_waypoint,3,560,520,560,520,20,11,750,650,15,230.272,-67.299,-60,0,0,0,1,critical_zone,0,1
102,fence24,random_waypoint,3,560,520,560,520,20,12,750,550,15,192.419,-65.7392,-60,0,0,0,1,critical_zone,0,1
102,fence24,random_waypoint,3,560,520,560,520,20,13,750,450,15,202.546,-66.1847,-60,0,0,0,1,critical_zone,0,1
102,fence24,random_waypoint,3,560,520,560,520,20,14,750,350,15,255,-68.185,-60,0,0,0,1,critical_zone,0,1
102,fence24,random_waypoint,3,560,520,560,520,20,15,750,300,15,290.732,-69.3241,-60,0,0,0,1,critical_zone,0,1
102,fence24,random_waypoint,3,560,520,560,520,20,16,700,300,15,260.816,-68.3809,-60,0,0,0,1,critical_zone,0,1
102,fence24,random_waypoint,3,560,520,560,520,20,17,600,300,15,223.663,-67.0461,-60,0,0,0,1,critical_zone,0,1
102,fence24,random_waypoint,3,560,520,560,520,20,18,400,300,15,272.075,-68.748,-60,0,0,0,1,critical_zone,0,1
102,fence24,random_waypoint,3,560,520,560,520,20,19,300,300,15,340.624,-70.6997,-60,0,0,0,1,critical_zone,0,1
102,fence24,random_waypoint,3,560,520,560,520,20,20,300,500,15,260.816,-68.3809,-60,0,0,0,1,critical_zone,0,1
102,fence24,random_waypoint,3,560,520,560,520,20,21,500,350,15,180.347,-65.1764,-60,0,0,0,1,critical_zone,0,1
102,fence24,random_waypoint,3,560,520,560,520,20,22,700,500,15,141.51,-63.07,-60,0,0,0,1,critical_zone,0,1
102,fence24,random_waypoint,3,560,520,560,520,20,23,500,650,15,143.265,-63.1771,-60,0,0,0,1,critical_zone,0,1
103,fence24,random_waypoint,3,560,520,560,520,20,0,250,300,15,380.164,-71.6537,-60,0,0,0,1,critical_zone,0,1
103,fence24,random_waypoint,3,560,520,560,520,20,1,250,350,15,353.589,-71.0242,-60,0,0,0,1,critical_zone,0,1
103,fence24,random_waypoint,3,560,520,560,520,20,2,250,450,15,317.844,-70.0985,-60,0,0,0,1,critical_zone,0,1
103,fence24,random_waypoint,3,560,520,560,520,20,3,250,550,15,311.488,-69.9231,-60,0,0,0,1,critical_zone,0,1
103,fence24,random_waypoint,3,560,520,560,520,20,4,250,650,15,336.192,-70.586,-60,0,0,0,1,critical_zone,0,1
103,fence24,random_waypoint,3,560,520,560,520,20,5,250,700,15,358.504,-71.1441,-60,0,0,0,1,critical_zone,0,1
103,fence24,random_waypoint,3,560,520,560,520,20,6,300,700,15,316.267,-70.0553,-60,0,0,0,1,critical_zone,0,1
103,fence24,random_waypoint,3,560,520,560,520,20,7,400,700,15,240.884,-67.6904,-60,0,0,0,1,critical_zone,0,1
103,fence24,random_waypoint,3,560,520,560,520,20,8,600,700,15,184.459,-65.3722,-60,0,0,0,1,critical_zone,0,1
103,fence24,random_waypoint,3,560,520,560,520,20,9,700,700,15,228.09,-67.2163,-60,0,0,0,1,critical_zone,0,1
103,fence24,random_waypoint,3,560,520,560,520,20,10,750,700,15,261.773,-68.4127,-60,0,0,0,1,critical_zone,0,1
103,fence24,random_waypoint,3,560,520,560,520,20,11,750,650,15,230.272,-67.299,-60,0,0,0,1,critical_zone,0,1
103,fence24,random_waypoint,3,560,520,560,520,20,12,750,550,15,192.419,-65.7392,-60,0,0,0,1,critical_zone,0,1
103,fence24,random_waypoint,3,560,520,560,520,20,13,750,450,15,202.546,-66.1847,-60,0,0,0,1,critical_zone,0,1
103,fence24,random_waypoint,3,560,520,560,520,20,14,750,350,15,255,-68.185,-60,0,0,0,1,critical_zone,0,1
103,fence24,random_waypoint,3,560,520,560,520,20,15,750,300,15,290.732,-69.3241,-60,0,0,0,1,critical_zone,0,1
103,fence24,random_waypoint,3,560,520,560,520,20,16,700,300,15,260.816,-68.3809,-60,0,0,0,1,critical_zone,0,1
103,fence24,random_waypoint,3,560,520,560,520,20,17,600,300,15,223.663,-67.0461,-60,0,0,0,1,critical_zone,0,1
103,fence24,random_waypoint,3,560,520,560,520,20,18,400,300,15,272.075,-68.748,-60,0,0,0,1,critical_zone,0,1
103,fence24,random_waypoint,3,560,520,560,520,20,19,300,300,15,340.624,-70.6997,-60,0,0,0,1,critical_zone,0,1
103,fence24,random_waypoint,3,560,520,560,520,20,20,300,500,15,260.816,-68.3809,-60,0,0,0,1,critical_zone,0,1
103,fence24,random_waypoint,3,560,520,560,520,20,21,500,350,15,180.347,-65.1764,-60,0,0,0,1,critical_zone,0,1
103,fence24,random_waypoint,3,560,520,560,520,20,22,700,500,15,141.51,-63.07,-60,0,0,0,1,critical_zone,0,1
103,fence24,random_waypoint,3,560,520,560,520,20,23,500,650,15,143.265,-63.1771,-60,0,0,0,1,critical_zone,0,1
104,fence24,random_waypoint,3,560,520,560,520,20,0,250,300,15,380.164,-71.6537,-60,0,0,0,1,critical_zone,0,1
104,fence24,random_waypoint,3,560,520,560,520,20,1,250,350,15,353.589,-71.0242,-60,0,0,0,1,critical_zone,0,1
104,fence24,random_waypoint,3,560,520,560,520,20,2,250,450,15,317.844,-70.0985,-60,0,0,0,1,critical_zone,0,1
104,fence24,random_waypoint,3,560,520,560,520,20,3,250,550,15,311.488,-69.9231,-60,0,0,0,1,critical_zone,0,1
104,fence24,random_waypoint,3,560,520,560,520,20,4,250,650,15,336.192,-70.586,-60,0,0,0,1,critical_zone,0,1
104,fence24,random_waypoint,3,560,520,560,520,20,5,250,700,15,358.504,-71.1441,-60,0,0,0,1,critical_zone,0,1
104,fence24,random_waypoint,3,560,520,560,520,20,6,300,700,15,316.267,-70.0553,-60,0,0,0,1,critical_zone,0,1
104,fence24,random_waypoint,3,560,520,560,520,20,7,400,700,15,240.884,-67.6904,-60,0,0,0,1,critical_zone,0,1
104,fence24,random_waypoint,3,560,520,560,520,20,8,600,700,15,184.459,-65.3722,-60,0,0,0,1,critical_zone,0,1
104,fence24,random_waypoint,3,560,520,560,520,20,9,700,700,15,228.09,-67.2163,-60,0,0,0,1,critical_zone,0,1
104,fence24,random_waypoint,3,560,520,560,520,20,10,750,700,15,261.773,-68.4127,-60,0,0,0,1,critical_zone,0,1
104,fence24,random_waypoint,3,560,520,560,520,20,11,750,650,15,230.272,-67.299,-60,0,0,0,1,critical_zone,0,1
104,fence24,random_waypoint,3,560,520,560,520,20,12,750,550,15,192.419,-65.7392,-60,0,0,0,1,critical_zone,0,1
104,fence24,random_waypoint,3,560,520,560,520,20,13,750,450,15,202.546,-66.1847,-60,0,0,0,1,critical_zone,0,1
104,fence24,random_waypoint,3,560,520,560,520,20,14,750,350,15,255,-68.185,-60,0,0,0,1,critical_zone,0,1
104,fence24,random_waypoint,3,560,520,560,520,20,15,750,300,15,290.732,-69.3241,-60,0,0,0,1,critical_zone,0,1
104,fence24,random_waypoint,3,560,520,560,520,20,16,700,300,15,260.816,-68.3809,-60,0,0,0,1,critical_zone,0,1
104,fence24,random_waypoint,3,560,520,560,520,20,17,600,300,15,223.663,-67.0461,-60,0,0,0,1,critical_zone,0,1
104,fence24,random_waypoint,3,560,520,560,520,20,18,400,300,15,272.075,-68.748,-60,0,0,0,1,critical_zone,0,1
104,fence24,random_waypoint,3,560,520,560,520,20,19,300,300,15,340.624,-70.6997,-60,0,0,0,1,critical_zone,0,1
104,fence24,random_waypoint,3,560,520,560,520,20,20,300,500,15,260.816,-68.3809,-60,0,0,0,1,critical_zone,0,1
104,fence24,random_waypoint,3,560,520,560,520,20,21,500,350,15,180.347,-65.1764,-60,0,0,0,1,critical_zone,0,1
104,fence24,random_waypoint,3,560,520,560,520,20,22,700,500,15,141.51,-63.07,-60,0,0,0,1,critical_zone,0,1
104,fence24,random_waypoint,3,560,520,560,520,20,23,500,650,15,143.265,-63.1771,-60,0,0,0,1,critical_zone,0,1
105,fence24,random_waypoint,3,560,520,560,520,20,0,250,300,15,380.164,-71.6537,-60,0,0,0,1,critical_zone,0,1
105,fence24,random_waypoint,3,560,520,560,520,20,1,250,350,15,353.589,-71.0242,-60,0,0,0,1,critical_zone,0,1
105,fence24,random_waypoint,3,560,520,560,520,20,2,250,450,15,317.844,-70.0985,-60,0,0,0,1,critical_zone,0,1
105,fence24,random_waypoint,3,560,520,560,520,20,3,250,550,15,311.488,-69.9231,-60,0,0,0,1,critical_zone,0,1
105,fence24,random_waypoint,3,560,520,560,520,20,4,250,650,15,336.192,-70.586,-60,0,0,0,1,critical_zone,0,1
105,fence24,random_waypoint,3,560,520,560,520,20,5,250,700,15,358.504,-71.1441,-60,0,0,0,1,critical_zone,0,1
105,fence24,random_waypoint,3,560,520,560,520,20,6,300,700,15,316.267,-70.0553,-60,0,0,0,1,critical_zone,0,1
105,fence24,random_waypoint,3,560,520,560,520,20,7,400,700,15,240.884,-67.6904,-60,0,0,0,1,critical_zone,0,1
105,fence24,random_waypoint,3,560,520,560,520,20,8,600,700,15,184.459,-65.3722,-60,0,0,0,1,critical_zone,0,1
105,fence24,random_waypoint,3,560,520,560,520,20,9,700,700,15,228.09,-67.2163,-60,0,0,0,1,critical_zone,0,1
105,fence24,random_waypoint,3,560,520,560,520,20,10,750,700,15,261.773,-68.4127,-60,0,0,0,1,critical_zone,0,1
105,fence24,random_waypoint,3,560,520,560,520,20,11,750,650,15,230.272,-67.299,-60,0,0,0,1,critical_zone,0,1
105,fence24,random_waypoint,3,560,520,560,520,20,12,750,550,15,192.419,-65.7392,-60,0,0,0,1,critical_zone,0,1
105,fence24,random_waypoint,3,560,520,560,520,20,13,750,450,15,202.546,-66.1847,-60,0,0,0,1,critical_zone,0,1
105,fence24,random_waypoint,3,560,520,560,520,20,14,750,350,15,255,-68.185,-60,0,0,0,1,critical_zone,0,1
105,fence24,random_waypoint,3,560,520,560,520,20,15,750,300,15,290.732,-69.3241,-60,0,0,0,1,critical_zone,0,1
105,fence24,random_waypoint,3,560,520,560,520,20,16,700,300,15,260.816,-68.3809,-60,0,0,0,1,critical_zone,0,1
105,fence24,random_waypoint,3,560,520,560,520,20,17,600,300,15,223.663,-67.0461,-60,0,0,0,1,critical_zone,0,1
105,fence24,random_waypoint,3,560,520,560,520,20,18,400,300,15,272.075,-68.748,-60,0,0,0,1,critical_zone,0,1
105,fence24,random_waypoint,3,560,520,560,520,20,19,300,300,15,340.624,-70.6997,-60,0,0,0,1,critical_zone,0,1
105,fence24,random_waypoint,3,560,520,560,520,20,20,300,500,15,260.816,-68.3809,-60,0,0,0,1,critical_zone,0,1
105,fence24,random_waypoint,3,560,520,560,520,20,21,500,350,15,180.347,-65.1764,-60,0,0,0,1,critical_zone,0,1
105,fence24,random_waypoint,3,560,520,560,520,20,22,700,500,15,141.51,-63.07,-60,0,0,0,1,critical_zone,0,1
105,fence24,random_waypoint,3,560,520,560,520,20,23,500,650,15,143.265,-63.1771,-60,0,0,0,1,critical_zone,0,1
106,fence24,random_waypoint,3,560,520,560,520,20,0,250,300,15,380.164,-71.6537,-60,0,0,0,1,critical_zone,0,1
106,fence24,random_waypoint,3,560,520,560,520,20,1,250,350,15,353.589,-71.0242,-60,0,0,0,1,critical_zone,0,1
106,fence24,random_waypoint,3,560,520,560,520,20,2,250,450,15,317.844,-70.0985,-60,0,0,0,1,critical_zone,0,1
106,fence24,random_waypoint,3,560,520,560,520,20,3,250,550,15,311.488,-69.9231,-60,0,0,0,1,critical_zone,0,1
106,fence24,random_waypoint,3,560,520,560,520,20,4,250,650,15,336.192,-70.586,-60,0,0,0,1,critical_zone,0,1
106,fence24,random_waypoint,3,560,520,560,520,20,5,250,700,15,358.504,-71.1441,-60,0,0,0,1,critical_zone,0,1
106,fence24,random_waypoint,3,560,520,560,520,20,6,300,700,15,316.267,-70.0553,-60,0,0,0,1,critical_zone,0,1
106,fence24,random_waypoint,3,560,520,560,520,20,7,400,700,15,240.884,-67.6904,-60,0,0,0,1,critical_zone,0,1
106,fence24,random_waypoint,3,560,520,560,520,20,8,600,700,15,184.459,-65.3722,-60,0,0,0,1,critical_zone,0,1
106,fence24,random_waypoint,3,560,520,560,520,20,9,700,700,15,228.09,-67.2163,-60,0,0,0,1,critical_zone,0,1
106,fence24,random_waypoint,3,560,520,560,520,20,10,750,700,15,261.773,-68.4127,-60,0,0,0,1,critical_zone,0,1
106,fence24,random_waypoint,3,560,520,560,520,20,11,750,650,15,230.272,-67.299,-60,0,0,0,1,critical_zone,0,1
106,fence24,random_waypoint,3,560,520,560,520,20,12,750,550,15,192.419,-65.7392,-60,0,0,0,1,critical_zone,0,1
106,fence24,random_waypoint,3,560,520,560,520,20,13,750,450,15,202.546,-66.1847,-60,0,0,0,1,critical_zone,0,1
106,fence24,random_waypoint,3,560,520,560,520,20,14,750,350,15,255,-68.185,-60,0,0,0,1,critical_zone,0,1
106,fence24,random_waypoint,3,560,520,560,520,20,15,750,300,15,290.732,-69.3241,-60,0,0,0,1,critical_zone,0,1
106,fence24,random_waypoint,3,560,520,560,520,20,16,700,300,15,260.816,-68.3809,-60,0,0,0,1,critical_zone,0,1
106,fence24,random_waypoint,3,560,520,560,520,20,17,600,300,15,223.663,-67.0461,-60,0,0,0,1,critical_zone,0,1
106,fence24,random_waypoint,3,560,520,560,520,20,18,400,300,15,272.075,-68.748,-60,0,0,0,1,critical_zone,0,1
106,fence24,random_waypoint,3,560,520,560,520,20,19,300,300,15,340.624,-70.6997,-60,0,0,0,1,critical_zone,0,1
106,fence24,random_waypoint,3,560,520,560,520,20,20,300,500,15,260.816,-68.3809,-60,0,0,0,1,critical_zone,0,1
106,fence24,random_waypoint,3,560,520,560,520,20,21,500,350,15,180.347,-65.1764,-60,0,0,0,1,critical_zone,0,1
106,fence24,random_waypoint,3,560,520,560,520,20,22,700,500,15,141.51,-63.07,-60,0,0,0,1,critical_zone,0,1
106,fence24,random_waypoint,3,560,520,560,520,20,23,500,650,15,143.265,-63.1771,-60,0,0,0,1,critical_zone,0,1
107,fence24,random_waypoint,3,560,520,560,520,20,0,250,300,15,380.164,-71.6537,-60,0,0,0,1,critical_zone,0,1
107,fence24,random_waypoint,3,560,520,560,520,20,1,250,350,15,353.589,-71.0242,-60,0,0,0,1,critical_zone,0,1
107,fence24,random_waypoint,3,560,520,560,520,20,2,250,450,15,317.844,-70.0985,-60,0,0,0,1,critical_zone,0,1
107,fence24,random_waypoint,3,560,520,560,520,20,3,250,550,15,311.488,-69.9231,-60,0,0,0,1,critical_zone,0,1
107,fence24,random_waypoint,3,560,520,560,520,20,4,250,650,15,336.192,-70.586,-60,0,0,0,1,critical_zone,0,1
107,fence24,random_waypoint,3,560,520,560,520,20,5,250,700,15,358.504,-71.1441,-60,0,0,0,1,critical_zone,0,1
107,fence24,random_waypoint,3,560,520,560,520,20,6,300,700,15,316.267,-70.0553,-60,0,0,0,1,critical_zone,0,1
107,fence24,random_waypoint,3,560,520,560,520,20,7,400,700,15,240.884,-67.6904,-60,0,0,0,1,critical_zone,0,1
107,fence24,random_waypoint,3,560,520,560,520,20,8,600,700,15,184.459,-65.3722,-60,0,0,0,1,critical_zone,0,1
107,fence24,random_waypoint,3,560,520,560,520,20,9,700,700,15,228.09,-67.2163,-60,0,0,0,1,critical_zone,0,1
107,fence24,random_waypoint,3,560,520,560,520,20,10,750,700,15,261.773,-68.4127,-60,0,0,0,1,critical_zone,0,1
107,fence24,random_waypoint,3,560,520,560,520,20,11,750,650,15,230.272,-67.299,-60,0,0,0,1,critical_zone,0,1
107,fence24,random_waypoint,3,560,520,560,520,20,12,750,550,15,192.419,-65.7392,-60,0,0,0,1,critical_zone,0,1
107,fence24,random_waypoint,3,560,520,560,520,20,13,750,450,15,202.546,-66.1847,-60,0,0,0,1,critical_zone,0,1
107,fence24,random_waypoint,3,560,520,560,520,20,14,750,350,15,255,-68.185,-60,0,0,0,1,critical_zone,0,1
107,fence24,random_waypoint,3,560,520,560,520,20,15,750,300,15,290.732,-69.3241,-60,0,0,0,1,critical_zone,0,1
107,fence24,random_waypoint,3,560,520,560,520,20,16,700,300,15,260.816,-68.3809,-60,0,0,0,1,critical_zone,0,1
107,fence24,random_waypoint,3,560,520,560,520,20,17,600,300,15,223.663,-67.0461,-60,0,0,0,1,critical_zone,0,1
107,fence24,random_waypoint,3,560,520,560,520,20,18,400,300,15,272.075,-68.748,-60,0,0,0,1,critical_zone,0,1
107,fence24,random_waypoint,3,560,520,560,520,20,19,300,300,15,340.624,-70.6997,-60,0,0,0,1,critical_zone,0,1
107,fence24,random_waypoint,3,560,520,560,520,20,20,300,500,15,260.816,-68.3809,-60,0,0,0,1,critical_zone,0,1
107,fence24,random_waypoint,3,560,520,560,520,20,21,500,350,15,180.347,-65.1764,-60,0,0,0,1,critical_zone,0,1
107,fence24,random_waypoint,3,560,520,560,520,20,22,700,500,15,141.51,-63.07,-60,0,0,0,1,critical_zone,0,1
107,fence24,random_waypoint,3,560,520,560,520,20,23,500,650,15,143.265,-63.1771,-60,0,0,0,1,critical_zone,0,1
108,fence24,random_waypoint,3,560,520,560,520,20,0,250,300,15,380.164,-71.6537,-60,0,0,0,1,critical_zone,0,1
108,fence24,random_waypoint,3,560,520,560,520,20,1,250,350,15,353.589,-71.0242,-60,0,0,0,1,critical_zone,0,1
108,fence24,random_waypoint,3,560,520,560,520,20,2,250,450,15,317.844,-70.0985,-60,0,0,0,1,critical_zone,0,1
108,fence24,random_waypoint,3,560,520,560,520,20,3,250,550,15,311.488,-69.9231,-60,0,0,0,1,critical_zone,0,1
108,fence24,random_waypoint,3,560,520,560,520,20,4,250,650,15,336.192,-70.586,-60,0,0,0,1,critical_zone,0,1
108,fence24,random_waypoint,3,560,520,560,520,20,5,250,700,15,358.504,-71.1441,-60,0,0,0,1,critical_zone,0,1
108,fence24,random_waypoint,3,560,520,560,520,20,6,300,700,15,316.267,-70.0553,-60,0,0,0,1,critical_zone,0,1
108,fence24,random_waypoint,3,560,520,560,520,20,7,400,700,15,240.884,-67.6904,-60,0,0,0,1,critical_zone,0,1
108,fence24,random_waypoint,3,560,520,560,520,20,8,600,700,15,184.459,-65.3722,-60,0,0,0,1,critical_zone,0,1
108,fence24,random_waypoint,3,560,520,560,520,20,9,700,700,15,228.09,-67.2163,-60,0,0,0,1,critical_zone,0,1
108,fence24,random_waypoint,3,560,520,560,520,20,10,750,700,15,261.773,-68.4127,-60,0,0,0,1,critical_zone,0,1
108,fence24,random_waypoint,3,560,520,560,520,20,11,750,650,15,230.272,-67.299,-60,0,0,0,1,critical_zone,0,1
108,fence24,random_waypoint,3,560,520,560,520,20,12,750,550,15,192.419,-65.7392,-60,0,0,0,1,critical_zone,0,1
108,fence24,random_waypoint,3,560,520,560,520,20,13,750,450,15,202.546,-66.1847,-60,0,0,0,1,critical_zone,0,1
108,fence24,random_waypoint,3,560,520,560,520,20,14,750,350,15,255,-68.185,-60,0,0,0,1,critical_zone,0,1
108,fence24,random_waypoint,3,560,520,560,520,20,15,750,300,15,290.732,-69.3241,-60,0,0,0,1,critical_zone,0,1
108,fence24,random_waypoint,3,560,520,560,520,20,16,700,300,15,260.816,-68.3809,-60,0,0,0,1,critical_zone,0,1
108,fence24,random_waypoint,3,560,520,560,520,20,17,600,300,15,223.663,-67.0461,-60,0,0,0,1,critical_zone,0,1
108,fence24,random_waypoint,3,560,520,560,520,20,18,400,300,15,272.075,-68.748,-60,0,0,0,1,critical_zone,0,1
108,fence24,random_waypoint,3,560,520,560,520,20,19,300,300,15,340.624,-70.6997,-60,0,0,0,1,critical_zone,0,1
108,fence24,random_waypoint,3,560,520,560,520,20,20,300,500,15,260.816,-68.3809,-60,0,0,0,1,critical_zone,0,1
108,fence24,random_waypoint,3,560,520,560,520,20,21,500,350,15,180.347,-65.1764,-60,0,0,0,1,critical_zone,0,1
108,fence24,random_waypoint,3,560,520,560,520,20,22,700,500,15,141.51,-63.07,-60,0,0,0,1,critical_zone,0,1
108,fence24,random_waypoint,3,560,520,560,520,20,23,500,650,15,143.265,-63.1771,-60,0,0,0,1,critical_zone,0,1
109,fence24,random_waypoint,3,560,520,560,520,20,0,250,300,15,380.164,-71.6537,-60,0,0,0,1,critical_zone,0,1
109,fence24,random_waypoint,3,560,520,560,520,20,1,250,350,15,353.589,-71.0242,-60,0,0,0,1,critical_zone,0,1
109,fence24,random_waypoint,3,560,520,560,520,20,2,250,450,15,317.844,-70.0985,-60,0,0,0,1,critical_zone,0,1
109,fence24,random_waypoint,3,560,520,560,520,20,3,250,550,15,311.488,-69.9231,-60,0,0,0,1,critical_zone,0,1
109,fence24,random_waypoint,3,560,520,560,520,20,4,250,650,15,336.192,-70.586,-60,0,0,0,1,critical_zone,0,1
109,fence24,random_waypoint,3,560,520,560,520,20,5,250,700,15,358.504,-71.1441,-60,0,0,0,1,critical_zone,0,1
109,fence24,random_waypoint,3,560,520,560,520,20,6,300,700,15,316.267,-70.0553,-60,0,0,0,1,critical_zone,0,1
109,fence24,random_waypoint,3,560,520,560,520,20,7,400,700,15,240.884,-67.6904,-60,0,0,0,1,critical_zone,0,1
109,fence24,random_waypoint,3,560,520,560,520,20,8,600,700,15,184.459,-65.3722,-60,0,0,0,1,critical_zone,0,1
109,fence24,random_waypoint,3,560,520,560,520,20,9,700,700,15,228.09,-67.2163,-60,0,0,0,1,critical_zone,0,1
109,fence24,random_waypoint,3,560,520,560,520,20,10,750,700,15,261.773,-68.4127,-60,0,0,0,1,critical_zone,0,1
109,fence24,random_waypoint,3,560,520,560,520,20,11,750,650,15,230.272,-67.299,-60,0,0,0,1,critical_zone,0,1
109,fence24,random_waypoint,3,560,520,560,520,20,12,750,550,15,192.419,-65.7392,-60,0,0,0,1,critical_zone,0,1
109,fence24,random_waypoint,3,560,520,560,520,20,13,750,450,15,202.546,-66.1847,-60,0,0,0,1,critical_zone,0,1
109,fence24,random_waypoint,3,560,520,560,520,20,14,750,350,15,255,-68.185,-60,0,0,0,1,critical_zone,0,1
109,fence24,random_waypoint,3,560,520,560,520,20,15,750,300,15,290.732,-69.3241,-60,0,0,0,1,critical_zone,0,1
109,fence24,random_waypoint,3,560,520,560,520,20,16,700,300,15,260.816,-68.3809,-60,0,0,0,1,critical_zone,0,1
109,fence24,random_waypoint,3,560,520,560,520,20,17,600,300,15,223.663,-67.0461,-60,0,0,0,1,critical_zone,0,1
109,fence24,random_waypoint,3,560,520,560,520,20,18,400,300,15,272.075,-68.748,-60,0,0,0,1,critical_zone,0,1
109,fence24,random_waypoint,3,560,520,560,520,20,19,300,300,15,340.624,-70.6997,-60,0,0,0,1,critical_zone,0,1
109,fence24,random_waypoint,3,560,520,560,520,20,20,300,500,15,260.816,-68.3809,-60,0,0,0,1,critical_zone,0,1
109,fence24,random_waypoint,3,560,520,560,520,20,21,500,350,15,180.347,-65.1764,-60,0,0,0,1,critical_zone,0,1
109,fence24,random_waypoint,3,560,520,560,520,20,22,700,500,15,141.51,-63.07,-60,0,0,0,1,critical_zone,0,1
109,fence24,random_waypoint,3,560,520,560,520,20,23,500,650,15,143.265,-63.1771,-60,0,0,0,1,critical_zone,0,1
110,fence24,random_waypoint,3,560,520,560,520,20,0,250,300,15,380.164,-71.6537,-60,0,0,0,1,critical_zone,0,1
110,fence24,random_waypoint,3,560,520,560,520,20,1,250,350,15,353.589,-71.0242,-60,0,0,0,1,critical_zone,0,1
110,fence24,random_waypoint,3,560,520,560,520,20,2,250,450,15,317.844,-70.0985,-60,0,0,0,1,critical_zone,0,1
110,fence24,random_waypoint,3,560,520,560,520,20,3,250,550,15,311.488,-69.9231,-60,0,0,0,1,critical_zone,0,1
110,fence24,random_waypoint,3,560,520,560,520,20,4,250,650,15,336.192,-70.586,-60,0,0,0,1,critical_zone,0,1
110,fence24,random_waypoint,3,560,520,560,520,20,5,250,700,15,358.504,-71.1441,-60,0,0,0,1,critical_zone,0,1
110,fence24,random_waypoint,3,560,520,560,520,20,6,300,700,15,316.267,-70.0553,-60,0,0,0,1,critical_zone,0,1
110,fence24,random_waypoint,3,560,520,560,520,20,7,400,700,15,240.884,-67.6904,-60,0,0,0,1,critical_zone,0,1
110,fence24,random_waypoint,3,560,520,560,520,20,8,600,700,15,184.459,-65.3722,-60,0,0,0,1,critical_zone,0,1
110,fence24,random_waypoint,3,560,520,560,520,20,9,700,700,15,228.09,-67.2163,-60,0,0,0,1,critical_zone,0,1
110,fence24,random_waypoint,3,560,520,560,520,20,10,750,700,15,261.773,-68.4127,-60,0,0,0,1,critical_zone,0,1
110,fence24,random_waypoint,3,560,520,560,520,20,11,750,650,15,230.272,-67.299,-60,0,0,0,1,critical_zone,0,1
110,fence24,random_waypoint,3,560,520,560,520,20,12,750,550,15,192.419,-65.7392,-60,0,0,0,1,critical_zone,0,1
110,fence24,random_waypoint,3,560,520,560,520,20,13,750,450,15,202.546,-66.1847,-60,0,0,0,1,critical_zone,0,1
110,fence24,random_waypoint,3,560,520,560,520,20,14,750,350,15,255,-68.185,-60,0,0,0,1,critical_zone,0,1
110,fence24,random_waypoint,3,560,520,560,520,20,15,750,300,15,290.732,-69.3241,-60,0,0,0,1,critical_zone,0,1
110,fence24,random_waypoint,3,560,520,560,520,20,16,700,300,15,260.816,-68.3809,-60,0,0,0,1,critical_zone,0,1
110,fence24,random_waypoint,3,560,520,560,520,20,17,600,300,15,223.663,-67.0461,-60,0,0,0,1,critical_zone,0,1
110,fence24,random_waypoint,3,560,520,560,520,20,18,400,300,15,272.075,-68.748,-60,0,0,0,1,critical_zone,0,1
110,fence24,random_waypoint,3,560,520,560,520,20,19,300,300,15,340.624,-70.6997,-60,0,0,0,1,critical_zone,0,1
110,fence24,random_waypoint,3,560,520,560,520,20,20,300,500,15,260.816,-68.3809,-60,0,0,0,1,critical_zone,0,1
110,fence24,random_waypoint,3,560,520,560,520,20,21,500,350,15,180.347,-65.1764,-60,0,0,0,1,critical_zone,0,1
110,fence24,random_waypoint,3,560,520,560,520,20,22,700,500,15,141.51,-63.07,-60,0,0,0,1,critical_zone,0,1
110,fence24,random_waypoint,3,560,520,560,520,20,23,500,650,15,143.265,-63.1771,-60,0,0,0,1,critical_zone,0,1
111,fence24,random_waypoint,3,560,520,560,520,20,0,250,300,15,380.164,-71.6537,-60,0,0,0,1,critical_zone,0,1
111,fence24,random_waypoint,3,560,520,560,520,20,1,250,350,15,353.589,-71.0242,-60,0,0,0,1,critical_zone,0,1
111,fence24,random_waypoint,3,560,520,560,520,20,2,250,450,15,317.844,-70.0985,-60,0,0,0,1,critical_zone,0,1
111,fence24,random_waypoint,3,560,520,560,520,20,3,250,550,15,311.488,-69.9231,-60,0,0,0,1,critical_zone,0,1
111,fence24,random_waypoint,3,560,520,560,520,20,4,250,650,15,336.192,-70.586,-60,0,0,0,1,critical_zone,0,1
111,fence24,random_waypoint,3,560,520,560,520,20,5,250,700,15,358.504,-71.1441,-60,0,0,0,1,critical_zone,0,1
111,fence24,random_waypoint,3,560,520,560,520,20,6,300,700,15,316.267,-70.0553,-60,0,0,0,1,critical_zone,0,1
111,fence24,random_waypoint,3,560,520,560,520,20,7,400,700,15,240.884,-67.6904,-60,0,0,0,1,critical_zone,0,1
111,fence24,random_waypoint,3,560,520,560,520,20,8,600,700,15,184.459,-65.3722,-60,0,0,0,1,critical_zone,0,1
111,fence24,random_waypoint,3,560,520,560,520,20,9,700,700,15,228.09,-67.2163,-60,0,0,0,1,critical_zone,0,1
111,fence24,random_waypoint,3,560,520,560,520,20,10,750,700,15,261.773,-68.4127,-60,0,0,0,1,critical_zone,0,1
111,fence24,random_waypoint,3,560,520,560,520,20,11,750,650,15,230.272,-67.299,-60,0,0,0,1,critical_zone,0,1
111,fence24,random_waypoint,3,560,520,560,520,20,12,750,550,15,192.419,-65.7392,-60,0,0,0,1,critical_zone,0,1
111,fence24,random_waypoint,3,560,520,560,520,20,13,750,450,15,202.546,-66.1847,-60,0,0,0,1,critical_zone,0,1
111,fence24,random_waypoint,3,560,520,560,520,20,14,750,350,15,255,-68.185,-60,0,0,0,1,critical_zone,0,1
111,fence24,random_waypoint,3,560,520,560,520,20,15,750,300,15,290.732,-69.3241,-60,0,0,0,1,critical_zone,0,1
111,fence24,random_waypoint,3,560,520,560,520,20,16,700,300,15,260.816,-68.3809,-60,0,0,0,1,critical_zone,0,1
111,fence24,random_waypoint,3,560,520,560,520,20,17,600,300,15,223.663,-67.0461,-60,0,0,0,1,critical_zone,0,1
111,fence24,random_waypoint,3,560,520,560,520,20,18,400,300,15,272.075,-68.748,-60,0,0,0,1,critical_zone,0,1
111,fence24,random_waypoint,3,560,520,560,520,20,19,300,300,15,340.624,-70.6997,-60,0,0,0,1,critical_zone,0,1
111,fence24,random_waypoint,3,560,520,560,520,20,20,300,500,15,260.816,-68.3809,-60,0,0,0,1,critical_zone,0,1
111,fence24,random_waypoint,3,560,520,560,520,20,21,500,350,15,180.347,-65.1764,-60,0,0,0,1,critical_zone,0,1
111,fence24,random_waypoint,3,560,520,560,520,20,22,700,500,15,141.51,-63.07,-60,0,0,0,1,critical_zone,0,1
111,fence24,random_waypoint,3,560,520,560,520,20,23,500,650,15,143.265,-63.1771,-60,0,0,0,1,critical_zone,0,1
112,fence24,random_waypoint,3,560,520,560,520,20,0,250,300,15,380.164,-71.6537,-60,0,0,0,1,critical_zone,0,1
112,fence24,random_waypoint,3,560,520,560,520,20,1,250,350,15,353.589,-71.0242,-60,0,0,0,1,critical_zone,0,1
112,fence24,random_waypoint,3,560,520,560,520,20,2,250,450,15,317.844,-70.0985,-60,0,0,0,1,critical_zone,0,1
112,fence24,random_waypoint,3,560,520,560,520,20,3,250,550,15,311.488,-69.9231,-60,0,0,0,1,critical_zone,0,1
112,fence24,random_waypoint,3,560,520,560,520,20,4,250,650,15,336.192,-70.586,-60,0,0,0,1,critical_zone,0,1
112,fence24,random_waypoint,3,560,520,560,520,20,5,250,700,15,358.504,-71.1441,-60,0,0,0,1,critical_zone,0,1
112,fence24,random_waypoint,3,560,520,560,520,20,6,300,700,15,316.267,-70.0553,-60,0,0,0,1,critical_zone,0,1
112,fence24,random_waypoint,3,560,520,560,520,20,7,400,700,15,240.884,-67.6904,-60,0,0,0,1,critical_zone,0,1
112,fence24,random_waypoint,3,560,520,560,520,20,8,600,700,15,184.459,-65.3722,-60,0,0,0,1,critical_zone,0,1
112,fence24,random_waypoint,3,560,520,560,520,20,9,700,700,15,228.09,-67.2163,-60,0,0,0,1,critical_zone,0,1
112,fence24,random_waypoint,3,560,520,560,520,20,10,750,700,15,261.773,-68.4127,-60,0,0,0,1,critical_zone,0,1
112,fence24,random_waypoint,3,560,520,560,520,20,11,750,650,15,230.272,-67.299,-60,0,0,0,1,critical_zone,0,1
112,fence24,random_waypoint,3,560,520,560,520,20,12,750,550,15,192.419,-65.7392,-60,0,0,0,1,critical_zone,0,1
112,fence24,random_waypoint,3,560,520,560,520,20,13,750,450,15,202.546,-66.1847,-60,0,0,0,1,critical_zone,0,1
112,fence24,random_waypoint,3,560,520,560,520,20,14,750,350,15,255,-68.185,-60,0,0,0,1,critical_zone,0,1
112,fence24,random_waypoint,3,560,520,560,520,20,15,750,300,15,290.732,-69.3241,-60,0,0,0,1,critical_zone,0,1
112,fence24,random_waypoint,3,560,520,560,520,20,16,700,300,15,260.816,-68.3809,-60,0,0,0,1,critical_zone,0,1
112,fence24,random_waypoint,3,560,520,560,520,20,17,600,300,15,223.663,-67.0461,-60,0,0,0,1,critical_zone,0,1
112,fence24,random_waypoint,3,560,520,560,520,20,18,400,300,15,272.075,-68.748,-60,0,0,0,1,critical_zone,0,1
112,fence24,random_waypoint,3,560,520,560,520,20,19,300,300,15,340.624,-70.6997,-60,0,0,0,1,critical_zone,0,1
112,fence24,random_waypoint,3,560,520,560,520,20,20,300,500,15,260.816,-68.3809,-60,0,0,0,1,critical_zone,0,1
112,fence24,random_waypoint,3,560,520,560,520,20,21,500,350,15,180.347,-65.1764,-60,0,0,0,1,critical_zone,0,1
112,fence24,random_waypoint,3,560,520,560,520,20,22,700,500,15,141.51,-63.07,-60,0,0,0,1,critical_zone,0,1
112,fence24,random_waypoint,3,560,520,560,520,20,23,500,650,15,143.265,-63.1771,-60,0,0,0,1,critical_zone,0,1
113,fence24,random_waypoint,3,560,520,560,520,20,0,250,300,15,380.164,-71.6537,-60,0,0,0,1,critical_zone,0,1
113,fence24,random_waypoint,3,560,520,560,520,20,1,250,350,15,353.589,-71.0242,-60,0,0,0,1,critical_zone,0,1
113,fence24,random_waypoint,3,560,520,560,520,20,2,250,450,15,317.844,-70.0985,-60,0,0,0,1,critical_zone,0,1
113,fence24,random_waypoint,3,560,520,560,520,20,3,250,550,15,311.488,-69.9231,-60,0,0,0,1,critical_zone,0,1
113,fence24,random_waypoint,3,560,520,560,520,20,4,250,650,15,336.192,-70.586,-60,0,0,0,1,critical_zone,0,1
113,fence24,random_waypoint,3,560,520,560,520,20,5,250,700,15,358.504,-71.1441,-60,0,0,0,1,critical_zone,0,1
113,fence24,random_waypoint,3,560,520,560,520,20,6,300,700,15,316.267,-70.0553,-60,0,0,0,1,critical_zone,0,1
113,fence24,random_waypoint,3,560,520,560,520,20,7,400,700,15,240.884,-67.6904,-60,0,0,0,1,critical_zone,0,1
113,fence24,random_waypoint,3,560,520,560,520,20,8,600,700,15,184.459,-65.3722,-60,0,0,0,1,critical_zone,0,1
113,fence24,random_waypoint,3,560,520,560,520,20,9,700,700,15,228.09,-67.2163,-60,0,0,0,1,critical_zone,0,1
113,fence24,random_waypoint,3,560,520,560,520,20,10,750,700,15,261.773,-68.4127,-60,0,0,0,1,critical_zone,0,1
113,fence24,random_waypoint,3,560,520,560,520,20,11,750,650,15,230.272,-67.299,-60,0,0,0,1,critical_zone,0,1
113,fence24,random_waypoint,3,560,520,560,520,20,12,750,550,15,192.419,-65.7392,-60,0,0,0,1,critical_zone,0,1
113,fence24,random_waypoint,3,560,520,560,520,20,13,750,450,15,202.546,-66.1847,-60,0,0,0,1,critical_zone,0,1
113,fence24,random_waypoint,3,560,520,560,520,20,14,750,350,15,255,-68.185,-60,0,0,0,1,critical_zone,0,1
113,fence24,random_waypoint,3,560,520,560,520,20,15,750,300,15,290.732,-69.3241,-60,0,0,0,1,critical_zone,0,1
113,fence24,random_waypoint,3,560,520,560,520,20,16,700,300,15,260.816,-68.3809,-60,0,0,0,1,critical_zone,0,1
113,fence24,random_waypoint,3,560,520,560,520,20,17,600,300,15,223.663,-67.0461,-60,0,0,0,1,critical_zone,0,1
113,fence24,random_waypoint,3,560,520,560,520,20,18,400,300,15,272.075,-68.748,-60,0,0,0,1,critical_zone,0,1
113,fence24,random_waypoint,3,560,520,560,520,20,19,300,300,15,340.624,-70.6997,-60,0,0,0,1,critical_zone,0,1
113,fence24,random_waypoint,3,560,520,560,520,20,20,300,500,15,260.816,-68.3809,-60,0,0,0,1,critical_zone,0,1
113,fence24,random_waypoint,3,560,520,560,520,20,21,500,350,15,180.347,-65.1764,-60,0,0,0,1,critical_zone,0,1
113,fence24,random_waypoint,3,560,520,560,520,20,22,700,500,15,141.51,-63.07,-60,0,0,0,1,critical_zone,0,1
113,fence24,random_waypoint,3,560,520,560,520,20,23,500,650,15,143.265,-63.1771,-60,0,0,0,1,critical_zone,0,1
114,fence24,random_waypoint,3,560,520,560,520,20,0,250,300,15,380.164,-71.6537,-60,0,0,0,1,critical_zone,0,1
114,fence24,random_waypoint,3,560,520,560,520,20,1,250,350,15,353.589,-71.0242,-60,0,0,0,1,critical_zone,0,1
114,fence24,random_waypoint,3,560,520,560,520,20,2,250,450,15,317.844,-70.0985,-60,0,0,0,1,critical_zone,0,1
114,fence24,random_waypoint,3,560,520,560,520,20,3,250,550,15,311.488,-69.9231,-60,0,0,0,1,critical_zone,0,1
114,fence24,random_waypoint,3,560,520,560,520,20,4,250,650,15,336.192,-70.586,-60,0,0,0,1,critical_zone,0,1
114,fence24,random_waypoint,3,560,520,560,520,20,5,250,700,15,358.504,-71.1441,-60,0,0,0,1,critical_zone,0,1
114,fence24,random_waypoint,3,560,520,560,520,20,6,300,700,15,316.267,-70.0553,-60,0,0,0,1,critical_zone,0,1
114,fence24,random_waypoint,3,560,520,560,520,20,7,400,700,15,240.884,-67.6904,-60,0,0,0,1,critical_zone,0,1
114,fence24,random_waypoint,3,560,520,560,520,20,8,600,700,15,184.459,-65.3722,-60,0,0,0,1,critical_zone,0,1
114,fence24,random_waypoint,3,560,520,560,520,20,9,700,700,15,228.09,-67.2163,-60,0,0,0,1,critical_zone,0,1
114,fence24,random_waypoint,3,560,520,560,520,20,10,750,700,15,261.773,-68.4127,-60,0,0,0,1,critical_zone,0,1
114,fence24,random_waypoint,3,560,520,560,520,20,11,750,650,15,230.272,-67.299,-60,0,0,0,1,critical_zone,0,1
114,fence24,random_waypoint,3,560,520,560,520,20,12,750,550,15,192.419,-65.7392,-60,0,0,0,1,critical_zone,0,1
114,fence24,random_waypoint,3,560,520,560,520,20,13,750,450,15,202.546,-66.1847,-60,0,0,0,1,critical_zone,0,1
114,fence24,random_waypoint,3,560,520,560,520,20,14,750,350,15,255,-68.185,-60,0,0,0,1,critical_zone,0,1
114,fence24,random_waypoint,3,560,520,560,520,20,15,750,300,15,290.732,-69.3241,-60,0,0,0,1,critical_zone,0,1
114,fence24,random_waypoint,3,560,520,560,520,20,16,700,300,15,260.816,-68.3809,-60,0,0,0,1,critical_zone,0,1
114,fence24,random_waypoint,3,560,520,560,520,20,17,600,300,15,223.663,-67.0461,-60,0,0,0,1,critical_zone,0,1
114,fence24,random_waypoint,3,560,520,560,520,20,18,400,300,15,272.075,-68.748,-60,0,0,0,1,critical_zone,0,1
114,fence24,random_waypoint,3,560,520,560,520,20,19,300,300,15,340.624,-70.6997,-60,0,0,0,1,critical_zone,0,1
114,fence24,random_waypoint,3,560,520,560,520,20,20,300,500,15,260.816,-68.3809,-60,0,0,0,1,critical_zone,0,1
114,fence24,random_waypoint,3,560,520,560,520,20,21,500,350,15,180.347,-65.1764,-60,0,0,0,1,critical_zone,0,1
114,fence24,random_waypoint,3,560,520,560,520,20,22,700,500,15,141.51,-63.07,-60,0,0,0,1,critical_zone,0,1
114,fence24,random_waypoint,3,560,520,560,520,20,23,500,650,15,143.265,-63.1771,-60,0,0,0,1,critical_zone,0,1
115,fence24,random_waypoint,3,560,520,560,520,20,0,250,300,15,380.164,-71.6537,-60,0,0,0,1,critical_zone,0,1
115,fence24,random_waypoint,3,560,520,560,520,20,1,250,350,15,353.589,-71.0242,-60,0,0,0,1,critical_zone,0,1
115,fence24,random_waypoint,3,560,520,560,520,20,2,250,450,15,317.844,-70.0985,-60,0,0,0,1,critical_zone,0,1
115,fence24,random_waypoint,3,560,520,560,520,20,3,250,550,15,311.488,-69.9231,-60,0,0,0,1,critical_zone,0,1
115,fence24,random_waypoint,3,560,520,560,520,20,4,250,650,15,336.192,-70.586,-60,0,0,0,1,critical_zone,0,1
115,fence24,random_waypoint,3,560,520,560,520,20,5,250,700,15,358.504,-71.1441,-60,0,0,0,1,critical_zone,0,1
115,fence24,random_waypoint,3,560,520,560,520,20,6,300,700,15,316.267,-70.0553,-60,0,0,0,1,critical_zone,0,1
115,fence24,random_waypoint,3,560,520,560,520,20,7,400,700,15,240.884,-67.6904,-60,0,0,0,1,critical_zone,0,1
115,fence24,random_waypoint,3,560,520,560,520,20,8,600,700,15,184.459,-65.3722,-60,0,0,0,1,critical_zone,0,1
115,fence24,random_waypoint,3,560,520,560,520,20,9,700,700,15,228.09,-67.2163,-60,0,0,0,1,critical_zone,0,1
115,fence24,random_waypoint,3,560,520,560,520,20,10,750,700,15,261.773,-68.4127,-60,0,0,0,1,critical_zone,0,1
115,fence24,random_waypoint,3,560,520,560,520,20,11,750,650,15,230.272,-67.299,-60,0,0,0,1,critical_zone,0,1
115,fence24,random_waypoint,3,560,520,560,520,20,12,750,550,15,192.419,-65.7392,-60,0,0,0,1,critical_zone,0,1
115,fence24,random_waypoint,3,560,520,560,520,20,13,750,450,15,202.546,-66.1847,-60,0,0,0,1,critical_zone,0,1
115,fence24,random_waypoint,3,560,520,560,520,20,14,750,350,15,255,-68.185,-60,0,0,0,1,critical_zone,0,1
115,fence24,random_waypoint,3,560,520,560,520,20,15,750,300,15,290.732,-69.3241,-60,0,0,0,1,critical_zone,0,1
115,fence24,random_waypoint,3,560,520,560,520,20,16,700,300,15,260.816,-68.3809,-60,0,0,0,1,critical_zone,0,1
115,fence24,random_waypoint,3,560,520,560,520,20,17,600,300,15,223.663,-67.0461,-60,0,0,0,1,critical_zone,0,1
115,fence24,random_waypoint,3,560,520,560,520,20,18,400,300,15,272.075,-68.748,-60,0,0,0,1,critical_zone,0,1
115,fence24,random_waypoint,3,560,520,560,520,20,19,300,300,15,340.624,-70.6997,-60,0,0,0,1,critical_zone,0,1
115,fence24,random_waypoint,3,560,520,560,520,20,20,300,500,15,260.816,-68.3809,-60,0,0,0,1,critical_zone,0,1
115,fence24,random_waypoint,3,560,520,560,520,20,21,500,350,15,180.347,-65.1764,-60,0,0,0,1,critical_zone,0,1
115,fence24,random_waypoint,3,560,520,560,520,20,22,700,500,15,141.51,-63.07,-60,0,0,0,1,critical_zone,0,1
115,fence24,random_waypoint,3,560,520,560,520,20,23,500,650,15,143.265,-63.1771,-60,0,0,0,1,critical_zone,0,1
116,fence24,random_waypoint,3,560,520,560,520,20,0,250,300,15,380.164,-71.6537,-60,0,0,0,1,critical_zone,0,1
116,fence24,random_waypoint,3,560,520,560,520,20,1,250,350,15,353.589,-71.0242,-60,0,0,0,1,critical_zone,0,1
116,fence24,random_waypoint,3,560,520,560,520,20,2,250,450,15,317.844,-70.0985,-60,0,0,0,1,critical_zone,0,1
116,fence24,random_waypoint,3,560,520,560,520,20,3,250,550,15,311.488,-69.9231,-60,0,0,0,1,critical_zone,0,1
116,fence24,random_waypoint,3,560,520,560,520,20,4,250,650,15,336.192,-70.586,-60,0,0,0,1,critical_zone,0,1
116,fence24,random_waypoint,3,560,520,560,520,20,5,250,700,15,358.504,-71.1441,-60,0,0,0,1,critical_zone,0,1
116,fence24,random_waypoint,3,560,520,560,520,20,6,300,700,15,316.267,-70.0553,-60,0,0,0,1,critical_zone,0,1
116,fence24,random_waypoint,3,560,520,560,520,20,7,400,700,15,240.884,-67.6904,-60,0,0,0,1,critical_zone,0,1
116,fence24,random_waypoint,3,560,520,560,520,20,8,600,700,15,184.459,-65.3722,-60,0,0,0,1,critical_zone,0,1
116,fence24,random_waypoint,3,560,520,560,520,20,9,700,700,15,228.09,-67.2163,-60,0,0,0,1,critical_zone,0,1
116,fence24,random_waypoint,3,560,520,560,520,20,10,750,700,15,261.773,-68.4127,-60,0,0,0,1,critical_zone,0,1
116,fence24,random_waypoint,3,560,520,560,520,20,11,750,650,15,230.272,-67.299,-60,0,0,0,1,critical_zone,0,1
116,fence24,random_waypoint,3,560,520,560,520,20,12,750,550,15,192.419,-65.7392,-60,0,0,0,1,critical_zone,0,1
116,fence24,random_waypoint,3,560,520,560,520,20,13,750,450,15,202.546,-66.1847,-60,0,0,0,1,critical_zone,0,1
116,fence24,random_waypoint,3,560,520,560,520,20,14,750,350,15,255,-68.185,-60,0,0,0,1,critical_zone,0,1
116,fence24,random_waypoint,3,560,520,560,520,20,15,750,300,15,290.732,-69.3241,-60,0,0,0,1,critical_zone,0,1
116,fence24,random_waypoint,3,560,520,560,520,20,16,700,300,15,260.816,-68.3809,-60,0,0,0,1,critical_zone,0,1
116,fence24,random_waypoint,3,560,520,560,520,20,17,600,300,15,223.663,-67.0461,-60,0,0,0,1,critical_zone,0,1
116,fence24,random_waypoint,3,560,520,560,520,20,18,400,300,15,272.075,-68.748,-60,0,0,0,1,critical_zone,0,1
116,fence24,random_waypoint,3,560,520,560,520,20,19,300,300,15,340.624,-70.6997,-60,0,0,0,1,critical_zone,0,1
116,fence24,random_waypoint,3,560,520,560,520,20,20,300,500,15,260.816,-68.3809,-60,0,0,0,1,critical_zone,0,1
116,fence24,random_waypoint,3,560,520,560,520,20,21,500,350,15,180.347,-65.1764,-60,0,0,0,1,critical_zone,0,1
116,fence24,random_waypoint,3,560,520,560,520,20,22,700,500,15,141.51,-63.07,-60,0,0,0,1,critical_zone,0,1
116,fence24,random_waypoint,3,560,520,560,520,20,23,500,650,15,143.265,-63.1771,-60,0,0,0,1,critical_zone,0,1
117,fence24,random_waypoint,3,560,520,560,520,20,0,250,300,15,380.164,-71.6537,-60,0,0,0,1,critical_zone,0,1
117,fence24,random_waypoint,3,560,520,560,520,20,1,250,350,15,353.589,-71.0242,-60,0,0,0,1,critical_zone,0,1
117,fence24,random_waypoint,3,560,520,560,520,20,2,250,450,15,317.844,-70.0985,-60,0,0,0,1,critical_zone,0,1
117,fence24,random_waypoint,3,560,520,560,520,20,3,250,550,15,311.488,-69.9231,-60,0,0,0,1,critical_zone,0,1
117,fence24,random_waypoint,3,560,520,560,520,20,4,250,650,15,336.192,-70.586,-60,0,0,0,1,critical_zone,0,1
117,fence24,random_waypoint,3,560,520,560,520,20,5,250,700,15,358.504,-71.1441,-60,0,0,0,1,critical_zone,0,1
117,fence24,random_waypoint,3,560,520,560,520,20,6,300,700,15,316.267,-70.0553,-60,0,0,0,1,critical_zone,0,1
117,fence24,random_waypoint,3,560,520,560,520,20,7,400,700,15,240.884,-67.6904,-60,0,0,0,1,critical_zone,0,1
117,fence24,random_waypoint,3,560,520,560,520,20,8,600,700,15,184.459,-65.3722,-60,0,0,0,1,critical_zone,0,1
117,fence24,random_waypoint,3,560,520,560,520,20,9,700,700,15,228.09,-67.2163,-60,0,0,0,1,critical_zone,0,1
117,fence24,random_waypoint,3,560,520,560,520,20,10,750,700,15,261.773,-68.4127,-60,0,0,0,1,critical_zone,0,1
117,fence24,random_waypoint,3,560,520,560,520,20,11,750,650,15,230.272,-67.299,-60,0,0,0,1,critical_zone,0,1
117,fence24,random_waypoint,3,560,520,560,520,20,12,750,550,15,192.419,-65.7392,-60,0,0,0,1,critical_zone,0,1
117,fence24,random_waypoint,3,560,520,560,520,20,13,750,450,15,202.546,-66.1847,-60,0,0,0,1,critical_zone,0,1
117,fence24,random_waypoint,3,560,520,560,520,20,14,750,350,15,255,-68.185,-60,0,0,0,1,critical_zone,0,1
117,fence24,random_waypoint,3,560,520,560,520,20,15,750,300,15,290.732,-69.3241,-60,0,0,0,1,critical_zone,0,1
117,fence24,random_waypoint,3,560,520,560,520,20,16,700,300,15,260.816,-68.3809,-60,0,0,0,1,critical_zone,0,1
117,fence24,random_waypoint,3,560,520,560,520,20,17,600,300,15,223.663,-67.0461,-60,0,0,0,1,critical_zone,0,1
117,fence24,random_waypoint,3,560,520,560,520,20,18,400,300,15,272.075,-68.748,-60,0,0,0,1,critical_zone,0,1
117,fence24,random_waypoint,3,560,520,560,520,20,19,300,300,15,340.624,-70.6997,-60,0,0,0,1,critical_zone,0,1
117,fence24,random_waypoint,3,560,520,560,520,20,20,300,500,15,260.816,-68.3809,-60,0,0,0,1,critical_zone,0,1
117,fence24,random_waypoint,3,560,520,560,520,20,21,500,350,15,180.347,-65.1764,-60,0,0,0,1,critical_zone,0,1
117,fence24,random_waypoint,3,560,520,560,520,20,22,700,500,15,141.51,-63.07,-60,0,0,0,1,critical_zone,0,1
117,fence24,random_waypoint,3,560,520,560,520,20,23,500,650,15,143.265,-63.1771,-60,0,0,0,1,critical_zone,0,1
