time,sensor_layout,drone_path,random_seed,random_target_x,random_target_y,uav_x,uav_y,uav_z,sensor_id,sensor_x,sensor_y,sensor_z,distance,rx_power_dbm,threshold_dbm,detected,num_sensors_detecting,confirmed_detection,inside_prison,zone,time_to_boundary,alert_before_boundary
1,fence24,random_waypoint,2,560,520,99.752,851.269,20,0,250,300,15,571.399,-75.193,-60,0,0,0,0,early_warning_zone,37.0697,0
1,fence24,random_waypoint,2,560,520,99.752,851.269,20,1,250,350,15,523.326,-74.4297,-60,0,0,0,0,early_warning_zone,37.0697,0
1,fence24,random_waypoint,2,560,520,99.752,851.269,20,2,250,450,15,428.505,-72.6933,-60,0,0,0,0,early_warning_zone,37.0697,0
1,fence24,random_waypoint,2,560,520,99.752,851.269,20,3,250,550,15,336.693,-70.5989,-60,0,0,0,0,early_warning_zone,37.0697,0
1,fence24,random_waypoint,2,560,520,99.752,851.269,20,4,250,650,15,251.214,-68.0551,-60,0,0,0,0,early_warning_zone,37.0697,0
1,fence24,random_waypoint,2,560,520,99.752,851.269,20,5,250,700,15,213.264,-66.6326,-60,0,0,0,0,early_warning_zone,37.0697,0
1,fence24,random_waypoint,2,560,520,99.752,851.269,20,6,300,700,15,251.011,-68.0481,-60,0,0,0,0,early_warning_zone,37.0697,0
1,fence24,random_waypoint,2,560,520,99.752,851.269,20,7,400,700,15,336.238,-70.5872,-60,0,0,0,0,early_warning_zone,37.0697,0
1,fence24,random_waypoint,2,560,520,99.752,851.269,20,8,600,700,15,522.643,-74.4183,-60,0,0,0,0,early_warning_zone,37.0697,0
1,fence24,random_waypoint,2,560,520,99.752,851.269,20,9,700,700,15,619.035,-75.8885,-60,0,0,0,0,early_warning_zone,37.0697,0
1,fence24,random_waypoint,2,560,520,99.752,851.269,20,10,750,700,15,667.63,-76.5449,-60,0,0,0,0,early_warning_zone,37.0697,0
1,fence24,random_waypoint,2,560,520,99.752,851.269,20,11,750,650,15,680.703,-76.7134,-60,0,0,0,0,early_warning_zone,37.0697,0
1,fence24,random_waypoint,2,560,520,99.752,851.269,20,12,750,550,15,716.666,-77.1606,-60,0,0,0,0,early_warning_zone,37.0697,0
1,fence24,random_waypoint,2,560,520,99.752,851.269,20,13,750,450,15,764.11,-77.7173,-60,0,0,0,0,early_warning_zone,37.0697,0
1,fence24,random_waypoint,2,560,520,99.752,851.269,20,14,750,350,15,821.047,-78.3416,-60,0,0,0,0,early_warning_zone,37.0697,0
1,fence24,random_waypoint,2,560,520,99.752,851.269,20,15,750,300,15,852.493,-78.668,-60,0,0,0,0,early_warning_zone,37.0697,0
1,fence24,random_waypoint,2,560,520,99.752,851.269,20,16,700,300,15,814.997,-78.2773,-60,0,0,0,0,early_warning_zone,37.0697,0
1,fence24,random_waypoint,2,560,520,99.752,851.269,20,17,600,300,15,744.426,-77.4907,-60,0,0,0,0,early_warning_zone,37.0697,0
1,fence24,random_waypoint,2,560,520,99.752,851.269,20,18,400,300,15,627.751,-76.01,-60,0,0,0,0,early_warning_zone,37.0697,0
1,fence24,random_waypoint,2,560,520,99.752,851.269,20,19,300,300,15,586.534,-75.4201,-60,0,0,0,0,early_warning_zone,37.0697,0
1,fence24,random_waypoint,2,560,520,99.752,851.269,20,20,300,500,15,404.369,-72.1898,-60,0,0,0,0,early_warning_zone,37.0697,0
1,fence24,random_waypoint,2,560,520,99.752,851.269,20,21,500,350,15,641.478,-76.1979,-60,0,0,0,0,early_warning_zone,37.0697,0
1,fence24,random_waypoint,2,560,520,99.752,851.269,20,22,700,500,15,695.494,-76.9001,-60,0,0,0,0,early_warning_zone,37.0697,0
1,fence24,random_waypoint,2,560,520,99.752,851.269,20,23,500,650,15,448.032,-73.0804,-60,0,0,0,0,early_warning_zone,37.0697,0
2,fence24,random_waypoint,2,560,520,107.315,844.727,20,0,250,300,15,563.126,-75.0663,-60,0,0,0,0,early_warning_zone,36.0697,0
2,fence24,random_waypoint,2,560,520,107.315,844.727,20,1,250,350,15,514.916,-74.289,-60,0,0,0,0,early_warning_zone,36.0697,0
2,fence24,random_waypoint,2,560,520,107.315,844.727,20,2,250,450,15,419.754,-72.5141,-60,0,0,0,0,early_warning_zone,36.0697,0
2,fence24,random_waypoint,2,560,520,107.315,844.727,20,3,250,550,15,327.487,-70.3581,-60,0,0,0,0,early_warning_zone,36.0697,0
2,fence24,random_waypoint,2,560,520,107.315,844.727,20,4,250,650,15,241.459,-67.7111,-60,0,0,0,0,early_warning_zone,36.0697,0
2,fence24,random_waypoint,2,560,520,107.315,844.727,20,5,250,700,15,203.297,-66.2169,-60,0,0,0,0,early_warning_zone,36.0697,0
2,fence24,random_waypoint,2,560,520,107.315,844.727,20,6,300,700,15,241.036,-67.6959,-60,0,0,0,0,early_warning_zone,36.0697,0
2,fence24,random_waypoint,2,560,520,107.315,844.727,20,7,400,700,15,326.551,-70.3332,-60,0,0,0,0,early_warning_zone,36.0697,0
2,fence24,random_waypoint,2,560,520,107.315,844.727,20,8,600,700,15,513.526,-74.2655,-60,0,0,0,0,early_warning_zone,36.0697,0
2,fence24,random_waypoint,2,560,520,107.315,844.727,20,9,700,700,15,610.12,-75.7625,-60,0,0,0,0,early_warning_zone,36.0697,0
2,fence24,random_waypoint,2,560,520,107.315,844.727,20,10,750,700,15,658.798,-76.4293,-60,0,0,0,0,early_warning_zone,36.0697,0
2,fence24,random_waypoint,2,560,520,107.315,844.727,20,11,750,650,15,671.556,-76.5959,-60,0,0,0,0,early_warning_zone,36.0697,0
2,fence24,random_waypoint,2,560,520,107.315,844.727,20,12,750,550,15,707.059,-77.0433,-60,0,0,0,0,early_warning_zone,36.0697,0
2,fence24,random_waypoint,2,560,520,107.315,844.727,20,13,750,450,15,754.24,-77.6044,-60,0,0,0,0,early_warning_zone,36.0697,0
2,fence24,random_waypoint,2,560,520,107.315,844.727,20,14,750,350,15,811.063,-78.2353,-60,0,0,0,0,early_warning_zone,36.0697,0
2,fence24,random_waypoint,2,560,520,107.315,844.727,20,15,750,300,15,842.494,-78.5656,-60,0,0,0,0,early_warning_zone,36.0697,0
2,fence24,random_waypoint,2,560,520,107.315,844.727,20,16,700,300,15,805.002,-78.1702,-60,0,0,0,0,early_warning_zone,36.0697,0
2,fence24,random_waypoint,2,560,520,107.315,844.727,20,17,600,300,15,734.5,-77.3741,-60,0,0,0,0,early_warning_zone,36.0697,0
2,fence24,random_waypoint,2,560,520,107.315,844.727,20,18,400,300,15,618.399,-75.8796,-60,0,0,0,0,early_warning_zone,36.0697,0
2,fence24,random_waypoint,2,560,520,107.315,844.727,20,19,300,300,15,577.823,-75.2901,-60,0,0,0,0,early_warning_zone,36.0697,0
2,fence24,random_waypoint,2,560,520,107.315,844.727,20,20,300,500,15,394.954,-71.9852,-60,0,0,0,0,early_warning_zone,36.0697,0
2,fence24,random_waypoint,2,560,520,107.315,844.727,20,21,500,350,15,631.649,-76.0637,-60,0,0,0,0,early_warning_zone,36.0697,0
2,fence24,random_waypoint,2,560,520,107.315,844.727,20,22,700,500,15,685.665,-76.7765,-60,0,0,0,0,early_warning_zone,36.0697,0
2,fence24,random_waypoint,2,560,520,107.315,844.727,20,23,500,650,15,438.343,-72.8905,-60,0,0,0,0,early_warning_zone,36.0697,0
3,fence24,random_waypoint,2,560,520,114.878,838.185,20,0,250,300,15,554.91,-74.9387,-60,0,0,0,0,early_warning_zone,35.0697,0
3,fence24,random_waypoint,2,560,520,114.878,838.185,20,1,250,350,15,506.564,-74.1469,-60,0,0,0,0,early_warning_zone,35.0697,0
3,fence24,random_waypoint,2,560,520,114.878,838.185,20,2,250,450,15,411.06,-72.3323,-60,0,0,0,0,early_warning_zone,35.0697,0
3,fence24,random_waypoint,2,560,520,114.878,838.185,20,3,250,550,15,318.329,-70.1117,-60,0,0,0,0,early_warning_zone,35.0697,0
3,fence24,random_waypoint,2,560,520,114.878,838.185,20,4,250,650,15,231.725,-67.3537,-60,0,0,0,0,early_warning_zone,35.0697,0
3,fence24,random_waypoint,2,560,520,114.878,838.185,20,5,250,700,15,193.334,-65.7804,-60,0,0,0,0,early_warning_zone,35.0697,0
3,fence24,random_waypoint,2,560,520,114.878,838.185,20,6,300,700,15,231.063,-67.3288,-60,0,0,0,0,early_warning_zone,35.0697,0
3,fence24,random_waypoint,2,560,520,114.878,838.185,20,7,400,700,15,316.882,-70.0722,-60,0,0,0,0,early_warning_zone,35.0697,0
3,fence24,random_waypoint,2,560,520,114.878,838.185,20,8,600,700,15,504.443,-74.1105,-60,0,0,0,0,early_warning_zone,35.0697,0
3,fence24,random_waypoint,2,560,520,114.878,838.185,20,9,700,700,15,601.238,-75.6352,-60,0,0,0,0,early_warning_zone,35.0697,0
3,fence24,random_waypoint,2,560,520,114.878,838.185,20,10,750,700,15,650,-76.3125,-60,0,0,0,0,early_warning_zone,35.0697,0
3,fence24,random_waypoint,2,560,520,114.878,838.185,20,11,750,650,15,662.433,-76.4771,-60,0,0,0,0,early_warning_zone,35.0697,0
3,fence24,random_waypoint,2,560,520,114.878,838.185,20,12,750,550,15,697.463,-76.9247,-60,0,0,0,0,early_warning_zone,35.0697,0
3,fence24,random_waypoint,2,560,520,114.878,838.185,20,13,750,450,15,744.374,-77.49,-60,0,0,0,0,early_warning_zone,35.0697,0
3,fence24,random_waypoint,2,560,520,114.878,838.185,20,14,750,350,15,801.08,-78.1277,-60,0,0,0,0,early_warning_zone,35.0697,0
3,fence24,random_waypoint,2,560,520,114.878,838.185,20,15,750,300,15,832.495,-78.4619,-60,0,0,0,0,early_warning_zone,35.0697,0
3,fence24,random_waypoint,2,560,520,114.878,838.185,20,16,700,300,15,795.006,-78.0616,-60,0,0,0,0,early_warning_zone,35.0697,0
3,fence24,random_waypoint,2,560,520,114.878,838.185,20,17,600,300,15,724.576,-77.2559,-60,0,0,0,0,early_warning_zone,35.0697,0
3,fence24,random_waypoint,2,560,520,114.878,838.185,20,18,400,300,15,609.067,-75.7475,-60,0,0,0,0,early_warning_zone,35.0697,0
3,fence24,random_waypoint,2,560,520,114.878,838.185,20,19,300,300,15,569.155,-75.1588,-60,0,0,0,0,early_warning_zone,35.0697,0
3,fence24,random_waypoint,2,560,520,114.878,838.185,20,20,300,500,15,385.57,-71.7763,-60,0,0,0,0,early_warning_zone,35.0697,0
3,fence24,random_waypoint,2,560,520,114.878,838.185,20,21,500,350,15,621.826,-75.9276,-60,0,0,0,0,early_warning_zone,35.0697,0
3,fence24,random_waypoint,2,560,520,114.878,838.185,20,22,700,500,15,675.841,-76.6511,-60,0,0,0,0,early_warning_zone,35.0697,0
3,fence24,random_waypoint,2,560,520,114.878,838.185,20,23,500,650,15,428.669,-72.6967,-60,0,0,0,0,early_warning_zone,35.0697,0
4,fence24,random_waypoint,2,560,520,122.441,831.643,20,0,250,300,15,546.754,-74.8101,-60,0,0,0,0,early_warning_zone,34.0697,0
4,fence24,random_waypoint,2,560,520,122.441,831.643,20,1,250,350,15,498.273,-74.0036,-60,0,0,0,0,early_warning_zone,34.0697,0
4,fence24,random_waypoint,2,560,520,122.441,831.643,20,2,250,450,15,402.427,-72.148,-60,0,0,0,0,early_warning_zone,34.0697,0
4,fence24,random_waypoint,2,560,520,122.441,831.643,20,3,250,550,15,309.223,-69.8597,-60,0,0,0,0,early_warning_zone,34.0697,0
4,fence24,random_waypoint,2,560,520,122.441,831.643,20,4,250,650,15,222.014,-66.9818,-60,0,0,0,0,early_warning_zone,34.0697,0
4,fence24,random_waypoint,2,560,520,122.441,831.643,20,5,250,700,15,183.374,-65.321,-60,0,0,0,0,early_warning_zone,34.0697,0
4,fence24,random_waypoint,2,560,520,122.441,831.643,20,6,300,700,15,221.092,-66.9457,-60,0,0,0,0,early_warning_zone,34.0697,0
4,fence24,random_waypoint,2,560,520,122.441,831.643,20,7,400,700,15,307.235,-69.8036,-60,0,0,0,0,early_warning_zone,34.0697,0
4,fence24,random_waypoint,2,560,520,122.441,831.643,20,8,600,700,15,495.396,-73.9533,-60,0,0,0,0,early_warning_zone,34.0697,0
4,fence24,random_waypoint,2,560,520,122.441,831.643,20,9,700,700,15,592.392,-75.5064,-60,0,0,0,0,early_warning_zone,34.0697,0
4,fence24,random_waypoint,2,560,520,122.441,831.643,20,10,750,700,15,641.237,-76.1946,-60,0,0,0,0,early_warning_zone,34.0697,0
4,fence24,random_waypoint,2,560,520,122.441,831.643,20,11,750,650,15,653.337,-76.357,-60,0,0,0,0,early_warning_zone,34.0697,0
4,fence24,random_waypoint,2,560,520,122.441,831.643,20,12,750,550,15,687.879,-76.8045,-60,0,0,0,0,early_warning_zone,34.0697,0
4,fence24,random_waypoint,2,560,520,122.441,831.643,20,13,750,450,15,734.511,-77.3742,-60,0,0,0,0,early_warning_zone,34.0697,0
4,fence24,random_waypoint,2,560,520,122.441,831.643,20,14,750,350,15,791.097,-78.0188,-60,0,0,0,0,early_warning_zone,34.0697,0
4,fence24,random_waypoint,2,560,520,122.441,831.643,20,15,750,300,15,822.495,-78.3569,-60,0,0,0,0,early_warning_zone,34.0697,0
4,fence24,random_waypoint,2,560,520,122.441,831.643,20,16,700,300,15,785.011,-77.9517,-60,0,0,0,0,early_warning_zone,34.0697,0
4,fence24,random_waypoint,2,560,520,122.441,831.643,20,17,600,300,15,714.655,-77.1361,-60,0,0,0,0,early_warning_zone,34.0697,0
4,fence24,random_waypoint,2,560,520,122.441,831.643,20,18,400,300,15,599.756,-75.6137,-60,0,0,0,0,early_warning_zone,34.0697,0
4,fence24,random_waypoint,2,560,520,122.441,831.643,20,19,300,300,15,560.532,-75.0262,-60,0,0,0,0,early_warning_zone,34.0697,0
4,fence24,random_waypoint,2,560,520,122.441,831.643,20,20,300,500,15,376.216,-71.563,-60,0,0,0,0,early_warning_zone,34.0697,0
4,fence24,random_waypoint,2,560,520,122.441,831.643,20,21,500,350,15,612.009,-75.7894,-60,0,0,0,0,early_warning_zone,34.0697,0
4,fence24,random_waypoint,2,560,520,122.441,831.643,20,22,700,500,15,666.022,-76.524,-60,0,0,0,0,early_warning_zone,34.0697,0
4,fence24,random_waypoint,2,560,520,122.441,831.643,20,23,500,650,15,419.01,-72.4987,-60,0,0,0,0,early_warning_zone,34.0697,0
5,fence24,random_waypoint,2,560,520,130.004,825.1,20,0,250,300,15,538.66,-74.6805,-60,0,0,0,0,early_warning_zone,33.0697,0
5,fence24,random_waypoint,2,560,520,130.004,825.1,20,1,250,350,15,490.045,-73.8589,-60,0,0,0,0,early_warning_zone,33.0697,0
5,fence24,random_waypoint,2,560,520,130.004,825.1,20,2,250,450,15,393.858,-71.961,-60,0,0,0,0,early_warning_zone,33.0697,0
5,fence24,random_waypoint,2,560,520,130.004,825.1,20,3,250,550,15,300.174,-69.6017,-60,0,0,0,0,early_warning_zone,33.0697,0
5,fence24,random_waypoint,2,560,520,130.004,825.1,20,4,250,650,15,212.33,-66.5945,-60,0,0,0,0,early_warning_zone,33.0697,0
5,fence24,random_waypoint,2,560,520,130.004,825.1,20,5,250,700,15,173.419,-64.8361,-60,0,0,0,0,early_warning_zone,33.0697,0
5,fence24,random_waypoint,2,560,520,130.004,825.1,20,6,300,700,15,211.125,-66.545,-60,0,0,0,0,early_warning_zone,33.0697,0
5,fence24,random_waypoint,2,560,520,130.004,825.1,20,7,400,700,15,297.612,-69.5272,-60,0,0,0,0,early_warning_zone,33.0697,0
5,fence24,random_waypoint,2,560,520,130.004,825.1,20,8,600,700,15,486.386,-73.7938,-60,0,0,0,0,early_warning_zone,33.0697,0
5,fence24,random_waypoint,2,560,520,130.004,825.1,20,9,700,700,15,583.584,-75.3763,-60,0,0,0,0,early_warning_zone,33.0697,0
5,fence24,random_waypoint,2,560,520,130.004,825.1,20,10,750,700,15,632.511,-76.0756,-60,0,0,0,0,early_warning_zone,33.0697,0
5,fence24,random_waypoint,2,560,520,130.004,825.1,20,11,750,650,15,644.267,-76.2355,-60,0,0,0,0,early_warning_zone,33.0697,0
5,fence24,random_waypoint,2,560,520,130.004,825.1,20,12,750,550,15,678.307,-76.6827,-60,0,0,0,0,early_warning_zone,33.0697,0
5,fence24,random_waypoint,2,560,520,130.004,825.1,20,13,750,450,15,724.652,-77.2568,-60,0,0,0,0,early_warning_zone,33.0697,0
5,fence24,random_waypoint,2,560,520,130.004,825.1,20,14,750,350,15,781.115,-77.9085,-60,0,0,0,0,early_warning_zone,33.0697,0
5,fence24,random_waypoint,2,560,520,130.004,825.1,20,15,750,300,15,812.496,-78.2507,-60,0,0,0,0,early_warning_zone,33.0697,0
5,fence24,random_waypoint,2,560,520,130.004,825.1,20,16,700,300,15,775.016,-77.8404,-60,0,0,0,0,early_warning_zone,33.0697,0
5,fence24,random_waypoint,2,560,520,130.004,825.1,20,17,600,300,15,704.735,-77.0147,-60,0,0,0,0,early_warning_zone,33.0697,0
5,fence24,random_waypoint,2,560,520,130.004,825.1,20,18,400,300,15,590.468,-75.4782,-60,0,0,0,0,early_warning_zone,33.0697,0
5,fence24,random_waypoint,2,560,520,130.004,825.1,20,19,300,300,15,551.955,-74.8923,-60,0,0,0,0,early_warning_zone,33.0697,0
5,fence24,random_waypoint,2,560,520,130.004,825.1,20,20,300,500,15,366.897,-71.3451,-60,0,0,0,0,early_warning_zone,33.0697,0
5,fence24,random_waypoint,2,560,520,130.004,825.1,20,21,500,350,15,602.198,-75.649,-60,0,0,0,0,early_warning_zone,33.0697,0
5,fence24,random_waypoint,2,560,520,130.004,825.1,20,22,700,500,15,656.209,-76.3951,-60,0,0,0,0,early_warning_zone,33.0697,0
5,fence24,random_waypoint,2,560,520,130.004,825.1,20,23,500,650,15,409.368,-72.2965,-60,0,0,0,0,early_warning_zone,33.0697,0
6,fence24,random_waypoint,2,560,520,137.568,818.558,20,0,250,300,15,530.631,-74.5501,-60,0,0,0,0,early_warning_zone,32.0697,0
6,fence24,random_waypoint,2,560,520,137.568,818.558,20,1,250,350,15,481.885,-73.7131,-60,0,0,0,0,early_warning_zone,32.0697,0
6,fence24,random_waypoint,2,560,520,137.568,818.558,20,2,250,450,15,385.359,-71.7715,-60,0,0,0,0,early_warning_zone,32.0697,0
6,fence24,random_waypoint,2,560,520,137.568,818.558,20,3,250,550,15,291.187,-69.3377,-60,0,0,0,0,early_warning_zone,32.0697,0
6,fence24,random_waypoint,2,560,520,137.568,818.558,20,4,250,650,15,202.677,-66.1903,-60,0,0,0,0,early_warning_zone,32.0697,0
6,fence24,random_waypoint,2,560,520,137.568,818.558,20,5,250,700,15,163.469,-64.3229,-60,0,0,0,0,early_warning_zone,32.0697,0
6,fence24,random_waypoint,2,560,520,137.568,818.558,20,6,300,700,15,201.16,-66.1251,-60,0,0,0,0,early_warning_zone,32.0697,0
6,fence24,random_waypoint,2,560,520,137.568,818.558,20,7,400,700,15,288.014,-69.2425,-60,0,0,0,0,early_warning_zone,32.0697,0
6,fence24,random_waypoint,2,560,520,137.568,818.558,20,8,600,700,15,477.415,-73.6321,-60,0,0,0,0,early_warning_zone,32.0697,0
6,fence24,random_waypoint,2,560,520,137.568,818.558,20,9,700,700,15,574.814,-75.2448,-60,0,0,0,0,early_warning_zone,32.0697,0
6,fence24,random_waypoint,2,560,520,137.568,818.558,20,10,750,700,15,623.823,-75.9554,-60,0,0,0,0,early_warning_zone,32.0697,0
6,fence24,random_waypoint,2,560,520,137.568,818.558,20,11,750,650,15,635.225,-76.1128,-60,0,0,0,0,early_warning_zone,32.0697,0
6,fence24,random_waypoint,2,560,520,137.568,818.558,20,12,750,550,15,668.747,-76.5595,-60,0,0,0,0,early_warning_zone,32.0697,0
6,fence24,random_waypoint,2,560,520,137.568,818.558,20,13,750,450,15,714.796,-77.1379,-60,0,0,0,0,early_warning_zone,32.0697,0
6,fence24,random_waypoint,2,560,520,137.568,818.558,20,14,750,350,15,771.133,-77.7968,-60,0,0,0,0,early_warning_zone,32.0697,0
6,fence24,random_waypoint,2,560,520,137.568,818.558,20,15,750,300,15,802.497,-78.1431,-60,0,0,0,0,early_warning_zone,32.0697,0
6,fence24,random_waypoint,2,560,520,137.568,818.558,20,16,700,300,15,765.022,-77.7277,-60,0,0,0,0,early_warning_zone,32.0697,0
6,fence24,random_waypoint,2,560,520,137.568,818.558,20,17,600,300,15,694.818,-76.8916,-60,0,0,0,0,early_warning_zone,32.0697,0
6,fence24,random_waypoint,2,560,520,137.568,818.558,20,18,400,300,15,581.204,-75.3408,-60,0,0,0,0,early_warning_zone,32.0697,0
6,fence24,random_waypoint,2,560,520,137.568,818.558,20,19,300,300,15,543.426,-74.757,-60,0,0,0,0,early_warning_zone,32.0697,0
6,fence24,random_waypoint,2,560,520,137.568,818.558,20,20,300,500,15,357.615,-71.1225,-60,0,0,0,0,early_warning_zone,32.0697,0
6,fence24,random_waypoint,2,560,520,137.568,818.558,20,21,500,350,15,592.393,-75.5064,-60,0,0,0,0,early_warning_zone,32.0697,0
6,fence24,random_waypoint,2,560,520,137.568,818.558,20,22,700,500,15,646.401,-76.2643,-60,0,0,0,0,early_warning_zone,32.0697,0
6,fence24,random_waypoint,2,560,520,137.568,818.558,20,23,500,650,15,399.743,-72.0898,-60,0,0,0,0,early_warning_zone,32.0697,0
7,fence24,random_waypoint,2,560,520,145.131,812.016,20,0,250,300,15,522.669,-74.4188,-60,0,0,0,0,early_warning_zone,31.0697,0
7,fence24,random_waypoint,2,560,520,145.131,812.016,20,1,250,350,15,473.795,-73.566,-60,0,0,0,0,early_warning_zone,31.0697,0
7,fence24,random_waypoint,2,560,520,145.131,812.016,20,2,250,450,15,376.933,-71.5795,-60,0,0,0,0,early_warning_zone,31.0697,0
7,fence24,random_waypoint,2,560,520,145.131,812.016,20,3,250,550,15,282.268,-69.0674,-60,0,0,0,0,early_warning_zone,31.0697,0
7,fence24,random_waypoint,2,560,520,145.131,812.016,20,4,250,650,15,193.059,-65.768,-60,0,0,0,0,early_warning_zone,31.0697,0
7,fence24,random_waypoint,2,560,520,145.131,812.016,20,5,250,700,15,153.526,-63.7779,-60,0,0,0,0,early_warning_zone,31.0697,0
7,fence24,random_waypoint,2,560,520,145.131,812.016,20,6,300,700,15,191.199,-65.6839,-60,0,0,0,0,early_warning_zone,31.0697,0
7,fence24,random_waypoint,2,560,520,145.131,812.016,20,7,400,700,15,278.444,-68.949,-60,0,0,0,0,early_warning_zone,31.0697,0
7,fence24,random_waypoint,2,560,520,145.131,812.016,20,8,600,700,15,468.486,-73.4681,-60,0,0,0,0,early_warning_zone,31.0697,0
7,fence24,random_waypoint,2,560,520,145.131,812.016,20,9,700,700,15,566.085,-75.1119,-60,0,0,0,0,early_warning_zone,31.0697,0
7,fence24,random_waypoint,2,560,520,145.131,812.016,20,10,750,700,15,615.174,-75.8342,-60,0,0,0,0,early_warning_zone,31.0697,0
7,fence24,random_waypoint,2,560,520,145.131,812.016,20,11,750,650,15,626.212,-75.9886,-60,0,0,0,0,early_warning_zone,31.0697,0
7,fence24,random_waypoint,2,560,520,145.131,812.016,20,12,750,550,15,659.2,-76.4346,-60,0,0,0,0,early_warning_zone,31.0697,0
7,fence24,random_waypoint,2,560,520,145.131,812.016,20,13,750,450,15,704.945,-77.0173,-60,0,0,0,0,early_warning_zone,31.0697,0
7,fence24,random_waypoint,2,560,520,145.131,812.016,20,14,750,350,15,761.151,-77.6836,-60,0,0,0,0,early_warning_zone,31.0697,0
7,fence24,random_waypoint,2,560,520,145.131,812.016,20,15,750,300,15,792.498,-78.0342,-60,0,0,0,0,early_warning_zone,31.0697,0
7,fence24,random_waypoint,2,560,520,145.131,812.016,20,16,700,300,15,755.027,-77.6135,-60,0,0,0,0,early_warning_zone,31.0697,0
7,fence24,random_waypoint,2,560,520,145.131,812.016,20,17,600,300,15,684.903,-76.7668,-60,0,0,0,0,early_warning_zone,31.0697,0
7,fence24,random_waypoint,2,560,520,145.131,812.016,20,18,400,300,15,571.965,-75.2016,-60,0,0,0,0,early_warning_zone,31.0697,0
7,fence24,random_waypoint,2,560,520,145.131,812.016,20,19,300,300,15,534.949,-74.6205,-60,0,0,0,0,early_warning_zone,31.0697,0
7,fence24,random_waypoint,2,560,520,145.131,812.016,20,20,300,500,15,348.373,-70.8951,-60,0,0,0,0,early_warning_zone,31.0697,0
7,fence24,random_waypoint,2,560,520,145.131,812.016,20,21,500,350,15,582.594,-75.3616,-60,0,0,0,0,early_warning_zone,31.0697,0
7,fence24,random_waypoint,2,560,520,145.131,812.016,20,22,700,500,15,636.6,-76.1316,-60,0,0,0,0,early_warning_zone,31.0697,0
7,fence24,random_waypoint,2,560,520,145.131,812.016,20,23,500,650,15,390.137,-71.8786,-60,0,0,0,0,early_warning_zone,31.0697,0
8,fence24,random_waypoint,2,560,520,152.694,805.474,20,0,250,300,15,514.779,-74.2866,-60,0,0,0,0,early_warning_zone,30.0697,0
8,fence24,random_waypoint,2,560,520,152.694,805.474,20,1,250,350,15,465.779,-73.4178,-60,0,0,0,0,early_warning_zone,30.0697,0
8,fence24,random_waypoint,2,560,520,152.694,805.474,20,2,250,450,15,368.585,-71.385,-60,0,0,0,0,early_warning_zone,30.0697,0
8,fence24,random_waypoint,2,560,520,152.694,805.474,20,3,250,550,15,273.424,-68.7909,-60,0,0,0,0,early_warning_zone,30.0697,0
8,fence24,random_waypoint,2,560,520,152.694,805.474,20,4,250,650,15,183.482,-65.3261,-60,0,0,0,0,early_warning_zone,30.0697,0
8,fence24,random_waypoint,2,560,520,152.694,805.474,20,5,250,700,15,143.591,-63.1967,-60,0,0,0,0,early_warning_zone,30.0697,0
8,fence24,random_waypoint,2,560,520,152.694,805.474,20,6,300,700,15,181.243,-65.2194,-60,0,0,0,0,early_warning_zone,30.0697,0
8,fence24,random_waypoint,2,560,520,152.694,805.474,20,7,400,700,15,268.905,-68.6462,-60,0,0,0,0,early_warning_zone,30.0697,0
8,fence24,random_waypoint,2,560,520,152.694,805.474,20,8,600,700,15,459.601,-73.3018,-60,0,0,0,0,early_warning_zone,30.0697,0
8,fence24,random_waypoint,2,560,520,152.694,805.474,20,9,700,700,15,557.399,-74.9776,-60,0,0,0,0,early_warning_zone,30.0697,0
8,fence24,random_waypoint,2,560,520,152.694,805.474,20,10,750,700,15,606.568,-75.7118,-60,0,0,0,0,early_warning_zone,30.0697,0
8,fence24,random_waypoint,2,560,520,152.694,805.474,20,11,750,650,15,617.229,-75.8632,-60,0,0,0,0,early_warning_zone,30.0697,0
8,fence24,random_waypoint,2,560,520,152.694,805.474,20,12,750,550,15,649.667,-76.308,-60,0,0,0,0,early_warning_zone,30.0697,0
8,fence24,random_waypoint,2,560,520,152.694,805.474,20,13,750,450,15,695.098,-76.8951,-60,0,0,0,0,early_warning_zone,30.0697,0
8,fence24,random_waypoint,2,560,520,152.694,805.474,20,14,750,350,15,751.17,-77.569,-60,0,0,0,0,early_warning_zone,30.0697,0
8,fence24,random_waypoint,2,560,520,152.694,805.474,20,15,750,300,15,782.498,-77.9239,-60,0,0,0,0,early_warning_zone,30.0697,0
8,fence24,random_waypoint,2,560,520,152.694,805.474,20,16,700,300,15,745.032,-77.4977,-60,0,0,0,0,early_warning_zone,30.0697,0
8,fence24,random_waypoint,2,560,520,152.694,805.474,20,17,600,300,15,674.99,-76.6402,-60,0,0,0,0,early_warning_zone,30.0697,0
8,fence24,random_waypoint,2,560,520,152.694,805.474,20,18,400,300,15,562.752,-75.0606,-60,0,0,0,0,early_warning_zone,30.0697,0
8,fence24,random_waypoint,2,560,520,152.694,805.474,20,19,300,300,15,526.525,-74.4826,-60,0,0,0,0,early_warning_zone,30.0697,0
8,fence24,random_waypoint,2,560,520,152.694,805.474,20,20,300,500,15,339.173,-70.6627,-60,0,0,0,0,early_warning_zone,30.0697,0
8,fence24,random_waypoint,2,560,520,152.694,805.474,20,21,500,350,15,572.803,-75.2143,-60,0,0,0,0,early_warning_zone,30.0697,0
8,fence24,random_waypoint,2,560,520,152.694,805.474,20,22,700,500,15,626.804,-75.9969,-60,0,0,0,0,early_warning_zone,30.0697,0
8,fence24,random_waypoint,2,560,520,152.694,805.474,20,23,500,650,15,380.551,-71.6625,-60,0,0,0,0,early_warning_zone,30.0697,0
9,fence24,random_waypoint,2,560,520,160.257,798.932,20,0,250,300,15,506.963,-74.1538,-60,0,0,0,0,early_warning_zone,29.0697,0
9,fence24,random_waypoint,2,560,520,160.257,798.932,20,1,250,350,15,457.841,-73.2685,-60,0,0,0,0,early_warning_zone,29.0697,0
9,fence24,random_waypoint,2,560,520,160.257,798.932,20,2,250,450,15,360.322,-71.1881,-60,0,0,0,0,early_warning_zone,29.0697,0
9,fence24,random_waypoint,2,560,520,160.257,798.932,20,3,250,550,15,264.662,-68.5081,-60,0,0,0,0,early_warning_zone,29.0697,0
9,fence24,random_waypoint,2,560,520,160.257,798.932,20,4,250,650,15,173.953,-64.8628,-60,0,0,0,0,early_warning_zone,29.0697,0
9,fence24,random_waypoint,2,560,520,160.257,798.932,20,5,250,700,15,133.665,-62.5746,-60,0,0,0,0,early_warning_zone,29.0697,0
9,fence24,random_waypoint,2,560,520,160.257,798.932,20,6,300,700,15,171.291,-64.7289,-60,0,0,0,0,early_warning_zone,29.0697,0
9,fence24,random_waypoint,2,560,520,160.257,798.932,20,7,400,700,15,259.402,-68.3337,-60,0,0,0,0,early_warning_zone,29.0697,0
9,fence24,random_waypoint,2,560,520,160.257,798.932,20,8,600,700,15,450.762,-73.1332,-60,0,0,0,0,early_warning_zone,29.0697,0
9,fence24,random_waypoint,2,560,520,160.257,798.932,20,9,700,700,15,548.758,-74.8418,-60,0,0,0,0,early_warning_zone,29.0697,0
9,fence24,random_waypoint,2,560,520,160.257,798.932,20,10,750,700,15,598.005,-75.5883,-60,0,0,0,0,early_warning_zone,29.0697,0
9,fence24,random_waypoint,2,560,520,160.257,798.932,20,11,750,650,15,608.278,-75.7363,-60,0,0,0,0,early_warning_zone,29.0697,0
9,fence24,random_waypoint,2,560,520,160.257,798.932,20,12,750,550,15,640.148,-76.1798,-60,0,0,0,0,early_warning_zone,29.0697,0
9,fence24,random_waypoint,2,560,520,160.257,798.932,20,13,750,450,15,685.256,-76.7713,-60,0,0,0,0,early_warning_zone,29.0697,0
9,fence24,random_waypoint,2,560,520,160.257,798.932,20,14,750,350,15,741.189,-77.4528,-60,0,0,0,0,early_warning_zone,29.0697,0
9,fence24,random_waypoint,2,560,520,160.257,798.932,20,15,750,300,15,772.499,-77.8122,-60,0,0,0,0,early_warning_zone,29.0697,0
9,fence24,random_waypoint,2,560,520,160.257,798.932,20,16,700,300,15,735.038,-77.3804,-60,0,0,0,0,early_warning_zone,29.0697,0
9,fence24,random_waypoint,2,560,520,160.257,798.932,20,17,600,300,15,665.08,-76.5117,-60,0,0,0,0,early_warning_zone,29.0697,0
9,fence24,random_waypoint,2,560,520,160.257,798.932,20,18,400,300,15,553.566,-74.9176,-60,0,0,0,0,early_warning_zone,29.0697,0
9,fence24,random_waypoint,2,560,520,160.257,798.932,20,19,300,300,15,518.156,-74.3434,-60,0,0,0,0,early_warning_zone,29.0697,0
9,fence24,random_waypoint,2,560,520,160.257,798.932,20,20,300,500,15,330.02,-70.425,-60,0,0,0,0,early_warning_zone,29.0697,0
9,fence24,random_waypoint,2,560,520,160.257,798.932,20,21,500,350,15,563.019,-75.0647,-60,0,0,0,0,early_warning_zone,29.0697,0
9,fence24,random_waypoint,2,560,520,160.257,798.932,20,22,700,500,15,617.015,-75.8601,-60,0,0,0,0,early_warning_zone,29.0697,0
9,fence24,random_waypoint,2,560,520,160.257,798.932,20,23,500,650,15,370.987,-71.4414,-60,0,0,0,0,early_warning_zone,29.0697,0
10,fence24,random_waypoint,2,560,520,167.82,792.39,20,0,250,300,15,499.226,-74.0202,-60,0,0,0,0,early_warning_zone,28.0697,0
10,fence24,random_waypoint,2,560,520,167.82,792.39,20,1,250,350,15,449.986,-73.1182,-60,0,0,0,0,early_warning_zone,28.0697,0
10,fence24,random_waypoint,2,560,520,167.82,792.39,20,2,250,450,15,352.15,-70.9888,-60,0,0,0,0,early_warning_zone,28.0697,0
10,fence24,random_waypoint,2,560,520,167.82,792.39,20,3,250,550,15,255.991,-68.2187,-60,0,0,0,0,early_warning_zone,28.0697,0
10,fence24,random_waypoint,2,560,520,167.82,792.39,20,4,250,650,15,164.479,-64.3764,-60,0,0,0,0,early_warning_zone,28.0697,0
10,fence24,random_waypoint,2,560,520,167.82,792.39,20,5,250,700,15,123.751,-61.9052,-60,0,0,0,0,early_warning_zone,28.0697,0
10,fence24,random_waypoint,2,560,520,167.82,792.39,20,6,300,700,15,161.346,-64.2094,-60,0,0,0,0,early_warning_zone,28.0697,0
10,fence24,random_waypoint,2,560,520,167.82,792.39,20,7,400,700,15,249.937,-68.0108,-60,0,0,0,0,early_warning_zone,28.0697,0
10,fence24,random_waypoint,2,560,520,167.82,792.39,20,8,600,700,15,441.973,-72.9621,-60,0,0,0,0,early_warning_zone,28.0697,0
10,fence24,random_waypoint,2,560,520,167.82,792.39,20,9,700,700,15,540.163,-74.7047,-60,0,0,0,0,early_warning_zone,28.0697,0
10,fence24,random_waypoint,2,560,520,167.82,792.39,20,10,750,700,15,589.487,-75.4637,-60,0,0,0,0,early_warning_zone,28.0697,0
10,fence24,random_waypoint,2,560,520,167.82,792.39,20,11,750,650,15,599.361,-75.608,-60,0,0,0,0,early_warning_zone,28.0697,0
10,fence24,random_waypoint,2,560,520,167.82,792.39,20,12,750,550,15,630.644,-76.0499,-60,0,0,0,0,early_warning_zone,28.0697,0
10,fence24,random_waypoint,2,560,520,167.82,792.39,20,13,750,450,15,675.418,-76.6457,-60,0,0,0,0,early_warning_zone,28.0697,0
10,fence24,random_waypoint,2,560,520,167.82,792.39,20,14,750,350,15,731.209,-77.3351,-60,0,0,0,0,early_warning_zone,28.0697,0
10,fence24,random_waypoint,2,560,520,167.82,792.39,20,15,750,300,15,762.5,-77.699,-60,0,0,0,0,early_warning_zone,28.0697,0
10,fence24,random_waypoint,2,560,520,167.82,792.39,20,16,700,300,15,725.044,-77.2615,-60,0,0,0,0,early_warning_zone,28.0697,0
10,fence24,random_waypoint,2,560,520,167.82,792.39,20,17,600,300,15,655.173,-76.3814,-60,0,0,0,0,early_warning_zone,28.0697,0
10,fence24,random_waypoint,2,560,520,167.82,792.39,20,18,400,300,15,544.408,-74.7727,-60,0,0,0,0,early_warning_zone,28.0697,0
10,fence24,random_waypoint,2,560,520,167.82,792.39,20,19,300,300,15,509.847,-74.203,-60,0,0,0,0,early_warning_zone,28.0697,0
10,fence24,random_waypoint,2,560,520,167.82,792.39,20,20,300,500,15,320.918,-70.1821,-60,0,0,0,0,early_warning_zone,28.0697,0
10,fence24,random_waypoint,2,560,520,167.82,792.39,20,21,500,350,15,553.243,-74.9125,-60,0,0,0,0,early_warning_zone,28.0697,0
10,fence24,random_waypoint,2,560,520,167.82,792.39,20,22,700,500,15,607.233,-75.7213,-60,0,0,0,0,early_warning_zone,28.0697,0
10,fence24,random_waypoint,2,560,520,167.82,792.39,20,23,500,650,15,361.446,-71.2151,-60,0,0,0,0,early_warning_zone,28.0697,0
11,fence24,random_waypoint,2,560,520,175.383,785.848,20,0,250,300,15,491.569,-73.8859,-60,0,0,0,0,early_warning_zone,27.0697,0
11,fence24,random_waypoint,2,560,520,175.383,785.848,20,1,250,350,15,442.217,-72.9669,-60,0,0,0,0,early_warning_zone,27.0697,0
11,fence24,random_waypoint,2,560,520,175.383,785.848,20,2,250,450,15,344.073,-70.7872,-60,0,0,0,0,early_warning_zone,27.0697,0
11,fence24,random_waypoint,2,560,520,175.383,785.848,20,3,250,550,15,247.42,-67.9229,-60,0,0,0,0,early_warning_zone,27.0697,0
11,fence24,random_waypoint,2,560,520,175.383,785.848,20,4,250,650,15,155.072,-63.8649,-60,0,0,0,0,early_warning_zone,27.0697,0
11,fence24,random_waypoint,2,560,520,175.383,785.848,20,5,250,700,15,113.853,-61.1811,-60,0,0,0,0,early_warning_zone,27.0697,0
11,fence24,random_waypoint,2,560,520,175.383,785.848,20,6,300,700,15,151.407,-63.6572,-60,0,0,0,0,early_warning_zone,27.0697,0
11,fence24,random_waypoint,2,560,520,175.383,785.848,20,7,400,700,15,240.515,-67.6771,-60,0,0,0,0,early_warning_zone,27.0697,0
11,fence24,random_waypoint,2,560,520,175.383,785.848,20,8,600,700,15,433.237,-72.7887,-60,0,0,0,0,early_warning_zone,27.0697,0
11,fence24,random_waypoint,2,560,520,175.383,785.848,20,9,700,700,15,531.618,-74.5662,-60,0,0,0,0,early_warning_zone,27.0697,0
11,fence24,random_waypoint,2,560,520,175.383,785.848,20,10,750,700,15,581.016,-75.338,-60,0,0,0,0,early_warning_zone,27.0697,0
11,fence24,random_waypoint,2,560,520,175.383,785.848,20,11,750,650,15,590.478,-75.4783,-60,0,0,0,0,early_warning_zone,27.0697,0
11,fence24,random_waypoint,2,560,520,175.383,785.848,20,12,750,550,15,621.155,-75.9182,-60,0,0,0,0,early_warning_zone,27.0697,0
11,fence24,random_waypoint,2,560,520,175.383,785.848,20,13,750,450,15,665.585,-76.5183,-60,0,0,0,0,early_warning_zone,27.0697,0
11,fence24,random_waypoint,2,560,520,175.383,785.848,20,14,750,350,15,721.23,-77.2157,-60,0,0,0,0,early_warning_zone,27.0697,0
11,fence24,random_waypoint,2,560,520,175.383,785.848,20,15,750,300,15,752.501,-77.5844,-60,0,0,0,0,early_warning_zone,27.0697,0
11,fence24,random_waypoint,2,560,520,175.383,785.848,20,16,700,300,15,715.05,-77.1409,-60,0,0,0,0,early_warning_zone,27.0697,0
11,fence24,random_waypoint,2,560,520,175.383,785.848,20,17,600,300,15,645.269,-76.249,-60,0,0,0,0,early_warning_zone,27.0697,0
11,fence24,random_waypoint,2,560,520,175.383,785.848,20,18,400,300,15,535.281,-74.6259,-60,0,0,0,0,early_warning_zone,27.0697,0
11,fence24,random_waypoint,2,560,520,175.383,785.848,20,19,300,300,15,501.6,-74.0614,-60,0,0,0,0,early_warning_zone,27.0697,0
11,fence24,random_waypoint,2,560,520,175.383,785.848,20,20,300,500,15,311.871,-69.9337,-60,0,0,0,0,early_warning_zone,27.0697,0
11,fence24,random_waypoint,2,560,520,175.383,785.848,20,21,500,350,15,543.474,-74.7578,-60,0,0,0,0,early_warning_zone,27.0697,0
11,fence24,random_waypoint,2,560,520,175.383,785.848,20,22,700,500,15,597.459,-75.5804,-60,0,0,0,0,early_warning_zone,27.0697,0
11,fence24,random_waypoint,2,560,520,175.383,785.848,20,23,500,650,15,351.931,-70.9834,-60,0,0,0,0,early_warning_zone,27.0697,0
12,fence24,random_waypoint,2,560,520,182.946,779.305,20,0,250,300,15,483.999,-73.7511,-60,0,0,0,0,early_warning_zone,26.0697,0
12,fence24,random_waypoint,2,560,520,182.946,779.305,20,1,250,350,15,434.539,-72.8148,-60,0,0,0,0,early_warning_zone,26.0697,0
12,fence24,random_waypoint,2,560,520,182.946,779.305,20,2,250,450,15,336.1,-70.5836,-60,0,0,0,0,early_warning_zone,26.0697,0
12,fence24,random_waypoint,2,560,520,182.946,779.305,20,3,250,550,15,238.961,-67.6208,-60,0,0,0,0,early_warning_zone,26.0697,0
12,fence24,random_waypoint,2,560,520,182.946,779.305,20,4,250,650,15,145.743,-63.326,-60,0,0,0,0,early_warning_zone,26.0697,0
12,fence24,random_waypoint,2,560,520,182.946,779.305,20,5,250,700,15,103.974,-60.3927,-60,0,0,0,0,early_warning_zone,26.0697,0
12,fence24,random_waypoint,2,560,520,182.946,779.305,20,6,300,700,15,141.478,-63.068,-60,0,0,0,0,early_warning_zone,26.0697,0
12,fence24,random_waypoint,2,560,520,182.946,779.305,20,7,400,700,15,231.142,-67.3318,-60,0,0,0,0,early_warning_zone,26.0697,0
12,fence24,random_waypoint,2,560,520,182.946,779.305,20,8,600,700,15,424.557,-72.6129,-60,0,0,0,0,early_warning_zone,26.0697,0
12,fence24,random_waypoint,2,560,520,182.946,779.305,20,9,700,700,15,523.124,-74.4263,-60,0,0,0,0,early_warning_zone,26.0697,0
12,fence24,random_waypoint,2,560,520,182.946,779.305,20,10,750,700,15,572.594,-75.2112,-60,0,0,0,0,early_warning_zone,26.0697,0
12,fence24,random_waypoint,2,560,520,182.946,779.305,20,11,750,650,15,581.631,-75.3472,-60,0,0,0,0,early_warning_zone,26.0697,0
12,fence24,random_waypoint,2,560,520,182.946,779.305,20,12,750,550,15,611.683,-75.7848,-60,0,0,0,0,early_warning_zone,26.0697,0
12,fence24,random_waypoint,2,560,520,182.946,779.305,20,13,750,450,15,655.757,-76.3891,-60,0,0,0,0,early_warning_zone,26.0697,0
12,fence24,random_waypoint,2,560,520,182.946,779.305,20,14,750,350,15,711.251,-77.0947,-60,0,0,0,0,early_warning_zone,26.0697,0
12,fence24,random_waypoint,2,560,520,182.946,779.305,20,15,750,300,15,742.502,-77.4682,-60,0,0,0,0,early_warning_zone,26.0697,0
12,fence24,random_waypoint,2,560,520,182.946,779.305,20,16,700,300,15,705.056,-77.0187,-60,0,0,0,0,early_warning_zone,26.0697,0
12,fence24,random_waypoint,2,560,520,182.946,779.305,20,17,600,300,15,635.368,-76.1147,-60,0,0,0,0,early_warning_zone,26.0697,0
12,fence24,random_waypoint,2,560,520,182.946,779.305,20,18,400,300,15,526.185,-74.477,-60,0,0,0,0,early_warning_zone,26.0697,0
12,fence24,random_waypoint,2,560,520,182.946,779.305,20,19,300,300,15,493.417,-73.9185,-60,0,0,0,0,early_warning_zone,26.0697,0
12,fence24,random_waypoint,2,560,520,182.946,779.305,20,20,300,500,15,302.883,-69.6797,-60,0,0,0,0,early_warning_zone,26.0697,0
12,fence24,random_waypoint,2,560,520,182.946,779.305,20,21,500,350,15,533.715,-74.6004,-60,0,0,0,0,early_warning_zone,26.0697,0
12,fence24,random_waypoint,2,560,520,182.946,779.305,20,22,700,500,15,587.691,-75.4372,-60,0,0,0,0,early_warning_zone,26.0697,0
12,fence24,random_waypoint,2,560,520,182.946,779.305,20,23,500,650,15,342.444,-70.746,-60,0,0,0,0,early_warning_zone,26.0697,0
13,fence24,random_waypoint,2,560,520,190.509,772.763,20,0,250,300,15,476.518,-73.6158,-60,0,1,0,0,early_warning_zone,25.0697,0
13,fence24,random_waypoint,2,560,520,190.509,772.763,20,1,250,350,15,426.958,-72.6619,-60,0,1,0,0,early_warning_zone,25.0697,0
13,fence24,random_waypoint,2,560,520,190.509,772.763,20,2,250,450,15,328.238,-70.378,-60,0,1,0,0,early_warning_zone,25.0697,0
13,fence24,random_waypoint,2,560,520,190.509,772.763,20,3,250,550,15,230.624,-67.3123,-60,0,1,0,0,early_warning_zone,25.0697,0
13,fence24,random_waypoint,2,560,520,190.509,772.763,20,4,250,650,15,136.51,-62.7575,-60,0,1,0,0,early_warning_zone,25.0697,0
13,fence24,random_waypoint,2,560,520,190.509,772.763,20,5,250,700,15,94.1204,-59.5279,-60,1,1,0,0,early_warning_zone,25.0697,0
13,fence24,random_waypoint,2,560,520,190.509,772.763,20,6,300,700,15,131.559,-62.4366,-60,0,1,0,0,early_warning_zone,25.0697,0
13,fence24,random_waypoint,2,560,520,190.509,772.763,20,7,400,700,15,221.824,-66.9744,-60,0,1,0,0,early_warning_zone,25.0697,0
13,fence24,random_waypoint,2,560,520,190.509,772.763,20,8,600,700,15,415.935,-72.4347,-60,0,1,0,0,early_warning_zone,25.0697,0
13,fence24,random_waypoint,2,560,520,190.509,772.763,20,9,700,700,15,514.685,-74.2851,-60,0,1,0,0,early_warning_zone,25.0697,0
13,fence24,random_waypoint,2,560,520,190.509,772.763,20,10,750,700,15,564.225,-75.0833,-60,0,1,0,0,early_warning_zone,25.0697,0
13,fence24,random_waypoint,2,560,520,190.509,772.763,20,11,750,650,15,572.823,-75.2146,-60,0,1,0,0,early_warning_zone,25.0697,0
13,fence24,random_waypoint,2,560,520,190.509,772.763,20,12,750,550,15,602.228,-75.6494,-60,0,1,0,0,early_warning_zone,25.0697,0
13,fence24,random_waypoint,2,560,520,190.509,772.763,20,13,750,450,15,645.934,-76.258,-60,0,1,0,0,early_warning_zone,25.0697,0
13,fence24,random_waypoint,2,560,520,190.509,772.763,20,14,750,350,15,701.273,-76.972,-60,0,1,0,0,early_warning_zone,25.0697,0
13,fence24,random_waypoint,2,560,520,190.509,772.763,20,15,750,300,15,732.503,-77.3504,-60,0,1,0,0,early_warning_zone,25.0697,0
13,fence24,random_waypoint,2,560,520,190.509,772.763,20,16,700,300,15,695.062,-76.8947,-60,0,1,0,0,early_warning_zone,25.0697,0
13,fence24,random_waypoint,2,560,520,190.509,772.763,20,17,600,300,15,625.47,-75.9784,-60,0,1,0,0,early_warning_zone,25.0697,0
13,fence24,random_waypoint,2,560,520,190.509,772.763,20,18,400,300,15,517.123,-74.3261,-60,0,1,0,0,early_warning_zone,25.0697,0
13,fence24,random_waypoint,2,560,520,190.509,772.763,20,19,300,300,15,485.302,-73.7745,-60,0,1,0,0,early_warning_zone,25.0697,0
13,fence24,random_waypoint,2,560,520,190.509,772.763,20,20,300,500,15,293.961,-69.42,-60,0,1,0,0,early_warning_zone,25.0697,0
13,fence24,random_waypoint,2,560,520,190.509,772.763,20,21,500,350,15,523.964,-74.4403,-60,0,1,0,0,early_warning_zone,25.0697,0
13,fence24,random_waypoint,2,560,520,190.509,772.763,20,22,700,500,15,577.932,-75.2918,-60,0,1,0,0,early_warning_zone,25.0697,0
13,fence24,random_waypoint,2,560,520,190.509,772.763,20,23,500,650,15,332.987,-70.5028,-60,0,1,0,0,early_warning_zone,25.0697,0
14,fence24,random_waypoint,2,560,520,198.072,766.221,20,0,250,300,15,469.131,-73.4801,-60,0,1,0,0,early_warning_zone,24.0697,0
14,fence24,random_waypoint,2,560,520,198.072,766.221,20,1,250,350,15,419.478,-72.5084,-60,0,1,0,0,early_warning_zone,24.0697,0
14,fence24,random_waypoint,2,560,520,198.072,766.221,20,2,250,450,15,320.495,-70.1707,-60,0,1,0,0,early_warning_zone,24.0697,0
14,fence24,random_waypoint,2,560,520,198.072,766.221,20,3,250,550,15,222.425,-66.9979,-60,0,1,0,0,early_warning_zone,24.0697,0
14,fence24,random_waypoint,2,560,520,198.072,766.221,20,4,250,650,15,127.392,-62.1571,-60,0,1,0,0,early_warning_zone,24.0697,0
14,fence24,random_waypoint,2,560,520,198.072,766.221,20,5,250,700,15,84.3014,-58.5709,-60,1,1,0,0,early_warning_zone,24.0697,0
14,fence24,random_waypoint,2,560,520,198.072,766.221,20,6,300,700,15,121.653,-61.7567,-60,0,1,0,0,early_warning_zone,24.0697,0
14,fence24,random_waypoint,2,560,520,198.072,766.221,20,7,400,700,15,212.568,-66.6042,-60,0,1,0,0,early_warning_zone,24.0697,0
14,fence24,random_waypoint,2,560,520,198.072,766.221,20,8,600,700,15,407.377,-72.2542,-60,0,1,0,0,early_warning_zone,24.0697,0
14,fence24,random_waypoint,2,560,520,198.072,766.221,20,9,700,700,15,506.302,-74.1424,-60,0,1,0,0,early_warning_zone,24.0697,0
14,fence24,random_waypoint,2,560,520,198.072,766.221,20,10,750,700,15,555.909,-74.9543,-60,0,1,0,0,early_warning_zone,24.0697,0
14,fence24,random_waypoint,2,560,520,198.072,766.221,20,11,750,650,15,564.054,-75.0806,-60,0,1,0,0,early_warning_zone,24.0697,0
14,fence24,random_waypoint,2,560,520,198.072,766.221,20,12,750,550,15,592.791,-75.5123,-60,0,1,0,0,early_warning_zone,24.0697,0
14,fence24,random_waypoint,2,560,520,198.072,766.221,20,13,750,450,15,636.117,-76.125,-60,0,1,0,0,early_warning_zone,24.0697,0
14,fence24,random_waypoint,2,560,520,198.072,766.221,20,14,750,350,15,691.295,-76.8475,-60,0,1,0,0,early_warning_zone,24.0697,0
14,fence24,random_waypoint,2,560,520,198.072,766.221,20,15,750,300,15,722.504,-77.231,-60,0,1,0,0,early_warning_zone,24.0697,0
14,fence24,random_waypoint,2,560,520,198.072,766.221,20,16,700,300,15,685.068,-76.7689,-60,0,1,0,0,early_warning_zone,24.0697,0
14,fence24,random_waypoint,2,560,520,198.072,766.221,20,17,600,300,15,615.575,-75.8398,-60,0,1,0,0,early_warning_zone,24.0697,0
14,fence24,random_waypoint,2,560,520,198.072,766.221,20,18,400,300,15,508.096,-74.1731,-60,0,1,0,0,early_warning_zone,24.0697,0
14,fence24,random_waypoint,2,560,520,198.072,766.221,20,19,300,300,15,477.259,-73.6293,-60,0,1,0,0,early_warning_zone,24.0697,0
14,fence24,random_waypoint,2,560,520,198.072,766.221,20,20,300,500,15,285.11,-69.1545,-60,0,1,0,0,early_warning_zone,24.0697,0
14,fence24,random_waypoint,2,560,520,198.072,766.221,20,21,500,350,15,514.223,-74.2773,-60,0,1,0,0,early_warning_zone,24.0697,0
14,fence24,random_waypoint,2,560,520,198.072,766.221,20,22,700,500,15,568.181,-75.144,-60,0,1,0,0,early_warning_zone,24.0697,0
14,fence24,random_waypoint,2,560,520,198.072,766.221,20,23,500,650,15,323.562,-70.2534,-60,0,1,0,0,early_warning_zone,24.0697,0
15,fence24,random_waypoint,2,560,520,205.635,759.679,20,0,250,300,15,461.842,-73.3441,-60,0,1,0,0,early_warning_zone,23.0697,0
15,fence24,random_waypoint,2,560,520,205.635,759.679,20,1,250,350,15,412.105,-72.3544,-60,0,1,0,0,early_warning_zone,23.0697,0
15,fence24,random_waypoint,2,560,520,205.635,759.679,20,2,250,450,15,312.881,-69.9618,-60,0,1,0,0,early_warning_zone,23.0697,0
15,fence24,random_waypoint,2,560,520,205.635,759.679,20,3,250,550,15,214.379,-66.6779,-60,0,1,0,0,early_warning_zone,23.0697,0
15,fence24,random_waypoint,2,560,520,205.635,759.679,20,4,250,650,15,118.418,-61.5225,-60,0,1,0,0,early_warning_zone,23.0697,0
15,fence24,random_waypoint,2,560,520,205.635,759.679,20,5,250,700,15,74.5306,-57.5009,-60,1,1,0,0,early_warning_zone,23.0697,0
15,fence24,random_waypoint,2,560,520,205.635,759.679,20,6,300,700,15,111.764,-61.0203,-60,0,1,0,0,early_warning_zone,23.0697,0
15,fence24,random_waypoint,2,560,520,205.635,759.679,20,7,400,700,15,203.382,-66.2205,-60,0,1,0,0,early_warning_zone,23.0697,0
15,fence24,random_waypoint,2,560,520,205.635,759.679,20,8,600,700,15,398.886,-72.0712,-60,0,1,0,0,early_warning_zone,23.0697,0
15,fence24,random_waypoint,2,560,520,205.635,759.679,20,9,700,700,15,497.979,-73.9984,-60,0,1,0,0,early_warning_zone,23.0697,0
15,fence24,random_waypoint,2,560,520,205.635,759.679,20,10,750,700,15,547.649,-74.8243,-60,0,1,0,0,early_warning_zone,23.0697,0
15,fence24,random_waypoint,2,560,520,205.635,759.679,20,11,750,650,15,555.326,-74.9452,-60,0,1,0,0,early_warning_zone,23.0697,0
15,fence24,random_waypoint,2,560,520,205.635,759.679,20,12,750,550,15,583.372,-75.3731,-60,0,1,0,0,early_warning_zone,23.0697,0
15,fence24,random_waypoint,2,560,520,205.635,759.679,20,13,750,450,15,626.306,-75.99,-60,0,1,0,0,early_warning_zone,23.0697,0
15,fence24,random_waypoint,2,560,520,205.635,759.679,20,14,750,350,15,681.318,-76.7212,-60,0,1,0,0,early_warning_zone,23.0697,0
15,fence24,random_waypoint,2,560,520,205.635,759.679,20,15,750,300,15,712.504,-77.11,-60,0,1,0,0,early_warning_zone,23.0697,0
15,fence24,random_waypoint,2,560,520,205.635,759.679,20,16,700,300,15,675.075,-76.6413,-60,0,1,0,0,early_warning_zone,23.0697,0
15,fence24,random_waypoint,2,560,520,205.635,759.679,20,17,600,300,15,605.684,-75.6991,-60,0,1,0,0,early_warning_zone,23.0697,0
15,fence24,random_waypoint,2,560,520,205.635,759.679,20,18,400,300,15,499.107,-74.0181,-60,0,1,0,0,early_warning_zone,23.0697,0
15,fence24,random_waypoint,2,560,520,205.635,759.679,20,19,300,300,15,469.291,-73.4831,-60,0,1,0,0,early_warning_zone,23.0697,0
15,fence24,random_waypoint,2,560,520,205.635,759.679,20,20,300,500,15,276.338,-68.883,-60,0,1,0,0,early_warning_zone,23.0697,0
15,fence24,random_waypoint,2,560,520,205.635,759.679,20,21,500,350,15,504.492,-74.1113,-60,0,1,0,0,early_warning_zone,23.0697,0
15,fence24,random_waypoint,2,560,520,205.635,759.679,20,22,700,500,15,558.439,-74.9937,-60,0,1,0,0,early_warning_zone,23.0697,0
15,fence24,random_waypoint,2,560,520,205.635,759.679,20,23,500,650,15,314.174,-69.9976,-60,0,1,0,0,early_warning_zone,23.0697,0
16,fence24,random_waypoint,2,560,520,213.199,753.137,20,0,250,300,15,454.656,-73.2079,-60,0,1,0,0,early_warning_zone,22.0697,0
16,fence24,random_waypoint,2,560,520,213.199,753.137,20,1,250,350,15,404.844,-72.2,-60,0,1,0,0,early_warning_zone,22.0697,0
16,fence24,random_waypoint,2,560,520,213.199,753.137,20,2,250,450,15,305.404,-69.7517,-60,0,1,0,0,early_warning_zone,22.0697,0
16,fence24,random_waypoint,2,560,520,213.199,753.137,20,3,250,550,15,206.504,-66.3528,-60,0,1,0,0,early_warning_zone,22.0697,0
16,fence24,random_waypoint,2,560,520,213.199,753.137,20,4,250,650,15,109.62,-60.852,-60,0,1,0,0,early_warning_zone,22.0697,0
16,fence24,random_waypoint,2,560,520,213.199,753.137,20,5,250,700,15,64.8296,-56.2897,-60,1,1,0,0,early_warning_zone,22.0697,0
16,fence24,random_waypoint,2,560,520,213.199,753.137,20,6,300,700,15,101.897,-60.2175,-60,0,1,0,0,early_warning_zone,22.0697,0
16,fence24,random_waypoint,2,560,520,213.199,753.137,20,7,400,700,15,194.276,-65.8226,-60,0,1,0,0,early_warning_zone,22.0697,0
16,fence24,random_waypoint,2,560,520,213.199,753.137,20,8,600,700,15,390.466,-71.8859,-60,0,1,0,0,early_warning_zone,22.0697,0
16,fence24,random_waypoint,2,560,520,213.199,753.137,20,9,700,700,15,489.719,-73.8532,-60,0,1,0,0,early_warning_zone,22.0697,0
16,fence24,random_waypoint,2,560,520,213.199,753.137,20,10,750,700,15,539.448,-74.6932,-60,0,1,0,0,early_warning_zone,22.0697,0
16,fence24,random_waypoint,2,560,520,213.199,753.137,20,11,750,650,15,546.643,-74.8083,-60,0,1,0,0,early_warning_zone,22.0697,0
16,fence24,random_waypoint,2,560,520,213.199,753.137,20,12,750,550,15,573.973,-75.2321,-60,0,1,0,0,early_warning_zone,22.0697,0
16,fence24,random_waypoint,2,560,520,213.199,753.137,20,13,750,450,15,616.5,-75.8529,-60,0,1,0,0,early_warning_zone,22.0697,0
16,fence24,random_waypoint,2,560,520,213.199,753.137,20,14,750,350,15,671.342,-76.5931,-60,0,1,0,0,early_warning_zone,22.0697,0
16,fence24,random_waypoint,2,560,520,213.199,753.137,20,15,750,300,15,702.505,-76.9872,-60,0,1,0,0,early_warning_zone,22.0697,0
16,fence24,random_waypoint,2,560,520,213.199,753.137,20,16,700,300,15,665.082,-76.5117,-60,0,1,0,0,early_warning_zone,22.0697,0
16,fence24,random_waypoint,2,560,520,213.199,753.137,20,17,600,300,15,595.796,-75.5562,-60,0,1,0,0,early_warning_zone,22.0697,0
16,fence24,random_waypoint,2,560,520,213.199,753.137,20,18,400,300,15,490.156,-73.8609,-60,0,1,0,0,early_warning_zone,22.0697,0
16,fence24,random_waypoint,2,560,520,213.199,753.137,20,19,300,300,15,461.403,-73.3358,-60,0,1,0,0,early_warning_zone,22.0697,0
16,fence24,random_waypoint,2,560,520,213.199,753.137,20,20,300,500,15,267.652,-68.6056,-60,0,1,0,0,early_warning_zone,22.0697,0
16,fence24,random_waypoint,2,560,520,213.199,753.137,20,21,500,350,15,494.772,-73.9423,-60,0,1,0,0,early_warning_zone,22.0697,0
16,fence24,random_waypoint,2,560,520,213.199,753.137,20,22,700,500,15,548.707,-74.841,-60,0,1,0,0,early_warning_zone,22.0697,0
16,fence24,random_waypoint,2,560,520,213.199,753.137,20,23,500,650,15,304.823,-69.7352,-60,0,1,0,0,early_warning_zone,22.0697,0
17,fence24,random_waypoint,2,560,520,221.396,747.622,20,0,250,300,15,448.563,-73.0907,-60,0,2,1,0,approach_zone,21.0697,1
17,fence24,random_waypoint,2,560,520,221.396,747.622,20,1,250,350,15,398.681,-72.0667,-60,0,2,1,0,approach_zone,21.0697,1
17,fence24,random_waypoint,2,560,520,221.396,747.622,20,2,250,450,15,299.035,-69.5687,-60,0,2,1,0,approach_zone,21.0697,1
17,fence24,random_waypoint,2,560,520,221.396,747.622,20,3,250,550,15,199.744,-66.0637,-60,0,2,1,0,approach_zone,21.0697,1
17,fence24,random_waypoint,2,560,520,221.396,747.622,20,4,250,650,15,101.849,-60.2133,-60,0,2,1,0,approach_zone,21.0697,1
17,fence24,random_waypoint,2,560,520,221.396,747.622,20,5,250,700,15,55.7766,-54.9833,-60,1,2,1,0,approach_zone,21.0697,1
17,fence24,random_waypoint,2,560,520,221.396,747.622,20,6,300,700,15,92.0405,-59.3338,-60,1,2,1,0,approach_zone,21.0697,1
17,fence24,random_waypoint,2,560,520,221.396,747.622,20,7,400,700,15,184.912,-65.3935,-60,0,2,1,0,approach_zone,21.0697,1
17,fence24,random_waypoint,2,560,520,221.396,747.622,20,8,600,700,15,381.62,-71.6869,-60,0,2,1,0,approach_zone,21.0697,1
17,fence24,random_waypoint,2,560,520,221.396,747.622,20,9,700,700,15,480.994,-73.697,-60,0,2,1,0,approach_zone,21.0697,1
17,fence24,random_waypoint,2,560,520,221.396,747.622,20,10,750,700,15,530.769,-74.5523,-60,0,2,1,0,approach_zone,21.0697,1
17,fence24,random_waypoint,2,560,520,221.396,747.622,20,11,750,650,15,537.566,-74.6629,-60,0,2,1,0,approach_zone,21.0697,1
17,fence24,random_waypoint,2,560,520,221.396,747.622,20,12,750,550,15,564.36,-75.0853,-60,0,2,1,0,approach_zone,21.0697,1
17,fence24,random_waypoint,2,560,520,221.396,747.622,20,13,750,450,15,606.652,-75.713,-60,0,2,1,0,approach_zone,21.0697,1
17,fence24,random_waypoint,2,560,520,221.396,747.622,20,14,750,350,15,661.476,-76.4645,-60,0,2,1,0,approach_zone,21.0697,1
17,fence24,random_waypoint,2,560,520,221.396,747.622,20,15,750,300,15,692.685,-76.8649,-60,0,2,1,0,approach_zone,21.0697,1
17,fence24,random_waypoint,2,560,520,221.396,747.622,20,16,700,300,15,655.326,-76.3834,-60,0,2,1,0,approach_zone,21.0697,1
17,fence24,random_waypoint,2,560,520,221.396,747.622,20,17,600,300,15,586.286,-75.4164,-60,0,2,1,0,approach_zone,21.0697,1
17,fence24,random_waypoint,2,560,520,221.396,747.622,20,18,400,300,15,481.964,-73.7145,-60,0,2,1,0,approach_zone,21.0697,1
17,fence24,random_waypoint,2,560,520,221.396,747.622,20,19,300,300,15,454.498,-73.2049,-60,0,2,1,0,approach_zone,21.0697,1
17,fence24,random_waypoint,2,560,520,221.396,747.622,20,20,300,500,15,259.846,-68.3486,-60,0,2,1,0,approach_zone,21.0697,1
17,fence24,random_waypoint,2,560,520,221.396,747.622,20,21,500,350,15,485.539,-73.7787,-60,0,2,1,0,approach_zone,21.0697,1
17,fence24,random_waypoint,2,560,520,221.396,747.622,20,22,700,500,15,538.891,-74.6842,-60,0,2,1,0,approach_zone,21.0697,1
17,fence24,random_waypoint,2,560,520,221.396,747.622,20,23,500,650,15,295.255,-69.4582,-60,0,2,1,0,approach_zone,21.0697,1
18,fence24,random_waypoint,2,560,520,230.633,743.79,20,0,250,300,15,444.241,-73.0066,-60,0,3,1,0,approach_zone,20.0697,1
18,fence24,random_waypoint,2,560,520,230.633,743.79,20,1,250,350,15,394.298,-71.9707,-60,0,3,1,0,approach_zone,20.0697,1
18,fence24,random_waypoint,2,560,520,230.633,743.79,20,2,250,450,15,294.47,-69.4351,-60,0,3,1,0,approach_zone,20.0697,1
18,fence24,random_waypoint,2,560,520,230.633,743.79,20,3,250,550,15,194.82,-65.8469,-60,0,3,1,0,approach_zone,20.0697,1
18,fence24,random_waypoint,2,560,520,230.633,743.79,20,4,250,650,15,95.8994,-59.6905,-60,1,3,1,0,approach_zone,20.0697,1
18,fence24,random_waypoint,2,560,520,230.633,743.79,20,5,250,700,15,48.1423,-53.7048,-60,1,3,1,0,approach_zone,20.0697,1
18,fence24,random_waypoint,2,560,520,230.633,743.79,20,6,300,700,15,82.1853,-58.3501,-60,1,3,1,0,approach_zone,20.0697,1
18,fence24,random_waypoint,2,560,520,230.633,743.79,20,7,400,700,15,175.008,-64.9154,-60,0,3,1,0,approach_zone,20.0697,1
18,fence24,random_waypoint,2,560,520,230.633,743.79,20,8,600,700,15,371.988,-71.4648,-60,0,3,1,0,approach_zone,20.0697,1
18,fence24,random_waypoint,2,560,520,230.633,743.79,20,9,700,700,15,471.432,-73.5226,-60,0,3,1,0,approach_zone,20.0697,1
18,fence24,random_waypoint,2,560,520,230.633,743.79,20,10,750,700,15,521.234,-74.3949,-60,0,3,1,0,approach_zone,20.0697,1
18,fence24,random_waypoint,2,560,520,230.633,743.79,20,11,750,650,15,527.792,-74.5035,-60,0,3,1,0,approach_zone,20.0697,1
18,fence24,random_waypoint,2,560,520,230.633,743.79,20,12,750,550,15,554.366,-74.9302,-60,0,3,1,0,approach_zone,20.0697,1
18,fence24,random_waypoint,2,560,520,230.633,743.79,20,13,750,450,15,596.725,-75.5697,-60,0,3,1,0,approach_zone,20.0697,1
18,fence24,random_waypoint,2,560,520,230.633,743.79,20,14,750,350,15,651.796,-76.3365,-60,0,3,1,0,approach_zone,20.0697,1
18,fence24,random_waypoint,2,560,520,230.633,743.79,20,15,750,300,15,683.167,-76.7448,-60,0,3,1,0,approach_zone,20.0697,1
18,fence24,random_waypoint,2,560,520,230.633,743.79,20,16,700,300,15,645.973,-76.2585,-60,0,3,1,0,approach_zone,20.0697,1
18,fence24,random_waypoint,2,560,520,230.633,743.79,20,17,600,300,15,577.414,-75.284,-60,0,3,1,0,approach_zone,20.0697,1
18,fence24,random_waypoint,2,560,520,230.633,743.79,20,18,400,300,15,475.037,-73.5888,-60,0,3,1,0,approach_zone,20.0697,1
18,fence24,random_waypoint,2,560,520,230.633,743.79,20,19,300,300,15,449.207,-73.1031,-60,0,3,1,0,approach_zone,20.0697,1
18,fence24,random_waypoint,2,560,520,230.633,743.79,20,20,300,500,15,253.516,-68.1343,-60,0,3,1,0,approach_zone,20.0697,1
18,fence24,random_waypoint,2,560,520,230.633,743.79,20,21,500,350,15,477.132,-73.627,-60,0,3,1,0,approach_zone,20.0697,1
18,fence24,random_waypoint,2,560,520,230.633,743.79,20,22,700,500,15,528.928,-74.5222,-60,0,3,1,0,approach_zone,20.0697,1
18,fence24,random_waypoint,2,560,520,230.633,743.79,20,23,500,650,15,285.273,-69.1594,-60,0,3,1,0,approach_zone,20.0697,1
19,fence24,random_waypoint,2,560,520,239.869,739.959,20,0,250,300,15,440.104,-72.9253,-60,0,3,1,0,approach_zone,19.0697,1
19,fence24,random_waypoint,2,560,520,239.869,739.959,20,1,250,350,15,390.122,-71.8782,-60,0,3,1,0,approach_zone,19.0697,1
19,fence24,random_waypoint,2,560,520,239.869,739.959,20,2,250,450,15,290.179,-69.3075,-60,0,3,1,0,approach_zone,19.0697,1
19,fence24,random_waypoint,2,560,520,239.869,739.959,20,3,250,550,15,190.294,-65.6427,-60,0,3,1,0,approach_zone,19.0697,1
19,fence24,random_waypoint,2,560,520,239.869,739.959,20,4,250,650,15,90.6654,-59.2031,-60,1,3,1,0,approach_zone,19.0697,1
19,fence24,random_waypoint,2,560,520,239.869,739.959,20,5,250,700,15,41.5251,-52.4204,-60,1,3,1,0,approach_zone,19.0697,1
19,fence24,random_waypoint,2,560,520,239.869,739.959,20,6,300,700,15,72.3698,-57.2454,-60,1,3,1,0,approach_zone,19.0697,1
19,fence24,random_waypoint,2,560,520,239.869,739.959,20,7,400,700,15,165.117,-64.41,-60,0,3,1,0,approach_zone,19.0697,1
19,fence24,random_waypoint,2,560,520,239.869,739.959,20,8,600,700,15,362.375,-71.2374,-60,0,3,1,0,approach_zone,19.0697,1
19,fence24,random_waypoint,2,560,520,239.869,739.959,20,9,700,700,15,461.889,-73.345,-60,0,3,1,0,approach_zone,19.0697,1
19,fence24,random_waypoint,2,560,520,239.869,739.959,20,10,750,700,15,511.718,-74.2348,-60,0,3,1,0,approach_zone,19.0697,1
19,fence24,random_waypoint,2,560,520,239.869,739.959,20,11,750,650,15,518.026,-74.3413,-60,0,3,1,0,approach_zone,19.0697,1
19,fence24,random_waypoint,2,560,520,239.869,739.959,20,12,750,550,15,544.374,-74.7722,-60,0,3,1,0,approach_zone,19.0697,1
19,fence24,random_waypoint,2,560,520,239.869,739.959,20,13,750,450,15,586.8,-75.424,-60,0,3,1,0,approach_zone,19.0697,1
19,fence24,random_waypoint,2,560,520,239.869,739.959,20,14,750,350,15,642.126,-76.2066,-60,0,3,1,0,approach_zone,19.0697,1
19,fence24,random_waypoint,2,560,520,239.869,739.959,20,15,750,300,15,673.663,-76.6231,-60,0,3,1,0,approach_zone,19.0697,1
19,fence24,random_waypoint,2,560,520,239.869,739.959,20,16,700,300,15,636.639,-76.1321,-60,0,3,1,0,approach_zone,19.0697,1
19,fence24,random_waypoint,2,560,520,239.869,739.959,20,17,600,300,15,568.58,-75.1501,-60,0,3,1,0,approach_zone,19.0697,1
19,fence24,random_waypoint,2,560,520,239.869,739.959,20,18,400,300,15,468.221,-73.4632,-60,0,3,1,0,approach_zone,19.0697,1
19,fence24,random_waypoint,2,560,520,239.869,739.959,20,19,300,300,15,444.077,-73.0034,-60,0,3,1,0,approach_zone,19.0697,1
19,fence24,random_waypoint,2,560,520,239.869,739.959,20,20,300,500,15,247.429,-67.9232,-60,0,3,1,0,approach_zone,19.0697,1
19,fence24,random_waypoint,2,560,520,239.869,739.959,20,21,500,350,15,468.787,-73.4737,-60,0,3,1,0,approach_zone,19.0697,1
19,fence24,random_waypoint,2,560,520,239.869,739.959,20,22,700,500,15,518.966,-74.357,-60,0,3,1,0,approach_zone,19.0697,1
19,fence24,random_waypoint,2,560,520,239.869,739.959,20,23,500,650,15,275.292,-68.8501,-60,0,3,1,0,approach_zone,19.0697,1
20,fence24,random_waypoint,2,560,520,249.106,736.127,20,0,250,300,15,436.157,-72.8471,-60,0,3,1,0,approach_zone,18.0697,1
20,fence24,random_waypoint,2,560,520,249.106,736.127,20,1,250,350,15,386.161,-71.7896,-60,0,3,1,0,approach_zone,18.0697,1
20,fence24,random_waypoint,2,560,520,249.106,736.127,20,2,250,450,15,286.173,-69.1868,-60,0,3,1,0,approach_zone,18.0697,1
20,fence24,random_waypoint,2,560,520,249.106,736.127,20,3,250,550,15,186.197,-65.4537,-60,0,3,1,0,approach_zone,18.0697,1
20,fence24,random_waypoint,2,560,520,249.106,736.127,20,4,250,650,15,86.2771,-58.7721,-60,1,3,1,0,approach_zone,18.0697,1
20,fence24,random_waypoint,2,560,520,249.106,736.127,20,5,250,700,15,36.4827,-51.296,-60,1,3,1,0,approach_zone,18.0697,1
20,fence24,random_waypoint,2,560,520,249.106,736.127,20,6,300,700,15,62.6127,-55.9875,-60,1,3,1,0,approach_zone,18.0697,1
20,fence24,random_waypoint,2,560,520,249.106,736.127,20,7,400,700,15,155.239,-63.8742,-60,0,3,1,0,approach_zone,18.0697,1
20,fence24,random_waypoint,2,560,520,249.106,736.127,20,8,600,700,15,352.784,-71.0044,-60,0,3,1,0,approach_zone,18.0697,1
20,fence24,random_waypoint,2,560,520,249.106,736.127,20,9,700,700,15,452.366,-73.164,-60,0,3,1,0,approach_zone,18.0697,1
20,fence24,random_waypoint,2,560,520,249.106,736.127,20,10,750,700,15,502.22,-74.0721,-60,0,3,1,0,approach_zone,18.0697,1
20,fence24,random_waypoint,2,560,520,249.106,736.127,20,11,750,650,15,508.269,-74.1761,-60,0,3,1,0,approach_zone,18.0697,1
20,fence24,random_waypoint,2,560,520,249.106,736.127,20,12,750,550,15,534.381,-74.6112,-60,0,3,1,0,approach_zone,18.0697,1
20,fence24,random_waypoint,2,560,520,249.106,736.127,20,13,750,450,15,576.878,-75.2759,-60,0,3,1,0,approach_zone,18.0697,1
20,fence24,random_waypoint,2,560,520,249.106,736.127,20,14,750,350,15,632.466,-76.075,-60,0,3,1,0,approach_zone,18.0697,1
20,fence24,random_waypoint,2,560,520,249.106,736.127,20,15,750,300,15,664.174,-76.4999,-60,0,3,1,0,approach_zone,18.0697,1
20,fence24,random_waypoint,2,560,520,249.106,736.127,20,16,700,300,15,627.325,-76.0041,-60,0,3,1,0,approach_zone,18.0697,1
20,fence24,random_waypoint,2,560,520,249.106,736.127,20,17,600,300,15,559.784,-75.0146,-60,0,3,1,0,approach_zone,18.0697,1
20,fence24,random_waypoint,2,560,520,249.106,736.127,20,18,400,300,15,461.52,-73.338,-60,0,3,1,0,approach_zone,18.0697,1
20,fence24,random_waypoint,2,560,520,249.106,736.127,20,19,300,300,15,439.115,-72.9058,-60,0,3,1,0,approach_zone,18.0697,1
20,fence24,random_waypoint,2,560,520,249.106,736.127,20,20,300,500,15,241.602,-67.7162,-60,0,3,1,0,approach_zone,18.0697,1
20,fence24,random_waypoint,2,560,520,249.106,736.127,20,21,500,350,15,460.507,-73.319,-60,0,3,1,0,approach_zone,18.0697,1
20,fence24,random_waypoint,2,560,520,249.106,736.127,20,22,700,500,15,509.005,-74.1887,-60,0,3,1,0,approach_zone,18.0697,1
20,fence24,random_waypoint,2,560,520,249.106,736.127,20,23,500,650,15,265.312,-68.5294,-60,0,3,1,0,approach_zone,18.0697,1
21,fence24,random_waypoint,2,560,520,258.343,732.296,20,0,250,300,15,432.405,-72.772,-60,0,3,1,0,approach_zone,17.0697,1
21,fence24,random_waypoint,2,560,520,258.343,732.296,20,1,250,350,15,382.42,-71.705,-60,0,3,1,0,approach_zone,17.0697,1
21,fence24,random_waypoint,2,560,520,258.343,732.296,20,2,250,450,15,282.464,-69.0735,-60,0,3,1,0,approach_zone,17.0697,1
21,fence24,random_waypoint,2,560,520,258.343,732.296,20,3,250,550,15,182.555,-65.2821,-60,0,3,1,0,approach_zone,17.0697,1
21,fence24,random_waypoint,2,560,520,258.343,732.296,20,4,250,650,15,82.8689,-58.4221,-60,1,3,1,0,approach_zone,17.0697,1
21,fence24,random_waypoint,2,560,520,258.343,732.296,20,5,250,700,15,33.729,-50.6143,-60,1,3,1,0,approach_zone,17.0697,1
21,fence24,random_waypoint,2,560,520,258.343,732.296,20,6,300,700,15,52.9464,-54.5309,-60,1,3,1,0,approach_zone,17.0697,1
21,fence24,random_waypoint,2,560,520,258.343,732.296,20,7,400,700,15,145.378,-63.3042,-60,0,3,1,0,approach_zone,17.0697,1
21,fence24,random_waypoint,2,560,520,258.343,732.296,20,8,600,700,15,343.216,-70.7656,-60,0,3,1,0,approach_zone,17.0697,1
21,fence24,random_waypoint,2,560,520,258.343,732.296,20,9,700,700,15,442.864,-72.9796,-60,0,3,1,0,approach_zone,17.0697,1
21,fence24,random_waypoint,2,560,520,258.343,732.296,20,10,750,700,15,492.742,-73.9066,-60,0,3,1,0,approach_zone,17.0697,1
21,fence24,random_waypoint,2,560,520,258.343,732.296,20,11,750,650,15,498.522,-74.0079,-60,0,3,1,0,approach_zone,17.0697,1
21,fence24,random_waypoint,2,560,520,258.343,732.296,20,12,750,550,15,524.388,-74.4473,-60,0,3,1,0,approach_zone,17.0697,1
21,fence24,random_waypoint,2,560,520,258.343,732.296,20,13,750,450,15,566.959,-75.1253,-60,0,3,1,0,approach_zone,17.0697,1
21,fence24,random_waypoint,2,560,520,258.343,732.296,20,14,750,350,15,622.817,-75.9414,-60,0,3,1,0,approach_zone,17.0697,1
21,fence24,random_waypoint,2,560,520,258.343,732.296,20,15,750,300,15,654.699,-76.3751,-60,0,3,1,0,approach_zone,17.0697,1
21,fence24,random_waypoint,2,560,520,258.343,732.296,20,16,700,300,15,618.034,-75.8745,-60,0,3,1,0,approach_zone,17.0697,1
21,fence24,random_waypoint,2,560,520,258.343,732.296,20,17,600,300,15,551.03,-74.8777,-60,0,3,1,0,approach_zone,17.0697,1
21,fence24,random_waypoint,2,560,520,258.343,732.296,20,18,400,300,15,454.941,-73.2133,-60,0,3,1,0,approach_zone,17.0697,1
21,fence24,random_waypoint,2,560,520,258.343,732.296,20,19,300,300,15,434.327,-72.8106,-60,0,3,1,0,approach_zone,17.0697,1
21,fence24,random_waypoint,2,560,520,258.343,732.296,20,20,300,500,15,236.055,-67.5145,-60,0,3,1,0,approach_zone,17.0697,1
21,fence24,random_waypoint,2,560,520,258.343,732.296,20,21,500,350,15,452.298,-73.1627,-60,0,3,1,0,approach_zone,17.0697,1
21,fence24,random_waypoint,2,560,520,258.343,732.296,20,22,700,500,15,499.046,-74.017,-60,0,3,1,0,approach_zone,17.0697,1
21,fence24,random_waypoint,2,560,520,258.343,732.296,20,23,500,650,15,255.334,-68.1964,-60,0,3,1,0,approach_zone,17.0697,1
22,fence24,random_waypoint,2,560,520,267.58,728.465,20,0,250,300,15,428.854,-72.7004,-60,0,3,1,0,approach_zone,16.0697,1
22,fence24,random_waypoint,2,560,520,267.58,728.465,20,1,250,350,15,378.906,-71.6248,-60,0,3,1,0,approach_zone,16.0697,1
22,fence24,random_waypoint,2,560,520,267.58,728.465,20,2,250,450,15,279.064,-68.9683,-60,0,3,1,0,approach_zone,16.0697,1
22,fence24,random_waypoint,2,560,520,267.58,728.465,20,3,250,550,15,179.398,-65.1306,-60,0,3,1,0,approach_zone,16.0697,1
22,fence24,random_waypoint,2,560,520,267.58,728.465,20,4,250,650,15,80.5653,-58.1772,-60,1,3,1,0,approach_zone,16.0697,1
22,fence24,random_waypoint,2,560,520,267.58,728.465,20,5,250,700,15,33.8275,-50.6396,-60,1,3,1,0,approach_zone,16.0697,1
22,fence24,random_waypoint,2,560,520,267.58,728.465,20,6,300,700,15,43.4313,-52.8103,-60,1,3,1,0,approach_zone,16.0697,1
22,fence24,random_waypoint,2,560,520,267.58,728.465,20,7,400,700,15,135.537,-62.6954,-60,0,3,1,0,approach_zone,16.0697,1
22,fence24,random_waypoint,2,560,520,267.58,728.465,20,8,600,700,15,333.674,-70.5207,-60,0,3,1,0,approach_zone,16.0697,1
22,fence24,random_waypoint,2,560,520,267.58,728.465,20,9,700,700,15,433.385,-72.7917,-60,0,3,1,0,approach_zone,16.0697,1
22,fence24,random_waypoint,2,560,520,267.58,728.465,20,10,750,700,15,483.285,-73.7383,-60,0,3,1,0,approach_zone,16.0697,1
22,fence24,random_waypoint,2,560,520,267.58,728.465,20,11,750,650,15,488.785,-73.8366,-60,0,3,1,0,approach_zone,16.0697,1
22,fence24,random_waypoint,2,560,520,267.58,728.465,20,12,750,550,15,514.396,-74.2802,-60,0,3,1,0,approach_zone,16.0697,1
22,fence24,random_waypoint,2,560,520,267.58,728.465,20,13,750,450,15,557.043,-74.972,-60,0,3,1,0,approach_zone,16.0697,1
22,fence24,random_waypoint,2,560,520,267.58,728.465,20,14,750,350,15,613.18,-75.806,-60,0,3,1,0,approach_zone,16.0697,1
22,fence24,random_waypoint,2,560,520,267.58,728.465,20,15,750,300,15,645.241,-76.2487,-60,0,3,1,0,approach_zone,16.0697,1
22,fence24,random_waypoint,2,560,520,267.58,728.465,20,16,700,300,15,608.764,-75.7432,-60,0,3,1,0,approach_zone,16.0697,1
22,fence24,random_waypoint,2,560,520,267.58,728.465,20,17,600,300,15,542.319,-74.7393,-60,0,3,1,0,approach_zone,16.0697,1
22,fence24,random_waypoint,2,560,520,267.58,728.465,20,18,400,300,15,448.489,-73.0893,-60,0,3,1,0,approach_zone,16.0697,1
22,fence24,random_waypoint,2,560,520,267.58,728.465,20,19,300,300,15,429.719,-72.7179,-60,0,3,1,0,approach_zone,16.0697,1
22,fence24,random_waypoint,2,560,520,267.58,728.465,20,20,300,500,15,230.808,-67.3192,-60,0,3,1,0,approach_zone,16.0697,1
22,fence24,random_waypoint,2,560,520,267.58,728.465,20,21,500,350,15,444.162,-73.005,-60,0,3,1,0,approach_zone,16.0697,1
22,fence24,random_waypoint,2,560,520,267.58,728.465,20,22,700,500,15,489.089,-73.842,-60,0,3,1,0,approach_zone,16.0697,1
22,fence24,random_waypoint,2,560,520,267.58,728.465,20,23,500,650,15,245.358,-67.8502,-60,0,3,1,0,approach_zone,16.0697,1
23,fence24,random_waypoint,2,560,520,276.817,724.633,20,0,250,300,15,425.509,-72.6324,-60,0,3,1,0,approach_zone,15.0697,1
23,fence24,random_waypoint,2,560,520,276.817,724.633,20,1,250,350,15,375.625,-71.5493,-60,0,3,1,0,approach_zone,15.0697,1
23,fence24,random_waypoint,2,560,520,276.817,724.633,20,2,250,450,15,275.985,-68.8719,-60,0,3,1,0,approach_zone,15.0697,1
23,fence24,random_waypoint,2,560,520,276.817,724.633,20,3,250,550,15,176.751,-65.0015,-60,0,3,1,0,approach_zone,15.0697,1
23,fence24,random_waypoint,2,560,520,276.817,724.633,20,4,250,650,15,79.4625,-58.0575,-60,1,3,1,0,approach_zone,15.0697,1
23,fence24,random_waypoint,2,560,520,276.817,724.633,20,5,250,700,15,36.7553,-51.3606,-60,1,3,1,0,approach_zone,15.0697,1
23,fence24,random_waypoint,2,560,520,276.817,724.633,20,6,300,700,15,34.1942,-50.7333,-60,1,3,1,0,approach_zone,15.0697,1
23,fence24,random_waypoint,2,560,520,276.817,724.633,20,7,400,700,15,125.721,-62.0424,-60,0,3,1,0,approach_zone,15.0697,1
23,fence24,random_waypoint,2,560,520,276.817,724.633,20,8,600,700,15,324.159,-70.2694,-60,0,3,1,0,approach_zone,15.0697,1
23,fence24,random_waypoint,2,560,520,276.817,724.633,20,9,700,700,15,423.929,-72.6001,-60,0,3,1,0,approach_zone,15.0697,1
23,fence24,random_waypoint,2,560,520,276.817,724.633,20,10,750,700,15,473.85,-73.567,-60,0,3,1,0,approach_zone,15.0697,1
23,fence24,random_waypoint,2,560,520,276.817,724.633,20,11,750,650,15,479.059,-73.662,-60,0,3,1,0,approach_zone,15.0697,1
23,fence24,random_waypoint,2,560,520,276.817,724.633,20,12,750,550,15,504.404,-74.1098,-60,0,3,1,0,approach_zone,15.0697,1
23,fence24,random_waypoint,2,560,520,276.817,724.633,20,13,750,450,15,547.129,-74.816,-60,0,3,1,0,approach_zone,15.0697,1
23,fence24,random_waypoint,2,560,520,276.817,724.633,20,14,750,350,15,603.554,-75.6685,-60,0,3,1,0,approach_zone,15.0697,1
23,fence24,random_waypoint,2,560,520,276.817,724.633,20,15,750,300,15,635.799,-76.1206,-60,0,3,1,0,approach_zone,15.0697,1
23,fence24,random_waypoint,2,560,520,276.817,724.633,20,16,700,300,15,599.518,-75.6103,-60,0,3,1,0,approach_zone,15.0697,1
23,fence24,random_waypoint,2,560,520,276.817,724.633,20,17,600,300,15,533.653,-74.5994,-60,0,3,1,0,approach_zone,15.0697,1
23,fence24,random_waypoint,2,560,520,276.817,724.633,20,18,400,300,15,442.168,-72.966,-60,0,3,1,0,approach_zone,15.0697,1
23,fence24,random_waypoint,2,560,520,276.817,724.633,20,19,300,300,15,425.295,-72.628,-60,0,3,1,0,approach_zone,15.0697,1
23,fence24,random_waypoint,2,560,520,276.817,724.633,20,20,300,500,15,225.882,-67.1318,-60,0,3,1,0,approach_zone,15.0697,1
23,fence24,random_waypoint,2,560,520,276.817,724.633,20,21,500,350,15,436.103,-72.846,-60,0,3,1,0,approach_zone,15.0697,1
23,fence24,random_waypoint,2,560,520,276.817,724.633,20,22,700,500,15,479.133,-73.6634,-60,0,3,1,0,approach_zone,15.0697,1
23,fence24,random_waypoint,2,560,520,276.817,724.633,20,23,500,650,15,235.384,-67.4898,-60,0,3,1,0,approach_zone,15.0697,1
24,fence24,random_waypoint,2,560,520,286.054,720.802,20,0,250,300,15,422.373,-72.5682,-60,0,3,1,0,approach_zone,14.0697,1
24,fence24,random_waypoint,2,560,520,286.054,720.802,20,1,250,350,15,372.584,-71.4787,-60,0,3,1,0,approach_zone,14.0697,1
24,fence24,random_waypoint,2,560,520,286.054,720.802,20,2,250,450,15,273.237,-68.785,-60,0,3,1,0,approach_zone,14.0697,1
24,fence24,random_waypoint,2,560,520,286.054,720.802,20,3,250,550,15,174.637,-64.897,-60,0,3,1,0,approach_zone,14.0697,1
24,fence24,random_waypoint,2,560,520,286.054,720.802,20,4,250,650,15,79.6103,-58.0736,-60,1,3,1,0,approach_zone,14.0697,1
24,fence24,random_waypoint,2,560,520,286.054,720.802,20,5,250,700,15,41.9239,-52.5034,-60,1,3,1,0,approach_zone,14.0697,1
24,fence24,random_waypoint,2,560,520,286.054,720.802,20,6,300,700,15,25.5384,-48.1981,-60,1,3,1,0,approach_zone,14.0697,1
24,fence24,random_waypoint,2,560,520,286.054,720.802,20,7,400,700,15,115.937,-61.3387,-60,0,3,1,0,approach_zone,14.0697,1
24,fence24,random_waypoint,2,560,520,286.054,720.802,20,8,600,700,15,314.674,-70.0114,-60,0,3,1,0,approach_zone,14.0697,1
24,fence24,random_waypoint,2,560,520,286.054,720.802,20,9,700,700,15,414.498,-72.4047,-60,0,3,1,0,approach_zone,14.0697,1
24,fence24,random_waypoint,2,560,520,286.054,720.802,20,10,750,700,15,464.439,-73.3928,-60,0,3,1,0,approach_zone,14.0697,1
24,fence24,random_waypoint,2,560,520,286.054,720.802,20,11,750,650,15,469.344,-73.4841,-60,0,3,1,0,approach_zone,14.0697,1
24,fence24,random_waypoint,2,560,520,286.054,720.802,20,12,750,550,15,494.413,-73.936,-60,0,3,1,0,approach_zone,14.0697,1
24,fence24,random_waypoint,2,560,520,286.054,720.802,20,13,750,450,15,537.219,-74.6573,-60,0,3,1,0,approach_zone,14.0697,1
24,fence24,random_waypoint,2,560,520,286.054,720.802,20,14,750,350,15,593.94,-75.5291,-60,0,3,1,0,approach_zone,14.0697,1
24,fence24,random_waypoint,2,560,520,286.054,720.802,20,15,750,300,15,626.375,-75.9909,-60,0,3,1,0,approach_zone,14.0697,1
24,fence24,random_waypoint,2,560,520,286.054,720.802,20,16,700,300,15,590.297,-75.4756,-60,0,3,1,0,approach_zone,14.0697,1
24,fence24,random_waypoint,2,560,520,286.054,720.802,20,17,600,300,15,525.035,-74.458,-60,0,3,1,0,approach_zone,14.0697,1
24,fence24,random_waypoint,2,560,520,286.054,720.802,20,18,400,300,15,435.985,-72.8437,-60,0,3,1,0,approach_zone,14.0697,1
24,fence24,random_waypoint,2,560,520,286.054,720.802,20,19,300,300,15,421.063,-72.5412,-60,0,3,1,0,approach_zone,14.0697,1
24,fence24,random_waypoint,2,560,520,286.054,720.802,20,20,300,500,15,221.298,-66.9538,-60,0,3,1,0,approach_zone,14.0697,1
24,fence24,random_waypoint,2,560,520,286.054,720.802,20,21,500,350,15,428.126,-72.6857,-60,0,3,1,0,approach_zone,14.0697,1
24,fence24,random_waypoint,2,560,520,286.054,720.802,20,22,700,500,15,469.18,-73.481,-60,0,3,1,0,approach_zone,14.0697,1
24,fence24,random_waypoint,2,560,520,286.054,720.802,20,23,500,650,15,225.413,-67.1138,-60,0,3,1,0,approach_zone,14.0697,1
25,fence24,random_waypoint,2,560,520,295.291,716.97,20,0,250,300,15,419.453,-72.5079,-60,0,3,1,0,approach_zone,13.0697,1
25,fence24,random_waypoint,2,560,520,295.291,716.97,20,1,250,350,15,369.789,-71.4133,-60,0,3,1,0,approach_zone,13.0697,1
25,fence24,random_waypoint,2,560,520,295.291,716.97,20,2,250,450,15,270.831,-68.7082,-60,0,3,1,0,approach_zone,13.0697,1
25,fence24,random_waypoint,2,560,520,295.291,716.97,20,3,250,550,15,173.076,-64.819,-60,0,3,1,0,approach_zone,13.0697,1
25,fence24,random_waypoint,2,560,520,295.291,716.97,20,4,250,650,15,81.0019,-58.2241,-60,1,3,1,0,approach_zone,13.0697,1
25,fence24,random_waypoint,2,560,520,295.291,716.97,20,5,250,700,15,48.6237,-53.7912,-60,1,3,1,0,approach_zone,13.0697,1
25,fence24,random_waypoint,2,560,520,295.291,716.97,20,6,300,700,15,18.3077,-45.3069,-60,1,3,1,0,approach_zone,13.0697,1
25,fence24,random_waypoint,2,560,520,295.291,716.97,20,7,400,700,15,106.193,-60.5762,-60,0,3,1,0,approach_zone,13.0697,1
25,fence24,random_waypoint,2,560,520,295.291,716.97,20,8,600,700,15,305.222,-69.7465,-60,0,3,1,0,approach_zone,13.0697,1
25,fence24,random_waypoint,2,560,520,295.291,716.97,20,9,700,700,15,405.096,-72.2054,-60,0,3,1,0,approach_zone,13.0697,1
25,fence24,random_waypoint,2,560,520,295.291,716.97,20,10,750,700,15,455.053,-73.2155,-60,0,3,1,0,approach_zone,13.0697,1
25,fence24,random_waypoint,2,560,520,295.291,716.97,20,11,750,650,15,459.642,-73.3026,-60,0,3,1,0,approach_zone,13.0697,1
25,fence24,random_waypoint,2,560,520,295.291,716.97,20,12,750,550,15,484.422,-73.7587,-60,0,3,1,0,approach_zone,13.0697,1
25,fence24,random_waypoint,2,560,520,295.291,716.97,20,13,750,450,15,527.313,-74.4956,-60,0,3,1,0,approach_zone,13.0697,1
25,fence24,random_waypoint,2,560,520,295.291,716.97,20,14,750,350,15,584.34,-75.3875,-60,0,3,1,0,approach_zone,13.0697,1
25,fence24,random_waypoint,2,560,520,295.291,716.97,20,15,750,300,15,616.968,-75.8595,-60,0,3,1,0,approach_zone,13.0697,1
25,fence24,random_waypoint,2,560,520,295.291,716.97,20,16,700,300,15,581.101,-75.3393,-60,0,3,1,0,approach_zone,13.0697,1
25,fence24,random_waypoint,2,560,520,295.291,716.97,20,17,600,300,15,516.466,-74.3151,-60,0,3,1,0,approach_zone,13.0697,1
25,fence24,random_waypoint,2,560,520,295.291,716.97,20,18,400,300,15,429.946,-72.7225,-60,0,3,1,0,approach_zone,13.0697,1
25,fence24,random_waypoint,2,560,520,295.291,716.97,20,19,300,300,15,417.027,-72.4575,-60,0,3,1,0,approach_zone,13.0697,1
25,fence24,random_waypoint,2,560,520,295.291,716.97,20,20,300,500,15,217.079,-66.7866,-60,0,3,1,0,approach_zone,13.0697,1
25,fence24,random_waypoint,2,560,520,295.291,716.97,20,21,500,350,15,420.236,-72.5241,-60,0,3,1,0,approach_zone,13.0697,1
25,fence24,random_waypoint,2,560,520,295.291,716.97,20,22,700,500,15,459.228,-73.2948,-60,0,3,1,0,approach_zone,13.0697,1
25,fence24,random_waypoint,2,560,520,295.291,716.97,20,23,500,650,15,215.443,-66.7209,-60,0,3,1,0,approach_zone,13.0697,1
26,fence24,random_waypoint,2,560,520,304.528,713.139,20,0,250,300,15,416.752,-72.4518,-60,0,4,1,0,approach_zone,12.0697,1
26,fence24,random_waypoint,2,560,520,304.528,713.139,20,1,250,350,15,367.244,-71.3533,-60,0,4,1,0,approach_zone,12.0697,1
26,fence24,random_waypoint,2,560,520,304.528,713.139,20,2,250,450,15,268.776,-68.642,-60,0,4,1,0,approach_zone,12.0697,1
26,fence24,random_waypoint,2,560,520,304.528,713.139,20,3,250,550,15,172.083,-64.769,-60,0,4,1,0,approach_zone,12.0697,1
26,fence24,random_waypoint,2,560,520,304.528,713.139,20,4,250,650,15,83.5753,-58.4958,-60,1,4,1,0,approach_zone,12.0697,1
26,fence24,random_waypoint,2,560,520,304.528,713.139,20,5,250,700,15,56.3109,-55.0661,-60,1,4,1,0,approach_zone,12.0697,1
26,fence24,random_waypoint,2,560,520,304.528,713.139,20,6,300,700,15,14.7695,-43.4415,-60,1,4,1,0,approach_zone,12.0697,1
26,fence24,random_waypoint,2,560,520,304.528,713.139,20,7,400,700,15,96.5017,-59.7449,-60,1,4,1,0,approach_zone,12.0697,1
26,fence24,random_waypoint,2,560,520,304.528,713.139,20,8,600,700,15,295.806,-69.4744,-60,0,4,1,0,approach_zone,12.0697,1
26,fence24,random_waypoint,2,560,520,304.528,713.139,20,9,700,700,15,395.722,-72.002,-60,0,4,1,0,approach_zone,12.0697,1
26,fence24,random_waypoint,2,560,520,304.528,713.139,20,10,750,700,15,445.694,-73.035,-60,0,4,1,0,approach_zone,12.0697,1
26,fence24,random_waypoint,2,560,520,304.528,713.139,20,11,750,650,15,449.952,-73.1176,-60,0,4,1,0,approach_zone,12.0697,1
26,fence24,random_waypoint,2,560,520,304.528,713.139,20,12,750,550,15,474.431,-73.5777,-60,0,4,1,0,approach_zone,12.0697,1
26,fence24,random_waypoint,2,560,520,304.528,713.139,20,13,750,450,15,517.41,-74.3309,-60,0,4,1,0,approach_zone,12.0697,1
26,fence24,random_waypoint,2,560,520,304.528,713.139,20,14,750,350,15,574.753,-75.2438,-60,0,4,1,0,approach_zone,12.0697,1
26,fence24,random_waypoint,2,560,520,304.528,713.139,20,15,750,300,15,607.581,-75.7263,-60,0,4,1,0,approach_zone,12.0697,1
26,fence24,random_waypoint,2,560,520,304.528,713.139,20,16,700,300,15,571.933,-75.2011,-60,0,4,1,0,approach_zone,12.0697,1
26,fence24,random_waypoint,2,560,520,304.528,713.139,20,17,600,300,15,507.95,-74.1706,-60,0,4,1,0,approach_zone,12.0697,1
26,fence24,random_waypoint,2,560,520,304.528,713.139,20,18,400,300,15,424.056,-72.6027,-60,0,4,1,0,approach_zone,12.0697,1
26,fence24,random_waypoint,2,560,520,304.528,713.139,20,19,300,300,15,413.194,-72.3773,-60,0,4,1,0,approach_zone,12.0697,1
26,fence24,random_waypoint,2,560,520,304.528,713.139,20,20,300,500,15,213.246,-66.6318,-60,0,4,1,0,approach_zone,12.0697,1
26,fence24,random_waypoint,2,560,520,304.528,713.139,20,21,500,350,15,412.437,-72.3614,-60,0,4,1,0,approach_zone,12.0697,1
26,fence24,random_waypoint,2,560,520,304.528,713.139,20,22,700,500,15,449.279,-73.1045,-60,0,4,1,0,approach_zone,12.0697,1
26,fence24,random_waypoint,2,560,520,304.528,713.139,20,23,500,650,15,205.477,-66.3095,-60,0,4,1,0,approach_zone,12.0697,1
27,fence24,random_waypoint,2,560,520,313.565,708.921,20,0,250,300,15,413.862,-72.3913,-60,0,4,1,0,approach_zone,11.0697,1
27,fence24,random_waypoint,2,560,520,313.565,708.921,20,1,250,350,15,364.54,-71.2891,-60,0,4,1,0,approach_zone,11.0697,1
27,fence24,random_waypoint,2,560,520,313.565,708.921,20,2,250,450,15,266.656,-68.5732,-60,0,4,1,0,approach_zone,11.0697,1
27,fence24,random_waypoint,2,560,520,313.565,708.921,20,3,250,550,15,171.234,-64.726,-60,0,4,1,0,approach_zone,11.0697,1
27,fence24,random_waypoint,2,560,520,313.565,708.921,20,4,250,650,15,86.8164,-58.8263,-60,1,4,1,0,approach_zone,11.0697,1
27,fence24,random_waypoint,2,560,520,313.565,708.921,20,5,250,700,15,64.3819,-56.2295,-60,1,4,1,0,approach_zone,11.0697,1
27,fence24,random_waypoint,2,560,520,313.565,708.921,20,6,300,700,15,16.9875,-44.6568,-60,1,4,1,0,approach_zone,11.0697,1
27,fence24,random_waypoint,2,560,520,313.565,708.921,20,7,400,700,15,87.0383,-58.8484,-60,1,4,1,0,approach_zone,11.0697,1
27,fence24,random_waypoint,2,560,520,313.565,708.921,20,8,600,700,15,286.618,-69.2003,-60,0,4,1,0,approach_zone,11.0697,1
27,fence24,random_waypoint,2,560,520,313.565,708.921,20,9,700,700,15,386.571,-71.7988,-60,0,4,1,0,approach_zone,11.0697,1
27,fence24,random_waypoint,2,560,520,313.565,708.921,20,10,750,700,15,436.555,-72.855,-60,0,4,1,0,approach_zone,11.0697,1
27,fence24,random_waypoint,2,560,520,313.565,708.921,20,11,750,650,15,440.423,-72.9316,-60,0,4,1,0,approach_zone,11.0697,1
27,fence24,random_waypoint,2,560,520,313.565,708.921,20,12,750,550,15,464.496,-73.3939,-60,0,4,1,0,approach_zone,11.0697,1
27,fence24,random_waypoint,2,560,520,313.565,708.921,20,13,750,450,15,507.485,-74.1627,-60,0,4,1,0,approach_zone,11.0697,1
27,fence24,random_waypoint,2,560,520,313.565,708.921,20,14,750,350,15,565.088,-75.0966,-60,0,4,1,0,approach_zone,11.0697,1
27,fence24,random_waypoint,2,560,520,313.565,708.921,20,15,750,300,15,598.094,-75.5896,-60,0,4,1,0,approach_zone,11.0697,1
27,fence24,random_waypoint,2,560,520,313.565,708.921,20,16,700,300,15,562.649,-75.059,-60,0,4,1,0,approach_zone,11.0697,1
27,fence24,random_waypoint,2,560,520,313.565,708.921,20,17,600,300,15,499.286,-74.0212,-60,0,4,1,0,approach_zone,11.0697,1
27,fence24,random_waypoint,2,560,520,313.565,708.921,20,18,400,300,15,417.986,-72.4775,-60,0,4,1,0,approach_zone,11.0697,1
27,fence24,random_waypoint,2,560,520,313.565,708.921,20,19,300,300,15,409.176,-72.2924,-60,0,4,1,0,approach_zone,11.0697,1
27,fence24,random_waypoint,2,560,520,313.565,708.921,20,20,300,500,15,209.42,-66.4746,-60,0,4,1,0,approach_zone,11.0697,1
27,fence24,random_waypoint,2,560,520,313.565,708.921,20,21,500,350,15,404.484,-72.1922,-60,0,4,1,0,approach_zone,11.0697,1
27,fence24,random_waypoint,2,560,520,313.565,708.921,20,22,700,500,15,439.324,-72.9099,-60,0,4,1,0,approach_zone,11.0697,1
27,fence24,random_waypoint,2,560,520,313.565,708.921,20,23,500,650,15,195.588,-65.8811,-60,0,4,1,0,approach_zone,11.0697,1
28,fence24,random_waypoint,2,560,520,322.03,703.598,20,0,250,300,15,410.006,-72.31,-60,0,4,1,0,approach_zone,10.0697,1
28,fence24,random_waypoint,2,560,520,322.03,703.598,20,1,250,350,15,360.895,-71.2018,-60,0,4,1,0,approach_zone,10.0697,1
28,fence24,random_waypoint,2,560,520,322.03,703.598,20,2,250,450,15,263.676,-68.4757,-60,0,4,1,0,approach_zone,10.0697,1
28,fence24,random_waypoint,2,560,520,322.03,703.598,20,3,250,550,15,169.722,-64.649,-60,0,4,1,0,approach_zone,10.0697,1
28,fence24,random_waypoint,2,560,520,322.03,703.598,20,4,250,650,15,89.9228,-59.1316,-60,1,4,1,0,approach_zone,10.0697,1
28,fence24,random_waypoint,2,560,520,322.03,703.598,20,5,250,700,15,72.2932,-57.2362,-60,1,4,1,0,approach_zone,10.0697,1
28,fence24,random_waypoint,2,560,520,322.03,703.598,20,6,300,700,15,22.8753,-47.2416,-60,1,4,1,0,approach_zone,10.0697,1
28,fence24,random_waypoint,2,560,520,322.03,703.598,20,7,400,700,15,78.2126,-57.9198,-60,1,4,1,0,approach_zone,10.0697,1
28,fence24,random_waypoint,2,560,520,322.03,703.598,20,8,600,700,15,278.038,-68.9363,-60,0,4,1,0,approach_zone,10.0697,1
28,fence24,random_waypoint,2,560,520,322.03,703.598,20,9,700,700,15,378.02,-71.6045,-60,0,4,1,0,approach_zone,10.0697,1
28,fence24,random_waypoint,2,560,520,322.03,703.598,20,10,750,700,15,428.014,-72.6834,-60,0,4,1,0,approach_zone,10.0697,1
28,fence24,random_waypoint,2,560,520,322.03,703.598,20,11,750,650,15,431.342,-72.7507,-60,0,4,1,0,approach_zone,10.0697,1
28,fence24,random_waypoint,2,560,520,322.03,703.598,20,12,750,550,15,454.726,-73.2092,-60,0,4,1,0,approach_zone,10.0697,1
28,fence24,random_waypoint,2,560,520,322.03,703.598,20,13,750,450,15,497.489,-73.9899,-60,0,4,1,0,approach_zone,10.0697,1
28,fence24,random_waypoint,2,560,520,322.03,703.598,20,14,750,350,15,555.171,-74.9428,-60,0,4,1,0,approach_zone,10.0697,1
28,fence24,random_waypoint,2,560,520,322.03,703.598,20,15,750,300,15,588.281,-75.4459,-60,0,4,1,0,approach_zone,10.0697,1
28,fence24,random_waypoint,2,560,520,322.03,703.598,20,16,700,300,15,552.971,-74.9083,-60,0,4,1,0,approach_zone,10.0697,1
28,fence24,random_waypoint,2,560,520,322.03,703.598,20,17,600,300,15,490.085,-73.8597,-60,0,4,1,0,approach_zone,10.0697,1
28,fence24,random_waypoint,2,560,520,322.03,703.598,20,18,400,300,15,411.091,-72.333,-60,0,4,1,0,approach_zone,10.0697,1
28,fence24,random_waypoint,2,560,520,322.03,703.598,20,19,300,300,15,404.23,-72.1868,-60,0,4,1,0,approach_zone,10.0697,1
28,fence24,random_waypoint,2,560,520,322.03,703.598,20,20,300,500,15,204.847,-66.2828,-60,0,4,1,0,approach_zone,10.0697,1
28,fence24,random_waypoint,2,560,520,322.03,703.598,20,21,500,350,15,395.891,-72.0057,-60,0,4,1,0,approach_zone,10.0697,1
28,fence24,random_waypoint,2,560,520,322.03,703.598,20,22,700,500,15,429.346,-72.7104,-60,0,4,1,0,approach_zone,10.0697,1
28,fence24,random_waypoint,2,560,520,322.03,703.598,20,23,500,650,15,185.933,-65.4413,-60,0,4,1,0,approach_zone,10.0697,1
29,fence24,random_waypoint,2,560,520,330.496,698.275,20,0,250,300,15,406.359,-72.2324,-60,0,4,1,0,approach_zone,9.06973,1
29,fence24,random_waypoint,2,560,520,330.496,698.275,20,1,250,350,15,357.492,-71.1195,-60,0,4,1,0,approach_zone,9.06973,1
29,fence24,random_waypoint,2,560,520,330.496,698.275,20,2,250,450,15,261.046,-68.3886,-60,0,4,1,0,approach_zone,9.06973,1
29,fence24,random_waypoint,2,560,520,330.496,698.275,20,3,250,550,15,168.79,-64.6012,-60,0,4,1,0,approach_zone,9.06973,1
29,fence24,random_waypoint,2,560,520,330.496,698.275,20,4,250,650,15,93.9953,-59.5164,-60,1,4,1,0,approach_zone,9.06973,1
29,fence24,random_waypoint,2,560,520,330.496,698.275,20,5,250,700,15,80.6697,-58.1884,-60,1,4,1,0,approach_zone,9.06973,1
29,fence24,random_waypoint,2,560,520,330.496,698.275,20,6,300,700,15,30.9513,-49.8678,-60,1,4,1,0,approach_zone,9.06973,1
29,fence24,random_waypoint,2,560,520,330.496,698.275,20,7,400,700,15,69.7049,-56.9195,-60,1,4,1,0,approach_zone,9.06973,1
29,fence24,random_waypoint,2,560,520,330.496,698.275,20,8,600,700,15,269.556,-68.6672,-60,0,4,1,0,approach_zone,9.06973,1
29,fence24,random_waypoint,2,560,520,330.496,698.275,20,9,700,700,15,369.542,-71.4075,-60,0,4,1,0,approach_zone,9.06973,1
29,fence24,random_waypoint,2,560,520,330.496,698.275,20,10,750,700,15,419.537,-72.5096,-60,0,4,1,0,approach_zone,9.06973,1
29,fence24,random_waypoint,2,560,520,330.496,698.275,20,11,750,650,15,422.302,-72.5667,-60,0,4,1,0,approach_zone,9.06973,1
29,fence24,random_waypoint,2,560,520,330.496,698.275,20,12,750,550,15,444.965,-73.0207,-60,0,4,1,0,approach_zone,9.06973,1
29,fence24,random_waypoint,2,560,520,330.496,698.275,20,13,750,450,15,487.493,-73.8136,-60,0,4,1,0,approach_zone,9.06973,1
29,fence24,random_waypoint,2,560,520,330.496,698.275,20,14,750,350,15,545.256,-74.7862,-60,0,4,1,0,approach_zone,9.06973,1
29,fence24,random_waypoint,2,560,520,330.496,698.275,20,15,750,300,15,578.474,-75.2999,-60,0,4,1,0,approach_zone,9.06973,1
29,fence24,random_waypoint,2,560,520,330.496,698.275,20,16,700,300,15,543.306,-74.7551,-60,0,4,1,0,approach_zone,9.06973,1
29,fence24,random_waypoint,2,560,520,330.496,698.275,20,17,600,300,15,480.916,-73.6956,-60,0,4,1,0,approach_zone,9.06973,1
29,fence24,random_waypoint,2,560,520,330.496,698.275,20,18,400,300,15,404.325,-72.1888,-60,0,4,1,0,approach_zone,9.06973,1
29,fence24,random_waypoint,2,560,520,330.496,698.275,20,19,300,300,15,399.472,-72.084,-60,0,4,1,0,approach_zone,9.06973,1
29,fence24,random_waypoint,2,560,520,330.496,698.275,20,20,300,500,15,200.669,-66.1038,-60,0,4,1,0,approach_zone,9.06973,1
29,fence24,random_waypoint,2,560,520,330.496,698.275,20,21,500,350,15,387.366,-71.8166,-60,0,4,1,0,approach_zone,9.06973,1
29,fence24,random_waypoint,2,560,520,330.496,698.275,20,22,700,500,15,419.37,-72.5062,-60,0,4,1,0,approach_zone,9.06973,1
29,fence24,random_waypoint,2,560,520,330.496,698.275,20,23,500,650,15,176.315,-64.98,-60,0,4,1,0,approach_zone,9.06973,1
30,fence24,random_waypoint,2,560,520,338.962,692.953,20,0,250,300,15,402.928,-72.1588,-60,0,4,1,0,approach_zone,8.06973,1
30,fence24,random_waypoint,2,560,520,338.962,692.953,20,1,250,350,15,354.338,-71.0426,-60,0,4,1,0,approach_zone,8.06973,1
30,fence24,random_waypoint,2,560,520,338.962,692.953,20,2,250,450,15,258.776,-68.3127,-60,0,4,1,0,approach_zone,8.06973,1
30,fence24,random_waypoint,2,560,520,338.962,692.953,20,3,250,550,15,168.448,-64.5835,-60,0,4,1,0,approach_zone,8.06973,1
30,fence24,random_waypoint,2,560,520,338.962,692.953,20,4,250,650,15,98.9148,-59.9594,-60,1,4,1,0,approach_zone,8.06973,1
30,fence24,random_waypoint,2,560,520,338.962,692.953,20,5,250,700,15,89.3805,-59.0791,-60,1,4,1,0,approach_zone,8.06973,1
30,fence24,random_waypoint,2,560,520,338.962,692.953,20,6,300,700,15,39.9085,-52.0755,-60,1,4,1,0,approach_zone,8.06973,1
30,fence24,random_waypoint,2,560,520,338.962,692.953,20,7,400,700,15,61.6468,-55.8524,-60,1,4,1,0,approach_zone,8.06973,1
30,fence24,random_waypoint,2,560,520,338.962,692.953,20,8,600,700,15,261.181,-68.3931,-60,0,4,1,0,approach_zone,8.06973,1
30,fence24,random_waypoint,2,560,520,338.962,692.953,20,9,700,700,15,361.142,-71.2078,-60,0,4,1,0,approach_zone,8.06973,1
30,fence24,random_waypoint,2,560,520,338.962,692.953,20,10,750,700,15,411.129,-72.3338,-60,0,4,1,0,approach_zone,8.06973,1
30,fence24,random_waypoint,2,560,520,338.962,692.953,20,11,750,650,15,413.307,-72.3797,-60,0,4,1,0,approach_zone,8.06973,1
30,fence24,random_waypoint,2,560,520,338.962,692.953,20,12,750,550,15,435.216,-72.8283,-60,0,4,1,0,approach_zone,8.06973,1
30,fence24,random_waypoint,2,560,520,338.962,692.953,20,13,750,450,15,477.497,-73.6336,-60,0,4,1,0,approach_zone,8.06973,1
30,fence24,random_waypoint,2,560,520,338.962,692.953,20,14,750,350,15,535.345,-74.6269,-60,0,4,1,0,approach_zone,8.06973,1
30,fence24,random_waypoint,2,560,520,338.962,692.953,20,15,750,300,15,568.673,-75.1515,-60,0,4,1,0,approach_zone,8.06973,1
30,fence24,random_waypoint,2,560,520,338.962,692.953,20,16,700,300,15,533.653,-74.5994,-60,0,4,1,0,approach_zone,8.06973,1
30,fence24,random_waypoint,2,560,520,338.962,692.953,20,17,600,300,15,471.781,-73.529,-60,0,4,1,0,approach_zone,8.06973,1
30,fence24,random_waypoint,2,560,520,338.962,692.953,20,18,400,300,15,397.696,-72.0453,-60,0,4,1,0,approach_zone,8.06973,1
30,fence24,random_waypoint,2,560,520,338.962,692.953,20,19,300,300,15,394.911,-71.9842,-60,0,4,1,0,approach_zone,8.06973,1
30,fence24,random_waypoint,2,560,520,338.962,692.953,20,20,300,500,15,196.91,-65.9396,-60,0,4,1,0,approach_zone,8.06973,1
30,fence24,random_waypoint,2,560,520,338.962,692.953,20,21,500,350,15,378.913,-71.625,-60,0,4,1,0,approach_zone,8.06973,1
30,fence24,random_waypoint,2,560,520,338.962,692.953,20,22,700,500,15,409.395,-72.2971,-60,0,4,1,0,approach_zone,8.06973,1
30,fence24,random_waypoint,2,560,520,338.962,692.953,20,23,500,650,15,166.743,-64.4952,-60,0,4,1,0,approach_zone,8.06973,1
31,fence24,random_waypoint,2,560,520,347.428,687.63,20,0,250,300,15,399.718,-72.0893,-60,0,3,1,0,approach_zone,7.06973,1
31,fence24,random_waypoint,2,560,520,347.428,687.63,20,1,250,350,15,351.441,-70.9713,-60,0,3,1,0,approach_zone,7.06973,1
31,fence24,random_waypoint,2,560,520,347.428,687.63,20,2,250,450,15,256.876,-68.2487,-60,0,3,1,0,approach_zone,7.06973,1
31,fence24,random_waypoint,2,560,520,347.428,687.63,20,3,250,550,15,168.698,-64.5964,-60,0,3,1,0,approach_zone,7.06973,1
31,fence24,random_waypoint,2,560,520,347.428,687.63,20,4,250,650,15,104.562,-60.4417,-60,0,3,1,0,approach_zone,7.06973,1
31,fence24,random_waypoint,2,560,520,347.428,687.63,20,5,250,700,15,98.337,-59.9086,-60,1,3,1,0,approach_zone,7.06973,1
31,fence24,random_waypoint,2,560,520,347.428,687.63,20,6,300,700,15,49.2686,-53.9056,-60,1,3,1,0,approach_zone,7.06973,1
31,fence24,random_waypoint,2,560,520,347.428,687.63,20,7,400,700,15,54.2391,-54.7405,-60,1,3,1,0,approach_zone,7.06973,1
31,fence24,random_waypoint,2,560,520,347.428,687.63,20,8,600,700,15,252.925,-68.114,-60,0,3,1,0,approach_zone,7.06973,1
31,fence24,random_waypoint,2,560,520,347.428,687.63,20,9,700,700,15,352.825,-71.0054,-60,0,3,1,0,approach_zone,7.06973,1
31,fence24,random_waypoint,2,560,520,347.428,687.63,20,10,750,700,15,402.793,-72.1559,-60,0,3,1,0,approach_zone,7.06973,1
31,fence24,random_waypoint,2,560,520,347.428,687.63,20,11,750,650,15,404.358,-72.1895,-60,0,3,1,0,approach_zone,7.06973,1
31,fence24,random_waypoint,2,560,520,347.428,687.63,20,12,750,550,15,425.478,-72.6318,-60,0,3,1,0,approach_zone,7.06973,1
31,fence24,random_waypoint,2,560,520,347.428,687.63,20,13,750,450,15,467.501,-73.4499,-60,0,3,1,0,approach_zone,7.06973,1
31,fence24,random_waypoint,2,560,520,347.428,687.63,20,14,750,350,15,525.436,-74.4646,-60,0,3,1,0,approach_zone,7.06973,1
31,fence24,random_waypoint,2,560,520,347.428,687.63,20,15,750,300,15,558.88,-75.0006,-60,0,3,1,0,approach_zone,7.06973,1
31,fence24,random_waypoint,2,560,520,347.428,687.63,20,16,700,300,15,524.013,-74.4411,-60,0,3,1,0,approach_zone,7.06973,1
31,fence24,random_waypoint,2,560,520,347.428,687.63,20,17,600,300,15,462.682,-73.3599,-60,0,3,1,0,approach_zone,7.06973,1
31,fence24,random_waypoint,2,560,520,347.428,687.63,20,18,400,300,15,391.211,-71.9024,-60,0,3,1,0,approach_zone,7.06973,1
31,fence24,random_waypoint,2,560,520,347.428,687.63,20,19,300,300,15,390.553,-71.8878,-60,0,3,1,0,approach_zone,7.06973,1
31,fence24,random_waypoint,2,560,520,347.428,687.63,20,20,300,500,15,193.596,-65.7921,-60,0,3,1,0,approach_zone,7.06973,1
31,fence24,random_waypoint,2,560,520,347.428,687.63,20,21,500,350,15,370.536,-71.4308,-60,0,3,1,0,approach_zone,7.06973,1
31,fence24,random_waypoint,2,560,520,347.428,687.63,20,22,700,500,15,399.421,-72.0828,-60,0,3,1,0,approach_zone,7.06973,1
31,fence24,random_waypoint,2,560,520,347.428,687.63,20,23,500,650,15,157.224,-63.9846,-60,0,3,1,0,approach_zone,7.06973,1
32,fence24,random_waypoint,2,560,520,355.893,682.307,20,0,250,300,15,396.733,-72.0242,-60,0,2,1,0,approach_zone,6.06973,1
32,fence24,random_waypoint,2,560,520,355.893,682.307,20,1,250,350,15,348.807,-70.9059,-60,0,2,1,0,approach_zone,6.06973,1
32,fence24,random_waypoint,2,560,520,355.893,682.307,20,2,250,450,15,255.353,-68.197,-60,0,2,1,0,approach_zone,6.06973,1
32,fence24,random_waypoint,2,560,520,355.893,682.307,20,3,250,550,15,169.539,-64.6396,-60,0,2,1,0,approach_zone,6.06973,1
32,fence24,random_waypoint,2,560,520,355.893,682.307,20,4,250,650,15,110.825,-60.947,-60,0,2,1,0,approach_zone,6.06973,1
32,fence24,random_waypoint,2,560,520,355.893,682.307,20,5,250,700,15,107.478,-60.6806,-60,0,2,1,0,approach_zone,6.06973,1
32,fence24,random_waypoint,2,560,520,355.893,682.307,20,6,300,700,15,58.8396,-55.4476,-60,1,2,1,0,approach_zone,6.06973,1
32,fence24,random_waypoint,2,560,520,355.893,682.307,20,7,400,700,15,47.7852,-53.6401,-60,1,2,1,0,approach_zone,6.06973,1
32,fence24,random_waypoint,2,560,520,355.893,682.307,20,8,600,700,15,244.798,-67.8304,-60,0,2,1,0,approach_zone,6.06973,1
32,fence24,random_waypoint,2,560,520,355.893,682.307,20,9,700,700,15,344.597,-70.8005,-60,0,2,1,0,approach_zone,6.06973,1
32,fence24,random_waypoint,2,560,520,355.893,682.307,20,10,750,700,15,394.535,-71.9759,-60,0,2,1,0,approach_zone,6.06973,1
32,fence24,random_waypoint,2,560,520,355.893,682.307,20,11,750,650,15,395.46,-71.9963,-60,0,2,1,0,approach_zone,6.06973,1
32,fence24,random_waypoint,2,560,520,355.893,682.307,20,12,750,550,15,415.753,-72.4309,-60,0,2,1,0,approach_zone,6.06973,1
32,fence24,random_waypoint,2,560,520,355.893,682.307,20,13,750,450,15,457.506,-73.2622,-60,0,2,1,0,approach_zone,6.06973,1
32,fence24,random_waypoint,2,560,520,355.893,682.307,20,14,750,350,15,515.532,-74.2993,-60,0,2,1,0,approach_zone,6.06973,1
32,fence24,random_waypoint,2,560,520,355.893,682.307,20,15,750,300,15,549.094,-74.8472,-60,0,2,1,0,approach_zone,6.06973,1
32,fence24,random_waypoint,2,560,520,355.893,682.307,20,16,700,300,15,514.386,-74.28,-60,0,2,1,0,approach_zone,6.06973,1
32,fence24,random_waypoint,2,560,520,355.893,682.307,20,17,600,300,15,453.621,-73.1881,-60,0,2,1,0,approach_zone,6.06973,1
32,fence24,random_waypoint,2,560,520,355.893,682.307,20,18,400,300,15,384.876,-71.7606,-60,0,2,1,0,approach_zone,6.06973,1
32,fence24,random_waypoint,2,560,520,355.893,682.307,20,19,300,300,15,386.404,-71.7951,-60,0,2,1,0,approach_zone,6.06973,1
32,fence24,random_waypoint,2,560,520,355.893,682.307,20,20,300,500,15,190.749,-65.6634,-60,0,2,1,0,approach_zone,6.06973,1
32,fence24,random_waypoint,2,560,520,355.893,682.307,20,21,500,350,15,362.243,-71.2342,-60,0,2,1,0,approach_zone,6.06973,1
32,fence24,random_waypoint,2,560,520,355.893,682.307,20,22,700,500,15,389.449,-71.8632,-60,0,2,1,0,approach_zone,6.06973,1
32,fence24,random_waypoint,2,560,520,355.893,682.307,20,23,500,650,15,147.768,-63.4459,-60,0,2,1,0,approach_zone,6.06973,1
33,fence24,random_waypoint,2,560,520,364.359,676.985,20,0,250,300,15,393.98,-71.9637,-60,0,2,1,0,approach_zone,5.06973,1
33,fence24,random_waypoint,2,560,520,364.359,676.985,20,1,250,350,15,346.442,-70.8468,-60,0,2,1,0,approach_zone,5.06973,1
33,fence24,random_waypoint,2,560,520,364.359,676.985,20,2,250,450,15,254.214,-68.1582,-60,0,2,1,0,approach_zone,5.06973,1
33,fence24,random_waypoint,2,560,520,364.359,676.985,20,3,250,550,15,170.962,-64.7122,-60,0,2,1,0,approach_zone,5.06973,1
33,fence24,random_waypoint,2,560,520,364.359,676.985,20,4,250,650,15,117.606,-61.4628,-60,0,2,1,0,approach_zone,5.06973,1
33,fence24,random_waypoint,2,560,520,364.359,676.985,20,5,250,700,15,116.759,-61.4001,-60,0,2,1,0,approach_zone,5.06973,1
33,fence24,random_waypoint,2,560,520,364.359,676.985,20,6,300,700,15,68.5333,-56.7723,-60,1,2,1,0,approach_zone,5.06973,1
33,fence24,random_waypoint,2,560,520,364.359,676.985,20,7,400,700,15,42.7198,-52.6668,-60,1,2,1,0,approach_zone,5.06973,1
33,fence24,random_waypoint,2,560,520,364.359,676.985,20,8,600,700,15,236.815,-67.5424,-60,0,2,1,0,approach_zone,5.06973,1
33,fence24,random_waypoint,2,560,520,364.359,676.985,20,9,700,700,15,336.466,-70.5931,-60,0,2,1,0,approach_zone,5.06973,1
33,fence24,random_waypoint,2,560,520,364.359,676.985,20,10,750,700,15,386.359,-71.7941,-60,0,2,1,0,approach_zone,5.06973,1
33,fence24,random_waypoint,2,560,520,364.359,676.985,20,11,750,650,15,386.616,-71.7998,-60,0,2,1,0,approach_zone,5.06973,1
33,fence24,random_waypoint,2,560,520,364.359,676.985,20,12,750,550,15,406.041,-72.2256,-60,0,2,1,0,approach_zone,5.06973,1
33,fence24,random_waypoint,2,560,520,364.359,676.985,20,13,750,450,15,447.511,-73.0703,-60,0,2,1,0,approach_zone,5.06973,1
33,fence24,random_waypoint,2,560,520,364.359,676.985,20,14,750,350,15,505.631,-74.1309,-60,0,2,1,0,approach_zone,5.06973,1
33,fence24,random_waypoint,2,560,520,364.359,676.985,20,15,750,300,15,539.316,-74.6911,-60,0,2,1,0,approach_zone,5.06973,1
33,fence24,random_waypoint,2,560,520,364.359,676.985,20,16,700,300,15,504.774,-74.1162,-60,0,2,1,0,approach_zone,5.06973,1
33,fence24,random_waypoint,2,560,520,364.359,676.985,20,17,600,300,15,444.6,-73.0136,-60,0,2,1,0,approach_zone,5.06973,1
33,fence24,random_waypoint,2,560,520,364.359,676.985,20,18,400,300,15,378.699,-71.6201,-60,0,2,1,0,approach_zone,5.06973,1
33,fence24,random_waypoint,2,560,520,364.359,676.985,20,19,300,300,15,382.472,-71.7062,-60,0,2,1,0,approach_zone,5.06973,1
33,fence24,random_waypoint,2,560,520,364.359,676.985,20,20,300,500,15,188.39,-65.5554,-60,0,2,1,0,approach_zone,5.06973,1
33,fence24,random_waypoint,2,560,520,364.359,676.985,20,21,500,350,15,354.037,-71.0352,-60,0,2,1,0,approach_zone,5.06973,1
33,fence24,random_waypoint,2,560,520,364.359,676.985,20,22,700,500,15,379.478,-71.638,-60,0,2,1,0,approach_zone,5.06973,1
33,fence24,random_waypoint,2,560,520,364.359,676.985,20,23,500,650,15,138.389,-62.8763,-60,0,2,1,0,approach_zone,5.06973,1
34,fence24,random_waypoint,2,560,520,372.825,671.662,20,0,250,300,15,391.463,-71.908,-60,0,2,1,0,approach_zone,4.06973,1
34,fence24,random_waypoint,2,560,520,372.825,671.662,20,1,250,350,15,344.351,-70.7942,-60,0,2,1,0,approach_zone,4.06973,1
34,fence24,random_waypoint,2,560,520,372.825,671.662,20,2,250,450,15,253.466,-68.1326,-60,0,2,1,0,approach_zone,4.06973,1
34,fence24,random_waypoint,2,560,520,372.825,671.662,20,3,250,550,15,172.952,-64.8128,-60,0,2,1,0,approach_zone,4.06973,1
34,fence24,random_waypoint,2,560,520,372.825,671.662,20,4,250,650,15,124.821,-61.98,-60,0,2,1,0,approach_zone,4.06973,1
34,fence24,random_waypoint,2,560,520,372.825,671.662,20,5,250,700,15,126.151,-62.072,-60,0,2,1,0,approach_zone,4.06973,1
34,fence24,random_waypoint,2,560,520,372.825,671.662,20,6,300,700,15,78.304,-57.9299,-60,1,2,1,0,approach_zone,4.06973,1
34,fence24,random_waypoint,2,560,520,372.825,671.662,20,7,400,700,15,39.5795,-52.0036,-60,1,2,1,0,approach_zone,4.06973,1
34,fence24,random_waypoint,2,560,520,372.825,671.662,20,8,600,700,15,228.99,-67.2506,-60,0,2,1,0,approach_zone,4.06973,1
34,fence24,random_waypoint,2,560,520,372.825,671.662,20,9,700,700,15,328.438,-70.3833,-60,0,2,1,0,approach_zone,4.06973,1
34,fence24,random_waypoint,2,560,520,372.825,671.662,20,10,750,700,15,378.271,-71.6103,-60,0,2,1,0,approach_zone,4.06973,1
34,fence24,random_waypoint,2,560,520,372.825,671.662,20,11,750,650,15,377.83,-71.6001,-60,0,2,1,0,approach_zone,4.06973,1
34,fence24,random_waypoint,2,560,520,372.825,671.662,20,12,750,550,15,396.343,-72.0156,-60,0,2,1,0,approach_zone,4.06973,1
34,fence24,random_waypoint,2,560,520,372.825,671.662,20,13,750,450,15,437.516,-72.8741,-60,0,2,1,0,approach_zone,4.06973,1
34,fence24,random_waypoint,2,560,520,372.825,671.662,20,14,750,350,15,495.734,-73.9592,-60,0,2,1,0,approach_zone,4.06973,1
34,fence24,random_waypoint,2,560,520,372.825,671.662,20,15,750,300,15,529.546,-74.5323,-60,0,2,1,0,approach_zone,4.06973,1
34,fence24,random_waypoint,2,560,520,372.825,671.662,20,16,700,300,15,495.178,-73.9494,-60,0,2,1,0,approach_zone,4.06973,1
34,fence24,random_waypoint,2,560,520,372.825,671.662,20,17,600,300,15,435.621,-72.8364,-60,0,2,1,0,approach_zone,4.06973,1
34,fence24,random_waypoint,2,560,520,372.825,671.662,20,18,400,300,15,372.688,-71.4811,-60,0,2,1,0,approach_zone,4.06973,1
34,fence24,random_waypoint,2,560,520,372.825,671.662,20,19,300,300,15,378.762,-71.6216,-60,0,2,1,0,approach_zone,4.06973,1
34,fence24,random_waypoint,2,560,520,372.825,671.662,20,20,300,500,15,186.538,-65.4696,-60,0,2,1,0,approach_zone,4.06973,1
34,fence24,random_waypoint,2,560,520,372.825,671.662,20,21,500,350,15,345.926,-70.8339,-60,0,2,1,0,approach_zone,4.06973,1
34,fence24,random_waypoint,2,560,520,372.825,671.662,20,22,700,500,15,369.508,-71.4067,-60,0,2,1,0,approach_zone,4.06973,1
34,fence24,random_waypoint,2,560,520,372.825,671.662,20,23,500,650,15,129.104,-62.273,-60,0,2,1,0,approach_zone,4.06973,1
35,fence24,random_waypoint,2,560,520,381.291,666.339,20,0,250,300,15,389.187,-71.8574,-60,0,2,1,0,approach_zone,3.06973,1
35,fence24,random_waypoint,2,560,520,381.291,666.339,20,1,250,350,15,342.539,-70.7484,-60,0,2,1,0,approach_zone,3.06973,1
35,fence24,random_waypoint,2,560,520,381.291,666.339,20,2,250,450,15,253.11,-68.1204,-60,0,2,1,0,approach_zone,3.06973,1
35,fence24,random_waypoint,2,560,520,381.291,666.339,20,3,250,550,15,175.491,-64.9393,-60,0,2,1,0,approach_zone,3.06973,1
35,fence24,random_waypoint,2,560,520,381.291,666.339,20,4,250,650,15,132.398,-62.4918,-60,0,2,1,0,approach_zone,3.06973,1
35,fence24,random_waypoint,2,560,520,381.291,666.339,20,5,250,700,15,135.629,-62.7013,-60,0,2,1,0,approach_zone,3.06973,1
35,fence24,random_waypoint,2,560,520,381.291,666.339,20,6,300,700,15,88.1262,-58.9563,-60,1,2,1,0,approach_zone,3.06973,1
35,fence24,random_waypoint,2,560,520,381.291,666.339,20,7,400,700,15,38.8341,-51.8385,-60,1,2,1,0,approach_zone,3.06973,1
35,fence24,random_waypoint,2,560,520,381.291,666.339,20,8,600,700,15,221.341,-66.9555,-60,0,2,1,0,approach_zone,3.06973,1
35,fence24,random_waypoint,2,560,520,381.291,666.339,20,9,700,700,15,320.521,-70.1714,-60,0,2,1,0,approach_zone,3.06973,1
35,fence24,random_waypoint,2,560,520,381.291,666.339,20,10,750,700,15,370.276,-71.4247,-60,0,2,1,0,approach_zone,3.06973,1
35,fence24,random_waypoint,2,560,520,381.291,666.339,20,11,750,650,15,369.105,-71.3972,-60,0,2,1,0,approach_zone,3.06973,1
35,fence24,random_waypoint,2,560,520,381.291,666.339,20,12,750,550,15,386.661,-71.8008,-60,0,2,1,0,approach_zone,3.06973,1
35,fence24,random_waypoint,2,560,520,381.291,666.339,20,13,750,450,15,427.521,-72.6734,-60,0,2,1,0,approach_zone,3.06973,1
35,fence24,random_waypoint,2,560,520,381.291,666.339,20,14,750,350,15,485.842,-73.7841,-60,0,2,1,0,approach_zone,3.06973,1
35,fence24,random_waypoint,2,560,520,381.291,666.339,20,15,750,300,15,519.785,-74.3707,-60,0,2,1,0,approach_zone,3.06973,1
35,fence24,random_waypoint,2,560,520,381.291,666.339,20,16,700,300,15,485.598,-73.7798,-60,0,2,1,0,approach_zone,3.06973,1
35,fence24,random_waypoint,2,560,520,381.291,666.339,20,17,600,300,15,426.689,-72.6564,-60,0,2,1,0,approach_zone,3.06973,1
35,fence24,random_waypoint,2,560,520,381.291,666.339,20,18,400,300,15,366.851,-71.344,-60,0,2,1,0,approach_zone,3.06973,1
35,fence24,random_waypoint,2,560,520,381.291,666.339,20,19,300,300,15,375.283,-71.5414,-60,0,2,1,0,approach_zone,3.06973,1
35,fence24,random_waypoint,2,560,520,381.291,666.339,20,20,300,500,15,185.208,-65.4074,-60,0,2,1,0,approach_zone,3.06973,1
35,fence24,random_waypoint,2,560,520,381.291,666.339,20,21,500,350,15,337.916,-70.6304,-60,0,2,1,0,approach_zone,3.06973,1
35,fence24,random_waypoint,2,560,520,381.291,666.339,20,22,700,500,15,359.541,-71.1692,-60,0,2,1,0,approach_zone,3.06973,1
35,fence24,random_waypoint,2,560,520,381.291,666.339,20,23,500,650,15,119.933,-61.633,-60,0,2,1,0,approach_zone,3.06973,1
36,fence24,random_waypoint,2,560,520,389.756,661.017,20,0,250,300,15,387.156,-71.8119,-60,0,2,1,0,approach_zone,2.06973,1
36,fence24,random_waypoint,2,560,520,389.756,661.017,20,1,250,350,15,341.01,-70.7096,-60,0,2,1,0,approach_zone,2.06973,1
36,fence24,random_waypoint,2,560,520,389.756,661.017,20,2,250,450,15,253.15,-68.1218,-60,0,2,1,0,approach_zone,2.06973,1
36,fence24,random_waypoint,2,560,520,389.756,661.017,20,3,250,550,15,178.554,-65.0896,-60,0,2,1,0,approach_zone,2.06973,1
36,fence24,random_waypoint,2,560,520,389.756,661.017,20,4,250,650,15,140.279,-62.9941,-60,0,2,1,0,approach_zone,2.06973,1
36,fence24,random_waypoint,2,560,520,389.756,661.017,20,5,250,700,15,145.178,-63.2922,-60,0,2,1,0,approach_zone,2.06973,1
36,fence24,random_waypoint,2,560,520,389.756,661.017,20,6,300,700,15,97.9843,-59.8774,-60,1,2,1,0,approach_zone,2.06973,1
36,fence24,random_waypoint,2,560,520,389.756,661.017,20,7,400,700,15,40.6158,-52.2281,-60,1,2,1,0,approach_zone,2.06973,1
36,fence24,random_waypoint,2,560,520,389.756,661.017,20,8,600,700,15,213.886,-66.6579,-60,0,2,1,0,approach_zone,2.06973,1
36,fence24,random_waypoint,2,560,520,389.756,661.017,20,9,700,700,15,312.723,-69.9574,-60,0,2,1,0,approach_zone,2.06973,1
36,fence24,random_waypoint,2,560,520,389.756,661.017,20,10,750,700,15,362.381,-71.2375,-60,0,2,1,0,approach_zone,2.06973,1
36,fence24,random_waypoint,2,560,520,389.756,661.017,20,11,750,650,15,360.447,-71.191,-60,0,2,1,0,approach_zone,2.06973,1
36,fence24,random_waypoint,2,560,520,389.756,661.017,20,12,750,550,15,376.995,-71.5809,-60,0,2,1,0,approach_zone,2.06973,1
36,fence24,random_waypoint,2,560,520,389.756,661.017,20,13,750,450,15,417.527,-72.4679,-60,0,2,1,0,approach_zone,2.06973,1
36,fence24,random_waypoint,2,560,520,389.756,661.017,20,14,750,350,15,475.953,-73.6055,-60,0,2,1,0,approach_zone,2.06973,1
36,fence24,random_waypoint,2,560,520,389.756,661.017,20,15,750,300,15,510.033,-74.2062,-60,0,2,1,0,approach_zone,2.06973,1
36,fence24,random_waypoint,2,560,520,389.756,661.017,20,16,700,300,15,476.035,-73.607,-60,0,2,1,0,approach_zone,2.06973,1
36,fence24,random_waypoint,2,560,520,389.756,661.017,20,17,600,300,15,417.804,-72.4737,-60,0,2,1,0,approach_zone,2.06973,1
36,fence24,random_waypoint,2,560,520,389.756,661.017,20,18,400,300,15,361.196,-71.2091,-60,0,2,1,0,approach_zone,2.06973,1
36,fence24,random_waypoint,2,560,520,389.756,661.017,20,19,300,300,15,372.041,-71.466,-60,0,2,1,0,approach_zone,2.06973,1
36,fence24,random_waypoint,2,560,520,389.756,661.017,20,20,300,500,15,184.411,-65.37,-60,0,2,1,0,approach_zone,2.06973,1
36,fence24,random_waypoint,2,560,520,389.756,661.017,20,21,500,350,15,330.015,-70.4249,-60,0,2,1,0,approach_zone,2.06973,1
36,fence24,random_waypoint,2,560,520,389.756,661.017,20,22,700,500,15,349.575,-70.925,-60,0,2,1,0,approach_zone,2.06973,1
36,fence24,random_waypoint,2,560,520,389.756,661.017,20,23,500,650,15,110.905,-60.9533,-60,0,2,1,0,approach_zone,2.06973,1
37,fence24,random_waypoint,2,560,520,398.222,655.694,20,0,250,300,15,385.374,-71.7719,-60,0,1,0,0,approach_zone,1.06973,1
37,fence24,random_waypoint,2,560,520,398.222,655.694,20,1,250,350,15,339.77,-70.6779,-60,0,1,0,0,approach_zone,1.06973,1
37,fence24,random_waypoint,2,560,520,398.222,655.694,20,2,250,450,15,253.584,-68.1367,-60,0,1,0,0,approach_zone,1.06973,1
37,fence24,random_waypoint,2,560,520,398.222,655.694,20,3,250,550,15,182.115,-65.2612,-60,0,1,0,0,approach_zone,1.06973,1
37,fence24,random_waypoint,2,560,520,398.222,655.694,20,4,250,650,15,148.416,-63.4838,-60,0,1,0,0,approach_zone,1.06973,1
37,fence24,random_waypoint,2,560,520,398.222,655.694,20,5,250,700,15,154.783,-63.8487,-60,0,1,0,0,approach_zone,1.06973,1
37,fence24,random_waypoint,2,560,520,398.222,655.694,20,6,300,700,15,107.869,-60.7121,-60,0,1,0,0,approach_zone,1.06973,1
37,fence24,random_waypoint,2,560,520,398.222,655.694,20,7,400,700,15,44.6228,-53.0454,-60,1,1,0,0,approach_zone,1.06973,1
37,fence24,random_waypoint,2,560,520,398.222,655.694,20,8,600,700,15,206.645,-66.3587,-60,0,1,0,0,approach_zone,1.06973,1
37,fence24,random_waypoint,2,560,520,398.222,655.694,20,9,700,700,15,305.054,-69.7418,-60,0,1,0,0,approach_zone,1.06973,1
37,fence24,random_waypoint,2,560,520,398.222,655.694,20,10,750,700,15,354.592,-71.0488,-60,0,1,0,0,approach_zone,1.06973,1
37,fence24,random_waypoint,2,560,520,398.222,655.694,20,11,750,650,15,351.859,-70.9816,-60,0,1,0,0,approach_zone,1.06973,1
37,fence24,random_waypoint,2,560,520,398.222,655.694,20,12,750,550,15,367.347,-71.3558,-60,0,1,0,0,approach_zone,1.06973,1
37,fence24,random_waypoint,2,560,520,398.222,655.694,20,13,750,450,15,407.532,-72.2575,-60,0,1,0,0,approach_zone,1.06973,1
37,fence24,random_waypoint,2,560,520,398.222,655.694,20,14,750,350,15,466.07,-73.4233,-60,0,1,0,0,approach_zone,1.06973,1
37,fence24,random_waypoint,2,560,520,398.222,655.694,20,15,750,300,15,500.291,-74.0387,-60,0,1,0,0,approach_zone,1.06973,1
37,fence24,random_waypoint,2,560,520,398.222,655.694,20,16,700,300,15,466.49,-73.4311,-60,0,1,0,0,approach_zone,1.06973,1
37,fence24,random_waypoint,2,560,520,398.222,655.694,20,17,600,300,15,408.971,-72.2881,-60,0,1,0,0,approach_zone,1.06973,1
37,fence24,random_waypoint,2,560,520,398.222,655.694,20,18,400,300,15,355.733,-71.0767,-60,0,1,0,0,approach_zone,1.06973,1
37,fence24,random_waypoint,2,560,520,398.222,655.694,20,19,300,300,15,369.04,-71.3957,-60,0,1,0,0,approach_zone,1.06973,1
37,fence24,random_waypoint,2,560,520,398.222,655.694,20,20,300,500,15,184.155,-65.3579,-60,0,1,0,0,approach_zone,1.06973,1
37,fence24,random_waypoint,2,560,520,398.222,655.694,20,21,500,350,15,322.23,-70.2176,-60,0,1,0,0,approach_zone,1.06973,1
37,fence24,random_waypoint,2,560,520,398.222,655.694,20,22,700,500,15,339.611,-70.6739,-60,0,1,0,0,approach_zone,1.06973,1
37,fence24,random_waypoint,2,560,520,398.222,655.694,20,23,500,650,15,102.06,-60.2313,-60,0,1,0,0,approach_zone,1.06973,1
38,fence24,random_waypoint,2,560,520,406.688,650.371,20,0,250,300,15,383.844,-71.7373,-60,0,2,1,0,perimeter_crossing,0.0697329,1
38,fence24,random_waypoint,2,560,520,406.688,650.371,20,1,250,350,15,338.82,-70.6536,-60,0,2,1,0,perimeter_crossing,0.0697329,1
38,fence24,random_waypoint,2,560,520,406.688,650.371,20,2,250,450,15,254.411,-68.1649,-60,0,2,1,0,perimeter_crossing,0.0697329,1
38,fence24,random_waypoint,2,560,520,406.688,650.371,20,3,250,550,15,186.146,-65.4513,-60,0,2,1,0,perimeter_crossing,0.0697329,1
38,fence24,random_waypoint,2,560,520,406.688,650.371,20,4,250,650,15,156.768,-63.9594,-60,0,2,1,0,perimeter_crossing,0.0697329,1
38,fence24,random_waypoint,2,560,520,406.688,650.371,20,5,250,700,15,164.436,-64.3742,-60,0,2,1,0,perimeter_crossing,0.0697329,1
38,fence24,random_waypoint,2,560,520,406.688,650.371,20,6,300,700,15,117.772,-61.4751,-60,0,2,1,0,perimeter_crossing,0.0697329,1
38,fence24,random_waypoint,2,560,520,406.688,650.371,20,7,400,700,15,50.3264,-54.0901,-60,1,2,1,0,perimeter_crossing,0.0697329,1
38,fence24,random_waypoint,2,560,520,406.688,650.371,20,8,600,700,15,199.644,-66.0593,-60,0,2,1,0,perimeter_crossing,0.0697329,1
38,fence24,random_waypoint,2,560,520,406.688,650.371,20,9,700,700,15,297.523,-69.5246,-60,0,2,1,0,perimeter_crossing,0.0697329,1
38,fence24,random_waypoint,2,560,520,406.688,650.371,20,10,750,700,15,346.917,-70.8587,-60,0,2,1,0,perimeter_crossing,0.0697329,1
38,fence24,random_waypoint,2,560,520,406.688,650.371,20,11,750,650,15,343.349,-70.7689,-60,0,2,1,0,perimeter_crossing,0.0697329,1
38,fence24,random_waypoint,2,560,520,406.688,650.371,20,12,750,550,15,357.719,-71.1251,-60,0,2,1,0,perimeter_crossing,0.0697329,1
38,fence24,random_waypoint,2,560,520,406.688,650.371,20,13,750,450,15,397.538,-72.0418,-60,0,2,1,0,perimeter_crossing,0.0697329,1
38,fence24,random_waypoint,2,560,520,406.688,650.371,20,14,750,350,15,456.192,-73.2372,-60,0,2,1,0,perimeter_crossing,0.0697329,1
38,fence24,random_waypoint,2,560,520,406.688,650.371,20,15,750,300,15,490.559,-73.868,-60,0,2,1,0,perimeter_crossing,0.0697329,1
38,fence24,random_waypoint,2,560,520,406.688,650.371,20,16,700,300,15,456.965,-73.2519,-60,0,2,1,0,perimeter_crossing,0.0697329,1
38,fence24,random_waypoint,2,560,520,406.688,650.371,20,17,600,300,15,400.193,-72.0996,-60,0,2,1,0,perimeter_crossing,0.0697329,1
38,fence24,random_waypoint,2,560,520,406.688,650.371,20,18,400,300,15,350.471,-70.9473,-60,0,2,1,0,perimeter_crossing,0.0697329,1
38,fence24,random_waypoint,2,560,520,406.688,650.371,20,19,300,300,15,366.289,-71.3307,-60,0,2,1,0,perimeter_crossing,0.0697329,1
38,fence24,random_waypoint,2,560,520,406.688,650.371,20,20,300,500,15,184.442,-65.3714,-60,0,2,1,0,perimeter_crossing,0.0697329,1
38,fence24,random_waypoint,2,560,520,406.688,650.371,20,21,500,350,15,314.571,-70.0086,-60,0,2,1,0,perimeter_crossing,0.0697329,1
38,fence24,random_waypoint,2,560,520,406.688,650.371,20,22,700,500,15,329.649,-70.4153,-60,0,2,1,0,perimeter_crossing,0.0697329,1
38,fence24,random_waypoint,2,560,520,406.688,650.371,20,23,500,650,15,93.4467,-59.4655,-60,1,2,1,0,perimeter_crossing,0.0697329,1
39,fence24,random_waypoint,2,560,520,415.154,645.048,20,0,250,300,15,382.569,-71.7084,-60,0,2,1,1,perimeter_crossing,0,1
39,fence24,random_waypoint,2,560,520,415.154,645.048,20,1,250,350,15,338.163,-70.6368,-60,0,2,1,1,perimeter_crossing,0,1
39,fence24,random_waypoint,2,560,520,415.154,645.048,20,2,250,450,15,255.626,-68.2063,-60,0,2,1,1,perimeter_crossing,0,1
39,fence24,random_waypoint,2,560,520,415.154,645.048,20,3,250,550,15,190.617,-65.6575,-60,0,2,1,1,perimeter_crossing,0,1
39,fence24,random_waypoint,2,560,520,415.154,645.048,20,4,250,650,15,165.304,-64.4199,-60,0,2,1,1,perimeter_crossing,0,1
39,fence24,random_waypoint,2,560,520,415.154,645.048,20,5,250,700,15,174.128,-64.8716,-60,0,2,1,1,perimeter_crossing,0,1
39,fence24,random_waypoint,2,560,520,415.154,645.048,20,6,300,700,15,127.691,-62.1774,-60,0,2,1,1,perimeter_crossing,0,1
39,fence24,random_waypoint,2,560,520,415.154,645.048,20,7,400,700,15,57.2215,-55.2054,-60,1,2,1,1,perimeter_crossing,0,1
39,fence24,random_waypoint,2,560,520,415.154,645.048,20,8,600,700,15,192.906,-65.7612,-60,0,2,1,1,perimeter_crossing,0,1
39,fence24,random_waypoint,2,560,520,415.154,645.048,20,9,700,700,15,290.142,-69.3064,-60,0,2,1,1,perimeter_crossing,0,1
39,fence24,random_waypoint,2,560,520,415.154,645.048,20,10,750,700,15,339.362,-70.6675,-60,0,2,1,1,perimeter_crossing,0,1
39,fence24,random_waypoint,2,560,520,415.154,645.048,20,11,750,650,15,334.92,-70.5531,-60,0,2,1,1,perimeter_crossing,0,1
39,fence24,random_waypoint,2,560,520,415.154,645.048,20,12,750,550,15,348.111,-70.8886,-60,0,2,1,1,perimeter_crossing,0,1
39,fence24,random_waypoint,2,560,520,415.154,645.048,20,13,750,450,15,387.545,-71.8207,-60,0,2,1,1,perimeter_crossing,0,1
39,fence24,random_waypoint,2,560,520,415.154,645.048,20,14,750,350,15,446.319,-73.0471,-60,0,2,1,1,perimeter_crossing,0,1
39,fence24,random_waypoint,2,560,520,415.154,645.048,20,15,750,300,15,480.838,-73.6942,-60,0,2,1,1,perimeter_crossing,0,1
39,fence24,random_waypoint,2,560,520,415.154,645.048,20,16,700,300,15,447.46,-73.0693,-60,0,2,1,1,perimeter_crossing,0,1
39,fence24,random_waypoint,2,560,520,415.154,645.048,20,17,600,300,15,391.474,-71.9083,-60,0,2,1,1,perimeter_crossing,0,1
39,fence24,random_waypoint,2,560,520,415.154,645.048,20,18,400,300,15,345.417,-70.8211,-60,0,2,1,1,perimeter_crossing,0,1
39,fence24,random_waypoint,2,560,520,415.154,645.048,20,19,300,300,15,363.791,-71.2713,-60,0,2,1,1,perimeter_crossing,0,1
39,fence24,random_waypoint,2,560,520,415.154,645.048,20,20,300,500,15,185.269,-65.4103,-60,0,2,1,1,perimeter_crossing,0,1
39,fence24,random_waypoint,2,560,520,415.154,645.048,20,21,500,350,15,307.046,-69.7983,-60,0,2,1,1,perimeter_crossing,0,1
39,fence24,random_waypoint,2,560,520,415.154,645.048,20,22,700,500,15,319.69,-70.1488,-60,0,2,1,1,perimeter_crossing,0,1
39,fence24,random_waypoint,2,560,520,415.154,645.048,20,23,500,650,15,85.1376,-58.6567,-60,1,2,1,1,perimeter_crossing,0,1
40,fence24,random_waypoint,2,560,520,423.619,639.726,20,0,250,300,15,381.553,-71.6853,-60,0,2,1,1,internal_airspace,0,1
40,fence24,random_waypoint,2,560,520,423.619,639.726,20,1,250,350,15,337.801,-70.6275,-60,0,2,1,1,internal_airspace,0,1
40,fence24,random_waypoint,2,560,520,423.619,639.726,20,2,250,450,15,257.225,-68.2605,-60,0,2,1,1,internal_airspace,0,1
40,fence24,random_waypoint,2,560,520,423.619,639.726,20,3,250,550,15,195.498,-65.8771,-60,0,2,1,1,internal_airspace,0,1
40,fence24,random_waypoint,2,560,520,423.619,639.726,20,4,250,650,15,173.995,-64.865,-60,0,2,1,1,internal_airspace,0,1
40,fence24,random_waypoint,2,560,520,423.619,639.726,20,5,250,700,15,183.852,-65.3436,-60,0,2,1,1,internal_airspace,0,1
40,fence24,random_waypoint,2,560,520,423.619,639.726,20,6,300,700,15,137.622,-62.828,-60,0,2,1,1,internal_airspace,0,1
40,fence24,random_waypoint,2,560,520,423.619,639.726,20,7,400,700,15,64.9296,-56.3031,-60,1,2,1,1,internal_airspace,0,1
40,fence24,random_waypoint,2,560,520,423.619,639.726,20,8,600,700,15,186.462,-65.466,-60,0,2,1,1,internal_airspace,0,1
40,fence24,random_waypoint,2,560,520,423.619,639.726,20,9,700,700,15,282.921,-69.0875,-60,0,2,1,1,internal_airspace,0,1
40,fence24,random_waypoint,2,560,520,423.619,639.726,20,10,750,700,15,331.937,-70.4753,-60,0,2,1,1,internal_airspace,0,1
40,fence24,random_waypoint,2,560,520,423.619,639.726,20,11,750,650,15,326.581,-70.334,-60,0,2,1,1,internal_airspace,0,1
40,fence24,random_waypoint,2,560,520,423.619,639.726,20,12,750,550,15,338.526,-70.6461,-60,0,2,1,1,internal_airspace,0,1
40,fence24,random_waypoint,2,560,520,423.619,639.726,20,13,750,450,15,377.552,-71.5937,-60,0,2,1,1,internal_airspace,0,1
40,fence24,random_waypoint,2,560,520,423.619,639.726,20,14,750,350,15,436.452,-72.853,-60,0,2,1,1,internal_airspace,0,1
40,fence24,random_waypoint,2,560,520,423.619,639.726,20,15,750,300,15,471.129,-73.517,-60,0,2,1,1,internal_airspace,0,1
40,fence24,random_waypoint,2,560,520,423.619,639.726,20,16,700,300,15,437.978,-72.8833,-60,0,2,1,1,internal_airspace,0,1
40,fence24,random_waypoint,2,560,520,423.619,639.726,20,17,600,300,15,382.817,-71.714,-60,0,2,1,1,internal_airspace,0,1
40,fence24,random_waypoint,2,560,520,423.619,639.726,20,18,400,300,15,340.583,-70.6987,-60,0,2,1,1,internal_airspace,0,1
40,fence24,random_waypoint,2,560,520,423.619,639.726,20,19,300,300,15,361.553,-71.2177,-60,0,2,1,1,internal_airspace,0,1
40,fence24,random_waypoint,2,560,520,423.619,639.726,20,20,300,500,15,186.628,-65.4738,-60,0,2,1,1,internal_airspace,0,1
40,fence24,random_waypoint,2,560,520,423.619,639.726,20,21,500,350,15,299.667,-69.587,-60,0,2,1,1,internal_airspace,0,1
40,fence24,random_waypoint,2,560,520,423.619,639.726,20,22,700,500,15,309.733,-69.874,-60,0,2,1,1,internal_airspace,0,1
40,fence24,random_waypoint,2,560,520,423.619,639.726,20,23,500,650,15,77.2305,-57.81,-60,1,2,1,1,internal_airspace,0,1
41,fence24,random_waypoint,2,560,520,432.085,634.403,20,0,250,300,15,380.796,-71.6681,-60,0,2,1,1,internal_airspace,0,1
41,fence24,random_waypoint,2,560,520,432.085,634.403,20,1,250,350,15,337.735,-70.6258,-60,0,2,1,1,internal_airspace,0,1
41,fence24,random_waypoint,2,560,520,432.085,634.403,20,2,250,450,15,259.2,-68.3269,-60,0,2,1,1,internal_airspace,0,1
41,fence24,random_waypoint,2,560,520,432.085,634.403,20,3,250,550,15,200.758,-66.1077,-60,0,2,1,1,internal_airspace,0,1
41,fence24,random_waypoint,2,560,520,432.085,634.403,20,4,250,650,15,182.82,-65.2947,-60,0,2,1,1,internal_airspace,0,1
41,fence24,random_waypoint,2,560,520,432.085,634.403,20,5,250,700,15,193.605,-65.7926,-60,0,2,1,1,internal_airspace,0,1
41,fence24,random_waypoint,2,560,520,432.085,634.403,20,6,300,700,15,147.562,-63.4337,-60,0,2,1,1,internal_airspace,0,1
41,fence24,random_waypoint,2,560,520,432.085,634.403,20,7,400,700,15,73.1943,-57.3438,-60,1,2,1,1,internal_airspace,0,1
41,fence24,random_waypoint,2,560,520,432.085,634.403,20,8,600,700,15,180.342,-65.1762,-60,0,2,1,1,internal_airspace,0,1
41,fence24,random_waypoint,2,560,520,432.085,634.403,20,9,700,700,15,275.874,-68.8684,-60,0,2,1,1,internal_airspace,0,1
41,fence24,random_waypoint,2,560,520,432.085,634.403,20,10,750,700,15,324.65,-70.2825,-60,0,2,1,1,internal_airspace,0,1
41,fence24,random_waypoint,2,560,520,432.085,634.403,20,11,750,650,15,318.336,-70.112,-60,0,2,1,1,internal_airspace,0,1
41,fence24,random_waypoint,2,560,520,432.085,634.403,20,12,750,550,15,328.966,-70.3972,-60,0,2,1,1,internal_airspace,0,1
41,fence24,random_waypoint,2,560,520,432.085,634.403,20,13,750,450,15,367.559,-71.3608,-60,0,2,1,1,internal_airspace,0,1
41,fence24,random_waypoint,2,560,520,432.085,634.403,20,14,750,350,15,426.591,-72.6545,-60,0,2,1,1,internal_airspace,0,1
41,fence24,random_waypoint,2,560,520,432.085,634.403,20,15,750,300,15,461.433,-73.3364,-60,0,2,1,1,internal_airspace,0,1
41,fence24,random_waypoint,2,560,520,432.085,634.403,20,16,700,300,15,428.519,-72.6936,-60,0,2,1,1,internal_airspace,0,1
41,fence24,random_waypoint,2,560,520,432.085,634.403,20,17,600,300,15,374.227,-71.5169,-60,0,2,1,1,internal_airspace,0,1
41,fence24,random_waypoint,2,560,520,432.085,634.403,20,18,400,300,15,335.976,-70.5804,-60,0,2,1,1,internal_airspace,0,1
41,fence24,random_waypoint,2,560,520,432.085,634.403,20,19,300,300,15,359.579,-71.1701,-60,0,2,1,1,internal_airspace,0,1
41,fence24,random_waypoint,2,560,520,432.085,634.403,20,20,300,500,15,188.509,-65.5609,-60,0,2,1,1,internal_airspace,0,1
41,fence24,random_waypoint,2,560,520,432.085,634.403,20,21,500,350,15,292.442,-69.375,-60,0,2,1,1,internal_airspace,0,1
41,fence24,random_waypoint,2,560,520,432.085,634.403,20,22,700,500,15,299.779,-69.5903,-60,0,2,1,1,internal_airspace,0,1
41,fence24,random_waypoint,2,560,520,432.085,634.403,20,23,500,650,15,69.8619,-56.939,-60,1,2,1,1,internal_airspace,0,1
42,fence24,random_waypoint,2,560,520,440.551,629.08,20,0,250,300,15,380.301,-71.6568,-60,0,2,1,1,internal_airspace,0,1
42,fence24,random_waypoint,2,560,520,440.551,629.08,20,1,250,350,15,337.965,-70.6317,-60,0,2,1,1,internal_airspace,0,1
42,fence24,random_waypoint,2,560,520,440.551,629.08,20,2,250,450,15,261.542,-68.4051,-60,0,2,1,1,internal_airspace,0,1
42,fence24,random_waypoint,2,560,520,440.551,629.08,20,3,250,550,15,206.37,-66.3471,-60,0,2,1,1,internal_airspace,0,1
42,fence24,random_waypoint,2,560,520,440.551,629.08,20,4,250,650,15,191.761,-65.7094,-60,0,2,1,1,internal_airspace,0,1
42,fence24,random_waypoint,2,560,520,440.551,629.08,20,5,250,700,15,203.382,-66.2205,-60,0,2,1,1,internal_airspace,0,1
42,fence24,random_waypoint,2,560,520,440.551,629.08,20,6,300,700,15,157.509,-64.0003,-60,0,2,1,1,internal_airspace,0,1
42,fence24,random_waypoint,2,560,520,440.551,629.08,20,7,400,700,15,81.8472,-58.3143,-60,1,2,1,1,internal_airspace,0,1
42,fence24,random_waypoint,2,560,520,440.551,629.08,20,8,600,700,15,174.581,-64.8942,-60,0,2,1,1,internal_airspace,0,1
42,fence24,random_waypoint,2,560,520,440.551,629.08,20,9,700,700,15,269.014,-68.6497,-60,0,2,1,1,internal_airspace,0,1
42,fence24,random_waypoint,2,560,520,440.551,629.08,20,10,750,700,15,317.511,-70.0894,-60,0,2,1,1,internal_airspace,0,1
42,fence24,random_waypoint,2,560,520,440.551,629.08,20,11,750,650,15,310.196,-69.8869,-60,0,2,1,1,internal_airspace,0,1
42,fence24,random_waypoint,2,560,520,440.551,629.08,20,12,750,550,15,319.433,-70.1418,-60,0,2,1,1,internal_airspace,0,1
42,fence24,random_waypoint,2,560,520,440.551,629.08,20,13,750,450,15,357.566,-71.1214,-60,0,2,1,1,internal_airspace,0,1
42,fence24,random_waypoint,2,560,520,440.551,629.08,20,14,750,350,15,416.737,-72.4515,-60,0,2,1,1,internal_airspace,0,1
42,fence24,random_waypoint,2,560,520,440.551,629.08,20,15,750,300,15,451.75,-73.1522,-60,0,2,1,1,internal_airspace,0,1
42,fence24,random_waypoint,2,560,520,440.551,629.08,20,16,700,300,15,419.086,-72.5003,-60,0,2,1,1,internal_airspace,0,1
42,fence24,random_waypoint,2,560,520,440.551,629.08,20,17,600,300,15,365.709,-71.3169,-60,0,2,1,1,internal_airspace,0,1
42,fence24,random_waypoint,2,560,520,440.551,629.08,20,18,400,300,15,331.607,-70.4667,-60,0,2,1,1,internal_airspace,0,1
42,fence24,random_waypoint,2,560,520,440.551,629.08,20,19,300,300,15,357.874,-71.1288,-60,0,2,1,1,internal_airspace,0,1
42,fence24,random_waypoint,2,560,520,440.551,629.08,20,20,300,500,15,190.896,-65.6702,-60,0,2,1,1,internal_airspace,0,1
42,fence24,random_waypoint,2,560,520,440.551,629.08,20,21,500,350,15,285.386,-69.1629,-60,0,2,1,1,internal_airspace,0,1
42,fence24,random_waypoint,2,560,520,440.551,629.08,20,22,700,500,15,289.829,-69.297,-60,0,2,1,1,internal_airspace,0,1
42,fence24,random_waypoint,2,560,520,440.551,629.08,20,23,500,650,15,63.2204,-56.0714,-60,1,2,1,1,internal_airspace,0,1
43,fence24,random_waypoint,2,560,520,449.017,623.758,20,0,250,300,15,380.068,-71.6515,-60,0,2,1,1,internal_airspace,0,1
43,fence24,random_waypoint,2,560,520,449.017,623.758,20,1,250,350,15,338.491,-70.6452,-60,0,2,1,1,internal_airspace,0,1
43,fence24,random_waypoint,2,560,520,449.017,623.758,20,2,250,450,15,264.243,-68.4943,-60,0,2,1,1,internal_airspace,0,1
43,fence24,random_waypoint,2,560,520,449.017,623.758,20,3,250,550,15,212.304,-66.5934,-60,0,2,1,1,internal_airspace,0,1
43,fence24,random_waypoint,2,560,520,449.017,623.758,20,4,250,650,15,200.802,-66.1096,-60,0,2,1,1,internal_airspace,0,1
43,fence24,random_waypoint,2,560,520,449.017,623.758,20,5,250,700,15,213.18,-66.6291,-60,0,2,1,1,internal_airspace,0,1
43,fence24,random_waypoint,2,560,520,449.017,623.758,20,6,300,700,15,167.463,-64.5326,-60,0,2,1,1,internal_airspace,0,1
43,fence24,random_waypoint,2,560,520,449.017,623.758,20,7,400,700,15,90.7773,-59.2138,-60,1,2,1,1,internal_airspace,0,1
43,fence24,random_waypoint,2,560,520,449.017,623.758,20,8,600,700,15,169.215,-64.623,-60,0,2,1,1,internal_airspace,0,1
43,fence24,random_waypoint,2,560,520,449.017,623.758,20,9,700,700,15,262.356,-68.432,-60,0,2,1,1,internal_airspace,0,1
43,fence24,random_waypoint,2,560,520,449.017,623.758,20,10,750,700,15,310.53,-69.8963,-60,0,2,1,1,internal_airspace,0,1
43,fence24,random_waypoint,2,560,520,449.017,623.758,20,11,750,650,15,302.166,-69.6592,-60,0,2,1,1,internal_airspace,0,1
43,fence24,random_waypoint,2,560,520,449.017,623.758,20,12,750,550,15,309.929,-69.8795,-60,0,2,1,1,internal_airspace,0,1
43,fence24,random_waypoint,2,560,520,449.017,623.758,20,13,750,450,15,347.574,-70.8752,-60,0,2,1,1,internal_airspace,0,1
43,fence24,random_waypoint,2,560,520,449.017,623.758,20,14,750,350,15,406.89,-72.2438,-60,0,2,1,1,internal_airspace,0,1
43,fence24,random_waypoint,2,560,520,449.017,623.758,20,15,750,300,15,442.08,-72.9642,-60,0,2,1,1,internal_airspace,0,1
43,fence24,random_waypoint,2,560,520,449.017,623.758,20,16,700,300,15,409.679,-72.3031,-60,0,2,1,1,internal_airspace,0,1
43,fence24,random_waypoint,2,560,520,449.017,623.758,20,17,600,300,15,357.267,-71.1141,-60,0,2,1,1,internal_airspace,0,1
43,fence24,random_waypoint,2,560,520,449.017,623.758,20,18,400,300,15,327.485,-70.3581,-60,0,2,1,1,internal_airspace,0,1
43,fence24,random_waypoint,2,560,520,449.017,623.758,20,19,300,300,15,356.441,-71.094,-60,0,2,1,1,internal_airspace,0,1
43,fence24,random_waypoint,2,560,520,449.017,623.758,20,20,300,500,15,193.77,-65.8,-60,0,2,1,1,internal_airspace,0,1
43,fence24,random_waypoint,2,560,520,449.017,623.758,20,21,500,350,15,278.51,-68.951,-60,0,2,1,1,internal_airspace,0,1
43,fence24,random_waypoint,2,560,520,449.017,623.758,20,22,700,500,15,279.881,-68.9937,-60,0,2,1,1,internal_airspace,0,1
43,fence24,random_waypoint,2,560,520,449.017,623.758,20,23,500,650,15,57.5582,-55.2564,-60,1,2,1,1,internal_airspace,0,1
44,fence24,random_waypoint,2,560,520,457.482,618.435,20,0,250,300,15,380.099,-71.6521,-60,0,1,0,1,internal_airspace,0,1
44,fence24,random_waypoint,2,560,520,457.482,618.435,20,1,250,350,15,339.31,-70.6662,-60,0,1,0,1,internal_airspace,0,1
44,fence24,random_waypoint,2,560,520,457.482,618.435,20,2,250,450,15,267.291,-68.5939,-60,0,1,0,1,internal_airspace,0,1
44,fence24,random_waypoint,2,560,520,457.482,618.435,20,3,250,550,15,218.535,-66.8446,-60,0,1,0,1,internal_airspace,0,1
44,fence24,random_waypoint,2,560,520,457.482,618.435,20,4,250,650,15,209.929,-66.4957,-60,0,1,0,1,internal_airspace,0,1
44,fence24,random_waypoint,2,560,520,457.482,618.435,20,5,250,700,15,222.995,-67.0201,-60,0,1,0,1,internal_airspace,0,1
44,fence24,random_waypoint,2,560,520,457.482,618.435,20,6,300,700,15,177.422,-65.0344,-60,0,1,0,1,internal_airspace,0,1
44,fence24,random_waypoint,2,560,520,457.482,618.435,20,7,400,700,15,99.9103,-60.0464,-60,0,1,0,1,internal_airspace,0,1
44,fence24,random_waypoint,2,560,520,457.482,618.435,20,8,600,700,15,164.284,-64.3661,-60,0,1,0,1,internal_airspace,0,1
44,fence24,random_waypoint,2,560,520,457.482,618.435,20,9,700,700,15,255.915,-68.2161,-60,0,1,0,1,internal_airspace,0,1
44,fence24,random_waypoint,2,560,520,457.482,618.435,20,10,750,700,15,303.718,-69.7036,-60,0,1,0,1,internal_airspace,0,1
44,fence24,random_waypoint,2,560,520,457.482,618.435,20,11,750,650,15,294.258,-69.4288,-60,0,1,0,1,internal_airspace,0,1
44,fence24,random_waypoint,2,560,520,457.482,618.435,20,12,750,550,15,300.458,-69.6099,-60,0,1,0,1,internal_airspace,0,1
44,fence24,random_waypoint,2,560,520,457.482,618.435,20,13,750,450,15,337.582,-70.6218,-60,0,1,0,1,internal_airspace,0,1
44,fence24,random_waypoint,2,560,520,457.482,618.435,20,14,750,350,15,397.05,-72.0311,-60,0,1,0,1,internal_airspace,0,1
44,fence24,random_waypoint,2,560,520,457.482,618.435,20,15,750,300,15,432.426,-72.7725,-60,0,1,0,1,internal_airspace,0,1
44,fence24,random_waypoint,2,560,520,457.482,618.435,20,16,700,300,15,400.301,-72.102,-60,0,1,0,1,internal_airspace,0,1
44,fence24,random_waypoint,2,560,520,457.482,618.435,20,17,600,300,15,348.909,-70.9085,-60,0,1,0,1,internal_airspace,0,1
44,fence24,random_waypoint,2,560,520,457.482,618.435,20,18,400,300,15,323.62,-70.2549,-60,0,1,0,1,internal_airspace,0,1
44,fence24,random_waypoint,2,560,520,457.482,618.435,20,19,300,300,15,355.284,-71.0657,-60,0,1,0,1,internal_airspace,0,1
44,fence24,random_waypoint,2,560,520,457.482,618.435,20,20,300,500,15,197.111,-65.9484,-60,0,1,0,1,internal_airspace,0,1
44,fence24,random_waypoint,2,560,520,457.482,618.435,20,21,500,350,15,271.827,-68.7401,-60,0,1,0,1,internal_airspace,0,1
44,fence24,random_waypoint,2,560,520,457.482,618.435,20,22,700,500,15,269.938,-68.6795,-60,0,1,0,1,internal_airspace,0,1
44,fence24,random_waypoint,2,560,520,457.482,618.435,20,23,500,650,15,53.1891,-54.5707,-60,1,1,0,1,internal_airspace,0,1
45,fence24,random_waypoint,2,560,520,465.948,613.112,20,0,250,300,15,380.392,-71.6589,-60,0,1,0,1,internal_airspace,0,1
45,fence24,random_waypoint,2,560,520,465.948,613.112,20,1,250,350,15,340.421,-70.6946,-60,0,1,0,1,internal_airspace,0,1
45,fence24,random_waypoint,2,560,520,465.948,613.112,20,2,250,450,15,270.674,-68.7031,-60,0,1,0,1,internal_airspace,0,1
45,fence24,random_waypoint,2,560,520,465.948,613.112,20,3,250,550,15,225.037,-67.0993,-60,0,1,0,1,internal_airspace,0,1
45,fence24,random_waypoint,2,560,520,465.948,613.112,20,4,250,650,15,219.133,-66.8684,-60,0,1,0,1,internal_airspace,0,1
45,fence24,random_waypoint,2,560,520,465.948,613.112,20,5,250,700,15,232.826,-67.3949,-60,0,1,0,1,internal_airspace,0,1
45,fence24,random_waypoint,2,560,520,465.948,613.112,20,6,300,700,15,187.385,-65.5089,-60,0,1,0,1,internal_airspace,0,1
45,fence24,random_waypoint,2,560,520,465.948,613.112,20,7,400,700,15,109.195,-60.8183,-60,0,1,0,1,internal_airspace,0,1
45,fence24,random_waypoint,2,560,520,465.948,613.112,20,8,600,700,15,159.826,-64.1272,-60,0,1,0,1,internal_airspace,0,1
45,fence24,random_waypoint,2,560,520,465.948,613.112,20,9,700,700,15,249.709,-68.0029,-60,0,1,0,1,internal_airspace,0,1
45,fence24,random_waypoint,2,560,520,465.948,613.112,20,10,750,700,15,297.086,-69.5119,-60,0,1,0,1,internal_airspace,0,1
45,fence24,random_waypoint,2,560,520,465.948,613.112,20,11,750,650,15,286.481,-69.1961,-60,0,1,0,1,internal_airspace,0,1
45,fence24,random_waypoint,2,560,520,465.948,613.112,20,12,750,550,15,291.022,-69.3327,-60,0,1,0,1,internal_airspace,0,1
45,fence24,random_waypoint,2,560,520,465.948,613.112,20,13,750,450,15,327.591,-70.3609,-60,0,1,0,1,internal_airspace,0,1
45,fence24,random_waypoint,2,560,520,465.948,613.112,20,14,750,350,15,387.219,-71.8134,-60,0,1,0,1,internal_airspace,0,1
45,fence24,random_waypoint,2,560,520,465.948,613.112,20,15,750,300,15,422.788,-72.5767,-60,0,1,0,1,internal_airspace,0,1
45,fence24,random_waypoint,2,560,520,465.948,613.112,20,16,700,300,15,390.953,-71.8967,-60,0,1,0,1,internal_airspace,0,1
45,fence24,random_waypoint,2,560,520,465.948,613.112,20,17,600,300,15,340.638,-70.7001,-60,0,1,0,1,internal_airspace,0,1
45,fence24,random_waypoint,2,560,520,465.948,613.112,20,18,400,300,15,320.021,-70.1578,-60,0,1,0,1,internal_airspace,0,1
45,fence24,random_waypoint,2,560,520,465.948,613.112,20,19,300,300,15,354.405,-71.0442,-60,0,1,0,1,internal_airspace,0,1
45,fence24,random_waypoint,2,560,520,465.948,613.112,20,20,300,500,15,200.894,-66.1135,-60,0,1,0,1,internal_airspace,0,1
45,fence24,random_waypoint,2,560,520,465.948,613.112,20,21,500,350,15,265.354,-68.5307,-60,0,1,0,1,internal_airspace,0,1
45,fence24,random_waypoint,2,560,520,465.948,613.112,20,22,700,500,15,259.999,-68.3537,-60,0,1,0,1,internal_airspace,0,1
45,fence24,random_waypoint,2,560,520,465.948,613.112,20,23,500,650,15,50.4501,-54.1115,-60,1,1,0,1,internal_airspace,0,1
46,fence24,random_waypoint,2,560,520,474.05,607.337,20,0,250,300,15,380.367,-71.6583,-60,0,1,0,1,internal_airspace,0,1
46,fence24,random_waypoint,2,560,520,474.05,607.337,20,1,250,350,15,341.241,-70.7155,-60,0,1,0,1,internal_airspace,0,1
46,fence24,random_waypoint,2,560,520,474.05,607.337,20,2,250,450,15,273.821,-68.8036,-60,0,1,0,1,internal_airspace,0,1
46,fence24,random_waypoint,2,560,520,474.05,607.337,20,3,250,550,15,231.324,-67.3386,-60,0,1,0,1,internal_airspace,0,1
46,fence24,random_waypoint,2,560,520,474.05,607.337,20,4,250,650,15,228.13,-67.2179,-60,0,1,0,1,internal_airspace,0,1
46,fence24,random_waypoint,2,560,520,474.05,607.337,20,5,250,700,15,242.507,-67.7487,-60,0,1,0,1,internal_airspace,0,1
46,fence24,random_waypoint,2,560,520,474.05,607.337,20,6,300,700,15,197.243,-65.9543,-60,0,1,0,1,internal_airspace,0,1
46,fence24,random_waypoint,2,560,520,474.05,607.337,20,7,400,700,15,118.722,-61.5448,-60,0,1,0,1,internal_airspace,0,1
46,fence24,random_waypoint,2,560,520,474.05,607.337,20,8,600,700,15,156.445,-63.9414,-60,0,1,0,1,internal_airspace,0,1
46,fence24,random_waypoint,2,560,520,474.05,607.337,20,9,700,700,15,244.264,-67.8114,-60,0,1,0,1,internal_airspace,0,1
46,fence24,random_waypoint,2,560,520,474.05,607.337,20,10,750,700,15,291.136,-69.3361,-60,0,1,0,1,internal_airspace,0,1
46,fence24,random_waypoint,2,560,520,474.05,607.337,20,11,750,650,15,279.274,-68.9748,-60,0,1,0,1,internal_airspace,0,1
46,fence24,random_waypoint,2,560,520,474.05,607.337,20,12,750,550,15,281.888,-69.0558,-60,0,1,0,1,internal_airspace,0,1
46,fence24,random_waypoint,2,560,520,474.05,607.337,20,13,750,450,15,317.692,-70.0944,-60,0,1,0,1,internal_airspace,0,1
46,fence24,random_waypoint,2,560,520,474.05,607.337,20,14,750,350,15,377.354,-71.5892,-60,0,1,0,1,internal_airspace,0,1
46,fence24,random_waypoint,2,560,520,474.05,607.337,20,15,750,300,15,413.073,-72.3748,-60,0,1,0,1,internal_airspace,0,1
46,fence24,random_waypoint,2,560,520,474.05,607.337,20,16,700,300,15,381.49,-71.6839,-60,0,1,0,1,internal_airspace,0,1
46,fence24,random_waypoint,2,560,520,474.05,607.337,20,17,600,300,15,332.181,-70.4817,-60,0,1,0,1,internal_airspace,0,1
46,fence24,random_waypoint,2,560,520,474.05,607.337,20,18,400,300,15,316.171,-70.0527,-60,0,1,0,1,internal_airspace,0,1
46,fence24,random_waypoint,2,560,520,474.05,607.337,20,19,300,300,15,353.234,-71.0155,-60,0,1,0,1,internal_airspace,0,1
46,fence24,random_waypoint,2,560,520,474.05,607.337,20,20,300,500,15,204.547,-66.2701,-60,0,1,0,1,internal_airspace,0,1
46,fence24,random_waypoint,2,560,520,474.05,607.337,20,21,500,350,15,258.69,-68.3098,-60,0,1,0,1,internal_airspace,0,1
46,fence24,random_waypoint,2,560,520,474.05,607.337,20,22,700,500,15,250.199,-68.0199,-60,0,1,0,1,internal_airspace,0,1
46,fence24,random_waypoint,2,560,520,474.05,607.337,20,23,500,650,15,50.1853,-54.0658,-60,1,1,0,1,internal_airspace,0,1
47,fence24,random_waypoint,2,560,520,481.064,600.209,20,0,250,300,15,378.868,-71.624,-60,0,1,0,1,internal_airspace,0,1
47,fence24,random_waypoint,2,560,520,481.064,600.209,20,1,250,350,15,340.618,-70.6996,-60,0,1,0,1,internal_airspace,0,1
47,fence24,random_waypoint,2,560,520,481.064,600.209,20,2,250,450,15,275.642,-68.8611,-60,0,1,0,1,internal_airspace,0,1
47,fence24,random_waypoint,2,560,520,481.064,600.209,20,3,250,550,15,236.509,-67.5312,-60,0,1,0,1,internal_airspace,0,1
47,fence24,random_waypoint,2,560,520,481.064,600.209,20,4,250,650,15,236.421,-67.5279,-60,0,1,0,1,internal_airspace,0,1
47,fence24,random_waypoint,2,560,520,481.064,600.209,20,5,250,700,15,251.741,-68.0733,-60,0,1,0,1,internal_airspace,0,1
47,fence24,random_waypoint,2,560,520,481.064,600.209,20,6,300,700,15,206.803,-66.3653,-60,0,1,0,1,internal_airspace,0,1
47,fence24,random_waypoint,2,560,520,481.064,600.209,20,7,400,700,15,128.664,-62.2434,-60,0,1,0,1,internal_airspace,0,1
47,fence24,random_waypoint,2,560,520,481.064,600.209,20,8,600,700,15,155.335,-63.8796,-60,0,1,0,1,internal_airspace,0,1
47,fence24,random_waypoint,2,560,520,481.064,600.209,20,9,700,700,15,240.658,-67.6822,-60,0,1,0,1,internal_airspace,0,1
47,fence24,random_waypoint,2,560,520,481.064,600.209,20,10,750,700,15,286.897,-69.2087,-60,0,1,0,1,internal_airspace,0,1
47,fence24,random_waypoint,2,560,520,481.064,600.209,20,11,750,650,15,273.552,-68.795,-60,0,1,0,1,internal_airspace,0,1
47,fence24,random_waypoint,2,560,520,481.064,600.209,20,12,750,550,15,273.629,-68.7975,-60,0,1,0,1,internal_airspace,0,1
47,fence24,random_waypoint,2,560,520,481.064,600.209,20,13,750,450,15,308.082,-69.8275,-60,0,1,0,1,internal_airspace,0,1
47,fence24,random_waypoint,2,560,520,481.064,600.209,20,14,750,350,15,367.364,-71.3562,-60,0,1,0,1,internal_airspace,0,1
47,fence24,random_waypoint,2,560,520,481.064,600.209,20,15,750,300,15,403.085,-72.1622,-60,0,1,0,1,internal_airspace,0,1
47,fence24,random_waypoint,2,560,520,481.064,600.209,20,16,700,300,15,371.596,-71.4556,-60,0,1,0,1,internal_airspace,0,1
47,fence24,random_waypoint,2,560,520,481.064,600.209,20,17,600,300,15,322.95,-70.2369,-60,0,1,0,1,internal_airspace,0,1
47,fence24,random_waypoint,2,560,520,481.064,600.209,20,18,400,300,15,311.002,-69.9095,-60,0,1,0,1,internal_airspace,0,1
47,fence24,random_waypoint,2,560,520,481.064,600.209,20,19,300,300,15,350.621,-70.951,-60,0,1,0,1,internal_airspace,0,1
47,fence24,random_waypoint,2,560,520,481.064,600.209,20,20,300,500,15,207.005,-66.3738,-60,0,1,0,1,internal_airspace,0,1
47,fence24,random_waypoint,2,560,520,481.064,600.209,20,21,500,350,15,250.975,-68.0468,-60,0,1,0,1,internal_airspace,0,1
47,fence24,random_waypoint,2,560,520,481.064,600.209,20,22,700,500,15,240.832,-67.6885,-60,0,1,0,1,internal_airspace,0,1
47,fence24,random_waypoint,2,560,520,481.064,600.209,20,23,500,650,15,53.504,-54.622,-60,1,1,0,1,internal_airspace,0,1
48,fence24,random_waypoint,2,560,520,488.078,593.082,20,0,250,300,15,377.629,-71.5955,-60,0,1,0,1,internal_airspace,0,1
48,fence24,random_waypoint,2,560,520,488.078,593.082,20,1,250,350,15,340.287,-70.6911,-60,0,1,0,1,internal_airspace,0,1
48,fence24,random_waypoint,2,560,520,488.078,593.082,20,2,250,450,15,277.811,-68.9292,-60,0,1,0,1,internal_airspace,0,1
48,fence24,random_waypoint,2,560,520,488.078,593.082,20,3,250,550,15,241.997,-67.7304,-60,0,1,0,1,internal_airspace,0,1
48,fence24,random_waypoint,2,560,520,488.078,593.082,20,4,250,650,15,244.839,-67.8318,-60,0,1,0,1,internal_airspace,0,1
48,fence24,random_waypoint,2,560,520,488.078,593.082,20,5,250,700,15,261.032,-68.3881,-60,0,1,0,1,internal_airspace,0,1
48,fence24,random_waypoint,2,560,520,488.078,593.082,20,6,300,700,15,216.402,-66.7595,-60,0,1,0,1,internal_airspace,0,1
48,fence24,random_waypoint,2,560,520,488.078,593.082,20,7,400,700,15,138.615,-62.8905,-60,0,1,0,1,internal_airspace,0,1
48,fence24,random_waypoint,2,560,520,488.078,593.082,20,8,600,700,15,154.864,-63.8532,-60,0,1,0,1,internal_airspace,0,1
48,fence24,random_waypoint,2,560,520,488.078,593.082,20,9,700,700,15,237.418,-67.5645,-60,0,1,0,1,internal_airspace,0,1
48,fence24,random_waypoint,2,560,520,488.078,593.082,20,10,750,700,15,282.948,-69.0884,-60,0,1,0,1,internal_airspace,0,1
48,fence24,random_waypoint,2,560,520,488.078,593.082,20,11,750,650,15,268.081,-68.6196,-60,0,1,0,1,internal_airspace,0,1
48,fence24,random_waypoint,2,560,520,488.078,593.082,20,12,750,550,15,265.488,-68.5351,-60,0,1,0,1,internal_airspace,0,1
48,fence24,random_waypoint,2,560,520,488.078,593.082,20,13,750,450,15,298.497,-69.553,-60,0,1,0,1,internal_airspace,0,1
48,fence24,random_waypoint,2,560,520,488.078,593.082,20,14,750,350,15,357.375,-71.1167,-60,0,1,0,1,internal_airspace,0,1
48,fence24,random_waypoint,2,560,520,488.078,593.082,20,15,750,300,15,393.097,-71.9442,-60,0,1,0,1,internal_airspace,0,1
48,fence24,random_waypoint,2,560,520,488.078,593.082,20,16,700,300,15,361.708,-71.2214,-60,0,1,0,1,internal_airspace,0,1
48,fence24,random_waypoint,2,560,520,488.078,593.082,20,17,600,300,15,313.765,-69.9863,-60,0,1,0,1,internal_airspace,0,1
48,fence24,random_waypoint,2,560,520,488.078,593.082,20,18,400,300,15,306.072,-69.7707,-60,0,1,0,1,internal_airspace,0,1
48,fence24,random_waypoint,2,560,520,488.078,593.082,20,19,300,300,15,348.275,-70.8927,-60,0,1,0,1,internal_airspace,0,1
48,fence24,random_waypoint,2,560,520,488.078,593.082,20,20,300,500,15,209.911,-66.4949,-60,0,1,0,1,internal_airspace,0,1
48,fence24,random_waypoint,2,560,520,488.078,593.082,20,21,500,350,15,243.425,-67.7815,-60,0,1,0,1,internal_airspace,0,1
48,fence24,random_waypoint,2,560,520,488.078,593.082,20,22,700,500,15,231.517,-67.3459,-60,0,1,0,1,internal_airspace,0,1
48,fence24,random_waypoint,2,560,520,488.078,593.082,20,23,500,650,15,58.3677,-55.3777,-60,1,1,0,1,internal_airspace,0,1
49,fence24,random_waypoint,2,560,520,495.093,585.955,20,0,250,300,15,376.65,-71.573,-60,0,1,0,1,internal_airspace,0,1
49,fence24,random_waypoint,2,560,520,495.093,585.955,20,1,250,350,15,340.25,-70.6902,-60,0,1,0,1,internal_airspace,0,1
49,fence24,random_waypoint,2,560,520,495.093,585.955,20,2,250,450,15,280.319,-69.0073,-60,0,1,0,1,internal_airspace,0,1
49,fence24,random_waypoint,2,560,520,495.093,585.955,20,3,250,550,15,247.766,-67.9351,-60,0,1,0,1,internal_airspace,0,1
49,fence24,random_waypoint,2,560,520,495.093,585.955,20,4,250,650,15,253.372,-68.1294,-60,0,1,0,1,internal_airspace,0,1
49,fence24,random_waypoint,2,560,520,495.093,585.955,20,5,250,700,15,270.373,-68.6935,-60,0,1,0,1,internal_airspace,0,1
49,fence24,random_waypoint,2,560,520,495.093,585.955,20,6,300,700,15,226.036,-67.1378,-60,0,1,0,1,internal_airspace,0,1
49,fence24,random_waypoint,2,560,520,495.093,585.955,20,7,400,700,15,148.573,-63.493,-60,0,1,0,1,internal_airspace,0,1
49,fence24,random_waypoint,2,560,520,495.093,585.955,20,8,600,700,15,155.039,-63.863,-60,0,1,0,1,internal_airspace,0,1
49,fence24,random_waypoint,2,560,520,495.093,585.955,20,9,700,700,15,234.56,-67.4593,-60,0,1,0,1,internal_airspace,0,1
49,fence24,random_waypoint,2,560,520,495.093,585.955,20,10,750,700,15,279.301,-68.9757,-60,0,1,0,1,internal_airspace,0,1
49,fence24,random_waypoint,2,560,520,495.093,585.955,20,11,750,650,15,262.878,-68.4493,-60,0,1,0,1,internal_airspace,0,1
49,fence24,random_waypoint,2,560,520,495.093,585.955,20,12,750,550,15,257.479,-68.2691,-60,0,1,0,1,internal_airspace,0,1
49,fence24,random_waypoint,2,560,520,495.093,585.955,20,13,750,450,15,288.94,-69.2704,-60,0,1,0,1,internal_airspace,0,1
49,fence24,random_waypoint,2,560,520,495.093,585.955,20,14,750,350,15,347.386,-70.8705,-60,0,1,0,1,internal_airspace,0,1
49,fence24,random_waypoint,2,560,520,495.093,585.955,20,15,750,300,15,383.109,-71.7207,-60,0,1,0,1,internal_airspace,0,1
49,fence24,random_waypoint,2,560,520,495.093,585.955,20,16,700,300,15,351.827,-70.9808,-60,0,1,0,1,internal_airspace,0,1
49,fence24,random_waypoint,2,560,520,495.093,585.955,20,17,600,300,15,304.632,-69.7297,-60,0,1,0,1,internal_airspace,0,1
49,fence24,random_waypoint,2,560,520,495.093,585.955,20,18,400,300,15,301.393,-69.6369,-60,0,1,0,1,internal_airspace,0,1
49,fence24,random_waypoint,2,560,520,495.093,585.955,20,19,300,300,15,346.202,-70.8408,-60,0,1,0,1,internal_airspace,0,1
49,fence24,random_waypoint,2,560,520,495.093,585.955,20,20,300,500,15,213.247,-66.6319,-60,0,1,0,1,internal_airspace,0,1
49,fence24,random_waypoint,2,560,520,495.093,585.955,20,21,500,350,15,236.059,-67.5146,-60,0,1,0,1,internal_airspace,0,1
49,fence24,random_waypoint,2,560,520,495.093,585.955,20,22,700,500,15,222.262,-66.9915,-60,0,1,0,1,internal_airspace,0,1
49,fence24,random_waypoint,2,560,520,495.093,585.955,20,23,500,650,15,64.4275,-56.2357,-60,1,1,0,1,internal_airspace,0,1
50,fence24,random_waypoint,2,560,520,502.107,578.827,20,0,250,300,15,375.935,-71.5565,-60,0,1,0,1,internal_airspace,0,1
50,fence24,random_waypoint,2,560,520,502.107,578.827,20,1,250,350,15,340.507,-70.6967,-60,0,1,0,1,internal_airspace,0,1
50,fence24,random_waypoint,2,560,520,502.107,578.827,20,2,250,450,15,283.159,-69.0948,-60,0,1,0,1,internal_airspace,0,1
50,fence24,random_waypoint,2,560,520,502.107,578.827,20,3,250,550,15,253.799,-68.144,-60,0,1,0,1,internal_airspace,0,1
50,fence24,random_waypoint,2,560,520,502.107,578.827,20,4,250,650,15,262.008,-68.4205,-60,0,1,0,1,internal_airspace,0,1
50,fence24,random_waypoint,2,560,520,502.107,578.827,20,5,250,700,15,279.76,-68.9899,-60,0,1,0,1,internal_airspace,0,1
50,fence24,random_waypoint,2,560,520,502.107,578.827,20,6,300,700,15,235.701,-67.5015,-60,0,1,0,1,internal_airspace,0,1
50,fence24,random_waypoint,2,560,520,502.107,578.827,20,7,400,700,15,158.536,-64.0568,-60,0,1,0,1,internal_airspace,0,1
50,fence24,random_waypoint,2,560,520,502.107,578.827,20,8,600,700,15,155.856,-63.9087,-60,0,1,0,1,internal_airspace,0,1
50,fence24,random_waypoint,2,560,520,502.107,578.827,20,9,700,700,15,232.098,-67.3677,-60,0,1,0,1,internal_airspace,0,1
50,fence24,random_waypoint,2,560,520,502.107,578.827,20,10,750,700,15,275.969,-68.8714,-60,0,1,0,1,internal_airspace,0,1
50,fence24,random_waypoint,2,560,520,502.107,578.827,20,11,750,650,15,257.957,-68.2852,-60,0,1,0,1,internal_airspace,0,1
50,fence24,random_waypoint,2,560,520,502.107,578.827,20,12,750,550,15,249.614,-67.9996,-60,0,1,0,1,internal_airspace,0,1
50,fence24,random_waypoint,2,560,520,502.107,578.827,20,13,750,450,15,279.415,-68.9792,-60,0,1,0,1,internal_airspace,0,1
50,fence24,random_waypoint,2,560,520,502.107,578.827,20,14,750,350,15,337.399,-70.6171,-60,0,1,0,1,internal_airspace,0,1
50,fence24,random_waypoint,2,560,520,502.107,578.827,20,15,750,300,15,373.123,-71.4913,-60,0,1,0,1,internal_airspace,0,1
50,fence24,random_waypoint,2,560,520,502.107,578.827,20,16,700,300,15,341.952,-70.7335,-60,0,1,0,1,internal_airspace,0,1
50,fence24,random_waypoint,2,560,520,502.107,578.827,20,17,600,300,15,295.555,-69.467,-60,0,1,0,1,internal_airspace,0,1
50,fence24,random_waypoint,2,560,520,502.107,578.827,20,18,400,300,15,296.977,-69.5087,-60,0,1,0,1,internal_airspace,0,1
50,fence24,random_waypoint,2,560,520,502.107,578.827,20,19,300,300,15,344.408,-70.7957,-60,0,1,0,1,internal_airspace,0,1
50,fence24,random_waypoint,2,560,520,502.107,578.827,20,20,300,500,15,216.993,-66.7831,-60,0,1,0,1,internal_airspace,0,1
50,fence24,random_waypoint,2,560,520,502.107,578.827,20,21,500,350,15,228.891,-67.2468,-60,0,1,0,1,internal_airspace,0,1
50,fence24,random_waypoint,2,560,520,502.107,578.827,20,22,700,500,15,213.074,-66.6248,-60,0,1,0,1,internal_airspace,0,1
50,fence24,random_waypoint,2,560,520,502.107,578.827,20,23,500,650,15,71.3794,-57.1257,-60,1,1,0,1,internal_airspace,0,1
51,fence24,random_waypoint,2,560,520,509.121,571.7,20,0,250,300,15,375.486,-71.5461,-60,0,1,0,1,internal_airspace,0,1
51,fence24,random_waypoint,2,560,520,509.121,571.7,20,1,250,350,15,341.056,-70.7107,-60,0,1,0,1,internal_airspace,0,1
51,fence24,random_waypoint,2,560,520,509.121,571.7,20,2,250,450,15,286.321,-69.1913,-60,0,1,0,1,internal_airspace,0,1
51,fence24,random_waypoint,2,560,520,509.121,571.7,20,3,250,550,15,260.076,-68.3562,-60,0,1,0,1,internal_airspace,0,1
51,fence24,random_waypoint,2,560,520,509.121,571.7,20,4,250,650,15,270.739,-68.7052,-60,0,1,0,1,internal_airspace,0,1
51,fence24,random_waypoint,2,560,520,509.121,571.7,20,5,250,700,15,289.188,-69.2778,-60,0,1,0,1,internal_airspace,0,1
51,fence24,random_waypoint,2,560,520,509.121,571.7,20,6,300,700,15,245.393,-67.8515,-60,0,1,0,1,internal_airspace,0,1
51,fence24,random_waypoint,2,560,520,509.121,571.7,20,7,400,700,15,168.503,-64.5864,-60,0,1,0,1,internal_airspace,0,1
51,fence24,random_waypoint,2,560,520,509.121,571.7,20,8,600,700,15,157.305,-63.9891,-60,0,1,0,1,internal_airspace,0,1
51,fence24,random_waypoint,2,560,520,509.121,571.7,20,9,700,700,15,230.045,-67.2905,-60,0,1,0,1,internal_airspace,0,1
51,fence24,random_waypoint,2,560,520,509.121,571.7,20,10,750,700,15,272.963,-68.7763,-60,0,1,0,1,internal_airspace,0,1
51,fence24,random_waypoint,2,560,520,509.121,571.7,20,11,750,650,15,253.335,-68.1281,-60,0,1,0,1,internal_airspace,0,1
51,fence24,random_waypoint,2,560,520,509.121,571.7,20,12,750,550,15,241.906,-67.7272,-60,0,1,0,1,internal_airspace,0,1
51,fence24,random_waypoint,2,560,520,509.121,571.7,20,13,750,450,15,269.923,-68.679,-60,0,1,0,1,internal_airspace,0,1
51,fence24,random_waypoint,2,560,520,509.121,571.7,20,14,750,350,15,327.412,-70.3561,-60,0,1,0,1,internal_airspace,0,1
51,fence24,random_waypoint,2,560,520,509.121,571.7,20,15,750,300,15,363.137,-71.2556,-60,0,1,0,1,internal_airspace,0,1
51,fence24,random_waypoint,2,560,520,509.121,571.7,20,16,700,300,15,332.085,-70.4792,-60,0,1,0,1,internal_airspace,0,1
51,fence24,random_waypoint,2,560,520,509.121,571.7,20,17,600,300,15,286.539,-69.1979,-60,0,1,0,1,internal_airspace,0,1
51,fence24,random_waypoint,2,560,520,509.121,571.7,20,18,400,300,15,292.836,-69.3867,-60,0,1,0,1,internal_airspace,0,1
51,fence24,random_waypoint,2,560,520,509.121,571.7,20,19,300,300,15,342.896,-70.7575,-60,0,1,0,1,internal_airspace,0,1
51,fence24,random_waypoint,2,560,520,509.121,571.7,20,20,300,500,15,221.128,-66.9471,-60,0,1,0,1,internal_airspace,0,1
51,fence24,random_waypoint,2,560,520,509.121,571.7,20,21,500,350,15,221.944,-66.9791,-60,0,1,0,1,internal_airspace,0,1
51,fence24,random_waypoint,2,560,520,509.121,571.7,20,22,700,500,15,203.962,-66.2452,-60,0,1,0,1,internal_airspace,0,1
51,fence24,random_waypoint,2,560,520,509.121,571.7,20,23,500,650,15,78.9882,-58.0055,-60,1,1,0,1,internal_airspace,0,1
52,fence24,random_waypoint,2,560,520,516.135,564.572,20,0,250,300,15,375.302,-71.5418,-60,0,1,0,1,internal_airspace,0,1
52,fence24,random_waypoint,2,560,520,516.135,564.572,20,1,250,350,15,341.898,-70.7322,-60,0,1,0,1,internal_airspace,0,1
52,fence24,random_waypoint,2,560,520,516.135,564.572,20,2,250,450,15,289.793,-69.296,-60,0,1,0,1,internal_airspace,0,1
52,fence24,random_waypoint,2,560,520,516.135,564.572,20,3,250,550,15,266.581,-68.5708,-60,0,1,0,1,internal_airspace,0,1
52,fence24,random_waypoint,2,560,520,516.135,564.572,20,4,250,650,15,279.555,-68.9836,-60,0,1,0,1,internal_airspace,0,1
52,fence24,random_waypoint,2,560,520,516.135,564.572,20,5,250,700,15,298.653,-69.5576,-60,0,1,0,1,internal_airspace,0,1
52,fence24,random_waypoint,2,560,520,516.135,564.572,20,6,300,700,15,255.108,-68.1887,-60,0,1,0,1,internal_airspace,0,1
52,fence24,random_waypoint,2,560,520,516.135,564.572,20,7,400,700,15,178.474,-65.0857,-60,0,1,0,1,internal_airspace,0,1
52,fence24,random_waypoint,2,560,520,516.135,564.572,20,8,600,700,15,159.37,-64.1024,-60,0,1,0,1,internal_airspace,0,1
52,fence24,random_waypoint,2,560,520,516.135,564.572,20,9,700,700,15,228.412,-67.2286,-60,0,1,0,1,internal_airspace,0,1
52,fence24,random_waypoint,2,560,520,516.135,564.572,20,10,750,700,15,270.293,-68.6909,-60,0,1,0,1,internal_airspace,0,1
52,fence24,random_waypoint,2,560,520,516.135,564.572,20,11,750,650,15,249.029,-67.9792,-60,0,1,0,1,internal_airspace,0,1
52,fence24,random_waypoint,2,560,520,516.135,564.572,20,12,750,550,15,234.372,-67.4523,-60,0,1,0,1,internal_airspace,0,1
52,fence24,random_waypoint,2,560,520,516.135,564.572,20,13,750,450,15,260.47,-68.3694,-60,0,1,0,1,internal_airspace,0,1
52,fence24,random_waypoint,2,560,520,516.135,564.572,20,14,750,350,15,317.426,-70.0871,-60,0,1,0,1,internal_airspace,0,1
52,fence24,random_waypoint,2,560,520,516.135,564.572,20,15,750,300,15,353.152,-71.0135,-60,0,1,0,1,internal_airspace,0,1
52,fence24,random_waypoint,2,560,520,516.135,564.572,20,16,700,300,15,322.226,-70.2174,-60,0,1,0,1,internal_airspace,0,1
52,fence24,random_waypoint,2,560,520,516.135,564.572,20,17,600,300,15,277.591,-68.9223,-60,0,1,0,1,internal_airspace,0,1
52,fence24,random_waypoint,2,560,520,516.135,564.572,20,18,400,300,15,288.983,-69.2717,-60,0,1,0,1,internal_airspace,0,1
52,fence24,random_waypoint,2,560,520,516.135,564.572,20,19,300,300,15,341.669,-70.7263,-60,0,1,0,1,internal_airspace,0,1
52,fence24,random_waypoint,2,560,520,516.135,564.572,20,20,300,500,15,225.63,-67.1222,-60,0,1,0,1,internal_airspace,0,1
52,fence24,random_waypoint,2,560,520,516.135,564.572,20,21,500,350,15,215.236,-66.7125,-60,0,1,0,1,internal_airspace,0,1
52,fence24,random_waypoint,2,560,520,516.135,564.572,20,22,700,500,15,194.938,-65.8522,-60,0,1,0,1,internal_airspace,0,1
52,fence24,random_waypoint,2,560,520,516.135,564.572,20,23,500,650,15,87.0818,-58.8528,-60,1,1,0,1,internal_airspace,0,1
53,fence24,random_waypoint,2,560,520,523.15,557.445,20,0,250,300,15,375.385,-71.5438,-60,0,1,0,1,internal_airspace,0,1
53,fence24,random_waypoint,2,560,520,523.15,557.445,20,1,250,350,15,343.029,-70.7608,-60,0,1,0,1,internal_airspace,0,1
53,fence24,random_waypoint,2,560,520,523.15,557.445,20,2,250,450,15,293.564,-69.4083,-60,0,1,0,1,internal_airspace,0,1
53,fence24,random_waypoint,2,560,520,523.15,557.445,20,3,250,550,15,273.297,-68.7869,-60,0,1,0,1,internal_airspace,0,1
53,fence24,random_waypoint,2,560,520,523.15,557.445,20,4,250,650,15,288.448,-69.2556,-60,0,1,0,1,internal_airspace,0,1
53,fence24,random_waypoint,2,560,520,523.15,557.445,20,5,250,700,15,308.152,-69.8295,-60,0,1,0,1,internal_airspace,0,1
53,fence24,random_waypoint,2,560,520,523.15,557.445,20,6,300,700,15,264.845,-68.514,-60,0,1,0,1,internal_airspace,0,1
53,fence24,random_waypoint,2,560,520,523.15,557.445,20,7,400,700,15,188.448,-65.5581,-60,0,1,0,1,internal_airspace,0,1
53,fence24,random_waypoint,2,560,520,523.15,557.445,20,8,600,700,15,162.028,-64.246,-60,0,1,0,1,internal_airspace,0,1
53,fence24,random_waypoint,2,560,520,523.15,557.445,20,9,700,700,15,227.207,-67.1827,-60,0,1,0,1,internal_airspace,0,1
53,fence24,random_waypoint,2,560,520,523.15,557.445,20,10,750,700,15,267.97,-68.616,-60,0,1,0,1,internal_airspace,0,1
53,fence24,random_waypoint,2,560,520,523.15,557.445,20,11,750,650,15,245.056,-67.8395,-60,0,1,0,1,internal_airspace,0,1
53,fence24,random_waypoint,2,560,520,523.15,557.445,20,12,750,550,15,227.028,-67.1758,-60,0,1,0,1,internal_airspace,0,1
53,fence24,random_waypoint,2,560,520,523.15,557.445,20,13,750,450,15,251.059,-68.0497,-60,0,1,0,1,internal_airspace,0,1
53,fence24,random_waypoint,2,560,520,523.15,557.445,20,14,750,350,15,307.44,-69.8094,-60,0,1,0,1,internal_airspace,0,1
53,fence24,random_waypoint,2,560,520,523.15,557.445,20,15,750,300,15,343.168,-70.7643,-60,0,1,0,1,internal_airspace,0,1
53,fence24,random_waypoint,2,560,520,523.15,557.445,20,16,700,300,15,312.376,-69.9478,-60,0,1,0,1,internal_airspace,0,1
53,fence24,random_waypoint,2,560,520,523.15,557.445,20,17,600,300,15,268.717,-68.6401,-60,0,1,0,1,internal_airspace,0,1
53,fence24,random_waypoint,2,560,520,523.15,557.445,20,18,400,300,15,285.427,-69.1641,-60,0,1,0,1,internal_airspace,0,1
53,fence24,random_waypoint,2,560,520,523.15,557.445,20,19,300,300,15,340.732,-70.7025,-60,0,1,0,1,internal_airspace,0,1
53,fence24,random_waypoint,2,560,520,523.15,557.445,20,20,300,500,15,230.479,-67.3069,-60,0,1,0,1,internal_airspace,0,1
53,fence24,random_waypoint,2,560,520,523.15,557.445,20,21,500,350,15,208.792,-66.4485,-60,0,1,0,1,internal_airspace,0,1
53,fence24,random_waypoint,2,560,520,523.15,557.445,20,22,700,500,15,186.013,-65.4451,-60,0,1,0,1,internal_airspace,0,1
53,fence24,random_waypoint,2,560,520,523.15,557.445,20,23,500,650,15,95.5372,-59.6577,-60,1,1,0,1,internal_airspace,0,1
54,fence24,random_waypoint,2,560,520,530.164,550.317,20,0,250,300,15,375.733,-71.5518,-60,0,0,0,1,critical_zone,0,1
54,fence24,random_waypoint,2,560,520,530.164,550.317,20,1,250,350,15,344.447,-70.7967,-60,0,0,0,1,critical_zone,0,1
54,fence24,random_waypoint,2,560,520,530.164,550.317,20,2,250,450,15,297.625,-69.5276,-60,0,0,0,1,critical_zone,0,1
54,fence24,random_waypoint,2,560,520,530.164,550.317,20,3,250,550,15,280.209,-69.0039,-60,0,0,0,1,critical_zone,0,1
54,fence24,random_waypoint,2,560,520,530.164,550.317,20,4,250,650,15,297.411,-69.5214,-60,0,0,0,1,critical_zone,0,1
54,fence24,random_waypoint,2,560,520,530.164,550.317,20,5,250,700,15,317.682,-70.0941,-60,0,0,0,1,critical_zone,0,1
54,fence24,random_waypoint,2,560,520,530.164,550.317,20,6,300,700,15,274.6,-68.8282,-60,0,0,0,1,critical_zone,0,1
54,fence24,random_waypoint,2,560,520,530.164,550.317,20,7,400,700,15,198.425,-66.0062,-60,0,0,0,1,critical_zone,0,1
54,fence24,random_waypoint,2,560,520,530.164,550.317,20,8,600,700,15,165.248,-64.417,-60,0,0,0,1,critical_zone,0,1
54,fence24,random_waypoint,2,560,520,530.164,550.317,20,9,700,700,15,226.438,-67.1532,-60,0,0,0,1,critical_zone,0,1
54,fence24,random_waypoint,2,560,520,530.164,550.317,20,10,750,700,15,266.003,-68.552,-60,0,0,0,1,critical_zone,0,1
54,fence24,random_waypoint,2,560,520,530.164,550.317,20,11,750,650,15,241.432,-67.7101,-60,0,0,0,1,critical_zone,0,1
54,fence24,random_waypoint,2,560,520,530.164,550.317,20,12,750,550,15,219.893,-66.8985,-60,0,0,0,1,critical_zone,0,1
54,fence24,random_waypoint,2,560,520,530.164,550.317,20,13,750,450,15,241.695,-67.7196,-60,0,0,0,1,critical_zone,0,1
54,fence24,random_waypoint,2,560,520,530.164,550.317,20,14,750,350,15,297.456,-69.5227,-60,0,0,0,1,critical_zone,0,1
54,fence24,random_waypoint,2,560,520,530.164,550.317,20,15,750,300,15,333.184,-70.5079,-60,0,0,0,1,critical_zone,0,1
54,fence24,random_waypoint,2,560,520,530.164,550.317,20,16,700,300,15,302.536,-69.6698,-60,0,0,0,1,critical_zone,0,1
54,fence24,random_waypoint,2,560,520,530.164,550.317,20,17,600,300,15,259.925,-68.3512,-60,0,0,0,1,critical_zone,0,1
54,fence24,random_waypoint,2,560,520,530.164,550.317,20,18,400,300,15,282.182,-69.0648,-60,0,0,0,1,critical_zone,0,1
54,fence24,random_waypoint,2,560,520,530.164,550.317,20,19,300,300,15,340.087,-70.686,-60,0,0,0,1,critical_zone,0,1
54,fence24,random_waypoint,2,560,520,530.164,550.317,20,20,300,500,15,235.653,-67.4997,-60,0,0,0,1,critical_zone,0,1
54,fence24,random_waypoint,2,560,520,530.164,550.317,20,21,500,350,15,202.637,-66.1886,-60,0,0,0,1,critical_zone,0,1
54,fence24,random_waypoint,2,560,520,530.164,550.317,20,22,700,500,15,177.204,-65.0237,-60,0,0,0,1,critical_zone,0,1
54,fence24,random_waypoint,2,560,520,530.164,550.317,20,23,500,650,15,104.266,-60.4171,-60,0,0,0,1,critical_zone,0,1
55,fence24,random_waypoint,2,560,520,537.178,543.19,20,0,250,300,15,376.348,-71.566,-60,0,0,0,1,critical_zone,0,1
55,fence24,random_waypoint,2,560,520,537.178,543.19,20,1,250,350,15,346.148,-70.8395,-60,0,0,0,1,critical_zone,0,1
55,fence24,random_waypoint,2,560,520,537.178,543.19,20,2,250,450,15,301.961,-69.6533,-60,0,0,0,1,critical_zone,0,1
55,fence24,random_waypoint,2,560,520,537.178,543.19,20,3,250,550,15,287.302,-69.221,-60,0,0,0,1,critical_zone,0,1
55,fence24,random_waypoint,2,560,520,537.178,543.19,20,4,250,650,15,306.439,-69.7811,-60,0,0,0,1,critical_zone,0,1
55,fence24,random_waypoint,2,560,520,537.178,543.19,20,5,250,700,15,327.239,-70.3515,-60,0,0,0,1,critical_zone,0,1
55,fence24,random_waypoint,2,560,520,537.178,543.19,20,6,300,700,15,284.373,-69.132,-60,0,0,0,1,critical_zone,0,1
55,fence24,random_waypoint,2,560,520,537.178,543.19,20,7,400,700,15,208.404,-66.4323,-60,0,0,0,1,critical_zone,0,1
55,fence24,random_waypoint,2,560,520,537.178,543.19,20,8,600,700,15,169,-64.612,-60,0,0,0,1,critical_zone,0,1
55,fence24,random_waypoint,2,560,520,537.178,543.19,20,9,700,700,15,226.109,-67.1406,-60,0,0,0,1,critical_zone,0,1
55,fence24,random_waypoint,2,560,520,537.178,543.19,20,10,750,700,15,264.4,-68.4995,-60,0,0,0,1,critical_zone,0,1
55,fence24,random_waypoint,2,560,520,537.178,543.19,20,11,750,650,15,238.173,-67.5921,-60,0,0,0,1,critical_zone,0,1
55,fence24,random_waypoint,2,560,520,537.178,543.19,20,12,750,550,15,212.99,-66.6214,-60,0,0,0,1,critical_zone,0,1
55,fence24,random_waypoint,2,560,520,537.178,543.19,20,13,750,450,15,232.384,-67.3784,-60,0,0,0,1,critical_zone,0,1
55,fence24,random_waypoint,2,560,520,537.178,543.19,20,14,750,350,15,287.473,-69.2262,-60,0,0,0,1,critical_zone,0,1
55,fence24,random_waypoint,2,560,520,537.178,543.19,20,15,750,300,15,323.202,-70.2437,-60,0,0,0,1,critical_zone,0,1
55,fence24,random_waypoint,2,560,520,537.178,543.19,20,16,700,300,15,292.707,-69.3829,-60,0,0,0,1,critical_zone,0,1
55,fence24,random_waypoint,2,560,520,537.178,543.19,20,17,600,300,15,251.223,-68.0554,-60,0,0,0,1,critical_zone,0,1
55,fence24,random_waypoint,2,560,520,537.178,543.19,20,18,400,300,15,279.257,-68.9743,-60,0,0,0,1,critical_zone,0,1
55,fence24,random_waypoint,2,560,520,537.178,543.19,20,19,300,300,15,339.735,-70.677,-60,0,0,0,1,critical_zone,0,1
55,fence24,random_waypoint,2,560,520,537.178,543.19,20,20,300,500,15,241.13,-67.6993,-60,0,0,0,1,critical_zone,0,1
55,fence24,random_waypoint,2,560,520,537.178,543.19,20,21,500,350,15,196.798,-65.9347,-60,0,0,0,1,critical_zone,0,1
55,fence24,random_waypoint,2,560,520,537.178,543.19,20,22,700,500,15,168.527,-64.5876,-60,0,0,0,1,critical_zone,0,1
55,fence24,random_waypoint,2,560,520,537.178,543.19,20,23,500,650,15,113.206,-61.1316,-60,0,0,0,1,critical_zone,0,1
56,fence24,random_waypoint,2,560,520,544.192,536.063,20,0,250,300,15,377.226,-71.5863,-60,0,0,0,1,critical_zone,0,1
56,fence24,random_waypoint,2,560,520,544.192,536.063,20,1,250,350,15,348.129,-70.889,-60,0,0,0,1,critical_zone,0,1
56,fence24,random_waypoint,2,560,520,544.192,536.063,20,2,250,450,15,306.563,-69.7846,-60,0,0,0,1,critical_zone,0,1
56,fence24,random_waypoint,2,560,520,544.192,536.063,20,3,250,550,15,294.565,-69.4378,-60,0,0,0,1,critical_zone,0,1
56,fence24,random_waypoint,2,560,520,544.192,536.063,20,4,250,650,15,315.525,-70.0349,-60,0,0,0,1,critical_zone,0,1
56,fence24,random_waypoint,2,560,520,544.192,536.063,20,5,250,700,15,336.823,-70.6023,-60,0,0,0,1,critical_zone,0,1
56,fence24,random_waypoint,2,560,520,544.192,536.063,20,6,300,700,15,294.16,-69.4259,-60,0,0,0,1,critical_zone,0,1
56,fence24,random_waypoint,2,560,520,544.192,536.063,20,7,400,700,15,218.385,-66.8387,-60,0,0,0,1,critical_zone,0,1
56,fence24,random_waypoint,2,560,520,544.192,536.063,20,8,600,700,15,173.248,-64.8276,-60,0,0,0,1,critical_zone,0,1
56,fence24,random_waypoint,2,560,520,544.192,536.063,20,9,700,700,15,226.222,-67.1449,-60,0,0,0,1,critical_zone,0,1
56,fence24,random_waypoint,2,560,520,544.192,536.063,20,10,750,700,15,263.168,-68.4589,-60,0,0,0,1,critical_zone,0,1
56,fence24,random_waypoint,2,560,520,544.192,536.063,20,11,750,650,15,235.295,-67.4865,-60,0,0,0,1,critical_zone,0,1
56,fence24,random_waypoint,2,560,520,544.192,536.063,20,12,750,550,15,206.34,-66.3459,-60,0,0,0,1,critical_zone,0,1
56,fence24,random_waypoint,2,560,520,544.192,536.063,20,13,750,450,15,223.133,-67.0255,-60,0,0,0,1,critical_zone,0,1
56,fence24,random_waypoint,2,560,520,544.192,536.063,20,14,750,350,15,277.491,-68.9192,-60,0,0,0,1,critical_zone,0,1
56,fence24,random_waypoint,2,560,520,544.192,536.063,20,15,750,300,15,313.221,-69.9712,-60,0,0,0,1,critical_zone,0,1
56,fence24,random_waypoint,2,560,520,544.192,536.063,20,16,700,300,15,282.89,-69.0866,-60,0,0,0,1,critical_zone,0,1
56,fence24,random_waypoint,2,560,520,544.192,536.063,20,17,600,300,15,242.621,-67.7528,-60,0,0,0,1,critical_zone,0,1
56,fence24,random_waypoint,2,560,520,544.192,536.063,20,18,400,300,15,276.662,-68.8932,-60,0,0,0,1,critical_zone,0,1
56,fence24,random_waypoint,2,560,520,544.192,536.063,20,19,300,300,15,339.677,-70.6755,-60,0,0,0,1,critical_zone,0,1
56,fence24,random_waypoint,2,560,520,544.192,536.063,20,20,300,500,15,246.892,-67.9043,-60,0,0,0,1,critical_zone,0,1
56,fence24,random_waypoint,2,560,520,544.192,536.063,20,21,500,350,15,191.304,-65.6887,-60,0,0,0,1,critical_zone,0,1
56,fence24,random_waypoint,2,560,520,544.192,536.063,20,22,700,500,15,160.005,-64.1369,-60,0,0,0,1,critical_zone,0,1
56,fence24,random_waypoint,2,560,520,544.192,536.063,20,23,500,650,15,122.31,-61.8035,-60,0,0,0,1,critical_zone,0,1
57,fence24,random_waypoint,2,560,520,551.207,528.935,20,0,250,300,15,378.367,-71.6125,-60,0,0,0,1,critical_zone,0,1
57,fence24,random_waypoint,2,560,520,551.207,528.935,20,1,250,350,15,350.383,-70.9451,-60,0,0,0,1,critical_zone,0,1
57,fence24,random_waypoint,2,560,520,551.207,528.935,20,2,250,450,15,311.418,-69.9211,-60,0,0,0,1,critical_zone,0,1
57,fence24,random_waypoint,2,560,520,551.207,528.935,20,3,250,550,15,301.984,-69.6539,-60,0,0,0,1,critical_zone,0,1
57,fence24,random_waypoint,2,560,520,551.207,528.935,20,4,250,650,15,324.665,-70.2829,-60,0,0,0,1,critical_zone,0,1
57,fence24,random_waypoint,2,560,520,551.207,528.935,20,5,250,700,15,346.43,-70.8465,-60,0,0,0,1,critical_zone,0,1
57,fence24,random_waypoint,2,560,520,551.207,528.935,20,6,300,700,15,303.962,-69.7106,-60,0,0,0,1,critical_zone,0,1
57,fence24,random_waypoint,2,560,520,551.207,528.935,20,7,400,700,15,228.367,-67.2269,-60,0,0,0,1,critical_zone,0,1
57,fence24,random_waypoint,2,560,520,551.207,528.935,20,8,600,700,15,177.958,-65.0606,-60,0,0,0,1,critical_zone,0,1
57,fence24,random_waypoint,2,560,520,551.207,528.935,20,9,700,700,15,226.777,-67.1662,-60,0,0,0,1,critical_zone,0,1
57,fence24,random_waypoint,2,560,520,551.207,528.935,20,10,750,700,15,262.311,-68.4305,-60,0,0,0,1,critical_zone,0,1
57,fence24,random_waypoint,2,560,520,551.207,528.935,20,11,750,650,15,232.81,-67.3943,-60,0,0,0,1,critical_zone,0,1
57,fence24,random_waypoint,2,560,520,551.207,528.935,20,12,750,550,15,199.969,-66.0735,-60,0,0,0,1,critical_zone,0,1
57,fence24,random_waypoint,2,560,520,551.207,528.935,20,13,750,450,15,213.95,-66.6605,-60,0,0,0,1,critical_zone,0,1
57,fence24,random_waypoint,2,560,520,551.207,528.935,20,14,750,350,15,267.51,-68.601,-60,0,0,0,1,critical_zone,0,1
57,fence24,random_waypoint,2,560,520,551.207,528.935,20,15,750,300,15,303.241,-69.69,-60,0,0,0,1,critical_zone,0,1
57,fence24,random_waypoint,2,560,520,551.207,528.935,20,16,700,300,15,273.086,-68.7802,-60,0,0,0,1,critical_zone,0,1
57,fence24,random_waypoint,2,560,520,551.207,528.935,20,17,600,300,15,234.131,-67.4434,-60,0,0,0,1,critical_zone,0,1
57,fence24,random_waypoint,2,560,520,551.207,528.935,20,18,400,300,15,274.408,-68.8222,-60,0,0,0,1,critical_zone,0,1
57,fence24,random_waypoint,2,560,520,551.207,528.935,20,19,300,300,15,339.913,-70.6816,-60,0,0,0,1,critical_zone,0,1
57,fence24,random_waypoint,2,560,520,551.207,528.935,20,20,300,500,15,252.917,-68.1138,-60,0,0,0,1,critical_zone,0,1
57,fence24,random_waypoint,2,560,520,551.207,528.935,20,21,500,350,15,186.185,-65.4531,-60,0,0,0,1,critical_zone,0,1
57,fence24,random_waypoint,2,560,520,551.207,528.935,20,22,700,500,15,151.663,-63.6718,-60,0,0,0,1,critical_zone,0,1
57,fence24,random_waypoint,2,560,520,551.207,528.935,20,23,500,650,15,131.544,-62.4356,-60,0,0,0,1,critical_zone,0,1
58,fence24,random_waypoint,2,560,520,558.221,521.808,20,0,250,300,15,379.768,-71.6446,-60,0,0,0,1,critical_zone,0,1
58,fence24,random_waypoint,2,560,520,558.221,521.808,20,1,250,350,15,352.907,-71.0074,-60,0,0,0,1,critical_zone,0,1
58,fence24,random_waypoint,2,560,520,558.221,521.808,20,2,250,450,15,316.515,-70.0621,-60,0,0,0,1,critical_zone,0,1
58,fence24,random_waypoint,2,560,520,558.221,521.808,20,3,250,550,15,309.548,-69.8688,-60,0,0,0,1,critical_zone,0,1
58,fence24,random_waypoint,2,560,520,558.221,521.808,20,4,250,650,15,333.854,-70.5254,-60,0,0,0,1,critical_zone,0,1
58,fence24,random_waypoint,2,560,520,558.221,521.808,20,5,250,700,15,356.058,-71.0846,-60,0,0,0,1,critical_zone,0,1
58,fence24,random_waypoint,2,560,520,558.221,521.808,20,6,300,700,15,313.776,-69.9866,-60,0,0,0,1,critical_zone,0,1
58,fence24,random_waypoint,2,560,520,558.221,521.808,20,7,400,700,15,238.351,-67.5986,-60,0,0,0,1,critical_zone,0,1
58,fence24,random_waypoint,2,560,520,558.221,521.808,20,8,600,700,15,183.093,-65.3076,-60,0,0,0,1,critical_zone,0,1
58,fence24,random_waypoint,2,560,520,558.221,521.808,20,9,700,700,15,227.769,-67.2041,-60,0,0,0,1,critical_zone,0,1
58,fence24,random_waypoint,2,560,520,558.221,521.808,20,10,750,700,15,261.833,-68.4147,-60,0,0,0,1,critical_zone,0,1
58,fence24,random_waypoint,2,560,520,558.221,521.808,20,11,750,650,15,230.732,-67.3164,-60,0,0,0,1,critical_zone,0,1
58,fence24,random_waypoint,2,560,520,558.221,521.808,20,12,750,550,15,193.905,-65.806,-60,0,0,0,1,critical_zone,0,1
58,fence24,random_waypoint,2,560,520,558.221,521.808,20,13,750,450,15,204.843,-66.2826,-60,0,0,0,1,critical_zone,0,1
58,fence24,random_waypoint,2,560,520,558.221,521.808,20,14,750,350,15,257.531,-68.2708,-60,0,0,0,1,critical_zone,0,1
58,fence24,random_waypoint,2,560,520,558.221,521.808,20,15,750,300,15,293.263,-69.3994,-60,0,0,0,1,critical_zone,0,1
58,fence24,random_waypoint,2,560,520,558.221,521.808,20,16,700,300,15,263.296,-68.4631,-60,0,0,0,1,critical_zone,0,1
58,fence24,random_waypoint,2,560,520,558.221,521.808,20,17,600,300,15,225.764,-67.1273,-60,0,0,0,1,critical_zone,0,1
58,fence24,random_waypoint,2,560,520,558.221,521.808,20,18,400,300,15,272.502,-68.7616,-60,0,0,0,1,critical_zone,0,1
58,fence24,random_waypoint,2,560,520,558.221,521.808,20,19,300,300,15,340.443,-70.6951,-60,0,0,0,1,critical_zone,0,1
58,fence24,random_waypoint,2,560,520,558.221,521.808,20,20,300,500,15,259.188,-68.3265,-60,0,0,0,1,critical_zone,0,1
58,fence24,random_waypoint,2,560,520,558.221,521.808,20,21,500,350,15,181.473,-65.2305,-60,0,0,0,1,critical_zone,0,1
58,fence24,random_waypoint,2,560,520,558.221,521.808,20,22,700,500,15,143.534,-63.1933,-60,0,0,0,1,critical_zone,0,1
58,fence24,random_waypoint,2,560,520,558.221,521.808,20,23,500,650,15,140.883,-63.0314,-60,0,0,0,1,critical_zone,0,1
59,fence24,random_waypoint,2,560,520,560,520,20,0,250,300,15,380.164,-71.6537,-60,0,0,0,1,critical_zone,0,1
59,fence24,random_waypoint,2,560,520,560,520,20,1,250,350,15,353.589,-71.0242,-60,0,0,0,1,critical_zone,0,1
59,fence24,random_waypoint,2,560,520,560,520,20,2,250,450,15,317.844,-70.0985,-60,0,0,0,1,critical_zone,0,1
59,fence24,random_waypoint,2,560,520,560,520,20,3,250,550,15,311.488,-69.9231,-60,0,0,0,1,critical_zone,0,1
59,fence24,random_waypoint,2,560,520,560,520,20,4,250,650,15,336.192,-70.586,-60,0,0,0,1,critical_zone,0,1
59,fence24,random_waypoint,2,560,520,560,520,20,5,250,700,15,358.504,-71.1441,-60,0,0,0,1,critical_zone,0,1
59,fence24,random_waypoint,2,560,520,560,520,20,6,300,700,15,316.267,-70.0553,-60,0,0,0,1,critical_zone,0,1
59,fence24,random_waypoint,2,560,520,560,520,20,7,400,700,15,240.884,-67.6904,-60,0,0,0,1,critical_zone,0,1
59,fence24,random_waypoint,2,560,520,560,520,20,8,600,700,15,184.459,-65.3722,-60,0,0,0,1,critical_zone,0,1
59,fence24,random_waypoint,2,560,520,560,520,20,9,700,700,15,228.09,-67.2163,-60,0,0,0,1,critical_zone,0,1
59,fence24,random_waypoint,2,560,520,560,520,20,10,750,700,15,261.773,-68.4127,-60,0,0,0,1,critical_zone,0,1
59,fence24,random_waypoint,2,560,520,560,520,20,11,750,650,15,230.272,-67.299,-60,0,0,0,1,critical_zone,0,1
59,fence24,random_waypoint,2,560,520,560,520,20,12,750,550,15,192.419,-65.7392,-60,0,0,0,1,critical_zone,0,1
59,fence24,random_waypoint,2,560,520,560,520,20,13,750,450,15,202.546,-66.1847,-60,0,0,0,1,critical_zone,0,1
59,fence24,random_waypoint,2,560,520,560,520,20,14,750,350,15,255,-68.185,-60,0,0,0,1,critical_zone,0,1
59,fence24,random_waypoint,2,560,520,560,520,20,15,750,300,15,290.732,-69.3241,-60,0,0,0,1,critical_zone,0,1
59,fence24,random_waypoint,2,560,520,560,520,20,16,700,300,15,260.816,-68.3809,-60,0,0,0,1,critical_zone,0,1
59,fence24,random_waypoint,2,560,520,560,520,20,17,600,300,15,223.663,-67.0461,-60,0,0,0,1,critical_zone,0,1
59,fence24,random_waypoint,2,560,520,560,520,20,18,400,300,15,272.075,-68.748,-60,0,0,0,1,critical_zone,0,1
59,fence24,random_waypoint,2,560,520,560,520,20,19,300,300,15,340.624,-70.6997,-60,0,0,0,1,critical_zone,0,1
59,fence24,random_waypoint,2,560,520,560,520,20,20,300,500,15,260.816,-68.3809,-60,0,0,0,1,critical_zone,0,1
59,fence24,random_waypoint,2,560,520,560,520,20,21,500,350,15,180.347,-65.1764,-60,0,0,0,1,critical_zone,0,1
59,fence24,random_waypoint,2,560,520,560,520,20,22,700,500,15,141.51,-63.07,-60,0,0,0,1,critical_zone,0,1
59,fence24,random_waypoint,2,560,520,560,520,20,23,500,650,15,143.265,-63.1771,-60,0,0,0,1,critical_zone,0,1
60,fence24,random_waypoint,2,560,520,560,520,20,0,250,300,15,380.164,-71.6537,-60,0,0,0,1,critical_zone,0,1
60,fence24,random_waypoint,2,560,520,560,520,20,1,250,350,15,353.589,-71.0242,-60,0,0,0,1,critical_zone,0,1
60,fence24,random_waypoint,2,560,520,560,520,20,2,250,450,15,317.844,-70.0985,-60,0,0,0,1,critical_zone,0,1
60,fence24,random_waypoint,2,560,520,560,520,20,3,250,550,15,311.488,-69.9231,-60,0,0,0,1,critical_zone,0,1
60,fence24,random_waypoint,2,560,520,560,520,20,4,250,650,15,336.192,-70.586,-60,0,0,0,1,critical_zone,0,1
60,fence24,random_waypoint,2,560,520,560,520,20,5,250,700,15,358.504,-71.1441,-60,0,0,0,1,critical_zone,0,1
60,fence24,random_waypoint,2,560,520,560,520,20,6,300,700,15,316.267,-70.0553,-60,0,0,0,1,critical_zone,0,1
60,fence24,random_waypoint,2,560,520,560,520,20,7,400,700,15,240.884,-67.6904,-60,0,0,0,1,critical_zone,0,1
60,fence24,random_waypoint,2,560,520,560,520,20,8,600,700,15,184.459,-65.3722,-60,0,0,0,1,critical_zone,0,1
60,fence24,random_waypoint,2,560,520,560,520,20,9,700,700,15,228.09,-67.2163,-60,0,0,0,1,critical_zone,0,1
60,fence24,random_waypoint,2,560,520,560,520,20,10,750,700,15,261.773,-68.4127,-60,0,0,0,1,critical_zone,0,1
60,fence24,random_waypoint,2,560,520,560,520,20,11,750,650,15,230.272,-67.299,-60,0,0,0,1,critical_zone,0,1
60,fence24,random_waypoint,2,560,520,560,520,20,12,750,550,15,192.419,-65.7392,-60,0,0,0,1,critical_zone,0,1
60,fence24,random_waypoint,2,560,520,560,520,20,13,750,450,15,202.546,-66.1847,-60,0,0,0,1,critical_zone,0,1
60,fence24,random_waypoint,2,560,520,560,520,20,14,750,350,15,255,-68.185,-60,0,0,0,1,critical_zone,0,1
60,fence24,random_waypoint,2,560,520,560,520,20,15,750,300,15,290.732,-69.3241,-60,0,0,0,1,critical_zone,0,1
60,fence24,random_waypoint,2,560,520,560,520,20,16,700,300,15,260.816,-68.3809,-60,0,0,0,1,critical_zone,0,1
60,fence24,random_waypoint,2,560,520,560,520,20,17,600,300,15,223.663,-67.0461,-60,0,0,0,1,critical_zone,0,1
60,fence24,random_waypoint,2,560,520,560,520,20,18,400,300,15,272.075,-68.748,-60,0,0,0,1,critical_zone,0,1
60,fence24,random_waypoint,2,560,520,560,520,20,19,300,300,15,340.624,-70.6997,-60,0,0,0,1,critical_zone,0,1
60,fence24,random_waypoint,2,560,520,560,520,20,20,300,500,15,260.816,-68.3809,-60,0,0,0,1,critical_zone,0,1
60,fence24,random_waypoint,2,560,520,560,520,20,21,500,350,15,180.347,-65.1764,-60,0,0,0,1,critical_zone,0,1
60,fence24,random_waypoint,2,560,520,560,520,20,22,700,500,15,141.51,-63.07,-60,0,0,0,1,critical_zone,0,1
60,fence24,random_waypoint,2,560,520,560,520,20,23,500,650,15,143.265,-63.1771,-60,0,0,0,1,critical_zone,0,1
61,fence24,random_waypoint,2,560,520,560,520,20,0,250,300,15,380.164,-71.6537,-60,0,0,0,1,critical_zone,0,1
61,fence24,random_waypoint,2,560,520,560,520,20,1,250,350,15,353.589,-71.0242,-60,0,0,0,1,critical_zone,0,1
61,fence24,random_waypoint,2,560,520,560,520,20,2,250,450,15,317.844,-70.0985,-60,0,0,0,1,critical_zone,0,1
61,fence24,random_waypoint,2,560,520,560,520,20,3,250,550,15,311.488,-69.9231,-60,0,0,0,1,critical_zone,0,1
61,fence24,random_waypoint,2,560,520,560,520,20,4,250,650,15,336.192,-70.586,-60,0,0,0,1,critical_zone,0,1
61,fence24,random_waypoint,2,560,520,560,520,20,5,250,700,15,358.504,-71.1441,-60,0,0,0,1,critical_zone,0,1
61,fence24,random_waypoint,2,560,520,560,520,20,6,300,700,15,316.267,-70.0553,-60,0,0,0,1,critical_zone,0,1
61,fence24,random_waypoint,2,560,520,560,520,20,7,400,700,15,240.884,-67.6904,-60,0,0,0,1,critical_zone,0,1
61,fence24,random_waypoint,2,560,520,560,520,20,8,600,700,15,184.459,-65.3722,-60,0,0,0,1,critical_zone,0,1
61,fence24,random_waypoint,2,560,520,560,520,20,9,700,700,15,228.09,-67.2163,-60,0,0,0,1,critical_zone,0,1
61,fence24,random_waypoint,2,560,520,560,520,20,10,750,700,15,261.773,-68.4127,-60,0,0,0,1,critical_zone,0,1
61,fence24,random_waypoint,2,560,520,560,520,20,11,750,650,15,230.272,-67.299,-60,0,0,0,1,critical_zone,0,1
61,fence24,random_waypoint,2,560,520,560,520,20,12,750,550,15,192.419,-65.7392,-60,0,0,0,1,critical_zone,0,1
61,fence24,random_waypoint,2,560,520,560,520,20,13,750,450,15,202.546,-66.1847,-60,0,0,0,1,critical_zone,0,1
61,fence24,random_waypoint,2,560,520,560,520,20,14,750,350,15,255,-68.185,-60,0,0,0,1,critical_zone,0,1
61,fence24,random_waypoint,2,560,520,560,520,20,15,750,300,15,290.732,-69.3241,-60,0,0,0,1,critical_zone,0,1
61,fence24,random_waypoint,2,560,520,560,520,20,16,700,300,15,260.816,-68.3809,-60,0,0,0,1,critical_zone,0,1
61,fence24,random_waypoint,2,560,520,560,520,20,17,600,300,15,223.663,-67.0461,-60,0,0,0,1,critical_zone,0,1
61,fence24,random_waypoint,2,560,520,560,520,20,18,400,300,15,272.075,-68.748,-60,0,0,0,1,critical_zone,0,1
61,fence24,random_waypoint,2,560,520,560,520,20,19,300,300,15,340.624,-70.6997,-60,0,0,0,1,critical_zone,0,1
61,fence24,random_waypoint,2,560,520,560,520,20,20,300,500,15,260.816,-68.3809,-60,0,0,0,1,critical_zone,0,1
61,fence24,random_waypoint,2,560,520,560,520,20,21,500,350,15,180.347,-65.1764,-60,0,0,0,1,critical_zone,0,1
61,fence24,random_waypoint,2,560,520,560,520,20,22,700,500,15,141.51,-63.07,-60,0,0,0,1,critical_zone,0,1
61,fence24,random_waypoint,2,560,520,560,520,20,23,500,650,15,143.265,-63.1771,-60,0,0,0,1,critical_zone,0,1
62,fence24,random_waypoint,2,560,520,560,520,20,0,250,300,15,380.164,-71.6537,-60,0,0,0,1,critical_zone,0,1
62,fence24,random_waypoint,2,560,520,560,520,20,1,250,350,15,353.589,-71.0242,-60,0,0,0,1,critical_zone,0,1
62,fence24,random_waypoint,2,560,520,560,520,20,2,250,450,15,317.844,-70.0985,-60,0,0,0,1,critical_zone,0,1
62,fence24,random_waypoint,2,560,520,560,520,20,3,250,550,15,311.488,-69.9231,-60,0,0,0,1,critical_zone,0,1
62,fence24,random_waypoint,2,560,520,560,520,20,4,250,650,15,336.192,-70.586,-60,0,0,0,1,critical_zone,0,1
62,fence24,random_waypoint,2,560,520,560,520,20,5,250,700,15,358.504,-71.1441,-60,0,0,0,1,critical_zone,0,1
62,fence24,random_waypoint,2,560,520,560,520,20,6,300,700,15,316.267,-70.0553,-60,0,0,0,1,critical_zone,0,1
62,fence24,random_waypoint,2,560,520,560,520,20,7,400,700,15,240.884,-67.6904,-60,0,0,0,1,critical_zone,0,1
62,fence24,random_waypoint,2,560,520,560,520,20,8,600,700,15,184.459,-65.3722,-60,0,0,0,1,critical_zone,0,1
62,fence24,random_waypoint,2,560,520,560,520,20,9,700,700,15,228.09,-67.2163,-60,0,0,0,1,critical_zone,0,1
62,fence24,random_waypoint,2,560,520,560,520,20,10,750,700,15,261.773,-68.4127,-60,0,0,0,1,critical_zone,0,1
62,fence24,random_waypoint,2,560,520,560,520,20,11,750,650,15,230.272,-67.299,-60,0,0,0,1,critical_zone,0,1
62,fence24,random_waypoint,2,560,520,560,520,20,12,750,550,15,192.419,-65.7392,-60,0,0,0,1,critical_zone,0,1
62,fence24,random_waypoint,2,560,520,560,520,20,13,750,450,15,202.546,-66.1847,-60,0,0,0,1,critical_zone,0,1
62,fence24,random_waypoint,2,560,520,560,520,20,14,750,350,15,255,-68.185,-60,0,0,0,1,critical_zone,0,1
62,fence24,random_waypoint,2,560,520,560,520,20,15,750,300,15,290.732,-69.3241,-60,0,0,0,1,critical_zone,0,1
62,fence24,random_waypoint,2,560,520,560,520,20,16,700,300,15,260.816,-68.3809,-60,0,0,0,1,critical_zone,0,1
62,fence24,random_waypoint,2,560,520,560,520,20,17,600,300,15,223.663,-67.0461,-60,0,0,0,1,critical_zone,0,1
62,fence24,random_waypoint,2,560,520,560,520,20,18,400,300,15,272.075,-68.748,-60,0,0,0,1,critical_zone,0,1
62,fence24,random_waypoint,2,560,520,560,520,20,19,300,300,15,340.624,-70.6997,-60,0,0,0,1,critical_zone,0,1
62,fence24,random_waypoint,2,560,520,560,520,20,20,300,500,15,260.816,-68.3809,-60,0,0,0,1,critical_zone,0,1
62,fence24,random_waypoint,2,560,520,560,520,20,21,500,350,15,180.347,-65.1764,-60,0,0,0,1,critical_zone,0,1
62,fence24,random_waypoint,2,560,520,560,520,20,22,700,500,15,141.51,-63.07,-60,0,0,0,1,critical_zone,0,1
62,fence24,random_waypoint,2,560,520,560,520,20,23,500,650,15,143.265,-63.1771,-60,0,0,0,1,critical_zone,0,1
63,fence24,random_waypoint,2,560,520,560,520,20,0,250,300,15,380.164,-71.6537,-60,0,0,0,1,critical_zone,0,1
63,fence24,random_waypoint,2,560,520,560,520,20,1,250,350,15,353.589,-71.0242,-60,0,0,0,1,critical_zone,0,1
63,fence24,random_waypoint,2,560,520,560,520,20,2,250,450,15,317.844,-70.0985,-60,0,0,0,1,critical_zone,0,1
63,fence24,random_waypoint,2,560,520,560,520,20,3,250,550,15,311.488,-69.9231,-60,0,0,0,1,critical_zone,0,1
63,fence24,random_waypoint,2,560,520,560,520,20,4,250,650,15,336.192,-70.586,-60,0,0,0,1,critical_zone,0,1
63,fence24,random_waypoint,2,560,520,560,520,20,5,250,700,15,358.504,-71.1441,-60,0,0,0,1,critical_zone,0,1
63,fence24,random_waypoint,2,560,520,560,520,20,6,300,700,15,316.267,-70.0553,-60,0,0,0,1,critical_zone,0,1
63,fence24,random_waypoint,2,560,520,560,520,20,7,400,700,15,240.884,-67.6904,-60,0,0,0,1,critical_zone,0,1
63,fence24,random_waypoint,2,560,520,560,520,20,8,600,700,15,184.459,-65.3722,-60,0,0,0,1,critical_zone,0,1
63,fence24,random_waypoint,2,560,520,560,520,20,9,700,700,15,228.09,-67.2163,-60,0,0,0,1,critical_zone,0,1
63,fence24,random_waypoint,2,560,520,560,520,20,10,750,700,15,261.773,-68.4127,-60,0,0,0,1,critical_zone,0,1
63,fence24,random_waypoint,2,560,520,560,520,20,11,750,650,15,230.272,-67.299,-60,0,0,0,1,critical_zone,0,1
63,fence24,random_waypoint,2,560,520,560,520,20,12,750,550,15,192.419,-65.7392,-60,0,0,0,1,critical_zone,0,1
63,fence24,random_waypoint,2,560,520,560,520,20,13,750,450,15,202.546,-66.1847,-60,0,0,0,1,critical_zone,0,1
63,fence24,random_waypoint,2,560,520,560,520,20,14,750,350,15,255,-68.185,-60,0,0,0,1,critical_zone,0,1
63,fence24,random_waypoint,2,560,520,560,520,20,15,750,300,15,290.732,-69.3241,-60,0,0,0,1,critical_zone,0,1
63,fence24,random_waypoint,2,560,520,560,520,20,16,700,300,15,260.816,-68.3809,-60,0,0,0,1,critical_zone,0,1
63,fence24,random_waypoint,2,560,520,560,520,20,17,600,300,15,223.663,-67.0461,-60,0,0,0,1,critical_zone,0,1
63,fence24,random_waypoint,2,560,520,560,520,20,18,400,300,15,272.075,-68.748,-60,0,0,0,1,critical_zone,0,1
63,fence24,random_waypoint,2,560,520,560,520,20,19,300,300,15,340.624,-70.6997,-60,0,0,0,1,critical_zone,0,1
63,fence24,random_waypoint,2,560,520,560,520,20,20,300,500,15,260.816,-68.3809,-60,0,0,0,1,critical_zone,0,1
63,fence24,random_waypoint,2,560,520,560,520,20,21,500,350,15,180.347,-65.1764,-60,0,0,0,1,critical_zone,0,1
63,fence24,random_waypoint,2,560,520,560,520,20,22,700,500,15,141.51,-63.07,-60,0,0,0,1,critical_zone,0,1
63,fence24,random_waypoint,2,560,520,560,520,20,23,500,650,15,143.265,-63.1771,-60,0,0,0,1,critical_zone,0,1
64,fence24,random_waypoint,2,560,520,560,520,20,0,250,300,15,380.164,-71.6537,-60,0,0,0,1,critical_zone,0,1
64,fence24,random_waypoint,2,560,520,560,520,20,1,250,350,15,353.589,-71.0242,-60,0,0,0,1,critical_zone,0,1
64,fence24,random_waypoint,2,560,520,560,520,20,2,250,450,15,317.844,-70.0985,-60,0,0,0,1,critical_zone,0,1
64,fence24,random_waypoint,2,560,520,560,520,20,3,250,550,15,311.488,-69.9231,-60,0,0,0,1,critical_zone,0,1
64,fence24,random_waypoint,2,560,520,560,520,20,4,250,650,15,336.192,-70.586,-60,0,0,0,1,critical_zone,0,1
64,fence24,random_waypoint,2,560,520,560,520,20,5,250,700,15,358.504,-71.1441,-60,0,0,0,1,critical_zone,0,1
64,fence24,random_waypoint,2,560,520,560,520,20,6,300,700,15,316.267,-70.0553,-60,0,0,0,1,critical_zone,0,1
64,fence24,random_waypoint,2,560,520,560,520,20,7,400,700,15,240.884,-67.6904,-60,0,0,0,1,critical_zone,0,1
64,fence24,random_waypoint,2,560,520,560,520,20,8,600,700,15,184.459,-65.3722,-60,0,0,0,1,critical_zone,0,1
64,fence24,random_waypoint,2,560,520,560,520,20,9,700,700,15,228.09,-67.2163,-60,0,0,0,1,critical_zone,0,1
64,fence24,random_waypoint,2,560,520,560,520,20,10,750,700,15,261.773,-68.4127,-60,0,0,0,1,critical_zone,0,1
64,fence24,random_waypoint,2,560,520,560,520,20,11,750,650,15,230.272,-67.299,-60,0,0,0,1,critical_zone,0,1
64,fence24,random_waypoint,2,560,520,560,520,20,12,750,550,15,192.419,-65.7392,-60,0,0,0,1,critical_zone,0,1
64,fence24,random_waypoint,2,560,520,560,520,20,13,750,450,15,202.546,-66.1847,-60,0,0,0,1,critical_zone,0,1
64,fence24,random_waypoint,2,560,520,560,520,20,14,750,350,15,255,-68.185,-60,0,0,0,1,critical_zone,0,1
64,fence24,random_waypoint,2,560,520,560,520,20,15,750,300,15,290.732,-69.3241,-60,0,0,0,1,critical_zone,0,1
64,fence24,random_waypoint,2,560,520,560,520,20,16,700,300,15,260.816,-68.3809,-60,0,0,0,1,critical_zone,0,1
64,fence24,random_waypoint,2,560,520,560,520,20,17,600,300,15,223.663,-67.0461,-60,0,0,0,1,critical_zone,0,1
64,fence24,random_waypoint,2,560,520,560,520,20,18,400,300,15,272.075,-68.748,-60,0,0,0,1,critical_zone,0,1
64,fence24,random_waypoint,2,560,520,560,520,20,19,300,300,15,340.624,-70.6997,-60,0,0,0,1,critical_zone,0,1
64,fence24,random_waypoint,2,560,520,560,520,20,20,300,500,15,260.816,-68.3809,-60,0,0,0,1,critical_zone,0,1
64,fence24,random_waypoint,2,560,520,560,520,20,21,500,350,15,180.347,-65.1764,-60,0,0,0,1,critical_zone,0,1
64,fence24,random_waypoint,2,560,520,560,520,20,22,700,500,15,141.51,-63.07,-60,0,0,0,1,critical_zone,0,1
64,fence24,random_waypoint,2,560,520,560,520,20,23,500,650,15,143.265,-63.1771,-60,0,0,0,1,critical_zone,0,1
65,fence24,random_waypoint,2,560,520,560,520,20,0,250,300,15,380.164,-71.6537,-60,0,0,0,1,critical_zone,0,1
65,fence24,random_waypoint,2,560,520,560,520,20,1,250,350,15,353.589,-71.0242,-60,0,0,0,1,critical_zone,0,1
65,fence24,random_waypoint,2,560,520,560,520,20,2,250,450,15,317.844,-70.0985,-60,0,0,0,1,critical_zone,0,1
65,fence24,random_waypoint,2,560,520,560,520,20,3,250,550,15,311.488,-69.9231,-60,0,0,0,1,critical_zone,0,1
65,fence24,random_waypoint,2,560,520,560,520,20,4,250,650,15,336.192,-70.586,-60,0,0,0,1,critical_zone,0,1
65,fence24,random_waypoint,2,560,520,560,520,20,5,250,700,15,358.504,-71.1441,-60,0,0,0,1,critical_zone,0,1
65,fence24,random_waypoint,2,560,520,560,520,20,6,300,700,15,316.267,-70.0553,-60,0,0,0,1,critical_zone,0,1
65,fence24,random_waypoint,2,560,520,560,520,20,7,400,700,15,240.884,-67.6904,-60,0,0,0,1,critical_zone,0,1
65,fence24,random_waypoint,2,560,520,560,520,20,8,600,700,15,184.459,-65.3722,-60,0,0,0,1,critical_zone,0,1
65,fence24,random_waypoint,2,560,520,560,520,20,9,700,700,15,228.09,-67.2163,-60,0,0,0,1,critical_zone,0,1
65,fence24,random_waypoint,2,560,520,560,520,20,10,750,700,15,261.773,-68.4127,-60,0,0,0,1,critical_zone,0,1
65,fence24,random_waypoint,2,560,520,560,520,20,11,750,650,15,230.272,-67.299,-60,0,0,0,1,critical_zone,0,1
65,fence24,random_waypoint,2,560,520,560,520,20,12,750,550,15,192.419,-65.7392,-60,0,0,0,1,critical_zone,0,1
65,fence24,random_waypoint,2,560,520,560,520,20,13,750,450,15,202.546,-66.1847,-60,0,0,0,1,critical_zone,0,1
65,fence24,random_waypoint,2,560,520,560,520,20,14,750,350,15,255,-68.185,-60,0,0,0,1,critical_zone,0,1
65,fence24,random_waypoint,2,560,520,560,520,20,15,750,300,15,290.732,-69.3241,-60,0,0,0,1,critical_zone,0,1
65,fence24,random_waypoint,2,560,520,560,520,20,16,700,300,15,260.816,-68.3809,-60,0,0,0,1,critical_zone,0,1
65,fence24,random_waypoint,2,560,520,560,520,20,17,600,300,15,223.663,-67.0461,-60,0,0,0,1,critical_zone,0,1
65,fence24,random_waypoint,2,560,520,560,520,20,18,400,300,15,272.075,-68.748,-60,0,0,0,1,critical_zone,0,1
65,fence24,random_waypoint,2,560,520,560,520,20,19,300,300,15,340.624,-70.6997,-60,0,0,0,1,critical_zone,0,1
65,fence24,random_waypoint,2,560,520,560,520,20,20,300,500,15,260.816,-68.3809,-60,0,0,0,1,critical_zone,0,1
65,fence24,random_waypoint,2,560,520,560,520,20,21,500,350,15,180.347,-65.1764,-60,0,0,0,1,critical_zone,0,1
65,fence24,random_waypoint,2,560,520,560,520,20,22,700,500,15,141.51,-63.07,-60,0,0,0,1,critical_zone,0,1
65,fence24,random_waypoint,2,560,520,560,520,20,23,500,650,15,143.265,-63.1771,-60,0,0,0,1,critical_zone,0,1
66,fence24,random_waypoint,2,560,520,560,520,20,0,250,300,15,380.164,-71.6537,-60,0,0,0,1,critical_zone,0,1
66,fence24,random_waypoint,2,560,520,560,520,20,1,250,350,15,353.589,-71.0242,-60,0,0,0,1,critical_zone,0,1
66,fence24,random_waypoint,2,560,520,560,520,20,2,250,450,15,317.844,-70.0985,-60,0,0,0,1,critical_zone,0,1
66,fence24,random_waypoint,2,560,520,560,520,20,3,250,550,15,311.488,-69.9231,-60,0,0,0,1,critical_zone,0,1
66,fence24,random_waypoint,2,560,520,560,520,20,4,250,650,15,336.192,-70.586,-60,0,0,0,1,critical_zone,0,1
66,fence24,random_waypoint,2,560,520,560,520,20,5,250,700,15,358.504,-71.1441,-60,0,0,0,1,critical_zone,0,1
66,fence24,random_waypoint,2,560,520,560,520,20,6,300,700,15,316.267,-70.0553,-60,0,0,0,1,critical_zone,0,1
66,fence24,random_waypoint,2,560,520,560,520,20,7,400,700,15,240.884,-67.6904,-60,0,0,0,1,critical_zone,0,1
66,fence24,random_waypoint,2,560,520,560,520,20,8,600,700,15,184.459,-65.3722,-60,0,0,0,1,critical_zone,0,1
66,fence24,random_waypoint,2,560,520,560,520,20,9,700,700,15,228.09,-67.2163,-60,0,0,0,1,critical_zone,0,1
66,fence24,random_waypoint,2,560,520,560,520,20,10,750,700,15,261.773,-68.4127,-60,0,0,0,1,critical_zone,0,1
66,fence24,random_waypoint,2,560,520,560,520,20,11,750,650,15,230.272,-67.299,-60,0,0,0,1,critical_zone,0,1
66,fence24,random_waypoint,2,560,520,560,520,20,12,750,550,15,192.419,-65.7392,-60,0,0,0,1,critical_zone,0,1
66,fence24,random_waypoint,2,560,520,560,520,20,13,750,450,15,202.546,-66.1847,-60,0,0,0,1,critical_zone,0,1
66,fence24,random_waypoint,2,560,520,560,520,20,14,750,350,15,255,-68.185,-60,0,0,0,1,critical_zone,0,1
66,fence24,random_waypoint,2,560,520,560,520,20,15,750,300,15,290.732,-69.3241,-60,0,0,0,1,critical_zone,0,1
66,fence24,random_waypoint,2,560,520,560,520,20,16,700,300,15,260.816,-68.3809,-60,0,0,0,1,critical_zone,0,1
66,fence24,random_waypoint,2,560,520,560,520,20,17,600,300,15,223.663,-67.0461,-60,0,0,0,1,critical_zone,0,1
66,fence24,random_waypoint,2,560,520,560,520,20,18,400,300,15,272.075,-68.748,-60,0,0,0,1,critical_zone,0,1
66,fence24,random_waypoint,2,560,520,560,520,20,19,300,300,15,340.624,-70.6997,-60,0,0,0,1,critical_zone,0,1
66,fence24,random_waypoint,2,560,520,560,520,20,20,300,500,15,260.816,-68.3809,-60,0,0,0,1,critical_zone,0,1
66,fence24,random_waypoint,2,560,520,560,520,20,21,500,350,15,180.347,-65.1764,-60,0,0,0,1,critical_zone,0,1
66,fence24,random_waypoint,2,560,520,560,520,20,22,700,500,15,141.51,-63.07,-60,0,0,0,1,critical_zone,0,1
66,fence24,random_waypoint,2,560,520,560,520,20,23,500,650,15,143.265,-63.1771,-60,0,0,0,1,critical_zone,0,1
67,fence24,random_waypoint,2,560,520,560,520,20,0,250,300,15,380.164,-71.6537,-60,0,0,0,1,critical_zone,0,1
67,fence24,random_waypoint,2,560,520,560,520,20,1,250,350,15,353.589,-71.0242,-60,0,0,0,1,critical_zone,0,1
67,fence24,random_waypoint,2,560,520,560,520,20,2,250,450,15,317.844,-70.0985,-60,0,0,0,1,critical_zone,0,1
67,fence24,random_waypoint,2,560,520,560,520,20,3,250,550,15,311.488,-69.9231,-60,0,0,0,1,critical_zone,0,1
67,fence24,random_waypoint,2,560,520,560,520,20,4,250,650,15,336.192,-70.586,-60,0,0,0,1,critical_zone,0,1
67,fence24,random_waypoint,2,560,520,560,520,20,5,250,700,15,358.504,-71.1441,-60,0,0,0,1,critical_zone,0,1
67,fence24,random_waypoint,2,560,520,560,520,20,6,300,700,15,316.267,-70.0553,-60,0,0,0,1,critical_zone,0,1
67,fence24,random_waypoint,2,560,520,560,520,20,7,400,700,15,240.884,-67.6904,-60,0,0,0,1,critical_zone,0,1
67,fence24,random_waypoint,2,560,520,560,520,20,8,600,700,15,184.459,-65.3722,-60,0,0,0,1,critical_zone,0,1
67,fence24,random_waypoint,2,560,520,560,520,20,9,700,700,15,228.09,-67.2163,-60,0,0,0,1,critical_zone,0,1
67,fence24,random_waypoint,2,560,520,560,520,20,10,750,700,15,261.773,-68.4127,-60,0,0,0,1,critical_zone,0,1
67,fence24,random_waypoint,2,560,520,560,520,20,11,750,650,15,230.272,-67.299,-60,0,0,0,1,critical_zone,0,1
67,fence24,random_waypoint,2,560,520,560,520,20,12,750,550,15,192.419,-65.7392,-60,0,0,0,1,critical_zone,0,1
67,fence24,random_waypoint,2,560,520,560,520,20,13,750,450,15,202.546,-66.1847,-60,0,0,0,1,critical_zone,0,1
67,fence24,random_waypoint,2,560,520,560,520,20,14,750,350,15,255,-68.185,-60,0,0,0,1,critical_zone,0,1
67,fence24,random_waypoint,2,560,520,560,520,20,15,750,300,15,290.732,-69.3241,-60,0,0,0,1,critical_zone,0,1
67,fence24,random_waypoint,2,560,520,560,520,20,16,700,300,15,260.816,-68.3809,-60,0,0,0,1,critical_zone,0,1
67,fence24,random_waypoint,2,560,520,560,520,20,17,600,300,15,223.663,-67.0461,-60,0,0,0,1,critical_zone,0,1
67,fence24,random_waypoint,2,560,520,560,520,20,18,400,300,15,272.075,-68.748,-60,0,0,0,1,critical_zone,0,1
67,fence24,random_waypoint,2,560,520,560,520,20,19,300,300,15,340.624,-70.6997,-60,0,0,0,1,critical_zone,0,1
67,fence24,random_waypoint,2,560,520,560,520,20,20,300,500,15,260.816,-68.3809,-60,0,0,0,1,critical_zone,0,1
67,fence24,random_waypoint,2,560,520,560,520,20,21,500,350,15,180.347,-65.1764,-60,0,0,0,1,critical_zone,0,1
67,fence24,random_waypoint,2,560,520,560,520,20,22,700,500,15,141.51,-63.07,-60,0,0,0,1,critical_zone,0,1
67,fence24,random_waypoint,2,560,520,560,520,20,23,500,650,15,143.265,-63.1771,-60,0,0,0,1,critical_zone,0,1
68,fence24,random_waypoint,2,560,520,560,520,20,0,250,300,15,380.164,-71.6537,-60,0,0,0,1,critical_zone,0,1
68,fence24,random_waypoint,2,560,520,560,520,20,1,250,350,15,353.589,-71.0242,-60,0,0,0,1,critical_zone,0,1
68,fence24,random_waypoint,2,560,520,560,520,20,2,250,450,15,317.844,-70.0985,-60,0,0,0,1,critical_zone,0,1
68,fence24,random_waypoint,2,560,520,560,520,20,3,250,550,15,311.488,-69.9231,-60,0,0,0,1,critical_zone,0,1
68,fence24,random_waypoint,2,560,520,560,520,20,4,250,650,15,336.192,-70.586,-60,0,0,0,1,critical_zone,0,1
68,fence24,random_waypoint,2,560,520,560,520,20,5,250,700,15,358.504,-71.1441,-60,0,0,0,1,critical_zone,0,1
68,fence24,random_waypoint,2,560,520,560,520,20,6,300,700,15,316.267,-70.0553,-60,0,0,0,1,critical_zone,0,1
68,fence24,random_waypoint,2,560,520,560,520,20,7,400,700,15,240.884,-67.6904,-60,0,0,0,1,critical_zone,0,1
68,fence24,random_waypoint,2,560,520,560,520,20,8,600,700,15,184.459,-65.3722,-60,0,0,0,1,critical_zone,0,1
68,fence24,random_waypoint,2,560,520,560,520,20,9,700,700,15,228.09,-67.2163,-60,0,0,0,1,critical_zone,0,1
68,fence24,random_waypoint,2,560,520,560,520,20,10,750,700,15,261.773,-68.4127,-60,0,0,0,1,critical_zone,0,1
68,fence24,random_waypoint,2,560,520,560,520,20,11,750,650,15,230.272,-67.299,-60,0,0,0,1,critical_zone,0,1
68,fence24,random_waypoint,2,560,520,560,520,20,12,750,550,15,192.419,-65.7392,-60,0,0,0,1,critical_zone,0,1
68,fence24,random_waypoint,2,560,520,560,520,20,13,750,450,15,202.546,-66.1847,-60,0,0,0,1,critical_zone,0,1
68,fence24,random_waypoint,2,560,520,560,520,20,14,750,350,15,255,-68.185,-60,0,0,0,1,critical_zone,0,1
68,fence24,random_waypoint,2,560,520,560,520,20,15,750,300,15,290.732,-69.3241,-60,0,0,0,1,critical_zone,0,1
68,fence24,random_waypoint,2,560,520,560,520,20,16,700,300,15,260.816,-68.3809,-60,0,0,0,1,critical_zone,0,1
68,fence24,random_waypoint,2,560,520,560,520,20,17,600,300,15,223.663,-67.0461,-60,0,0,0,1,critical_zone,0,1
68,fence24,random_waypoint,2,560,520,560,520,20,18,400,300,15,272.075,-68.748,-60,0,0,0,1,critical_zone,0,1
68,fence24,random_waypoint,2,560,520,560,520,20,19,300,300,15,340.624,-70.6997,-60,0,0,0,1,critical_zone,0,1
68,fence24,random_waypoint,2,560,520,560,520,20,20,300,500,15,260.816,-68.3809,-60,0,0,0,1,critical_zone,0,1
68,fence24,random_waypoint,2,560,520,560,520,20,21,500,350,15,180.347,-65.1764,-60,0,0,0,1,critical_zone,0,1
68,fence24,random_waypoint,2,560,520,560,520,20,22,700,500,15,141.51,-63.07,-60,0,0,0,1,critical_zone,0,1
68,fence24,random_waypoint,2,560,520,560,520,20,23,500,650,15,143.265,-63.1771,-60,0,0,0,1,critical_zone,0,1
69,fence24,random_waypoint,2,560,520,560,520,20,0,250,300,15,380.164,-71.6537,-60,0,0,0,1,critical_zone,0,1
69,fence24,random_waypoint,2,560,520,560,520,20,1,250,350,15,353.589,-71.0242,-60,0,0,0,1,critical_zone,0,1
69,fence24,random_waypoint,2,560,520,560,520,20,2,250,450,15,317.844,-70.0985,-60,0,0,0,1,critical_zone,0,1
69,fence24,random_waypoint,2,560,520,560,520,20,3,250,550,15,311.488,-69.9231,-60,0,0,0,1,critical_zone,0,1
69,fence24,random_waypoint,2,560,520,560,520,20,4,250,650,15,336.192,-70.586,-60,0,0,0,1,critical_zone,0,1
69,fence24,random_waypoint,2,560,520,560,520,20,5,250,700,15,358.504,-71.1441,-60,0,0,0,1,critical_zone,0,1
69,fence24,random_waypoint,2,560,520,560,520,20,6,300,700,15,316.267,-70.0553,-60,0,0,0,1,critical_zone,0,1
69,fence24,random_waypoint,2,560,520,560,520,20,7,400,700,15,240.884,-67.6904,-60,0,0,0,1,critical_zone,0,1
69,fence24,random_waypoint,2,560,520,560,520,20,8,600,700,15,184.459,-65.3722,-60,0,0,0,1,critical_zone,0,1
69,fence24,random_waypoint,2,560,520,560,520,20,9,700,700,15,228.09,-67.2163,-60,0,0,0,1,critical_zone,0,1
69,fence24,random_waypoint,2,560,520,560,520,20,10,750,700,15,261.773,-68.4127,-60,0,0,0,1,critical_zone,0,1
69,fence24,random_waypoint,2,560,520,560,520,20,11,750,650,15,230.272,-67.299,-60,0,0,0,1,critical_zone,0,1
69,fence24,random_waypoint,2,560,520,560,520,20,12,750,550,15,192.419,-65.7392,-60,0,0,0,1,critical_zone,0,1
69,fence24,random_waypoint,2,560,520,560,520,20,13,750,450,15,202.546,-66.1847,-60,0,0,0,1,critical_zone,0,1
69,fence24,random_waypoint,2,560,520,560,520,20,14,750,350,15,255,-68.185,-60,0,0,0,1,critical_zone,0,1
69,fence24,random_waypoint,2,560,520,560,520,20,15,750,300,15,290.732,-69.3241,-60,0,0,0,1,critical_zone,0,1
69,fence24,random_waypoint,2,560,520,560,520,20,16,700,300,15,260.816,-68.3809,-60,0,0,0,1,critical_zone,0,1
69,fence24,random_waypoint,2,560,520,560,520,20,17,600,300,15,223.663,-67.0461,-60,0,0,0,1,critical_zone,0,1
69,fence24,random_waypoint,2,560,520,560,520,20,18,400,300,15,272.075,-68.748,-60,0,0,0,1,critical_zone,0,1
69,fence24,random_waypoint,2,560,520,560,520,20,19,300,300,15,340.624,-70.6997,-60,0,0,0,1,critical_zone,0,1
69,fence24,random_waypoint,2,560,520,560,520,20,20,300,500,15,260.816,-68.3809,-60,0,0,0,1,critical_zone,0,1
69,fence24,random_waypoint,2,560,520,560,520,20,21,500,350,15,180.347,-65.1764,-60,0,0,0,1,critical_zone,0,1
69,fence24,random_waypoint,2,560,520,560,520,20,22,700,500,15,141.51,-63.07,-60,0,0,0,1,critical_zone,0,1
69,fence24,random_waypoint,2,560,520,560,520,20,23,500,650,15,143.265,-63.1771,-60,0,0,0,1,critical_zone,0,1
70,fence24,random_waypoint,2,560,520,560,520,20,0,250,300,15,380.164,-71.6537,-60,0,0,0,1,critical_zone,0,1
70,fence24,random_waypoint,2,560,520,560,520,20,1,250,350,15,353.589,-71.0242,-60,0,0,0,1,critical_zone,0,1
70,fence24,random_waypoint,2,560,520,560,520,20,2,250,450,15,317.844,-70.0985,-60,0,0,0,1,critical_zone,0,1
70,fence24,random_waypoint,2,560,520,560,520,20,3,250,550,15,311.488,-69.9231,-60,0,0,0,1,critical_zone,0,1
70,fence24,random_waypoint,2,560,520,560,520,20,4,250,650,15,336.192,-70.586,-60,0,0,0,1,critical_zone,0,1
70,fence24,random_waypoint,2,560,520,560,520,20,5,250,700,15,358.504,-71.1441,-60,0,0,0,1,critical_zone,0,1
70,fence24,random_waypoint,2,560,520,560,520,20,6,300,700,15,316.267,-70.0553,-60,0,0,0,1,critical_zone,0,1
70,fence24,random_waypoint,2,560,520,560,520,20,7,400,700,15,240.884,-67.6904,-60,0,0,0,1,critical_zone,0,1
70,fence24,random_waypoint,2,560,520,560,520,20,8,600,700,15,184.459,-65.3722,-60,0,0,0,1,critical_zone,0,1
70,fence24,random_waypoint,2,560,520,560,520,20,9,700,700,15,228.09,-67.2163,-60,0,0,0,1,critical_zone,0,1
70,fence24,random_waypoint,2,560,520,560,520,20,10,750,700,15,261.773,-68.4127,-60,0,0,0,1,critical_zone,0,1
70,fence24,random_waypoint,2,560,520,560,520,20,11,750,650,15,230.272,-67.299,-60,0,0,0,1,critical_zone,0,1
70,fence24,random_waypoint,2,560,520,560,520,20,12,750,550,15,192.419,-65.7392,-60,0,0,0,1,critical_zone,0,1
70,fence24,random_waypoint,2,560,520,560,520,20,13,750,450,15,202.546,-66.1847,-60,0,0,0,1,critical_zone,0,1
70,fence24,random_waypoint,2,560,520,560,520,20,14,750,350,15,255,-68.185,-60,0,0,0,1,critical_zone,0,1
70,fence24,random_waypoint,2,560,520,560,520,20,15,750,300,15,290.732,-69.3241,-60,0,0,0,1,critical_zone,0,1
70,fence24,random_waypoint,2,560,520,560,520,20,16,700,300,15,260.816,-68.3809,-60,0,0,0,1,critical_zone,0,1
70,fence24,random_waypoint,2,560,520,560,520,20,17,600,300,15,223.663,-67.0461,-60,0,0,0,1,critical_zone,0,1
70,fence24,random_waypoint,2,560,520,560,520,20,18,400,300,15,272.075,-68.748,-60,0,0,0,1,critical_zone,0,1
70,fence24,random_waypoint,2,560,520,560,520,20,19,300,300,15,340.624,-70.6997,-60,0,0,0,1,critical_zone,0,1
70,fence24,random_waypoint,2,560,520,560,520,20,20,300,500,15,260.816,-68.3809,-60,0,0,0,1,critical_zone,0,1
70,fence24,random_waypoint,2,560,520,560,520,20,21,500,350,15,180.347,-65.1764,-60,0,0,0,1,critical_zone,0,1
70,fence24,random_waypoint,2,560,520,560,520,20,22,700,500,15,141.51,-63.07,-60,0,0,0,1,critical_zone,0,1
70,fence24,random_waypoint,2,560,520,560,520,20,23,500,650,15,143.265,-63.1771,-60,0,0,0,1,critical_zone,0,1
71,fence24,random_waypoint,2,560,520,560,520,20,0,250,300,15,380.164,-71.6537,-60,0,0,0,1,critical_zone,0,1
71,fence24,random_waypoint,2,560,520,560,520,20,1,250,350,15,353.589,-71.0242,-60,0,0,0,1,critical_zone,0,1
71,fence24,random_waypoint,2,560,520,560,520,20,2,250,450,15,317.844,-70.0985,-60,0,0,0,1,critical_zone,0,1
71,fence24,random_waypoint,2,560,520,560,520,20,3,250,550,15,311.488,-69.9231,-60,0,0,0,1,critical_zone,0,1
71,fence24,random_waypoint,2,560,520,560,520,20,4,250,650,15,336.192,-70.586,-60,0,0,0,1,critical_zone,0,1
71,fence24,random_waypoint,2,560,520,560,520,20,5,250,700,15,358.504,-71.1441,-60,0,0,0,1,critical_zone,0,1
71,fence24,random_waypoint,2,560,520,560,520,20,6,300,700,15,316.267,-70.0553,-60,0,0,0,1,critical_zone,0,1
71,fence24,random_waypoint,2,560,520,560,520,20,7,400,700,15,240.884,-67.6904,-60,0,0,0,1,critical_zone,0,1
71,fence24,random_waypoint,2,560,520,560,520,20,8,600,700,15,184.459,-65.3722,-60,0,0,0,1,critical_zone,0,1
71,fence24,random_waypoint,2,560,520,560,520,20,9,700,700,15,228.09,-67.2163,-60,0,0,0,1,critical_zone,0,1
71,fence24,random_waypoint,2,560,520,560,520,20,10,750,700,15,261.773,-68.4127,-60,0,0,0,1,critical_zone,0,1
71,fence24,random_waypoint,2,560,520,560,520,20,11,750,650,15,230.272,-67.299,-60,0,0,0,1,critical_zone,0,1
71,fence24,random_waypoint,2,560,520,560,520,20,12,750,550,15,192.419,-65.7392,-60,0,0,0,1,critical_zone,0,1
71,fence24,random_waypoint,2,560,520,560,520,20,13,750,450,15,202.546,-66.1847,-60,0,0,0,1,critical_zone,0,1
71,fence24,random_waypoint,2,560,520,560,520,20,14,750,350,15,255,-68.185,-60,0,0,0,1,critical_zone,0,1
71,fence24,random_waypoint,2,560,520,560,520,20,15,750,300,15,290.732,-69.3241,-60,0,0,0,1,critical_zone,0,1
71,fence24,random_waypoint,2,560,520,560,520,20,16,700,300,15,260.816,-68.3809,-60,0,0,0,1,critical_zone,0,1
71,fence24,random_waypoint,2,560,520,560,520,20,17,600,300,15,223.663,-67.0461,-60,0,0,0,1,critical_zone,0,1
71,fence24,random_waypoint,2,560,520,560,520,20,18,400,300,15,272.075,-68.748,-60,0,0,0,1,critical_zone,0,1
71,fence24,random_waypoint,2,560,520,560,520,20,19,300,300,15,340.624,-70.6997,-60,0,0,0,1,critical_zone,0,1
71,fence24,random_waypoint,2,560,520,560,520,20,20,300,500,15,260.816,-68.3809,-60,0,0,0,1,critical_zone,0,1
71,fence24,random_waypoint,2,560,520,560,520,20,21,500,350,15,180.347,-65.1764,-60,0,0,0,1,critical_zone,0,1
71,fence24,random_waypoint,2,560,520,560,520,20,22,700,500,15,141.51,-63.07,-60,0,0,0,1,critical_zone,0,1
71,fence24,random_waypoint,2,560,520,560,520,20,23,500,650,15,143.265,-63.1771,-60,0,0,0,1,critical_zone,0,1
72,fence24,random_waypoint,2,560,520,560,520,20,0,250,300,15,380.164,-71.6537,-60,0,0,0,1,critical_zone,0,1
72,fence24,random_waypoint,2,560,520,560,520,20,1,250,350,15,353.589,-71.0242,-60,0,0,0,1,critical_zone,0,1
72,fence24,random_waypoint,2,560,520,560,520,20,2,250,450,15,317.844,-70.0985,-60,0,0,0,1,critical_zone,0,1
72,fence24,random_waypoint,2,560,520,560,520,20,3,250,550,15,311.488,-69.9231,-60,0,0,0,1,critical_zone,0,1
72,fence24,random_waypoint,2,560,520,560,520,20,4,250,650,15,336.192,-70.586,-60,0,0,0,1,critical_zone,0,1
72,fence24,random_waypoint,2,560,520,560,520,20,5,250,700,15,358.504,-71.1441,-60,0,0,0,1,critical_zone,0,1
72,fence24,random_waypoint,2,560,520,560,520,20,6,300,700,15,316.267,-70.0553,-60,0,0,0,1,critical_zone,0,1
72,fence24,random_waypoint,2,560,520,560,520,20,7,400,700,15,240.884,-67.6904,-60,0,0,0,1,critical_zone,0,1
72,fence24,random_waypoint,2,560,520,560,520,20,8,600,700,15,184.459,-65.3722,-60,0,0,0,1,critical_zone,0,1
72,fence24,random_waypoint,2,560,520,560,520,20,9,700,700,15,228.09,-67.2163,-60,0,0,0,1,critical_zone,0,1
72,fence24,random_waypoint,2,560,520,560,520,20,10,750,700,15,261.773,-68.4127,-60,0,0,0,1,critical_zone,0,1
72,fence24,random_waypoint,2,560,520,560,520,20,11,750,650,15,230.272,-67.299,-60,0,0,0,1,critical_zone,0,1
72,fence24,random_waypoint,2,560,520,560,520,20,12,750,550,15,192.419,-65.7392,-60,0,0,0,1,critical_zone,0,1
72,fence24,random_waypoint,2,560,520,560,520,20,13,750,450,15,202.546,-66.1847,-60,0,0,0,1,critical_zone,0,1
72,fence24,random_waypoint,2,560,520,560,520,20,14,750,350,15,255,-68.185,-60,0,0,0,1,critical_zone,0,1
72,fence24,random_waypoint,2,560,520,560,520,20,15,750,300,15,290.732,-69.3241,-60,0,0,0,1,critical_zone,0,1
72,fence24,random_waypoint,2,560,520,560,520,20,16,700,300,15,260.816,-68.3809,-60,0,0,0,1,critical_zone,0,1
72,fence24,random_waypoint,2,560,520,560,520,20,17,600,300,15,223.663,-67.0461,-60,0,0,0,1,critical_zone,0,1
72,fence24,random_waypoint,2,560,520,560,520,20,18,400,300,15,272.075,-68.748,-60,0,0,0,1,critical_zone,0,1
72,fence24,random_waypoint,2,560,520,560,520,20,19,300,300,15,340.624,-70.6997,-60,0,0,0,1,critical_zone,0,1
72,fence24,random_waypoint,2,560,520,560,520,20,20,300,500,15,260.816,-68.3809,-60,0,0,0,1,critical_zone,0,1
72,fence24,random_waypoint,2,560,520,560,520,20,21,500,350,15,180.347,-65.1764,-60,0,0,0,1,critical_zone,0,1
72,fence24,random_waypoint,2,560,520,560,520,20,22,700,500,15,141.51,-63.07,-60,0,0,0,1,critical_zone,0,1
72,fence24,random_waypoint,2,560,520,560,520,20,23,500,650,15,143.265,-63.1771,-60,0,0,0,1,critical_zone,0,1
73,fence24,random_waypoint,2,560,520,560,520,20,0,250,300,15,380.164,-71.6537,-60,0,0,0,1,critical_zone,0,1
73,fence24,random_waypoint,2,560,520,560,520,20,1,250,350,15,353.589,-71.0242,-60,0,0,0,1,critical_zone,0,1
73,fence24,random_waypoint,2,560,520,560,520,20,2,250,450,15,317.844,-70.0985,-60,0,0,0,1,critical_zone,0,1
73,fence24,random_waypoint,2,560,520,560,520,20,3,250,550,15,311.488,-69.9231,-60,0,0,0,1,critical_zone,0,1
73,fence24,random_waypoint,2,560,520,560,520,20,4,250,650,15,336.192,-70.586,-60,0,0,0,1,critical_zone,0,1
73,fence24,random_waypoint,2,560,520,560,520,20,5,250,700,15,358.504,-71.1441,-60,0,0,0,1,critical_zone,0,1
73,fence24,random_waypoint,2,560,520,560,520,20,6,300,700,15,316.267,-70.0553,-60,0,0,0,1,critical_zone,0,1
73,fence24,random_waypoint,2,560,520,560,520,20,7,400,700,15,240.884,-67.6904,-60,0,0,0,1,critical_zone,0,1
73,fence24,random_waypoint,2,560,520,560,520,20,8,600,700,15,184.459,-65.3722,-60,0,0,0,1,critical_zone,0,1
73,fence24,random_waypoint,2,560,520,560,520,20,9,700,700,15,228.09,-67.2163,-60,0,0,0,1,critical_zone,0,1
73,fence24,random_waypoint,2,560,520,560,520,20,10,750,700,15,261.773,-68.4127,-60,0,0,0,1,critical_zone,0,1
73,fence24,random_waypoint,2,560,520,560,520,20,11,750,650,15,230.272,-67.299,-60,0,0,0,1,critical_zone,0,1
73,fence24,random_waypoint,2,560,520,560,520,20,12,750,550,15,192.419,-65.7392,-60,0,0,0,1,critical_zone,0,1
73,fence24,random_waypoint,2,560,520,560,520,20,13,750,450,15,202.546,-66.1847,-60,0,0,0,1,critical_zone,0,1
73,fence24,random_waypoint,2,560,520,560,520,20,14,750,350,15,255,-68.185,-60,0,0,0,1,critical_zone,0,1
73,fence24,random_waypoint,2,560,520,560,520,20,15,750,300,15,290.732,-69.3241,-60,0,0,0,1,critical_zone,0,1
73,fence24,random_waypoint,2,560,520,560,520,20,16,700,300,15,260.816,-68.3809,-60,0,0,0,1,critical_zone,0,1
73,fence24,random_waypoint,2,560,520,560,520,20,17,600,300,15,223.663,-67.0461,-60,0,0,0,1,critical_zone,0,1
73,fence24,random_waypoint,2,560,520,560,520,20,18,400,300,15,272.075,-68.748,-60,0,0,0,1,critical_zone,0,1
73,fence24,random_waypoint,2,560,520,560,520,20,19,300,300,15,340.624,-70.6997,-60,0,0,0,1,critical_zone,0,1
73,fence24,random_waypoint,2,560,520,560,520,20,20,300,500,15,260.816,-68.3809,-60,0,0,0,1,critical_zone,0,1
73,fence24,random_waypoint,2,560,520,560,520,20,21,500,350,15,180.347,-65.1764,-60,0,0,0,1,critical_zone,0,1
73,fence24,random_waypoint,2,560,520,560,520,20,22,700,500,15,141.51,-63.07,-60,0,0,0,1,critical_zone,0,1
73,fence24,random_waypoint,2,560,520,560,520,20,23,500,650,15,143.265,-63.1771,-60,0,0,0,1,critical_zone,0,1
74,fence24,random_waypoint,2,560,520,560,520,20,0,250,300,15,380.164,-71.6537,-60,0,0,0,1,critical_zone,0,1
74,fence24,random_waypoint,2,560,520,560,520,20,1,250,350,15,353.589,-71.0242,-60,0,0,0,1,critical_zone,0,1
74,fence24,random_waypoint,2,560,520,560,520,20,2,250,450,15,317.844,-70.0985,-60,0,0,0,1,critical_zone,0,1
74,fence24,random_waypoint,2,560,520,560,520,20,3,250,550,15,311.488,-69.9231,-60,0,0,0,1,critical_zone,0,1
74,fence24,random_waypoint,2,560,520,560,520,20,4,250,650,15,336.192,-70.586,-60,0,0,0,1,critical_zone,0,1
74,fence24,random_waypoint,2,560,520,560,520,20,5,250,700,15,358.504,-71.1441,-60,0,0,0,1,critical_zone,0,1
74,fence24,random_waypoint,2,560,520,560,520,20,6,300,700,15,316.267,-70.0553,-60,0,0,0,1,critical_zone,0,1
74,fence24,random_waypoint,2,560,520,560,520,20,7,400,700,15,240.884,-67.6904,-60,0,0,0,1,critical_zone,0,1
74,fence24,random_waypoint,2,560,520,560,520,20,8,600,700,15,184.459,-65.3722,-60,0,0,0,1,critical_zone,0,1
74,fence24,random_waypoint,2,560,520,560,520,20,9,700,700,15,228.09,-67.2163,-60,0,0,0,1,critical_zone,0,1
74,fence24,random_waypoint,2,560,520,560,520,20,10,750,700,15,261.773,-68.4127,-60,0,0,0,1,critical_zone,0,1
74,fence24,random_waypoint,2,560,520,560,520,20,11,750,650,15,230.272,-67.299,-60,0,0,0,1,critical_zone,0,1
74,fence24,random_waypoint,2,560,520,560,520,20,12,750,550,15,192.419,-65.7392,-60,0,0,0,1,critical_zone,0,1
74,fence24,random_waypoint,2,560,520,560,520,20,13,750,450,15,202.546,-66.1847,-60,0,0,0,1,critical_zone,0,1
74,fence24,random_waypoint,2,560,520,560,520,20,14,750,350,15,255,-68.185,-60,0,0,0,1,critical_zone,0,1
74,fence24,random_waypoint,2,560,520,560,520,20,15,750,300,15,290.732,-69.3241,-60,0,0,0,1,critical_zone,0,1
74,fence24,random_waypoint,2,560,520,560,520,20,16,700,300,15,260.816,-68.3809,-60,0,0,0,1,critical_zone,0,1
74,fence24,random_waypoint,2,560,520,560,520,20,17,600,300,15,223.663,-67.0461,-60,0,0,0,1,critical_zone,0,1
74,fence24,random_waypoint,2,560,520,560,520,20,18,400,300,15,272.075,-68.748,-60,0,0,0,1,critical_zone,0,1
74,fence24,random_waypoint,2,560,520,560,520,20,19,300,300,15,340.624,-70.6997,-60,0,0,0,1,critical_zone,0,1
74,fence24,random_waypoint,2,560,520,560,520,20,20,300,500,15,260.816,-68.3809,-60,0,0,0,1,critical_zone,0,1
74,fence24,random_waypoint,2,560,520,560,520,20,21,500,350,15,180.347,-65.1764,-60,0,0,0,1,critical_zone,0,1
74,fence24,random_waypoint,2,560,520,560,520,20,22,700,500,15,141.51,-63.07,-60,0,0,0,1,critical_zone,0,1
74,fence24,random_waypoint,2,560,520,560,520,20,23,500,650,15,143.265,-63.1771,-60,0,0,0,1,critical_zone,0,1
75,fence24,random_waypoint,2,560,520,560,520,20,0,250,300,15,380.164,-71.6537,-60,0,0,0,1,critical_zone,0,1
75,fence24,random_waypoint,2,560,520,560,520,20,1,250,350,15,353.589,-71.0242,-60,0,0,0,1,critical_zone,0,1
75,fence24,random_waypoint,2,560,520,560,520,20,2,250,450,15,317.844,-70.0985,-60,0,0,0,1,critical_zone,0,1
75,fence24,random_waypoint,2,560,520,560,520,20,3,250,550,15,311.488,-69.9231,-60,0,0,0,1,critical_zone,0,1
75,fence24,random_waypoint,2,560,520,560,520,20,4,250,650,15,336.192,-70.586,-60,0,0,0,1,critical_zone,0,1
75,fence24,random_waypoint,2,560,520,560,520,20,5,250,700,15,358.504,-71.1441,-60,0,0,0,1,critical_zone,0,1
75,fence24,random_waypoint,2,560,520,560,520,20,6,300,700,15,316.267,-70.0553,-60,0,0,0,1,critical_zone,0,1
75,fence24,random_waypoint,2,560,520,560,520,20,7,400,700,15,240.884,-67.6904,-60,0,0,0,1,critical_zone,0,1
75,fence24,random_waypoint,2,560,520,560,520,20,8,600,700,15,184.459,-65.3722,-60,0,0,0,1,critical_zone,0,1
75,fence24,random_waypoint,2,560,520,560,520,20,9,700,700,15,228.09,-67.2163,-60,0,0,0,1,critical_zone,0,1
75,fence24,random_waypoint,2,560,520,560,520,20,10,750,700,15,261.773,-68.4127,-60,0,0,0,1,critical_zone,0,1
75,fence24,random_waypoint,2,560,520,560,520,20,11,750,650,15,230.272,-67.299,-60,0,0,0,1,critical_zone,0,1
75,fence24,random_waypoint,2,560,520,560,520,20,12,750,550,15,192.419,-65.7392,-60,0,0,0,1,critical_zone,0,1
75,fence24,random_waypoint,2,560,520,560,520,20,13,750,450,15,202.546,-66.1847,-60,0,0,0,1,critical_zone,0,1
75,fence24,random_waypoint,2,560,520,560,520,20,14,750,350,15,255,-68.185,-60,0,0,0,1,critical_zone,0,1
75,fence24,random_waypoint,2,560,520,560,520,20,15,750,300,15,290.732,-69.3241,-60,0,0,0,1,critical_zone,0,1
75,fence24,random_waypoint,2,560,520,560,520,20,16,700,300,15,260.816,-68.3809,-60,0,0,0,1,critical_zone,0,1
75,fence24,random_waypoint,2,560,520,560,520,20,17,600,300,15,223.663,-67.0461,-60,0,0,0,1,critical_zone,0,1
75,fence24,random_waypoint,2,560,520,560,520,20,18,400,300,15,272.075,-68.748,-60,0,0,0,1,critical_zone,0,1
75,fence24,random_waypoint,2,560,520,560,520,20,19,300,300,15,340.624,-70.6997,-60,0,0,0,1,critical_zone,0,1
75,fence24,random_waypoint,2,560,520,560,520,20,20,300,500,15,260.816,-68.3809,-60,0,0,0,1,critical_zone,0,1
75,fence24,random_waypoint,2,560,520,560,520,20,21,500,350,15,180.347,-65.1764,-60,0,0,0,1,critical_zone,0,1
75,fence24,random_waypoint,2,560,520,560,520,20,22,700,500,15,141.51,-63.07,-60,0,0,0,1,critical_zone,0,1
75,fence24,random_waypoint,2,560,520,560,520,20,23,500,650,15,143.265,-63.1771,-60,0,0,0,1,critical_zone,0,1
76,fence24,random_waypoint,2,560,520,560,520,20,0,250,300,15,380.164,-71.6537,-60,0,0,0,1,critical_zone,0,1
76,fence24,random_waypoint,2,560,520,560,520,20,1,250,350,15,353.589,-71.0242,-60,0,0,0,1,critical_zone,0,1
76,fence24,random_waypoint,2,560,520,560,520,20,2,250,450,15,317.844,-70.0985,-60,0,0,0,1,critical_zone,0,1
76,fence24,random_waypoint,2,560,520,560,520,20,3,250,550,15,311.488,-69.9231,-60,0,0,0,1,critical_zone,0,1
76,fence24,random_waypoint,2,560,520,560,520,20,4,250,650,15,336.192,-70.586,-60,0,0,0,1,critical_zone,0,1
76,fence24,random_waypoint,2,560,520,560,520,20,5,250,700,15,358.504,-71.1441,-60,0,0,0,1,critical_zone,0,1
76,fence24,random_waypoint,2,560,520,560,520,20,6,300,700,15,316.267,-70.0553,-60,0,0,0,1,critical_zone,0,1
76,fence24,random_waypoint,2,560,520,560,520,20,7,400,700,15,240.884,-67.6904,-60,0,0,0,1,critical_zone,0,1
76,fence24,random_waypoint,2,560,520,560,520,20,8,600,700,15,184.459,-65.3722,-60,0,0,0,1,critical_zone,0,1
76,fence24,random_waypoint,2,560,520,560,520,20,9,700,700,15,228.09,-67.2163,-60,0,0,0,1,critical_zone,0,1
76,fence24,random_waypoint,2,560,520,560,520,20,10,750,700,15,261.773,-68.4127,-60,0,0,0,1,critical_zone,0,1
76,fence24,random_waypoint,2,560,520,560,520,20,11,750,650,15,230.272,-67.299,-60,0,0,0,1,critical_zone,0,1
76,fence24,random_waypoint,2,560,520,560,520,20,12,750,550,15,192.419,-65.7392,-60,0,0,0,1,critical_zone,0,1
76,fence24,random_waypoint,2,560,520,560,520,20,13,750,450,15,202.546,-66.1847,-60,0,0,0,1,critical_zone,0,1
76,fence24,random_waypoint,2,560,520,560,520,20,14,750,350,15,255,-68.185,-60,0,0,0,1,critical_zone,0,1
76,fence24,random_waypoint,2,560,520,560,520,20,15,750,300,15,290.732,-69.3241,-60,0,0,0,1,critical_zone,0,1
76,fence24,random_waypoint,2,560,520,560,520,20,16,700,300,15,260.816,-68.3809,-60,0,0,0,1,critical_zone,0,1
76,fence24,random_waypoint,2,560,520,560,520,20,17,600,300,15,223.663,-67.0461,-60,0,0,0,1,critical_zone,0,1
76,fence24,random_waypoint,2,560,520,560,520,20,18,400,300,15,272.075,-68.748,-60,0,0,0,1,critical_zone,0,1
76,fence24,random_waypoint,2,560,520,560,520,20,19,300,300,15,340.624,-70.6997,-60,0,0,0,1,critical_zone,0,1
76,fence24,random_waypoint,2,560,520,560,520,20,20,300,500,15,260.816,-68.3809,-60,0,0,0,1,critical_zone,0,1
76,fence24,random_waypoint,2,560,520,560,520,20,21,500,350,15,180.347,-65.1764,-60,0,0,0,1,critical_zone,0,1
76,fence24,random_waypoint,2,560,520,560,520,20,22,700,500,15,141.51,-63.07,-60,0,0,0,1,critical_zone,0,1
76,fence24,random_waypoint,2,560,520,560,520,20,23,500,650,15,143.265,-63.1771,-60,0,0,0,1,critical_zone,0,1
77,fence24,random_waypoint,2,560,520,560,520,20,0,250,300,15,380.164,-71.6537,-60,0,0,0,1,critical_zone,0,1
77,fence24,random_waypoint,2,560,520,560,520,20,1,250,350,15,353.589,-71.0242,-60,0,0,0,1,critical_zone,0,1
77,fence24,random_waypoint,2,560,520,560,520,20,2,250,450,15,317.844,-70.0985,-60,0,0,0,1,critical_zone,0,1
77,fence24,random_waypoint,2,560,520,560,520,20,3,250,550,15,311.488,-69.9231,-60,0,0,0,1,critical_zone,0,1
77,fence24,random_waypoint,2,560,520,560,520,20,4,250,650,15,336.192,-70.586,-60,0,0,0,1,critical_zone,0,1
77,fence24,random_waypoint,2,560,520,560,520,20,5,250,700,15,358.504,-71.1441,-60,0,0,0,1,critical_zone,0,1
77,fence24,random_waypoint,2,560,520,560,520,20,6,300,700,15,316.267,-70.0553,-60,0,0,0,1,critical_zone,0,1
77,fence24,random_waypoint,2,560,520,560,520,20,7,400,700,15,240.884,-67.6904,-60,0,0,0,1,critical_zone,0,1
77,fence24,random_waypoint,2,560,520,560,520,20,8,600,700,15,184.459,-65.3722,-60,0,0,0,1,critical_zone,0,1
77,fence24,random_waypoint,2,560,520,560,520,20,9,700,700,15,228.09,-67.2163,-60,0,0,0,1,critical_zone,0,1
77,fence24,random_waypoint,2,560,520,560,520,20,10,750,700,15,261.773,-68.4127,-60,0,0,0,1,critical_zone,0,1
77,fence24,random_waypoint,2,560,520,560,520,20,11,750,650,15,230.272,-67.299,-60,0,0,0,1,critical_zone,0,1
77,fence24,random_waypoint,2,560,520,560,520,20,12,750,550,15,192.419,-65.7392,-60,0,0,0,1,critical_zone,0,1
77,fence24,random_waypoint,2,560,520,560,520,20,13,750,450,15,202.546,-66.1847,-60,0,0,0,1,critical_zone,0,1
77,fence24,random_waypoint,2,560,520,560,520,20,14,750,350,15,255,-68.185,-60,0,0,0,1,critical_zone,0,1
77,fence24,random_waypoint,2,560,520,560,520,20,15,750,300,15,290.732,-69.3241,-60,0,0,0,1,critical_zone,0,1
77,fence24,random_waypoint,2,560,520,560,520,20,16,700,300,15,260.816,-68.3809,-60,0,0,0,1,critical_zone,0,1
77,fence24,random_waypoint,2,560,520,560,520,20,17,600,300,15,223.663,-67.0461,-60,0,0,0,1,critical_zone,0,1
77,fence24,random_waypoint,2,560,520,560,520,20,18,400,300,15,272.075,-68.748,-60,0,0,0,1,critical_zone,0,1
77,fence24,random_waypoint,2,560,520,560,520,20,19,300,300,15,340.624,-70.6997,-60,0,0,0,1,critical_zone,0,1
77,fence24,random_waypoint,2,560,520,560,520,20,20,300,500,15,260.816,-68.3809,-60,0,0,0,1,critical_zone,0,1
77,fence24,random_waypoint,2,560,520,560,520,20,21,500,350,15,180.347,-65.1764,-60,0,0,0,1,critical_zone,0,1
77,fence24,random_waypoint,2,560,520,560,520,20,22,700,500,15,141.51,-63.07,-60,0,0,0,1,critical_zone,0,1
77,fence24,random_waypoint,2,560,520,560,520,20,23,500,650,15,143.265,-63.1771,-60,0,0,0,1,critical_zone,0,1
78,fence24,random_waypoint,2,560,520,560,520,20,0,250,300,15,380.164,-71.6537,-60,0,0,0,1,critical_zone,0,1
78,fence24,random_waypoint,2,560,520,560,520,20,1,250,350,15,353.589,-71.0242,-60,0,0,0,1,critical_zone,0,1
78,fence24,random_waypoint,2,560,520,560,520,20,2,250,450,15,317.844,-70.0985,-60,0,0,0,1,critical_zone,0,1
78,fence24,random_waypoint,2,560,520,560,520,20,3,250,550,15,311.488,-69.9231,-60,0,0,0,1,critical_zone,0,1
78,fence24,random_waypoint,2,560,520,560,520,20,4,250,650,15,336.192,-70.586,-60,0,0,0,1,critical_zone,0,1
78,fence24,random_waypoint,2,560,520,560,520,20,5,250,700,15,358.504,-71.1441,-60,0,0,0,1,critical_zone,0,1
78,fence24,random_waypoint,2,560,520,560,520,20,6,300,700,15,316.267,-70.0553,-60,0,0,0,1,critical_zone,0,1
78,fence24,random_waypoint,2,560,520,560,520,20,7,400,700,15,240.884,-67.6904,-60,0,0,0,1,critical_zone,0,1
78,fence24,random_waypoint,2,560,520,560,520,20,8,600,700,15,184.459,-65.3722,-60,0,0,0,1,critical_zone,0,1
78,fence24,random_waypoint,2,560,520,560,520,20,9,700,700,15,228.09,-67.2163,-60,0,0,0,1,critical_zone,0,1
78,fence24,random_waypoint,2,560,520,560,520,20,10,750,700,15,261.773,-68.4127,-60,0,0,0,1,critical_zone,0,1
78,fence24,random_waypoint,2,560,520,560,520,20,11,750,650,15,230.272,-67.299,-60,0,0,0,1,critical_zone,0,1
78,fence24,random_waypoint,2,560,520,560,520,20,12,750,550,15,192.419,-65.7392,-60,0,0,0,1,critical_zone,0,1
78,fence24,random_waypoint,2,560,520,560,520,20,13,750,450,15,202.546,-66.1847,-60,0,0,0,1,critical_zone,0,1
78,fence24,random_waypoint,2,560,520,560,520,20,14,750,350,15,255,-68.185,-60,0,0,0,1,critical_zone,0,1
78,fence24,random_waypoint,2,560,520,560,520,20,15,750,300,15,290.732,-69.3241,-60,0,0,0,1,critical_zone,0,1
78,fence24,random_waypoint,2,560,520,560,520,20,16,700,300,15,260.816,-68.3809,-60,0,0,0,1,critical_zone,0,1
78,fence24,random_waypoint,2,560,520,560,520,20,17,600,300,15,223.663,-67.0461,-60,0,0,0,1,critical_zone,0,1
78,fence24,random_waypoint,2,560,520,560,520,20,18,400,300,15,272.075,-68.748,-60,0,0,0,1,critical_zone,0,1
78,fence24,random_waypoint,2,560,520,560,520,20,19,300,300,15,340.624,-70.6997,-60,0,0,0,1,critical_zone,0,1
78,fence24,random_waypoint,2,560,520,560,520,20,20,300,500,15,260.816,-68.3809,-60,0,0,0,1,critical_zone,0,1
78,fence24,random_waypoint,2,560,520,560,520,20,21,500,350,15,180.347,-65.1764,-60,0,0,0,1,critical_zone,0,1
78,fence24,random_waypoint,2,560,520,560,520,20,22,700,500,15,141.51,-63.07,-60,0,0,0,1,critical_zone,0,1
78,fence24,random_waypoint,2,560,520,560,520,20,23,500,650,15,143.265,-63.1771,-60,0,0,0,1,critical_zone,0,1
79,fence24,random_waypoint,2,560,520,560,520,20,0,250,300,15,380.164,-71.6537,-60,0,0,0,1,critical_zone,0,1
79,fence24,random_waypoint,2,560,520,560,520,20,1,250,350,15,353.589,-71.0242,-60,0,0,0,1,critical_zone,0,1
79,fence24,random_waypoint,2,560,520,560,520,20,2,250,450,15,317.844,-70.0985,-60,0,0,0,1,critical_zone,0,1
79,fence24,random_waypoint,2,560,520,560,520,20,3,250,550,15,311.488,-69.9231,-60,0,0,0,1,critical_zone,0,1
79,fence24,random_waypoint,2,560,520,560,520,20,4,250,650,15,336.192,-70.586,-60,0,0,0,1,critical_zone,0,1
79,fence24,random_waypoint,2,560,520,560,520,20,5,250,700,15,358.504,-71.1441,-60,0,0,0,1,critical_zone,0,1
79,fence24,random_waypoint,2,560,520,560,520,20,6,300,700,15,316.267,-70.0553,-60,0,0,0,1,critical_zone,0,1
79,fence24,random_waypoint,2,560,520,560,520,20,7,400,700,15,240.884,-67.6904,-60,0,0,0,1,critical_zone,0,1
79,fence24,random_waypoint,2,560,520,560,520,20,8,600,700,15,184.459,-65.3722,-60,0,0,0,1,critical_zone,0,1
79,fence24,random_waypoint,2,560,520,560,520,20,9,700,700,15,228.09,-67.2163,-60,0,0,0,1,critical_zone,0,1
79,fence24,random_waypoint,2,560,520,560,520,20,10,750,700,15,261.773,-68.4127,-60,0,0,0,1,critical_zone,0,1
79,fence24,random_waypoint,2,560,520,560,520,20,11,750,650,15,230.272,-67.299,-60,0,0,0,1,critical_zone,0,1
79,fence24,random_waypoint,2,560,520,560,520,20,12,750,550,15,192.419,-65.7392,-60,0,0,0,1,critical_zone,0,1
79,fence24,random_waypoint,2,560,520,560,520,20,13,750,450,15,202.546,-66.1847,-60,0,0,0,1,critical_zone,0,1
79,fence24,random_waypoint,2,560,520,560,520,20,14,750,350,15,255,-68.185,-60,0,0,0,1,critical_zone,0,1
79,fence24,random_waypoint,2,560,520,560,520,20,15,750,300,15,290.732,-69.3241,-60,0,0,0,1,critical_zone,0,1
79,fence24,random_waypoint,2,560,520,560,520,20,16,700,300,15,260.816,-68.3809,-60,0,0,0,1,critical_zone,0,1
79,fence24,random_waypoint,2,560,520,560,520,20,17,600,300,15,223.663,-67.0461,-60,0,0,0,1,critical_zone,0,1
79,fence24,random_waypoint,2,560,520,560,520,20,18,400,300,15,272.075,-68.748,-60,0,0,0,1,critical_zone,0,1
79,fence24,random_waypoint,2,560,520,560,520,20,19,300,300,15,340.624,-70.6997,-60,0,0,0,1,critical_zone,0,1
79,fence24,random_waypoint,2,560,520,560,520,20,20,300,500,15,260.816,-68.3809,-60,0,0,0,1,critical_zone,0,1
79,fence24,random_waypoint,2,560,520,560,520,20,21,500,350,15,180.347,-65.1764,-60,0,0,0,1,critical_zone,0,1
79,fence24,random_waypoint,2,560,520,560,520,20,22,700,500,15,141.51,-63.07,-60,0,0,0,1,critical_zone,0,1
79,fence24,random_waypoint,2,560,520,560,520,20,23,500,650,15,143.265,-63.1771,-60,0,0,0,1,critical_zone,0,1
80,fence24,random_waypoint,2,560,520,560,520,20,0,250,300,15,380.164,-71.6537,-60,0,0,0,1,critical_zone,0,1
80,fence24,random_waypoint,2,560,520,560,520,20,1,250,350,15,353.589,-71.0242,-60,0,0,0,1,critical_zone,0,1
80,fence24,random_waypoint,2,560,520,560,520,20,2,250,450,15,317.844,-70.0985,-60,0,0,0,1,critical_zone,0,1
80,fence24,random_waypoint,2,560,520,560,520,20,3,250,550,15,311.488,-69.9231,-60,0,0,0,1,critical_zone,0,1
80,fence24,random_waypoint,2,560,520,560,520,20,4,250,650,15,336.192,-70.586,-60,0,0,0,1,critical_zone,0,1
80,fence24,random_waypoint,2,560,520,560,520,20,5,250,700,15,358.504,-71.1441,-60,0,0,0,1,critical_zone,0,1
80,fence24,random_waypoint,2,560,520,560,520,20,6,300,700,15,316.267,-70.0553,-60,0,0,0,1,critical_zone,0,1
80,fence24,random_waypoint,2,560,520,560,520,20,7,400,700,15,240.884,-67.6904,-60,0,0,0,1,critical_zone,0,1
80,fence24,random_waypoint,2,560,520,560,520,20,8,600,700,15,184.459,-65.3722,-60,0,0,0,1,critical_zone,0,1
80,fence24,random_waypoint,2,560,520,560,520,20,9,700,700,15,228.09,-67.2163,-60,0,0,0,1,critical_zone,0,1
80,fence24,random_waypoint,2,560,520,560,520,20,10,750,700,15,261.773,-68.4127,-60,0,0,0,1,critical_zone,0,1
80,fence24,random_waypoint,2,560,520,560,520,20,11,750,650,15,230.272,-67.299,-60,0,0,0,1,critical_zone,0,1
80,fence24,random_waypoint,2,560,520,560,520,20,12,750,550,15,192.419,-65.7392,-60,0,0,0,1,critical_zone,0,1
80,fence24,random_waypoint,2,560,520,560,520,20,13,750,450,15,202.546,-66.1847,-60,0,0,0,1,critical_zone,0,1
80,fence24,random_waypoint,2,560,520,560,520,20,14,750,350,15,255,-68.185,-60,0,0,0,1,critical_zone,0,1
80,fence24,random_waypoint,2,560,520,560,520,20,15,750,300,15,290.732,-69.3241,-60,0,0,0,1,critical_zone,0,1
80,fence24,random_waypoint,2,560,520,560,520,20,16,700,300,15,260.816,-68.3809,-60,0,0,0,1,critical_zone,0,1
80,fence24,random_waypoint,2,560,520,560,520,20,17,600,300,15,223.663,-67.0461,-60,0,0,0,1,critical_zone,0,1
80,fence24,random_waypoint,2,560,520,560,520,20,18,400,300,15,272.075,-68.748,-60,0,0,0,1,critical_zone,0,1
80,fence24,random_waypoint,2,560,520,560,520,20,19,300,300,15,340.624,-70.6997,-60,0,0,0,1,critical_zone,0,1
80,fence24,random_waypoint,2,560,520,560,520,20,20,300,500,15,260.816,-68.3809,-60,0,0,0,1,critical_zone,0,1
80,fence24,random_waypoint,2,560,520,560,520,20,21,500,350,15,180.347,-65.1764,-60,0,0,0,1,critical_zone,0,1
80,fence24,random_waypoint,2,560,520,560,520,20,22,700,500,15,141.51,-63.07,-60,0,0,0,1,critical_zone,0,1
80,fence24,random_waypoint,2,560,520,560,520,20,23,500,650,15,143.265,-63.1771,-60,0,0,0,1,critical_zone,0,1
81,fence24,random_waypoint,2,560,520,560,520,20,0,250,300,15,380.164,-71.6537,-60,0,0,0,1,critical_zone,0,1
81,fence24,random_waypoint,2,560,520,560,520,20,1,250,350,15,353.589,-71.0242,-60,0,0,0,1,critical_zone,0,1
81,fence24,random_waypoint,2,560,520,560,520,20,2,250,450,15,317.844,-70.0985,-60,0,0,0,1,critical_zone,0,1
81,fence24,random_waypoint,2,560,520,560,520,20,3,250,550,15,311.488,-69.9231,-60,0,0,0,1,critical_zone,0,1
81,fence24,random_waypoint,2,560,520,560,520,20,4,250,650,15,336.192,-70.586,-60,0,0,0,1,critical_zone,0,1
81,fence24,random_waypoint,2,560,520,560,520,20,5,250,700,15,358.504,-71.1441,-60,0,0,0,1,critical_zone,0,1
81,fence24,random_waypoint,2,560,520,560,520,20,6,300,700,15,316.267,-70.0553,-60,0,0,0,1,critical_zone,0,1
81,fence24,random_waypoint,2,560,520,560,520,20,7,400,700,15,240.884,-67.6904,-60,0,0,0,1,critical_zone,0,1
81,fence24,random_waypoint,2,560,520,560,520,20,8,600,700,15,184.459,-65.3722,-60,0,0,0,1,critical_zone,0,1
81,fence24,random_waypoint,2,560,520,560,520,20,9,700,700,15,228.09,-67.2163,-60,0,0,0,1,critical_zone,0,1
81,fence24,random_waypoint,2,560,520,560,520,20,10,750,700,15,261.773,-68.4127,-60,0,0,0,1,critical_zone,0,1
81,fence24,random_waypoint,2,560,520,560,520,20,11,750,650,15,230.272,-67.299,-60,0,0,0,1,critical_zone,0,1
81,fence24,random_waypoint,2,560,520,560,520,20,12,750,550,15,192.419,-65.7392,-60,0,0,0,1,critical_zone,0,1
81,fence24,random_waypoint,2,560,520,560,520,20,13,750,450,15,202.546,-66.1847,-60,0,0,0,1,critical_zone,0,1
81,fence24,random_waypoint,2,560,520,560,520,20,14,750,350,15,255,-68.185,-60,0,0,0,1,critical_zone,0,1
81,fence24,random_waypoint,2,560,520,560,520,20,15,750,300,15,290.732,-69.3241,-60,0,0,0,1,critical_zone,0,1
81,fence24,random_waypoint,2,560,520,560,520,20,16,700,300,15,260.816,-68.3809,-60,0,0,0,1,critical_zone,0,1
81,fence24,random_waypoint,2,560,520,560,520,20,17,600,300,15,223.663,-67.0461,-60,0,0,0,1,critical_zone,0,1
81,fence24,random_waypoint,2,560,520,560,520,20,18,400,300,15,272.075,-68.748,-60,0,0,0,1,critical_zone,0,1
81,fence24,random_waypoint,2,560,520,560,520,20,19,300,300,15,340.624,-70.6997,-60,0,0,0,1,critical_zone,0,1
81,fence24,random_waypoint,2,560,520,560,520,20,20,300,500,15,260.816,-68.3809,-60,0,0,0,1,critical_zone,0,1
81,fence24,random_waypoint,2,560,520,560,520,20,21,500,350,15,180.347,-65.1764,-60,0,0,0,1,critical_zone,0,1
81,fence24,random_waypoint,2,560,520,560,520,20,22,700,500,15,141.51,-63.07,-60,0,0,0,1,critical_zone,0,1
81,fence24,random_waypoint,2,560,520,560,520,20,23,500,650,15,143.265,-63.1771,-60,0,0,0,1,critical_zone,0,1
82,fence24,random_waypoint,2,560,520,560,520,20,0,250,300,15,380.164,-71.6537,-60,0,0,0,1,critical_zone,0,1
82,fence24,random_waypoint,2,560,520,560,520,20,1,250,350,15,353.589,-71.0242,-60,0,0,0,1,critical_zone,0,1
82,fence24,random_waypoint,2,560,520,560,520,20,2,250,450,15,317.844,-70.0985,-60,0,0,0,1,critical_zone,0,1
82,fence24,random_waypoint,2,560,520,560,520,20,3,250,550,15,311.488,-69.9231,-60,0,0,0,1,critical_zone,0,1
82,fence24,random_waypoint,2,560,520,560,520,20,4,250,650,15,336.192,-70.586,-60,0,0,0,1,critical_zone,0,1
82,fence24,random_waypoint,2,560,520,560,520,20,5,250,700,15,358.504,-71.1441,-60,0,0,0,1,critical_zone,0,1
82,fence24,random_waypoint,2,560,520,560,520,20,6,300,700,15,316.267,-70.0553,-60,0,0,0,1,critical_zone,0,1
82,fence24,random_waypoint,2,560,520,560,520,20,7,400,700,15,240.884,-67.6904,-60,0,0,0,1,critical_zone,0,1
82,fence24,random_waypoint,2,560,520,560,520,20,8,600,700,15,184.459,-65.3722,-60,0,0,0,1,critical_zone,0,1
82,fence24,random_waypoint,2,560,520,560,520,20,9,700,700,15,228.09,-67.2163,-60,0,0,0,1,critical_zone,0,1
82,fence24,random_waypoint,2,560,520,560,520,20,10,750,700,15,261.773,-68.4127,-60,0,0,0,1,critical_zone,0,1
82,fence24,random_waypoint,2,560,520,560,520,20,11,750,650,15,230.272,-67.299,-60,0,0,0,1,critical_zone,0,1
82,fence24,random_waypoint,2,560,520,560,520,20,12,750,550,15,192.419,-65.7392,-60,0,0,0,1,critical_zone,0,1
82,fence24,random_waypoint,2,560,520,560,520,20,13,750,450,15,202.546,-66.1847,-60,0,0,0,1,critical_zone,0,1
82,fence24,random_waypoint,2,560,520,560,520,20,14,750,350,15,255,-68.185,-60,0,0,0,1,critical_zone,0,1
82,fence24,random_waypoint,2,560,520,560,520,20,15,750,300,15,290.732,-69.3241,-60,0,0,0,1,critical_zone,0,1
82,fence24,random_waypoint,2,560,520,560,520,20,16,700,300,15,260.816,-68.3809,-60,0,0,0,1,critical_zone,0,1
82,fence24,random_waypoint,2,560,520,560,520,20,17,600,300,15,223.663,-67.0461,-60,0,0,0,1,critical_zone,0,1
82,fence24,random_waypoint,2,560,520,560,520,20,18,400,300,15,272.075,-68.748,-60,0,0,0,1,critical_zone,0,1
82,fence24,random_waypoint,2,560,520,560,520,20,19,300,300,15,340.624,-70.6997,-60,0,0,0,1,critical_zone,0,1
82,fence24,random_waypoint,2,560,520,560,520,20,20,300,500,15,260.816,-68.3809,-60,0,0,0,1,critical_zone,0,1
82,fence24,random_waypoint,2,560,520,560,520,20,21,500,350,15,180.347,-65.1764,-60,0,0,0,1,critical_zone,0,1
82,fence24,random_waypoint,2,560,520,560,520,20,22,700,500,15,141.51,-63.07,-60,0,0,0,1,critical_zone,0,1
82,fence24,random_waypoint,2,560,520,560,520,20,23,500,650,15,143.265,-63.1771,-60,0,0,0,1,critical_zone,0,1
83,fence24,random_waypoint,2,560,520,560,520,20,0,250,300,15,380.164,-71.6537,-60,0,0,0,1,critical_zone,0,1
83,fence24,random_waypoint,2,560,520,560,520,20,1,250,350,15,353.589,-71.0242,-60,0,0,0,1,critical_zone,0,1
83,fence24,random_waypoint,2,560,520,560,520,20,2,250,450,15,317.844,-70.0985,-60,0,0,0,1,critical_zone,0,1
83,fence24,random_waypoint,2,560,520,560,520,20,3,250,550,15,311.488,-69.9231,-60,0,0,0,1,critical_zone,0,1
83,fence24,random_waypoint,2,560,520,560,520,20,4,250,650,15,336.192,-70.586,-60,0,0,0,1,critical_zone,0,1
83,fence24,random_waypoint,2,560,520,560,520,20,5,250,700,15,358.504,-71.1441,-60,0,0,0,1,critical_zone,0,1
83,fence24,random_waypoint,2,560,520,560,520,20,6,300,700,15,316.267,-70.0553,-60,0,0,0,1,critical_zone,0,1
83,fence24,random_waypoint,2,560,520,560,520,20,7,400,700,15,240.884,-67.6904,-60,0,0,0,1,critical_zone,0,1
83,fence24,random_waypoint,2,560,520,560,520,20,8,600,700,15,184.459,-65.3722,-60,0,0,0,1,critical_zone,0,1
83,fence24,random_waypoint,2,560,520,560,520,20,9,700,700,15,228.09,-67.2163,-60,0,0,0,1,critical_zone,0,1
83,fence24,random_waypoint,2,560,520,560,520,20,10,750,700,15,261.773,-68.4127,-60,0,0,0,1,critical_zone,0,1
83,fence24,random_waypoint,2,560,520,560,520,20,11,750,650,15,230.272,-67.299,-60,0,0,0,1,critical_zone,0,1
83,fence24,random_waypoint,2,560,520,560,520,20,12,750,550,15,192.419,-65.7392,-60,0,0,0,1,critical_zone,0,1
83,fence24,random_waypoint,2,560,520,560,520,20,13,750,450,15,202.546,-66.1847,-60,0,0,0,1,critical_zone,0,1
83,fence24,random_waypoint,2,560,520,560,520,20,14,750,350,15,255,-68.185,-60,0,0,0,1,critical_zone,0,1
83,fence24,random_waypoint,2,560,520,560,520,20,15,750,300,15,290.732,-69.3241,-60,0,0,0,1,critical_zone,0,1
83,fence24,random_waypoint,2,560,520,560,520,20,16,700,300,15,260.816,-68.3809,-60,0,0,0,1,critical_zone,0,1
83,fence24,random_waypoint,2,560,520,560,520,20,17,600,300,15,223.663,-67.0461,-60,0,0,0,1,critical_zone,0,1
83,fence24,random_waypoint,2,560,520,560,520,20,18,400,300,15,272.075,-68.748,-60,0,0,0,1,critical_zone,0,1
83,fence24,random_waypoint,2,560,520,560,520,20,19,300,300,15,340.624,-70.6997,-60,0,0,0,1,critical_zone,0,1
83,fence24,random_waypoint,2,560,520,560,520,20,20,300,500,15,260.816,-68.3809,-60,0,0,0,1,critical_zone,0,1
83,fence24,random_waypoint,2,560,520,560,520,20,21,500,350,15,180.347,-65.1764,-60,0,0,0,1,critical_zone,0,1
83,fence24,random_waypoint,2,560,520,560,520,20,22,700,500,15,141.51,-63.07,-60,0,0,0,1,critical_zone,0,1
83,fence24,random_waypoint,2,560,520,560,520,20,23,500,650,15,143.265,-63.1771,-60,0,0,0,1,critical_zone,0,1
84,fence24,random_waypoint,2,560,520,560,520,20,0,250,300,15,380.164,-71.6537,-60,0,0,0,1,critical_zone,0,1
84,fence24,random_waypoint,2,560,520,560,520,20,1,250,350,15,353.589,-71.0242,-60,0,0,0,1,critical_zone,0,1
84,fence24,random_waypoint,2,560,520,560,520,20,2,250,450,15,317.844,-70.0985,-60,0,0,0,1,critical_zone,0,1
84,fence24,random_waypoint,2,560,520,560,520,20,3,250,550,15,311.488,-69.9231,-60,0,0,0,1,critical_zone,0,1
84,fence24,random_waypoint,2,560,520,560,520,20,4,250,650,15,336.192,-70.586,-60,0,0,0,1,critical_zone,0,1
84,fence24,random_waypoint,2,560,520,560,520,20,5,250,700,15,358.504,-71.1441,-60,0,0,0,1,critical_zone,0,1
84,fence24,random_waypoint,2,560,520,560,520,20,6,300,700,15,316.267,-70.0553,-60,0,0,0,1,critical_zone,0,1
84,fence24,random_waypoint,2,560,520,560,520,20,7,400,700,15,240.884,-67.6904,-60,0,0,0,1,critical_zone,0,1
84,fence24,random_waypoint,2,560,520,560,520,20,8,600,700,15,184.459,-65.3722,-60,0,0,0,1,critical_zone,0,1
84,fence24,random_waypoint,2,560,520,560,520,20,9,700,700,15,228.09,-67.2163,-60,0,0,0,1,critical_zone,0,1
84,fence24,random_waypoint,2,560,520,560,520,20,10,750,700,15,261.773,-68.4127,-60,0,0,0,1,critical_zone,0,1
84,fence24,random_waypoint,2,560,520,560,520,20,11,750,650,15,230.272,-67.299,-60,0,0,0,1,critical_zone,0,1
84,fence24,random_waypoint,2,560,520,560,520,20,12,750,550,15,192.419,-65.7392,-60,0,0,0,1,critical_zone,0,1
84,fence24,random_waypoint,2,560,520,560,520,20,13,750,450,15,202.546,-66.1847,-60,0,0,0,1,critical_zone,0,1
84,fence24,random_waypoint,2,560,520,560,520,20,14,750,350,15,255,-68.185,-60,0,0,0,1,critical_zone,0,1
84,fence24,random_waypoint,2,560,520,560,520,20,15,750,300,15,290.732,-69.3241,-60,0,0,0,1,critical_zone,0,1
84,fence24,random_waypoint,2,560,520,560,520,20,16,700,300,15,260.816,-68.3809,-60,0,0,0,1,critical_zone,0,1
84,fence24,random_waypoint,2,560,520,560,520,20,17,600,300,15,223.663,-67.0461,-60,0,0,0,1,critical_zone,0,1
84,fence24,random_waypoint,2,560,520,560,520,20,18,400,300,15,272.075,-68.748,-60,0,0,0,1,critical_zone,0,1
84,fence24,random_waypoint,2,560,520,560,520,20,19,300,300,15,340.624,-70.6997,-60,0,0,0,1,critical_zone,0,1
84,fence24,random_waypoint,2,560,520,560,520,20,20,300,500,15,260.816,-68.3809,-60,0,0,0,1,critical_zone,0,1
84,fence24,random_waypoint,2,560,520,560,520,20,21,500,350,15,180.347,-65.1764,-60,0,0,0,1,critical_zone,0,1
84,fence24,random_waypoint,2,560,520,560,520,20,22,700,500,15,141.51,-63.07,-60,0,0,0,1,critical_zone,0,1
84,fence24,random_waypoint,2,560,520,560,520,20,23,500,650,15,143.265,-63.1771,-60,0,0,0,1,critical_zone,0,1
85,fence24,random_waypoint,2,560,520,560,520,20,0,250,300,15,380.164,-71.6537,-60,0,0,0,1,critical_zone,0,1
85,fence24,random_waypoint,2,560,520,560,520,20,1,250,350,15,353.589,-71.0242,-60,0,0,0,1,critical_zone,0,1
85,fence24,random_waypoint,2,560,520,560,520,20,2,250,450,15,317.844,-70.0985,-60,0,0,0,1,critical_zone,0,1
85,fence24,random_waypoint,2,560,520,560,520,20,3,250,550,15,311.488,-69.9231,-60,0,0,0,1,critical_zone,0,1
85,fence24,random_waypoint,2,560,520,560,520,20,4,250,650,15,336.192,-70.586,-60,0,0,0,1,critical_zone,0,1
85,fence24,random_waypoint,2,560,520,560,520,20,5,250,700,15,358.504,-71.1441,-60,0,0,0,1,critical_zone,0,1
85,fence24,random_waypoint,2,560,520,560,520,20,6,300,700,15,316.267,-70.0553,-60,0,0,0,1,critical_zone,0,1
85,fence24,random_waypoint,2,560,520,560,520,20,7,400,700,15,240.884,-67.6904,-60,0,0,0,1,critical_zone,0,1
85,fence24,random_waypoint,2,560,520,560,520,20,8,600,700,15,184.459,-65.3722,-60,0,0,0,1,critical_zone,0,1
85,fence24,random_waypoint,2,560,520,560,520,20,9,700,700,15,228.09,-67.2163,-60,0,0,0,1,critical_zone,0,1
85,fence24,random_waypoint,2,560,520,560,520,20,10,750,700,15,261.773,-68.4127,-60,0,0,0,1,critical_zone,0,1
85,fence24,random_waypoint,2,560,520,560,520,20,11,750,650,15,230.272,-67.299,-60,0,0,0,1,critical_zone,0,1
85,fence24,random_waypoint,2,560,520,560,520,20,12,750,550,15,192.419,-65.7392,-60,0,0,0,1,critical_zone,0,1
85,fence24,random_waypoint,2,560,520,560,520,20,13,750,450,15,202.546,-66.1847,-60,0,0,0,1,critical_zone,0,1
85,fence24,random_waypoint,2,560,520,560,520,20,14,750,350,15,255,-68.185,-60,0,0,0,1,critical_zone,0,1
85,fence24,random_waypoint,2,560,520,560,520,20,15,750,300,15,290.732,-69.3241,-60,0,0,0,1,critical_zone,0,1
85,fence24,random_waypoint,2,560,520,560,520,20,16,700,300,15,260.816,-68.3809,-60,0,0,0,1,critical_zone,0,1
85,fence24,random_waypoint,2,560,520,560,520,20,17,600,300,15,223.663,-67.0461,-60,0,0,0,1,critical_zone,0,1
85,fence24,random_waypoint,2,560,520,560,520,20,18,400,300,15,272.075,-68.748,-60,0,0,0,1,critical_zone,0,1
85,fence24,random_waypoint,2,560,520,560,520,20,19,300,300,15,340.624,-70.6997,-60,0,0,0,1,critical_zone,0,1
85,fence24,random_waypoint,2,560,520,560,520,20,20,300,500,15,260.816,-68.3809,-60,0,0,0,1,critical_zone,0,1
85,fence24,random_waypoint,2,560,520,560,520,20,21,500,350,15,180.347,-65.1764,-60,0,0,0,1,critical_zone,0,1
85,fence24,random_waypoint,2,560,520,560,520,20,22,700,500,15,141.51,-63.07,-60,0,0,0,1,critical_zone,0,1
85,fence24,random_waypoint,2,560,520,560,520,20,23,500,650,15,143.265,-63.1771,-60,0,0,0,1,critical_zone,0,1
86,fence24,random_waypoint,2,560,520,560,520,20,0,250,300,15,380.164,-71.6537,-60,0,0,0,1,critical_zone,0,1
86,fence24,random_waypoint,2,560,520,560,520,20,1,250,350,15,353.589,-71.0242,-60,0,0,0,1,critical_zone,0,1
86,fence24,random_waypoint,2,560,520,560,520,20,2,250,450,15,317.844,-70.0985,-60,0,0,0,1,critical_zone,0,1
86,fence24,random_waypoint,2,560,520,560,520,20,3,250,550,15,311.488,-69.9231,-60,0,0,0,1,critical_zone,0,1
86,fence24,random_waypoint,2,560,520,560,520,20,4,250,650,15,336.192,-70.586,-60,0,0,0,1,critical_zone,0,1
86,fence24,random_waypoint,2,560,520,560,520,20,5,250,700,15,358.504,-71.1441,-60,0,0,0,1,critical_zone,0,1
86,fence24,random_waypoint,2,560,520,560,520,20,6,300,700,15,316.267,-70.0553,-60,0,0,0,1,critical_zone,0,1
86,fence24,random_waypoint,2,560,520,560,520,20,7,400,700,15,240.884,-67.6904,-60,0,0,0,1,critical_zone,0,1
86,fence24,random_waypoint,2,560,520,560,520,20,8,600,700,15,184.459,-65.3722,-60,0,0,0,1,critical_zone,0,1
86,fence24,random_waypoint,2,560,520,560,520,20,9,700,700,15,228.09,-67.2163,-60,0,0,0,1,critical_zone,0,1
86,fence24,random_waypoint,2,560,520,560,520,20,10,750,700,15,261.773,-68.4127,-60,0,0,0,1,critical_zone,0,1
86,fence24,random_waypoint,2,560,520,560,520,20,11,750,650,15,230.272,-67.299,-60,0,0,0,1,critical_zone,0,1
86,fence24,random_waypoint,2,560,520,560,520,20,12,750,550,15,192.419,-65.7392,-60,0,0,0,1,critical_zone,0,1
86,fence24,random_waypoint,2,560,520,560,520,20,13,750,450,15,202.546,-66.1847,-60,0,0,0,1,critical_zone,0,1
86,fence24,random_waypoint,2,560,520,560,520,20,14,750,350,15,255,-68.185,-60,0,0,0,1,critical_zone,0,1
86,fence24,random_waypoint,2,560,520,560,520,20,15,750,300,15,290.732,-69.3241,-60,0,0,0,1,critical_zone,0,1
86,fence24,random_waypoint,2,560,520,560,520,20,16,700,300,15,260.816,-68.3809,-60,0,0,0,1,critical_zone,0,1
86,fence24,random_waypoint,2,560,520,560,520,20,17,600,300,15,223.663,-67.0461,-60,0,0,0,1,critical_zone,0,1
86,fence24,random_waypoint,2,560,520,560,520,20,18,400,300,15,272.075,-68.748,-60,0,0,0,1,critical_zone,0,1
86,fence24,random_waypoint,2,560,520,560,520,20,19,300,300,15,340.624,-70.6997,-60,0,0,0,1,critical_zone,0,1
86,fence24,random_waypoint,2,560,520,560,520,20,20,300,500,15,260.816,-68.3809,-60,0,0,0,1,critical_zone,0,1
86,fence24,random_waypoint,2,560,520,560,520,20,21,500,350,15,180.347,-65.1764,-60,0,0,0,1,critical_zone,0,1
86,fence24,random_waypoint,2,560,520,560,520,20,22,700,500,15,141.51,-63.07,-60,0,0,0,1,critical_zone,0,1
86,fence24,random_waypoint,2,560,520,560,520,20,23,500,650,15,143.265,-63.1771,-60,0,0,0,1,critical_zone,0,1
87,fence24,random_waypoint,2,560,520,560,520,20,0,250,300,15,380.164,-71.6537,-60,0,0,0,1,critical_zone,0,1
87,fence24,random_waypoint,2,560,520,560,520,20,1,250,350,15,353.589,-71.0242,-60,0,0,0,1,critical_zone,0,1
87,fence24,random_waypoint,2,560,520,560,520,20,2,250,450,15,317.844,-70.0985,-60,0,0,0,1,critical_zone,0,1
87,fence24,random_waypoint,2,560,520,560,520,20,3,250,550,15,311.488,-69.9231,-60,0,0,0,1,critical_zone,0,1
87,fence24,random_waypoint,2,560,520,560,520,20,4,250,650,15,336.192,-70.586,-60,0,0,0,1,critical_zone,0,1
87,fence24,random_waypoint,2,560,520,560,520,20,5,250,700,15,358.504,-71.1441,-60,0,0,0,1,critical_zone,0,1
87,fence24,random_waypoint,2,560,520,560,520,20,6,300,700,15,316.267,-70.0553,-60,0,0,0,1,critical_zone,0,1
87,fence24,random_waypoint,2,560,520,560,520,20,7,400,700,15,240.884,-67.6904,-60,0,0,0,1,critical_zone,0,1
87,fence24,random_waypoint,2,560,520,560,520,20,8,600,700,15,184.459,-65.3722,-60,0,0,0,1,critical_zone,0,1
87,fence24,random_waypoint,2,560,520,560,520,20,9,700,700,15,228.09,-67.2163,-60,0,0,0,1,critical_zone,0,1
87,fence24,random_waypoint,2,560,520,560,520,20,10,750,700,15,261.773,-68.4127,-60,0,0,0,1,critical_zone,0,1
87,fence24,random_waypoint,2,560,520,560,520,20,11,750,650,15,230.272,-67.299,-60,0,0,0,1,critical_zone,0,1
87,fence24,random_waypoint,2,560,520,560,520,20,12,750,550,15,192.419,-65.7392,-60,0,0,0,1,critical_zone,0,1
87,fence24,random_waypoint,2,560,520,560,520,20,13,750,450,15,202.546,-66.1847,-60,0,0,0,1,critical_zone,0,1
87,fence24,random_waypoint,2,560,520,560,520,20,14,750,350,15,255,-68.185,-60,0,0,0,1,critical_zone,0,1
87,fence24,random_waypoint,2,560,520,560,520,20,15,750,300,15,290.732,-69.3241,-60,0,0,0,1,critical_zone,0,1
87,fence24,random_waypoint,2,560,520,560,520,20,16,700,300,15,260.816,-68.3809,-60,0,0,0,1,critical_zone,0,1
87,fence24,random_waypoint,2,560,520,560,520,20,17,600,300,15,223.663,-67.0461,-60,0,0,0,1,critical_zone,0,1
87,fence24,random_waypoint,2,560,520,560,520,20,18,400,300,15,272.075,-68.748,-60,0,0,0,1,critical_zone,0,1
87,fence24,random_waypoint,2,560,520,560,520,20,19,300,300,15,340.624,-70.6997,-60,0,0,0,1,critical_zone,0,1
87,fence24,random_waypoint,2,560,520,560,520,20,20,300,500,15,260.816,-68.3809,-60,0,0,0,1,critical_zone,0,1
87,fence24,random_waypoint,2,560,520,560,520,20,21,500,350,15,180.347,-65.1764,-60,0,0,0,1,critical_zone,0,1
87,fence24,random_waypoint,2,560,520,560,520,20,22,700,500,15,141.51,-63.07,-60,0,0,0,1,critical_zone,0,1
87,fence24,random_waypoint,2,560,520,560,520,20,23,500,650,15,143.265,-63.1771,-60,0,0,0,1,critical_zone,0,1
88,fence24,random_waypoint,2,560,520,560,520,20,0,250,300,15,380.164,-71.6537,-60,0,0,0,1,critical_zone,0,1
88,fence24,random_waypoint,2,560,520,560,520,20,1,250,350,15,353.589,-71.0242,-60,0,0,0,1,critical_zone,0,1
88,fence24,random_waypoint,2,560,520,560,520,20,2,250,450,15,317.844,-70.0985,-60,0,0,0,1,critical_zone,0,1
88,fence24,random_waypoint,2,560,520,560,520,20,3,250,550,15,311.488,-69.9231,-60,0,0,0,1,critical_zone,0,1
88,fence24,random_waypoint,2,560,520,560,520,20,4,250,650,15,336.192,-70.586,-60,0,0,0,1,critical_zone,0,1
88,fence24,random_waypoint,2,560,520,560,520,20,5,250,700,15,358.504,-71.1441,-60,0,0,0,1,critical_zone,0,1
88,fence24,random_waypoint,2,560,520,560,520,20,6,300,700,15,316.267,-70.0553,-60,0,0,0,1,critical_zone,0,1
88,fence24,random_waypoint,2,560,520,560,520,20,7,400,700,15,240.884,-67.6904,-60,0,0,0,1,critical_zone,0,1
88,fence24,random_waypoint,2,560,520,560,520,20,8,600,700,15,184.459,-65.3722,-60,0,0,0,1,critical_zone,0,1
88,fence24,random_waypoint,2,560,520,560,520,20,9,700,700,15,228.09,-67.2163,-60,0,0,0,1,critical_zone,0,1
88,fence24,random_waypoint,2,560,520,560,520,20,10,750,700,15,261.773,-68.4127,-60,0,0,0,1,critical_zone,0,1
88,fence24,random_waypoint,2,560,520,560,520,20,11,750,650,15,230.272,-67.299,-60,0,0,0,1,critical_zone,0,1
88,fence24,random_waypoint,2,560,520,560,520,20,12,750,550,15,192.419,-65.7392,-60,0,0,0,1,critical_zone,0,1
88,fence24,random_waypoint,2,560,520,560,520,20,13,750,450,15,202.546,-66.1847,-60,0,0,0,1,critical_zone,0,1
88,fence24,random_waypoint,2,560,520,560,520,20,14,750,350,15,255,-68.185,-60,0,0,0,1,critical_zone,0,1
88,fence24,random_waypoint,2,560,520,560,520,20,15,750,300,15,290.732,-69.3241,-60,0,0,0,1,critical_zone,0,1
88,fence24,random_waypoint,2,560,520,560,520,20,16,700,300,15,260.816,-68.3809,-60,0,0,0,1,critical_zone,0,1
88,fence24,random_waypoint,2,560,520,560,520,20,17,600,300,15,223.663,-67.0461,-60,0,0,0,1,critical_zone,0,1
88,fence24,random_waypoint,2,560,520,560,520,20,18,400,300,15,272.075,-68.748,-60,0,0,0,1,critical_zone,0,1
88,fence24,random_waypoint,2,560,520,560,520,20,19,300,300,15,340.624,-70.6997,-60,0,0,0,1,critical_zone,0,1
88,fence24,random_waypoint,2,560,520,560,520,20,20,300,500,15,260.816,-68.3809,-60,0,0,0,1,critical_zone,0,1
88,fence24,random_waypoint,2,560,520,560,520,20,21,500,350,15,180.347,-65.1764,-60,0,0,0,1,critical_zone,0,1
88,fence24,random_waypoint,2,560,520,560,520,20,22,700,500,15,141.51,-63.07,-60,0,0,0,1,critical_zone,0,1
88,fence24,random_waypoint,2,560,520,560,520,20,23,500,650,15,143.265,-63.1771,-60,0,0,0,1,critical_zone,0,1
89,fence24,random_waypoint,2,560,520,560,520,20,0,250,300,15,380.164,-71.6537,-60,0,0,0,1,critical_zone,0,1
89,fence24,random_waypoint,2,560,520,560,520,20,1,250,350,15,353.589,-71.0242,-60,0,0,0,1,critical_zone,0,1
89,fence24,random_waypoint,2,560,520,560,520,20,2,250,450,15,317.844,-70.0985,-60,0,0,0,1,critical_zone,0,1
89,fence24,random_waypoint,2,560,520,560,520,20,3,250,550,15,311.488,-69.9231,-60,0,0,0,1,critical_zone,0,1
89,fence24,random_waypoint,2,560,520,560,520,20,4,250,650,15,336.192,-70.586,-60,0,0,0,1,critical_zone,0,1
89,fence24,random_waypoint,2,560,520,560,520,20,5,250,700,15,358.504,-71.1441,-60,0,0,0,1,critical_zone,0,1
89,fence24,random_waypoint,2,560,520,560,520,20,6,300,700,15,316.267,-70.0553,-60,0,0,0,1,critical_zone,0,1
89,fence24,random_waypoint,2,560,520,560,520,20,7,400,700,15,240.884,-67.6904,-60,0,0,0,1,critical_zone,0,1
89,fence24,random_waypoint,2,560,520,560,520,20,8,600,700,15,184.459,-65.3722,-60,0,0,0,1,critical_zone,0,1
89,fence24,random_waypoint,2,560,520,560,520,20,9,700,700,15,228.09,-67.2163,-60,0,0,0,1,critical_zone,0,1
89,fence24,random_waypoint,2,560,520,560,520,20,10,750,700,15,261.773,-68.4127,-60,0,0,0,1,critical_zone,0,1
89,fence24,random_waypoint,2,560,520,560,520,20,11,750,650,15,230.272,-67.299,-60,0,0,0,1,critical_zone,0,1
89,fence24,random_waypoint,2,560,520,560,520,20,12,750,550,15,192.419,-65.7392,-60,0,0,0,1,critical_zone,0,1
89,fence24,random_waypoint,2,560,520,560,520,20,13,750,450,15,202.546,-66.1847,-60,0,0,0,1,critical_zone,0,1
89,fence24,random_waypoint,2,560,520,560,520,20,14,750,350,15,255,-68.185,-60,0,0,0,1,critical_zone,0,1
89,fence24,random_waypoint,2,560,520,560,520,20,15,750,300,15,290.732,-69.3241,-60,0,0,0,1,critical_zone,0,1
89,fence24,random_waypoint,2,560,520,560,520,20,16,700,300,15,260.816,-68.3809,-60,0,0,0,1,critical_zone,0,1
89,fence24,random_waypoint,2,560,520,560,520,20,17,600,300,15,223.663,-67.0461,-60,0,0,0,1,critical_zone,0,1
89,fence24,random_waypoint,2,560,520,560,520,20,18,400,300,15,272.075,-68.748,-60,0,0,0,1,critical_zone,0,1
89,fence24,random_waypoint,2,560,520,560,520,20,19,300,300,15,340.624,-70.6997,-60,0,0,0,1,critical_zone,0,1
89,fence24,random_waypoint,2,560,520,560,520,20,20,300,500,15,260.816,-68.3809,-60,0,0,0,1,critical_zone,0,1
89,fence24,random_waypoint,2,560,520,560,520,20,21,500,350,15,180.347,-65.1764,-60,0,0,0,1,critical_zone,0,1
89,fence24,random_waypoint,2,560,520,560,520,20,22,700,500,15,141.51,-63.07,-60,0,0,0,1,critical_zone,0,1
89,fence24,random_waypoint,2,560,520,560,520,20,23,500,650,15,143.265,-63.1771,-60,0,0,0,1,critical_zone,0,1
90,fence24,random_waypoint,2,560,520,560,520,20,0,250,300,15,380.164,-71.6537,-60,0,0,0,1,critical_zone,0,1
90,fence24,random_waypoint,2,560,520,560,520,20,1,250,350,15,353.589,-71.0242,-60,0,0,0,1,critical_zone,0,1
90,fence24,random_waypoint,2,560,520,560,520,20,2,250,450,15,317.844,-70.0985,-60,0,0,0,1,critical_zone,0,1
90,fence24,random_waypoint,2,560,520,560,520,20,3,250,550,15,311.488,-69.9231,-60,0,0,0,1,critical_zone,0,1
90,fence24,random_waypoint,2,560,520,560,520,20,4,250,650,15,336.192,-70.586,-60,0,0,0,1,critical_zone,0,1
90,fence24,random_waypoint,2,560,520,560,520,20,5,250,700,15,358.504,-71.1441,-60,0,0,0,1,critical_zone,0,1
90,fence24,random_waypoint,2,560,520,560,520,20,6,300,700,15,316.267,-70.0553,-60,0,0,0,1,critical_zone,0,1
90,fence24,random_waypoint,2,560,520,560,520,20,7,400,700,15,240.884,-67.6904,-60,0,0,0,1,critical_zone,0,1
90,fence24,random_waypoint,2,560,520,560,520,20,8,600,700,15,184.459,-65.3722,-60,0,0,0,1,critical_zone,0,1
90,fence24,random_waypoint,2,560,520,560,520,20,9,700,700,15,228.09,-67.2163,-60,0,0,0,1,critical_zone,0,1
90,fence24,random_waypoint,2,560,520,560,520,20,10,750,700,15,261.773,-68.4127,-60,0,0,0,1,critical_zone,0,1
90,fence24,random_waypoint,2,560,520,560,520,20,11,750,650,15,230.272,-67.299,-60,0,0,0,1,critical_zone,0,1
90,fence24,random_waypoint,2,560,520,560,520,20,12,750,550,15,192.419,-65.7392,-60,0,0,0,1,critical_zone,0,1
90,fence24,random_waypoint,2,560,520,560,520,20,13,750,450,15,202.546,-66.1847,-60,0,0,0,1,critical_zone,0,1
90,fence24,random_waypoint,2,560,520,560,520,20,14,750,350,15,255,-68.185,-60,0,0,0,1,critical_zone,0,1
90,fence24,random_waypoint,2,560,520,560,520,20,15,750,300,15,290.732,-69.3241,-60,0,0,0,1,critical_zone,0,1
90,fence24,random_waypoint,2,560,520,560,520,20,16,700,300,15,260.816,-68.3809,-60,0,0,0,1,critical_zone,0,1
90,fence24,random_waypoint,2,560,520,560,520,20,17,600,300,15,223.663,-67.0461,-60,0,0,0,1,critical_zone,0,1
90,fence24,random_waypoint,2,560,520,560,520,20,18,400,300,15,272.075,-68.748,-60,0,0,0,1,critical_zone,0,1
90,fence24,random_waypoint,2,560,520,560,520,20,19,300,300,15,340.624,-70.6997,-60,0,0,0,1,critical_zone,0,1
90,fence24,random_waypoint,2,560,520,560,520,20,20,300,500,15,260.816,-68.3809,-60,0,0,0,1,critical_zone,0,1
90,fence24,random_waypoint,2,560,520,560,520,20,21,500,350,15,180.347,-65.1764,-60,0,0,0,1,critical_zone,0,1
90,fence24,random_waypoint,2,560,520,560,520,20,22,700,500,15,141.51,-63.07,-60,0,0,0,1,critical_zone,0,1
90,fence24,random_waypoint,2,560,520,560,520,20,23,500,650,15,143.265,-63.1771,-60,0,0,0,1,critical_zone,0,1
91,fence24,random_waypoint,2,560,520,560,520,20,0,250,300,15,380.164,-71.6537,-60,0,0,0,1,critical_zone,0,1
91,fence24,random_waypoint,2,560,520,560,520,20,1,250,350,15,353.589,-71.0242,-60,0,0,0,1,critical_zone,0,1
91,fence24,random_waypoint,2,560,520,560,520,20,2,250,450,15,317.844,-70.0985,-60,0,0,0,1,critical_zone,0,1
91,fence24,random_waypoint,2,560,520,560,520,20,3,250,550,15,311.488,-69.9231,-60,0,0,0,1,critical_zone,0,1
91,fence24,random_waypoint,2,560,520,560,520,20,4,250,650,15,336.192,-70.586,-60,0,0,0,1,critical_zone,0,1
91,fence24,random_waypoint,2,560,520,560,520,20,5,250,700,15,358.504,-71.1441,-60,0,0,0,1,critical_zone,0,1
91,fence24,random_waypoint,2,560,520,560,520,20,6,300,700,15,316.267,-70.0553,-60,0,0,0,1,critical_zone,0,1
91,fence24,random_waypoint,2,560,520,560,520,20,7,400,700,15,240.884,-67.6904,-60,0,0,0,1,critical_zone,0,1
91,fence24,random_waypoint,2,560,520,560,520,20,8,600,700,15,184.459,-65.3722,-60,0,0,0,1,critical_zone,0,1
91,fence24,random_waypoint,2,560,520,560,520,20,9,700,700,15,228.09,-67.2163,-60,0,0,0,1,critical_zone,0,1
91,fence24,random_waypoint,2,560,520,560,520,20,10,750,700,15,261.773,-68.4127,-60,0,0,0,1,critical_zone,0,1
91,fence24,random_waypoint,2,560,520,560,520,20,11,750,650,15,230.272,-67.299,-60,0,0,0,1,critical_zone,0,1
91,fence24,random_waypoint,2,560,520,560,520,20,12,750,550,15,192.419,-65.7392,-60,0,0,0,1,critical_zone,0,1
91,fence24,random_waypoint,2,560,520,560,520,20,13,750,450,15,202.546,-66.1847,-60,0,0,0,1,critical_zone,0,1
91,fence24,random_waypoint,2,560,520,560,520,20,14,750,350,15,255,-68.185,-60,0,0,0,1,critical_zone,0,1
91,fence24,random_waypoint,2,560,520,560,520,20,15,750,300,15,290.732,-69.3241,-60,0,0,0,1,critical_zone,0,1
91,fence24,random_waypoint,2,560,520,560,520,20,16,700,300,15,260.816,-68.3809,-60,0,0,0,1,critical_zone,0,1
91,fence24,random_waypoint,2,560,520,560,520,20,17,600,300,15,223.663,-67.0461,-60,0,0,0,1,critical_zone,0,1
91,fence24,random_waypoint,2,560,520,560,520,20,18,400,300,15,272.075,-68.748,-60,0,0,0,1,critical_zone,0,1
91,fence24,random_waypoint,2,560,520,560,520,20,19,300,300,15,340.624,-70.6997,-60,0,0,0,1,critical_zone,0,1
91,fence24,random_waypoint,2,560,520,560,520,20,20,300,500,15,260.816,-68.3809,-60,0,0,0,1,critical_zone,0,1
91,fence24,random_waypoint,2,560,520,560,520,20,21,500,350,15,180.347,-65.1764,-60,0,0,0,1,critical_zone,0,1
91,fence24,random_waypoint,2,560,520,560,520,20,22,700,500,15,141.51,-63.07,-60,0,0,0,1,critical_zone,0,1
91,fence24,random_waypoint,2,560,520,560,520,20,23,500,650,15,143.265,-63.1771,-60,0,0,0,1,critical_zone,0,1
92,fence24,random_waypoint,2,560,520,560,520,20,0,250,300,15,380.164,-71.6537,-60,0,0,0,1,critical_zone,0,1
92,fence24,random_waypoint,2,560,520,560,520,20,1,250,350,15,353.589,-71.0242,-60,0,0,0,1,critical_zone,0,1
92,fence24,random_waypoint,2,560,520,560,520,20,2,250,450,15,317.844,-70.0985,-60,0,0,0,1,critical_zone,0,1
92,fence24,random_waypoint,2,560,520,560,520,20,3,250,550,15,311.488,-69.9231,-60,0,0,0,1,critical_zone,0,1
92,fence24,random_waypoint,2,560,520,560,520,20,4,250,650,15,336.192,-70.586,-60,0,0,0,1,critical_zone,0,1
92,fence24,random_waypoint,2,560,520,560,520,20,5,250,700,15,358.504,-71.1441,-60,0,0,0,1,critical_zone,0,1
92,fence24,random_waypoint,2,560,520,560,520,20,6,300,700,15,316.267,-70.0553,-60,0,0,0,1,critical_zone,0,1
92,fence24,random_waypoint,2,560,520,560,520,20,7,400,700,15,240.884,-67.6904,-60,0,0,0,1,critical_zone,0,1
92,fence24,random_waypoint,2,560,520,560,520,20,8,600,700,15,184.459,-65.3722,-60,0,0,0,1,critical_zone,0,1
92,fence24,random_waypoint,2,560,520,560,520,20,9,700,700,15,228.09,-67.2163,-60,0,0,0,1,critical_zone,0,1
92,fence24,random_waypoint,2,560,520,560,520,20,10,750,700,15,261.773,-68.4127,-60,0,0,0,1,critical_zone,0,1
92,fence24,random_waypoint,2,560,520,560,520,20,11,750,650,15,230.272,-67.299,-60,0,0,0,1,critical_zone,0,1
92,fence24,random_waypoint,2,560,520,560,520,20,12,750,550,15,192.419,-65.7392,-60,0,0,0,1,critical_zone,0,1
92,fence24,random_waypoint,2,560,520,560,520,20,13,750,450,15,202.546,-66.1847,-60,0,0,0,1,critical_zone,0,1
92,fence24,random_waypoint,2,560,520,560,520,20,14,750,350,15,255,-68.185,-60,0,0,0,1,critical_zone,0,1
92,fence24,random_waypoint,2,560,520,560,520,20,15,750,300,15,290.732,-69.3241,-60,0,0,0,1,critical_zone,0,1
92,fence24,random_waypoint,2,560,520,560,520,20,16,700,300,15,260.816,-68.3809,-60,0,0,0,1,critical_zone,0,1
92,fence24,random_waypoint,2,560,520,560,520,20,17,600,300,15,223.663,-67.0461,-60,0,0,0,1,critical_zone,0,1
92,fence24,random_waypoint,2,560,520,560,520,20,18,400,300,15,272.075,-68.748,-60,0,0,0,1,critical_zone,0,1
92,fence24,random_waypoint,2,560,520,560,520,20,19,300,300,15,340.624,-70.6997,-60,0,0,0,1,critical_zone,0,1
92,fence24,random_waypoint,2,560,520,560,520,20,20,300,500,15,260.816,-68.3809,-60,0,0,0,1,critical_zone,0,1
92,fence24,random_waypoint,2,560,520,560,520,20,21,500,350,15,180.347,-65.1764,-60,0,0,0,1,critical_zone,0,1
92,fence24,random_waypoint,2,560,520,560,520,20,22,700,500,15,141.51,-63.07,-60,0,0,0,1,critical_zone,0,1
92,fence24,random_waypoint,2,560,520,560,520,20,23,500,650,15,143.265,-63.1771,-60,0,0,0,1,critical_zone,0,1
93,fence24,random_waypoint,2,560,520,560,520,20,0,250,300,15,380.164,-71.6537,-60,0,0,0,1,critical_zone,0,1
93,fence24,random_waypoint,2,560,520,560,520,20,1,250,350,15,353.589,-71.0242,-60,0,0,0,1,critical_zone,0,1
93,fence24,random_waypoint,2,560,520,560,520,20,2,250,450,15,317.844,-70.0985,-60,0,0,0,1,critical_zone,0,1
93,fence24,random_waypoint,2,560,520,560,520,20,3,250,550,15,311.488,-69.9231,-60,0,0,0,1,critical_zone,0,1
93,fence24,random_waypoint,2,560,520,560,520,20,4,250,650,15,336.192,-70.586,-60,0,0,0,1,critical_zone,0,1
93,fence24,random_waypoint,2,560,520,560,520,20,5,250,700,15,358.504,-71.1441,-60,0,0,0,1,critical_zone,0,1
93,fence24,random_waypoint,2,560,520,560,520,20,6,300,700,15,316.267,-70.0553,-60,0,0,0,1,critical_zone,0,1
93,fence24,random_waypoint,2,560,520,560,520,20,7,400,700,15,240.884,-67.6904,-60,0,0,0,1,critical_zone,0,1
93,fence24,random_waypoint,2,560,520,560,520,20,8,600,700,15,184.459,-65.3722,-60,0,0,0,1,critical_zone,0,1
93,fence24,random_waypoint,2,560,520,560,520,20,9,700,700,15,228.09,-67.2163,-60,0,0,0,1,critical_zone,0,1
93,fence24,random_waypoint,2,560,520,560,520,20,10,750,700,15,261.773,-68.4127,-60,0,0,0,1,critical_zone,0,1
93,fence24,random_waypoint,2,560,520,560,520,20,11,750,650,15,230.272,-67.299,-60,0,0,0,1,critical_zone,0,1
93,fence24,random_waypoint,2,560,520,560,520,20,12,750,550,15,192.419,-65.7392,-60,0,0,0,1,critical_zone,0,1
93,fence24,random_waypoint,2,560,520,560,520,20,13,750,450,15,202.546,-66.1847,-60,0,0,0,1,critical_zone,0,1
93,fence24,random_waypoint,2,560,520,560,520,20,14,750,350,15,255,-68.185,-60,0,0,0,1,critical_zone,0,1
93,fence24,random_waypoint,2,560,520,560,520,20,15,750,300,15,290.732,-69.3241,-60,0,0,0,1,critical_zone,0,1
93,fence24,random_waypoint,2,560,520,560,520,20,16,700,300,15,260.816,-68.3809,-60,0,0,0,1,critical_zone,0,1
93,fence24,random_waypoint,2,560,520,560,520,20,17,600,300,15,223.663,-67.0461,-60,0,0,0,1,critical_zone,0,1
93,fence24,random_waypoint,2,560,520,560,520,20,18,400,300,15,272.075,-68.748,-60,0,0,0,1,critical_zone,0,1
93,fence24,random_waypoint,2,560,520,560,520,20,19,300,300,15,340.624,-70.6997,-60,0,0,0,1,critical_zone,0,1
93,fence24,random_waypoint,2,560,520,560,520,20,20,300,500,15,260.816,-68.3809,-60,0,0,0,1,critical_zone,0,1
93,fence24,random_waypoint,2,560,520,560,520,20,21,500,350,15,180.347,-65.1764,-60,0,0,0,1,critical_zone,0,1
93,fence24,random_waypoint,2,560,520,560,520,20,22,700,500,15,141.51,-63.07,-60,0,0,0,1,critical_zone,0,1
93,fence24,random_waypoint,2,560,520,560,520,20,23,500,650,15,143.265,-63.1771,-60,0,0,0,1,critical_zone,0,1
94,fence24,random_waypoint,2,560,520,560,520,20,0,250,300,15,380.164,-71.6537,-60,0,0,0,1,critical_zone,0,1
94,fence24,random_waypoint,2,560,520,560,520,20,1,250,350,15,353.589,-71.0242,-60,0,0,0,1,critical_zone,0,1
94,fence24,random_waypoint,2,560,520,560,520,20,2,250,450,15,317.844,-70.0985,-60,0,0,0,1,critical_zone,0,1
94,fence24,random_waypoint,2,560,520,560,520,20,3,250,550,15,311.488,-69.9231,-60,0,0,0,1,critical_zone,0,1
94,fence24,random_waypoint,2,560,520,560,520,20,4,250,650,15,336.192,-70.586,-60,0,0,0,1,critical_zone,0,1
94,fence24,random_waypoint,2,560,520,560,520,20,5,250,700,15,358.504,-71.1441,-60,0,0,0,1,critical_zone,0,1
94,fence24,random_waypoint,2,560,520,560,520,20,6,300,700,15,316.267,-70.0553,-60,0,0,0,1,critical_zone,0,1
94,fence24,random_waypoint,2,560,520,560,520,20,7,400,700,15,240.884,-67.6904,-60,0,0,0,1,critical_zone,0,1
94,fence24,random_waypoint,2,560,520,560,520,20,8,600,700,15,184.459,-65.3722,-60,0,0,0,1,critical_zone,0,1
94,fence24,random_waypoint,2,560,520,560,520,20,9,700,700,15,228.09,-67.2163,-60,0,0,0,1,critical_zone,0,1
94,fence24,random_waypoint,2,560,520,560,520,20,10,750,700,15,261.773,-68.4127,-60,0,0,0,1,critical_zone,0,1
94,fence24,random_waypoint,2,560,520,560,520,20,11,750,650,15,230.272,-67.299,-60,0,0,0,1,critical_zone,0,1
94,fence24,random_waypoint,2,560,520,560,520,20,12,750,550,15,192.419,-65.7392,-60,0,0,0,1,critical_zone,0,1
94,fence24,random_waypoint,2,560,520,560,520,20,13,750,450,15,202.546,-66.1847,-60,0,0,0,1,critical_zone,0,1
94,fence24,random_waypoint,2,560,520,560,520,20,14,750,350,15,255,-68.185,-60,0,0,0,1,critical_zone,0,1
94,fence24,random_waypoint,2,560,520,560,520,20,15,750,300,15,290.732,-69.3241,-60,0,0,0,1,critical_zone,0,1
94,fence24,random_waypoint,2,560,520,560,520,20,16,700,300,15,260.816,-68.3809,-60,0,0,0,1,critical_zone,0,1
94,fence24,random_waypoint,2,560,520,560,520,20,17,600,300,15,223.663,-67.0461,-60,0,0,0,1,critical_zone,0,1
94,fence24,random_waypoint,2,560,520,560,520,20,18,400,300,15,272.075,-68.748,-60,0,0,0,1,critical_zone,0,1
94,fence24,random_waypoint,2,560,520,560,520,20,19,300,300,15,340.624,-70.6997,-60,0,0,0,1,critical_zone,0,1
94,fence24,random_waypoint,2,560,520,560,520,20,20,300,500,15,260.816,-68.3809,-60,0,0,0,1,critical_zone,0,1
94,fence24,random_waypoint,2,560,520,560,520,20,21,500,350,15,180.347,-65.1764,-60,0,0,0,1,critical_zone,0,1
94,fence24,random_waypoint,2,560,520,560,520,20,22,700,500,15,141.51,-63.07,-60,0,0,0,1,critical_zone,0,1
94,fence24,random_waypoint,2,560,520,560,520,20,23,500,650,15,143.265,-63.1771,-60,0,0,0,1,critical_zone,0,1
95,fence24,random_waypoint,2,560,520,560,520,20,0,250,300,15,380.164,-71.6537,-60,0,0,0,1,critical_zone,0,1
95,fence24,random_waypoint,2,560,520,560,520,20,1,250,350,15,353.589,-71.0242,-60,0,0,0,1,critical_zone,0,1
95,fence24,random_waypoint,2,560,520,560,520,20,2,250,450,15,317.844,-70.0985,-60,0,0,0,1,critical_zone,0,1
95,fence24,random_waypoint,2,560,520,560,520,20,3,250,550,15,311.488,-69.9231,-60,0,0,0,1,critical_zone,0,1
95,fence24,random_waypoint,2,560,520,560,520,20,4,250,650,15,336.192,-70.586,-60,0,0,0,1,critical_zone,0,1
95,fence24,random_waypoint,2,560,520,560,520,20,5,250,700,15,358.504,-71.1441,-60,0,0,0,1,critical_zone,0,1
95,fence24,random_waypoint,2,560,520,560,520,20,6,300,700,15,316.267,-70.0553,-60,0,0,0,1,critical_zone,0,1
95,fence24,random_waypoint,2,560,520,560,520,20,7,400,700,15,240.884,-67.6904,-60,0,0,0,1,critical_zone,0,1
95,fence24,random_waypoint,2,560,520,560,520,20,8,600,700,15,184.459,-65.3722,-60,0,0,0,1,critical_zone,0,1
95,fence24,random_waypoint,2,560,520,560,520,20,9,700,700,15,228.09,-67.2163,-60,0,0,0,1,critical_zone,0,1
95,fence24,random_waypoint,2,560,520,560,520,20,10,750,700,15,261.773,-68.4127,-60,0,0,0,1,critical_zone,0,1
95,fence24,random_waypoint,2,560,520,560,520,20,11,750,650,15,230.272,-67.299,-60,0,0,0,1,critical_zone,0,1
95,fence24,random_waypoint,2,560,520,560,520,20,12,750,550,15,192.419,-65.7392,-60,0,0,0,1,critical_zone,0,1
95,fence24,random_waypoint,2,560,520,560,520,20,13,750,450,15,202.546,-66.1847,-60,0,0,0,1,critical_zone,0,1
95,fence24,random_waypoint,2,560,520,560,520,20,14,750,350,15,255,-68.185,-60,0,0,0,1,critical_zone,0,1
95,fence24,random_waypoint,2,560,520,560,520,20,15,750,300,15,290.732,-69.3241,-60,0,0,0,1,critical_zone,0,1
95,fence24,random_waypoint,2,560,520,560,520,20,16,700,300,15,260.816,-68.3809,-60,0,0,0,1,critical_zone,0,1
95,fence24,random_waypoint,2,560,520,560,520,20,17,600,300,15,223.663,-67.0461,-60,0,0,0,1,critical_zone,0,1
95,fence24,random_waypoint,2,560,520,560,520,20,18,400,300,15,272.075,-68.748,-60,0,0,0,1,critical_zone,0,1
95,fence24,random_waypoint,2,560,520,560,520,20,19,300,300,15,340.624,-70.6997,-60,0,0,0,1,critical_zone,0,1
95,fence24,random_waypoint,2,560,520,560,520,20,20,300,500,15,260.816,-68.3809,-60,0,0,0,1,critical_zone,0,1
95,fence24,random_waypoint,2,560,520,560,520,20,21,500,350,15,180.347,-65.1764,-60,0,0,0,1,critical_zone,0,1
95,fence24,random_waypoint,2,560,520,560,520,20,22,700,500,15,141.51,-63.07,-60,0,0,0,1,critical_zone,0,1
95,fence24,random_waypoint,2,560,520,560,520,20,23,500,650,15,143.265,-63.1771,-60,0,0,0,1,critical_zone,0,1
96,fence24,random_waypoint,2,560,520,560,520,20,0,250,300,15,380.164,-71.6537,-60,0,0,0,1,critical_zone,0,1
96,fence24,random_waypoint,2,560,520,560,520,20,1,250,350,15,353.589,-71.0242,-60,0,0,0,1,critical_zone,0,1
96,fence24,random_waypoint,2,560,520,560,520,20,2,250,450,15,317.844,-70.0985,-60,0,0,0,1,critical_zone,0,1
96,fence24,random_waypoint,2,560,520,560,520,20,3,250,550,15,311.488,-69.9231,-60,0,0,0,1,critical_zone,0,1
96,fence24,random_waypoint,2,560,520,560,520,20,4,250,650,15,336.192,-70.586,-60,0,0,0,1,critical_zone,0,1
96,fence24,random_waypoint,2,560,520,560,520,20,5,250,700,15,358.504,-71.1441,-60,0,0,0,1,critical_zone,0,1
96,fence24,random_waypoint,2,560,520,560,520,20,6,300,700,15,316.267,-70.0553,-60,0,0,0,1,critical_zone,0,1
96,fence24,random_waypoint,2,560,520,560,520,20,7,400,700,15,240.884,-67.6904,-60,0,0,0,1,critical_zone,0,1
96,fence24,random_waypoint,2,560,520,560,520,20,8,600,700,15,184.459,-65.3722,-60,0,0,0,1,critical_zone,0,1
96,fence24,random_waypoint,2,560,520,560,520,20,9,700,700,15,228.09,-67.2163,-60,0,0,0,1,critical_zone,0,1
96,fence24,random_waypoint,2,560,520,560,520,20,10,750,700,15,261.773,-68.4127,-60,0,0,0,1,critical_zone,0,1
96,fence24,random_waypoint,2,560,520,560,520,20,11,750,650,15,230.272,-67.299,-60,0,0,0,1,critical_zone,0,1
96,fence24,random_waypoint,2,560,520,560,520,20,12,750,550,15,192.419,-65.7392,-60,0,0,0,1,critical_zone,0,1
96,fence24,random_waypoint,2,560,520,560,520,20,13,750,450,15,202.546,-66.1847,-60,0,0,0,1,critical_zone,0,1
96,fence24,random_waypoint,2,560,520,560,520,20,14,750,350,15,255,-68.185,-60,0,0,0,1,critical_zone,0,1
96,fence24,random_waypoint,2,560,520,560,520,20,15,750,300,15,290.732,-69.3241,-60,0,0,0,1,critical_zone,0,1
96,fence24,random_waypoint,2,560,520,560,520,20,16,700,300,15,260.816,-68.3809,-60,0,0,0,1,critical_zone,0,1
96,fence24,random_waypoint,2,560,520,560,520,20,17,600,300,15,223.663,-67.0461,-60,0,0,0,1,critical_zone,0,1
96,fence24,random_waypoint,2,560,520,560,520,20,18,400,300,15,272.075,-68.748,-60,0,0,0,1,critical_zone,0,1
96,fence24,random_waypoint,2,560,520,560,520,20,19,300,300,15,340.624,-70.6997,-60,0,0,0,1,critical_zone,0,1
96,fence24,random_waypoint,2,560,520,560,520,20,20,300,500,15,260.816,-68.3809,-60,0,0,0,1,critical_zone,0,1
96,fence24,random_waypoint,2,560,520,560,520,20,21,500,350,15,180.347,-65.1764,-60,0,0,0,1,critical_zone,0,1
96,fence24,random_waypoint,2,560,520,560,520,20,22,700,500,15,141.51,-63.07,-60,0,0,0,1,critical_zone,0,1
96,fence24,random_waypoint,2,560,520,560,520,20,23,500,650,15,143.265,-63.1771,-60,0,0,0,1,critical_zone,0,1
97,fence24,random_waypoint,2,560,520,560,520,20,0,250,300,15,380.164,-71.6537,-60,0,0,0,1,critical_zone,0,1
97,fence24,random_waypoint,2,560,520,560,520,20,1,250,350,15,353.589,-71.0242,-60,0,0,0,1,critical_zone,0,1
97,fence24,random_waypoint,2,560,520,560,520,20,2,250,450,15,317.844,-70.0985,-60,0,0,0,1,critical_zone,0,1
97,fence24,random_waypoint,2,560,520,560,520,20,3,250,550,15,311.488,-69.9231,-60,0,0,0,1,critical_zone,0,1
97,fence24,random_waypoint,2,560,520,560,520,20,4,250,650,15,336.192,-70.586,-60,0,0,0,1,critical_zone,0,1
97,fence24,random_waypoint,2,560,520,560,520,20,5,250,700,15,358.504,-71.1441,-60,0,0,0,1,critical_zone,0,1
97,fence24,random_waypoint,2,560,520,560,520,20,6,300,700,15,316.267,-70.0553,-60,0,0,0,1,critical_zone,0,1
97,fence24,random_waypoint,2,560,520,560,520,20,7,400,700,15,240.884,-67.6904,-60,0,0,0,1,critical_zone,0,1
97,fence24,random_waypoint,2,560,520,560,520,20,8,600,700,15,184.459,-65.3722,-60,0,0,0,1,critical_zone,0,1
97,fence24,random_waypoint,2,560,520,560,520,20,9,700,700,15,228.09,-67.2163,-60,0,0,0,1,critical_zone,0,1
97,fence24,random_waypoint,2,560,520,560,520,20,10,750,700,15,261.773,-68.4127,-60,0,0,0,1,critical_zone,0,1
97,fence24,random_waypoint,2,560,520,560,520,20,11,750,650,15,230.272,-67.299,-60,0,0,0,1,critical_zone,0,1
97,fence24,random_waypoint,2,560,520,560,520,20,12,750,550,15,192.419,-65.7392,-60,0,0,0,1,critical_zone,0,1
97,fence24,random_waypoint,2,560,520,560,520,20,13,750,450,15,202.546,-66.1847,-60,0,0,0,1,critical_zone,0,1
97,fence24,random_waypoint,2,560,520,560,520,20,14,750,350,15,255,-68.185,-60,0,0,0,1,critical_zone,0,1
97,fence24,random_waypoint,2,560,520,560,520,20,15,750,300,15,290.732,-69.3241,-60,0,0,0,1,critical_zone,0,1
97,fence24,random_waypoint,2,560,520,560,520,20,16,700,300,15,260.816,-68.3809,-60,0,0,0,1,critical_zone,0,1
97,fence24,random_waypoint,2,560,520,560,520,20,17,600,300,15,223.663,-67.0461,-60,0,0,0,1,critical_zone,0,1
97,fence24,random_waypoint,2,560,520,560,520,20,18,400,300,15,272.075,-68.748,-60,0,0,0,1,critical_zone,0,1
97,fence24,random_waypoint,2,560,520,560,520,20,19,300,300,15,340.624,-70.6997,-60,0,0,0,1,critical_zone,0,1
97,fence24,random_waypoint,2,560,520,560,520,20,20,300,500,15,260.816,-68.3809,-60,0,0,0,1,critical_zone,0,1
97,fence24,random_waypoint,2,560,520,560,520,20,21,500,350,15,180.347,-65.1764,-60,0,0,0,1,critical_zone,0,1
97,fence24,random_waypoint,2,560,520,560,520,20,22,700,500,15,141.51,-63.07,-60,0,0,0,1,critical_zone,0,1
97,fence24,random_waypoint,2,560,520,560,520,20,23,500,650,15,143.265,-63.1771,-60,0,0,0,1,critical_zone,0,1
98,fence24,random_waypoint,2,560,520,560,520,20,0,250,300,15,380.164,-71.6537,-60,0,0,0,1,critical_zone,0,1
98,fence24,random_waypoint,2,560,520,560,520,20,1,250,350,15,353.589,-71.0242,-60,0,0,0,1,critical_zone,0,1
98,fence24,random_waypoint,2,560,520,560,520,20,2,250,450,15,317.844,-70.0985,-60,0,0,0,1,critical_zone,0,1
98,fence24,random_waypoint,2,560,520,560,520,20,3,250,550,15,311.488,-69.9231,-60,0,0,0,1,critical_zone,0,1
98,fence24,random_waypoint,2,560,520,560,520,20,4,250,650,15,336.192,-70.586,-60,0,0,0,1,critical_zone,0,1
98,fence24,random_waypoint,2,560,520,560,520,20,5,250,700,15,358.504,-71.1441,-60,0,0,0,1,critical_zone,0,1
98,fence24,random_waypoint,2,560,520,560,520,20,6,300,700,15,316.267,-70.0553,-60,0,0,0,1,critical_zone,0,1
98,fence24,random_waypoint,2,560,520,560,520,20,7,400,700,15,240.884,-67.6904,-60,0,0,0,1,critical_zone,0,1
98,fence24,random_waypoint,2,560,520,560,520,20,8,600,700,15,184.459,-65.3722,-60,0,0,0,1,critical_zone,0,1
98,fence24,random_waypoint,2,560,520,560,520,20,9,700,700,15,228.09,-67.2163,-60,0,0,0,1,critical_zone,0,1
98,fence24,random_waypoint,2,560,520,560,520,20,10,750,700,15,261.773,-68.4127,-60,0,0,0,1,critical_zone,0,1
98,fence24,random_waypoint,2,560,520,560,520,20,11,750,650,15,230.272,-67.299,-60,0,0,0,1,critical_zone,0,1
98,fence24,random_waypoint,2,560,520,560,520,20,12,750,550,15,192.419,-65.7392,-60,0,0,0,1,critical_zone,0,1
98,fence24,random_waypoint,2,560,520,560,520,20,13,750,450,15,202.546,-66.1847,-60,0,0,0,1,critical_zone,0,1
98,fence24,random_waypoint,2,560,520,560,520,20,14,750,350,15,255,-68.185,-60,0,0,0,1,critical_zone,0,1
98,fence24,random_waypoint,2,560,520,560,520,20,15,750,300,15,290.732,-69.3241,-60,0,0,0,1,critical_zone,0,1
98,fence24,random_waypoint,2,560,520,560,520,20,16,700,300,15,260.816,-68.3809,-60,0,0,0,1,critical_zone,0,1
98,fence24,random_waypoint,2,560,520,560,520,20,17,600,300,15,223.663,-67.0461,-60,0,0,0,1,critical_zone,0,1
98,fence24,random_waypoint,2,560,520,560,520,20,18,400,300,15,272.075,-68.748,-60,0,0,0,1,critical_zone,0,1
98,fence24,random_waypoint,2,560,520,560,520,20,19,300,300,15,340.624,-70.6997,-60,0,0,0,1,critical_zone,0,1
98,fence24,random_waypoint,2,560,520,560,520,20,20,300,500,15,260.816,-68.3809,-60,0,0,0,1,critical_zone,0,1
98,fence24,random_waypoint,2,560,520,560,520,20,21,500,350,15,180.347,-65.1764,-60,0,0,0,1,critical_zone,0,1
98,fence24,random_waypoint,2,560,520,560,520,20,22,700,500,15,141.51,-63.07,-60,0,0,0,1,critical_zone,0,1
98,fence24,random_waypoint,2,560,520,560,520,20,23,500,650,15,143.265,-63.1771,-60,0,0,0,1,critical_zone,0,1
99,fence24,random_waypoint,2,560,520,560,520,20,0,250,300,15,380.164,-71.6537,-60,0,0,0,1,critical_zone,0,1
99,fence24,random_waypoint,2,560,520,560,520,20,1,250,350,15,353.589,-71.0242,-60,0,0,0,1,critical_zone,0,1
99,fence24,random_waypoint,2,560,520,560,520,20,2,250,450,15,317.844,-70.0985,-60,0,0,0,1,critical_zone,0,1
99,fence24,random_waypoint,2,560,520,560,520,20,3,250,550,15,311.488,-69.9231,-60,0,0,0,1,critical_zone,0,1
99,fence24,random_waypoint,2,560,520,560,520,20,4,250,650,15,336.192,-70.586,-60,0,0,0,1,critical_zone,0,1
99,fence24,random_waypoint,2,560,520,560,520,20,5,250,700,15,358.504,-71.1441,-60,0,0,0,1,critical_zone,0,1
99,fence24,random_waypoint,2,560,520,560,520,20,6,300,700,15,316.267,-70.0553,-60,0,0,0,1,critical_zone,0,1
99,fence24,random_waypoint,2,560,520,560,520,20,7,400,700,15,240.884,-67.6904,-60,0,0,0,1,critical_zone,0,1
99,fence24,random_waypoint,2,560,520,560,520,20,8,600,700,15,184.459,-65.3722,-60,0,0,0,1,critical_zone,0,1
99,fence24,random_waypoint,2,560,520,560,520,20,9,700,700,15,228.09,-67.2163,-60,0,0,0,1,critical_zone,0,1
99,fence24,random_waypoint,2,560,520,560,520,20,10,750,700,15,261.773,-68.4127,-60,0,0,0,1,critical_zone,0,1
99,fence24,random_waypoint,2,560,520,560,520,20,11,750,650,15,230.272,-67.299,-60,0,0,0,1,critical_zone,0,1
99,fence24,random_waypoint,2,560,520,560,520,20,12,750,550,15,192.419,-65.7392,-60,0,0,0,1,critical_zone,0,1
99,fence24,random_waypoint,2,560,520,560,520,20,13,750,450,15,202.546,-66.1847,-60,0,0,0,1,critical_zone,0,1
99,fence24,random_waypoint,2,560,520,560,520,20,14,750,350,15,255,-68.185,-60,0,0,0,1,critical_zone,0,1
99,fence24,random_waypoint,2,560,520,560,520,20,15,750,300,15,290.732,-69.3241,-60,0,0,0,1,critical_zone,0,1
99,fence24,random_waypoint,2,560,520,560,520,20,16,700,300,15,260.816,-68.3809,-60,0,0,0,1,critical_zone,0,1
99,fence24,random_waypoint,2,560,520,560,520,20,17,600,300,15,223.663,-67.0461,-60,0,0,0,1,critical_zone,0,1
99,fence24,random_waypoint,2,560,520,560,520,20,18,400,300,15,272.075,-68.748,-60,0,0,0,1,critical_zone,0,1
99,fence24,random_waypoint,2,560,520,560,520,20,19,300,300,15,340.624,-70.6997,-60,0,0,0,1,critical_zone,0,1
99,fence24,random_waypoint,2,560,520,560,520,20,20,300,500,15,260.816,-68.3809,-60,0,0,0,1,critical_zone,0,1
99,fence24,random_waypoint,2,560,520,560,520,20,21,500,350,15,180.347,-65.1764,-60,0,0,0,1,critical_zone,0,1
99,fence24,random_waypoint,2,560,520,560,520,20,22,700,500,15,141.51,-63.07,-60,0,0,0,1,critical_zone,0,1
99,fence24,random_waypoint,2,560,520,560,520,20,23,500,650,15,143.265,-63.1771,-60,0,0,0,1,critical_zone,0,1
100,fence24,random_waypoint,2,560,520,560,520,20,0,250,300,15,380.164,-71.6537,-60,0,0,0,1,critical_zone,0,1
100,fence24,random_waypoint,2,560,520,560,520,20,1,250,350,15,353.589,-71.0242,-60,0,0,0,1,critical_zone,0,1
100,fence24,random_waypoint,2,560,520,560,520,20,2,250,450,15,317.844,-70.0985,-60,0,0,0,1,critical_zone,0,1
100,fence24,random_waypoint,2,560,520,560,520,20,3,250,550,15,311.488,-69.9231,-60,0,0,0,1,critical_zone,0,1
100,fence24,random_waypoint,2,560,520,560,520,20,4,250,650,15,336.192,-70.586,-60,0,0,0,1,critical_zone,0,1
100,fence24,random_waypoint,2,560,520,560,520,20,5,250,700,15,358.504,-71.1441,-60,0,0,0,1,critical_zone,0,1
100,fence24,random_waypoint,2,560,520,560,520,20,6,300,700,15,316.267,-70.0553,-60,0,0,0,1,critical_zone,0,1
100,fence24,random_waypoint,2,560,520,560,520,20,7,400,700,15,240.884,-67.6904,-60,0,0,0,1,critical_zone,0,1
100,fence24,random_waypoint,2,560,520,560,520,20,8,600,700,15,184.459,-65.3722,-60,0,0,0,1,critical_zone,0,1
100,fence24,random_waypoint,2,560,520,560,520,20,9,700,700,15,228.09,-67.2163,-60,0,0,0,1,critical_zone,0,1
100,fence24,random_waypoint,2,560,520,560,520,20,10,750,700,15,261.773,-68.4127,-60,0,0,0,1,critical_zone,0,1
100,fence24,random_waypoint,2,560,520,560,520,20,11,750,650,15,230.272,-67.299,-60,0,0,0,1,critical_zone,0,1
100,fence24,random_waypoint,2,560,520,560,520,20,12,750,550,15,192.419,-65.7392,-60,0,0,0,1,critical_zone,0,1
100,fence24,random_waypoint,2,560,520,560,520,20,13,750,450,15,202.546,-66.1847,-60,0,0,0,1,critical_zone,0,1
100,fence24,random_waypoint,2,560,520,560,520,20,14,750,350,15,255,-68.185,-60,0,0,0,1,critical_zone,0,1
100,fence24,random_waypoint,2,560,520,560,520,20,15,750,300,15,290.732,-69.3241,-60,0,0,0,1,critical_zone,0,1
100,fence24,random_waypoint,2,560,520,560,520,20,16,700,300,15,260.816,-68.3809,-60,0,0,0,1,critical_zone,0,1
100,fence24,random_waypoint,2,560,520,560,520,20,17,600,300,15,223.663,-67.0461,-60,0,0,0,1,critical_zone,0,1
100,fence24,random_waypoint,2,560,520,560,520,20,18,400,300,15,272.075,-68.748,-60,0,0,0,1,critical_zone,0,1
100,fence24,random_waypoint,2,560,520,560,520,20,19,300,300,15,340.624,-70.6997,-60,0,0,0,1,critical_zone,0,1
100,fence24,random_waypoint,2,560,520,560,520,20,20,300,500,15,260.816,-68.3809,-60,0,0,0,1,critical_zone,0,1
100,fence24,random_waypoint,2,560,520,560,520,20,21,500,350,15,180.347,-65.1764,-60,0,0,0,1,critical_zone,0,1
100,fence24,random_waypoint,2,560,520,560,520,20,22,700,500,15,141.51,-63.07,-60,0,0,0,1,critical_zone,0,1
100,fence24,random_waypoint,2,560,520,560,520,20,23,500,650,15,143.265,-63.1771,-60,0,0,0,1,critical_zone,0,1
101,fence24,random_waypoint,2,560,520,560,520,20,0,250,300,15,380.164,-71.6537,-60,0,0,0,1,critical_zone,0,1
101,fence24,random_waypoint,2,560,520,560,520,20,1,250,350,15,353.589,-71.0242,-60,0,0,0,1,critical_zone,0,1
101,fence24,random_waypoint,2,560,520,560,520,20,2,250,450,15,317.844,-70.0985,-60,0,0,0,1,critical_zone,0,1
101,fence24,random_waypoint,2,560,520,560,520,20,3,250,550,15,311.488,-69.9231,-60,0,0,0,1,critical_zone,0,1
101,fence24,random_waypoint,2,560,520,560,520,20,4,250,650,15,336.192,-70.586,-60,0,0,0,1,critical_zone,0,1
101,fence24,random_waypoint,2,560,520,560,520,20,5,250,700,15,358.504,-71.1441,-60,0,0,0,1,critical_zone,0,1
101,fence24,random_waypoint,2,560,520,560,520,20,6,300,700,15,316.267,-70.0553,-60,0,0,0,1,critical_zone,0,1
101,fence24,random_waypoint,2,560,520,560,520,20,7,400,700,15,240.884,-67.6904,-60,0,0,0,1,critical_zone,0,1
101,fence24,random_waypoint,2,560,520,560,520,20,8,600,700,15,184.459,-65.3722,-60,0,0,0,1,critical_zone,0,1
101,fence24,random_waypoint,2,560,520,560,520,20,9,700,700,15,228.09,-67.2163,-60,0,0,0,1,critical_zone,0,1
101,fence24,random_waypoint,2,560,520,560,520,20,10,750,700,15,261.773,-68.4127,-60,0,0,0,1,critical_zone,0,1
101,fence24,random_waypoint,2,560,520,560,520,20,11,750,650,15,230.272,-67.299,-60,0,0,0,1,critical_zone,0,1
101,fence24,random_waypoint,2,560,520,560,520,20,12,750,550,15,192.419,-65.7392,-60,0,0,0,1,critical_zone,0,1
101,fence24,random_waypoint,2,560,520,560,520,20,13,750,450,15,202.546,-66.1847,-60,0,0,0,1,critical_zone,0,1
101,fence24,random_waypoint,2,560,520,560,520,20,14,750,350,15,255,-68.185,-60,0,0,0,1,critical_zone,0,1
101,fence24,random_waypoint,2,560,520,560,520,20,15,750,300,15,290.732,-69.3241,-60,0,0,0,1,critical_zone,0,1
101,fence24,random_waypoint,2,560,520,560,520,20,16,700,300,15,260.816,-68.3809,-60,0,0,0,1,critical_zone,0,1
101,fence24,random_waypoint,2,560,520,560,520,20,17,600,300,15,223.663,-67.0461,-60,0,0,0,1,critical_zone,0,1
101,fence24,random_waypoint,2,560,520,560,520,20,18,400,300,15,272.075,-68.748,-60,0,0,0,1,critical_zone,0,1
101,fence24,random_waypoint,2,560,520,560,520,20,19,300,300,15,340.624,-70.6997,-60,0,0,0,1,critical_zone,0,1
101,fence24,random_waypoint,2,560,520,560,520,20,20,300,500,15,260.816,-68.3809,-60,0,0,0,1,critical_zone,0,1
101,fence24,random_waypoint,2,560,520,560,520,20,21,500,350,15,180.347,-65.1764,-60,0,0,0,1,critical_zone,0,1
101,fence24,random_waypoint,2,560,520,560,520,20,22,700,500,15,141.51,-63.07,-60,0,0,0,1,critical_zone,0,1
101,fence24,random_waypoint,2,560,520,560,520,20,23,500,650,15,143.265,-63.1771,-60,0,0,0,1,critical_zone,0,1
102,fence24,random_waypoint,2,560,520,560,520,20,0,250,300,15,380.164,-71.6537,-60,0,0,0,1,critical_zone,0,1
102,fence24,random_waypoint,2,560,520,560,520,20,1,250,350,15,353.589,-71.0242,-60,0,0,0,1,critical_zone,0,1
102,fence24,random_waypoint,2,560,520,560,520,20,2,250,450,15,317.844,-70.0985,-60,0,0,0,1,critical_zone,0,1
102,fence24,random_waypoint,2,560,520,560,520,20,3,250,550,15,311.488,-69.9231,-60,0,0,0,1,critical_zone,0,1
102,fence24,random_waypoint,2,560,520,560,520,20,4,250,650,15,336.192,-70.586,-60,0,0,0,1,critical_zone,0,1
102,fence24,random_waypoint,2,560,520,560,520,20,5,250,700,15,358.504,-71.1441,-60,0,0,0,1,critical_zone,0,1
102,fence24,random_waypoint,2,560,520,560,520,20,6,300,700,15,316.267,-70.0553,-60,0,0,0,1,critical_zone,0,1
102,fence24,random_waypoint,2,560,520,560,520,20,7,400,700,15,240.884,-67.6904,-60,0,0,0,1,critical_zone,0,1
102,fence24,random_waypoint,2,560,520,560,520,20,8,600,700,15,184.459,-65.3722,-60,0,0,0,1,critical_zone,0,1
102,fence24,random_waypoint,2,560,520,560,520,20,9,700,700,15,228.09,-67.2163,-60,0,0,0,1,critical_zone,0,1
102,fence24,random_waypoint,2,560,520,560,520,20,10,750,700,15,261.773,-68.4127,-60,0,0,0,1,critical_zone,0,1
102,fence24,random_waypoint,2,560,520,560,520,20,11,750,650,15,230.272,-67.299,-60,0,0,0,1,critical_zone,0,1
102,fence24,random_waypoint,2,560,520,560,520,20,12,750,550,15,192.419,-65.7392,-60,0,0,0,1,critical_zone,0,1
102,fence24,random_waypoint,2,560,520,560,520,20,13,750,450,15,202.546,-66.1847,-60,0,0,0,1,critical_zone,0,1
102,fence24,random_waypoint,2,560,520,560,520,20,14,750,350,15,255,-68.185,-60,0,0,0,1,critical_zone,0,1
102,fence24,random_waypoint,2,560,520,560,520,20,15,750,300,15,290.732,-69.3241,-60,0,0,0,1,critical_zone,0,1
102,fence24,random_waypoint,2,560,520,560,520,20,16,700,300,15,260.816,-68.3809,-60,0,0,0,1,critical_zone,0,1
102,fence24,random_waypoint,2,560,520,560,520,20,17,600,300,15,223.663,-67.0461,-60,0,0,0,1,critical_zone,0,1
102,fence24,random_waypoint,2,560,520,560,520,20,18,400,300,15,272.075,-68.748,-60,0,0,0,1,critical_zone,0,1
102,fence24,random_waypoint,2,560,520,560,520,20,19,300,300,15,340.624,-70.6997,-60,0,0,0,1,critical_zone,0,1
102,fence24,random_waypoint,2,560,520,560,520,20,20,300,500,15,260.816,-68.3809,-60,0,0,0,1,critical_zone,0,1
102,fence24,random_waypoint,2,560,520,560,520,20,21,500,350,15,180.347,-65.1764,-60,0,0,0,1,critical_zone,0,1
102,fence24,random_waypoint,2,560,520,560,520,20,22,700,500,15,141.51,-63.07,-60,0,0,0,1,critical_zone,0,1
102,fence24,random_waypoint,2,560,520,560,520,20,23,500,650,15,143.265,-63.1771,-60,0,0,0,1,critical_zone,0,1
103,fence24,random_waypoint,2,560,520,560,520,20,0,250,300,15,380.164,-71.6537,-60,0,0,0,1,critical_zone,0,1
103,fence24,random_waypoint,2,560,520,560,520,20,1,250,350,15,353.589,-71.0242,-60,0,0,0,1,critical_zone,0,1
103,fence24,random_waypoint,2,560,520,560,520,20,2,250,450,15,317.844,-70.0985,-60,0,0,0,1,critical_zone,0,1
103,fence24,random_waypoint,2,560,520,560,520,20,3,250,550,15,311.488,-69.9231,-60,0,0,0,1,critical_zone,0,1
103,fence24,random_waypoint,2,560,520,560,520,20,4,250,650,15,336.192,-70.586,-60,0,0,0,1,critical_zone,0,1
103,fence24,random_waypoint,2,560,520,560,520,20,5,250,700,15,358.504,-71.1441,-60,0,0,0,1,critical_zone,0,1
103,fence24,random_waypoint,2,560,520,560,520,20,6,300,700,15,316.267,-70.0553,-60,0,0,0,1,critical_zone,0,1
103,fence24,random_waypoint,2,560,520,560,520,20,7,400,700,15,240.884,-67.6904,-60,0,0,0,1,critical_zone,0,1
103,fence24,random_waypoint,2,560,520,560,520,20,8,600,700,15,184.459,-65.3722,-60,0,0,0,1,critical_zone,0,1
103,fence24,random_waypoint,2,560,520,560,520,20,9,700,700,15,228.09,-67.2163,-60,0,0,0,1,critical_zone,0,1
103,fence24,random_waypoint,2,560,520,560,520,20,10,750,700,15,261.773,-68.4127,-60,0,0,0,1,critical_zone,0,1
103,fence24,random_waypoint,2,560,520,560,520,20,11,750,650,15,230.272,-67.299,-60,0,0,0,1,critical_zone,0,1
103,fence24,random_waypoint,2,560,520,560,520,20,12,750,550,15,192.419,-65.7392,-60,0,0,0,1,critical_zone,0,1
103,fence24,random_waypoint,2,560,520,560,520,20,13,750,450,15,202.546,-66.1847,-60,0,0,0,1,critical_zone,0,1
103,fence24,random_waypoint,2,560,520,560,520,20,14,750,350,15,255,-68.185,-60,0,0,0,1,critical_zone,0,1
103,fence24,random_waypoint,2,560,520,560,520,20,15,750,300,15,290.732,-69.3241,-60,0,0,0,1,critical_zone,0,1
103,fence24,random_waypoint,2,560,520,560,520,20,16,700,300,15,260.816,-68.3809,-60,0,0,0,1,critical_zone,0,1
103,fence24,random_waypoint,2,560,520,560,520,20,17,600,300,15,223.663,-67.0461,-60,0,0,0,1,critical_zone,0,1
103,fence24,random_waypoint,2,560,520,560,520,20,18,400,300,15,272.075,-68.748,-60,0,0,0,1,critical_zone,0,1
103,fence24,random_waypoint,2,560,520,560,520,20,19,300,300,15,340.624,-70.6997,-60,0,0,0,1,critical_zone,0,1
103,fence24,random_waypoint,2,560,520,560,520,20,20,300,500,15,260.816,-68.3809,-60,0,0,0,1,critical_zone,0,1
103,fence24,random_waypoint,2,560,520,560,520,20,21,500,350,15,180.347,-65.1764,-60,0,0,0,1,critical_zone,0,1
103,fence24,random_waypoint,2,560,520,560,520,20,22,700,500,15,141.51,-63.07,-60,0,0,0,1,critical_zone,0,1
103,fence24,random_waypoint,2,560,520,560,520,20,23,500,650,15,143.265,-63.1771,-60,0,0,0,1,critical_zone,0,1
104,fence24,random_waypoint,2,560,520,560,520,20,0,250,300,15,380.164,-71.6537,-60,0,0,0,1,critical_zone,0,1
104,fence24,random_waypoint,2,560,520,560,520,20,1,250,350,15,353.589,-71.0242,-60,0,0,0,1,critical_zone,0,1
104,fence24,random_waypoint,2,560,520,560,520,20,2,250,450,15,317.844,-70.0985,-60,0,0,0,1,critical_zone,0,1
104,fence24,random_waypoint,2,560,520,560,520,20,3,250,550,15,311.488,-69.9231,-60,0,0,0,1,critical_zone,0,1
104,fence24,random_waypoint,2,560,520,560,520,20,4,250,650,15,336.192,-70.586,-60,0,0,0,1,critical_zone,0,1
104,fence24,random_waypoint,2,560,520,560,520,20,5,250,700,15,358.504,-71.1441,-60,0,0,0,1,critical_zone,0,1
104,fence24,random_waypoint,2,560,520,560,520,20,6,300,700,15,316.267,-70.0553,-60,0,0,0,1,critical_zone,0,1
104,fence24,random_waypoint,2,560,520,560,520,20,7,400,700,15,240.884,-67.6904,-60,0,0,0,1,critical_zone,0,1
104,fence24,random_waypoint,2,560,520,560,520,20,8,600,700,15,184.459,-65.3722,-60,0,0,0,1,critical_zone,0,1
104,fence24,random_waypoint,2,560,520,560,520,20,9,700,700,15,228.09,-67.2163,-60,0,0,0,1,critical_zone,0,1
104,fence24,random_waypoint,2,560,520,560,520,20,10,750,700,15,261.773,-68.4127,-60,0,0,0,1,critical_zone,0,1
104,fence24,random_waypoint,2,560,520,560,520,20,11,750,650,15,230.272,-67.299,-60,0,0,0,1,critical_zone,0,1
104,fence24,random_waypoint,2,560,520,560,520,20,12,750,550,15,192.419,-65.7392,-60,0,0,0,1,critical_zone,0,1
104,fence24,random_waypoint,2,560,520,560,520,20,13,750,450,15,202.546,-66.1847,-60,0,0,0,1,critical_zone,0,1
104,fence24,random_waypoint,2,560,520,560,520,20,14,750,350,15,255,-68.185,-60,0,0,0,1,critical_zone,0,1
104,fence24,random_waypoint,2,560,520,560,520,20,15,750,300,15,290.732,-69.3241,-60,0,0,0,1,critical_zone,0,1
104,fence24,random_waypoint,2,560,520,560,520,20,16,700,300,15,260.816,-68.3809,-60,0,0,0,1,critical_zone,0,1
104,fence24,random_waypoint,2,560,520,560,520,20,17,600,300,15,223.663,-67.0461,-60,0,0,0,1,critical_zone,0,1
104,fence24,random_waypoint,2,560,520,560,520,20,18,400,300,15,272.075,-68.748,-60,0,0,0,1,critical_zone,0,1
104,fence24,random_waypoint,2,560,520,560,520,20,19,300,300,15,340.624,-70.6997,-60,0,0,0,1,critical_zone,0,1
104,fence24,random_waypoint,2,560,520,560,520,20,20,300,500,15,260.816,-68.3809,-60,0,0,0,1,critical_zone,0,1
104,fence24,random_waypoint,2,560,520,560,520,20,21,500,350,15,180.347,-65.1764,-60,0,0,0,1,critical_zone,0,1
104,fence24,random_waypoint,2,560,520,560,520,20,22,700,500,15,141.51,-63.07,-60,0,0,0,1,critical_zone,0,1
104,fence24,random_waypoint,2,560,520,560,520,20,23,500,650,15,143.265,-63.1771,-60,0,0,0,1,critical_zone,0,1
105,fence24,random_waypoint,2,560,520,560,520,20,0,250,300,15,380.164,-71.6537,-60,0,0,0,1,critical_zone,0,1
105,fence24,random_waypoint,2,560,520,560,520,20,1,250,350,15,353.589,-71.0242,-60,0,0,0,1,critical_zone,0,1
105,fence24,random_waypoint,2,560,520,560,520,20,2,250,450,15,317.844,-70.0985,-60,0,0,0,1,critical_zone,0,1
105,fence24,random_waypoint,2,560,520,560,520,20,3,250,550,15,311.488,-69.9231,-60,0,0,0,1,critical_zone,0,1
105,fence24,random_waypoint,2,560,520,560,520,20,4,250,650,15,336.192,-70.586,-60,0,0,0,1,critical_zone,0,1
105,fence24,random_waypoint,2,560,520,560,520,20,5,250,700,15,358.504,-71.1441,-60,0,0,0,1,critical_zone,0,1
105,fence24,random_waypoint,2,560,520,560,520,20,6,300,700,15,316.267,-70.0553,-60,0,0,0,1,critical_zone,0,1
105,fence24,random_waypoint,2,560,520,560,520,20,7,400,700,15,240.884,-67.6904,-60,0,0,0,1,critical_zone,0,1
105,fence24,random_waypoint,2,560,520,560,520,20,8,600,700,15,184.459,-65.3722,-60,0,0,0,1,critical_zone,0,1
105,fence24,random_waypoint,2,560,520,560,520,20,9,700,700,15,228.09,-67.2163,-60,0,0,0,1,critical_zone,0,1
105,fence24,random_waypoint,2,560,520,560,520,20,10,750,700,15,261.773,-68.4127,-60,0,0,0,1,critical_zone,0,1
105,fence24,random_waypoint,2,560,520,560,520,20,11,750,650,15,230.272,-67.299,-60,0,0,0,1,critical_zone,0,1
105,fence24,random_waypoint,2,560,520,560,520,20,12,750,550,15,192.419,-65.7392,-60,0,0,0,1,critical_zone,0,1
105,fence24,random_waypoint,2,560,520,560,520,20,13,750,450,15,202.546,-66.1847,-60,0,0,0,1,critical_zone,0,1
105,fence24,random_waypoint,2,560,520,560,520,20,14,750,350,15,255,-68.185,-60,0,0,0,1,critical_zone,0,1
105,fence24,random_waypoint,2,560,520,560,520,20,15,750,300,15,290.732,-69.3241,-60,0,0,0,1,critical_zone,0,1
105,fence24,random_waypoint,2,560,520,560,520,20,16,700,300,15,260.816,-68.3809,-60,0,0,0,1,critical_zone,0,1
105,fence24,random_waypoint,2,560,520,560,520,20,17,600,300,15,223.663,-67.0461,-60,0,0,0,1,critical_zone,0,1
105,fence24,random_waypoint,2,560,520,560,520,20,18,400,300,15,272.075,-68.748,-60,0,0,0,1,critical_zone,0,1
105,fence24,random_waypoint,2,560,520,560,520,20,19,300,300,15,340.624,-70.6997,-60,0,0,0,1,critical_zone,0,1
105,fence24,random_waypoint,2,560,520,560,520,20,20,300,500,15,260.816,-68.3809,-60,0,0,0,1,critical_zone,0,1
105,fence24,random_waypoint,2,560,520,560,520,20,21,500,350,15,180.347,-65.1764,-60,0,0,0,1,critical_zone,0,1
105,fence24,random_waypoint,2,560,520,560,520,20,22,700,500,15,141.51,-63.07,-60,0,0,0,1,critical_zone,0,1
105,fence24,random_waypoint,2,560,520,560,520,20,23,500,650,15,143.265,-63.1771,-60,0,0,0,1,critical_zone,0,1
106,fence24,random_waypoint,2,560,520,560,520,20,0,250,300,15,380.164,-71.6537,-60,0,0,0,1,critical_zone,0,1
106,fence24,random_waypoint,2,560,520,560,520,20,1,250,350,15,353.589,-71.0242,-60,0,0,0,1,critical_zone,0,1
106,fence24,random_waypoint,2,560,520,560,520,20,2,250,450,15,317.844,-70.0985,-60,0,0,0,1,critical_zone,0,1
106,fence24,random_waypoint,2,560,520,560,520,20,3,250,550,15,311.488,-69.9231,-60,0,0,0,1,critical_zone,0,1
106,fence24,random_waypoint,2,560,520,560,520,20,4,250,650,15,336.192,-70.586,-60,0,0,0,1,critical_zone,0,1
106,fence24,random_waypoint,2,560,520,560,520,20,5,250,700,15,358.504,-71.1441,-60,0,0,0,1,critical_zone,0,1
106,fence24,random_waypoint,2,560,520,560,520,20,6,300,700,15,316.267,-70.0553,-60,0,0,0,1,critical_zone,0,1
106,fence24,random_waypoint,2,560,520,560,520,20,7,400,700,15,240.884,-67.6904,-60,0,0,0,1,critical_zone,0,1
106,fence24,random_waypoint,2,560,520,560,520,20,8,600,700,15,184.459,-65.3722,-60,0,0,0,1,critical_zone,0,1
106,fence24,random_waypoint,2,560,520,560,520,20,9,700,700,15,228.09,-67.2163,-60,0,0,0,1,critical_zone,0,1
106,fence24,random_waypoint,2,560,520,560,520,20,10,750,700,15,261.773,-68.4127,-60,0,0,0,1,critical_zone,0,1
106,fence24,random_waypoint,2,560,520,560,520,20,11,750,650,15,230.272,-67.299,-60,0,0,0,1,critical_zone,0,1
106,fence24,random_waypoint,2,560,520,560,520,20,12,750,550,15,192.419,-65.7392,-60,0,0,0,1,critical_zone,0,1
106,fence24,random_waypoint,2,560,520,560,520,20,13,750,450,15,202.546,-66.1847,-60,0,0,0,1,critical_zone,0,1
106,fence24,random_waypoint,2,560,520,560,520,20,14,750,350,15,255,-68.185,-60,0,0,0,1,critical_zone,0,1
106,fence24,random_waypoint,2,560,520,560,520,20,15,750,300,15,290.732,-69.3241,-60,0,0,0,1,critical_zone,0,1
106,fence24,random_waypoint,2,560,520,560,520,20,16,700,300,15,260.816,-68.3809,-60,0,0,0,1,critical_zone,0,1
106,fence24,random_waypoint,2,560,520,560,520,20,17,600,300,15,223.663,-67.0461,-60,0,0,0,1,critical_zone,0,1
106,fence24,random_waypoint,2,560,520,560,520,20,18,400,300,15,272.075,-68.748,-60,0,0,0,1,critical_zone,0,1
106,fence24,random_waypoint,2,560,520,560,520,20,19,300,300,15,340.624,-70.6997,-60,0,0,0,1,critical_zone,0,1
106,fence24,random_waypoint,2,560,520,560,520,20,20,300,500,15,260.816,-68.3809,-60,0,0,0,1,critical_zone,0,1
106,fence24,random_waypoint,2,560,520,560,520,20,21,500,350,15,180.347,-65.1764,-60,0,0,0,1,critical_zone,0,1
106,fence24,random_waypoint,2,560,520,560,520,20,22,700,500,15,141.51,-63.07,-60,0,0,0,1,critical_zone,0,1
106,fence24,random_waypoint,2,560,520,560,520,20,23,500,650,15,143.265,-63.1771,-60,0,0,0,1,critical_zone,0,1
107,fence24,random_waypoint,2,560,520,560,520,20,0,250,300,15,380.164,-71.6537,-60,0,0,0,1,critical_zone,0,1
107,fence24,random_waypoint,2,560,520,560,520,20,1,250,350,15,353.589,-71.0242,-60,0,0,0,1,critical_zone,0,1
107,fence24,random_waypoint,2,560,520,560,520,20,2,250,450,15,317.844,-70.0985,-60,0,0,0,1,critical_zone,0,1
107,fence24,random_waypoint,2,560,520,560,520,20,3,250,550,15,311.488,-69.9231,-60,0,0,0,1,critical_zone,0,1
107,fence24,random_waypoint,2,560,520,560,520,20,4,250,650,15,336.192,-70.586,-60,0,0,0,1,critical_zone,0,1
107,fence24,random_waypoint,2,560,520,560,520,20,5,250,700,15,358.504,-71.1441,-60,0,0,0,1,critical_zone,0,1
107,fence24,random_waypoint,2,560,520,560,520,20,6,300,700,15,316.267,-70.0553,-60,0,0,0,1,critical_zone,0,1
107,fence24,random_waypoint,2,560,520,560,520,20,7,400,700,15,240.884,-67.6904,-60,0,0,0,1,critical_zone,0,1
107,fence24,random_waypoint,2,560,520,560,520,20,8,600,700,15,184.459,-65.3722,-60,0,0,0,1,critical_zone,0,1
107,fence24,random_waypoint,2,560,520,560,520,20,9,700,700,15,228.09,-67.2163,-60,0,0,0,1,critical_zone,0,1
107,fence24,random_waypoint,2,560,520,560,520,20,10,750,700,15,261.773,-68.4127,-60,0,0,0,1,critical_zone,0,1
107,fence24,random_waypoint,2,560,520,560,520,20,11,750,650,15,230.272,-67.299,-60,0,0,0,1,critical_zone,0,1
107,fence24,random_waypoint,2,560,520,560,520,20,12,750,550,15,192.419,-65.7392,-60,0,0,0,1,critical_zone,0,1
107,fence24,random_waypoint,2,560,520,560,520,20,13,750,450,15,202.546,-66.1847,-60,0,0,0,1,critical_zone,0,1
107,fence24,random_waypoint,2,560,520,560,520,20,14,750,350,15,255,-68.185,-60,0,0,0,1,critical_zone,0,1
107,fence24,random_waypoint,2,560,520,560,520,20,15,750,300,15,290.732,-69.3241,-60,0,0,0,1,critical_zone,0,1
107,fence24,random_waypoint,2,560,520,560,520,20,16,700,300,15,260.816,-68.3809,-60,0,0,0,1,critical_zone,0,1
107,fence24,random_waypoint,2,560,520,560,520,20,17,600,300,15,223.663,-67.0461,-60,0,0,0,1,critical_zone,0,1
107,fence24,random_waypoint,2,560,520,560,520,20,18,400,300,15,272.075,-68.748,-60,0,0,0,1,critical_zone,0,1
107,fence24,random_waypoint,2,560,520,560,520,20,19,300,300,15,340.624,-70.6997,-60,0,0,0,1,critical_zone,0,1
107,fence24,random_waypoint,2,560,520,560,520,20,20,300,500,15,260.816,-68.3809,-60,0,0,0,1,critical_zone,0,1
107,fence24,random_waypoint,2,560,520,560,520,20,21,500,350,15,180.347,-65.1764,-60,0,0,0,1,critical_zone,0,1
107,fence24,random_waypoint,2,560,520,560,520,20,22,700,500,15,141.51,-63.07,-60,0,0,0,1,critical_zone,0,1
107,fence24,random_waypoint,2,560,520,560,520,20,23,500,650,15,143.265,-63.1771,-60,0,0,0,1,critical_zone,0,1
108,fence24,random_waypoint,2,560,520,560,520,20,0,250,300,15,380.164,-71.6537,-60,0,0,0,1,critical_zone,0,1
108,fence24,random_waypoint,2,560,520,560,520,20,1,250,350,15,353.589,-71.0242,-60,0,0,0,1,critical_zone,0,1
108,fence24,random_waypoint,2,560,520,560,520,20,2,250,450,15,317.844,-70.0985,-60,0,0,0,1,critical_zone,0,1
108,fence24,random_waypoint,2,560,520,560,520,20,3,250,550,15,311.488,-69.9231,-60,0,0,0,1,critical_zone,0,1
108,fence24,random_waypoint,2,560,520,560,520,20,4,250,650,15,336.192,-70.586,-60,0,0,0,1,critical_zone,0,1
108,fence24,random_waypoint,2,560,520,560,520,20,5,250,700,15,358.504,-71.1441,-60,0,0,0,1,critical_zone,0,1
108,fence24,random_waypoint,2,560,520,560,520,20,6,300,700,15,316.267,-70.0553,-60,0,0,0,1,critical_zone,0,1
108,fence24,random_waypoint,2,560,520,560,520,20,7,400,700,15,240.884,-67.6904,-60,0,0,0,1,critical_zone,0,1
108,fence24,random_waypoint,2,560,520,560,520,20,8,600,700,15,184.459,-65.3722,-60,0,0,0,1,critical_zone,0,1
108,fence24,random_waypoint,2,560,520,560,520,20,9,700,700,15,228.09,-67.2163,-60,0,0,0,1,critical_zone,0,1
108,fence24,random_waypoint,2,560,520,560,520,20,10,750,700,15,261.773,-68.4127,-60,0,0,0,1,critical_zone,0,1
108,fence24,random_waypoint,2,560,520,560,520,20,11,750,650,15,230.272,-67.299,-60,0,0,0,1,critical_zone,0,1
108,fence24,random_waypoint,2,560,520,560,520,20,12,750,550,15,192.419,-65.7392,-60,0,0,0,1,critical_zone,0,1
108,fence24,random_waypoint,2,560,520,560,520,20,13,750,450,15,202.546,-66.1847,-60,0,0,0,1,critical_zone,0,1
108,fence24,random_waypoint,2,560,520,560,520,20,14,750,350,15,255,-68.185,-60,0,0,0,1,critical_zone,0,1
108,fence24,random_waypoint,2,560,520,560,520,20,15,750,300,15,290.732,-69.3241,-60,0,0,0,1,critical_zone,0,1
108,fence24,random_waypoint,2,560,520,560,520,20,16,700,300,15,260.816,-68.3809,-60,0,0,0,1,critical_zone,0,1
108,fence24,random_waypoint,2,560,520,560,520,20,17,600,300,15,223.663,-67.0461,-60,0,0,0,1,critical_zone,0,1
108,fence24,random_waypoint,2,560,520,560,520,20,18,400,300,15,272.075,-68.748,-60,0,0,0,1,critical_zone,0,1
108,fence24,random_waypoint,2,560,520,560,520,20,19,300,300,15,340.624,-70.6997,-60,0,0,0,1,critical_zone,0,1
108,fence24,random_waypoint,2,560,520,560,520,20,20,300,500,15,260.816,-68.3809,-60,0,0,0,1,critical_zone,0,1
108,fence24,random_waypoint,2,560,520,560,520,20,21,500,350,15,180.347,-65.1764,-60,0,0,0,1,critical_zone,0,1
108,fence24,random_waypoint,2,560,520,560,520,20,22,700,500,15,141.51,-63.07,-60,0,0,0,1,critical_zone,0,1
108,fence24,random_waypoint,2,560,520,560,520,20,23,500,650,15,143.265,-63.1771,-60,0,0,0,1,critical_zone,0,1
109,fence24,random_waypoint,2,560,520,560,520,20,0,250,300,15,380.164,-71.6537,-60,0,0,0,1,critical_zone,0,1
109,fence24,random_waypoint,2,560,520,560,520,20,1,250,350,15,353.589,-71.0242,-60,0,0,0,1,critical_zone,0,1
109,fence24,random_waypoint,2,560,520,560,520,20,2,250,450,15,317.844,-70.0985,-60,0,0,0,1,critical_zone,0,1
109,fence24,random_waypoint,2,560,520,560,520,20,3,250,550,15,311.488,-69.9231,-60,0,0,0,1,critical_zone,0,1
109,fence24,random_waypoint,2,560,520,560,520,20,4,250,650,15,336.192,-70.586,-60,0,0,0,1,critical_zone,0,1
109,fence24,random_waypoint,2,560,520,560,520,20,5,250,700,15,358.504,-71.1441,-60,0,0,0,1,critical_zone,0,1
109,fence24,random_waypoint,2,560,520,560,520,20,6,300,700,15,316.267,-70.0553,-60,0,0,0,1,critical_zone,0,1
109,fence24,random_waypoint,2,560,520,560,520,20,7,400,700,15,240.884,-67.6904,-60,0,0,0,1,critical_zone,0,1
109,fence24,random_waypoint,2,560,520,560,520,20,8,600,700,15,184.459,-65.3722,-60,0,0,0,1,critical_zone,0,1
109,fence24,random_waypoint,2,560,520,560,520,20,9,700,700,15,228.09,-67.2163,-60,0,0,0,1,critical_zone,0,1
109,fence24,random_waypoint,2,560,520,560,520,20,10,750,700,15,261.773,-68.4127,-60,0,0,0,1,critical_zone,0,1
109,fence24,random_waypoint,2,560,520,560,520,20,11,750,650,15,230.272,-67.299,-60,0,0,0,1,critical_zone,0,1
109,fence24,random_waypoint,2,560,520,560,520,20,12,750,550,15,192.419,-65.7392,-60,0,0,0,1,critical_zone,0,1
109,fence24,random_waypoint,2,560,520,560,520,20,13,750,450,15,202.546,-66.1847,-60,0,0,0,1,critical_zone,0,1
109,fence24,random_waypoint,2,560,520,560,520,20,14,750,350,15,255,-68.185,-60,0,0,0,1,critical_zone,0,1
109,fence24,random_waypoint,2,560,520,560,520,20,15,750,300,15,290.732,-69.3241,-60,0,0,0,1,critical_zone,0,1
109,fence24,random_waypoint,2,560,520,560,520,20,16,700,300,15,260.816,-68.3809,-60,0,0,0,1,critical_zone,0,1
109,fence24,random_waypoint,2,560,520,560,520,20,17,600,300,15,223.663,-67.0461,-60,0,0,0,1,critical_zone,0,1
109,fence24,random_waypoint,2,560,520,560,520,20,18,400,300,15,272.075,-68.748,-60,0,0,0,1,critical_zone,0,1
109,fence24,random_waypoint,2,560,520,560,520,20,19,300,300,15,340.624,-70.6997,-60,0,0,0,1,critical_zone,0,1
109,fence24,random_waypoint,2,560,520,560,520,20,20,300,500,15,260.816,-68.3809,-60,0,0,0,1,critical_zone,0,1
109,fence24,random_waypoint,2,560,520,560,520,20,21,500,350,15,180.347,-65.1764,-60,0,0,0,1,critical_zone,0,1
109,fence24,random_waypoint,2,560,520,560,520,20,22,700,500,15,141.51,-63.07,-60,0,0,0,1,critical_zone,0,1
109,fence24,random_waypoint,2,560,520,560,520,20,23,500,650,15,143.265,-63.1771,-60,0,0,0,1,critical_zone,0,1
110,fence24,random_waypoint,2,560,520,560,520,20,0,250,300,15,380.164,-71.6537,-60,0,0,0,1,critical_zone,0,1
110,fence24,random_waypoint,2,560,520,560,520,20,1,250,350,15,353.589,-71.0242,-60,0,0,0,1,critical_zone,0,1
110,fence24,random_waypoint,2,560,520,560,520,20,2,250,450,15,317.844,-70.0985,-60,0,0,0,1,critical_zone,0,1
110,fence24,random_waypoint,2,560,520,560,520,20,3,250,550,15,311.488,-69.9231,-60,0,0,0,1,critical_zone,0,1
110,fence24,random_waypoint,2,560,520,560,520,20,4,250,650,15,336.192,-70.586,-60,0,0,0,1,critical_zone,0,1
110,fence24,random_waypoint,2,560,520,560,520,20,5,250,700,15,358.504,-71.1441,-60,0,0,0,1,critical_zone,0,1
110,fence24,random_waypoint,2,560,520,560,520,20,6,300,700,15,316.267,-70.0553,-60,0,0,0,1,critical_zone,0,1
110,fence24,random_waypoint,2,560,520,560,520,20,7,400,700,15,240.884,-67.6904,-60,0,0,0,1,critical_zone,0,1
110,fence24,random_waypoint,2,560,520,560,520,20,8,600,700,15,184.459,-65.3722,-60,0,0,0,1,critical_zone,0,1
110,fence24,random_waypoint,2,560,520,560,520,20,9,700,700,15,228.09,-67.2163,-60,0,0,0,1,critical_zone,0,1
110,fence24,random_waypoint,2,560,520,560,520,20,10,750,700,15,261.773,-68.4127,-60,0,0,0,1,critical_zone,0,1
110,fence24,random_waypoint,2,560,520,560,520,20,11,750,650,15,230.272,-67.299,-60,0,0,0,1,critical_zone,0,1
110,fence24,random_waypoint,2,560,520,560,520,20,12,750,550,15,192.419,-65.7392,-60,0,0,0,1,critical_zone,0,1
110,fence24,random_waypoint,2,560,520,560,520,20,13,750,450,15,202.546,-66.1847,-60,0,0,0,1,critical_zone,0,1
110,fence24,random_waypoint,2,560,520,560,520,20,14,750,350,15,255,-68.185,-60,0,0,0,1,critical_zone,0,1
110,fence24,random_waypoint,2,560,520,560,520,20,15,750,300,15,290.732,-69.3241,-60,0,0,0,1,critical_zone,0,1
110,fence24,random_waypoint,2,560,520,560,520,20,16,700,300,15,260.816,-68.3809,-60,0,0,0,1,critical_zone,0,1
110,fence24,random_waypoint,2,560,520,560,520,20,17,600,300,15,223.663,-67.0461,-60,0,0,0,1,critical_zone,0,1
110,fence24,random_waypoint,2,560,520,560,520,20,18,400,300,15,272.075,-68.748,-60,0,0,0,1,critical_zone,0,1
110,fence24,random_waypoint,2,560,520,560,520,20,19,300,300,15,340.624,-70.6997,-60,0,0,0,1,critical_zone,0,1
110,fence24,random_waypoint,2,560,520,560,520,20,20,300,500,15,260.816,-68.3809,-60,0,0,0,1,critical_zone,0,1
110,fence24,random_waypoint,2,560,520,560,520,20,21,500,350,15,180.347,-65.1764,-60,0,0,0,1,critical_zone,0,1
110,fence24,random_waypoint,2,560,520,560,520,20,22,700,500,15,141.51,-63.07,-60,0,0,0,1,critical_zone,0,1
110,fence24,random_waypoint,2,560,520,560,520,20,23,500,650,15,143.265,-63.1771,-60,0,0,0,1,critical_zone,0,1
111,fence24,random_waypoint,2,560,520,560,520,20,0,250,300,15,380.164,-71.6537,-60,0,0,0,1,critical_zone,0,1
111,fence24,random_waypoint,2,560,520,560,520,20,1,250,350,15,353.589,-71.0242,-60,0,0,0,1,critical_zone,0,1
111,fence24,random_waypoint,2,560,520,560,520,20,2,250,450,15,317.844,-70.0985,-60,0,0,0,1,critical_zone,0,1
111,fence24,random_waypoint,2,560,520,560,520,20,3,250,550,15,311.488,-69.9231,-60,0,0,0,1,critical_zone,0,1
111,fence24,random_waypoint,2,560,520,560,520,20,4,250,650,15,336.192,-70.586,-60,0,0,0,1,critical_zone,0,1
111,fence24,random_waypoint,2,560,520,560,520,20,5,250,700,15,358.504,-71.1441,-60,0,0,0,1,critical_zone,0,1
111,fence24,random_waypoint,2,560,520,560,520,20,6,300,700,15,316.267,-70.0553,-60,0,0,0,1,critical_zone,0,1
111,fence24,random_waypoint,2,560,520,560,520,20,7,400,700,15,240.884,-67.6904,-60,0,0,0,1,critical_zone,0,1
111,fence24,random_waypoint,2,560,520,560,520,20,8,600,700,15,184.459,-65.3722,-60,0,0,0,1,critical_zone,0,1
111,fence24,random_waypoint,2,560,520,560,520,20,9,700,700,15,228.09,-67.2163,-60,0,0,0,1,critical_zone,0,1
111,fence24,random_waypoint,2,560,520,560,520,20,10,750,700,15,261.773,-68.4127,-60,0,0,0,1,critical_zone,0,1
111,fence24,random_waypoint,2,560,520,560,520,20,11,750,650,15,230.272,-67.299,-60,0,0,0,1,critical_zone,0,1
111,fence24,random_waypoint,2,560,520,560,520,20,12,750,550,15,192.419,-65.7392,-60,0,0,0,1,critical_zone,0,1
111,fence24,random_waypoint,2,560,520,560,520,20,13,750,450,15,202.546,-66.1847,-60,0,0,0,1,critical_zone,0,1
111,fence24,random_waypoint,2,560,520,560,520,20,14,750,350,15,255,-68.185,-60,0,0,0,1,critical_zone,0,1
111,fence24,random_waypoint,2,560,520,560,520,20,15,750,300,15,290.732,-69.3241,-60,0,0,0,1,critical_zone,0,1
111,fence24,random_waypoint,2,560,520,560,520,20,16,700,300,15,260.816,-68.3809,-60,0,0,0,1,critical_zone,0,1
111,fence24,random_waypoint,2,560,520,560,520,20,17,600,300,15,223.663,-67.0461,-60,0,0,0,1,critical_zone,0,1
111,fence24,random_waypoint,2,560,520,560,520,20,18,400,300,15,272.075,-68.748,-60,0,0,0,1,critical_zone,0,1
111,fence24,random_waypoint,2,560,520,560,520,20,19,300,300,15,340.624,-70.6997,-60,0,0,0,1,critical_zone,0,1
111,fence24,random_waypoint,2,560,520,560,520,20,20,300,500,15,260.816,-68.3809,-60,0,0,0,1,critical_zone,0,1
111,fence24,random_waypoint,2,560,520,560,520,20,21,500,350,15,180.347,-65.1764,-60,0,0,0,1,critical_zone,0,1
111,fence24,random_waypoint,2,560,520,560,520,20,22,700,500,15,141.51,-63.07,-60,0,0,0,1,critical_zone,0,1
111,fence24,random_waypoint,2,560,520,560,520,20,23,500,650,15,143.265,-63.1771,-60,0,0,0,1,critical_zone,0,1
112,fence24,random_waypoint,2,560,520,560,520,20,0,250,300,15,380.164,-71.6537,-60,0,0,0,1,critical_zone,0,1
112,fence24,random_waypoint,2,560,520,560,520,20,1,250,350,15,353.589,-71.0242,-60,0,0,0,1,critical_zone,0,1
112,fence24,random_waypoint,2,560,520,560,520,20,2,250,450,15,317.844,-70.0985,-60,0,0,0,1,critical_zone,0,1
112,fence24,random_waypoint,2,560,520,560,520,20,3,250,550,15,311.488,-69.9231,-60,0,0,0,1,critical_zone,0,1
112,fence24,random_waypoint,2,560,520,560,520,20,4,250,650,15,336.192,-70.586,-60,0,0,0,1,critical_zone,0,1
112,fence24,random_waypoint,2,560,520,560,520,20,5,250,700,15,358.504,-71.1441,-60,0,0,0,1,critical_zone,0,1
112,fence24,random_waypoint,2,560,520,560,520,20,6,300,700,15,316.267,-70.0553,-60,0,0,0,1,critical_zone,0,1
112,fence24,random_waypoint,2,560,520,560,520,20,7,400,700,15,240.884,-67.6904,-60,0,0,0,1,critical_zone,0,1
112,fence24,random_waypoint,2,560,520,560,520,20,8,600,700,15,184.459,-65.3722,-60,0,0,0,1,critical_zone,0,1
112,fence24,random_waypoint,2,560,520,560,520,20,9,700,700,15,228.09,-67.2163,-60,0,0,0,1,critical_zone,0,1
112,fence24,random_waypoint,2,560,520,560,520,20,10,750,700,15,261.773,-68.4127,-60,0,0,0,1,critical_zone,0,1
112,fence24,random_waypoint,2,560,520,560,520,20,11,750,650,15,230.272,-67.299,-60,0,0,0,1,critical_zone,0,1
112,fence24,random_waypoint,2,560,520,560,520,20,12,750,550,15,192.419,-65.7392,-60,0,0,0,1,critical_zone,0,1
112,fence24,random_waypoint,2,560,520,560,520,20,13,750,450,15,202.546,-66.1847,-60,0,0,0,1,critical_zone,0,1
112,fence24,random_waypoint,2,560,520,560,520,20,14,750,350,15,255,-68.185,-60,0,0,0,1,critical_zone,0,1
112,fence24,random_waypoint,2,560,520,560,520,20,15,750,300,15,290.732,-69.3241,-60,0,0,0,1,critical_zone,0,1
112,fence24,random_waypoint,2,560,520,560,520,20,16,700,300,15,260.816,-68.3809,-60,0,0,0,1,critical_zone,0,1
112,fence24,random_waypoint,2,560,520,560,520,20,17,600,300,15,223.663,-67.0461,-60,0,0,0,1,critical_zone,0,1
112,fence24,random_waypoint,2,560,520,560,520,20,18,400,300,15,272.075,-68.748,-60,0,0,0,1,critical_zone,0,1
112,fence24,random_waypoint,2,560,520,560,520,20,19,300,300,15,340.624,-70.6997,-60,0,0,0,1,critical_zone,0,1
112,fence24,random_waypoint,2,560,520,560,520,20,20,300,500,15,260.816,-68.3809,-60,0,0,0,1,critical_zone,0,1
112,fence24,random_waypoint,2,560,520,560,520,20,21,500,350,15,180.347,-65.1764,-60,0,0,0,1,critical_zone,0,1
112,fence24,random_waypoint,2,560,520,560,520,20,22,700,500,15,141.51,-63.07,-60,0,0,0,1,critical_zone,0,1
112,fence24,random_waypoint,2,560,520,560,520,20,23,500,650,15,143.265,-63.1771,-60,0,0,0,1,critical_zone,0,1
113,fence24,random_waypoint,2,560,520,560,520,20,0,250,300,15,380.164,-71.6537,-60,0,0,0,1,critical_zone,0,1
113,fence24,random_waypoint,2,560,520,560,520,20,1,250,350,15,353.589,-71.0242,-60,0,0,0,1,critical_zone,0,1
113,fence24,random_waypoint,2,560,520,560,520,20,2,250,450,15,317.844,-70.0985,-60,0,0,0,1,critical_zone,0,1
113,fence24,random_waypoint,2,560,520,560,520,20,3,250,550,15,311.488,-69.9231,-60,0,0,0,1,critical_zone,0,1
113,fence24,random_waypoint,2,560,520,560,520,20,4,250,650,15,336.192,-70.586,-60,0,0,0,1,critical_zone,0,1
113,fence24,random_waypoint,2,560,520,560,520,20,5,250,700,15,358.504,-71.1441,-60,0,0,0,1,critical_zone,0,1
113,fence24,random_waypoint,2,560,520,560,520,20,6,300,700,15,316.267,-70.0553,-60,0,0,0,1,critical_zone,0,1
113,fence24,random_waypoint,2,560,520,560,520,20,7,400,700,15,240.884,-67.6904,-60,0,0,0,1,critical_zone,0,1
113,fence24,random_waypoint,2,560,520,560,520,20,8,600,700,15,184.459,-65.3722,-60,0,0,0,1,critical_zone,0,1
113,fence24,random_waypoint,2,560,520,560,520,20,9,700,700,15,228.09,-67.2163,-60,0,0,0,1,critical_zone,0,1
113,fence24,random_waypoint,2,560,520,560,520,20,10,750,700,15,261.773,-68.4127,-60,0,0,0,1,critical_zone,0,1
113,fence24,random_waypoint,2,560,520,560,520,20,11,750,650,15,230.272,-67.299,-60,0,0,0,1,critical_zone,0,1
113,fence24,random_waypoint,2,560,520,560,520,20,12,750,550,15,192.419,-65.7392,-60,0,0,0,1,critical_zone,0,1
113,fence24,random_waypoint,2,560,520,560,520,20,13,750,450,15,202.546,-66.1847,-60,0,0,0,1,critical_zone,0,1
113,fence24,random_waypoint,2,560,520,560,520,20,14,750,350,15,255,-68.185,-60,0,0,0,1,critical_zone,0,1
113,fence24,random_waypoint,2,560,520,560,520,20,15,750,300,15,290.732,-69.3241,-60,0,0,0,1,critical_zone,0,1
113,fence24,random_waypoint,2,560,520,560,520,20,16,700,300,15,260.816,-68.3809,-60,0,0,0,1,critical_zone,0,1
113,fence24,random_waypoint,2,560,520,560,520,20,17,600,300,15,223.663,-67.0461,-60,0,0,0,1,critical_zone,0,1
113,fence24,random_waypoint,2,560,520,560,520,20,18,400,300,15,272.075,-68.748,-60,0,0,0,1,critical_zone,0,1
113,fence24,random_waypoint,2,560,520,560,520,20,19,300,300,15,340.624,-70.6997,-60,0,0,0,1,critical_zone,0,1
113,fence24,random_waypoint,2,560,520,560,520,20,20,300,500,15,260.816,-68.3809,-60,0,0,0,1,critical_zone,0,1
113,fence24,random_waypoint,2,560,520,560,520,20,21,500,350,15,180.347,-65.1764,-60,0,0,0,1,critical_zone,0,1
113,fence24,random_waypoint,2,560,520,560,520,20,22,700,500,15,141.51,-63.07,-60,0,0,0,1,critical_zone,0,1
113,fence24,random_waypoint,2,560,520,560,520,20,23,500,650,15,143.265,-63.1771,-60,0,0,0,1,critical_zone,0,1
114,fence24,random_waypoint,2,560,520,560,520,20,0,250,300,15,380.164,-71.6537,-60,0,0,0,1,critical_zone,0,1
114,fence24,random_waypoint,2,560,520,560,520,20,1,250,350,15,353.589,-71.0242,-60,0,0,0,1,critical_zone,0,1
114,fence24,random_waypoint,2,560,520,560,520,20,2,250,450,15,317.844,-70.0985,-60,0,0,0,1,critical_zone,0,1
114,fence24,random_waypoint,2,560,520,560,520,20,3,250,550,15,311.488,-69.9231,-60,0,0,0,1,critical_zone,0,1
114,fence24,random_waypoint,2,560,520,560,520,20,4,250,650,15,336.192,-70.586,-60,0,0,0,1,critical_zone,0,1
114,fence24,random_waypoint,2,560,520,560,520,20,5,250,700,15,358.504,-71.1441,-60,0,0,0,1,critical_zone,0,1
114,fence24,random_waypoint,2,560,520,560,520,20,6,300,700,15,316.267,-70.0553,-60,0,0,0,1,critical_zone,0,1
114,fence24,random_waypoint,2,560,520,560,520,20,7,400,700,15,240.884,-67.6904,-60,0,0,0,1,critical_zone,0,1
114,fence24,random_waypoint,2,560,520,560,520,20,8,600,700,15,184.459,-65.3722,-60,0,0,0,1,critical_zone,0,1
114,fence24,random_waypoint,2,560,520,560,520,20,9,700,700,15,228.09,-67.2163,-60,0,0,0,1,critical_zone,0,1
114,fence24,random_waypoint,2,560,520,560,520,20,10,750,700,15,261.773,-68.4127,-60,0,0,0,1,critical_zone,0,1
114,fence24,random_waypoint,2,560,520,560,520,20,11,750,650,15,230.272,-67.299,-60,0,0,0,1,critical_zone,0,1
114,fence24,random_waypoint,2,560,520,560,520,20,12,750,550,15,192.419,-65.7392,-60,0,0,0,1,critical_zone,0,1
114,fence24,random_waypoint,2,560,520,560,520,20,13,750,450,15,202.546,-66.1847,-60,0,0,0,1,critical_zone,0,1
114,fence24,random_waypoint,2,560,520,560,520,20,14,750,350,15,255,-68.185,-60,0,0,0,1,critical_zone,0,1
114,fence24,random_waypoint,2,560,520,560,520,20,15,750,300,15,290.732,-69.3241,-60,0,0,0,1,critical_zone,0,1
114,fence24,random_waypoint,2,560,520,560,520,20,16,700,300,15,260.816,-68.3809,-60,0,0,0,1,critical_zone,0,1
114,fence24,random_waypoint,2,560,520,560,520,20,17,600,300,15,223.663,-67.0461,-60,0,0,0,1,critical_zone,0,1
114,fence24,random_waypoint,2,560,520,560,520,20,18,400,300,15,272.075,-68.748,-60,0,0,0,1,critical_zone,0,1
114,fence24,random_waypoint,2,560,520,560,520,20,19,300,300,15,340.624,-70.6997,-60,0,0,0,1,critical_zone,0,1
114,fence24,random_waypoint,2,560,520,560,520,20,20,300,500,15,260.816,-68.3809,-60,0,0,0,1,critical_zone,0,1
114,fence24,random_waypoint,2,560,520,560,520,20,21,500,350,15,180.347,-65.1764,-60,0,0,0,1,critical_zone,0,1
114,fence24,random_waypoint,2,560,520,560,520,20,22,700,500,15,141.51,-63.07,-60,0,0,0,1,critical_zone,0,1
114,fence24,random_waypoint,2,560,520,560,520,20,23,500,650,15,143.265,-63.1771,-60,0,0,0,1,critical_zone,0,1
115,fence24,random_waypoint,2,560,520,560,520,20,0,250,300,15,380.164,-71.6537,-60,0,0,0,1,critical_zone,0,1
115,fence24,random_waypoint,2,560,520,560,520,20,1,250,350,15,353.589,-71.0242,-60,0,0,0,1,critical_zone,0,1
115,fence24,random_waypoint,2,560,520,560,520,20,2,250,450,15,317.844,-70.0985,-60,0,0,0,1,critical_zone,0,1
115,fence24,random_waypoint,2,560,520,560,520,20,3,250,550,15,311.488,-69.9231,-60,0,0,0,1,critical_zone,0,1
115,fence24,random_waypoint,2,560,520,560,520,20,4,250,650,15,336.192,-70.586,-60,0,0,0,1,critical_zone,0,1
115,fence24,random_waypoint,2,560,520,560,520,20,5,250,700,15,358.504,-71.1441,-60,0,0,0,1,critical_zone,0,1
115,fence24,random_waypoint,2,560,520,560,520,20,6,300,700,15,316.267,-70.0553,-60,0,0,0,1,critical_zone,0,1
115,fence24,random_waypoint,2,560,520,560,520,20,7,400,700,15,240.884,-67.6904,-60,0,0,0,1,critical_zone,0,1
115,fence24,random_waypoint,2,560,520,560,520,20,8,600,700,15,184.459,-65.3722,-60,0,0,0,1,critical_zone,0,1
115,fence24,random_waypoint,2,560,520,560,520,20,9,700,700,15,228.09,-67.2163,-60,0,0,0,1,critical_zone,0,1
115,fence24,random_waypoint,2,560,520,560,520,20,10,750,700,15,261.773,-68.4127,-60,0,0,0,1,critical_zone,0,1
115,fence24,random_waypoint,2,560,520,560,520,20,11,750,650,15,230.272,-67.299,-60,0,0,0,1,critical_zone,0,1
115,fence24,random_waypoint,2,560,520,560,520,20,12,750,550,15,192.419,-65.7392,-60,0,0,0,1,critical_zone,0,1
115,fence24,random_waypoint,2,560,520,560,520,20,13,750,450,15,202.546,-66.1847,-60,0,0,0,1,critical_zone,0,1
115,fence24,random_waypoint,2,560,520,560,520,20,14,750,350,15,255,-68.185,-60,0,0,0,1,critical_zone,0,1
115,fence24,random_waypoint,2,560,520,560,520,20,15,750,300,15,290.732,-69.3241,-60,0,0,0,1,critical_zone,0,1
115,fence24,random_waypoint,2,560,520,560,520,20,16,700,300,15,260.816,-68.3809,-60,0,0,0,1,critical_zone,0,1
115,fence24,random_waypoint,2,560,520,560,520,20,17,600,300,15,223.663,-67.0461,-60,0,0,0,1,critical_zone,0,1
115,fence24,random_waypoint,2,560,520,560,520,20,18,400,300,15,272.075,-68.748,-60,0,0,0,1,critical_zone,0,1
115,fence24,random_waypoint,2,560,520,560,520,20,19,300,300,15,340.624,-70.6997,-60,0,0,0,1,critical_zone,0,1
115,fence24,random_waypoint,2,560,520,560,520,20,20,300,500,15,260.816,-68.3809,-60,0,0,0,1,critical_zone,0,1
115,fence24,random_waypoint,2,560,520,560,520,20,21,500,350,15,180.347,-65.1764,-60,0,0,0,1,critical_zone,0,1
115,fence24,random_waypoint,2,560,520,560,520,20,22,700,500,15,141.51,-63.07,-60,0,0,0,1,critical_zone,0,1
115,fence24,random_waypoint,2,560,520,560,520,20,23,500,650,15,143.265,-63.1771,-60,0,0,0,1,critical_zone,0,1
116,fence24,random_waypoint,2,560,520,560,520,20,0,250,300,15,380.164,-71.6537,-60,0,0,0,1,critical_zone,0,1
116,fence24,random_waypoint,2,560,520,560,520,20,1,250,350,15,353.589,-71.0242,-60,0,0,0,1,critical_zone,0,1
116,fence24,random_waypoint,2,560,520,560,520,20,2,250,450,15,317.844,-70.0985,-60,0,0,0,1,critical_zone,0,1
116,fence24,random_waypoint,2,560,520,560,520,20,3,250,550,15,311.488,-69.9231,-60,0,0,0,1,critical_zone,0,1
116,fence24,random_waypoint,2,560,520,560,520,20,4,250,650,15,336.192,-70.586,-60,0,0,0,1,critical_zone,0,1
116,fence24,random_waypoint,2,560,520,560,520,20,5,250,700,15,358.504,-71.1441,-60,0,0,0,1,critical_zone,0,1
116,fence24,random_waypoint,2,560,520,560,520,20,6,300,700,15,316.267,-70.0553,-60,0,0,0,1,critical_zone,0,1
116,fence24,random_waypoint,2,560,520,560,520,20,7,400,700,15,240.884,-67.6904,-60,0,0,0,1,critical_zone,0,1
116,fence24,random_waypoint,2,560,520,560,520,20,8,600,700,15,184.459,-65.3722,-60,0,0,0,1,critical_zone,0,1
116,fence24,random_waypoint,2,560,520,560,520,20,9,700,700,15,228.09,-67.2163,-60,0,0,0,1,critical_zone,0,1
116,fence24,random_waypoint,2,560,520,560,520,20,10,750,700,15,261.773,-68.4127,-60,0,0,0,1,critical_zone,0,1
116,fence24,random_waypoint,2,560,520,560,520,20,11,750,650,15,230.272,-67.299,-60,0,0,0,1,critical_zone,0,1
116,fence24,random_waypoint,2,560,520,560,520,20,12,750,550,15,192.419,-65.7392,-60,0,0,0,1,critical_zone,0,1
116,fence24,random_waypoint,2,560,520,560,520,20,13,750,450,15,202.546,-66.1847,-60,0,0,0,1,critical_zone,0,1
116,fence24,random_waypoint,2,560,520,560,520,20,14,750,350,15,255,-68.185,-60,0,0,0,1,critical_zone,0,1
116,fence24,random_waypoint,2,560,520,560,520,20,15,750,300,15,290.732,-69.3241,-60,0,0,0,1,critical_zone,0,1
116,fence24,random_waypoint,2,560,520,560,520,20,16,700,300,15,260.816,-68.3809,-60,0,0,0,1,critical_zone,0,1
116,fence24,random_waypoint,2,560,520,560,520,20,17,600,300,15,223.663,-67.0461,-60,0,0,0,1,critical_zone,0,1
116,fence24,random_waypoint,2,560,520,560,520,20,18,400,300,15,272.075,-68.748,-60,0,0,0,1,critical_zone,0,1
116,fence24,random_waypoint,2,560,520,560,520,20,19,300,300,15,340.624,-70.6997,-60,0,0,0,1,critical_zone,0,1
116,fence24,random_waypoint,2,560,520,560,520,20,20,300,500,15,260.816,-68.3809,-60,0,0,0,1,critical_zone,0,1
116,fence24,random_waypoint,2,560,520,560,520,20,21,500,350,15,180.347,-65.1764,-60,0,0,0,1,critical_zone,0,1
116,fence24,random_waypoint,2,560,520,560,520,20,22,700,500,15,141.51,-63.07,-60,0,0,0,1,critical_zone,0,1
116,fence24,random_waypoint,2,560,520,560,520,20,23,500,650,15,143.265,-63.1771,-60,0,0,0,1,critical_zone,0,1
117,fence24,random_waypoint,2,560,520,560,520,20,0,250,300,15,380.164,-71.6537,-60,0,0,0,1,critical_zone,0,1
117,fence24,random_waypoint,2,560,520,560,520,20,1,250,350,15,353.589,-71.0242,-60,0,0,0,1,critical_zone,0,1
117,fence24,random_waypoint,2,560,520,560,520,20,2,250,450,15,317.844,-70.0985,-60,0,0,0,1,critical_zone,0,1
117,fence24,random_waypoint,2,560,520,560,520,20,3,250,550,15,311.488,-69.9231,-60,0,0,0,1,critical_zone,0,1
117,fence24,random_waypoint,2,560,520,560,520,20,4,250,650,15,336.192,-70.586,-60,0,0,0,1,critical_zone,0,1
117,fence24,random_waypoint,2,560,520,560,520,20,5,250,700,15,358.504,-71.1441,-60,0,0,0,1,critical_zone,0,1
117,fence24,random_waypoint,2,560,520,560,520,20,6,300,700,15,316.267,-70.0553,-60,0,0,0,1,critical_zone,0,1
117,fence24,random_waypoint,2,560,520,560,520,20,7,400,700,15,240.884,-67.6904,-60,0,0,0,1,critical_zone,0,1
117,fence24,random_waypoint,2,560,520,560,520,20,8,600,700,15,184.459,-65.3722,-60,0,0,0,1,critical_zone,0,1
117,fence24,random_waypoint,2,560,520,560,520,20,9,700,700,15,228.09,-67.2163,-60,0,0,0,1,critical_zone,0,1
117,fence24,random_waypoint,2,560,520,560,520,20,10,750,700,15,261.773,-68.4127,-60,0,0,0,1,critical_zone,0,1
117,fence24,random_waypoint,2,560,520,560,520,20,11,750,650,15,230.272,-67.299,-60,0,0,0,1,critical_zone,0,1
117,fence24,random_waypoint,2,560,520,560,520,20,12,750,550,15,192.419,-65.7392,-60,0,0,0,1,critical_zone,0,1
117,fence24,random_waypoint,2,560,520,560,520,20,13,750,450,15,202.546,-66.1847,-60,0,0,0,1,critical_zone,0,1
117,fence24,random_waypoint,2,560,520,560,520,20,14,750,350,15,255,-68.185,-60,0,0,0,1,critical_zone,0,1
117,fence24,random_waypoint,2,560,520,560,520,20,15,750,300,15,290.732,-69.3241,-60,0,0,0,1,critical_zone,0,1
117,fence24,random_waypoint,2,560,520,560,520,20,16,700,300,15,260.816,-68.3809,-60,0,0,0,1,critical_zone,0,1
117,fence24,random_waypoint,2,560,520,560,520,20,17,600,300,15,223.663,-67.0461,-60,0,0,0,1,critical_zone,0,1
117,fence24,random_waypoint,2,560,520,560,520,20,18,400,300,15,272.075,-68.748,-60,0,0,0,1,critical_zone,0,1
117,fence24,random_waypoint,2,560,520,560,520,20,19,300,300,15,340.624,-70.6997,-60,0,0,0,1,critical_zone,0,1
117,fence24,random_waypoint,2,560,520,560,520,20,20,300,500,15,260.816,-68.3809,-60,0,0,0,1,critical_zone,0,1
117,fence24,random_waypoint,2,560,520,560,520,20,21,500,350,15,180.347,-65.1764,-60,0,0,0,1,critical_zone,0,1
117,fence24,random_waypoint,2,560,520,560,520,20,22,700,500,15,141.51,-63.07,-60,0,0,0,1,critical_zone,0,1
117,fence24,random_waypoint,2,560,520,560,520,20,23,500,650,15,143.265,-63.1771,-60,0,0,0,1,critical_zone,0,1
