time,sensor_layout,drone_path,random_seed,random_target_x,random_target_y,uav_x,uav_y,uav_z,sensor_id,sensor_x,sensor_y,sensor_z,distance,rx_power_dbm,threshold_dbm,detected,num_sensors_detecting,confirmed_detection,inside_prison,zone,time_to_boundary,alert_before_boundary
1,fence24,random_waypoint,1,560,520,121.386,165.462,20,0,250,300,15,186.19,-65.4534,-60,0,0,0,0,early_warning_zone,33.3409,0
1,fence24,random_waypoint,1,560,520,121.386,165.462,20,1,250,350,15,224.99,-67.0975,-60,0,0,0,0,early_warning_zone,33.3409,0
1,fence24,random_waypoint,1,560,520,121.386,165.462,20,2,250,450,15,312.295,-69.9455,-60,0,0,0,0,early_warning_zone,33.3409,0
1,fence24,random_waypoint,1,560,520,121.386,165.462,20,3,250,550,15,405.507,-72.2142,-60,0,0,0,0,early_warning_zone,33.3409,0
1,fence24,random_waypoint,1,560,520,121.386,165.462,20,4,250,650,15,501.341,-74.0569,-60,0,0,0,0,early_warning_zone,33.3409,0
1,fence24,random_waypoint,1,560,520,121.386,165.462,20,5,250,700,15,549.815,-74.8586,-60,0,0,0,0,early_warning_zone,33.3409,0
1,fence24,random_waypoint,1,560,520,121.386,165.462,20,6,300,700,15,563.612,-75.0738,-60,0,0,0,0,early_warning_zone,33.3409,0
1,fence24,random_waypoint,1,560,520,121.386,165.462,20,7,400,700,15,602.811,-75.6578,-60,0,0,0,0,early_warning_zone,33.3409,0
1,fence24,random_waypoint,1,560,520,121.386,165.462,20,8,600,700,15,717.514,-77.1708,-60,0,0,0,0,early_warning_zone,33.3409,0
1,fence24,random_waypoint,1,560,520,121.386,165.462,20,9,700,700,15,787.749,-77.982,-60,0,0,0,0,early_warning_zone,33.3409,0
1,fence24,random_waypoint,1,560,520,121.386,165.462,20,10,750,700,15,825.173,-78.3851,-60,0,0,0,0,early_warning_zone,33.3409,0
1,fence24,random_waypoint,1,560,520,121.386,165.462,20,11,750,650,15,793.698,-78.0473,-60,0,0,0,0,early_warning_zone,33.3409,0
1,fence24,random_waypoint,1,560,520,121.386,165.462,20,12,750,550,15,736.919,-77.4026,-60,0,0,0,0,early_warning_zone,33.3409,0
1,fence24,random_waypoint,1,560,520,121.386,165.462,20,13,750,450,15,690.03,-76.8316,-60,0,0,0,0,early_warning_zone,33.3409,0
1,fence24,random_waypoint,1,560,520,121.386,165.462,20,14,750,350,15,655.16,-76.3812,-60,0,0,0,0,early_warning_zone,33.3409,0
1,fence24,random_waypoint,1,560,520,121.386,165.462,20,15,750,300,15,642.869,-76.2167,-60,0,0,0,0,early_warning_zone,33.3409,0
1,fence24,random_waypoint,1,560,520,121.386,165.462,20,16,700,300,15,594.07,-75.531,-60,0,0,0,0,early_warning_zone,33.3409,0
1,fence24,random_waypoint,1,560,520,121.386,165.462,20,17,600,300,15,497.188,-73.9846,-60,0,0,0,0,early_warning_zone,33.3409,0
1,fence24,random_waypoint,1,560,520,121.386,165.462,20,18,400,300,15,309.436,-69.8657,-60,0,0,0,0,early_warning_zone,33.3409,0
1,fence24,random_waypoint,1,560,520,121.386,165.462,20,19,300,300,15,223.67,-67.0464,-60,0,0,0,0,early_warning_zone,33.3409,0
1,fence24,random_waypoint,1,560,520,121.386,165.462,20,20,300,500,15,379.267,-71.6331,-60,0,0,0,0,early_warning_zone,33.3409,0
1,fence24,random_waypoint,1,560,520,121.386,165.462,20,21,500,350,15,421.221,-72.5444,-60,0,0,0,0,early_warning_zone,33.3409,0
1,fence24,random_waypoint,1,560,520,121.386,165.462,20,22,700,500,15,668.382,-76.5547,-60,0,0,0,0,early_warning_zone,33.3409,0
1,fence24,random_waypoint,1,560,520,121.386,165.462,20,23,500,650,15,614.939,-75.8309,-60,0,0,0,0,early_warning_zone,33.3409,0
2,fence24,random_waypoint,1,560,520,130.769,168.921,20,0,250,300,15,177.264,-65.0266,-60,0,0,0,0,early_warning_zone,32.3409,0
2,fence24,random_waypoint,1,560,520,130.769,168.921,20,1,250,350,15,216.865,-66.778,-60,0,0,0,0,early_warning_zone,32.3409,0
2,fence24,random_waypoint,1,560,520,130.769,168.921,20,2,250,450,15,305.362,-69.7505,-60,0,0,0,0,early_warning_zone,32.3409,0
2,fence24,random_waypoint,1,560,520,130.769,168.921,20,3,250,550,15,399.327,-72.0808,-60,0,0,0,0,early_warning_zone,32.3409,0
2,fence24,random_waypoint,1,560,520,130.769,168.921,20,4,250,650,15,495.659,-73.9579,-60,0,0,0,0,early_warning_zone,32.3409,0
2,fence24,random_waypoint,1,560,520,130.769,168.921,20,5,250,700,15,544.321,-74.7713,-60,0,0,0,0,early_warning_zone,32.3409,0
2,fence24,random_waypoint,1,560,520,130.769,168.921,20,6,300,700,15,557.413,-74.9778,-60,0,0,0,0,early_warning_zone,32.3409,0
2,fence24,random_waypoint,1,560,520,130.769,168.921,20,7,400,700,15,595.445,-75.5511,-60,0,0,0,0,early_warning_zone,32.3409,0
2,fence24,random_waypoint,1,560,520,130.769,168.921,20,8,600,700,15,708.694,-77.0634,-60,0,0,0,0,early_warning_zone,32.3409,0
2,fence24,random_waypoint,1,560,520,130.769,168.921,20,9,700,700,15,778.52,-77.8796,-60,0,0,0,0,early_warning_zone,32.3409,0
2,fence24,random_waypoint,1,560,520,130.769,168.921,20,10,750,700,15,815.792,-78.2858,-60,0,0,0,0,early_warning_zone,32.3409,0
2,fence24,random_waypoint,1,560,520,130.769,168.921,20,11,750,650,15,784.161,-77.9423,-60,0,0,0,0,early_warning_zone,32.3409,0
2,fence24,random_waypoint,1,560,520,130.769,168.921,20,12,750,550,15,727.113,-77.2863,-60,0,0,0,0,early_warning_zone,32.3409,0
2,fence24,random_waypoint,1,560,520,130.769,168.921,20,13,750,450,15,680.057,-76.7051,-60,0,0,0,0,early_warning_zone,32.3409,0
2,fence24,random_waypoint,1,560,520,130.769,168.921,20,14,750,350,15,645.183,-76.2479,-60,0,0,0,0,early_warning_zone,32.3409,0
2,fence24,random_waypoint,1,560,520,130.769,168.921,20,15,750,300,15,632.972,-76.0819,-60,0,0,0,0,early_warning_zone,32.3409,0
2,fence24,random_waypoint,1,560,520,130.769,168.921,20,16,700,300,15,584.149,-75.3847,-60,0,0,0,0,early_warning_zone,32.3409,0
2,fence24,random_waypoint,1,560,520,130.769,168.921,20,17,600,300,15,487.221,-73.8087,-60,0,0,0,0,early_warning_zone,32.3409,0
2,fence24,random_waypoint,1,560,520,130.769,168.921,20,18,400,300,15,299.486,-69.5818,-60,0,0,0,0,early_warning_zone,32.3409,0
2,fence24,random_waypoint,1,560,520,130.769,168.921,20,19,300,300,15,214.116,-66.6672,-60,0,0,0,0,early_warning_zone,32.3409,0
2,fence24,random_waypoint,1,560,520,130.769,168.921,20,20,300,500,15,371.856,-71.4617,-60,0,0,0,0,early_warning_zone,32.3409,0
2,fence24,random_waypoint,1,560,520,130.769,168.921,20,21,500,350,15,411.273,-72.3368,-60,0,0,0,0,early_warning_zone,32.3409,0
2,fence24,random_waypoint,1,560,520,130.769,168.921,20,22,700,500,15,658.53,-76.4257,-60,0,0,0,0,early_warning_zone,32.3409,0
2,fence24,random_waypoint,1,560,520,130.769,168.921,20,23,500,650,15,606.459,-75.7103,-60,0,0,0,0,early_warning_zone,32.3409,0
3,fence24,random_waypoint,1,560,520,140.152,172.38,20,0,250,300,15,168.459,-64.5841,-60,0,0,0,0,early_warning_zone,31.3409,0
3,fence24,random_waypoint,1,560,520,140.152,172.38,20,1,250,350,15,208.903,-66.4531,-60,0,0,0,0,early_warning_zone,31.3409,0
3,fence24,random_waypoint,1,560,520,140.152,172.38,20,2,250,450,15,298.604,-69.5561,-60,0,0,0,0,early_warning_zone,31.3409,0
3,fence24,random_waypoint,1,560,520,140.152,172.38,20,3,250,550,15,393.305,-71.9488,-60,0,0,0,0,early_warning_zone,31.3409,0
3,fence24,random_waypoint,1,560,520,140.152,172.38,20,4,250,650,15,490.115,-73.8602,-60,0,0,0,0,early_warning_zone,31.3409,0
3,fence24,random_waypoint,1,560,520,140.152,172.38,20,5,250,700,15,538.957,-74.6853,-60,0,0,0,0,early_warning_zone,31.3409,0
3,fence24,random_waypoint,1,560,520,140.152,172.38,20,6,300,700,15,551.325,-74.8824,-60,0,0,0,0,early_warning_zone,31.3409,0
3,fence24,random_waypoint,1,560,520,140.152,172.38,20,7,400,700,15,588.157,-75.4441,-60,0,0,0,0,early_warning_zone,31.3409,0
3,fence24,random_waypoint,1,560,520,140.152,172.38,20,8,600,700,15,699.906,-76.955,-60,0,0,0,0,early_warning_zone,31.3409,0
3,fence24,random_waypoint,1,560,520,140.152,172.38,20,9,700,700,15,769.31,-77.7763,-60,0,0,0,0,early_warning_zone,31.3409,0
3,fence24,random_waypoint,1,560,520,140.152,172.38,20,10,750,700,15,806.426,-78.1855,-60,0,0,0,0,early_warning_zone,31.3409,0
3,fence24,random_waypoint,1,560,520,140.152,172.38,20,11,750,650,15,774.636,-77.8362,-60,0,0,0,0,early_warning_zone,31.3409,0
3,fence24,random_waypoint,1,560,520,140.152,172.38,20,12,750,550,15,717.312,-77.1684,-60,0,0,0,0,early_warning_zone,31.3409,0
3,fence24,random_waypoint,1,560,520,140.152,172.38,20,13,750,450,15,670.084,-76.5768,-60,0,0,0,0,early_warning_zone,31.3409,0
3,fence24,random_waypoint,1,560,520,140.152,172.38,20,14,750,350,15,635.207,-76.1125,-60,0,0,0,0,early_warning_zone,31.3409,0
3,fence24,random_waypoint,1,560,520,140.152,172.38,20,15,750,300,15,623.078,-75.9451,-60,0,0,0,0,early_warning_zone,31.3409,0
3,fence24,random_waypoint,1,560,520,140.152,172.38,20,16,700,300,15,574.231,-75.236,-60,0,0,0,0,early_warning_zone,31.3409,0
3,fence24,random_waypoint,1,560,520,140.152,172.38,20,17,600,300,15,477.255,-73.6292,-60,0,0,0,0,early_warning_zone,31.3409,0
3,fence24,random_waypoint,1,560,520,140.152,172.38,20,18,400,300,15,289.539,-69.2884,-60,0,0,0,0,early_warning_zone,31.3409,0
3,fence24,random_waypoint,1,560,520,140.152,172.38,20,19,300,300,15,204.605,-66.2726,-60,0,0,0,0,early_warning_zone,31.3409,0
3,fence24,random_waypoint,1,560,520,140.152,172.38,20,20,300,500,15,364.57,-71.2898,-60,0,0,0,0,early_warning_zone,31.3409,0
3,fence24,random_waypoint,1,560,520,140.152,172.38,20,21,500,350,15,401.328,-72.1242,-60,0,0,0,0,early_warning_zone,31.3409,0
3,fence24,random_waypoint,1,560,520,140.152,172.38,20,22,700,500,15,648.683,-76.2949,-60,0,0,0,0,early_warning_zone,31.3409,0
3,fence24,random_waypoint,1,560,520,140.152,172.38,20,23,500,650,15,598.027,-75.5886,-60,0,0,0,0,early_warning_zone,31.3409,0
4,fence24,random_waypoint,1,560,520,149.535,175.839,20,0,250,300,15,159.794,-64.1255,-60,0,0,0,0,early_warning_zone,30.3409,0
4,fence24,random_waypoint,1,560,520,149.535,175.839,20,1,250,350,15,201.123,-66.1235,-60,0,0,0,0,early_warning_zone,30.3409,0
4,fence24,random_waypoint,1,560,520,149.535,175.839,20,2,250,450,15,292.032,-69.3628,-60,0,0,0,0,early_warning_zone,30.3409,0
4,fence24,random_waypoint,1,560,520,149.535,175.839,20,3,250,550,15,387.447,-71.8185,-60,0,0,0,0,early_warning_zone,30.3409,0
4,fence24,random_waypoint,1,560,520,149.535,175.839,20,4,250,650,15,484.713,-73.7639,-60,0,0,0,0,early_warning_zone,30.3409,0
4,fence24,random_waypoint,1,560,520,149.535,175.839,20,5,250,700,15,533.726,-74.6006,-60,0,0,0,0,early_warning_zone,30.3409,0
4,fence24,random_waypoint,1,560,520,149.535,175.839,20,6,300,700,15,545.353,-74.7878,-60,0,0,0,0,early_warning_zone,30.3409,0
4,fence24,random_waypoint,1,560,520,149.535,175.839,20,7,400,700,15,580.95,-75.337,-60,0,0,0,0,early_warning_zone,30.3409,0
4,fence24,random_waypoint,1,560,520,149.535,175.839,20,8,600,700,15,691.15,-76.8457,-60,0,0,0,0,early_warning_zone,30.3409,0
4,fence24,random_waypoint,1,560,520,149.535,175.839,20,9,700,700,15,760.12,-77.6719,-60,0,0,0,0,early_warning_zone,30.3409,0
4,fence24,random_waypoint,1,560,520,149.535,175.839,20,10,750,700,15,797.075,-78.0842,-60,0,0,0,0,early_warning_zone,30.3409,0
4,fence24,random_waypoint,1,560,520,149.535,175.839,20,11,750,650,15,765.122,-77.7288,-60,0,0,0,0,early_warning_zone,30.3409,0
4,fence24,random_waypoint,1,560,520,149.535,175.839,20,12,750,550,15,707.517,-77.049,-60,0,0,0,0,early_warning_zone,30.3409,0
4,fence24,random_waypoint,1,560,520,149.535,175.839,20,13,750,450,15,660.112,-76.4466,-60,0,0,0,0,early_warning_zone,30.3409,0
4,fence24,random_waypoint,1,560,520,149.535,175.839,20,14,750,350,15,625.232,-75.9751,-60,0,0,0,0,early_warning_zone,30.3409,0
4,fence24,random_waypoint,1,560,520,149.535,175.839,20,15,750,300,15,613.188,-75.8061,-60,0,0,0,0,early_warning_zone,30.3409,0
4,fence24,random_waypoint,1,560,520,149.535,175.839,20,16,700,300,15,564.316,-75.0847,-60,0,0,0,0,early_warning_zone,30.3409,0
4,fence24,random_waypoint,1,560,520,149.535,175.839,20,17,600,300,15,467.29,-73.446,-60,0,0,0,0,early_warning_zone,30.3409,0
4,fence24,random_waypoint,1,560,520,149.535,175.839,20,18,400,300,15,279.596,-68.9848,-60,0,0,0,0,early_warning_zone,30.3409,0
4,fence24,random_waypoint,1,560,520,149.535,175.839,20,19,300,300,15,195.143,-65.8613,-60,0,0,0,0,early_warning_zone,30.3409,0
4,fence24,random_waypoint,1,560,520,149.535,175.839,20,20,300,500,15,357.415,-71.1177,-60,0,0,0,0,early_warning_zone,30.3409,0
4,fence24,random_waypoint,1,560,520,149.535,175.839,20,21,500,350,15,391.386,-71.9063,-60,0,0,0,0,early_warning_zone,30.3409,0
4,fence24,random_waypoint,1,560,520,149.535,175.839,20,22,700,500,15,638.841,-76.1621,-60,0,0,0,0,early_warning_zone,30.3409,0
4,fence24,random_waypoint,1,560,520,149.535,175.839,20,23,500,650,15,589.644,-75.466,-60,0,0,0,0,early_warning_zone,30.3409,0
5,fence24,random_waypoint,1,560,520,158.918,179.298,20,0,250,300,15,151.295,-63.6507,-60,0,0,0,0,early_warning_zone,29.3409,0
5,fence24,random_waypoint,1,560,520,158.918,179.298,20,1,250,350,15,193.547,-65.7899,-60,0,0,0,0,early_warning_zone,29.3409,0
5,fence24,random_waypoint,1,560,520,158.918,179.298,20,2,250,450,15,285.659,-69.1712,-60,0,0,0,0,early_warning_zone,29.3409,0
5,fence24,random_waypoint,1,560,520,158.918,179.298,20,3,250,550,15,381.761,-71.6901,-60,0,0,0,0,early_warning_zone,29.3409,0
5,fence24,random_waypoint,1,560,520,158.918,179.298,20,4,250,650,15,479.46,-73.6693,-60,0,0,0,0,early_warning_zone,29.3409,0
5,fence24,random_waypoint,1,560,520,158.918,179.298,20,5,250,700,15,528.632,-74.5173,-60,0,0,0,0,early_warning_zone,29.3409,0
5,fence24,random_waypoint,1,560,520,158.918,179.298,20,6,300,700,15,539.5,-74.6941,-60,0,0,0,0,early_warning_zone,29.3409,0
5,fence24,random_waypoint,1,560,520,158.918,179.298,20,7,400,700,15,573.826,-75.2298,-60,0,0,0,0,early_warning_zone,29.3409,0
5,fence24,random_waypoint,1,560,520,158.918,179.298,20,8,600,700,15,682.429,-76.7354,-60,0,0,0,0,early_warning_zone,29.3409,0
5,fence24,random_waypoint,1,560,520,158.918,179.298,20,9,700,700,15,750.95,-77.5664,-60,0,0,0,0,early_warning_zone,29.3409,0
5,fence24,random_waypoint,1,560,520,158.918,179.298,20,10,750,700,15,787.74,-77.9819,-60,0,0,0,0,early_warning_zone,29.3409,0
5,fence24,random_waypoint,1,560,520,158.918,179.298,20,11,750,650,15,755.622,-77.6203,-60,0,0,0,0,early_warning_zone,29.3409,0
5,fence24,random_waypoint,1,560,520,158.918,179.298,20,12,750,550,15,697.727,-76.9279,-60,0,0,0,0,early_warning_zone,29.3409,0
5,fence24,random_waypoint,1,560,520,158.918,179.298,20,13,750,450,15,650.141,-76.3144,-60,0,0,0,0,early_warning_zone,29.3409,0
5,fence24,random_waypoint,1,560,520,158.918,179.298,20,14,750,350,15,615.258,-75.8354,-60,0,0,0,0,early_warning_zone,29.3409,0
5,fence24,random_waypoint,1,560,520,158.918,179.298,20,15,750,300,15,603.301,-75.6649,-60,0,0,0,0,early_warning_zone,29.3409,0
5,fence24,random_waypoint,1,560,520,158.918,179.298,20,16,700,300,15,554.404,-74.9308,-60,0,0,0,0,early_warning_zone,29.3409,0
5,fence24,random_waypoint,1,560,520,158.918,179.298,20,17,600,300,15,457.327,-73.2588,-60,0,0,0,0,early_warning_zone,29.3409,0
5,fence24,random_waypoint,1,560,520,158.918,179.298,20,18,400,300,15,269.657,-68.6705,-60,0,0,0,0,early_warning_zone,29.3409,0
5,fence24,random_waypoint,1,560,520,158.918,179.298,20,19,300,300,15,185.737,-65.4322,-60,0,0,0,0,early_warning_zone,29.3409,0
5,fence24,random_waypoint,1,560,520,158.918,179.298,20,20,300,500,15,350.399,-70.9455,-60,0,0,0,0,early_warning_zone,29.3409,0
5,fence24,random_waypoint,1,560,520,158.918,179.298,20,21,500,350,15,381.447,-71.6829,-60,0,0,0,0,early_warning_zone,29.3409,0
5,fence24,random_waypoint,1,560,520,158.918,179.298,20,22,700,500,15,629.003,-76.0273,-60,0,0,0,0,early_warning_zone,29.3409,0
5,fence24,random_waypoint,1,560,520,158.918,179.298,20,23,500,650,15,581.311,-75.3424,-60,0,0,0,0,early_warning_zone,29.3409,0
6,fence24,random_waypoint,1,560,520,168.3,182.756,20,0,250,300,15,142.989,-63.1603,-60,0,0,0,0,early_warning_zone,28.3409,0
6,fence24,random_waypoint,1,560,520,168.3,182.756,20,1,250,350,15,186.2,-65.4538,-60,0,0,0,0,early_warning_zone,28.3409,0
6,fence24,random_waypoint,1,560,520,168.3,182.756,20,2,250,450,15,279.498,-68.9818,-60,0,0,0,0,early_warning_zone,28.3409,0
6,fence24,random_waypoint,1,560,520,168.3,182.756,20,3,250,550,15,376.255,-71.5639,-60,0,0,0,0,early_warning_zone,28.3409,0
6,fence24,random_waypoint,1,560,520,168.3,182.756,20,4,250,650,15,474.359,-73.5764,-60,0,0,0,0,early_warning_zone,28.3409,0
6,fence24,random_waypoint,1,560,520,168.3,182.756,20,5,250,700,15,523.68,-74.4355,-60,0,0,0,0,early_warning_zone,28.3409,0
6,fence24,random_waypoint,1,560,520,168.3,182.756,20,6,300,700,15,533.77,-74.6013,-60,0,0,0,0,early_warning_zone,28.3409,0
6,fence24,random_waypoint,1,560,520,168.3,182.756,20,7,400,700,15,566.79,-75.1227,-60,0,0,0,0,early_warning_zone,28.3409,0
6,fence24,random_waypoint,1,560,520,168.3,182.756,20,8,600,700,15,673.744,-76.6241,-60,0,0,0,0,early_warning_zone,28.3409,0
6,fence24,random_waypoint,1,560,520,168.3,182.756,20,9,700,700,15,741.802,-77.46,-60,0,0,0,0,early_warning_zone,28.3409,0
6,fence24,random_waypoint,1,560,520,168.3,182.756,20,10,750,700,15,778.422,-77.8785,-60,0,0,0,0,early_warning_zone,28.3409,0
6,fence24,random_waypoint,1,560,520,168.3,182.756,20,11,750,650,15,746.134,-77.5106,-60,0,0,0,0,early_warning_zone,28.3409,0
6,fence24,random_waypoint,1,560,520,168.3,182.756,20,12,750,550,15,687.944,-76.8053,-60,0,0,0,0,early_warning_zone,28.3409,0
6,fence24,random_waypoint,1,560,520,168.3,182.756,20,13,750,450,15,640.171,-76.1801,-60,0,0,0,0,early_warning_zone,28.3409,0
6,fence24,random_waypoint,1,560,520,168.3,182.756,20,14,750,350,15,605.285,-75.6934,-60,0,0,0,0,early_warning_zone,28.3409,0
6,fence24,random_waypoint,1,560,520,168.3,182.756,20,15,750,300,15,593.418,-75.5214,-60,0,0,0,0,early_warning_zone,28.3409,0
6,fence24,random_waypoint,1,560,520,168.3,182.756,20,16,700,300,15,544.496,-74.7741,-60,0,0,0,0,early_warning_zone,28.3409,0
6,fence24,random_waypoint,1,560,520,168.3,182.756,20,17,600,300,15,447.365,-73.0675,-60,0,0,0,0,early_warning_zone,28.3409,0
6,fence24,random_waypoint,1,560,520,168.3,182.756,20,18,400,300,15,259.722,-68.3444,-60,0,0,0,0,early_warning_zone,28.3409,0
6,fence24,random_waypoint,1,560,520,168.3,182.756,20,19,300,300,15,176.397,-64.984,-60,0,0,0,0,early_warning_zone,28.3409,0
6,fence24,random_waypoint,1,560,520,168.3,182.756,20,20,300,500,15,343.531,-70.7735,-60,0,0,0,0,early_warning_zone,28.3409,0
6,fence24,random_waypoint,1,560,520,168.3,182.756,20,21,500,350,15,371.51,-71.4536,-60,0,0,0,0,early_warning_zone,28.3409,0
6,fence24,random_waypoint,1,560,520,168.3,182.756,20,22,700,500,15,619.171,-75.8904,-60,0,0,0,0,early_warning_zone,28.3409,0
6,fence24,random_waypoint,1,560,520,168.3,182.756,20,23,500,650,15,573.032,-75.2178,-60,0,0,0,0,early_warning_zone,28.3409,0
7,fence24,random_waypoint,1,560,520,177.683,186.215,20,0,250,300,15,134.914,-62.6553,-60,0,0,0,0,early_warning_zone,27.3409,0
7,fence24,random_waypoint,1,560,520,177.683,186.215,20,1,250,350,15,179.109,-65.1166,-60,0,0,0,0,early_warning_zone,27.3409,0
7,fence24,random_waypoint,1,560,520,177.683,186.215,20,2,250,450,15,273.564,-68.7954,-60,0,0,0,0,early_warning_zone,27.3409,0
7,fence24,random_waypoint,1,560,520,177.683,186.215,20,3,250,550,15,370.937,-71.4402,-60,0,0,0,0,early_warning_zone,27.3409,0
7,fence24,random_waypoint,1,560,520,177.683,186.215,20,4,250,650,15,469.416,-73.4854,-60,0,0,0,0,early_warning_zone,27.3409,0
7,fence24,random_waypoint,1,560,520,177.683,186.215,20,5,250,700,15,518.873,-74.3555,-60,0,0,0,0,early_warning_zone,27.3409,0
7,fence24,random_waypoint,1,560,520,177.683,186.215,20,6,300,700,15,528.168,-74.5097,-60,0,0,0,0,early_warning_zone,27.3409,0
7,fence24,random_waypoint,1,560,520,177.683,186.215,20,7,400,700,15,559.843,-75.0156,-60,0,0,0,0,early_warning_zone,27.3409,0
7,fence24,random_waypoint,1,560,520,177.683,186.215,20,8,600,700,15,665.095,-76.5119,-60,0,0,0,0,early_warning_zone,27.3409,0
7,fence24,random_waypoint,1,560,520,177.683,186.215,20,9,700,700,15,732.676,-77.3525,-60,0,0,0,0,early_warning_zone,27.3409,0
7,fence24,random_waypoint,1,560,520,177.683,186.215,20,10,750,700,15,769.121,-77.7741,-60,0,0,0,0,early_warning_zone,27.3409,0
7,fence24,random_waypoint,1,560,520,177.683,186.215,20,11,750,650,15,736.66,-77.3996,-60,0,0,0,0,early_warning_zone,27.3409,0
7,fence24,random_waypoint,1,560,520,177.683,186.215,20,12,750,550,15,678.167,-76.681,-60,0,0,0,0,early_warning_zone,27.3409,0
7,fence24,random_waypoint,1,560,520,177.683,186.215,20,13,750,450,15,630.201,-76.0438,-60,0,0,0,0,early_warning_zone,27.3409,0
7,fence24,random_waypoint,1,560,520,177.683,186.215,20,14,750,350,15,595.312,-75.5491,-60,0,0,0,0,early_warning_zone,27.3409,0
7,fence24,random_waypoint,1,560,520,177.683,186.215,20,15,750,300,15,583.54,-75.3756,-60,0,0,0,0,early_warning_zone,27.3409,0
7,fence24,random_waypoint,1,560,520,177.683,186.215,20,16,700,300,15,534.59,-74.6146,-60,0,0,0,0,early_warning_zone,27.3409,0
7,fence24,random_waypoint,1,560,520,177.683,186.215,20,17,600,300,15,437.405,-72.8719,-60,0,0,0,0,early_warning_zone,27.3409,0
7,fence24,random_waypoint,1,560,520,177.683,186.215,20,18,400,300,15,249.793,-68.0058,-60,0,0,0,0,early_warning_zone,27.3409,0
7,fence24,random_waypoint,1,560,520,177.683,186.215,20,19,300,300,15,167.133,-64.5155,-60,0,0,0,0,early_warning_zone,27.3409,0
7,fence24,random_waypoint,1,560,520,177.683,186.215,20,20,300,500,15,336.819,-70.6022,-60,0,0,0,0,early_warning_zone,27.3409,0
7,fence24,random_waypoint,1,560,520,177.683,186.215,20,21,500,350,15,361.578,-71.2183,-60,0,0,0,0,early_warning_zone,27.3409,0
7,fence24,random_waypoint,1,560,520,177.683,186.215,20,22,700,500,15,609.345,-75.7515,-60,0,0,0,0,early_warning_zone,27.3409,0
7,fence24,random_waypoint,1,560,520,177.683,186.215,20,23,500,650,15,564.809,-75.0923,-60,0,0,0,0,early_warning_zone,27.3409,0
8,fence24,random_waypoint,1,560,520,187.066,189.674,20,0,250,300,15,127.112,-62.138,-60,0,0,0,0,early_warning_zone,26.3409,0
8,fence24,random_waypoint,1,560,520,187.066,189.674,20,1,250,350,15,172.308,-64.7803,-60,0,0,0,0,early_warning_zone,26.3409,0
8,fence24,random_waypoint,1,560,520,187.066,189.674,20,2,250,450,15,267.872,-68.6128,-60,0,0,0,0,early_warning_zone,26.3409,0
8,fence24,random_waypoint,1,560,520,187.066,189.674,20,3,250,550,15,365.815,-71.3195,-60,0,0,0,0,early_warning_zone,26.3409,0
8,fence24,random_waypoint,1,560,520,187.066,189.674,20,4,250,650,15,464.635,-73.3965,-60,0,0,0,0,early_warning_zone,26.3409,0
8,fence24,random_waypoint,1,560,520,187.066,189.674,20,5,250,700,15,514.216,-74.2771,-60,0,0,0,0,early_warning_zone,26.3409,0
8,fence24,random_waypoint,1,560,520,187.066,189.674,20,6,300,700,15,522.697,-74.4192,-60,0,0,0,0,early_warning_zone,26.3409,0
8,fence24,random_waypoint,1,560,520,187.066,189.674,20,7,400,700,15,552.991,-74.9086,-60,0,0,0,0,early_warning_zone,26.3409,0
8,fence24,random_waypoint,1,560,520,187.066,189.674,20,8,600,700,15,656.485,-76.3987,-60,0,0,0,0,early_warning_zone,26.3409,0
8,fence24,random_waypoint,1,560,520,187.066,189.674,20,9,700,700,15,723.574,-77.2439,-60,0,0,0,0,early_warning_zone,26.3409,0
8,fence24,random_waypoint,1,560,520,187.066,189.674,20,10,750,700,15,759.837,-77.6686,-60,0,0,0,0,early_warning_zone,26.3409,0
8,fence24,random_waypoint,1,560,520,187.066,189.674,20,11,750,650,15,727.2,-77.2873,-60,0,0,0,0,early_warning_zone,26.3409,0
8,fence24,random_waypoint,1,560,520,187.066,189.674,20,12,750,550,15,668.397,-76.5549,-60,0,0,0,0,early_warning_zone,26.3409,0
8,fence24,random_waypoint,1,560,520,187.066,189.674,20,13,750,450,15,620.233,-75.9053,-60,0,0,0,0,early_warning_zone,26.3409,0
8,fence24,random_waypoint,1,560,520,187.066,189.674,20,14,750,350,15,585.341,-75.4024,-60,0,0,0,0,early_warning_zone,26.3409,0
8,fence24,random_waypoint,1,560,520,187.066,189.674,20,15,750,300,15,573.665,-75.2274,-60,0,0,0,0,early_warning_zone,26.3409,0
8,fence24,random_waypoint,1,560,520,187.066,189.674,20,16,700,300,15,524.689,-74.4523,-60,0,0,0,0,early_warning_zone,26.3409,0
8,fence24,random_waypoint,1,560,520,187.066,189.674,20,17,600,300,15,427.447,-72.6719,-60,0,0,0,0,early_warning_zone,26.3409,0
8,fence24,random_waypoint,1,560,520,187.066,189.674,20,18,400,300,15,239.87,-67.6538,-60,0,0,0,0,early_warning_zone,26.3409,0
8,fence24,random_waypoint,1,560,520,187.066,189.674,20,19,300,300,15,157.959,-64.0251,-60,0,0,0,0,early_warning_zone,26.3409,0
8,fence24,random_waypoint,1,560,520,187.066,189.674,20,20,300,500,15,330.275,-70.4317,-60,0,0,0,0,early_warning_zone,26.3409,0
8,fence24,random_waypoint,1,560,520,187.066,189.674,20,21,500,350,15,351.649,-70.9764,-60,0,0,0,0,early_warning_zone,26.3409,0
8,fence24,random_waypoint,1,560,520,187.066,189.674,20,22,700,500,15,599.524,-75.6104,-60,0,0,0,0,early_warning_zone,26.3409,0
8,fence24,random_waypoint,1,560,520,187.066,189.674,20,23,500,650,15,556.644,-74.9658,-60,0,0,0,0,early_warning_zone,26.3409,0
9,fence24,random_waypoint,1,560,520,196.449,193.133,20,0,250,300,15,119.638,-61.6116,-60,0,0,0,0,early_warning_zone,25.3409,0
9,fence24,random_waypoint,1,560,520,196.449,193.133,20,1,250,350,15,165.832,-64.4476,-60,0,0,0,0,early_warning_zone,25.3409,0
9,fence24,random_waypoint,1,560,520,196.449,193.133,20,2,250,450,15,262.438,-68.4348,-60,0,0,0,0,early_warning_zone,25.3409,0
9,fence24,random_waypoint,1,560,520,196.449,193.133,20,3,250,550,15,360.898,-71.2019,-60,0,0,0,0,early_warning_zone,25.3409,0
9,fence24,random_waypoint,1,560,520,196.449,193.133,20,4,250,650,15,460.022,-73.3098,-60,0,0,0,0,early_warning_zone,25.3409,0
9,fence24,random_waypoint,1,560,520,196.449,193.133,20,5,250,700,15,509.713,-74.2007,-60,0,0,0,0,early_warning_zone,25.3409,0
9,fence24,random_waypoint,1,560,520,196.449,193.133,20,6,300,700,15,517.361,-74.3301,-60,0,0,0,0,early_warning_zone,25.3409,0
9,fence24,random_waypoint,1,560,520,196.449,193.133,20,7,400,700,15,546.235,-74.8018,-60,0,0,0,0,early_warning_zone,25.3409,0
9,fence24,random_waypoint,1,560,520,196.449,193.133,20,8,600,700,15,647.914,-76.2846,-60,0,0,0,0,early_warning_zone,25.3409,0
9,fence24,random_waypoint,1,560,520,196.449,193.133,20,9,700,700,15,714.495,-77.1342,-60,0,0,0,0,early_warning_zone,25.3409,0
9,fence24,random_waypoint,1,560,520,196.449,193.133,20,10,750,700,15,750.572,-77.5621,-60,0,0,0,0,early_warning_zone,25.3409,0
9,fence24,random_waypoint,1,560,520,196.449,193.133,20,11,750,650,15,717.755,-77.1737,-60,0,0,0,0,early_warning_zone,25.3409,0
9,fence24,random_waypoint,1,560,520,196.449,193.133,20,12,750,550,15,658.634,-76.4271,-60,0,0,0,0,early_warning_zone,25.3409,0
9,fence24,random_waypoint,1,560,520,196.449,193.133,20,13,750,450,15,610.266,-75.7646,-60,0,0,0,0,early_warning_zone,25.3409,0
9,fence24,random_waypoint,1,560,520,196.449,193.133,20,14,750,350,15,575.371,-75.2532,-60,0,0,0,0,early_warning_zone,25.3409,0
9,fence24,random_waypoint,1,560,520,196.449,193.133,20,15,750,300,15,563.795,-75.0766,-60,0,0,0,0,early_warning_zone,25.3409,0
9,fence24,random_waypoint,1,560,520,196.449,193.133,20,16,700,300,15,514.791,-74.2868,-60,0,0,0,0,early_warning_zone,25.3409,0
9,fence24,random_waypoint,1,560,520,196.449,193.133,20,17,600,300,15,417.492,-72.4672,-60,0,0,0,0,early_warning_zone,25.3409,0
9,fence24,random_waypoint,1,560,520,196.449,193.133,20,18,400,300,15,229.954,-67.287,-60,0,0,0,0,early_warning_zone,25.3409,0
9,fence24,random_waypoint,1,560,520,196.449,193.133,20,19,300,300,15,148.891,-63.5116,-60,0,0,0,0,early_warning_zone,25.3409,0
9,fence24,random_waypoint,1,560,520,196.449,193.133,20,20,300,500,15,323.906,-70.2626,-60,0,0,0,0,early_warning_zone,25.3409,0
9,fence24,random_waypoint,1,560,520,196.449,193.133,20,21,500,350,15,341.725,-70.7277,-60,0,0,0,0,early_warning_zone,25.3409,0
9,fence24,random_waypoint,1,560,520,196.449,193.133,20,22,700,500,15,589.709,-75.467,-60,0,0,0,0,early_warning_zone,25.3409,0
9,fence24,random_waypoint,1,560,520,196.449,193.133,20,23,500,650,15,548.54,-74.8384,-60,0,0,0,0,early_warning_zone,25.3409,0
10,fence24,random_waypoint,1,560,520,205.832,196.591,20,0,250,300,15,112.557,-61.0817,-60,0,0,0,0,early_warning_zone,24.3409,0
10,fence24,random_waypoint,1,560,520,205.832,196.591,20,1,250,350,15,159.719,-64.1213,-60,0,0,0,0,early_warning_zone,24.3409,0
10,fence24,random_waypoint,1,560,520,205.832,196.591,20,2,250,450,15,257.278,-68.2623,-60,0,0,0,0,early_warning_zone,24.3409,0
10,fence24,random_waypoint,1,560,520,205.832,196.591,20,3,250,550,15,356.193,-71.0879,-60,0,0,0,0,early_warning_zone,24.3409,0
10,fence24,random_waypoint,1,560,520,205.832,196.591,20,4,250,650,15,455.582,-73.2256,-60,0,0,0,0,early_warning_zone,24.3409,0
10,fence24,random_waypoint,1,560,520,205.832,196.591,20,5,250,700,15,505.367,-74.1264,-60,0,0,0,0,early_warning_zone,24.3409,0
10,fence24,random_waypoint,1,560,520,205.832,196.591,20,6,300,700,15,512.165,-74.2424,-60,0,0,0,0,early_warning_zone,24.3409,0
10,fence24,random_waypoint,1,560,520,205.832,196.591,20,7,400,700,15,539.58,-74.6953,-60,0,0,0,0,early_warning_zone,24.3409,0
10,fence24,random_waypoint,1,560,520,205.832,196.591,20,8,600,700,15,639.386,-76.1695,-60,0,0,0,0,early_warning_zone,24.3409,0
10,fence24,random_waypoint,1,560,520,205.832,196.591,20,9,700,700,15,705.441,-77.0234,-60,0,0,0,0,early_warning_zone,24.3409,0
10,fence24,random_waypoint,1,560,520,205.832,196.591,20,10,750,700,15,741.326,-77.4544,-60,0,0,0,0,early_warning_zone,24.3409,0
10,fence24,random_waypoint,1,560,520,205.832,196.591,20,11,750,650,15,708.324,-77.0589,-60,0,0,0,0,early_warning_zone,24.3409,0
10,fence24,random_waypoint,1,560,520,205.832,196.591,20,12,750,550,15,648.877,-76.2975,-60,0,0,0,0,early_warning_zone,24.3409,0
10,fence24,random_waypoint,1,560,520,205.832,196.591,20,13,750,450,15,600.3,-75.6216,-60,0,0,0,0,early_warning_zone,24.3409,0
10,fence24,random_waypoint,1,560,520,205.832,196.591,20,14,750,350,15,565.401,-75.1014,-60,0,0,0,0,early_warning_zone,24.3409,0
10,fence24,random_waypoint,1,560,520,205.832,196.591,20,15,750,300,15,553.929,-74.9233,-60,0,0,0,0,early_warning_zone,24.3409,0
10,fence24,random_waypoint,1,560,520,205.832,196.591,20,16,700,300,15,504.897,-74.1183,-60,0,0,0,0,early_warning_zone,24.3409,0
10,fence24,random_waypoint,1,560,520,205.832,196.591,20,17,600,300,15,407.538,-72.2576,-60,0,0,0,0,early_warning_zone,24.3409,0
10,fence24,random_waypoint,1,560,520,205.832,196.591,20,18,400,300,15,220.045,-66.9044,-60,0,0,0,0,early_warning_zone,24.3409,0
10,fence24,random_waypoint,1,560,520,205.832,196.591,20,19,300,300,15,139.95,-62.9737,-60,0,0,0,0,early_warning_zone,24.3409,0
10,fence24,random_waypoint,1,560,520,205.832,196.591,20,20,300,500,15,317.725,-70.0953,-60,0,0,0,0,early_warning_zone,24.3409,0
10,fence24,random_waypoint,1,560,520,205.832,196.591,20,21,500,350,15,331.804,-70.4719,-60,0,0,0,0,early_warning_zone,24.3409,0
10,fence24,random_waypoint,1,560,520,205.832,196.591,20,22,700,500,15,579.9,-75.3213,-60,0,0,0,0,early_warning_zone,24.3409,0
10,fence24,random_waypoint,1,560,520,205.832,196.591,20,23,500,650,15,540.499,-74.7101,-60,0,0,0,0,early_warning_zone,24.3409,0
11,fence24,random_waypoint,1,560,520,215.214,200.05,20,0,250,300,15,105.948,-60.5561,-60,0,0,0,0,early_warning_zone,23.3409,0
11,fence24,random_waypoint,1,560,520,215.214,200.05,20,1,250,350,15,154.013,-63.8054,-60,0,0,0,0,early_warning_zone,23.3409,0
11,fence24,random_waypoint,1,560,520,215.214,200.05,20,2,250,450,15,252.408,-68.0963,-60,0,0,0,0,early_warning_zone,23.3409,0
11,fence24,random_waypoint,1,560,520,215.214,200.05,20,3,250,550,15,351.71,-70.9779,-60,0,0,0,0,early_warning_zone,23.3409,0
11,fence24,random_waypoint,1,560,520,215.214,200.05,20,4,250,650,15,451.32,-73.1439,-60,0,0,0,0,early_warning_zone,23.3409,0
11,fence24,random_waypoint,1,560,520,215.214,200.05,20,5,250,700,15,501.183,-74.0542,-60,0,0,0,0,early_warning_zone,23.3409,0
11,fence24,random_waypoint,1,560,520,215.214,200.05,20,6,300,700,15,507.113,-74.1563,-60,0,0,0,0,early_warning_zone,23.3409,0
11,fence24,random_waypoint,1,560,520,215.214,200.05,20,7,400,700,15,533.03,-74.5893,-60,0,0,0,0,early_warning_zone,23.3409,0
11,fence24,random_waypoint,1,560,520,215.214,200.05,20,8,600,700,15,630.9,-76.0534,-60,0,0,0,0,early_warning_zone,23.3409,0
11,fence24,random_waypoint,1,560,520,215.214,200.05,20,9,700,700,15,696.414,-76.9116,-60,0,0,0,0,early_warning_zone,23.3409,0
11,fence24,random_waypoint,1,560,520,215.214,200.05,20,10,750,700,15,732.1,-77.3456,-60,0,0,0,0,early_warning_zone,23.3409,0
11,fence24,random_waypoint,1,560,520,215.214,200.05,20,11,750,650,15,698.91,-76.9427,-60,0,0,0,0,early_warning_zone,23.3409,0
11,fence24,random_waypoint,1,560,520,215.214,200.05,20,12,750,550,15,639.129,-76.166,-60,0,0,0,0,early_warning_zone,23.3409,0
11,fence24,random_waypoint,1,560,520,215.214,200.05,20,13,750,450,15,590.335,-75.4762,-60,0,0,0,0,early_warning_zone,23.3409,0
11,fence24,random_waypoint,1,560,520,215.214,200.05,20,14,750,350,15,555.433,-74.9469,-60,0,0,0,0,early_warning_zone,23.3409,0
11,fence24,random_waypoint,1,560,520,215.214,200.05,20,15,750,300,15,544.069,-74.7673,-60,0,0,0,0,early_warning_zone,23.3409,0
11,fence24,random_waypoint,1,560,520,215.214,200.05,20,16,700,300,15,495.007,-73.9465,-60,0,0,0,0,early_warning_zone,23.3409,0
11,fence24,random_waypoint,1,560,520,215.214,200.05,20,17,600,300,15,397.586,-72.0429,-60,0,0,0,0,early_warning_zone,23.3409,0
11,fence24,random_waypoint,1,560,520,215.214,200.05,20,18,400,300,15,210.144,-66.5046,-60,0,0,0,0,early_warning_zone,23.3409,0
11,fence24,random_waypoint,1,560,520,215.214,200.05,20,19,300,300,15,131.162,-62.4104,-60,0,0,0,0,early_warning_zone,23.3409,0
11,fence24,random_waypoint,1,560,520,215.214,200.05,20,20,300,500,15,311.743,-69.9301,-60,0,0,0,0,early_warning_zone,23.3409,0
11,fence24,random_waypoint,1,560,520,215.214,200.05,20,21,500,350,15,321.889,-70.2084,-60,0,0,0,0,early_warning_zone,23.3409,0
11,fence24,random_waypoint,1,560,520,215.214,200.05,20,22,700,500,15,570.098,-75.1732,-60,0,0,0,0,early_warning_zone,23.3409,0
11,fence24,random_waypoint,1,560,520,215.214,200.05,20,23,500,650,15,532.525,-74.581,-60,0,0,0,0,early_warning_zone,23.3409,0
12,fence24,random_waypoint,1,560,520,224.597,203.509,20,0,250,300,15,99.904,-60.0459,-60,0,0,0,0,early_warning_zone,22.3409,0
12,fence24,random_waypoint,1,560,520,224.597,203.509,20,1,250,350,15,148.761,-63.504,-60,0,0,0,0,early_warning_zone,22.3409,0
12,fence24,random_waypoint,1,560,520,224.597,203.509,20,2,250,450,15,247.847,-67.9379,-60,0,0,0,0,early_warning_zone,22.3409,0
12,fence24,random_waypoint,1,560,520,224.597,203.509,20,3,250,550,15,347.457,-70.8722,-60,0,0,0,0,early_warning_zone,22.3409,0
12,fence24,random_waypoint,1,560,520,224.597,203.509,20,4,250,650,15,447.241,-73.0651,-60,0,0,0,0,early_warning_zone,22.3409,0
12,fence24,random_waypoint,1,560,520,224.597,203.509,20,5,250,700,15,497.166,-73.9842,-60,0,0,0,0,early_warning_zone,22.3409,0
12,fence24,random_waypoint,1,560,520,224.597,203.509,20,6,300,700,15,502.209,-74.0719,-60,0,0,0,0,early_warning_zone,22.3409,0
12,fence24,random_waypoint,1,560,520,224.597,203.509,20,7,400,700,15,526.588,-74.4836,-60,0,0,0,0,early_warning_zone,22.3409,0
12,fence24,random_waypoint,1,560,520,224.597,203.509,20,8,600,700,15,622.459,-75.9364,-60,0,0,0,0,early_warning_zone,22.3409,0
12,fence24,random_waypoint,1,560,520,224.597,203.509,20,9,700,700,15,687.413,-76.7986,-60,0,0,0,0,early_warning_zone,22.3409,0
12,fence24,random_waypoint,1,560,520,224.597,203.509,20,10,750,700,15,722.894,-77.2357,-60,0,0,0,0,early_warning_zone,22.3409,0
12,fence24,random_waypoint,1,560,520,224.597,203.509,20,11,750,650,15,689.512,-76.8251,-60,0,0,0,0,early_warning_zone,22.3409,0
12,fence24,random_waypoint,1,560,520,224.597,203.509,20,12,750,550,15,629.388,-76.0326,-60,0,0,0,0,early_warning_zone,22.3409,0
12,fence24,random_waypoint,1,560,520,224.597,203.509,20,13,750,450,15,580.371,-75.3283,-60,0,0,0,0,early_warning_zone,22.3409,0
12,fence24,random_waypoint,1,560,520,224.597,203.509,20,14,750,350,15,545.466,-74.7896,-60,0,0,0,0,early_warning_zone,22.3409,0
12,fence24,random_waypoint,1,560,520,224.597,203.509,20,15,750,300,15,534.213,-74.6085,-60,0,0,0,0,early_warning_zone,22.3409,0
12,fence24,random_waypoint,1,560,520,224.597,203.509,20,16,700,300,15,485.122,-73.7712,-60,0,0,0,0,early_warning_zone,22.3409,0
12,fence24,random_waypoint,1,560,520,224.597,203.509,20,17,600,300,15,387.637,-71.8227,-60,0,0,0,0,early_warning_zone,22.3409,0
12,fence24,random_waypoint,1,560,520,224.597,203.509,20,18,400,300,15,200.254,-66.0858,-60,0,0,0,0,early_warning_zone,22.3409,0
12,fence24,random_waypoint,1,560,520,224.597,203.509,20,19,300,300,15,122.561,-61.8212,-60,0,0,0,0,early_warning_zone,22.3409,0
12,fence24,random_waypoint,1,560,520,224.597,203.509,20,20,300,500,15,305.97,-69.7678,-60,0,0,0,0,early_warning_zone,22.3409,0
12,fence24,random_waypoint,1,560,520,224.597,203.509,20,21,500,350,15,311.98,-69.9368,-60,0,0,0,0,early_warning_zone,22.3409,0
12,fence24,random_waypoint,1,560,520,224.597,203.509,20,22,700,500,15,560.303,-75.0227,-60,0,0,0,0,early_warning_zone,22.3409,0
12,fence24,random_waypoint,1,560,520,224.597,203.509,20,23,500,650,15,524.62,-74.4511,-60,0,0,0,0,early_warning_zone,22.3409,0
13,fence24,random_waypoint,1,560,520,233.98,206.968,20,0,250,300,15,94.5338,-59.566,-60,1,1,0,0,early_warning_zone,21.3409,0
13,fence24,random_waypoint,1,560,520,233.98,206.968,20,1,250,350,15,144.013,-63.2223,-60,0,1,0,0,early_warning_zone,21.3409,0
13,fence24,random_waypoint,1,560,520,233.98,206.968,20,2,250,450,15,243.611,-67.7882,-60,0,1,0,0,early_warning_zone,21.3409,0
13,fence24,random_waypoint,1,560,520,233.98,206.968,20,3,250,550,15,343.443,-70.7713,-60,0,1,0,0,early_warning_zone,21.3409,0
13,fence24,random_waypoint,1,560,520,233.98,206.968,20,4,250,650,15,443.35,-72.9892,-60,0,1,0,0,early_warning_zone,21.3409,0
13,fence24,random_waypoint,1,560,520,233.98,206.968,20,5,250,700,15,493.318,-73.9168,-60,0,1,0,0,early_warning_zone,21.3409,0
13,fence24,random_waypoint,1,560,520,233.98,206.968,20,6,300,700,15,497.458,-73.9894,-60,0,1,0,0,early_warning_zone,21.3409,0
13,fence24,random_waypoint,1,560,520,233.98,206.968,20,7,400,700,15,520.258,-74.3786,-60,0,1,0,0,early_warning_zone,21.3409,0
13,fence24,random_waypoint,1,560,520,233.98,206.968,20,8,600,700,15,614.065,-75.8185,-60,0,1,0,0,early_warning_zone,21.3409,0
13,fence24,random_waypoint,1,560,520,233.98,206.968,20,9,700,700,15,678.44,-76.6844,-60,0,1,0,0,early_warning_zone,21.3409,0
13,fence24,random_waypoint,1,560,520,233.98,206.968,20,10,750,700,15,713.71,-77.1247,-60,0,1,0,0,early_warning_zone,21.3409,0
13,fence24,random_waypoint,1,560,520,233.98,206.968,20,11,750,650,15,680.132,-76.7061,-60,0,1,0,0,early_warning_zone,21.3409,0
13,fence24,random_waypoint,1,560,520,233.98,206.968,20,12,750,550,15,619.655,-75.8972,-60,0,1,0,0,early_warning_zone,21.3409,0
13,fence24,random_waypoint,1,560,520,233.98,206.968,20,13,750,450,15,570.409,-75.178,-60,0,1,0,0,early_warning_zone,21.3409,0
13,fence24,random_waypoint,1,560,520,233.98,206.968,20,14,750,350,15,535.5,-74.6294,-60,0,1,0,0,early_warning_zone,21.3409,0
13,fence24,random_waypoint,1,560,520,233.98,206.968,20,15,750,300,15,524.363,-74.4469,-60,0,1,0,0,early_warning_zone,21.3409,0
13,fence24,random_waypoint,1,560,520,233.98,206.968,20,16,700,300,15,475.242,-73.5925,-60,0,1,0,0,early_warning_zone,21.3409,0
13,fence24,random_waypoint,1,560,520,233.98,206.968,20,17,600,300,15,377.691,-71.597,-60,0,1,0,0,early_warning_zone,21.3409,0
13,fence24,random_waypoint,1,560,520,233.98,206.968,20,18,400,300,15,190.375,-65.6464,-60,0,1,0,0,early_warning_zone,21.3409,0
13,fence24,random_waypoint,1,560,520,233.98,206.968,20,19,300,300,15,114.187,-61.2065,-60,0,1,0,0,early_warning_zone,21.3409,0
13,fence24,random_waypoint,1,560,520,233.98,206.968,20,20,300,500,15,300.419,-69.6088,-60,0,1,0,0,early_warning_zone,21.3409,0
13,fence24,random_waypoint,1,560,520,233.98,206.968,20,21,500,350,15,302.076,-69.6565,-60,0,1,0,0,early_warning_zone,21.3409,0
13,fence24,random_waypoint,1,560,520,233.98,206.968,20,22,700,500,15,550.516,-74.8696,-60,0,1,0,0,early_warning_zone,21.3409,0
13,fence24,random_waypoint,1,560,520,233.98,206.968,20,23,500,650,15,516.787,-74.3205,-60,0,1,0,0,early_warning_zone,21.3409,0
14,fence24,random_waypoint,1,560,520,243.363,210.427,20,0,250,300,15,89.9581,-59.135,-60,1,1,0,0,early_warning_zone,20.3409,0
14,fence24,random_waypoint,1,560,520,243.363,210.427,20,1,250,350,15,139.821,-62.9656,-60,0,1,0,0,early_warning_zone,20.3409,0
14,fence24,random_waypoint,1,560,520,243.363,210.427,20,2,250,450,15,239.718,-67.6482,-60,0,1,0,0,early_warning_zone,20.3409,0
14,fence24,random_waypoint,1,560,520,243.363,210.427,20,3,250,550,15,339.675,-70.6755,-60,0,1,0,0,early_warning_zone,20.3409,0
14,fence24,random_waypoint,1,560,520,243.363,210.427,20,4,250,650,15,439.652,-72.9164,-60,0,1,0,0,early_warning_zone,20.3409,0
14,fence24,random_waypoint,1,560,520,243.363,210.427,20,5,250,700,15,489.644,-73.8518,-60,0,1,0,0,early_warning_zone,20.3409,0
14,fence24,random_waypoint,1,560,520,243.363,210.427,20,6,300,700,15,492.864,-73.9088,-60,0,1,0,0,early_warning_zone,20.3409,0
14,fence24,random_waypoint,1,560,520,243.363,210.427,20,7,400,700,15,514.045,-74.2742,-60,0,1,0,0,early_warning_zone,20.3409,0
14,fence24,random_waypoint,1,560,520,243.363,210.427,20,8,600,700,15,605.72,-75.6997,-60,0,1,0,0,early_warning_zone,20.3409,0
14,fence24,random_waypoint,1,560,520,243.363,210.427,20,9,700,700,15,669.496,-76.5692,-60,0,1,0,0,early_warning_zone,20.3409,0
14,fence24,random_waypoint,1,560,520,243.363,210.427,20,10,750,700,15,704.548,-77.0124,-60,0,1,0,0,early_warning_zone,20.3409,0
14,fence24,random_waypoint,1,560,520,243.363,210.427,20,11,750,650,15,670.769,-76.5857,-60,0,1,0,0,early_warning_zone,20.3409,0
14,fence24,random_waypoint,1,560,520,243.363,210.427,20,12,750,550,15,609.931,-75.7598,-60,0,1,0,0,early_warning_zone,20.3409,0
14,fence24,random_waypoint,1,560,520,243.363,210.427,20,13,750,450,15,560.448,-75.0249,-60,0,1,0,0,early_warning_zone,20.3409,0
14,fence24,random_waypoint,1,560,520,243.363,210.427,20,14,750,350,15,525.535,-74.4663,-60,0,1,0,0,early_warning_zone,20.3409,0
14,fence24,random_waypoint,1,560,520,243.363,210.427,20,15,750,300,15,514.519,-74.2823,-60,0,1,0,0,early_warning_zone,20.3409,0
14,fence24,random_waypoint,1,560,520,243.363,210.427,20,16,700,300,15,465.366,-73.4101,-60,0,1,0,0,early_warning_zone,20.3409,0
14,fence24,random_waypoint,1,560,520,243.363,210.427,20,17,600,300,15,367.748,-71.3652,-60,0,1,0,0,early_warning_zone,20.3409,0
14,fence24,random_waypoint,1,560,520,243.363,210.427,20,18,400,300,15,180.509,-65.1842,-60,0,1,0,0,early_warning_zone,20.3409,0
14,fence24,random_waypoint,1,560,520,243.363,210.427,20,19,300,300,15,106.095,-60.5681,-60,0,1,0,0,early_warning_zone,20.3409,0
14,fence24,random_waypoint,1,560,520,243.363,210.427,20,20,300,500,15,295.103,-69.4537,-60,0,1,0,0,early_warning_zone,20.3409,0
14,fence24,random_waypoint,1,560,520,243.363,210.427,20,21,500,350,15,292.179,-69.3672,-60,0,1,0,0,early_warning_zone,20.3409,0
14,fence24,random_waypoint,1,560,520,243.363,210.427,20,22,700,500,15,540.736,-74.7139,-60,0,1,0,0,early_warning_zone,20.3409,0
14,fence24,random_waypoint,1,560,520,243.363,210.427,20,23,500,650,15,509.031,-74.1891,-60,0,1,0,0,early_warning_zone,20.3409,0
15,fence24,random_waypoint,1,560,520,251.658,214.852,20,0,250,300,15,85.3104,-58.6743,-60,1,2,1,0,early_warning_zone,19.3409,1
15,fence24,random_waypoint,1,560,520,251.658,214.852,20,1,250,350,15,135.25,-62.677,-60,0,2,1,0,early_warning_zone,19.3409,1
15,fence24,random_waypoint,1,560,520,251.658,214.852,20,2,250,450,15,235.207,-67.4832,-60,0,2,1,0,early_warning_zone,19.3409,1
15,fence24,random_waypoint,1,560,520,251.658,214.852,20,3,250,550,15,335.189,-70.56,-60,0,2,1,0,early_warning_zone,19.3409,1
15,fence24,random_waypoint,1,560,520,251.658,214.852,20,4,250,650,15,435.179,-72.8276,-60,0,2,1,0,early_warning_zone,19.3409,1
15,fence24,random_waypoint,1,560,520,251.658,214.852,20,5,250,700,15,485.176,-73.7722,-60,0,2,1,0,early_warning_zone,19.3409,1
15,fence24,random_waypoint,1,560,520,251.658,214.852,20,6,300,700,15,487.576,-73.8151,-60,0,2,1,0,early_warning_zone,19.3409,1
15,fence24,random_waypoint,1,560,520,251.658,214.852,20,7,400,700,15,507.345,-74.1603,-60,0,2,1,0,early_warning_zone,19.3409,1
15,fence24,random_waypoint,1,560,520,251.658,214.852,20,8,600,700,15,597.273,-75.5777,-60,0,2,1,0,early_warning_zone,19.3409,1
15,fence24,random_waypoint,1,560,520,251.658,214.852,20,9,700,700,15,660.609,-76.4531,-60,0,2,1,0,early_warning_zone,19.3409,1
15,fence24,random_waypoint,1,560,520,251.658,214.852,20,10,750,700,15,695.513,-76.9003,-60,0,2,1,0,early_warning_zone,19.3409,1
15,fence24,random_waypoint,1,560,520,251.658,214.852,20,11,750,650,15,661.607,-76.4662,-60,0,2,1,0,early_warning_zone,19.3409,1
15,fence24,random_waypoint,1,560,520,251.658,214.852,20,12,750,550,15,600.578,-75.6256,-60,0,2,1,0,early_warning_zone,19.3409,1
15,fence24,random_waypoint,1,560,520,251.658,214.852,20,13,750,450,15,551.057,-74.8782,-60,0,2,1,0,early_warning_zone,19.3409,1
15,fence24,random_waypoint,1,560,520,251.658,214.852,20,14,750,350,15,516.367,-74.3134,-60,0,2,1,0,early_warning_zone,19.3409,1
15,fence24,random_waypoint,1,560,520,251.658,214.852,20,15,750,300,15,505.589,-74.1302,-60,0,2,1,0,early_warning_zone,19.3409,1
15,fence24,random_waypoint,1,560,520,251.658,214.852,20,16,700,300,15,456.383,-73.2408,-60,0,2,1,0,early_warning_zone,19.3409,1
15,fence24,random_waypoint,1,560,520,251.658,214.852,20,17,600,300,15,358.633,-71.1472,-60,0,2,1,0,early_warning_zone,19.3409,1
15,fence24,random_waypoint,1,560,520,251.658,214.852,20,18,400,300,15,171.115,-64.72,-60,0,2,1,0,early_warning_zone,19.3409,1
15,fence24,random_waypoint,1,560,520,251.658,214.852,20,19,300,300,15,98.0411,-59.8824,-60,1,2,1,0,early_warning_zone,19.3409,1
15,fence24,random_waypoint,1,560,520,251.658,214.852,20,20,300,500,15,289.26,-69.28,-60,0,2,1,0,early_warning_zone,19.3409,1
15,fence24,random_waypoint,1,560,520,251.658,214.852,20,21,500,350,15,282.778,-69.0832,-60,0,2,1,0,early_warning_zone,19.3409,1
15,fence24,random_waypoint,1,560,520,251.658,214.852,20,22,700,500,15,531.361,-74.562,-60,0,2,1,0,early_warning_zone,19.3409,1
15,fence24,random_waypoint,1,560,520,251.658,214.852,20,23,500,650,15,501.051,-74.0519,-60,0,2,1,0,early_warning_zone,19.3409,1
16,fence24,random_waypoint,1,560,520,253.996,224.575,20,0,250,300,15,75.6958,-57.6357,-60,1,2,1,0,early_warning_zone,18.3409,1
16,fence24,random_waypoint,1,560,520,253.996,224.575,20,1,250,350,15,125.588,-62.0332,-60,0,2,1,0,early_warning_zone,18.3409,1
16,fence24,random_waypoint,1,560,520,253.996,224.575,20,2,250,450,15,225.516,-67.1178,-60,0,2,1,0,early_warning_zone,18.3409,1
16,fence24,random_waypoint,1,560,520,253.996,224.575,20,3,250,550,15,325.488,-70.3049,-60,0,2,1,0,early_warning_zone,18.3409,1
16,fence24,random_waypoint,1,560,520,253.996,224.575,20,4,250,650,15,425.473,-72.6317,-60,0,2,1,0,early_warning_zone,18.3409,1
16,fence24,random_waypoint,1,560,520,253.996,224.575,20,5,250,700,15,475.468,-73.5966,-60,0,2,1,0,early_warning_zone,18.3409,1
16,fence24,random_waypoint,1,560,520,253.996,224.575,20,6,300,700,15,477.671,-73.6368,-60,0,2,1,0,early_warning_zone,18.3409,1
16,fence24,random_waypoint,1,560,520,253.996,224.575,20,7,400,700,15,497.364,-73.9877,-60,0,2,1,0,early_warning_zone,18.3409,1
16,fence24,random_waypoint,1,560,520,253.996,224.575,20,8,600,700,15,588.024,-75.4421,-60,0,2,1,0,early_warning_zone,18.3409,1
16,fence24,random_waypoint,1,560,520,253.996,224.575,20,9,700,700,15,651.9,-76.3378,-60,0,2,1,0,early_warning_zone,18.3409,1
16,fence24,random_waypoint,1,560,520,253.996,224.575,20,10,750,700,15,687.076,-76.7943,-60,0,2,1,0,early_warning_zone,18.3409,1
16,fence24,random_waypoint,1,560,520,253.996,224.575,20,11,750,650,15,653.476,-76.3588,-60,0,2,1,0,early_warning_zone,18.3409,1
16,fence24,random_waypoint,1,560,520,253.996,224.575,20,12,750,550,15,593.251,-75.519,-60,0,2,1,0,early_warning_zone,18.3409,1
16,fence24,random_waypoint,1,560,520,253.996,224.575,20,13,750,450,15,544.85,-74.7798,-60,0,2,1,0,early_warning_zone,18.3409,1
16,fence24,random_waypoint,1,560,520,253.996,224.575,20,14,750,350,15,511.641,-74.2335,-60,0,2,1,0,early_warning_zone,18.3409,1
16,fence24,random_waypoint,1,560,520,253.996,224.575,20,15,750,300,15,501.731,-74.0636,-60,0,2,1,0,early_warning_zone,18.3409,1
16,fence24,random_waypoint,1,560,520,253.996,224.575,20,16,700,300,15,452.365,-73.164,-60,0,2,1,0,early_warning_zone,18.3409,1
16,fence24,random_waypoint,1,560,520,253.996,224.575,20,17,600,300,15,354.165,-71.0383,-60,0,2,1,0,early_warning_zone,18.3409,1
16,fence24,random_waypoint,1,560,520,253.996,224.575,20,18,400,300,15,164.411,-64.3729,-60,0,2,1,0,early_warning_zone,18.3409,1
16,fence24,random_waypoint,1,560,520,253.996,224.575,20,19,300,300,15,88.4889,-58.992,-60,1,2,1,0,early_warning_zone,18.3409,1
16,fence24,random_waypoint,1,560,520,253.996,224.575,20,20,300,500,15,279.285,-68.9752,-60,0,2,1,0,early_warning_zone,18.3409,1
16,fence24,random_waypoint,1,560,520,253.996,224.575,20,21,500,350,15,276.178,-68.878,-60,0,2,1,0,early_warning_zone,18.3409,1
16,fence24,random_waypoint,1,560,520,253.996,224.575,20,22,700,500,15,524.217,-74.4444,-60,0,2,1,0,early_warning_zone,18.3409,1
16,fence24,random_waypoint,1,560,520,253.996,224.575,20,23,500,650,15,491.456,-73.8839,-60,0,2,1,0,early_warning_zone,18.3409,1
17,fence24,random_waypoint,1,560,520,256.333,234.298,20,0,250,300,15,66.1954,-56.4708,-60,1,2,1,0,early_warning_zone,17.3409,1
17,fence24,random_waypoint,1,560,520,256.333,234.298,20,1,250,350,15,115.983,-61.3421,-60,0,2,1,0,early_warning_zone,17.3409,1
17,fence24,random_waypoint,1,560,520,256.333,234.298,20,2,250,450,15,215.853,-66.7374,-60,0,2,1,0,early_warning_zone,17.3409,1
17,fence24,random_waypoint,1,560,520,256.333,234.298,20,3,250,550,15,315.805,-70.0426,-60,0,2,1,0,early_warning_zone,17.3409,1
17,fence24,random_waypoint,1,560,520,256.333,234.298,20,4,250,650,15,415.78,-72.4315,-60,0,2,1,0,early_warning_zone,17.3409,1
17,fence24,random_waypoint,1,560,520,256.333,234.298,20,5,250,700,15,465.772,-73.4177,-60,0,2,1,0,early_warning_zone,17.3409,1
17,fence24,random_waypoint,1,560,520,256.333,234.298,20,6,300,700,15,467.771,-73.4549,-60,0,2,1,0,early_warning_zone,17.3409,1
17,fence24,random_waypoint,1,560,520,256.333,234.298,20,7,400,700,15,487.384,-73.8117,-60,0,2,1,0,early_warning_zone,17.3409,1
17,fence24,random_waypoint,1,560,520,256.333,234.298,20,8,600,700,15,578.8,-75.3048,-60,0,2,1,0,early_warning_zone,17.3409,1
17,fence24,random_waypoint,1,560,520,256.333,234.298,20,9,700,700,15,643.229,-76.2215,-60,0,2,1,0,early_warning_zone,17.3409,1
17,fence24,random_waypoint,1,560,520,256.333,234.298,20,10,750,700,15,678.682,-76.6876,-60,0,2,1,0,early_warning_zone,17.3409,1
17,fence24,random_waypoint,1,560,520,256.333,234.298,20,11,750,650,15,645.399,-76.2508,-60,0,2,1,0,early_warning_zone,17.3409,1
17,fence24,random_waypoint,1,560,520,256.333,234.298,20,12,750,550,15,586.003,-75.4122,-60,0,2,1,0,early_warning_zone,17.3409,1
17,fence24,random_waypoint,1,560,520,256.333,234.298,20,13,750,450,15,538.757,-74.6821,-60,0,2,1,0,early_warning_zone,17.3409,1
17,fence24,random_waypoint,1,560,520,256.333,234.298,20,14,750,350,15,507.069,-74.1556,-60,0,2,1,0,early_warning_zone,17.3409,1
17,fence24,random_waypoint,1,560,520,256.333,234.298,20,15,750,300,15,498.045,-73.9996,-60,0,2,1,0,early_warning_zone,17.3409,1
17,fence24,random_waypoint,1,560,520,256.333,234.298,20,16,700,300,15,448.533,-73.0901,-60,0,2,1,0,early_warning_zone,17.3409,1
17,fence24,random_waypoint,1,560,520,256.333,234.298,20,17,600,300,15,349.926,-70.9338,-60,0,2,1,0,early_warning_zone,17.3409,1
17,fence24,random_waypoint,1,560,520,256.333,234.298,20,18,400,300,15,158.056,-64.0305,-60,0,2,1,0,early_warning_zone,17.3409,1
17,fence24,random_waypoint,1,560,520,256.333,234.298,20,19,300,300,15,79.0474,-58.012,-60,1,2,1,0,early_warning_zone,17.3409,1
17,fence24,random_waypoint,1,560,520,256.333,234.298,20,20,300,500,15,269.312,-68.6594,-60,0,2,1,0,early_warning_zone,17.3409,1
17,fence24,random_waypoint,1,560,520,256.333,234.298,20,21,500,350,15,269.787,-68.6747,-60,0,2,1,0,early_warning_zone,17.3409,1
17,fence24,random_waypoint,1,560,520,256.333,234.298,20,22,700,500,15,517.168,-74.3269,-60,0,2,1,0,early_warning_zone,17.3409,1
17,fence24,random_waypoint,1,560,520,256.333,234.298,20,23,500,650,15,481.878,-73.713,-60,0,2,1,0,early_warning_zone,17.3409,1
18,fence24,random_waypoint,1,560,520,258.671,244.021,20,0,250,300,15,56.8667,-55.1514,-60,1,2,1,0,early_warning_zone,16.3409,1
18,fence24,random_waypoint,1,560,520,258.671,244.021,20,1,250,350,15,106.451,-60.5972,-60,0,2,1,0,early_warning_zone,16.3409,1
18,fence24,random_waypoint,1,560,520,258.671,244.021,20,2,250,450,15,206.222,-66.3409,-60,0,2,1,0,early_warning_zone,16.3409,1
18,fence24,random_waypoint,1,560,520,258.671,244.021,20,3,250,550,15,306.143,-69.7727,-60,0,2,1,0,early_warning_zone,16.3409,1
18,fence24,random_waypoint,1,560,520,258.671,244.021,20,4,250,650,15,406.102,-72.2269,-60,0,2,1,0,early_warning_zone,16.3409,1
18,fence24,random_waypoint,1,560,520,258.671,244.021,20,5,250,700,15,456.089,-73.2352,-60,0,2,1,0,early_warning_zone,16.3409,1
18,fence24,random_waypoint,1,560,520,258.671,244.021,20,6,300,700,15,457.875,-73.2692,-60,0,2,1,0,early_warning_zone,16.3409,1
18,fence24,random_waypoint,1,560,520,258.671,244.021,20,7,400,700,15,477.405,-73.632,-60,0,2,1,0,early_warning_zone,16.3409,1
18,fence24,random_waypoint,1,560,520,258.671,244.021,20,8,600,700,15,569.603,-75.1657,-60,0,2,1,0,early_warning_zone,16.3409,1
18,fence24,random_waypoint,1,560,520,258.671,244.021,20,9,700,700,15,634.597,-76.1042,-60,0,2,1,0,early_warning_zone,16.3409,1
18,fence24,random_waypoint,1,560,520,258.671,244.021,20,10,750,700,15,670.333,-76.58,-60,0,2,1,0,early_warning_zone,16.3409,1
18,fence24,random_waypoint,1,560,520,258.671,244.021,20,11,750,650,15,637.376,-76.1421,-60,0,2,1,0,early_warning_zone,16.3409,1
18,fence24,random_waypoint,1,560,520,258.671,244.021,20,12,750,550,15,578.837,-75.3053,-60,0,2,1,0,early_warning_zone,16.3409,1
18,fence24,random_waypoint,1,560,520,258.671,244.021,20,13,750,450,15,532.782,-74.5852,-60,0,2,1,0,early_warning_zone,16.3409,1
18,fence24,random_waypoint,1,560,520,258.671,244.021,20,14,750,350,15,502.653,-74.0796,-60,0,2,1,0,early_warning_zone,16.3409,1
18,fence24,random_waypoint,1,560,520,258.671,244.021,20,15,750,300,15,494.533,-73.9381,-60,0,2,1,0,early_warning_zone,16.3409,1
18,fence24,random_waypoint,1,560,520,258.671,244.021,20,16,700,300,15,444.893,-73.0193,-60,0,2,1,0,early_warning_zone,16.3409,1
18,fence24,random_waypoint,1,560,520,258.671,244.021,20,17,600,300,15,345.925,-70.8339,-60,0,2,1,0,early_warning_zone,16.3409,1
18,fence24,random_waypoint,1,560,520,258.671,244.021,20,18,400,300,15,152.094,-63.6964,-60,0,2,1,0,early_warning_zone,16.3409,1
18,fence24,random_waypoint,1,560,520,258.671,244.021,20,19,300,300,15,69.7617,-56.9266,-60,1,2,1,0,early_warning_zone,16.3409,1
18,fence24,random_waypoint,1,560,520,258.671,244.021,20,20,300,500,15,259.342,-68.3317,-60,0,2,1,0,early_warning_zone,16.3409,1
18,fence24,random_waypoint,1,560,520,258.671,244.021,20,21,500,350,15,263.621,-68.4738,-60,0,2,1,0,early_warning_zone,16.3409,1
18,fence24,random_waypoint,1,560,520,258.671,244.021,20,22,700,500,15,510.217,-74.2093,-60,0,2,1,0,early_warning_zone,16.3409,1
18,fence24,random_waypoint,1,560,520,258.671,244.021,20,23,500,650,15,472.317,-73.5389,-60,0,2,1,0,early_warning_zone,16.3409,1
19,fence24,random_waypoint,1,560,520,261.009,253.744,20,0,250,300,15,47.8102,-53.6446,-60,1,3,1,0,approach_zone,15.3409,1
19,fence24,random_waypoint,1,560,520,261.009,253.744,20,1,250,350,15,97.0124,-59.7908,-60,1,3,1,0,approach_zone,15.3409,1
19,fence24,random_waypoint,1,560,520,261.009,253.744,20,2,250,450,15,196.628,-65.9271,-60,0,3,1,0,approach_zone,15.3409,1
19,fence24,random_waypoint,1,560,520,261.009,253.744,20,3,250,550,15,296.503,-69.4948,-60,0,3,1,0,approach_zone,15.3409,1
19,fence24,random_waypoint,1,560,520,261.009,253.744,20,4,250,650,15,396.44,-72.0178,-60,0,3,1,0,approach_zone,15.3409,1
19,fence24,random_waypoint,1,560,520,261.009,253.744,20,5,250,700,15,446.42,-73.0491,-60,0,3,1,0,approach_zone,15.3409,1
19,fence24,random_waypoint,1,560,520,261.009,253.744,20,6,300,700,15,447.984,-73.0795,-60,0,3,1,0,approach_zone,15.3409,1
19,fence24,random_waypoint,1,560,520,261.009,253.744,20,7,400,700,15,467.427,-73.4485,-60,0,3,1,0,approach_zone,15.3409,1
19,fence24,random_waypoint,1,560,520,261.009,253.744,20,8,600,700,15,560.432,-75.0247,-60,0,3,1,0,approach_zone,15.3409,1
19,fence24,random_waypoint,1,560,520,261.009,253.744,20,9,700,700,15,626.005,-75.9858,-60,0,3,1,0,approach_zone,15.3409,1
19,fence24,random_waypoint,1,560,520,261.009,253.744,20,10,750,700,15,662.028,-76.4718,-60,0,3,1,0,approach_zone,15.3409,1
19,fence24,random_waypoint,1,560,520,261.009,253.744,20,11,750,650,15,629.409,-76.0329,-60,0,3,1,0,approach_zone,15.3409,1
19,fence24,random_waypoint,1,560,520,261.009,253.744,20,12,750,550,15,571.756,-75.1984,-60,0,3,1,0,approach_zone,15.3409,1
19,fence24,random_waypoint,1,560,520,261.009,253.744,20,13,750,450,15,526.928,-74.4893,-60,0,3,1,0,approach_zone,15.3409,1
19,fence24,random_waypoint,1,560,520,261.009,253.744,20,14,750,350,15,498.4,-74.0058,-60,0,3,1,0,approach_zone,15.3409,1
19,fence24,random_waypoint,1,560,520,261.009,253.744,20,15,750,300,15,491.199,-73.8794,-60,0,3,1,0,approach_zone,15.3409,1
19,fence24,random_waypoint,1,560,520,261.009,253.744,20,16,700,300,15,441.45,-72.9518,-60,0,3,1,0,approach_zone,15.3409,1
19,fence24,random_waypoint,1,560,520,261.009,253.744,20,17,600,300,15,342.169,-70.739,-60,0,3,1,0,approach_zone,15.3409,1
19,fence24,random_waypoint,1,560,520,261.009,253.744,20,18,400,300,15,146.571,-63.3752,-60,0,3,1,0,approach_zone,15.3409,1
19,fence24,random_waypoint,1,560,520,261.009,253.744,20,19,300,300,15,60.7035,-55.7185,-60,1,3,1,0,approach_zone,15.3409,1
19,fence24,random_waypoint,1,560,520,261.009,253.744,20,20,300,500,15,249.374,-67.9912,-60,0,3,1,0,approach_zone,15.3409,1
19,fence24,random_waypoint,1,560,520,261.009,253.744,20,21,500,350,15,257.695,-68.2764,-60,0,3,1,0,approach_zone,15.3409,1
19,fence24,random_waypoint,1,560,520,261.009,253.744,20,22,700,500,15,503.369,-74.0919,-60,0,3,1,0,approach_zone,15.3409,1
19,fence24,random_waypoint,1,560,520,261.009,253.744,20,23,500,650,15,462.775,-73.3616,-60,0,3,1,0,approach_zone,15.3409,1
20,fence24,random_waypoint,1,560,520,263.347,263.467,20,0,250,300,15,39.2148,-51.9232,-60,1,3,1,0,approach_zone,14.3409,1
20,fence24,random_waypoint,1,560,520,263.347,263.467,20,1,250,350,15,87.699,-58.9141,-60,1,3,1,0,approach_zone,14.3409,1
20,fence24,random_waypoint,1,560,520,263.347,263.467,20,2,250,450,15,187.077,-65.4946,-60,0,3,1,0,approach_zone,14.3409,1
20,fence24,random_waypoint,1,560,520,263.347,263.467,20,3,250,550,15,286.887,-69.2085,-60,0,3,1,0,approach_zone,14.3409,1
20,fence24,random_waypoint,1,560,520,263.347,263.467,20,4,250,650,15,386.796,-71.8039,-60,0,3,1,0,approach_zone,14.3409,1
20,fence24,random_waypoint,1,560,520,263.347,263.467,20,5,250,700,15,436.766,-72.8592,-60,0,3,1,0,approach_zone,14.3409,1
20,fence24,random_waypoint,1,560,520,263.347,263.467,20,6,300,700,15,438.098,-72.8856,-60,0,3,1,0,approach_zone,14.3409,1
20,fence24,random_waypoint,1,560,520,263.347,263.467,20,7,400,700,15,457.45,-73.2611,-60,0,3,1,0,approach_zone,14.3409,1
20,fence24,random_waypoint,1,560,520,263.347,263.467,20,8,600,700,15,551.291,-74.8818,-60,0,3,1,0,approach_zone,14.3409,1
20,fence24,random_waypoint,1,560,520,263.347,263.467,20,9,700,700,15,617.456,-75.8663,-60,0,3,1,0,approach_zone,14.3409,1
20,fence24,random_waypoint,1,560,520,263.347,263.467,20,10,750,700,15,653.772,-76.3627,-60,0,3,1,0,approach_zone,14.3409,1
20,fence24,random_waypoint,1,560,520,263.347,263.467,20,11,750,650,15,621.502,-75.9231,-60,0,3,1,0,approach_zone,14.3409,1
20,fence24,random_waypoint,1,560,520,263.347,263.467,20,12,750,550,15,564.763,-75.0916,-60,0,3,1,0,approach_zone,14.3409,1
20,fence24,random_waypoint,1,560,520,263.347,263.467,20,13,750,450,15,521.201,-74.3943,-60,0,3,1,0,approach_zone,14.3409,1
20,fence24,random_waypoint,1,560,520,263.347,263.467,20,14,750,350,15,494.312,-73.9342,-60,0,3,1,0,approach_zone,14.3409,1
20,fence24,random_waypoint,1,560,520,263.347,263.467,20,15,750,300,15,488.048,-73.8235,-60,0,3,1,0,approach_zone,14.3409,1
20,fence24,random_waypoint,1,560,520,263.347,263.467,20,16,700,300,15,438.207,-72.8878,-60,0,3,1,0,approach_zone,14.3409,1
20,fence24,random_waypoint,1,560,520,263.347,263.467,20,17,600,300,15,338.667,-70.6497,-60,0,3,1,0,approach_zone,14.3409,1
20,fence24,random_waypoint,1,560,520,263.347,263.467,20,18,400,300,15,141.541,-63.0719,-60,0,3,1,0,approach_zone,14.3409,1
20,fence24,random_waypoint,1,560,520,263.347,263.467,20,19,300,300,15,51.9916,-54.3729,-60,1,3,1,0,approach_zone,14.3409,1
20,fence24,random_waypoint,1,560,520,263.347,263.467,20,20,300,500,15,239.408,-67.637,-60,0,3,1,0,approach_zone,14.3409,1
20,fence24,random_waypoint,1,560,520,263.347,263.467,20,21,500,350,15,252.027,-68.0832,-60,0,3,1,0,approach_zone,14.3409,1
20,fence24,random_waypoint,1,560,520,263.347,263.467,20,22,700,500,15,496.628,-73.9748,-60,0,3,1,0,approach_zone,14.3409,1
20,fence24,random_waypoint,1,560,520,263.347,263.467,20,23,500,650,15,453.252,-73.181,-60,0,3,1,0,approach_zone,14.3409,1
21,fence24,random_waypoint,1,560,520,265.685,273.19,20,0,250,300,15,31.4609,-50.0097,-60,1,3,1,0,approach_zone,13.3409,1
21,fence24,random_waypoint,1,560,520,265.685,273.19,20,1,250,350,15,78.5545,-57.9576,-60,1,3,1,0,approach_zone,13.3409,1
21,fence24,random_waypoint,1,560,520,265.685,273.19,20,2,250,450,15,177.575,-65.0419,-60,0,3,1,0,approach_zone,13.3409,1
21,fence24,random_waypoint,1,560,520,265.685,273.19,20,3,250,550,15,277.299,-68.9132,-60,0,3,1,0,approach_zone,13.3409,1
21,fence24,random_waypoint,1,560,520,265.685,273.19,20,4,250,650,15,377.17,-71.585,-60,0,3,1,0,approach_zone,13.3409,1
21,fence24,random_waypoint,1,560,520,265.685,273.19,20,5,250,700,15,427.128,-72.6654,-60,0,3,1,0,approach_zone,13.3409,1
21,fence24,random_waypoint,1,560,520,265.685,273.19,20,6,300,700,15,428.217,-72.6875,-60,0,3,1,0,approach_zone,13.3409,1
21,fence24,random_waypoint,1,560,520,265.685,273.19,20,7,400,700,15,447.474,-73.0696,-60,0,3,1,0,approach_zone,13.3409,1
21,fence24,random_waypoint,1,560,520,265.685,273.19,20,8,600,700,15,542.18,-74.7371,-60,0,3,1,0,approach_zone,13.3409,1
21,fence24,random_waypoint,1,560,520,265.685,273.19,20,9,700,700,15,608.951,-75.7459,-60,0,3,1,0,approach_zone,13.3409,1
21,fence24,random_waypoint,1,560,520,265.685,273.19,20,10,750,700,15,645.564,-76.253,-60,0,3,1,0,approach_zone,13.3409,1
21,fence24,random_waypoint,1,560,520,265.685,273.19,20,11,750,650,15,613.655,-75.8127,-60,0,3,1,0,approach_zone,13.3409,1
21,fence24,random_waypoint,1,560,520,265.685,273.19,20,12,750,550,15,557.862,-74.9848,-60,0,3,1,0,approach_zone,13.3409,1
21,fence24,random_waypoint,1,560,520,265.685,273.19,20,13,750,450,15,515.605,-74.3006,-60,0,3,1,0,approach_zone,13.3409,1
21,fence24,random_waypoint,1,560,520,265.685,273.19,20,14,750,350,15,490.394,-73.8651,-60,0,3,1,0,approach_zone,13.3409,1
21,fence24,random_waypoint,1,560,520,265.685,273.19,20,15,750,300,15,485.083,-73.7705,-60,0,3,1,0,approach_zone,13.3409,1
21,fence24,random_waypoint,1,560,520,265.685,273.19,20,16,700,300,15,435.171,-72.8274,-60,0,3,1,0,approach_zone,13.3409,1
21,fence24,random_waypoint,1,560,520,265.685,273.19,20,17,600,300,15,335.426,-70.5662,-60,0,3,1,0,approach_zone,13.3409,1
21,fence24,random_waypoint,1,560,520,265.685,273.19,20,18,400,300,15,137.056,-62.7922,-60,0,3,1,0,approach_zone,13.3409,1
21,fence24,random_waypoint,1,560,520,265.685,273.19,20,19,300,300,15,43.833,-52.8903,-60,1,3,1,0,approach_zone,13.3409,1
21,fence24,random_waypoint,1,560,520,265.685,273.19,20,20,300,500,15,229.446,-67.2678,-60,0,3,1,0,approach_zone,13.3409,1
21,fence24,random_waypoint,1,560,520,265.685,273.19,20,21,500,350,15,246.634,-67.8953,-60,0,3,1,0,approach_zone,13.3409,1
21,fence24,random_waypoint,1,560,520,265.685,273.19,20,22,700,500,15,489.998,-73.8581,-60,0,3,1,0,approach_zone,13.3409,1
21,fence24,random_waypoint,1,560,520,265.685,273.19,20,23,500,650,15,443.751,-72.997,-60,0,3,1,0,approach_zone,13.3409,1
22,fence24,random_waypoint,1,560,520,268.022,282.913,20,0,250,300,15,25.3333,-48.1281,-60,1,3,1,0,approach_zone,12.3409,1
22,fence24,random_waypoint,1,560,520,268.022,282.913,20,1,250,350,15,69.6456,-56.9121,-60,1,3,1,0,approach_zone,12.3409,1
22,fence24,random_waypoint,1,560,520,268.022,282.913,20,2,250,450,15,168.131,-64.5672,-60,0,3,1,0,approach_zone,12.3409,1
22,fence24,random_waypoint,1,560,520,268.022,282.913,20,3,250,550,15,267.741,-68.6085,-60,0,3,1,0,approach_zone,12.3409,1
22,fence24,random_waypoint,1,560,520,268.022,282.913,20,4,250,650,15,367.563,-71.3609,-60,0,3,1,0,approach_zone,12.3409,1
22,fence24,random_waypoint,1,560,520,268.022,282.913,20,5,250,700,15,417.506,-72.4675,-60,0,3,1,0,approach_zone,12.3409,1
22,fence24,random_waypoint,1,560,520,268.022,282.913,20,6,300,700,15,418.341,-72.4848,-60,0,3,1,0,approach_zone,12.3409,1
22,fence24,random_waypoint,1,560,520,268.022,282.913,20,7,400,700,15,437.498,-72.8738,-60,0,3,1,0,approach_zone,12.3409,1
22,fence24,random_waypoint,1,560,520,268.022,282.913,20,8,600,700,15,533.1,-74.5904,-60,0,3,1,0,approach_zone,12.3409,1
22,fence24,random_waypoint,1,560,520,268.022,282.913,20,9,700,700,15,600.493,-75.6244,-60,0,3,1,0,approach_zone,12.3409,1
22,fence24,random_waypoint,1,560,520,268.022,282.913,20,10,750,700,15,637.408,-76.1426,-60,0,3,1,0,approach_zone,12.3409,1
22,fence24,random_waypoint,1,560,520,268.022,282.913,20,11,750,650,15,605.872,-75.7018,-60,0,3,1,0,approach_zone,12.3409,1
22,fence24,random_waypoint,1,560,520,268.022,282.913,20,12,750,550,15,551.056,-74.8781,-60,0,3,1,0,approach_zone,12.3409,1
22,fence24,random_waypoint,1,560,520,268.022,282.913,20,13,750,450,15,510.143,-74.2081,-60,0,3,1,0,approach_zone,12.3409,1
22,fence24,random_waypoint,1,560,520,268.022,282.913,20,14,750,350,15,486.65,-73.7986,-60,0,3,1,0,approach_zone,12.3409,1
22,fence24,random_waypoint,1,560,520,268.022,282.913,20,15,750,300,15,482.306,-73.7207,-60,0,3,1,0,approach_zone,12.3409,1
22,fence24,random_waypoint,1,560,520,268.022,282.913,20,16,700,300,15,432.344,-72.7708,-60,0,3,1,0,approach_zone,12.3409,1
22,fence24,random_waypoint,1,560,520,268.022,282.913,20,17,600,300,15,332.455,-70.4889,-60,0,3,1,0,approach_zone,12.3409,1
22,fence24,random_waypoint,1,560,520,268.022,282.913,20,18,400,300,15,133.173,-62.5426,-60,0,3,1,0,approach_zone,12.3409,1
22,fence24,random_waypoint,1,560,520,268.022,282.913,20,19,300,300,15,36.5998,-51.3238,-60,1,3,1,0,approach_zone,12.3409,1
22,fence24,random_waypoint,1,560,520,268.022,282.913,20,20,300,500,15,219.487,-66.8824,-60,0,3,1,0,approach_zone,12.3409,1
22,fence24,random_waypoint,1,560,520,268.022,282.913,20,21,500,350,15,241.535,-67.7138,-60,0,3,1,0,approach_zone,12.3409,1
22,fence24,random_waypoint,1,560,520,268.022,282.913,20,22,700,500,15,483.484,-73.7419,-60,0,3,1,0,approach_zone,12.3409,1
22,fence24,random_waypoint,1,560,520,268.022,282.913,20,23,500,650,15,434.271,-72.8095,-60,0,3,1,0,approach_zone,12.3409,1
23,fence24,random_waypoint,1,560,520,270.36,292.636,20,0,250,300,15,22.2209,-46.9894,-60,1,3,1,0,approach_zone,11.3409,1
23,fence24,random_waypoint,1,560,520,270.36,292.636,20,1,250,350,15,61.0754,-55.7715,-60,1,3,1,0,approach_zone,11.3409,1
23,fence24,random_waypoint,1,560,520,270.36,292.636,20,2,250,450,15,158.755,-64.0688,-60,0,3,1,0,approach_zone,11.3409,1
23,fence24,random_waypoint,1,560,520,270.36,292.636,20,3,250,550,15,258.217,-68.2939,-60,0,3,1,0,approach_zone,11.3409,1
23,fence24,random_waypoint,1,560,520,270.36,292.636,20,4,250,650,15,357.979,-71.1314,-60,0,3,1,0,approach_zone,11.3409,1
23,fence24,random_waypoint,1,560,520,270.36,292.636,20,5,250,700,15,407.903,-72.2654,-60,0,3,1,0,approach_zone,11.3409,1
23,fence24,random_waypoint,1,560,520,270.36,292.636,20,6,300,700,15,408.472,-72.2775,-60,0,3,1,0,approach_zone,11.3409,1
23,fence24,random_waypoint,1,560,520,270.36,292.636,20,7,400,700,15,427.525,-72.6734,-60,0,3,1,0,approach_zone,11.3409,1
23,fence24,random_waypoint,1,560,520,270.36,292.636,20,8,600,700,15,524.055,-74.4418,-60,0,3,1,0,approach_zone,11.3409,1
23,fence24,random_waypoint,1,560,520,270.36,292.636,20,9,700,700,15,592.082,-75.5019,-60,0,3,1,0,approach_zone,11.3409,1
23,fence24,random_waypoint,1,560,520,270.36,292.636,20,10,750,700,15,629.305,-76.0315,-60,0,3,1,0,approach_zone,11.3409,1
23,fence24,random_waypoint,1,560,520,270.36,292.636,20,11,750,650,15,598.154,-75.5905,-60,0,3,1,0,approach_zone,11.3409,1
23,fence24,random_waypoint,1,560,520,270.36,292.636,20,12,750,550,15,544.349,-74.7718,-60,0,3,1,0,approach_zone,11.3409,1
23,fence24,random_waypoint,1,560,520,270.36,292.636,20,13,750,450,15,504.82,-74.117,-60,0,3,1,0,approach_zone,11.3409,1
23,fence24,random_waypoint,1,560,520,270.36,292.636,20,14,750,350,15,483.084,-73.7347,-60,0,3,1,0,approach_zone,11.3409,1
23,fence24,random_waypoint,1,560,520,270.36,292.636,20,15,750,300,15,479.723,-73.674,-60,0,3,1,0,approach_zone,11.3409,1
23,fence24,random_waypoint,1,560,520,270.36,292.636,20,16,700,300,15,429.732,-72.7182,-60,0,3,1,0,approach_zone,11.3409,1
23,fence24,random_waypoint,1,560,520,270.36,292.636,20,17,600,300,15,329.76,-70.4182,-60,0,3,1,0,approach_zone,11.3409,1
23,fence24,random_waypoint,1,560,520,270.36,292.636,20,18,400,300,15,129.945,-62.3294,-60,0,3,1,0,approach_zone,11.3409,1
23,fence24,random_waypoint,1,560,520,270.36,292.636,20,19,300,300,15,30.9477,-49.8668,-60,1,3,1,0,approach_zone,11.3409,1
23,fence24,random_waypoint,1,560,520,270.36,292.636,20,20,300,500,15,209.532,-66.4792,-60,0,3,1,0,approach_zone,11.3409,1
23,fence24,random_waypoint,1,560,520,270.36,292.636,20,21,500,350,15,236.749,-67.54,-60,0,3,1,0,approach_zone,11.3409,1
23,fence24,random_waypoint,1,560,520,270.36,292.636,20,22,700,500,15,477.091,-73.6262,-60,0,3,1,0,approach_zone,11.3409,1
23,fence24,random_waypoint,1,560,520,270.36,292.636,20,23,500,650,15,424.816,-72.6182,-60,0,3,1,0,approach_zone,11.3409,1
24,fence24,random_waypoint,1,560,520,272.698,302.359,20,0,250,300,15,23.3614,-47.4242,-60,1,3,1,0,approach_zone,10.3409,1
24,fence24,random_waypoint,1,560,520,272.698,302.359,20,1,250,350,15,53.0085,-54.5411,-60,1,3,1,0,approach_zone,10.3409,1
24,fence24,random_waypoint,1,560,520,272.698,302.359,20,2,250,450,15,149.46,-63.5447,-60,0,3,1,0,approach_zone,10.3409,1
24,fence24,random_waypoint,1,560,520,272.698,302.359,20,3,250,550,15,248.73,-67.9688,-60,0,3,1,0,approach_zone,10.3409,1
24,fence24,random_waypoint,1,560,520,272.698,302.359,20,4,250,650,15,348.418,-70.8962,-60,0,3,1,0,approach_zone,10.3409,1
24,fence24,random_waypoint,1,560,520,272.698,302.359,20,5,250,700,15,398.32,-72.0589,-60,0,3,1,0,approach_zone,10.3409,1
24,fence24,random_waypoint,1,560,520,272.698,302.359,20,6,300,700,15,398.609,-72.0652,-60,0,3,1,0,approach_zone,10.3409,1
24,fence24,random_waypoint,1,560,520,272.698,302.359,20,7,400,700,15,417.552,-72.4684,-60,0,3,1,0,approach_zone,10.3409,1
24,fence24,random_waypoint,1,560,520,272.698,302.359,20,8,600,700,15,515.044,-74.2911,-60,0,3,1,0,approach_zone,10.3409,1
24,fence24,random_waypoint,1,560,520,272.698,302.359,20,9,700,700,15,583.722,-75.3783,-60,0,3,1,0,approach_zone,10.3409,1
24,fence24,random_waypoint,1,560,520,272.698,302.359,20,10,750,700,15,621.258,-75.9197,-60,0,3,1,0,approach_zone,10.3409,1
24,fence24,random_waypoint,1,560,520,272.698,302.359,20,11,750,650,15,590.506,-75.4787,-60,0,3,1,0,approach_zone,10.3409,1
24,fence24,random_waypoint,1,560,520,272.698,302.359,20,12,750,550,15,537.744,-74.6657,-60,0,3,1,0,approach_zone,10.3409,1
24,fence24,random_waypoint,1,560,520,272.698,302.359,20,13,750,450,15,499.64,-74.0274,-60,0,3,1,0,approach_zone,10.3409,1
24,fence24,random_waypoint,1,560,520,272.698,302.359,20,14,750,350,15,479.7,-73.6736,-60,0,3,1,0,approach_zone,10.3409,1
24,fence24,random_waypoint,1,560,520,272.698,302.359,20,15,750,300,15,477.334,-73.6307,-60,0,3,1,0,approach_zone,10.3409,1
24,fence24,random_waypoint,1,560,520,272.698,302.359,20,16,700,300,15,427.338,-72.6697,-60,0,3,1,0,approach_zone,10.3409,1
24,fence24,random_waypoint,1,560,520,272.698,302.359,20,17,600,300,15,327.349,-70.3544,-60,0,3,1,0,approach_zone,10.3409,1
24,fence24,random_waypoint,1,560,520,272.698,302.359,20,18,400,300,15,127.422,-62.1591,-60,0,3,1,0,approach_zone,10.3409,1
24,fence24,random_waypoint,1,560,520,272.698,302.359,20,19,300,300,15,27.8562,-48.9527,-60,1,3,1,0,approach_zone,10.3409,1
24,fence24,random_waypoint,1,560,520,272.698,302.359,20,20,300,500,15,199.581,-66.0566,-60,0,3,1,0,approach_zone,10.3409,1
24,fence24,random_waypoint,1,560,520,272.698,302.359,20,21,500,350,15,232.295,-67.375,-60,0,3,1,0,approach_zone,10.3409,1
24,fence24,random_waypoint,1,560,520,272.698,302.359,20,22,700,500,15,470.823,-73.5114,-60,0,3,1,0,approach_zone,10.3409,1
24,fence24,random_waypoint,1,560,520,272.698,302.359,20,23,500,650,15,415.386,-72.4233,-60,0,3,1,0,approach_zone,10.3409,1
25,fence24,random_waypoint,1,560,520,275.036,312.081,20,0,250,300,15,28.2444,-49.0729,-60,1,3,1,0,approach_zone,9.34085,1
25,fence24,random_waypoint,1,560,520,275.036,312.081,20,1,250,350,15,45.7121,-53.2549,-60,1,3,1,0,approach_zone,9.34085,1
25,fence24,random_waypoint,1,560,520,275.036,312.081,20,2,250,450,15,140.262,-62.993,-60,0,3,1,0,approach_zone,9.34085,1
25,fence24,random_waypoint,1,560,520,275.036,312.081,20,3,250,550,15,239.284,-67.6325,-60,0,3,1,0,approach_zone,9.34085,1
25,fence24,random_waypoint,1,560,520,275.036,312.081,20,4,250,650,15,338.882,-70.6552,-60,0,3,1,0,approach_zone,9.34085,1
25,fence24,random_waypoint,1,560,520,275.036,312.081,20,5,250,700,15,388.758,-71.8478,-60,0,3,1,0,approach_zone,9.34085,1
25,fence24,random_waypoint,1,560,520,275.036,312.081,20,6,300,700,15,388.753,-71.8477,-60,0,3,1,0,approach_zone,9.34085,1
25,fence24,random_waypoint,1,560,520,275.036,312.081,20,7,400,700,15,407.581,-72.2585,-60,0,3,1,0,approach_zone,9.34085,1
25,fence24,random_waypoint,1,560,520,275.036,312.081,20,8,600,700,15,506.071,-74.1385,-60,0,3,1,0,approach_zone,9.34085,1
25,fence24,random_waypoint,1,560,520,275.036,312.081,20,9,700,700,15,575.413,-75.2538,-60,0,3,1,0,approach_zone,9.34085,1
25,fence24,random_waypoint,1,560,520,275.036,312.081,20,10,750,700,15,613.267,-75.8072,-60,0,3,1,0,approach_zone,9.34085,1
25,fence24,random_waypoint,1,560,520,275.036,312.081,20,11,750,650,15,582.928,-75.3665,-60,0,3,1,0,approach_zone,9.34085,1
25,fence24,random_waypoint,1,560,520,275.036,312.081,20,12,750,550,15,531.245,-74.5601,-60,0,3,1,0,approach_zone,9.34085,1
25,fence24,random_waypoint,1,560,520,275.036,312.081,20,13,750,450,15,494.609,-73.9395,-60,0,3,1,0,approach_zone,9.34085,1
25,fence24,random_waypoint,1,560,520,275.036,312.081,20,14,750,350,15,476.502,-73.6155,-60,0,3,1,0,approach_zone,9.34085,1
25,fence24,random_waypoint,1,560,520,275.036,312.081,20,15,750,300,15,475.144,-73.5907,-60,0,3,1,0,approach_zone,9.34085,1
25,fence24,random_waypoint,1,560,520,275.036,312.081,20,16,700,300,15,425.165,-72.6254,-60,0,3,1,0,approach_zone,9.34085,1
25,fence24,random_waypoint,1,560,520,275.036,312.081,20,17,600,300,15,325.227,-70.298,-60,0,3,1,0,approach_zone,9.34085,1
25,fence24,random_waypoint,1,560,520,275.036,312.081,20,18,400,300,15,125.647,-62.0372,-60,0,3,1,0,approach_zone,9.34085,1
25,fence24,random_waypoint,1,560,520,275.036,312.081,20,19,300,300,15,28.1812,-49.0534,-60,1,3,1,0,approach_zone,9.34085,1
25,fence24,random_waypoint,1,560,520,275.036,312.081,20,20,300,500,15,189.635,-65.6126,-60,0,3,1,0,approach_zone,9.34085,1
25,fence24,random_waypoint,1,560,520,275.036,312.081,20,21,500,350,15,228.192,-67.2202,-60,0,3,1,0,approach_zone,9.34085,1
25,fence24,random_waypoint,1,560,520,275.036,312.081,20,22,700,500,15,464.686,-73.3974,-60,0,3,1,0,approach_zone,9.34085,1
25,fence24,random_waypoint,1,560,520,275.036,312.081,20,23,500,650,15,405.984,-72.2244,-60,0,3,1,0,approach_zone,9.34085,1
26,fence24,random_waypoint,1,560,520,277.373,321.804,20,0,250,300,15,35.3515,-51.0224,-60,1,3,1,0,approach_zone,8.34085,1
26,fence24,random_waypoint,1,560,520,277.373,321.804,20,1,250,350,15,39.6144,-52.0113,-60,1,3,1,0,approach_zone,8.34085,1
26,fence24,random_waypoint,1,560,520,277.373,321.804,20,2,250,450,15,131.181,-62.4116,-60,0,3,1,0,approach_zone,8.34085,1
26,fence24,random_waypoint,1,560,520,277.373,321.804,20,3,250,550,15,229.886,-67.2845,-60,0,3,1,0,approach_zone,8.34085,1
26,fence24,random_waypoint,1,560,520,277.373,321.804,20,4,250,650,15,329.373,-70.408,-60,0,3,1,0,approach_zone,8.34085,1
26,fence24,random_waypoint,1,560,520,277.373,321.804,20,5,250,700,15,379.218,-71.632,-60,0,3,1,0,approach_zone,8.34085,1
26,fence24,random_waypoint,1,560,520,277.373,321.804,20,6,300,700,15,378.905,-71.6248,-60,0,3,1,0,approach_zone,8.34085,1
26,fence24,random_waypoint,1,560,520,277.373,321.804,20,7,400,700,15,397.611,-72.0434,-60,0,3,1,0,approach_zone,8.34085,1
26,fence24,random_waypoint,1,560,520,277.373,321.804,20,8,600,700,15,497.137,-73.9837,-60,0,3,1,0,approach_zone,8.34085,1
26,fence24,random_waypoint,1,560,520,277.373,321.804,20,9,700,700,15,567.16,-75.1283,-60,0,3,1,0,approach_zone,8.34085,1
26,fence24,random_waypoint,1,560,520,277.373,321.804,20,10,750,700,15,605.337,-75.6942,-60,0,3,1,0,approach_zone,8.34085,1
26,fence24,random_waypoint,1,560,520,277.373,321.804,20,11,750,650,15,575.424,-75.254,-60,0,3,1,0,approach_zone,8.34085,1
26,fence24,random_waypoint,1,560,520,277.373,321.804,20,12,750,550,15,524.856,-74.455,-60,0,3,1,0,approach_zone,8.34085,1
26,fence24,random_waypoint,1,560,520,277.373,321.804,20,13,750,450,15,489.73,-73.8534,-60,0,3,1,0,approach_zone,8.34085,1
26,fence24,random_waypoint,1,560,520,277.373,321.804,20,14,750,350,15,473.493,-73.5605,-60,0,3,1,0,approach_zone,8.34085,1
26,fence24,random_waypoint,1,560,520,277.373,321.804,20,15,750,300,15,473.156,-73.5543,-60,0,3,1,0,approach_zone,8.34085,1
26,fence24,random_waypoint,1,560,520,277.373,321.804,20,16,700,300,15,423.218,-72.5855,-60,0,3,1,0,approach_zone,8.34085,1
26,fence24,random_waypoint,1,560,520,277.373,321.804,20,17,600,300,15,323.401,-70.2491,-60,0,3,1,0,approach_zone,8.34085,1
26,fence24,random_waypoint,1,560,520,277.373,321.804,20,18,400,300,15,124.65,-61.9681,-60,0,3,1,0,approach_zone,8.34085,1
26,fence24,random_waypoint,1,560,520,277.373,321.804,20,19,300,300,15,31.8181,-50.1077,-60,1,3,1,0,approach_zone,8.34085,1
26,fence24,random_waypoint,1,560,520,277.373,321.804,20,20,300,500,15,179.696,-65.145,-60,0,3,1,0,approach_zone,8.34085,1
26,fence24,random_waypoint,1,560,520,277.373,321.804,20,21,500,350,15,224.461,-67.077,-60,0,3,1,0,approach_zone,8.34085,1
26,fence24,random_waypoint,1,560,520,277.373,321.804,20,22,700,500,15,458.685,-73.2845,-60,0,3,1,0,approach_zone,8.34085,1
26,fence24,random_waypoint,1,560,520,277.373,321.804,20,23,500,650,15,396.611,-72.0215,-60,0,3,1,0,approach_zone,8.34085,1
27,fence24,random_waypoint,1,560,520,279.711,331.527,20,0,250,300,15,43.6087,-52.8457,-60,1,3,1,0,approach_zone,7.34085,1
27,fence24,random_waypoint,1,560,520,279.711,331.527,20,1,250,350,15,35.3411,-51.0198,-60,1,3,1,0,approach_zone,7.34085,1
27,fence24,random_waypoint,1,560,520,279.711,331.527,20,2,250,450,15,122.244,-61.7988,-60,0,3,1,0,approach_zone,7.34085,1
27,fence24,random_waypoint,1,560,520,279.711,331.527,20,3,250,550,15,220.54,-66.924,-60,0,3,1,0,approach_zone,7.34085,1
27,fence24,random_waypoint,1,560,520,279.711,331.527,20,4,250,650,15,319.895,-70.1544,-60,0,3,1,0,approach_zone,7.34085,1
27,fence24,random_waypoint,1,560,520,279.711,331.527,20,5,250,700,15,369.702,-71.4113,-60,0,3,1,0,approach_zone,7.34085,1
27,fence24,random_waypoint,1,560,520,279.711,331.527,20,6,300,700,15,369.065,-71.3963,-60,0,3,1,0,approach_zone,7.34085,1
27,fence24,random_waypoint,1,560,520,279.711,331.527,20,7,400,700,15,387.642,-71.8228,-60,0,3,1,0,approach_zone,7.34085,1
27,fence24,random_waypoint,1,560,520,279.711,331.527,20,8,600,700,15,488.244,-73.827,-60,0,3,1,0,approach_zone,7.34085,1
27,fence24,random_waypoint,1,560,520,279.711,331.527,20,9,700,700,15,558.963,-75.0019,-60,0,3,1,0,approach_zone,7.34085,1
27,fence24,random_waypoint,1,560,520,279.711,331.527,20,10,750,700,15,597.469,-75.5805,-60,0,3,1,0,approach_zone,7.34085,1
27,fence24,random_waypoint,1,560,520,279.711,331.527,20,11,750,650,15,567.998,-75.1412,-60,0,3,1,0,approach_zone,7.34085,1
27,fence24,random_waypoint,1,560,520,279.711,331.527,20,12,750,550,15,518.582,-74.3506,-60,0,3,1,0,approach_zone,7.34085,1
27,fence24,random_waypoint,1,560,520,279.711,331.527,20,13,750,450,15,485.008,-73.7692,-60,0,3,1,0,approach_zone,7.34085,1
27,fence24,random_waypoint,1,560,520,279.711,331.527,20,14,750,350,15,470.678,-73.5087,-60,0,3,1,0,approach_zone,7.34085,1
27,fence24,random_waypoint,1,560,520,279.711,331.527,20,15,750,300,15,471.371,-73.5215,-60,0,3,1,0,approach_zone,7.34085,1
27,fence24,random_waypoint,1,560,520,279.711,331.527,20,16,700,300,15,421.499,-72.5502,-60,0,3,1,0,approach_zone,7.34085,1
27,fence24,random_waypoint,1,560,520,279.711,331.527,20,17,600,300,15,321.876,-70.208,-60,0,3,1,0,approach_zone,7.34085,1
27,fence24,random_waypoint,1,560,520,279.711,331.527,20,18,400,300,15,124.452,-61.9543,-60,0,3,1,0,approach_zone,7.34085,1
27,fence24,random_waypoint,1,560,520,279.711,331.527,20,19,300,300,15,37.8233,-51.6094,-60,1,3,1,0,approach_zone,7.34085,1
27,fence24,random_waypoint,1,560,520,279.711,331.527,20,20,300,500,15,169.764,-64.6511,-60,0,3,1,0,approach_zone,7.34085,1
27,fence24,random_waypoint,1,560,520,279.711,331.527,20,21,500,350,15,221.119,-66.9467,-60,0,3,1,0,approach_zone,7.34085,1
27,fence24,random_waypoint,1,560,520,279.711,331.527,20,22,700,500,15,452.825,-73.1728,-60,0,3,1,0,approach_zone,7.34085,1
27,fence24,random_waypoint,1,560,520,279.711,331.527,20,23,500,650,15,387.269,-71.8145,-60,0,3,1,0,approach_zone,7.34085,1
28,fence24,random_waypoint,1,560,520,282.049,341.25,20,0,250,300,15,52.4758,-54.4534,-60,1,3,1,0,approach_zone,6.34085,1
28,fence24,random_waypoint,1,560,520,282.049,341.25,20,1,250,350,15,33.596,-50.58,-60,1,3,1,0,approach_zone,6.34085,1
28,fence24,random_waypoint,1,560,520,282.049,341.25,20,2,250,450,15,113.484,-61.1529,-60,0,3,1,0,approach_zone,6.34085,1
28,fence24,random_waypoint,1,560,520,282.049,341.25,20,3,250,550,15,211.255,-66.5504,-60,0,3,1,0,approach_zone,6.34085,1
28,fence24,random_waypoint,1,560,520,282.049,341.25,20,4,250,650,15,310.449,-69.894,-60,0,3,1,0,approach_zone,6.34085,1
28,fence24,random_waypoint,1,560,520,282.049,341.25,20,5,250,700,15,360.213,-71.1854,-60,0,3,1,0,approach_zone,6.34085,1
28,fence24,random_waypoint,1,560,520,282.049,341.25,20,6,300,700,15,359.233,-71.1618,-60,0,3,1,0,approach_zone,6.34085,1
28,fence24,random_waypoint,1,560,520,282.049,341.25,20,7,400,700,15,377.676,-71.5966,-60,0,3,1,0,approach_zone,6.34085,1
28,fence24,random_waypoint,1,560,520,282.049,341.25,20,8,600,700,15,479.395,-73.6681,-60,0,3,1,0,approach_zone,6.34085,1
28,fence24,random_waypoint,1,560,520,282.049,341.25,20,9,700,700,15,550.826,-74.8745,-60,0,3,1,0,approach_zone,6.34085,1
28,fence24,random_waypoint,1,560,520,282.049,341.25,20,10,750,700,15,589.665,-75.4663,-60,0,3,1,0,approach_zone,6.34085,1
28,fence24,random_waypoint,1,560,520,282.049,341.25,20,11,750,650,15,560.651,-75.0281,-60,0,3,1,0,approach_zone,6.34085,1
28,fence24,random_waypoint,1,560,520,282.049,341.25,20,12,750,550,15,512.425,-74.2468,-60,0,3,1,0,approach_zone,6.34085,1
28,fence24,random_waypoint,1,560,520,282.049,341.25,20,13,750,450,15,480.447,-73.6871,-60,0,3,1,0,approach_zone,6.34085,1
28,fence24,random_waypoint,1,560,520,282.049,341.25,20,14,750,350,15,468.06,-73.4602,-60,0,3,1,0,approach_zone,6.34085,1
28,fence24,random_waypoint,1,560,520,282.049,341.25,20,15,750,300,15,469.792,-73.4923,-60,0,3,1,0,approach_zone,6.34085,1
28,fence24,random_waypoint,1,560,520,282.049,341.25,20,16,700,300,15,420.012,-72.5194,-60,0,3,1,0,approach_zone,6.34085,1
28,fence24,random_waypoint,1,560,520,282.049,341.25,20,17,600,300,15,320.655,-70.175,-60,0,3,1,0,approach_zone,6.34085,1
28,fence24,random_waypoint,1,560,520,282.049,341.25,20,18,400,300,15,125.056,-61.9963,-60,0,3,1,0,approach_zone,6.34085,1
28,fence24,random_waypoint,1,560,520,282.049,341.25,20,19,300,300,15,45.2639,-53.1693,-60,1,3,1,0,approach_zone,6.34085,1
28,fence24,random_waypoint,1,560,520,282.049,341.25,20,20,300,500,15,159.84,-64.1279,-60,0,3,1,0,approach_zone,6.34085,1
28,fence24,random_waypoint,1,560,520,282.049,341.25,20,21,500,350,15,218.184,-66.8307,-60,0,3,1,0,approach_zone,6.34085,1
28,fence24,random_waypoint,1,560,520,282.049,341.25,20,22,700,500,15,447.113,-73.0626,-60,0,3,1,0,approach_zone,6.34085,1
28,fence24,random_waypoint,1,560,520,282.049,341.25,20,23,500,650,15,377.961,-71.6032,-60,0,3,1,0,approach_zone,6.34085,1
29,fence24,random_waypoint,1,560,520,284.387,350.973,20,0,250,300,15,61.6903,-55.8586,-60,1,3,1,0,approach_zone,5.34085,1
29,fence24,random_waypoint,1,560,520,284.387,350.973,20,1,250,350,15,34.7619,-50.8763,-60,1,3,1,0,approach_zone,5.34085,1
29,fence24,random_waypoint,1,560,520,284.387,350.973,20,2,250,450,15,104.947,-60.4736,-60,0,3,1,0,approach_zone,5.34085,1
29,fence24,random_waypoint,1,560,520,284.387,350.973,20,3,250,550,15,202.038,-66.1629,-60,0,3,1,0,approach_zone,5.34085,1
29,fence24,random_waypoint,1,560,520,284.387,350.973,20,4,250,650,15,301.039,-69.6267,-60,0,3,1,0,approach_zone,5.34085,1
29,fence24,random_waypoint,1,560,520,284.387,350.973,20,5,250,700,15,350.752,-70.9542,-60,0,3,1,0,approach_zone,5.34085,1
29,fence24,random_waypoint,1,560,520,284.387,350.973,20,6,300,700,15,349.412,-70.921,-60,0,3,1,0,approach_zone,5.34085,1
29,fence24,random_waypoint,1,560,520,284.387,350.973,20,7,400,700,15,367.711,-71.3644,-60,0,3,1,0,approach_zone,5.34085,1
29,fence24,random_waypoint,1,560,520,284.387,350.973,20,8,600,700,15,470.592,-73.5071,-60,0,3,1,0,approach_zone,5.34085,1
29,fence24,random_waypoint,1,560,520,284.387,350.973,20,9,700,700,15,542.752,-74.7462,-60,0,3,1,0,approach_zone,5.34085,1
29,fence24,random_waypoint,1,560,520,284.387,350.973,20,10,750,700,15,581.928,-75.3516,-60,0,3,1,0,approach_zone,5.34085,1
29,fence24,random_waypoint,1,560,520,284.387,350.973,20,11,750,650,15,553.388,-74.9148,-60,0,3,1,0,approach_zone,5.34085,1
29,fence24,random_waypoint,1,560,520,284.387,350.973,20,12,750,550,15,506.392,-74.144,-60,0,3,1,0,approach_zone,5.34085,1
29,fence24,random_waypoint,1,560,520,284.387,350.973,20,13,750,450,15,476.054,-73.6073,-60,0,3,1,0,approach_zone,5.34085,1
29,fence24,random_waypoint,1,560,520,284.387,350.973,20,14,750,350,15,465.641,-73.4153,-60,0,3,1,0,approach_zone,5.34085,1
29,fence24,random_waypoint,1,560,520,284.387,350.973,20,15,750,300,15,468.422,-73.467,-60,0,3,1,0,approach_zone,5.34085,1
29,fence24,random_waypoint,1,560,520,284.387,350.973,20,16,700,300,15,418.757,-72.4935,-60,0,3,1,0,approach_zone,5.34085,1
29,fence24,random_waypoint,1,560,520,284.387,350.973,20,17,600,300,15,319.742,-70.1502,-60,0,3,1,0,approach_zone,5.34085,1
29,fence24,random_waypoint,1,560,520,284.387,350.973,20,18,400,300,15,126.45,-62.0926,-60,0,3,1,0,approach_zone,5.34085,1
29,fence24,random_waypoint,1,560,520,284.387,350.973,20,19,300,300,15,53.5446,-54.6285,-60,1,3,1,0,approach_zone,5.34085,1
29,fence24,random_waypoint,1,560,520,284.387,350.973,20,20,300,500,15,149.926,-63.5718,-60,0,3,1,0,approach_zone,5.34085,1
29,fence24,random_waypoint,1,560,520,284.387,350.973,20,21,500,350,15,215.673,-66.7302,-60,0,3,1,0,approach_zone,5.34085,1
29,fence24,random_waypoint,1,560,520,284.387,350.973,20,22,700,500,15,441.552,-72.9539,-60,0,3,1,0,approach_zone,5.34085,1
29,fence24,random_waypoint,1,560,520,284.387,350.973,20,23,500,650,15,368.689,-71.3874,-60,0,3,1,0,approach_zone,5.34085,1
30,fence24,random_waypoint,1,560,520,286.724,360.696,20,0,250,300,15,71.1174,-57.0937,-60,1,4,1,0,approach_zone,4.34085,1
30,fence24,random_waypoint,1,560,520,286.724,360.696,20,1,250,350,15,38.5758,-51.7805,-60,1,4,1,0,approach_zone,4.34085,1
30,fence24,random_waypoint,1,560,520,286.724,360.696,20,2,250,450,15,96.6897,-59.7618,-60,1,4,1,0,approach_zone,4.34085,1
30,fence24,random_waypoint,1,560,520,286.724,360.696,20,3,250,550,15,192.898,-65.7608,-60,0,4,1,0,approach_zone,4.34085,1
30,fence24,random_waypoint,1,560,520,286.724,360.696,20,4,250,650,15,291.668,-69.352,-60,0,4,1,0,approach_zone,4.34085,1
30,fence24,random_waypoint,1,560,520,286.724,360.696,20,5,250,700,15,341.322,-70.7175,-60,0,4,1,0,approach_zone,4.34085,1
30,fence24,random_waypoint,1,560,520,286.724,360.696,20,6,300,700,15,339.6,-70.6736,-60,0,4,1,0,approach_zone,4.34085,1
30,fence24,random_waypoint,1,560,520,286.724,360.696,20,7,400,700,15,357.748,-71.1258,-60,0,4,1,0,approach_zone,4.34085,1
30,fence24,random_waypoint,1,560,520,286.724,360.696,20,8,600,700,15,461.837,-73.344,-60,0,4,1,0,approach_zone,4.34085,1
30,fence24,random_waypoint,1,560,520,286.724,360.696,20,9,700,700,15,534.742,-74.6171,-60,0,4,1,0,approach_zone,4.34085,1
30,fence24,random_waypoint,1,560,520,286.724,360.696,20,10,750,700,15,574.262,-75.2364,-60,0,4,1,0,approach_zone,4.34085,1
30,fence24,random_waypoint,1,560,520,286.724,360.696,20,11,750,650,15,546.211,-74.8014,-60,0,4,1,0,approach_zone,4.34085,1
30,fence24,random_waypoint,1,560,520,286.724,360.696,20,12,750,550,15,500.485,-74.042,-60,0,4,1,0,approach_zone,4.34085,1
30,fence24,random_waypoint,1,560,520,286.724,360.696,20,13,750,450,15,471.831,-73.53,-60,0,4,1,0,approach_zone,4.34085,1
30,fence24,random_waypoint,1,560,520,286.724,360.696,20,14,750,350,15,463.426,-73.3738,-60,0,4,1,0,approach_zone,4.34085,1
30,fence24,random_waypoint,1,560,520,286.724,360.696,20,15,750,300,15,467.261,-73.4454,-60,0,4,1,0,approach_zone,4.34085,1
30,fence24,random_waypoint,1,560,520,286.724,360.696,20,16,700,300,15,417.739,-72.4723,-60,0,4,1,0,approach_zone,4.34085,1
30,fence24,random_waypoint,1,560,520,286.724,360.696,20,17,600,300,15,319.14,-70.1339,-60,0,4,1,0,approach_zone,4.34085,1
30,fence24,random_waypoint,1,560,520,286.724,360.696,20,18,400,300,15,128.609,-62.2397,-60,0,4,1,0,approach_zone,4.34085,1
30,fence24,random_waypoint,1,560,520,286.724,360.696,20,19,300,300,15,62.3317,-55.9484,-60,1,4,1,0,approach_zone,4.34085,1
30,fence24,random_waypoint,1,560,520,286.724,360.696,20,20,300,500,15,140.024,-62.9783,-60,0,4,1,0,approach_zone,4.34085,1
30,fence24,random_waypoint,1,560,520,286.724,360.696,20,21,500,350,15,213.602,-66.6463,-60,0,4,1,0,approach_zone,4.34085,1
30,fence24,random_waypoint,1,560,520,286.724,360.696,20,22,700,500,15,436.151,-72.847,-60,0,4,1,0,approach_zone,4.34085,1
30,fence24,random_waypoint,1,560,520,286.724,360.696,20,23,500,650,15,359.456,-71.1671,-60,0,4,1,0,approach_zone,4.34085,1
31,fence24,random_waypoint,1,560,520,289.062,370.419,20,0,250,300,15,80.6825,-58.1898,-60,1,4,1,0,approach_zone,3.34085,1
31,fence24,random_waypoint,1,560,520,289.062,370.419,20,1,250,350,15,44.3597,-52.994,-60,1,4,1,0,approach_zone,3.34085,1
31,fence24,random_waypoint,1,560,520,289.062,370.419,20,2,250,450,15,88.792,-59.0217,-60,1,4,1,0,approach_zone,3.34085,1
31,fence24,random_waypoint,1,560,520,289.062,370.419,20,3,250,550,15,183.848,-65.3434,-60,0,4,1,0,approach_zone,3.34085,1
31,fence24,random_waypoint,1,560,520,289.062,370.419,20,4,250,650,15,282.341,-69.0697,-60,0,4,1,0,approach_zone,3.34085,1
31,fence24,random_waypoint,1,560,520,289.062,370.419,20,5,250,700,15,331.926,-70.475,-60,0,4,1,0,approach_zone,3.34085,1
31,fence24,random_waypoint,1,560,520,289.062,370.419,20,6,300,700,15,329.8,-70.4193,-60,0,4,1,0,approach_zone,3.34085,1
31,fence24,random_waypoint,1,560,520,289.062,370.419,20,7,400,700,15,347.787,-70.8805,-60,0,4,1,0,approach_zone,3.34085,1
31,fence24,random_waypoint,1,560,520,289.062,370.419,20,8,600,700,15,453.135,-73.1788,-60,0,4,1,0,approach_zone,3.34085,1
31,fence24,random_waypoint,1,560,520,289.062,370.419,20,9,700,700,15,526.8,-74.4871,-60,0,4,1,0,approach_zone,3.34085,1
31,fence24,random_waypoint,1,560,520,289.062,370.419,20,10,750,700,15,566.668,-75.1208,-60,0,4,1,0,approach_zone,3.34085,1
31,fence24,random_waypoint,1,560,520,289.062,370.419,20,11,750,650,15,539.124,-74.688,-60,0,4,1,0,approach_zone,3.34085,1
31,fence24,random_waypoint,1,560,520,289.062,370.419,20,12,750,550,15,494.71,-73.9412,-60,0,4,1,0,approach_zone,3.34085,1
31,fence24,random_waypoint,1,560,520,289.062,370.419,20,13,750,450,15,467.784,-73.4551,-60,0,4,1,0,approach_zone,3.34085,1
31,fence24,random_waypoint,1,560,520,289.062,370.419,20,14,750,350,15,461.417,-73.3361,-60,0,4,1,0,approach_zone,3.34085,1
31,fence24,random_waypoint,1,560,520,289.062,370.419,20,15,750,300,15,466.313,-73.4278,-60,0,4,1,0,approach_zone,3.34085,1
31,fence24,random_waypoint,1,560,520,289.062,370.419,20,16,700,300,15,416.958,-72.4561,-60,0,4,1,0,approach_zone,3.34085,1
31,fence24,random_waypoint,1,560,520,289.062,370.419,20,17,600,300,15,318.851,-70.126,-60,0,4,1,0,approach_zone,3.34085,1
31,fence24,random_waypoint,1,560,520,289.062,370.419,20,18,400,300,15,131.495,-62.4324,-60,0,4,1,0,approach_zone,3.34085,1
31,fence24,random_waypoint,1,560,520,289.062,370.419,20,19,300,300,15,71.4384,-57.1329,-60,1,4,1,0,approach_zone,3.34085,1
31,fence24,random_waypoint,1,560,520,289.062,370.419,20,20,300,500,15,130.138,-62.3423,-60,0,4,1,0,approach_zone,3.34085,1
31,fence24,random_waypoint,1,560,520,289.062,370.419,20,21,500,350,15,211.983,-66.5802,-60,0,4,1,0,approach_zone,3.34085,1
31,fence24,random_waypoint,1,560,520,289.062,370.419,20,22,700,500,15,430.913,-72.742,-60,0,4,1,0,approach_zone,3.34085,1
31,fence24,random_waypoint,1,560,520,289.062,370.419,20,23,500,650,15,350.265,-70.9422,-60,0,4,1,0,approach_zone,3.34085,1
32,fence24,random_waypoint,1,560,520,291.4,380.142,20,0,250,300,15,90.3419,-59.172,-60,1,4,1,0,approach_zone,2.34085,1
32,fence24,random_waypoint,1,560,520,291.4,380.142,20,1,250,350,15,51.4537,-54.2826,-60,1,4,1,0,approach_zone,2.34085,1
32,fence24,random_waypoint,1,560,520,291.4,380.142,20,2,250,450,15,81.358,-58.2622,-60,1,4,1,0,approach_zone,2.34085,1
32,fence24,random_waypoint,1,560,520,291.4,380.142,20,3,250,550,15,174.902,-64.9101,-60,0,4,1,0,approach_zone,2.34085,1
32,fence24,random_waypoint,1,560,520,291.4,380.142,20,4,250,650,15,273.061,-68.7794,-60,0,4,1,0,approach_zone,2.34085,1
32,fence24,random_waypoint,1,560,520,291.4,380.142,20,5,250,700,15,322.565,-70.2266,-60,0,4,1,0,approach_zone,2.34085,1
32,fence24,random_waypoint,1,560,520,291.4,380.142,20,6,300,700,15,320.013,-70.1576,-60,0,4,1,0,approach_zone,2.34085,1
32,fence24,random_waypoint,1,560,520,291.4,380.142,20,7,400,700,15,337.829,-70.6282,-60,0,4,1,0,approach_zone,2.34085,1
32,fence24,random_waypoint,1,560,520,291.4,380.142,20,8,600,700,15,444.487,-73.0114,-60,0,4,1,0,approach_zone,2.34085,1
32,fence24,random_waypoint,1,560,520,291.4,380.142,20,9,700,700,15,518.93,-74.3564,-60,0,4,1,0,approach_zone,2.34085,1
32,fence24,random_waypoint,1,560,520,291.4,380.142,20,10,750,700,15,559.15,-75.0048,-60,0,4,1,0,approach_zone,2.34085,1
32,fence24,random_waypoint,1,560,520,291.4,380.142,20,11,750,650,15,532.13,-74.5746,-60,0,4,1,0,approach_zone,2.34085,1
32,fence24,random_waypoint,1,560,520,291.4,380.142,20,12,750,550,15,489.071,-73.8417,-60,0,4,1,0,approach_zone,2.34085,1
32,fence24,random_waypoint,1,560,520,291.4,380.142,20,13,750,450,15,463.917,-73.383,-60,0,4,1,0,approach_zone,2.34085,1
32,fence24,random_waypoint,1,560,520,291.4,380.142,20,14,750,350,15,459.617,-73.3021,-60,0,4,1,0,approach_zone,2.34085,1
32,fence24,random_waypoint,1,560,520,291.4,380.142,20,15,750,300,15,465.577,-73.414,-60,0,4,1,0,approach_zone,2.34085,1
32,fence24,random_waypoint,1,560,520,291.4,380.142,20,16,700,300,15,416.415,-72.4448,-60,0,4,1,0,approach_zone,2.34085,1
32,fence24,random_waypoint,1,560,520,291.4,380.142,20,17,600,300,15,318.876,-70.1267,-60,0,4,1,0,approach_zone,2.34085,1
32,fence24,random_waypoint,1,560,520,291.4,380.142,20,18,400,300,15,135.062,-62.6649,-60,0,4,1,0,approach_zone,2.34085,1
32,fence24,random_waypoint,1,560,520,291.4,380.142,20,19,300,300,15,80.7568,-58.1978,-60,1,4,1,0,approach_zone,2.34085,1
32,fence24,random_waypoint,1,560,520,291.4,380.142,20,20,300,500,15,120.27,-61.6574,-60,0,4,1,0,approach_zone,2.34085,1
32,fence24,random_waypoint,1,560,520,291.4,380.142,20,21,500,350,15,210.826,-66.5327,-60,0,4,1,0,approach_zone,2.34085,1
32,fence24,random_waypoint,1,560,520,291.4,380.142,20,22,700,500,15,425.846,-72.6393,-60,0,4,1,0,approach_zone,2.34085,1
32,fence24,random_waypoint,1,560,520,291.4,380.142,20,23,500,650,15,341.119,-70.7124,-60,0,4,1,0,approach_zone,2.34085,1
33,fence24,random_waypoint,1,560,520,293.738,389.865,20,0,250,300,15,100.068,-60.0601,-60,0,3,1,0,approach_zone,1.34085,1
33,fence24,random_waypoint,1,560,520,293.738,389.865,20,1,250,350,15,59.3901,-55.5285,-60,1,3,1,0,approach_zone,1.34085,1
33,fence24,random_waypoint,1,560,520,293.738,389.865,20,2,250,450,15,74.5268,-57.5005,-60,1,3,1,0,approach_zone,1.34085,1
33,fence24,random_waypoint,1,560,520,293.738,389.865,20,3,250,550,15,166.076,-64.4604,-60,0,3,1,0,approach_zone,1.34085,1
33,fence24,random_waypoint,1,560,520,293.738,389.865,20,4,250,650,15,263.834,-68.4808,-60,0,3,1,0,approach_zone,1.34085,1
33,fence24,random_waypoint,1,560,520,293.738,389.865,20,5,250,700,15,313.244,-69.9719,-60,0,3,1,0,approach_zone,1.34085,1
33,fence24,random_waypoint,1,560,520,293.738,389.865,20,6,300,700,15,310.239,-69.8881,-60,0,3,1,0,approach_zone,1.34085,1
33,fence24,random_waypoint,1,560,520,293.738,389.865,20,7,400,700,15,327.873,-70.3683,-60,0,3,1,0,approach_zone,1.34085,1
33,fence24,random_waypoint,1,560,520,293.738,389.865,20,8,600,700,15,435.896,-72.8419,-60,0,3,1,0,approach_zone,1.34085,1
33,fence24,random_waypoint,1,560,520,293.738,389.865,20,9,700,700,15,511.134,-74.2249,-60,0,3,1,0,approach_zone,1.34085,1
33,fence24,random_waypoint,1,560,520,293.738,389.865,20,10,750,700,15,551.71,-74.8884,-60,0,3,1,0,approach_zone,1.34085,1
33,fence24,random_waypoint,1,560,520,293.738,389.865,20,11,750,650,15,525.234,-74.4613,-60,0,3,1,0,approach_zone,1.34085,1
33,fence24,random_waypoint,1,560,520,293.738,389.865,20,12,750,550,15,483.574,-73.7435,-60,0,3,1,0,approach_zone,1.34085,1
33,fence24,random_waypoint,1,560,520,293.738,389.865,20,13,750,450,15,460.235,-73.3138,-60,0,3,1,0,approach_zone,1.34085,1
33,fence24,random_waypoint,1,560,520,293.738,389.865,20,14,750,350,15,458.028,-73.2721,-60,0,3,1,0,approach_zone,1.34085,1
33,fence24,random_waypoint,1,560,520,293.738,389.865,20,15,750,300,15,465.055,-73.4043,-60,0,3,1,0,approach_zone,1.34085,1
33,fence24,random_waypoint,1,560,520,293.738,389.865,20,16,700,300,15,416.113,-72.4384,-60,0,3,1,0,approach_zone,1.34085,1
33,fence24,random_waypoint,1,560,520,293.738,389.865,20,17,600,300,15,319.213,-70.1358,-60,0,3,1,0,approach_zone,1.34085,1
33,fence24,random_waypoint,1,560,520,293.738,389.865,20,18,400,300,15,139.256,-62.9305,-60,0,3,1,0,approach_zone,1.34085,1
33,fence24,random_waypoint,1,560,520,293.738,389.865,20,19,300,300,15,90.2213,-59.1604,-60,1,3,1,0,approach_zone,1.34085,1
33,fence24,random_waypoint,1,560,520,293.738,389.865,20,20,300,500,15,110.426,-60.9157,-60,0,3,1,0,approach_zone,1.34085,1
33,fence24,random_waypoint,1,560,520,293.738,389.865,20,21,500,350,15,210.139,-66.5043,-60,0,3,1,0,approach_zone,1.34085,1
33,fence24,random_waypoint,1,560,520,293.738,389.865,20,22,700,500,15,420.956,-72.539,-60,0,3,1,0,approach_zone,1.34085,1
33,fence24,random_waypoint,1,560,520,293.738,389.865,20,23,500,650,15,332.023,-70.4776,-60,0,3,1,0,approach_zone,1.34085,1
34,fence24,random_waypoint,1,560,520,296.604,398.973,20,0,250,300,15,109.511,-60.8434,-60,0,3,1,0,perimeter_crossing,0.340853,1
34,fence24,random_waypoint,1,560,520,296.604,398.973,20,1,250,350,15,67.7889,-56.6774,-60,1,3,1,0,perimeter_crossing,0.340853,1
34,fence24,random_waypoint,1,560,520,296.604,398.973,20,2,250,450,15,69.2869,-56.8672,-60,1,3,1,0,perimeter_crossing,0.340853,1
34,fence24,random_waypoint,1,560,520,296.604,398.973,20,3,250,550,15,158.133,-64.0347,-60,0,3,1,0,perimeter_crossing,0.340853,1
34,fence24,random_waypoint,1,560,520,296.604,398.973,20,4,250,650,15,255.365,-68.1975,-60,0,3,1,0,perimeter_crossing,0.340853,1
34,fence24,random_waypoint,1,560,520,296.604,398.973,20,5,250,700,15,304.654,-69.7304,-60,0,3,1,0,perimeter_crossing,0.340853,1
34,fence24,random_waypoint,1,560,520,296.604,398.973,20,6,300,700,15,301.087,-69.6281,-60,0,3,1,0,perimeter_crossing,0.340853,1
34,fence24,random_waypoint,1,560,520,296.604,398.973,20,7,400,700,15,318.328,-70.1117,-60,0,3,1,0,perimeter_crossing,0.340853,1
34,fence24,random_waypoint,1,560,520,296.604,398.973,20,8,600,700,15,427.424,-72.6714,-60,0,3,1,0,perimeter_crossing,0.340853,1
34,fence24,random_waypoint,1,560,520,296.604,398.973,20,9,700,700,15,503.359,-74.0918,-60,0,3,1,0,perimeter_crossing,0.340853,1
34,fence24,random_waypoint,1,560,520,296.604,398.973,20,10,750,700,15,544.252,-74.7702,-60,0,3,1,0,perimeter_crossing,0.340853,1
34,fence24,random_waypoint,1,560,520,296.604,398.973,20,11,750,650,15,518.273,-74.3454,-60,0,3,1,0,perimeter_crossing,0.340853,1
34,fence24,random_waypoint,1,560,520,296.604,398.973,20,12,750,550,15,477.914,-73.6412,-60,0,3,1,0,perimeter_crossing,0.340853,1
34,fence24,random_waypoint,1,560,520,296.604,398.973,20,13,750,450,15,456.286,-73.239,-60,0,3,1,0,perimeter_crossing,0.340853,1
34,fence24,random_waypoint,1,560,520,296.604,398.973,20,14,750,350,15,456.06,-73.2347,-60,0,3,1,0,perimeter_crossing,0.340853,1
34,fence24,random_waypoint,1,560,520,296.604,398.973,20,15,750,300,15,464.1,-73.3864,-60,0,3,1,0,perimeter_crossing,0.340853,1
34,fence24,random_waypoint,1,560,520,296.604,398.973,20,16,700,300,15,415.39,-72.4233,-60,0,3,1,0,perimeter_crossing,0.340853,1
34,fence24,random_waypoint,1,560,520,296.604,398.973,20,17,600,300,15,319.17,-70.1347,-60,0,3,1,0,perimeter_crossing,0.340853,1
34,fence24,random_waypoint,1,560,520,296.604,398.973,20,18,400,300,15,143.218,-63.1742,-60,0,3,1,0,perimeter_crossing,0.340853,1
34,fence24,random_waypoint,1,560,520,296.604,398.973,20,19,300,300,15,99.1577,-59.9808,-60,1,3,1,0,perimeter_crossing,0.340853,1
34,fence24,random_waypoint,1,560,520,296.604,398.973,20,20,300,500,15,101.207,-60.1585,-60,0,3,1,0,perimeter_crossing,0.340853,1
34,fence24,random_waypoint,1,560,520,296.604,398.973,20,21,500,350,15,209.268,-66.4683,-60,0,3,1,0,perimeter_crossing,0.340853,1
34,fence24,random_waypoint,1,560,520,296.604,398.973,20,22,700,500,15,415.884,-72.4337,-60,0,3,1,0,perimeter_crossing,0.340853,1
34,fence24,random_waypoint,1,560,520,296.604,398.973,20,23,500,650,15,323.124,-70.2416,-60,0,3,1,0,perimeter_crossing,0.340853,1
35,fence24,random_waypoint,1,560,520,306.567,399.837,20,0,250,300,15,114.857,-61.2574,-60,0,2,1,1,internal_airspace,0,1
35,fence24,random_waypoint,1,560,520,306.567,399.837,20,1,250,350,15,75.5547,-57.6195,-60,1,2,1,1,internal_airspace,0,1
35,fence24,random_waypoint,1,560,520,306.567,399.837,20,2,250,450,15,75.7704,-57.6442,-60,1,2,1,1,internal_airspace,0,1
35,fence24,random_waypoint,1,560,520,306.567,399.837,20,3,250,550,15,160.542,-64.166,-60,0,2,1,1,internal_airspace,0,1
35,fence24,random_waypoint,1,560,520,306.567,399.837,20,4,250,650,15,256.528,-68.2369,-60,0,2,1,1,internal_airspace,0,1
35,fence24,random_waypoint,1,560,520,306.567,399.837,20,5,250,700,15,305.488,-69.7541,-60,0,2,1,1,internal_airspace,0,1
35,fence24,random_waypoint,1,560,520,306.567,399.837,20,6,300,700,15,300.277,-69.6047,-60,0,2,1,1,internal_airspace,0,1
35,fence24,random_waypoint,1,560,520,306.567,399.837,20,7,400,700,15,314.409,-70.0041,-60,0,2,1,1,internal_airspace,0,1
35,fence24,random_waypoint,1,560,520,306.567,399.837,20,8,600,700,15,419.793,-72.5149,-60,0,2,1,1,internal_airspace,0,1
35,fence24,random_waypoint,1,560,520,306.567,399.837,20,9,700,700,15,494.886,-73.9443,-60,0,2,1,1,internal_airspace,0,1
35,fence24,random_waypoint,1,560,520,306.567,399.837,20,10,750,700,15,535.496,-74.6293,-60,0,2,1,1,internal_airspace,0,1
35,fence24,random_waypoint,1,560,520,306.567,399.837,20,11,750,650,15,509.156,-74.1912,-60,0,2,1,1,internal_airspace,0,1
35,fence24,random_waypoint,1,560,520,306.567,399.837,20,12,750,550,15,468.195,-73.4628,-60,0,2,1,1,internal_airspace,0,1
35,fence24,random_waypoint,1,560,520,306.567,399.837,20,13,750,450,15,446.289,-73.0466,-60,0,2,1,1,internal_airspace,0,1
35,fence24,random_waypoint,1,560,520,306.567,399.837,20,14,750,350,15,446.253,-73.0458,-60,0,2,1,1,internal_airspace,0,1
35,fence24,random_waypoint,1,560,520,306.567,399.837,20,15,750,300,15,454.561,-73.2061,-60,0,2,1,1,internal_airspace,0,1
35,fence24,random_waypoint,1,560,520,306.567,399.837,20,16,700,300,15,405.934,-72.2233,-60,0,2,1,1,internal_airspace,0,1
35,fence24,random_waypoint,1,560,520,306.567,399.837,20,17,600,300,15,309.993,-69.8813,-60,0,2,1,1,internal_airspace,0,1
35,fence24,random_waypoint,1,560,520,306.567,399.837,20,18,400,300,15,136.829,-62.7778,-60,0,2,1,1,internal_airspace,0,1
35,fence24,random_waypoint,1,560,520,306.567,399.837,20,19,300,300,15,100.177,-60.0696,-60,0,2,1,1,internal_airspace,0,1
35,fence24,random_waypoint,1,560,520,306.567,399.837,20,20,300,500,15,100.503,-60.0978,-60,0,2,1,1,internal_airspace,0,1
35,fence24,random_waypoint,1,560,520,306.567,399.837,20,21,500,350,15,199.813,-66.0667,-60,0,2,1,1,internal_airspace,0,1
35,fence24,random_waypoint,1,560,520,306.567,399.837,20,22,700,500,15,406.014,-72.225,-60,0,2,1,1,internal_airspace,0,1
35,fence24,random_waypoint,1,560,520,306.567,399.837,20,23,500,650,15,316.264,-70.0552,-60,0,2,1,1,internal_airspace,0,1
36,fence24,random_waypoint,1,560,520,316.53,400.7,20,0,250,300,15,120.796,-61.6953,-60,0,2,1,1,internal_airspace,0,1
36,fence24,random_waypoint,1,560,520,316.53,400.7,20,1,250,350,15,83.7955,-58.5186,-60,1,2,1,1,internal_airspace,0,1
36,fence24,random_waypoint,1,560,520,316.53,400.7,20,2,250,450,15,82.9556,-58.4311,-60,1,2,1,1,internal_airspace,0,1
36,fence24,random_waypoint,1,560,520,316.53,400.7,20,3,250,550,15,163.529,-64.3261,-60,0,2,1,1,internal_airspace,0,1
36,fence24,random_waypoint,1,560,520,316.53,400.7,20,4,250,650,15,258.073,-68.2891,-60,0,2,1,1,internal_airspace,0,1
36,fence24,random_waypoint,1,560,520,316.53,400.7,20,5,250,700,15,306.646,-69.787,-60,0,2,1,1,internal_airspace,0,1
36,fence24,random_waypoint,1,560,520,316.53,400.7,20,6,300,700,15,299.798,-69.5908,-60,0,2,1,1,internal_airspace,0,1
36,fence24,random_waypoint,1,560,520,316.53,400.7,20,7,400,700,15,310.761,-69.9028,-60,0,2,1,1,internal_airspace,0,1
36,fence24,random_waypoint,1,560,520,316.53,400.7,20,8,600,700,15,412.263,-72.3577,-60,0,2,1,1,internal_airspace,0,1
36,fence24,random_waypoint,1,560,520,316.53,400.7,20,9,700,700,15,486.472,-73.7954,-60,0,2,1,1,internal_airspace,0,1
36,fence24,random_waypoint,1,560,520,316.53,400.7,20,10,750,700,15,526.785,-74.4869,-60,0,2,1,1,internal_airspace,0,1
36,fence24,random_waypoint,1,560,520,316.53,400.7,20,11,750,650,15,500.072,-74.0349,-60,0,2,1,1,internal_airspace,0,1
36,fence24,random_waypoint,1,560,520,316.53,400.7,20,12,750,550,15,458.489,-73.2808,-60,0,2,1,1,internal_airspace,0,1
36,fence24,random_waypoint,1,560,520,316.53,400.7,20,13,750,450,15,436.294,-72.8498,-60,0,2,1,1,internal_airspace,0,1
36,fence24,random_waypoint,1,560,520,316.53,400.7,20,14,750,350,15,436.454,-72.853,-60,0,2,1,1,internal_airspace,0,1
36,fence24,random_waypoint,1,560,520,316.53,400.7,20,15,750,300,15,445.042,-73.0222,-60,0,2,1,1,internal_airspace,0,1
36,fence24,random_waypoint,1,560,520,316.53,400.7,20,16,700,300,15,396.504,-72.0192,-60,0,2,1,1,internal_airspace,0,1
36,fence24,random_waypoint,1,560,520,316.53,400.7,20,17,600,300,15,300.867,-69.6217,-60,0,2,1,1,internal_airspace,0,1
36,fence24,random_waypoint,1,560,520,316.53,400.7,20,18,400,300,15,130.893,-62.3925,-60,0,2,1,1,internal_airspace,0,1
36,fence24,random_waypoint,1,560,520,316.53,400.7,20,19,300,300,15,102.17,-60.2407,-60,0,2,1,1,internal_airspace,0,1
36,fence24,random_waypoint,1,560,520,316.53,400.7,20,20,300,500,15,100.79,-60.1226,-60,0,2,1,1,internal_airspace,0,1
36,fence24,random_waypoint,1,560,520,316.53,400.7,20,21,500,350,15,190.413,-65.6481,-60,0,2,1,1,internal_airspace,0,1
36,fence24,random_waypoint,1,560,520,316.53,400.7,20,22,700,500,15,396.15,-72.0114,-60,0,2,1,1,internal_airspace,0,1
36,fence24,random_waypoint,1,560,520,316.53,400.7,20,23,500,650,15,309.575,-69.8695,-60,0,2,1,1,internal_airspace,0,1
37,fence24,random_waypoint,1,560,520,326.492,401.564,20,0,250,300,15,127.245,-62.147,-60,0,2,1,1,internal_airspace,0,1
37,fence24,random_waypoint,1,560,520,326.492,401.564,20,1,250,350,15,92.3844,-59.3662,-60,1,2,1,1,internal_airspace,0,1
37,fence24,random_waypoint,1,560,520,326.492,401.564,20,2,250,450,15,90.6759,-59.2041,-60,1,2,1,1,internal_airspace,0,1
37,fence24,random_waypoint,1,560,520,326.492,401.564,20,3,250,550,15,167.061,-64.5117,-60,0,2,1,1,internal_airspace,0,1
37,fence24,random_waypoint,1,560,520,326.492,401.564,20,4,250,650,15,259.993,-68.3535,-60,0,2,1,1,internal_airspace,0,1
37,fence24,random_waypoint,1,560,520,326.492,401.564,20,5,250,700,15,308.124,-69.8287,-60,0,2,1,1,internal_airspace,0,1
37,fence24,random_waypoint,1,560,520,326.492,401.564,20,6,300,700,15,299.652,-69.5866,-60,0,2,1,1,internal_airspace,0,1
37,fence24,random_waypoint,1,560,520,326.492,401.564,20,7,400,700,15,307.396,-69.8082,-60,0,2,1,1,internal_airspace,0,1
37,fence24,random_waypoint,1,560,520,326.492,401.564,20,8,600,700,15,404.84,-72.1999,-60,0,2,1,1,internal_airspace,0,1
37,fence24,random_waypoint,1,560,520,326.492,401.564,20,9,700,700,15,478.119,-73.6449,-60,0,2,1,1,internal_airspace,0,1
37,fence24,random_waypoint,1,560,520,326.492,401.564,20,10,750,700,15,518.12,-74.3428,-60,0,2,1,1,internal_airspace,0,1
37,fence24,random_waypoint,1,560,520,326.492,401.564,20,11,750,650,15,491.024,-73.8763,-60,0,2,1,1,internal_airspace,0,1
37,fence24,random_waypoint,1,560,520,326.492,401.564,20,12,750,550,15,448.795,-73.0952,-60,0,2,1,1,internal_airspace,0,1
37,fence24,random_waypoint,1,560,520,326.492,401.564,20,13,750,450,15,426.298,-72.6485,-60,0,2,1,1,internal_airspace,0,1
37,fence24,random_waypoint,1,560,520,326.492,401.564,20,14,750,350,15,426.665,-72.656,-60,0,2,1,1,internal_airspace,0,1
37,fence24,random_waypoint,1,560,520,326.492,401.564,20,15,750,300,15,435.545,-72.8349,-60,0,2,1,1,internal_airspace,0,1
37,fence24,random_waypoint,1,560,520,326.492,401.564,20,16,700,300,15,387.102,-71.8107,-60,0,2,1,1,internal_airspace,0,1
37,fence24,random_waypoint,1,560,520,326.492,401.564,20,17,600,300,15,291.799,-69.3559,-60,0,2,1,1,internal_airspace,0,1
37,fence24,random_waypoint,1,560,520,326.492,401.564,20,18,400,300,15,125.474,-62.0253,-60,0,2,1,1,internal_airspace,0,1
37,fence24,random_waypoint,1,560,520,326.492,401.564,20,19,300,300,15,105.081,-60.4847,-60,0,2,1,1,internal_airspace,0,1
37,fence24,random_waypoint,1,560,520,326.492,401.564,20,20,300,500,15,102.061,-60.2315,-60,0,2,1,1,internal_airspace,0,1
37,fence24,random_waypoint,1,560,520,326.492,401.564,20,21,500,350,15,181.077,-65.2115,-60,0,2,1,1,internal_airspace,0,1
37,fence24,random_waypoint,1,560,520,326.492,401.564,20,22,700,500,15,386.294,-71.7926,-60,0,2,1,1,internal_airspace,0,1
37,fence24,random_waypoint,1,560,520,326.492,401.564,20,23,500,650,15,303.069,-69.685,-60,0,2,1,1,internal_airspace,0,1
38,fence24,random_waypoint,1,560,520,336.455,402.427,20,0,250,300,15,134.13,-62.6047,-60,0,1,0,1,internal_airspace,0,1
38,fence24,random_waypoint,1,560,520,336.455,402.427,20,1,250,350,15,101.233,-60.1606,-60,0,1,0,1,internal_airspace,0,1
38,fence24,random_waypoint,1,560,520,336.455,402.427,20,2,250,450,15,98.8059,-59.9499,-60,1,1,0,1,internal_airspace,0,1
38,fence24,random_waypoint,1,560,520,336.455,402.427,20,3,250,550,15,171.106,-64.7195,-60,0,1,0,1,internal_airspace,0,1
38,fence24,random_waypoint,1,560,520,336.455,402.427,20,4,250,650,15,262.282,-68.4296,-60,0,1,0,1,internal_airspace,0,1
38,fence24,random_waypoint,1,560,520,336.455,402.427,20,5,250,700,15,309.918,-69.8792,-60,0,1,0,1,internal_airspace,0,1
38,fence24,random_waypoint,1,560,520,336.455,402.427,20,6,300,700,15,299.839,-69.592,-60,0,1,0,1,internal_airspace,0,1
38,fence24,random_waypoint,1,560,520,336.455,402.427,20,7,400,700,15,304.323,-69.7209,-60,0,1,0,1,internal_airspace,0,1
38,fence24,random_waypoint,1,560,520,336.455,402.427,20,8,600,700,15,397.531,-72.0416,-60,0,1,0,1,internal_airspace,0,1
38,fence24,random_waypoint,1,560,520,336.455,402.427,20,9,700,700,15,469.829,-73.493,-60,0,1,0,1,internal_airspace,0,1
38,fence24,random_waypoint,1,560,520,336.455,402.427,20,10,750,700,15,509.504,-74.1972,-60,0,1,0,1,internal_airspace,0,1
38,fence24,random_waypoint,1,560,520,336.455,402.427,20,11,750,650,15,482.013,-73.7154,-60,0,1,0,1,internal_airspace,0,1
38,fence24,random_waypoint,1,560,520,336.455,402.427,20,12,750,550,15,439.115,-72.9058,-60,0,1,0,1,internal_airspace,0,1
38,fence24,random_waypoint,1,560,520,336.455,402.427,20,13,750,450,15,416.303,-72.4424,-60,0,1,0,1,internal_airspace,0,1
38,fence24,random_waypoint,1,560,520,336.455,402.427,20,14,750,350,15,416.885,-72.4546,-60,0,1,0,1,internal_airspace,0,1
38,fence24,random_waypoint,1,560,520,336.455,402.427,20,15,750,300,15,426.07,-72.6439,-60,0,1,0,1,internal_airspace,0,1
38,fence24,random_waypoint,1,560,520,336.455,402.427,20,16,700,300,15,377.732,-71.5979,-60,0,1,0,1,internal_airspace,0,1
38,fence24,random_waypoint,1,560,520,336.455,402.427,20,17,600,300,15,282.794,-69.0836,-60,0,1,0,1,internal_airspace,0,1
38,fence24,random_waypoint,1,560,520,336.455,402.427,20,18,400,300,15,120.641,-61.6841,-60,0,1,0,1,internal_airspace,0,1
38,fence24,random_waypoint,1,560,520,336.455,402.427,20,19,300,300,15,108.836,-60.7897,-60,0,1,0,1,internal_airspace,0,1
38,fence24,random_waypoint,1,560,520,336.455,402.427,20,20,300,500,15,104.28,-60.4183,-60,0,1,0,1,internal_airspace,0,1
38,fence24,random_waypoint,1,560,520,336.455,402.427,20,21,500,350,15,171.816,-64.7555,-60,0,1,0,1,internal_airspace,0,1
38,fence24,random_waypoint,1,560,520,336.455,402.427,20,22,700,500,15,376.445,-71.5682,-60,0,1,0,1,internal_airspace,0,1
38,fence24,random_waypoint,1,560,520,336.455,402.427,20,23,500,650,15,296.756,-69.5022,-60,0,1,0,1,internal_airspace,0,1
39,fence24,random_waypoint,1,560,520,346.417,403.291,20,0,250,300,15,141.387,-63.0624,-60,0,0,0,1,internal_airspace,0,1
39,fence24,random_waypoint,1,560,520,346.417,403.291,20,1,250,350,15,110.278,-60.904,-60,0,0,0,1,internal_airspace,0,1
39,fence24,random_waypoint,1,560,520,346.417,403.291,20,2,250,450,15,107.252,-60.6624,-60,0,0,0,1,internal_airspace,0,1
39,fence24,random_waypoint,1,560,520,346.417,403.291,20,3,250,550,15,175.627,-64.9461,-60,0,0,0,1,internal_airspace,0,1
39,fence24,random_waypoint,1,560,520,346.417,403.291,20,4,250,650,15,264.928,-68.5168,-60,0,0,0,1,internal_airspace,0,1
39,fence24,random_waypoint,1,560,520,346.417,403.291,20,5,250,700,15,312.022,-69.9379,-60,0,0,0,1,internal_airspace,0,1
39,fence24,random_waypoint,1,560,520,346.417,403.291,20,6,300,700,15,300.36,-69.6071,-60,0,0,0,1,internal_airspace,0,1
39,fence24,random_waypoint,1,560,520,346.417,403.291,20,7,400,700,15,301.55,-69.6414,-60,0,0,0,1,internal_airspace,0,1
39,fence24,random_waypoint,1,560,520,346.417,403.291,20,8,600,700,15,390.34,-71.8831,-60,0,0,0,1,internal_airspace,0,1
39,fence24,random_waypoint,1,560,520,346.417,403.291,20,9,700,700,15,461.608,-73.3397,-60,0,0,0,1,internal_airspace,0,1
39,fence24,random_waypoint,1,560,520,346.417,403.291,20,10,750,700,15,500.939,-74.0499,-60,0,0,0,1,internal_airspace,0,1
39,fence24,random_waypoint,1,560,520,346.417,403.291,20,11,750,650,15,473.043,-73.5522,-60,0,0,0,1,internal_airspace,0,1
39,fence24,random_waypoint,1,560,520,346.417,403.291,20,12,750,550,15,429.45,-72.7125,-60,0,0,0,1,internal_airspace,0,1
39,fence24,random_waypoint,1,560,520,346.417,403.291,20,13,750,450,15,406.307,-72.2313,-60,0,0,0,1,internal_airspace,0,1
39,fence24,random_waypoint,1,560,520,346.417,403.291,20,14,750,350,15,407.116,-72.2486,-60,0,0,0,1,internal_airspace,0,1
39,fence24,random_waypoint,1,560,520,346.417,403.291,20,15,750,300,15,416.621,-72.449,-60,0,0,0,1,internal_airspace,0,1
39,fence24,random_waypoint,1,560,520,346.417,403.291,20,16,700,300,15,368.395,-71.3805,-60,0,0,0,1,internal_airspace,0,1
39,fence24,random_waypoint,1,560,520,346.417,403.291,20,17,600,300,15,273.858,-68.8047,-60,0,0,0,1,internal_airspace,0,1
39,fence24,random_waypoint,1,560,520,346.417,403.291,20,18,400,300,15,116.469,-61.3784,-60,0,0,0,1,internal_airspace,0,1
39,fence24,random_waypoint,1,560,520,346.417,403.291,20,19,300,300,15,113.351,-61.1428,-60,0,0,0,1,internal_airspace,0,1
39,fence24,random_waypoint,1,560,520,346.417,403.291,20,20,300,500,15,107.388,-60.6734,-60,0,0,0,1,internal_airspace,0,1
39,fence24,random_waypoint,1,560,520,346.417,403.291,20,21,500,350,15,162.642,-64.2789,-60,0,0,0,1,internal_airspace,0,1
39,fence24,random_waypoint,1,560,520,346.417,403.291,20,22,700,500,15,366.604,-71.3382,-60,0,0,0,1,internal_airspace,0,1
39,fence24,random_waypoint,1,560,520,346.417,403.291,20,23,500,650,15,290.651,-69.3217,-60,0,0,0,1,internal_airspace,0,1
40,fence24,random_waypoint,1,560,520,356.38,404.154,20,0,250,300,15,148.963,-63.5158,-60,0,0,0,1,internal_airspace,0,1
40,fence24,random_waypoint,1,560,520,356.38,404.154,20,1,250,350,15,119.476,-61.5998,-60,0,0,0,1,internal_airspace,0,1
40,fence24,random_waypoint,1,560,520,356.38,404.154,20,2,250,450,15,115.946,-61.3394,-60,0,0,0,1,internal_airspace,0,1
40,fence24,random_waypoint,1,560,520,356.38,404.154,20,3,250,550,15,180.59,-65.1881,-60,0,0,0,1,internal_airspace,0,1
40,fence24,random_waypoint,1,560,520,356.38,404.154,20,4,250,650,15,267.921,-68.6144,-60,0,0,0,1,internal_airspace,0,1
40,fence24,random_waypoint,1,560,520,356.38,404.154,20,5,250,700,15,314.43,-70.0047,-60,0,0,0,1,internal_airspace,0,1
40,fence24,random_waypoint,1,560,520,356.38,404.154,20,6,300,700,15,301.212,-69.6317,-60,0,0,0,1,internal_airspace,0,1
40,fence24,random_waypoint,1,560,520,356.38,404.154,20,7,400,700,15,299.086,-69.5701,-60,0,0,0,1,internal_airspace,0,1
40,fence24,random_waypoint,1,560,520,356.38,404.154,20,8,600,700,15,383.276,-71.7245,-60,0,0,0,1,internal_airspace,0,1
40,fence24,random_waypoint,1,560,520,356.38,404.154,20,9,700,700,15,453.458,-73.185,-60,0,0,0,1,internal_airspace,0,1
40,fence24,random_waypoint,1,560,520,356.38,404.154,20,10,750,700,15,492.429,-73.9011,-60,0,0,0,1,internal_airspace,0,1
40,fence24,random_waypoint,1,560,520,356.38,404.154,20,11,750,650,15,464.114,-73.3867,-60,0,0,0,1,internal_airspace,0,1
40,fence24,random_waypoint,1,560,520,356.38,404.154,20,12,750,550,15,419.801,-72.5151,-60,0,0,0,1,internal_airspace,0,1
40,fence24,random_waypoint,1,560,520,356.38,404.154,20,13,750,450,15,396.312,-72.015,-60,0,0,0,1,internal_airspace,0,1
40,fence24,random_waypoint,1,560,520,356.38,404.154,20,14,750,350,15,397.359,-72.0379,-60,0,0,0,1,internal_airspace,0,1
40,fence24,random_waypoint,1,560,520,356.38,404.154,20,15,750,300,15,407.197,-72.2503,-60,0,0,0,1,internal_airspace,0,1
40,fence24,random_waypoint,1,560,520,356.38,404.154,20,16,700,300,15,359.093,-71.1584,-60,0,0,0,1,internal_airspace,0,1
40,fence24,random_waypoint,1,560,520,356.38,404.154,20,17,600,300,15,264.998,-68.5191,-60,0,0,0,1,internal_airspace,0,1
40,fence24,random_waypoint,1,560,520,356.38,404.154,20,18,400,300,15,113.03,-61.1181,-60,0,0,0,1,internal_airspace,0,1
40,fence24,random_waypoint,1,560,520,356.38,404.154,20,19,300,300,15,118.54,-61.5315,-60,0,0,0,1,internal_airspace,0,1
40,fence24,random_waypoint,1,560,520,356.38,404.154,20,20,300,500,15,111.311,-60.985,-60,0,0,0,1,internal_airspace,0,1
40,fence24,random_waypoint,1,560,520,356.38,404.154,20,21,500,350,15,153.572,-63.7805,-60,0,0,0,1,internal_airspace,0,1
40,fence24,random_waypoint,1,560,520,356.38,404.154,20,22,700,500,15,356.772,-71.102,-60,0,0,0,1,internal_airspace,0,1
40,fence24,random_waypoint,1,560,520,356.38,404.154,20,23,500,650,15,284.766,-69.144,-60,0,0,0,1,internal_airspace,0,1
41,fence24,random_waypoint,1,560,520,366.343,405.018,20,0,250,300,15,156.81,-63.9617,-60,0,0,0,1,internal_airspace,0,1
41,fence24,random_waypoint,1,560,520,366.343,405.018,20,1,250,350,15,128.793,-62.2521,-60,0,0,0,1,internal_airspace,0,1
41,fence24,random_waypoint,1,560,520,366.343,405.018,20,2,250,450,15,124.836,-61.981,-60,0,0,0,1,internal_airspace,0,1
41,fence24,random_waypoint,1,560,520,366.343,405.018,20,3,250,550,15,185.958,-65.4425,-60,0,0,0,1,internal_airspace,0,1
41,fence24,random_waypoint,1,560,520,366.343,405.018,20,4,250,650,15,271.251,-68.7216,-60,0,0,0,1,internal_airspace,0,1
41,fence24,random_waypoint,1,560,520,366.343,405.018,20,5,250,700,15,317.136,-70.0791,-60,0,0,0,1,internal_airspace,0,1
41,fence24,random_waypoint,1,560,520,366.343,405.018,20,6,300,700,15,302.392,-69.6656,-60,0,0,0,1,internal_airspace,0,1
41,fence24,random_waypoint,1,560,520,366.343,405.018,20,7,400,700,15,296.938,-69.5075,-60,0,0,0,1,internal_airspace,0,1
41,fence24,random_waypoint,1,560,520,366.343,405.018,20,8,600,700,15,376.345,-71.5659,-60,0,0,0,1,internal_airspace,0,1
41,fence24,random_waypoint,1,560,520,366.343,405.018,20,9,700,700,15,445.384,-73.0289,-60,0,0,0,1,internal_airspace,0,1
41,fence24,random_waypoint,1,560,520,366.343,405.018,20,10,750,700,15,483.976,-73.7507,-60,0,0,0,1,internal_airspace,0,1
41,fence24,random_waypoint,1,560,520,366.343,405.018,20,11,750,650,15,455.23,-73.2188,-60,0,0,0,1,internal_airspace,0,1
41,fence24,random_waypoint,1,560,520,366.343,405.018,20,12,750,550,15,410.168,-72.3135,-60,0,0,0,1,internal_airspace,0,1
41,fence24,random_waypoint,1,560,520,366.343,405.018,20,13,750,450,15,386.318,-71.7931,-60,0,0,0,1,internal_airspace,0,1
41,fence24,random_waypoint,1,560,520,366.343,405.018,20,14,750,350,15,387.614,-71.8222,-60,0,0,0,1,internal_airspace,0,1
41,fence24,random_waypoint,1,560,520,366.343,405.018,20,15,750,300,15,397.802,-72.0476,-60,0,0,0,1,internal_airspace,0,1
41,fence24,random_waypoint,1,560,520,366.343,405.018,20,16,700,300,15,349.83,-70.9314,-60,0,0,0,1,internal_airspace,0,1
41,fence24,random_waypoint,1,560,520,366.343,405.018,20,17,600,300,15,256.221,-68.2265,-60,0,0,0,1,internal_airspace,0,1
41,fence24,random_waypoint,1,560,520,366.343,405.018,20,18,400,300,15,110.393,-60.913,-60,0,0,0,1,internal_airspace,0,1
41,fence24,random_waypoint,1,560,520,366.343,405.018,20,19,300,300,15,124.318,-61.9449,-60,0,0,0,1,internal_airspace,0,1
41,fence24,random_waypoint,1,560,520,366.343,405.018,20,20,300,500,15,115.965,-61.3408,-60,0,0,0,1,internal_airspace,0,1
41,fence24,random_waypoint,1,560,520,366.343,405.018,20,21,500,350,15,144.624,-63.2591,-60,0,0,0,1,internal_airspace,0,1
41,fence24,random_waypoint,1,560,520,366.343,405.018,20,22,700,500,15,346.949,-70.8595,-60,0,0,0,1,internal_airspace,0,1
41,fence24,random_waypoint,1,560,520,366.343,405.018,20,23,500,650,15,279.116,-68.9699,-60,0,0,0,1,internal_airspace,0,1
42,fence24,random_waypoint,1,560,520,376.305,405.881,20,0,250,300,15,164.891,-64.3981,-60,0,0,0,1,internal_airspace,0,1
42,fence24,random_waypoint,1,560,520,376.305,405.881,20,1,250,350,15,138.206,-62.8647,-60,0,0,0,1,internal_airspace,0,1
42,fence24,random_waypoint,1,560,520,376.305,405.881,20,2,250,450,15,133.882,-62.5887,-60,0,0,0,1,internal_airspace,0,1
42,fence24,random_waypoint,1,560,520,376.305,405.881,20,3,250,550,15,191.698,-65.7066,-60,0,0,0,1,internal_airspace,0,1
42,fence24,random_waypoint,1,560,520,376.305,405.881,20,4,250,650,15,274.904,-68.8378,-60,0,0,0,1,internal_airspace,0,1
42,fence24,random_waypoint,1,560,520,376.305,405.881,20,5,250,700,15,320.131,-70.1608,-60,0,0,0,1,internal_airspace,0,1
42,fence24,random_waypoint,1,560,520,376.305,405.881,20,6,300,700,15,303.897,-69.7088,-60,0,0,0,1,internal_airspace,0,1
42,fence24,random_waypoint,1,560,520,376.305,405.881,20,7,400,700,15,295.114,-69.454,-60,0,0,0,1,internal_airspace,0,1
42,fence24,random_waypoint,1,560,520,376.305,405.881,20,8,600,700,15,369.554,-71.4078,-60,0,0,0,1,internal_airspace,0,1
42,fence24,random_waypoint,1,560,520,376.305,405.881,20,9,700,700,15,437.389,-72.8716,-60,0,0,0,1,internal_airspace,0,1
42,fence24,random_waypoint,1,560,520,376.305,405.881,20,10,750,700,15,475.582,-73.5987,-60,0,0,0,1,internal_airspace,0,1
42,fence24,random_waypoint,1,560,520,376.305,405.881,20,11,750,650,15,446.393,-73.0486,-60,0,0,0,1,internal_airspace,0,1
42,fence24,random_waypoint,1,560,520,376.305,405.881,20,12,750,550,15,400.553,-72.1074,-60,0,0,0,1,internal_airspace,0,1
42,fence24,random_waypoint,1,560,520,376.305,405.881,20,13,750,450,15,376.323,-71.5654,-60,0,0,0,1,internal_airspace,0,1
42,fence24,random_waypoint,1,560,520,376.305,405.881,20,14,750,350,15,377.883,-71.6014,-60,0,0,0,1,internal_airspace,0,1
42,fence24,random_waypoint,1,560,520,376.305,405.881,20,15,750,300,15,388.437,-71.8406,-60,0,0,0,1,internal_airspace,0,1
42,fence24,random_waypoint,1,560,520,376.305,405.881,20,16,700,300,15,340.608,-70.6993,-60,0,0,0,1,internal_airspace,0,1
42,fence24,random_waypoint,1,560,520,376.305,405.881,20,17,600,300,15,247.538,-67.9271,-60,0,0,0,1,internal_airspace,0,1
42,fence24,random_waypoint,1,560,520,376.305,405.881,20,18,400,300,15,108.615,-60.772,-60,0,0,0,1,internal_airspace,0,1
42,fence24,random_waypoint,1,560,520,376.305,405.881,20,19,300,300,15,130.608,-62.3736,-60,0,0,0,1,internal_airspace,0,1
42,fence24,random_waypoint,1,560,520,376.305,405.881,20,20,300,500,15,121.268,-61.7291,-60,0,0,0,1,internal_airspace,0,1
42,fence24,random_waypoint,1,560,520,376.305,405.881,20,21,500,350,15,135.824,-62.7137,-60,0,0,0,1,internal_airspace,0,1
42,fence24,random_waypoint,1,560,520,376.305,405.881,20,22,700,500,15,337.137,-70.6104,-60,0,0,0,1,internal_airspace,0,1
42,fence24,random_waypoint,1,560,520,376.305,405.881,20,23,500,650,15,273.714,-68.8002,-60,0,0,0,1,internal_airspace,0,1
43,fence24,random_waypoint,1,560,520,386.268,406.745,20,0,250,300,15,173.172,-64.8238,-60,0,0,0,1,internal_airspace,0,1
43,fence24,random_waypoint,1,560,520,386.268,406.745,20,1,250,350,15,147.695,-63.4416,-60,0,0,0,1,internal_airspace,0,1
43,fence24,random_waypoint,1,560,520,386.268,406.745,20,2,250,450,15,143.056,-63.1643,-60,0,0,0,1,internal_airspace,0,1
43,fence24,random_waypoint,1,560,520,386.268,406.745,20,3,250,550,15,197.778,-65.9778,-60,0,0,0,1,internal_airspace,0,1
43,fence24,random_waypoint,1,560,520,386.268,406.745,20,4,250,650,15,278.868,-68.9622,-60,0,0,0,1,internal_airspace,0,1
43,fence24,random_waypoint,1,560,520,386.268,406.745,20,5,250,700,15,323.408,-70.2492,-60,0,0,0,1,internal_airspace,0,1
43,fence24,random_waypoint,1,560,520,386.268,406.745,20,6,300,700,15,305.722,-69.7608,-60,0,0,0,1,internal_airspace,0,1
43,fence24,random_waypoint,1,560,520,386.268,406.745,20,7,400,700,15,293.619,-69.4099,-60,0,0,0,1,internal_airspace,0,1
43,fence24,random_waypoint,1,560,520,386.268,406.745,20,8,600,700,15,362.912,-71.2502,-60,0,0,0,1,internal_airspace,0,1
43,fence24,random_waypoint,1,560,520,386.268,406.745,20,9,700,700,15,429.478,-72.713,-60,0,0,0,1,internal_airspace,0,1
43,fence24,random_waypoint,1,560,520,386.268,406.745,20,10,750,700,15,467.252,-73.4453,-60,0,0,0,1,internal_airspace,0,1
43,fence24,random_waypoint,1,560,520,386.268,406.745,20,11,750,650,15,437.606,-72.8759,-60,0,0,0,1,internal_airspace,0,1
43,fence24,random_waypoint,1,560,520,386.268,406.745,20,12,750,550,15,390.958,-71.8968,-60,0,0,0,1,internal_airspace,0,1
43,fence24,random_waypoint,1,560,520,386.268,406.745,20,13,750,450,15,366.329,-71.3317,-60,0,0,0,1,internal_airspace,0,1
43,fence24,random_waypoint,1,560,520,386.268,406.745,20,14,750,350,15,368.166,-71.3751,-60,0,0,0,1,internal_airspace,0,1
43,fence24,random_waypoint,1,560,520,386.268,406.745,20,15,750,300,15,379.105,-71.6294,-60,0,0,0,1,internal_airspace,0,1
43,fence24,random_waypoint,1,560,520,386.268,406.745,20,16,700,300,15,331.432,-70.4621,-60,0,0,0,1,internal_airspace,0,1
43,fence24,random_waypoint,1,560,520,386.268,406.745,20,17,600,300,15,238.958,-67.6206,-60,0,0,0,1,internal_airspace,0,1
43,fence24,random_waypoint,1,560,520,386.268,406.745,20,18,400,300,15,107.74,-60.7018,-60,0,0,0,1,internal_airspace,0,1
43,fence24,random_waypoint,1,560,520,386.268,406.745,20,19,300,300,15,137.338,-62.81,-60,0,0,0,1,internal_airspace,0,1
43,fence24,random_waypoint,1,560,520,386.268,406.745,20,20,300,500,15,127.137,-62.1396,-60,0,0,0,1,internal_airspace,0,1
43,fence24,random_waypoint,1,560,520,386.268,406.745,20,21,500,350,15,127.2,-62.144,-60,0,0,0,1,internal_airspace,0,1
43,fence24,random_waypoint,1,560,520,386.268,406.745,20,22,700,500,15,327.337,-70.3541,-60,0,0,0,1,internal_airspace,0,1
43,fence24,random_waypoint,1,560,520,386.268,406.745,20,23,500,650,15,268.576,-68.6356,-60,0,0,0,1,internal_airspace,0,1
44,fence24,random_waypoint,1,560,520,396.231,407.608,20,0,250,300,15,181.626,-65.2378,-60,0,0,0,1,internal_airspace,0,1
44,fence24,random_waypoint,1,560,520,396.231,407.608,20,1,250,350,15,157.249,-63.986,-60,0,0,0,1,internal_airspace,0,1
44,fence24,random_waypoint,1,560,520,396.231,407.608,20,2,250,450,15,152.333,-63.7101,-60,0,0,0,1,internal_airspace,0,1
44,fence24,random_waypoint,1,560,520,396.231,407.608,20,3,250,550,15,204.166,-66.2539,-60,0,0,0,1,internal_airspace,0,1
44,fence24,random_waypoint,1,560,520,396.231,407.608,20,4,250,650,15,283.129,-69.0939,-60,0,0,0,1,internal_airspace,0,1
44,fence24,random_waypoint,1,560,520,396.231,407.608,20,5,250,700,15,326.958,-70.3441,-60,0,0,0,1,internal_airspace,0,1
44,fence24,random_waypoint,1,560,520,396.231,407.608,20,6,300,700,15,307.861,-69.8213,-60,0,0,0,1,internal_airspace,0,1
44,fence24,random_waypoint,1,560,520,396.231,407.608,20,7,400,700,15,292.459,-69.3755,-60,0,0,0,1,internal_airspace,0,1
44,fence24,random_waypoint,1,560,520,396.231,407.608,20,8,600,700,15,356.427,-71.0936,-60,0,0,0,1,internal_airspace,0,1
44,fence24,random_waypoint,1,560,520,396.231,407.608,20,9,700,700,15,421.656,-72.5534,-60,0,0,0,1,internal_airspace,0,1
44,fence24,random_waypoint,1,560,520,396.231,407.608,20,10,750,700,15,458.989,-73.2903,-60,0,0,0,1,internal_airspace,0,1
44,fence24,random_waypoint,1,560,520,396.231,407.608,20,11,750,650,15,428.872,-72.7008,-60,0,0,0,1,internal_airspace,0,1
44,fence24,random_waypoint,1,560,520,396.231,407.608,20,12,750,550,15,381.383,-71.6815,-60,0,0,0,1,internal_airspace,0,1
44,fence24,random_waypoint,1,560,520,396.231,407.608,20,13,750,450,15,356.335,-71.0914,-60,0,0,0,1,internal_airspace,0,1
44,fence24,random_waypoint,1,560,520,396.231,407.608,20,14,750,350,15,358.464,-71.1431,-60,0,0,0,1,internal_airspace,0,1
44,fence24,random_waypoint,1,560,520,396.231,407.608,20,15,750,300,15,369.807,-71.4137,-60,0,0,0,1,internal_airspace,0,1
44,fence24,random_waypoint,1,560,520,396.231,407.608,20,16,700,300,15,322.305,-70.2196,-60,0,0,0,1,internal_airspace,0,1
44,fence24,random_waypoint,1,560,520,396.231,407.608,20,17,600,300,15,230.492,-67.3073,-60,0,0,0,1,internal_airspace,0,1
44,fence24,random_waypoint,1,560,520,396.231,407.608,20,18,400,300,15,107.79,-60.7058,-60,0,0,0,1,internal_airspace,0,1
44,fence24,random_waypoint,1,560,520,396.231,407.608,20,19,300,300,15,144.447,-63.2484,-60,0,0,0,1,internal_airspace,0,1
44,fence24,random_waypoint,1,560,520,396.231,407.608,20,20,300,500,15,133.498,-62.5637,-60,0,0,0,1,internal_airspace,0,1
44,fence24,random_waypoint,1,560,520,396.231,407.608,20,21,500,350,15,118.793,-61.55,-60,0,0,0,1,internal_airspace,0,1
44,fence24,random_waypoint,1,560,520,396.231,407.608,20,22,700,500,15,317.548,-70.0904,-60,0,0,0,1,internal_airspace,0,1
44,fence24,random_waypoint,1,560,520,396.231,407.608,20,23,500,650,15,263.717,-68.477,-60,0,0,0,1,internal_airspace,0,1
45,fence24,random_waypoint,1,560,520,406.193,408.472,20,0,250,300,15,190.23,-65.6398,-60,0,0,0,1,internal_airspace,0,1
45,fence24,random_waypoint,1,560,520,406.193,408.472,20,1,250,350,15,166.854,-64.501,-60,0,0,0,1,internal_airspace,0,1
45,fence24,random_waypoint,1,560,520,406.193,408.472,20,2,250,450,15,161.697,-64.2283,-60,0,0,0,1,internal_airspace,0,1
45,fence24,random_waypoint,1,560,520,406.193,408.472,20,3,250,550,15,210.836,-66.5331,-60,0,0,0,1,internal_airspace,0,1
45,fence24,random_waypoint,1,560,520,406.193,408.472,20,4,250,650,15,287.676,-69.2323,-60,0,0,0,1,internal_airspace,0,1
45,fence24,random_waypoint,1,560,520,406.193,408.472,20,5,250,700,15,330.772,-70.4448,-60,0,0,0,1,internal_airspace,0,1
45,fence24,random_waypoint,1,560,520,406.193,408.472,20,6,300,700,15,310.308,-69.8901,-60,0,0,0,1,internal_airspace,0,1
45,fence24,random_waypoint,1,560,520,406.193,408.472,20,7,400,700,15,291.637,-69.3511,-60,0,0,0,1,internal_airspace,0,1
45,fence24,random_waypoint,1,560,520,406.193,408.472,20,8,600,700,15,350.107,-70.9382,-60,0,0,0,1,internal_airspace,0,1
45,fence24,random_waypoint,1,560,520,406.193,408.472,20,9,700,700,15,413.928,-72.3927,-60,0,0,0,1,internal_airspace,0,1
45,fence24,random_waypoint,1,560,520,406.193,408.472,20,10,750,700,15,450.796,-73.1338,-60,0,0,0,1,internal_airspace,0,1
45,fence24,random_waypoint,1,560,520,406.193,408.472,20,11,750,650,15,420.195,-72.5232,-60,0,0,0,1,internal_airspace,0,1
45,fence24,random_waypoint,1,560,520,406.193,408.472,20,12,750,550,15,371.831,-71.4611,-60,0,0,0,1,internal_airspace,0,1
45,fence24,random_waypoint,1,560,520,406.193,408.472,20,13,750,450,15,346.342,-70.8443,-60,0,0,0,1,internal_airspace,0,1
45,fence24,random_waypoint,1,560,520,406.193,408.472,20,14,750,350,15,348.779,-70.9052,-60,0,0,0,1,internal_airspace,0,1
45,fence24,random_waypoint,1,560,520,406.193,408.472,20,15,750,300,15,360.547,-71.1935,-60,0,0,0,1,internal_airspace,0,1
45,fence24,random_waypoint,1,560,520,406.193,408.472,20,16,700,300,15,313.231,-69.9715,-60,0,0,0,1,internal_airspace,0,1
45,fence24,random_waypoint,1,560,520,406.193,408.472,20,17,600,300,15,222.153,-66.9873,-60,0,0,0,1,internal_airspace,0,1
45,fence24,random_waypoint,1,560,520,406.193,408.472,20,18,400,300,15,108.763,-60.7839,-60,0,0,0,1,internal_airspace,0,1
45,fence24,random_waypoint,1,560,520,406.193,408.472,20,19,300,300,15,151.882,-63.6843,-60,0,0,0,1,internal_airspace,0,1
45,fence24,random_waypoint,1,560,520,406.193,408.472,20,20,300,500,15,140.284,-62.9944,-60,0,0,0,1,internal_airspace,0,1
45,fence24,random_waypoint,1,560,520,406.193,408.472,20,21,500,350,15,110.651,-60.9333,-60,0,0,0,1,internal_airspace,0,1
45,fence24,random_waypoint,1,560,520,406.193,408.472,20,22,700,500,15,307.774,-69.8189,-60,0,0,0,1,internal_airspace,0,1
45,fence24,random_waypoint,1,560,520,406.193,408.472,20,23,500,650,15,259.154,-68.3254,-60,0,0,0,1,internal_airspace,0,1
46,fence24,random_waypoint,1,560,520,416.156,409.335,20,0,250,300,15,198.965,-66.0297,-60,0,0,0,1,internal_airspace,0,1
46,fence24,random_waypoint,1,560,520,416.156,409.335,20,1,250,350,15,176.503,-64.9893,-60,0,0,0,1,internal_airspace,0,1
46,fence24,random_waypoint,1,560,520,416.156,409.335,20,2,250,450,15,171.133,-64.7209,-60,0,0,0,1,internal_airspace,0,1
46,fence24,random_waypoint,1,560,520,416.156,409.335,20,3,250,550,15,217.76,-66.8138,-60,0,0,0,1,internal_airspace,0,1
46,fence24,random_waypoint,1,560,520,416.156,409.335,20,4,250,650,15,292.493,-69.3765,-60,0,0,0,1,internal_airspace,0,1
46,fence24,random_waypoint,1,560,520,416.156,409.335,20,5,250,700,15,334.842,-70.551,-60,0,0,0,1,internal_airspace,0,1
46,fence24,random_waypoint,1,560,520,416.156,409.335,20,6,300,700,15,313.055,-69.9666,-60,0,0,0,1,internal_airspace,0,1
46,fence24,random_waypoint,1,560,520,416.156,409.335,20,7,400,700,15,291.156,-69.3368,-60,0,0,0,1,internal_airspace,0,1
46,fence24,random_waypoint,1,560,520,416.156,409.335,20,8,600,700,15,343.962,-70.7844,-60,0,0,0,1,internal_airspace,0,1
46,fence24,random_waypoint,1,560,520,416.156,409.335,20,9,700,700,15,406.298,-72.2311,-60,0,0,0,1,internal_airspace,0,1
46,fence24,random_waypoint,1,560,520,416.156,409.335,20,10,750,700,15,442.677,-72.976,-60,0,0,0,1,internal_airspace,0,1
46,fence24,random_waypoint,1,560,520,416.156,409.335,20,11,750,650,15,411.578,-72.3433,-60,0,0,0,1,internal_airspace,0,1
46,fence24,random_waypoint,1,560,520,416.156,409.335,20,12,750,550,15,362.303,-71.2357,-60,0,0,0,1,internal_airspace,0,1
46,fence24,random_waypoint,1,560,520,416.156,409.335,20,13,750,450,15,336.349,-70.59,-60,0,0,0,1,internal_airspace,0,1
46,fence24,random_waypoint,1,560,520,416.156,409.335,20,14,750,350,15,339.113,-70.6611,-60,0,0,0,1,internal_airspace,0,1
46,fence24,random_waypoint,1,560,520,416.156,409.335,20,15,750,300,15,351.327,-70.9685,-60,0,0,0,1,internal_airspace,0,1
46,fence24,random_waypoint,1,560,520,416.156,409.335,20,16,700,300,15,304.215,-69.7178,-60,0,0,0,1,internal_airspace,0,1
46,fence24,random_waypoint,1,560,520,416.156,409.335,20,17,600,300,15,213.957,-66.6608,-60,0,0,0,1,internal_airspace,0,1
46,fence24,random_waypoint,1,560,520,416.156,409.335,20,18,400,300,15,110.635,-60.9321,-60,0,0,0,1,internal_airspace,0,1
46,fence24,random_waypoint,1,560,520,416.156,409.335,20,19,300,300,15,159.598,-64.1148,-60,0,0,0,1,internal_airspace,0,1
46,fence24,random_waypoint,1,560,520,416.156,409.335,20,20,300,500,15,147.436,-63.4263,-60,0,0,0,1,internal_airspace,0,1
46,fence24,random_waypoint,1,560,520,416.156,409.335,20,21,500,350,15,102.837,-60.2972,-60,0,0,0,1,internal_airspace,0,1
46,fence24,random_waypoint,1,560,520,416.156,409.335,20,22,700,500,15,298.014,-69.539,-60,0,0,0,1,internal_airspace,0,1
46,fence24,random_waypoint,1,560,520,416.156,409.335,20,23,500,650,15,254.901,-68.1816,-60,0,0,0,1,internal_airspace,0,1
47,fence24,random_waypoint,1,560,520,426.119,410.199,20,0,250,300,15,207.814,-66.4077,-60,0,1,0,1,internal_airspace,0,1
47,fence24,random_waypoint,1,560,520,426.119,410.199,20,1,250,350,15,186.19,-65.4533,-60,0,1,0,1,internal_airspace,0,1
47,fence24,random_waypoint,1,560,520,426.119,410.199,20,2,250,450,15,180.629,-65.19,-60,0,1,0,1,internal_airspace,0,1
47,fence24,random_waypoint,1,560,520,426.119,410.199,20,3,250,550,15,224.916,-67.0946,-60,0,1,0,1,internal_airspace,0,1
47,fence24,random_waypoint,1,560,520,426.119,410.199,20,4,250,650,15,297.569,-69.526,-60,0,1,0,1,internal_airspace,0,1
47,fence24,random_waypoint,1,560,520,426.119,410.199,20,5,250,700,15,339.157,-70.6622,-60,0,1,0,1,internal_airspace,0,1
47,fence24,random_waypoint,1,560,520,426.119,410.199,20,6,300,700,15,316.095,-70.0506,-60,0,1,0,1,internal_airspace,0,1
47,fence24,random_waypoint,1,560,520,426.119,410.199,20,7,400,700,15,291.019,-69.3326,-60,0,1,0,1,internal_airspace,0,1
47,fence24,random_waypoint,1,560,520,426.119,410.199,20,8,600,700,15,338.001,-70.6326,-60,0,1,0,1,internal_airspace,0,1
47,fence24,random_waypoint,1,560,520,426.119,410.199,20,9,700,700,15,398.774,-72.0688,-60,0,1,0,1,internal_airspace,0,1
47,fence24,random_waypoint,1,560,520,426.119,410.199,20,10,750,700,15,434.637,-72.8168,-60,0,1,0,1,internal_airspace,0,1
47,fence24,random_waypoint,1,560,520,426.119,410.199,20,11,750,650,15,403.025,-72.1609,-60,0,1,0,1,internal_airspace,0,1
47,fence24,random_waypoint,1,560,520,426.119,410.199,20,12,750,550,15,352.801,-71.0048,-60,0,1,0,1,internal_airspace,0,1
47,fence24,random_waypoint,1,560,520,426.119,410.199,20,13,750,450,15,326.356,-70.3281,-60,0,1,0,1,internal_airspace,0,1
47,fence24,random_waypoint,1,560,520,426.119,410.199,20,14,750,350,15,329.466,-70.4104,-60,0,1,0,1,internal_airspace,0,1
47,fence24,random_waypoint,1,560,520,426.119,410.199,20,15,750,300,15,342.152,-70.7386,-60,0,1,0,1,internal_airspace,0,1
47,fence24,random_waypoint,1,560,520,426.119,410.199,20,16,700,300,15,295.262,-69.4584,-60,0,1,0,1,internal_airspace,0,1
47,fence24,random_waypoint,1,560,520,426.119,410.199,20,17,600,300,15,205.921,-66.3282,-60,0,1,0,1,internal_airspace,0,1
47,fence24,random_waypoint,1,560,520,426.119,410.199,20,18,400,300,15,113.362,-61.1436,-60,0,1,0,1,internal_airspace,0,1
47,fence24,random_waypoint,1,560,520,426.119,410.199,20,19,300,300,15,167.555,-64.5374,-60,0,1,0,1,internal_airspace,0,1
47,fence24,random_waypoint,1,560,520,426.119,410.199,20,20,300,500,15,154.904,-63.8555,-60,0,1,0,1,internal_airspace,0,1
47,fence24,random_waypoint,1,560,520,426.119,410.199,20,21,500,350,15,95.4323,-59.6481,-60,1,1,0,1,internal_airspace,0,1
47,fence24,random_waypoint,1,560,520,426.119,410.199,20,22,700,500,15,288.271,-69.2502,-60,0,1,0,1,internal_airspace,0,1
47,fence24,random_waypoint,1,560,520,426.119,410.199,20,23,500,650,15,250.974,-68.0468,-60,0,1,0,1,internal_airspace,0,1
48,fence24,random_waypoint,1,560,520,436.081,411.062,20,0,250,300,15,216.763,-66.7739,-60,0,1,0,1,internal_airspace,0,1
48,fence24,random_waypoint,1,560,520,436.081,411.062,20,1,250,350,15,195.908,-65.8953,-60,0,1,0,1,internal_airspace,0,1
48,fence24,random_waypoint,1,560,520,436.081,411.062,20,2,250,450,15,190.177,-65.6374,-60,0,1,0,1,internal_airspace,0,1
48,fence24,random_waypoint,1,560,520,436.081,411.062,20,3,250,550,15,232.282,-67.3745,-60,0,1,0,1,internal_airspace,0,1
48,fence24,random_waypoint,1,560,520,436.081,411.062,20,4,250,650,15,302.89,-69.6799,-60,0,1,0,1,internal_airspace,0,1
48,fence24,random_waypoint,1,560,520,436.081,411.062,20,5,250,700,15,343.71,-70.7781,-60,0,1,0,1,internal_airspace,0,1
48,fence24,random_waypoint,1,560,520,436.081,411.062,20,6,300,700,15,319.419,-70.1414,-60,0,1,0,1,internal_airspace,0,1
48,fence24,random_waypoint,1,560,520,436.081,411.062,20,7,400,700,15,291.225,-69.3388,-60,0,1,0,1,internal_airspace,0,1
48,fence24,random_waypoint,1,560,520,436.081,411.062,20,8,600,700,15,332.234,-70.4831,-60,0,1,0,1,internal_airspace,0,1
48,fence24,random_waypoint,1,560,520,436.081,411.062,20,9,700,700,15,391.361,-71.9058,-60,0,1,0,1,internal_airspace,0,1
48,fence24,random_waypoint,1,560,520,436.081,411.062,20,10,750,700,15,426.679,-72.6563,-60,0,1,0,1,internal_airspace,0,1
48,fence24,random_waypoint,1,560,520,436.081,411.062,20,11,750,650,15,394.539,-71.976,-60,0,1,0,1,internal_airspace,0,1
48,fence24,random_waypoint,1,560,520,436.081,411.062,20,12,750,550,15,343.327,-70.7684,-60,0,1,0,1,internal_airspace,0,1
48,fence24,random_waypoint,1,560,520,436.081,411.062,20,13,750,450,15,316.364,-70.058,-60,0,1,0,1,internal_airspace,0,1
48,fence24,random_waypoint,1,560,520,436.081,411.062,20,14,750,350,15,319.841,-70.1529,-60,0,1,0,1,internal_airspace,0,1
48,fence24,random_waypoint,1,560,520,436.081,411.062,20,15,750,300,15,333.024,-70.5037,-60,0,1,0,1,internal_airspace,0,1
48,fence24,random_waypoint,1,560,520,436.081,411.062,20,16,700,300,15,286.379,-69.193,-60,0,1,0,1,internal_airspace,0,1
48,fence24,random_waypoint,1,560,520,436.081,411.062,20,17,600,300,15,198.063,-65.9903,-60,0,1,0,1,internal_airspace,0,1
48,fence24,random_waypoint,1,560,520,436.081,411.062,20,18,400,300,15,116.883,-61.4093,-60,0,1,0,1,internal_airspace,0,1
48,fence24,random_waypoint,1,560,520,436.081,411.062,20,19,300,300,15,175.721,-64.9507,-60,0,1,0,1,internal_airspace,0,1
48,fence24,random_waypoint,1,560,520,436.081,411.062,20,20,300,500,15,162.644,-64.279,-60,0,1,0,1,internal_airspace,0,1
48,fence24,random_waypoint,1,560,520,436.081,411.062,20,21,500,350,15,88.5392,-58.9969,-60,1,1,0,1,internal_airspace,0,1
48,fence24,random_waypoint,1,560,520,436.081,411.062,20,22,700,500,15,278.546,-68.9522,-60,0,1,0,1,internal_airspace,0,1
48,fence24,random_waypoint,1,560,520,436.081,411.062,20,23,500,650,15,247.39,-67.9219,-60,0,1,0,1,internal_airspace,0,1
49,fence24,random_waypoint,1,560,520,446.044,411.926,20,0,250,300,15,225.8,-67.1287,-60,0,1,0,1,internal_airspace,0,1
49,fence24,random_waypoint,1,560,520,446.044,411.926,20,1,250,350,15,205.653,-66.3169,-60,0,1,0,1,internal_airspace,0,1
49,fence24,random_waypoint,1,560,520,446.044,411.926,20,2,250,450,15,199.77,-66.0648,-60,0,1,0,1,internal_airspace,0,1
49,fence24,random_waypoint,1,560,520,446.044,411.926,20,3,250,550,15,239.839,-67.6526,-60,0,1,0,1,internal_airspace,0,1
49,fence24,random_waypoint,1,560,520,446.044,411.926,20,4,250,650,15,308.444,-69.8377,-60,0,1,0,1,internal_airspace,0,1
49,fence24,random_waypoint,1,560,520,446.044,411.926,20,5,250,700,15,348.49,-70.898,-60,0,1,0,1,internal_airspace,0,1
49,fence24,random_waypoint,1,560,520,446.044,411.926,20,6,300,700,15,323.018,-70.2388,-60,0,1,0,1,internal_airspace,0,1
49,fence24,random_waypoint,1,560,520,446.044,411.926,20,7,400,700,15,291.774,-69.3551,-60,0,1,0,1,internal_airspace,0,1
49,fence24,random_waypoint,1,560,520,446.044,411.926,20,8,600,700,15,326.672,-70.3365,-60,0,1,0,1,internal_airspace,0,1
49,fence24,random_waypoint,1,560,520,446.044,411.926,20,9,700,700,15,384.064,-71.7423,-60,0,1,0,1,internal_airspace,0,1
49,fence24,random_waypoint,1,560,520,446.044,411.926,20,10,750,700,15,418.809,-72.4945,-60,0,1,0,1,internal_airspace,0,1
49,fence24,random_waypoint,1,560,520,446.044,411.926,20,11,750,650,15,386.127,-71.7888,-60,0,1,0,1,internal_airspace,0,1
49,fence24,random_waypoint,1,560,520,446.044,411.926,20,12,750,550,15,333.884,-70.5261,-60,0,1,0,1,internal_airspace,0,1
49,fence24,random_waypoint,1,560,520,446.044,411.926,20,13,750,450,15,306.372,-69.7792,-60,0,1,0,1,internal_airspace,0,1
49,fence24,random_waypoint,1,560,520,446.044,411.926,20,14,750,350,15,310.24,-69.8882,-60,0,1,0,1,internal_airspace,0,1
49,fence24,random_waypoint,1,560,520,446.044,411.926,20,15,750,300,15,323.947,-70.2637,-60,0,1,0,1,internal_airspace,0,1
49,fence24,random_waypoint,1,560,520,446.044,411.926,20,16,700,300,15,277.572,-68.9217,-60,0,1,0,1,internal_airspace,0,1
49,fence24,random_waypoint,1,560,520,446.044,411.926,20,17,600,300,15,190.407,-65.6479,-60,0,1,0,1,internal_airspace,0,1
49,fence24,random_waypoint,1,560,520,446.044,411.926,20,18,400,300,15,121.13,-61.7192,-60,0,1,0,1,internal_airspace,0,1
49,fence24,random_waypoint,1,560,520,446.044,411.926,20,19,300,300,15,184.068,-65.3538,-60,0,1,0,1,internal_airspace,0,1
49,fence24,random_waypoint,1,560,520,446.044,411.926,20,20,300,500,15,170.619,-64.6948,-60,0,1,0,1,internal_airspace,0,1
49,fence24,random_waypoint,1,560,520,446.044,411.926,20,21,500,350,15,82.2863,-58.3608,-60,1,1,0,1,internal_airspace,0,1
49,fence24,random_waypoint,1,560,520,446.044,411.926,20,22,700,500,15,268.842,-68.6442,-60,0,1,0,1,internal_airspace,0,1
49,fence24,random_waypoint,1,560,520,446.044,411.926,20,23,500,650,15,244.163,-67.8078,-60,0,1,0,1,internal_airspace,0,1
50,fence24,random_waypoint,1,560,520,455.656,413.531,20,0,250,300,15,234.966,-67.4743,-60,0,1,0,1,internal_airspace,0,1
50,fence24,random_waypoint,1,560,520,455.656,413.531,20,1,250,350,15,215.304,-66.7153,-60,0,1,0,1,internal_airspace,0,1
50,fence24,random_waypoint,1,560,520,455.656,413.531,20,2,250,450,15,208.925,-66.454,-60,0,1,0,1,internal_airspace,0,1
50,fence24,random_waypoint,1,560,520,455.656,413.531,20,3,250,550,15,246.867,-67.9035,-60,0,1,0,1,internal_airspace,0,1
50,fence24,random_waypoint,1,560,520,455.656,413.531,20,4,250,650,15,313.428,-69.977,-60,0,1,0,1,internal_airspace,0,1
50,fence24,random_waypoint,1,560,520,455.656,413.531,20,5,250,700,15,352.681,-71.0019,-60,0,1,0,1,internal_airspace,0,1
50,fence24,random_waypoint,1,560,520,455.656,413.531,20,6,300,700,15,326.065,-70.3203,-60,0,1,0,1,internal_airspace,0,1
50,fence24,random_waypoint,1,560,520,455.656,413.531,20,7,400,700,15,291.868,-69.358,-60,0,1,0,1,internal_airspace,0,1
50,fence24,random_waypoint,1,560,520,455.656,413.531,20,8,600,700,15,320.818,-70.1794,-60,0,1,0,1,internal_airspace,0,1
50,fence24,random_waypoint,1,560,520,455.656,413.531,20,9,700,700,15,376.554,-71.5708,-60,0,1,0,1,internal_airspace,0,1
50,fence24,random_waypoint,1,560,520,455.656,413.531,20,10,750,700,15,410.765,-72.3261,-60,0,1,0,1,internal_airspace,0,1
50,fence24,random_waypoint,1,560,520,455.656,413.531,20,11,750,650,15,377.599,-71.5948,-60,0,1,0,1,internal_airspace,0,1
50,fence24,random_waypoint,1,560,520,455.656,413.531,20,12,750,550,15,324.479,-70.278,-60,0,1,0,1,internal_airspace,0,1
50,fence24,random_waypoint,1,560,520,455.656,413.531,20,13,750,450,15,296.636,-69.4987,-60,0,1,0,1,internal_airspace,0,1
50,fence24,random_waypoint,1,560,520,455.656,413.531,20,14,750,350,15,301.163,-69.6303,-60,0,1,0,1,internal_airspace,0,1
50,fence24,random_waypoint,1,560,520,455.656,413.531,20,15,750,300,15,315.519,-70.0347,-60,0,1,0,1,internal_airspace,0,1
50,fence24,random_waypoint,1,560,520,455.656,413.531,20,16,700,300,15,269.477,-68.6647,-60,0,1,0,1,internal_airspace,0,1
50,fence24,random_waypoint,1,560,520,455.656,413.531,20,17,600,300,15,183.71,-65.3369,-60,0,1,0,1,internal_airspace,0,1
50,fence24,random_waypoint,1,560,520,455.656,413.531,20,18,400,300,15,126.538,-62.0987,-60,0,1,0,1,internal_airspace,0,1
50,fence24,random_waypoint,1,560,520,455.656,413.531,20,19,300,300,15,192.726,-65.753,-60,0,1,0,1,internal_airspace,0,1
50,fence24,random_waypoint,1,560,520,455.656,413.531,20,20,300,500,15,178.131,-65.069,-60,0,1,0,1,internal_airspace,0,1
50,fence24,random_waypoint,1,560,520,455.656,413.531,20,21,500,350,15,77.6373,-57.8556,-60,1,1,0,1,internal_airspace,0,1
50,fence24,random_waypoint,1,560,520,455.656,413.531,20,22,700,500,15,259.241,-68.3283,-60,0,1,0,1,internal_airspace,0,1
50,fence24,random_waypoint,1,560,520,455.656,413.531,20,23,500,650,15,240.643,-67.6817,-60,0,1,0,1,internal_airspace,0,1
51,fence24,random_waypoint,1,560,520,462.656,420.673,20,0,250,300,15,244.56,-67.8219,-60,0,1,0,1,internal_airspace,0,1
51,fence24,random_waypoint,1,560,520,462.656,420.673,20,1,250,350,15,224.148,-67.0649,-60,0,1,0,1,internal_airspace,0,1
51,fence24,random_waypoint,1,560,520,462.656,420.673,20,2,250,450,15,214.727,-66.6919,-60,0,1,0,1,internal_airspace,0,1
51,fence24,random_waypoint,1,560,520,462.656,420.673,20,3,250,550,15,248.944,-67.9762,-60,0,1,0,1,internal_airspace,0,1
51,fence24,random_waypoint,1,560,520,462.656,420.673,20,4,250,650,15,312.791,-69.9593,-60,0,1,0,1,internal_airspace,0,1
51,fence24,random_waypoint,1,560,520,462.656,420.673,20,5,250,700,15,351.1,-70.9628,-60,0,1,0,1,internal_airspace,0,1
51,fence24,random_waypoint,1,560,520,462.656,420.673,20,6,300,700,15,323.273,-70.2456,-60,0,1,0,1,internal_airspace,0,1
51,fence24,random_waypoint,1,560,520,462.656,420.673,20,7,400,700,15,286.312,-69.191,-60,0,1,0,1,internal_airspace,0,1
51,fence24,random_waypoint,1,560,520,462.656,420.673,20,8,600,700,15,311.307,-69.918,-60,0,1,0,1,internal_airspace,0,1
51,fence24,random_waypoint,1,560,520,462.656,420.673,20,9,700,700,15,366.58,-71.3376,-60,0,1,0,1,internal_airspace,0,1
51,fence24,random_waypoint,1,560,520,462.656,420.673,20,10,750,700,15,400.768,-72.1121,-60,0,1,0,1,internal_airspace,0,1
51,fence24,random_waypoint,1,560,520,462.656,420.673,20,11,750,650,15,367.672,-71.3634,-60,0,1,0,1,internal_airspace,0,1
51,fence24,random_waypoint,1,560,520,462.656,420.673,20,12,750,550,15,315.146,-70.0245,-60,0,1,0,1,internal_airspace,0,1
51,fence24,random_waypoint,1,560,520,462.656,420.673,20,13,750,450,15,288.88,-69.2686,-60,0,1,0,1,internal_airspace,0,1
51,fence24,random_waypoint,1,560,520,462.656,420.673,20,14,750,350,15,295.95,-69.4786,-60,0,1,0,1,internal_airspace,0,1
51,fence24,random_waypoint,1,560,520,462.656,420.673,20,15,750,300,15,311.695,-69.9288,-60,0,1,0,1,internal_airspace,0,1
51,fence24,random_waypoint,1,560,520,462.656,420.673,20,16,700,300,15,266.307,-68.5619,-60,0,1,0,1,internal_airspace,0,1
51,fence24,random_waypoint,1,560,520,462.656,420.673,20,17,600,300,15,182.895,-65.2982,-60,0,1,0,1,internal_airspace,0,1
51,fence24,random_waypoint,1,560,520,462.656,420.673,20,18,400,300,15,136.062,-62.7289,-60,0,1,0,1,internal_airspace,0,1
51,fence24,random_waypoint,1,560,520,462.656,420.673,20,19,300,300,15,202.593,-66.1867,-60,0,1,0,1,internal_airspace,0,1
51,fence24,random_waypoint,1,560,520,462.656,420.673,20,20,300,500,15,181.038,-65.2096,-60,0,1,0,1,internal_airspace,0,1
51,fence24,random_waypoint,1,560,520,462.656,420.673,20,21,500,350,15,80.0892,-58.1257,-60,1,1,0,1,internal_airspace,0,1
51,fence24,random_waypoint,1,560,520,462.656,420.673,20,22,700,500,15,250.3,-68.0234,-60,0,1,0,1,internal_airspace,0,1
51,fence24,random_waypoint,1,560,520,462.656,420.673,20,23,500,650,15,232.401,-67.379,-60,0,1,0,1,internal_airspace,0,1
52,fence24,random_waypoint,1,560,520,469.655,427.815,20,0,250,300,15,254.185,-68.1572,-60,0,1,0,1,internal_airspace,0,1
52,fence24,random_waypoint,1,560,520,469.655,427.815,20,1,250,350,15,233.085,-67.4045,-60,0,1,0,1,internal_airspace,0,1
52,fence24,random_waypoint,1,560,520,469.655,427.815,20,2,250,450,15,220.829,-66.9354,-60,0,1,0,1,internal_airspace,0,1
52,fence24,random_waypoint,1,560,520,469.655,427.815,20,3,250,550,15,251.401,-68.0616,-60,0,1,0,1,internal_airspace,0,1
52,fence24,random_waypoint,1,560,520,469.655,427.815,20,4,250,650,15,312.473,-69.9505,-60,0,1,0,1,internal_airspace,0,1
52,fence24,random_waypoint,1,560,520,469.655,427.815,20,5,250,700,15,349.797,-70.9306,-60,0,1,0,1,internal_airspace,0,1
52,fence24,random_waypoint,1,560,520,469.655,427.815,20,6,300,700,15,320.769,-70.1781,-60,0,1,0,1,internal_airspace,0,1
52,fence24,random_waypoint,1,560,520,469.655,427.815,20,7,400,700,15,281.001,-69.0284,-60,0,1,0,1,internal_airspace,0,1
52,fence24,random_waypoint,1,560,520,469.655,427.815,20,8,600,700,15,301.827,-69.6494,-60,0,1,0,1,internal_airspace,0,1
52,fence24,random_waypoint,1,560,520,469.655,427.815,20,9,700,700,15,356.607,-71.098,-60,0,1,0,1,internal_airspace,0,1
52,fence24,random_waypoint,1,560,520,469.655,427.815,20,10,750,700,15,390.772,-71.8927,-60,0,1,0,1,internal_airspace,0,1
52,fence24,random_waypoint,1,560,520,469.655,427.815,20,11,750,650,15,357.749,-71.1258,-60,0,1,0,1,internal_airspace,0,1
52,fence24,random_waypoint,1,560,520,469.655,427.815,20,12,750,550,15,305.855,-69.7645,-60,0,1,0,1,internal_airspace,0,1
52,fence24,random_waypoint,1,560,520,469.655,427.815,20,13,750,450,15,281.266,-69.0366,-60,0,1,0,1,internal_airspace,0,1
52,fence24,random_waypoint,1,560,520,469.655,427.815,20,14,750,350,15,290.987,-69.3317,-60,0,1,0,1,internal_airspace,0,1
52,fence24,random_waypoint,1,560,520,469.655,427.815,20,15,750,300,15,308.147,-69.8294,-60,0,1,0,1,internal_airspace,0,1
52,fence24,random_waypoint,1,560,520,469.655,427.815,20,16,700,300,15,263.478,-68.4691,-60,0,1,0,1,internal_airspace,0,1
52,fence24,random_waypoint,1,560,520,469.655,427.815,20,17,600,300,15,182.624,-65.2854,-60,0,1,0,1,internal_airspace,0,1
52,fence24,random_waypoint,1,560,520,469.655,427.815,20,18,400,300,15,145.649,-63.3204,-60,0,1,0,1,internal_airspace,0,1
52,fence24,random_waypoint,1,560,520,469.655,427.815,20,19,300,300,15,212.473,-66.6003,-60,0,1,0,1,internal_airspace,0,1
52,fence24,random_waypoint,1,560,520,469.655,427.815,20,20,300,500,15,184.441,-65.3714,-60,0,1,0,1,internal_airspace,0,1
52,fence24,random_waypoint,1,560,520,469.655,427.815,20,21,500,350,15,83.6719,-58.5058,-60,1,1,0,1,internal_airspace,0,1
52,fence24,random_waypoint,1,560,520,469.655,427.815,20,22,700,500,15,241.442,-67.7105,-60,0,1,0,1,internal_airspace,0,1
52,fence24,random_waypoint,1,560,520,469.655,427.815,20,23,500,650,15,224.303,-67.0709,-60,0,1,0,1,internal_airspace,0,1
53,fence24,random_waypoint,1,560,520,476.655,434.957,20,0,250,300,15,263.839,-68.481,-60,0,1,0,1,internal_airspace,0,1
53,fence24,random_waypoint,1,560,520,476.655,434.957,20,1,250,350,15,242.105,-67.7343,-60,0,1,0,1,internal_airspace,0,1
53,fence24,random_waypoint,1,560,520,476.655,434.957,20,2,250,450,15,227.208,-67.1827,-60,0,1,0,1,internal_airspace,0,1
53,fence24,random_waypoint,1,560,520,476.655,434.957,20,3,250,550,15,254.229,-68.1587,-60,0,1,0,1,internal_airspace,0,1
53,fence24,random_waypoint,1,560,520,476.655,434.957,20,4,250,650,15,312.475,-69.9505,-60,0,1,0,1,internal_airspace,0,1
53,fence24,random_waypoint,1,560,520,476.655,434.957,20,5,250,700,15,348.777,-70.9052,-60,0,1,0,1,internal_airspace,0,1
53,fence24,random_waypoint,1,560,520,476.655,434.957,20,6,300,700,15,318.559,-70.118,-60,0,1,0,1,internal_airspace,0,1
53,fence24,random_waypoint,1,560,520,476.655,434.957,20,7,400,700,15,275.951,-68.8708,-60,0,1,0,1,internal_airspace,0,1
53,fence24,random_waypoint,1,560,520,476.655,434.957,20,8,600,700,15,292.381,-69.3732,-60,0,1,0,1,internal_airspace,0,1
53,fence24,random_waypoint,1,560,520,476.655,434.957,20,9,700,700,15,346.635,-70.8517,-60,0,1,0,1,internal_airspace,0,1
53,fence24,random_waypoint,1,560,520,476.655,434.957,20,10,750,700,15,380.776,-71.6676,-60,0,1,0,1,internal_airspace,0,1
53,fence24,random_waypoint,1,560,520,476.655,434.957,20,11,750,650,15,347.831,-70.8816,-60,0,1,0,1,internal_airspace,0,1
53,fence24,random_waypoint,1,560,520,476.655,434.957,20,12,750,550,15,296.61,-69.4979,-60,0,1,0,1,internal_airspace,0,1
53,fence24,random_waypoint,1,560,520,476.655,434.957,20,13,750,450,15,273.805,-68.803,-60,0,1,0,1,internal_airspace,0,1
53,fence24,random_waypoint,1,560,520,476.655,434.957,20,14,750,350,15,286.287,-69.1903,-60,0,1,0,1,internal_airspace,0,1
53,fence24,random_waypoint,1,560,520,476.655,434.957,20,15,750,300,15,304.887,-69.737,-60,0,1,0,1,internal_airspace,0,1
53,fence24,random_waypoint,1,560,520,476.655,434.957,20,16,700,300,15,261.001,-68.3871,-60,0,1,0,1,internal_airspace,0,1
53,fence24,random_waypoint,1,560,520,476.655,434.957,20,17,600,300,15,182.9,-65.2985,-60,0,1,0,1,internal_airspace,0,1
53,fence24,random_waypoint,1,560,520,476.655,434.957,20,18,400,300,15,155.288,-63.877,-60,0,1,0,1,internal_airspace,0,1
53,fence24,random_waypoint,1,560,520,476.655,434.957,20,19,300,300,15,222.363,-66.9955,-60,0,1,0,1,internal_airspace,0,1
53,fence24,random_waypoint,1,560,520,476.655,434.957,20,20,300,500,15,188.315,-65.5519,-60,0,1,0,1,internal_airspace,0,1
53,fence24,random_waypoint,1,560,520,476.655,434.957,20,21,500,350,15,88.248,-58.9683,-60,1,1,0,1,internal_airspace,0,1
53,fence24,random_waypoint,1,560,520,476.655,434.957,20,22,700,500,15,232.677,-67.3893,-60,0,1,0,1,internal_airspace,0,1
53,fence24,random_waypoint,1,560,520,476.655,434.957,20,23,500,650,15,216.364,-66.7579,-60,0,1,0,1,internal_airspace,0,1
54,fence24,random_waypoint,1,560,520,483.654,442.099,20,0,250,300,15,273.517,-68.7939,-60,0,1,0,1,internal_airspace,0,1
54,fence24,random_waypoint,1,560,520,483.654,442.099,20,1,250,350,15,251.2,-68.0546,-60,0,1,0,1,internal_airspace,0,1
54,fence24,random_waypoint,1,560,520,483.654,442.099,20,2,250,450,15,233.841,-67.4326,-60,0,1,0,1,internal_airspace,0,1
54,fence24,random_waypoint,1,560,520,483.654,442.099,20,3,250,550,15,257.414,-68.2669,-60,0,1,0,1,internal_airspace,0,1
54,fence24,random_waypoint,1,560,520,483.654,442.099,20,4,250,650,15,312.797,-69.9595,-60,0,1,0,1,internal_airspace,0,1
54,fence24,random_waypoint,1,560,520,483.654,442.099,20,5,250,700,15,348.04,-70.8868,-60,0,1,0,1,internal_airspace,0,1
54,fence24,random_waypoint,1,560,520,483.654,442.099,20,6,300,700,15,316.649,-70.0658,-60,0,1,0,1,internal_airspace,0,1
54,fence24,random_waypoint,1,560,520,483.654,442.099,20,7,400,700,15,271.175,-68.7192,-60,0,1,0,1,internal_airspace,0,1
54,fence24,random_waypoint,1,560,520,483.654,442.099,20,8,600,700,15,282.974,-69.0892,-60,0,1,0,1,internal_airspace,0,1
54,fence24,random_waypoint,1,560,520,483.654,442.099,20,9,700,700,15,336.665,-70.5982,-60,0,1,0,1,internal_airspace,0,1
54,fence24,random_waypoint,1,560,520,483.654,442.099,20,10,750,700,15,370.78,-71.4366,-60,0,1,0,1,internal_airspace,0,1
54,fence24,random_waypoint,1,560,520,483.654,442.099,20,11,750,650,15,337.917,-70.6304,-60,0,1,0,1,internal_airspace,0,1
54,fence24,random_waypoint,1,560,520,483.654,442.099,20,12,750,550,15,287.416,-69.2244,-60,0,1,0,1,internal_airspace,0,1
54,fence24,random_waypoint,1,560,520,483.654,442.099,20,13,750,450,15,266.51,-68.5685,-60,0,1,0,1,internal_airspace,0,1
54,fence24,random_waypoint,1,560,520,483.654,442.099,20,14,750,350,15,281.864,-69.055,-60,0,1,0,1,internal_airspace,0,1
54,fence24,random_waypoint,1,560,520,483.654,442.099,20,15,750,300,15,301.923,-69.6521,-60,0,1,0,1,internal_airspace,0,1
54,fence24,random_waypoint,1,560,520,483.654,442.099,20,16,700,300,15,258.887,-68.3164,-60,0,1,0,1,internal_airspace,0,1
54,fence24,random_waypoint,1,560,520,483.654,442.099,20,17,600,300,15,183.721,-65.3374,-60,0,1,0,1,internal_airspace,0,1
54,fence24,random_waypoint,1,560,520,483.654,442.099,20,18,400,300,15,164.97,-64.4023,-60,0,1,0,1,internal_airspace,0,1
54,fence24,random_waypoint,1,560,520,483.654,442.099,20,19,300,300,15,232.263,-67.3738,-60,0,1,0,1,internal_airspace,0,1
54,fence24,random_waypoint,1,560,520,483.654,442.099,20,20,300,500,15,192.63,-65.7487,-60,0,1,0,1,internal_airspace,0,1
54,fence24,random_waypoint,1,560,520,483.654,442.099,20,21,500,350,15,93.6719,-59.4864,-60,1,1,0,1,internal_airspace,0,1
54,fence24,random_waypoint,1,560,520,483.654,442.099,20,22,700,500,15,224.016,-67.0598,-60,0,1,0,1,internal_airspace,0,1
54,fence24,random_waypoint,1,560,520,483.654,442.099,20,23,500,650,15,208.602,-66.4406,-60,0,1,0,1,internal_airspace,0,1
55,fence24,random_waypoint,1,560,520,490.654,449.241,20,0,250,300,15,283.217,-69.0966,-60,0,0,0,1,internal_airspace,0,1
55,fence24,random_waypoint,1,560,520,490.654,449.241,20,1,250,350,15,260.361,-68.3657,-60,0,0,0,1,internal_airspace,0,1
55,fence24,random_waypoint,1,560,520,490.654,449.241,20,2,250,450,15,240.707,-67.684,-60,0,0,0,1,internal_airspace,0,1
55,fence24,random_waypoint,1,560,520,490.654,449.241,20,3,250,550,15,260.943,-68.3852,-60,0,0,0,1,internal_airspace,0,1
55,fence24,random_waypoint,1,560,520,490.654,449.241,20,4,250,650,15,313.438,-69.9773,-60,0,0,0,1,internal_airspace,0,1
55,fence24,random_waypoint,1,560,520,490.654,449.241,20,5,250,700,15,347.591,-70.8756,-60,0,0,0,1,internal_airspace,0,1
55,fence24,random_waypoint,1,560,520,490.654,449.241,20,6,300,700,15,315.046,-70.0217,-60,0,0,0,1,internal_airspace,0,1
55,fence24,random_waypoint,1,560,520,490.654,449.241,20,7,400,700,15,266.689,-68.5743,-60,0,0,0,1,internal_airspace,0,1
55,fence24,random_waypoint,1,560,520,490.654,449.241,20,8,600,700,15,273.609,-68.7968,-60,0,0,0,1,internal_airspace,0,1
55,fence24,random_waypoint,1,560,520,490.654,449.241,20,9,700,700,15,326.697,-70.3371,-60,0,0,0,1,internal_airspace,0,1
55,fence24,random_waypoint,1,560,520,490.654,449.241,20,10,750,700,15,360.785,-71.1992,-60,0,0,0,1,internal_airspace,0,1
55,fence24,random_waypoint,1,560,520,490.654,449.241,20,11,750,650,15,328.009,-70.3719,-60,0,0,0,1,internal_airspace,0,1
55,fence24,random_waypoint,1,560,520,490.654,449.241,20,12,750,550,15,278.277,-68.9438,-60,0,0,0,1,internal_airspace,0,1
55,fence24,random_waypoint,1,560,520,490.654,449.241,20,13,750,450,15,259.396,-68.3335,-60,0,0,0,1,internal_airspace,0,1
55,fence24,random_waypoint,1,560,520,490.654,449.241,20,14,750,350,15,277.731,-68.9267,-60,0,0,0,1,internal_airspace,0,1
55,fence24,random_waypoint,1,560,520,490.654,449.241,20,15,750,300,15,299.263,-69.5753,-60,0,0,0,1,internal_airspace,0,1
55,fence24,random_waypoint,1,560,520,490.654,449.241,20,16,700,300,15,257.146,-68.2578,-60,0,0,0,1,internal_airspace,0,1
55,fence24,random_waypoint,1,560,520,490.654,449.241,20,17,600,300,15,185.08,-65.4014,-60,0,0,0,1,internal_airspace,0,1
55,fence24,random_waypoint,1,560,520,490.654,449.241,20,18,400,300,15,174.688,-64.8995,-60,0,0,0,1,internal_airspace,0,1
55,fence24,random_waypoint,1,560,520,490.654,449.241,20,19,300,300,15,242.171,-67.7367,-60,0,0,0,1,internal_airspace,0,1
55,fence24,random_waypoint,1,560,520,490.654,449.241,20,20,300,500,15,197.358,-65.9593,-60,0,0,0,1,internal_airspace,0,1
55,fence24,random_waypoint,1,560,520,490.654,449.241,20,21,500,350,15,99.8055,-60.0373,-60,0,0,0,1,internal_airspace,0,1
55,fence24,random_waypoint,1,560,520,490.654,449.241,20,22,700,500,15,215.47,-66.722,-60,0,0,0,1,internal_airspace,0,1
55,fence24,random_waypoint,1,560,520,490.654,449.241,20,23,500,650,15,201.039,-66.1198,-60,0,0,0,1,internal_airspace,0,1
56,fence24,random_waypoint,1,560,520,497.653,456.383,20,0,250,300,15,292.938,-69.3897,-60,0,0,0,1,internal_airspace,0,1
56,fence24,random_waypoint,1,560,520,497.653,456.383,20,1,250,350,15,269.582,-68.668,-60,0,0,0,1,internal_airspace,0,1
56,fence24,random_waypoint,1,560,520,497.653,456.383,20,2,250,450,15,247.786,-67.9357,-60,0,0,0,1,internal_airspace,0,1
56,fence24,random_waypoint,1,560,520,497.653,456.383,20,3,250,550,15,264.804,-68.5127,-60,0,0,0,1,internal_airspace,0,1
56,fence24,random_waypoint,1,560,520,497.653,456.383,20,4,250,650,15,314.395,-70.0038,-60,0,0,0,1,internal_airspace,0,1
56,fence24,random_waypoint,1,560,520,497.653,456.383,20,5,250,700,15,347.428,-70.8715,-60,0,0,0,1,internal_airspace,0,1
56,fence24,random_waypoint,1,560,520,497.653,456.383,20,6,300,700,15,313.753,-69.986,-60,0,0,0,1,internal_airspace,0,1
56,fence24,random_waypoint,1,560,520,497.653,456.383,20,7,400,700,15,262.508,-68.4371,-60,0,0,0,1,internal_airspace,0,1
56,fence24,random_waypoint,1,560,520,497.653,456.383,20,8,600,700,15,264.29,-68.4958,-60,0,0,0,1,internal_airspace,0,1
56,fence24,random_waypoint,1,560,520,497.653,456.383,20,9,700,700,15,316.731,-70.068,-60,0,0,0,1,internal_airspace,0,1
56,fence24,random_waypoint,1,560,520,497.653,456.383,20,10,750,700,15,350.789,-70.9552,-60,0,0,0,1,internal_airspace,0,1
56,fence24,random_waypoint,1,560,520,497.653,456.383,20,11,750,650,15,318.106,-70.1057,-60,0,0,0,1,internal_airspace,0,1
56,fence24,random_waypoint,1,560,520,497.653,456.383,20,12,750,550,15,269.199,-68.6557,-60,0,0,0,1,internal_airspace,0,1
56,fence24,random_waypoint,1,560,520,497.653,456.383,20,13,750,450,15,252.477,-68.0987,-60,0,0,0,1,internal_airspace,0,1
56,fence24,random_waypoint,1,560,520,497.653,456.383,20,14,750,350,15,273.9,-68.8061,-60,0,0,0,1,internal_airspace,0,1
56,fence24,random_waypoint,1,560,520,497.653,456.383,20,15,750,300,15,296.917,-69.5069,-60,0,0,0,1,internal_airspace,0,1
56,fence24,random_waypoint,1,560,520,497.653,456.383,20,16,700,300,15,255.783,-68.2117,-60,0,0,0,1,internal_airspace,0,1
56,fence24,random_waypoint,1,560,520,497.653,456.383,20,17,600,300,15,186.964,-65.4894,-60,0,0,0,1,internal_airspace,0,1
56,fence24,random_waypoint,1,560,520,497.653,456.383,20,18,400,300,15,184.436,-65.3712,-60,0,0,0,1,internal_airspace,0,1
56,fence24,random_waypoint,1,560,520,497.653,456.383,20,19,300,300,15,252.086,-68.0852,-60,0,0,0,1,internal_airspace,0,1
56,fence24,random_waypoint,1,560,520,497.653,456.383,20,20,300,500,15,202.47,-66.1814,-60,0,0,0,1,internal_airspace,0,1
56,fence24,random_waypoint,1,560,520,497.653,456.383,20,21,500,350,15,106.526,-60.6034,-60,0,0,0,1,internal_airspace,0,1
56,fence24,random_waypoint,1,560,520,497.653,456.383,20,22,700,500,15,207.055,-66.3759,-60,0,0,0,1,internal_airspace,0,1
56,fence24,random_waypoint,1,560,520,497.653,456.383,20,23,500,650,15,193.696,-65.7966,-60,0,0,0,1,internal_airspace,0,1
57,fence24,random_waypoint,1,560,520,504.652,463.525,20,0,250,300,15,302.677,-69.6738,-60,0,0,0,1,internal_airspace,0,1
57,fence24,random_waypoint,1,560,520,504.652,463.525,20,1,250,350,15,278.856,-68.9618,-60,0,0,0,1,internal_airspace,0,1
57,fence24,random_waypoint,1,560,520,504.652,463.525,20,2,250,450,15,255.06,-68.1871,-60,0,0,0,1,internal_airspace,0,1
57,fence24,random_waypoint,1,560,520,504.652,463.525,20,3,250,550,15,268.981,-68.6487,-60,0,0,0,1,internal_airspace,0,1
57,fence24,random_waypoint,1,560,520,504.652,463.525,20,4,250,650,15,315.667,-70.0388,-60,0,0,0,1,internal_airspace,0,1
57,fence24,random_waypoint,1,560,520,504.652,463.525,20,5,250,700,15,347.553,-70.8747,-60,0,0,0,1,internal_airspace,0,1
57,fence24,random_waypoint,1,560,520,504.652,463.525,20,6,300,700,15,312.775,-69.9589,-60,0,0,0,1,internal_airspace,0,1
57,fence24,random_waypoint,1,560,520,504.652,463.525,20,7,400,700,15,258.646,-68.3083,-60,0,0,0,1,internal_airspace,0,1
57,fence24,random_waypoint,1,560,520,504.652,463.525,20,8,600,700,15,255.023,-68.1858,-60,0,0,0,1,internal_airspace,0,1
57,fence24,random_waypoint,1,560,520,504.652,463.525,20,9,700,700,15,306.767,-69.7904,-60,0,0,0,1,internal_airspace,0,1
57,fence24,random_waypoint,1,560,520,504.652,463.525,20,10,750,700,15,340.794,-70.7041,-60,0,0,0,1,internal_airspace,0,1
57,fence24,random_waypoint,1,560,520,504.652,463.525,20,11,750,650,15,308.21,-69.8312,-60,0,0,0,1,internal_airspace,0,1
57,fence24,random_waypoint,1,560,520,504.652,463.525,20,12,750,550,15,260.189,-68.36,-60,0,0,0,1,internal_airspace,0,1
57,fence24,random_waypoint,1,560,520,504.652,463.525,20,13,750,450,15,245.771,-67.8648,-60,0,0,0,1,internal_airspace,0,1
57,fence24,random_waypoint,1,560,520,504.652,463.525,20,14,750,350,15,270.386,-68.6939,-60,0,0,0,1,internal_airspace,0,1
57,fence24,random_waypoint,1,560,520,504.652,463.525,20,15,750,300,15,294.891,-69.4475,-60,0,0,0,1,internal_airspace,0,1
57,fence24,random_waypoint,1,560,520,504.652,463.525,20,16,700,300,15,254.806,-68.1784,-60,0,0,0,1,internal_airspace,0,1
57,fence24,random_waypoint,1,560,520,504.652,463.525,20,17,600,300,15,189.358,-65.5999,-60,0,0,0,1,internal_airspace,0,1
57,fence24,random_waypoint,1,560,520,504.652,463.525,20,18,400,300,15,194.21,-65.8197,-60,0,0,0,1,internal_airspace,0,1
57,fence24,random_waypoint,1,560,520,504.652,463.525,20,19,300,300,15,262.008,-68.4205,-60,0,0,0,1,internal_airspace,0,1
57,fence24,random_waypoint,1,560,520,504.652,463.525,20,20,300,500,15,207.938,-66.4129,-60,0,0,0,1,internal_airspace,0,1
57,fence24,random_waypoint,1,560,520,504.652,463.525,20,21,500,350,15,113.73,-61.1717,-60,0,0,0,1,internal_airspace,0,1
57,fence24,random_waypoint,1,560,520,504.652,463.525,20,22,700,500,15,198.787,-66.022,-60,0,0,0,1,internal_airspace,0,1
57,fence24,random_waypoint,1,560,520,504.652,463.525,20,23,500,650,15,186.6,-65.4725,-60,0,0,0,1,internal_airspace,0,1
58,fence24,random_waypoint,1,560,520,511.652,470.667,20,0,250,300,15,312.432,-69.9493,-60,0,0,0,1,internal_airspace,0,1
58,fence24,random_waypoint,1,560,520,511.652,470.667,20,1,250,350,15,288.179,-69.2475,-60,0,0,0,1,internal_airspace,0,1
58,fence24,random_waypoint,1,560,520,511.652,470.667,20,2,250,450,15,262.514,-68.4373,-60,0,0,0,1,internal_airspace,0,1
58,fence24,random_waypoint,1,560,520,511.652,470.667,20,3,250,550,15,273.46,-68.7921,-60,0,0,0,1,internal_airspace,0,1
58,fence24,random_waypoint,1,560,520,511.652,470.667,20,4,250,650,15,317.249,-70.0822,-60,0,0,0,1,internal_airspace,0,1
58,fence24,random_waypoint,1,560,520,511.652,470.667,20,5,250,700,15,347.966,-70.885,-60,0,0,0,1,internal_airspace,0,1
58,fence24,random_waypoint,1,560,520,511.652,470.667,20,6,300,700,15,312.114,-69.9405,-60,0,0,0,1,internal_airspace,0,1
58,fence24,random_waypoint,1,560,520,511.652,470.667,20,7,400,700,15,255.117,-68.189,-60,0,0,0,1,internal_airspace,0,1
58,fence24,random_waypoint,1,560,520,511.652,470.667,20,8,600,700,15,245.813,-67.8663,-60,0,0,0,1,internal_airspace,0,1
58,fence24,random_waypoint,1,560,520,511.652,470.667,20,9,700,700,15,296.806,-69.5037,-60,0,0,0,1,internal_airspace,0,1
58,fence24,random_waypoint,1,560,520,511.652,470.667,20,10,750,700,15,330.8,-70.4455,-60,0,0,0,1,internal_airspace,0,1
58,fence24,random_waypoint,1,560,520,511.652,470.667,20,11,750,650,15,298.321,-69.5479,-60,0,0,0,1,internal_airspace,0,1
58,fence24,random_waypoint,1,560,520,511.652,470.667,20,12,750,550,15,251.254,-68.0565,-60,0,0,0,1,internal_airspace,0,1
58,fence24,random_waypoint,1,560,520,511.652,470.667,20,13,750,450,15,239.295,-67.6329,-60,0,0,0,1,internal_airspace,0,1
58,fence24,random_waypoint,1,560,520,511.652,470.667,20,14,750,350,15,267.199,-68.5909,-60,0,0,0,1,internal_airspace,0,1
58,fence24,random_waypoint,1,560,520,511.652,470.667,20,15,750,300,15,293.193,-69.3973,-60,0,0,0,1,internal_airspace,0,1
58,fence24,random_waypoint,1,560,520,511.652,470.667,20,16,700,300,15,254.219,-68.1584,-60,0,0,0,1,internal_airspace,0,1
58,fence24,random_waypoint,1,560,520,511.652,470.667,20,17,600,300,15,192.244,-65.7313,-60,0,0,0,1,internal_airspace,0,1
58,fence24,random_waypoint,1,560,520,511.652,470.667,20,18,400,300,15,204.006,-66.2471,-60,0,0,0,1,internal_airspace,0,1
58,fence24,random_waypoint,1,560,520,511.652,470.667,20,19,300,300,15,271.935,-68.7435,-60,0,0,0,1,internal_airspace,0,1
58,fence24,random_waypoint,1,560,520,511.652,470.667,20,20,300,500,15,213.733,-66.6517,-60,0,0,0,1,internal_airspace,0,1
58,fence24,random_waypoint,1,560,520,511.652,470.667,20,21,500,350,15,121.331,-61.7337,-60,0,0,0,1,internal_airspace,0,1
58,fence24,random_waypoint,1,560,520,511.652,470.667,20,22,700,500,15,190.684,-65.6605,-60,0,0,0,1,internal_airspace,0,1
58,fence24,random_waypoint,1,560,520,511.652,470.667,20,23,500,650,15,179.781,-65.1491,-60,0,0,0,1,internal_airspace,0,1
59,fence24,random_waypoint,1,560,520,518.651,477.809,20,0,250,300,15,322.203,-70.2168,-60,0,0,0,1,internal_airspace,0,1
59,fence24,random_waypoint,1,560,520,518.651,477.809,20,1,250,350,15,297.546,-69.5253,-60,0,0,0,1,internal_airspace,0,1
59,fence24,random_waypoint,1,560,520,518.651,477.809,20,2,250,450,15,270.133,-68.6858,-60,0,0,0,1,internal_airspace,0,1
59,fence24,random_waypoint,1,560,520,518.651,477.809,20,3,250,550,15,278.227,-68.9422,-60,0,0,0,1,internal_airspace,0,1
59,fence24,random_waypoint,1,560,520,518.651,477.809,20,4,250,650,15,319.137,-70.1338,-60,0,0,0,1,internal_airspace,0,1
59,fence24,random_waypoint,1,560,520,518.651,477.809,20,5,250,700,15,348.665,-70.9024,-60,0,0,0,1,internal_airspace,0,1
59,fence24,random_waypoint,1,560,520,518.651,477.809,20,6,300,700,15,311.773,-69.931,-60,0,0,0,1,internal_airspace,0,1
59,fence24,random_waypoint,1,560,520,518.651,477.809,20,7,400,700,15,251.936,-68.08,-60,0,0,0,1,internal_airspace,0,1
59,fence24,random_waypoint,1,560,520,518.651,477.809,20,8,600,700,15,236.667,-67.537,-60,0,0,0,1,internal_airspace,0,1
59,fence24,random_waypoint,1,560,520,518.651,477.809,20,9,700,700,15,286.847,-69.2072,-60,0,0,0,1,internal_airspace,0,1
59,fence24,random_waypoint,1,560,520,518.651,477.809,20,10,750,700,15,320.805,-70.1791,-60,0,0,0,1,internal_airspace,0,1
59,fence24,random_waypoint,1,560,520,518.651,477.809,20,11,750,650,15,288.439,-69.2553,-60,0,0,0,1,internal_airspace,0,1
59,fence24,random_waypoint,1,560,520,518.651,477.809,20,12,750,550,15,242.402,-67.745,-60,0,0,0,1,internal_airspace,0,1
59,fence24,random_waypoint,1,560,520,518.651,477.809,20,13,750,450,15,233.068,-67.4039,-60,0,0,0,1,internal_airspace,0,1
59,fence24,random_waypoint,1,560,520,518.651,477.809,20,14,750,350,15,264.353,-68.4979,-60,0,0,0,1,internal_airspace,0,1
59,fence24,random_waypoint,1,560,520,518.651,477.809,20,15,750,300,15,291.828,-69.3567,-60,0,0,0,1,internal_airspace,0,1
59,fence24,random_waypoint,1,560,520,518.651,477.809,20,16,700,300,15,254.024,-68.1517,-60,0,0,0,1,internal_airspace,0,1
59,fence24,random_waypoint,1,560,520,518.651,477.809,20,17,600,300,15,195.598,-65.8815,-60,0,0,0,1,internal_airspace,0,1
59,fence24,random_waypoint,1,560,520,518.651,477.809,20,18,400,300,15,213.82,-66.6552,-60,0,0,0,1,internal_airspace,0,1
59,fence24,random_waypoint,1,560,520,518.651,477.809,20,19,300,300,15,281.868,-69.0551,-60,0,0,0,1,internal_airspace,0,1
59,fence24,random_waypoint,1,560,520,518.651,477.809,20,20,300,500,15,219.831,-66.896,-60,0,0,0,1,internal_airspace,0,1
59,fence24,random_waypoint,1,560,520,518.651,477.809,20,21,500,350,15,129.259,-62.2835,-60,0,0,0,1,internal_airspace,0,1
59,fence24,random_waypoint,1,560,520,518.651,477.809,20,22,700,500,15,182.77,-65.2923,-60,0,0,0,1,internal_airspace,0,1
59,fence24,random_waypoint,1,560,520,518.651,477.809,20,23,500,650,15,173.27,-64.8287,-60,0,0,0,1,internal_airspace,0,1
60,fence24,random_waypoint,1,560,520,525.651,484.951,20,0,250,300,15,331.987,-70.4766,-60,0,0,0,1,critical_zone,0,1
60,fence24,random_waypoint,1,560,520,525.651,484.951,20,1,250,350,15,306.953,-69.7957,-60,0,0,0,1,critical_zone,0,1
60,fence24,random_waypoint,1,560,520,525.651,484.951,20,2,250,450,15,277.903,-68.9321,-60,0,0,0,1,critical_zone,0,1
60,fence24,random_waypoint,1,560,520,525.651,484.951,20,3,250,550,15,283.266,-69.0981,-60,0,0,0,1,critical_zone,0,1
60,fence24,random_waypoint,1,560,520,525.651,484.951,20,4,250,650,15,321.325,-70.1931,-60,0,0,0,1,critical_zone,0,1
60,fence24,random_waypoint,1,560,520,525.651,484.951,20,5,250,700,15,349.649,-70.9269,-60,0,0,0,1,critical_zone,0,1
60,fence24,random_waypoint,1,560,520,525.651,484.951,20,6,300,700,15,311.752,-69.9304,-60,0,0,0,1,critical_zone,0,1
60,fence24,random_waypoint,1,560,520,525.651,484.951,20,7,400,700,15,249.117,-67.9823,-60,0,0,0,1,critical_zone,0,1
60,fence24,random_waypoint,1,560,520,525.651,484.951,20,8,600,700,15,227.594,-67.1974,-60,0,0,0,1,critical_zone,0,1
60,fence24,random_waypoint,1,560,520,525.651,484.951,20,9,700,700,15,276.891,-68.9004,-60,0,0,0,1,critical_zone,0,1
60,fence24,random_waypoint,1,560,520,525.651,484.951,20,10,750,700,15,310.811,-69.9042,-60,0,0,0,1,critical_zone,0,1
60,fence24,random_waypoint,1,560,520,525.651,484.951,20,11,750,650,15,278.566,-68.9528,-60,0,0,0,1,critical_zone,0,1
60,fence24,random_waypoint,1,560,520,525.651,484.951,20,12,750,550,15,233.643,-67.4253,-60,0,0,0,1,critical_zone,0,1
60,fence24,random_waypoint,1,560,520,525.651,484.951,20,13,750,450,15,227.111,-67.179,-60,0,0,0,1,critical_zone,0,1
60,fence24,random_waypoint,1,560,520,525.651,484.951,20,14,750,350,15,261.858,-68.4155,-60,0,0,0,1,critical_zone,0,1
60,fence24,random_waypoint,1,560,520,525.651,484.951,20,15,750,300,15,290.8,-69.3261,-60,0,0,0,1,critical_zone,0,1
60,fence24,random_waypoint,1,560,520,525.651,484.951,20,16,700,300,15,254.223,-68.1585,-60,0,0,0,1,critical_zone,0,1
60,fence24,random_waypoint,1,560,520,525.651,484.951,20,17,600,300,15,199.398,-66.0487,-60,0,0,0,1,critical_zone,0,1
60,fence24,random_waypoint,1,560,520,525.651,484.951,20,18,400,300,15,223.651,-67.0457,-60,0,0,0,1,critical_zone,0,1
60,fence24,random_waypoint,1,560,520,525.651,484.951,20,19,300,300,15,291.805,-69.3561,-60,0,0,0,1,critical_zone,0,1
60,fence24,random_waypoint,1,560,520,525.651,484.951,20,20,300,500,15,226.207,-67.1444,-60,0,0,0,1,critical_zone,0,1
60,fence24,random_waypoint,1,560,520,525.651,484.951,20,21,500,350,15,137.458,-62.8176,-60,0,0,0,1,critical_zone,0,1
60,fence24,random_waypoint,1,560,520,525.651,484.951,20,22,700,500,15,175.069,-64.9184,-60,0,0,0,1,critical_zone,0,1
60,fence24,random_waypoint,1,560,520,525.651,484.951,20,23,500,650,15,167.105,-64.514,-60,0,0,0,1,critical_zone,0,1
61,fence24,random_waypoint,1,560,520,532.65,492.093,20,0,250,300,15,341.783,-70.7292,-60,0,0,0,1,critical_zone,0,1
61,fence24,random_waypoint,1,560,520,532.65,492.093,20,1,250,350,15,316.396,-70.0588,-60,0,0,0,1,critical_zone,0,1
61,fence24,random_waypoint,1,560,520,532.65,492.093,20,2,250,450,15,285.811,-69.1758,-60,0,0,0,1,critical_zone,0,1
61,fence24,random_waypoint,1,560,520,532.65,492.093,20,3,250,550,15,288.564,-69.2591,-60,0,0,0,1,critical_zone,0,1
61,fence24,random_waypoint,1,560,520,532.65,492.093,20,4,250,650,15,323.807,-70.2599,-60,0,0,0,1,critical_zone,0,1
61,fence24,random_waypoint,1,560,520,532.65,492.093,20,5,250,700,15,350.915,-70.9583,-60,0,0,0,1,critical_zone,0,1
61,fence24,random_waypoint,1,560,520,532.65,492.093,20,6,300,700,15,312.052,-69.9388,-60,0,0,0,1,critical_zone,0,1
61,fence24,random_waypoint,1,560,520,532.65,492.093,20,7,400,700,15,246.671,-67.8966,-60,0,0,0,1,critical_zone,0,1
61,fence24,random_waypoint,1,560,520,532.65,492.093,20,8,600,700,15,218.601,-66.8473,-60,0,0,0,1,critical_zone,0,1
61,fence24,random_waypoint,1,560,520,532.65,492.093,20,9,700,700,15,266.939,-68.5825,-60,0,0,0,1,critical_zone,0,1
61,fence24,random_waypoint,1,560,520,532.65,492.093,20,10,750,700,15,300.818,-69.6203,-60,0,0,0,1,critical_zone,0,1
61,fence24,random_waypoint,1,560,520,532.65,492.093,20,11,750,650,15,268.702,-68.6396,-60,0,0,0,1,critical_zone,0,1
61,fence24,random_waypoint,1,560,520,532.65,492.093,20,12,750,550,15,224.987,-67.0974,-60,0,0,0,1,critical_zone,0,1
61,fence24,random_waypoint,1,560,520,532.65,492.093,20,13,750,450,15,221.445,-66.9595,-60,0,0,0,1,critical_zone,0,1
61,fence24,random_waypoint,1,560,520,532.65,492.093,20,14,750,350,15,259.724,-68.3445,-60,0,0,0,1,critical_zone,0,1
61,fence24,random_waypoint,1,560,520,532.65,492.093,20,15,750,300,15,290.113,-69.3056,-60,0,0,0,1,critical_zone,0,1
61,fence24,random_waypoint,1,560,520,532.65,492.093,20,16,700,300,15,254.815,-68.1787,-60,0,0,0,1,critical_zone,0,1
61,fence24,random_waypoint,1,560,520,532.65,492.093,20,17,600,300,15,203.619,-66.2306,-60,0,0,0,1,critical_zone,0,1
61,fence24,random_waypoint,1,560,520,532.65,492.093,20,18,400,300,15,233.497,-67.4198,-60,0,0,0,1,critical_zone,0,1
61,fence24,random_waypoint,1,560,520,532.65,492.093,20,19,300,300,15,301.746,-69.6471,-60,0,0,0,1,critical_zone,0,1
61,fence24,random_waypoint,1,560,520,532.65,492.093,20,20,300,500,15,232.838,-67.3953,-60,0,0,0,1,critical_zone,0,1
61,fence24,random_waypoint,1,560,520,532.65,492.093,20,21,500,350,15,145.882,-63.3342,-60,0,0,0,1,critical_zone,0,1
61,fence24,random_waypoint,1,560,520,532.65,492.093,20,22,700,500,15,167.611,-64.5403,-60,0,0,0,1,critical_zone,0,1
61,fence24,random_waypoint,1,560,520,532.65,492.093,20,23,500,650,15,161.325,-64.2082,-60,0,0,0,1,critical_zone,0,1
62,fence24,random_waypoint,1,560,520,539.65,499.235,20,0,250,300,15,351.591,-70.975,-60,0,0,0,1,critical_zone,0,1
62,fence24,random_waypoint,1,560,520,539.65,499.235,20,1,250,350,15,325.873,-70.3152,-60,0,0,0,1,critical_zone,0,1
62,fence24,random_waypoint,1,560,520,539.65,499.235,20,2,250,450,15,293.847,-69.4166,-60,0,0,0,1,critical_zone,0,1
62,fence24,random_waypoint,1,560,520,539.65,499.235,20,3,250,550,15,294.107,-69.4243,-60,0,0,0,1,critical_zone,0,1
62,fence24,random_waypoint,1,560,520,539.65,499.235,20,4,250,650,15,326.576,-70.3339,-60,0,0,0,1,critical_zone,0,1
62,fence24,random_waypoint,1,560,520,539.65,499.235,20,5,250,700,15,352.461,-70.9964,-60,0,0,0,1,critical_zone,0,1
62,fence24,random_waypoint,1,560,520,539.65,499.235,20,6,300,700,15,312.672,-69.956,-60,0,0,0,1,critical_zone,0,1
62,fence24,random_waypoint,1,560,520,539.65,499.235,20,7,400,700,15,244.609,-67.8237,-60,0,0,0,1,critical_zone,0,1
62,fence24,random_waypoint,1,560,520,539.65,499.235,20,8,600,700,15,209.699,-66.4862,-60,0,0,0,1,critical_zone,0,1
62,fence24,random_waypoint,1,560,520,539.65,499.235,20,9,700,700,15,256.99,-68.2525,-60,0,0,0,1,critical_zone,0,1
62,fence24,random_waypoint,1,560,520,539.65,499.235,20,10,750,700,15,290.825,-69.3268,-60,0,0,0,1,critical_zone,0,1
62,fence24,random_waypoint,1,560,520,539.65,499.235,20,11,750,650,15,258.848,-68.3151,-60,0,0,0,1,critical_zone,0,1
62,fence24,random_waypoint,1,560,520,539.65,499.235,20,12,750,550,15,216.447,-66.7613,-60,0,0,0,1,critical_zone,0,1
62,fence24,random_waypoint,1,560,520,539.65,499.235,20,13,750,450,15,216.094,-66.7471,-60,0,0,0,1,critical_zone,0,1
62,fence24,random_waypoint,1,560,520,539.65,499.235,20,14,750,350,15,257.96,-68.2853,-60,0,0,0,1,critical_zone,0,1
62,fence24,random_waypoint,1,560,520,539.65,499.235,20,15,750,300,15,289.77,-69.2953,-60,0,0,0,1,critical_zone,0,1
62,fence24,random_waypoint,1,560,520,539.65,499.235,20,16,700,300,15,255.797,-68.2121,-60,0,0,0,1,critical_zone,0,1
62,fence24,random_waypoint,1,560,520,539.65,499.235,20,17,600,300,15,208.235,-66.4253,-60,0,0,0,1,critical_zone,0,1
62,fence24,random_waypoint,1,560,520,539.65,499.235,20,18,400,300,15,243.355,-67.779,-60,0,0,0,1,critical_zone,0,1
62,fence24,random_waypoint,1,560,520,539.65,499.235,20,19,300,300,15,311.691,-69.9287,-60,0,0,0,1,critical_zone,0,1
62,fence24,random_waypoint,1,560,520,539.65,499.235,20,20,300,500,15,239.703,-67.6477,-60,0,0,0,1,critical_zone,0,1
62,fence24,random_waypoint,1,560,520,539.65,499.235,20,21,500,350,15,154.493,-63.8324,-60,0,0,0,1,critical_zone,0,1
62,fence24,random_waypoint,1,560,520,539.65,499.235,20,22,700,500,15,160.43,-64.16,-60,0,0,0,1,critical_zone,0,1
62,fence24,random_waypoint,1,560,520,539.65,499.235,20,23,500,650,15,155.972,-63.9151,-60,0,0,0,1,critical_zone,0,1
63,fence24,random_waypoint,1,560,520,546.649,506.377,20,0,250,300,15,361.41,-71.2142,-60,0,0,0,1,critical_zone,0,1
63,fence24,random_waypoint,1,560,520,546.649,506.377,20,1,250,350,15,335.379,-70.565,-60,0,0,0,1,critical_zone,0,1
63,fence24,random_waypoint,1,560,520,546.649,506.377,20,2,250,450,15,302,-69.6544,-60,0,0,0,1,critical_zone,0,1
63,fence24,random_waypoint,1,560,520,546.649,506.377,20,3,250,550,15,299.881,-69.5932,-60,0,0,0,1,critical_zone,0,1
63,fence24,random_waypoint,1,560,520,546.649,506.377,20,4,250,650,15,329.626,-70.4146,-60,0,0,0,1,critical_zone,0,1
63,fence24,random_waypoint,1,560,520,546.649,506.377,20,5,250,700,15,354.282,-71.0412,-60,0,0,0,1,critical_zone,0,1
63,fence24,random_waypoint,1,560,520,546.649,506.377,20,6,300,700,15,313.609,-69.982,-60,0,0,0,1,critical_zone,0,1
63,fence24,random_waypoint,1,560,520,546.649,506.377,20,7,400,700,15,242.942,-67.7643,-60,0,0,0,1,critical_zone,0,1
63,fence24,random_waypoint,1,560,520,546.649,506.377,20,8,600,700,15,200.901,-66.1139,-60,0,0,0,1,critical_zone,0,1
63,fence24,random_waypoint,1,560,520,546.649,506.377,20,9,700,700,15,247.045,-67.9098,-60,0,0,0,1,critical_zone,0,1
63,fence24,random_waypoint,1,560,520,546.649,506.377,20,10,750,700,15,280.832,-69.0232,-60,0,0,0,1,critical_zone,0,1
63,fence24,random_waypoint,1,560,520,546.649,506.377,20,11,750,650,15,249.006,-67.9784,-60,0,0,0,1,critical_zone,0,1
63,fence24,random_waypoint,1,560,520,546.649,506.377,20,12,750,550,15,208.038,-66.4171,-60,0,0,0,1,critical_zone,0,1
63,fence24,random_waypoint,1,560,520,546.649,506.377,20,13,750,450,15,211.081,-66.5432,-60,0,0,0,1,critical_zone,0,1
63,fence24,random_waypoint,1,560,520,546.649,506.377,20,14,750,350,15,256.574,-68.2385,-60,0,0,0,1,critical_zone,0,1
63,fence24,random_waypoint,1,560,520,546.649,506.377,20,15,750,300,15,289.773,-69.2954,-60,0,0,0,1,critical_zone,0,1
63,fence24,random_waypoint,1,560,520,546.649,506.377,20,16,700,300,15,257.163,-68.2584,-60,0,0,0,1,critical_zone,0,1
63,fence24,random_waypoint,1,560,520,546.649,506.377,20,17,600,300,15,213.22,-66.6308,-60,0,0,0,1,critical_zone,0,1
63,fence24,random_waypoint,1,560,520,546.649,506.377,20,18,400,300,15,253.224,-68.1243,-60,0,0,0,1,critical_zone,0,1
63,fence24,random_waypoint,1,560,520,546.649,506.377,20,19,300,300,15,321.64,-70.2016,-60,0,0,0,1,critical_zone,0,1
63,fence24,random_waypoint,1,560,520,546.649,506.377,20,20,300,500,15,246.782,-67.9005,-60,0,0,0,1,critical_zone,0,1
63,fence24,random_waypoint,1,560,520,546.649,506.377,20,21,500,350,15,163.263,-64.312,-60,0,0,0,1,critical_zone,0,1
63,fence24,random_waypoint,1,560,520,546.649,506.377,20,22,700,500,15,153.565,-63.7801,-60,0,0,0,1,critical_zone,0,1
63,fence24,random_waypoint,1,560,520,546.649,506.377,20,23,500,650,15,151.092,-63.639,-60,0,0,0,1,critical_zone,0,1
64,fence24,random_waypoint,1,560,520,553.648,513.519,20,0,250,300,15,371.238,-71.4473,-60,0,0,0,1,critical_zone,0,1
64,fence24,random_waypoint,1,560,520,553.648,513.519,20,1,250,350,15,344.914,-70.8084,-60,0,0,0,1,critical_zone,0,1
64,fence24,random_waypoint,1,560,520,553.648,513.519,20,2,250,450,15,310.261,-69.8888,-60,0,0,0,1,critical_zone,0,1
64,fence24,random_waypoint,1,560,520,553.648,513.519,20,3,250,550,15,305.873,-69.765,-60,0,0,0,1,critical_zone,0,1
64,fence24,random_waypoint,1,560,520,553.648,513.519,20,4,250,650,15,332.948,-70.5018,-60,0,0,0,1,critical_zone,0,1
64,fence24,random_waypoint,1,560,520,553.648,513.519,20,5,250,700,15,356.374,-71.0923,-60,0,0,0,1,critical_zone,0,1
64,fence24,random_waypoint,1,560,520,553.648,513.519,20,6,300,700,15,314.861,-70.0166,-60,0,0,0,1,critical_zone,0,1
64,fence24,random_waypoint,1,560,520,553.648,513.519,20,7,400,700,15,241.677,-67.7189,-60,0,0,0,1,critical_zone,0,1
64,fence24,random_waypoint,1,560,520,553.648,513.519,20,8,600,700,15,192.22,-65.7302,-60,0,0,0,1,critical_zone,0,1
64,fence24,random_waypoint,1,560,520,553.648,513.519,20,9,700,700,15,237.105,-67.5531,-60,0,0,0,1,critical_zone,0,1
64,fence24,random_waypoint,1,560,520,553.648,513.519,20,10,750,700,15,270.84,-68.7085,-60,0,0,0,1,critical_zone,0,1
64,fence24,random_waypoint,1,560,520,553.648,513.519,20,11,750,650,15,239.178,-67.6286,-60,0,0,0,1,critical_zone,0,1
64,fence24,random_waypoint,1,560,520,553.648,513.519,20,12,750,550,15,199.774,-66.065,-60,0,0,0,1,critical_zone,0,1
64,fence24,random_waypoint,1,560,520,553.648,513.519,20,13,750,450,15,206.431,-66.3497,-60,0,0,0,1,critical_zone,0,1
64,fence24,random_waypoint,1,560,520,553.648,513.519,20,14,750,350,15,255.573,-68.2045,-60,0,0,0,1,critical_zone,0,1
64,fence24,random_waypoint,1,560,520,553.648,513.519,20,15,750,300,15,290.12,-69.3058,-60,0,0,0,1,critical_zone,0,1
64,fence24,random_waypoint,1,560,520,553.648,513.519,20,16,700,300,15,258.91,-68.3172,-60,0,0,0,1,critical_zone,0,1
64,fence24,random_waypoint,1,560,520,553.648,513.519,20,17,600,300,15,218.549,-66.8452,-60,0,0,0,1,critical_zone,0,1
64,fence24,random_waypoint,1,560,520,553.648,513.519,20,18,400,300,15,263.103,-68.4567,-60,0,0,0,1,critical_zone,0,1
64,fence24,random_waypoint,1,560,520,553.648,513.519,20,19,300,300,15,331.591,-70.4663,-60,0,0,0,1,critical_zone,0,1
64,fence24,random_waypoint,1,560,520,553.648,513.519,20,20,300,500,15,254.058,-68.1529,-60,0,0,0,1,critical_zone,0,1
64,fence24,random_waypoint,1,560,520,553.648,513.519,20,21,500,350,15,172.167,-64.7732,-60,0,0,0,1,critical_zone,0,1
64,fence24,random_waypoint,1,560,520,553.648,513.519,20,22,700,500,15,147.06,-63.4041,-60,0,0,0,1,critical_zone,0,1
64,fence24,random_waypoint,1,560,520,553.648,513.519,20,23,500,650,15,146.732,-63.3847,-60,0,0,0,1,critical_zone,0,1
65,fence24,random_waypoint,1,560,520,560,520,20,0,250,300,15,380.164,-71.6537,-60,0,0,0,1,critical_zone,0,1
65,fence24,random_waypoint,1,560,520,560,520,20,1,250,350,15,353.589,-71.0242,-60,0,0,0,1,critical_zone,0,1
65,fence24,random_waypoint,1,560,520,560,520,20,2,250,450,15,317.844,-70.0985,-60,0,0,0,1,critical_zone,0,1
65,fence24,random_waypoint,1,560,520,560,520,20,3,250,550,15,311.488,-69.9231,-60,0,0,0,1,critical_zone,0,1
65,fence24,random_waypoint,1,560,520,560,520,20,4,250,650,15,336.192,-70.586,-60,0,0,0,1,critical_zone,0,1
65,fence24,random_waypoint,1,560,520,560,520,20,5,250,700,15,358.504,-71.1441,-60,0,0,0,1,critical_zone,0,1
65,fence24,random_waypoint,1,560,520,560,520,20,6,300,700,15,316.267,-70.0553,-60,0,0,0,1,critical_zone,0,1
65,fence24,random_waypoint,1,560,520,560,520,20,7,400,700,15,240.884,-67.6904,-60,0,0,0,1,critical_zone,0,1
65,fence24,random_waypoint,1,560,520,560,520,20,8,600,700,15,184.459,-65.3722,-60,0,0,0,1,critical_zone,0,1
65,fence24,random_waypoint,1,560,520,560,520,20,9,700,700,15,228.09,-67.2163,-60,0,0,0,1,critical_zone,0,1
65,fence24,random_waypoint,1,560,520,560,520,20,10,750,700,15,261.773,-68.4127,-60,0,0,0,1,critical_zone,0,1
65,fence24,random_waypoint,1,560,520,560,520,20,11,750,650,15,230.272,-67.299,-60,0,0,0,1,critical_zone,0,1
65,fence24,random_waypoint,1,560,520,560,520,20,12,750,550,15,192.419,-65.7392,-60,0,0,0,1,critical_zone,0,1
65,fence24,random_waypoint,1,560,520,560,520,20,13,750,450,15,202.546,-66.1847,-60,0,0,0,1,critical_zone,0,1
65,fence24,random_waypoint,1,560,520,560,520,20,14,750,350,15,255,-68.185,-60,0,0,0,1,critical_zone,0,1
65,fence24,random_waypoint,1,560,520,560,520,20,15,750,300,15,290.732,-69.3241,-60,0,0,0,1,critical_zone,0,1
65,fence24,random_waypoint,1,560,520,560,520,20,16,700,300,15,260.816,-68.3809,-60,0,0,0,1,critical_zone,0,1
65,fence24,random_waypoint,1,560,520,560,520,20,17,600,300,15,223.663,-67.0461,-60,0,0,0,1,critical_zone,0,1
65,fence24,random_waypoint,1,560,520,560,520,20,18,400,300,15,272.075,-68.748,-60,0,0,0,1,critical_zone,0,1
65,fence24,random_waypoint,1,560,520,560,520,20,19,300,300,15,340.624,-70.6997,-60,0,0,0,1,critical_zone,0,1
65,fence24,random_waypoint,1,560,520,560,520,20,20,300,500,15,260.816,-68.3809,-60,0,0,0,1,critical_zone,0,1
65,fence24,random_waypoint,1,560,520,560,520,20,21,500,350,15,180.347,-65.1764,-60,0,0,0,1,critical_zone,0,1
65,fence24,random_waypoint,1,560,520,560,520,20,22,700,500,15,141.51,-63.07,-60,0,0,0,1,critical_zone,0,1
65,fence24,random_waypoint,1,560,520,560,520,20,23,500,650,15,143.265,-63.1771,-60,0,0,0,1,critical_zone,0,1
66,fence24,random_waypoint,1,560,520,560,520,20,0,250,300,15,380.164,-71.6537,-60,0,0,0,1,critical_zone,0,1
66,fence24,random_waypoint,1,560,520,560,520,20,1,250,350,15,353.589,-71.0242,-60,0,0,0,1,critical_zone,0,1
66,fence24,random_waypoint,1,560,520,560,520,20,2,250,450,15,317.844,-70.0985,-60,0,0,0,1,critical_zone,0,1
66,fence24,random_waypoint,1,560,520,560,520,20,3,250,550,15,311.488,-69.9231,-60,0,0,0,1,critical_zone,0,1
66,fence24,random_waypoint,1,560,520,560,520,20,4,250,650,15,336.192,-70.586,-60,0,0,0,1,critical_zone,0,1
66,fence24,random_waypoint,1,560,520,560,520,20,5,250,700,15,358.504,-71.1441,-60,0,0,0,1,critical_zone,0,1
66,fence24,random_waypoint,1,560,520,560,520,20,6,300,700,15,316.267,-70.0553,-60,0,0,0,1,critical_zone,0,1
66,fence24,random_waypoint,1,560,520,560,520,20,7,400,700,15,240.884,-67.6904,-60,0,0,0,1,critical_zone,0,1
66,fence24,random_waypoint,1,560,520,560,520,20,8,600,700,15,184.459,-65.3722,-60,0,0,0,1,critical_zone,0,1
66,fence24,random_waypoint,1,560,520,560,520,20,9,700,700,15,228.09,-67.2163,-60,0,0,0,1,critical_zone,0,1
66,fence24,random_waypoint,1,560,520,560,520,20,10,750,700,15,261.773,-68.4127,-60,0,0,0,1,critical_zone,0,1
66,fence24,random_waypoint,1,560,520,560,520,20,11,750,650,15,230.272,-67.299,-60,0,0,0,1,critical_zone,0,1
66,fence24,random_waypoint,1,560,520,560,520,20,12,750,550,15,192.419,-65.7392,-60,0,0,0,1,critical_zone,0,1
66,fence24,random_waypoint,1,560,520,560,520,20,13,750,450,15,202.546,-66.1847,-60,0,0,0,1,critical_zone,0,1
66,fence24,random_waypoint,1,560,520,560,520,20,14,750,350,15,255,-68.185,-60,0,0,0,1,critical_zone,0,1
66,fence24,random_waypoint,1,560,520,560,520,20,15,750,300,15,290.732,-69.3241,-60,0,0,0,1,critical_zone,0,1
66,fence24,random_waypoint,1,560,520,560,520,20,16,700,300,15,260.816,-68.3809,-60,0,0,0,1,critical_zone,0,1
66,fence24,random_waypoint,1,560,520,560,520,20,17,600,300,15,223.663,-67.0461,-60,0,0,0,1,critical_zone,0,1
66,fence24,random_waypoint,1,560,520,560,520,20,18,400,300,15,272.075,-68.748,-60,0,0,0,1,critical_zone,0,1
66,fence24,random_waypoint,1,560,520,560,520,20,19,300,300,15,340.624,-70.6997,-60,0,0,0,1,critical_zone,0,1
66,fence24,random_waypoint,1,560,520,560,520,20,20,300,500,15,260.816,-68.3809,-60,0,0,0,1,critical_zone,0,1
66,fence24,random_waypoint,1,560,520,560,520,20,21,500,350,15,180.347,-65.1764,-60,0,0,0,1,critical_zone,0,1
66,fence24,random_waypoint,1,560,520,560,520,20,22,700,500,15,141.51,-63.07,-60,0,0,0,1,critical_zone,0,1
66,fence24,random_waypoint,1,560,520,560,520,20,23,500,650,15,143.265,-63.1771,-60,0,0,0,1,critical_zone,0,1
67,fence24,random_waypoint,1,560,520,560,520,20,0,250,300,15,380.164,-71.6537,-60,0,0,0,1,critical_zone,0,1
67,fence24,random_waypoint,1,560,520,560,520,20,1,250,350,15,353.589,-71.0242,-60,0,0,0,1,critical_zone,0,1
67,fence24,random_waypoint,1,560,520,560,520,20,2,250,450,15,317.844,-70.0985,-60,0,0,0,1,critical_zone,0,1
67,fence24,random_waypoint,1,560,520,560,520,20,3,250,550,15,311.488,-69.9231,-60,0,0,0,1,critical_zone,0,1
67,fence24,random_waypoint,1,560,520,560,520,20,4,250,650,15,336.192,-70.586,-60,0,0,0,1,critical_zone,0,1
67,fence24,random_waypoint,1,560,520,560,520,20,5,250,700,15,358.504,-71.1441,-60,0,0,0,1,critical_zone,0,1
67,fence24,random_waypoint,1,560,520,560,520,20,6,300,700,15,316.267,-70.0553,-60,0,0,0,1,critical_zone,0,1
67,fence24,random_waypoint,1,560,520,560,520,20,7,400,700,15,240.884,-67.6904,-60,0,0,0,1,critical_zone,0,1
67,fence24,random_waypoint,1,560,520,560,520,20,8,600,700,15,184.459,-65.3722,-60,0,0,0,1,critical_zone,0,1
67,fence24,random_waypoint,1,560,520,560,520,20,9,700,700,15,228.09,-67.2163,-60,0,0,0,1,critical_zone,0,1
67,fence24,random_waypoint,1,560,520,560,520,20,10,750,700,15,261.773,-68.4127,-60,0,0,0,1,critical_zone,0,1
67,fence24,random_waypoint,1,560,520,560,520,20,11,750,650,15,230.272,-67.299,-60,0,0,0,1,critical_zone,0,1
67,fence24,random_waypoint,1,560,520,560,520,20,12,750,550,15,192.419,-65.7392,-60,0,0,0,1,critical_zone,0,1
67,fence24,random_waypoint,1,560,520,560,520,20,13,750,450,15,202.546,-66.1847,-60,0,0,0,1,critical_zone,0,1
67,fence24,random_waypoint,1,560,520,560,520,20,14,750,350,15,255,-68.185,-60,0,0,0,1,critical_zone,0,1
67,fence24,random_waypoint,1,560,520,560,520,20,15,750,300,15,290.732,-69.3241,-60,0,0,0,1,critical_zone,0,1
67,fence24,random_waypoint,1,560,520,560,520,20,16,700,300,15,260.816,-68.3809,-60,0,0,0,1,critical_zone,0,1
67,fence24,random_waypoint,1,560,520,560,520,20,17,600,300,15,223.663,-67.0461,-60,0,0,0,1,critical_zone,0,1
67,fence24,random_waypoint,1,560,520,560,520,20,18,400,300,15,272.075,-68.748,-60,0,0,0,1,critical_zone,0,1
67,fence24,random_waypoint,1,560,520,560,520,20,19,300,300,15,340.624,-70.6997,-60,0,0,0,1,critical_zone,0,1
67,fence24,random_waypoint,1,560,520,560,520,20,20,300,500,15,260.816,-68.3809,-60,0,0,0,1,critical_zone,0,1
67,fence24,random_waypoint,1,560,520,560,520,20,21,500,350,15,180.347,-65.1764,-60,0,0,0,1,critical_zone,0,1
67,fence24,random_waypoint,1,560,520,560,520,20,22,700,500,15,141.51,-63.07,-60,0,0,0,1,critical_zone,0,1
67,fence24,random_waypoint,1,560,520,560,520,20,23,500,650,15,143.265,-63.1771,-60,0,0,0,1,critical_zone,0,1
68,fence24,random_waypoint,1,560,520,560,520,20,0,250,300,15,380.164,-71.6537,-60,0,0,0,1,critical_zone,0,1
68,fence24,random_waypoint,1,560,520,560,520,20,1,250,350,15,353.589,-71.0242,-60,0,0,0,1,critical_zone,0,1
68,fence24,random_waypoint,1,560,520,560,520,20,2,250,450,15,317.844,-70.0985,-60,0,0,0,1,critical_zone,0,1
68,fence24,random_waypoint,1,560,520,560,520,20,3,250,550,15,311.488,-69.9231,-60,0,0,0,1,critical_zone,0,1
68,fence24,random_waypoint,1,560,520,560,520,20,4,250,650,15,336.192,-70.586,-60,0,0,0,1,critical_zone,0,1
68,fence24,random_waypoint,1,560,520,560,520,20,5,250,700,15,358.504,-71.1441,-60,0,0,0,1,critical_zone,0,1
68,fence24,random_waypoint,1,560,520,560,520,20,6,300,700,15,316.267,-70.0553,-60,0,0,0,1,critical_zone,0,1
68,fence24,random_waypoint,1,560,520,560,520,20,7,400,700,15,240.884,-67.6904,-60,0,0,0,1,critical_zone,0,1
68,fence24,random_waypoint,1,560,520,560,520,20,8,600,700,15,184.459,-65.3722,-60,0,0,0,1,critical_zone,0,1
68,fence24,random_waypoint,1,560,520,560,520,20,9,700,700,15,228.09,-67.2163,-60,0,0,0,1,critical_zone,0,1
68,fence24,random_waypoint,1,560,520,560,520,20,10,750,700,15,261.773,-68.4127,-60,0,0,0,1,critical_zone,0,1
68,fence24,random_waypoint,1,560,520,560,520,20,11,750,650,15,230.272,-67.299,-60,0,0,0,1,critical_zone,0,1
68,fence24,random_waypoint,1,560,520,560,520,20,12,750,550,15,192.419,-65.7392,-60,0,0,0,1,critical_zone,0,1
68,fence24,random_waypoint,1,560,520,560,520,20,13,750,450,15,202.546,-66.1847,-60,0,0,0,1,critical_zone,0,1
68,fence24,random_waypoint,1,560,520,560,520,20,14,750,350,15,255,-68.185,-60,0,0,0,1,critical_zone,0,1
68,fence24,random_waypoint,1,560,520,560,520,20,15,750,300,15,290.732,-69.3241,-60,0,0,0,1,critical_zone,0,1
68,fence24,random_waypoint,1,560,520,560,520,20,16,700,300,15,260.816,-68.3809,-60,0,0,0,1,critical_zone,0,1
68,fence24,random_waypoint,1,560,520,560,520,20,17,600,300,15,223.663,-67.0461,-60,0,0,0,1,critical_zone,0,1
68,fence24,random_waypoint,1,560,520,560,520,20,18,400,300,15,272.075,-68.748,-60,0,0,0,1,critical_zone,0,1
68,fence24,random_waypoint,1,560,520,560,520,20,19,300,300,15,340.624,-70.6997,-60,0,0,0,1,critical_zone,0,1
68,fence24,random_waypoint,1,560,520,560,520,20,20,300,500,15,260.816,-68.3809,-60,0,0,0,1,critical_zone,0,1
68,fence24,random_waypoint,1,560,520,560,520,20,21,500,350,15,180.347,-65.1764,-60,0,0,0,1,critical_zone,0,1
68,fence24,random_waypoint,1,560,520,560,520,20,22,700,500,15,141.51,-63.07,-60,0,0,0,1,critical_zone,0,1
68,fence24,random_waypoint,1,560,520,560,520,20,23,500,650,15,143.265,-63.1771,-60,0,0,0,1,critical_zone,0,1
69,fence24,random_waypoint,1,560,520,560,520,20,0,250,300,15,380.164,-71.6537,-60,0,0,0,1,critical_zone,0,1
69,fence24,random_waypoint,1,560,520,560,520,20,1,250,350,15,353.589,-71.0242,-60,0,0,0,1,critical_zone,0,1
69,fence24,random_waypoint,1,560,520,560,520,20,2,250,450,15,317.844,-70.0985,-60,0,0,0,1,critical_zone,0,1
69,fence24,random_waypoint,1,560,520,560,520,20,3,250,550,15,311.488,-69.9231,-60,0,0,0,1,critical_zone,0,1
69,fence24,random_waypoint,1,560,520,560,520,20,4,250,650,15,336.192,-70.586,-60,0,0,0,1,critical_zone,0,1
69,fence24,random_waypoint,1,560,520,560,520,20,5,250,700,15,358.504,-71.1441,-60,0,0,0,1,critical_zone,0,1
69,fence24,random_waypoint,1,560,520,560,520,20,6,300,700,15,316.267,-70.0553,-60,0,0,0,1,critical_zone,0,1
69,fence24,random_waypoint,1,560,520,560,520,20,7,400,700,15,240.884,-67.6904,-60,0,0,0,1,critical_zone,0,1
69,fence24,random_waypoint,1,560,520,560,520,20,8,600,700,15,184.459,-65.3722,-60,0,0,0,1,critical_zone,0,1
69,fence24,random_waypoint,1,560,520,560,520,20,9,700,700,15,228.09,-67.2163,-60,0,0,0,1,critical_zone,0,1
69,fence24,random_waypoint,1,560,520,560,520,20,10,750,700,15,261.773,-68.4127,-60,0,0,0,1,critical_zone,0,1
69,fence24,random_waypoint,1,560,520,560,520,20,11,750,650,15,230.272,-67.299,-60,0,0,0,1,critical_zone,0,1
69,fence24,random_waypoint,1,560,520,560,520,20,12,750,550,15,192.419,-65.7392,-60,0,0,0,1,critical_zone,0,1
69,fence24,random_waypoint,1,560,520,560,520,20,13,750,450,15,202.546,-66.1847,-60,0,0,0,1,critical_zone,0,1
69,fence24,random_waypoint,1,560,520,560,520,20,14,750,350,15,255,-68.185,-60,0,0,0,1,critical_zone,0,1
69,fence24,random_waypoint,1,560,520,560,520,20,15,750,300,15,290.732,-69.3241,-60,0,0,0,1,critical_zone,0,1
69,fence24,random_waypoint,1,560,520,560,520,20,16,700,300,15,260.816,-68.3809,-60,0,0,0,1,critical_zone,0,1
69,fence24,random_waypoint,1,560,520,560,520,20,17,600,300,15,223.663,-67.0461,-60,0,0,0,1,critical_zone,0,1
69,fence24,random_waypoint,1,560,520,560,520,20,18,400,300,15,272.075,-68.748,-60,0,0,0,1,critical_zone,0,1
69,fence24,random_waypoint,1,560,520,560,520,20,19,300,300,15,340.624,-70.6997,-60,0,0,0,1,critical_zone,0,1
69,fence24,random_waypoint,1,560,520,560,520,20,20,300,500,15,260.816,-68.3809,-60,0,0,0,1,critical_zone,0,1
69,fence24,random_waypoint,1,560,520,560,520,20,21,500,350,15,180.347,-65.1764,-60,0,0,0,1,critical_zone,0,1
69,fence24,random_waypoint,1,560,520,560,520,20,22,700,500,15,141.51,-63.07,-60,0,0,0,1,critical_zone,0,1
69,fence24,random_waypoint,1,560,520,560,520,20,23,500,650,15,143.265,-63.1771,-60,0,0,0,1,critical_zone,0,1
70,fence24,random_waypoint,1,560,520,560,520,20,0,250,300,15,380.164,-71.6537,-60,0,0,0,1,critical_zone,0,1
70,fence24,random_waypoint,1,560,520,560,520,20,1,250,350,15,353.589,-71.0242,-60,0,0,0,1,critical_zone,0,1
70,fence24,random_waypoint,1,560,520,560,520,20,2,250,450,15,317.844,-70.0985,-60,0,0,0,1,critical_zone,0,1
70,fence24,random_waypoint,1,560,520,560,520,20,3,250,550,15,311.488,-69.9231,-60,0,0,0,1,critical_zone,0,1
70,fence24,random_waypoint,1,560,520,560,520,20,4,250,650,15,336.192,-70.586,-60,0,0,0,1,critical_zone,0,1
70,fence24,random_waypoint,1,560,520,560,520,20,5,250,700,15,358.504,-71.1441,-60,0,0,0,1,critical_zone,0,1
70,fence24,random_waypoint,1,560,520,560,520,20,6,300,700,15,316.267,-70.0553,-60,0,0,0,1,critical_zone,0,1
70,fence24,random_waypoint,1,560,520,560,520,20,7,400,700,15,240.884,-67.6904,-60,0,0,0,1,critical_zone,0,1
70,fence24,random_waypoint,1,560,520,560,520,20,8,600,700,15,184.459,-65.3722,-60,0,0,0,1,critical_zone,0,1
70,fence24,random_waypoint,1,560,520,560,520,20,9,700,700,15,228.09,-67.2163,-60,0,0,0,1,critical_zone,0,1
70,fence24,random_waypoint,1,560,520,560,520,20,10,750,700,15,261.773,-68.4127,-60,0,0,0,1,critical_zone,0,1
70,fence24,random_waypoint,1,560,520,560,520,20,11,750,650,15,230.272,-67.299,-60,0,0,0,1,critical_zone,0,1
70,fence24,random_waypoint,1,560,520,560,520,20,12,750,550,15,192.419,-65.7392,-60,0,0,0,1,critical_zone,0,1
70,fence24,random_waypoint,1,560,520,560,520,20,13,750,450,15,202.546,-66.1847,-60,0,0,0,1,critical_zone,0,1
70,fence24,random_waypoint,1,560,520,560,520,20,14,750,350,15,255,-68.185,-60,0,0,0,1,critical_zone,0,1
70,fence24,random_waypoint,1,560,520,560,520,20,15,750,300,15,290.732,-69.3241,-60,0,0,0,1,critical_zone,0,1
70,fence24,random_waypoint,1,560,520,560,520,20,16,700,300,15,260.816,-68.3809,-60,0,0,0,1,critical_zone,0,1
70,fence24,random_waypoint,1,560,520,560,520,20,17,600,300,15,223.663,-67.0461,-60,0,0,0,1,critical_zone,0,1
70,fence24,random_waypoint,1,560,520,560,520,20,18,400,300,15,272.075,-68.748,-60,0,0,0,1,critical_zone,0,1
70,fence24,random_waypoint,1,560,520,560,520,20,19,300,300,15,340.624,-70.6997,-60,0,0,0,1,critical_zone,0,1
70,fence24,random_waypoint,1,560,520,560,520,20,20,300,500,15,260.816,-68.3809,-60,0,0,0,1,critical_zone,0,1
70,fence24,random_waypoint,1,560,520,560,520,20,21,500,350,15,180.347,-65.1764,-60,0,0,0,1,critical_zone,0,1
70,fence24,random_waypoint,1,560,520,560,520,20,22,700,500,15,141.51,-63.07,-60,0,0,0,1,critical_zone,0,1
70,fence24,random_waypoint,1,560,520,560,520,20,23,500,650,15,143.265,-63.1771,-60,0,0,0,1,critical_zone,0,1
71,fence24,random_waypoint,1,560,520,560,520,20,0,250,300,15,380.164,-71.6537,-60,0,0,0,1,critical_zone,0,1
71,fence24,random_waypoint,1,560,520,560,520,20,1,250,350,15,353.589,-71.0242,-60,0,0,0,1,critical_zone,0,1
71,fence24,random_waypoint,1,560,520,560,520,20,2,250,450,15,317.844,-70.0985,-60,0,0,0,1,critical_zone,0,1
71,fence24,random_waypoint,1,560,520,560,520,20,3,250,550,15,311.488,-69.9231,-60,0,0,0,1,critical_zone,0,1
71,fence24,random_waypoint,1,560,520,560,520,20,4,250,650,15,336.192,-70.586,-60,0,0,0,1,critical_zone,0,1
71,fence24,random_waypoint,1,560,520,560,520,20,5,250,700,15,358.504,-71.1441,-60,0,0,0,1,critical_zone,0,1
71,fence24,random_waypoint,1,560,520,560,520,20,6,300,700,15,316.267,-70.0553,-60,0,0,0,1,critical_zone,0,1
71,fence24,random_waypoint,1,560,520,560,520,20,7,400,700,15,240.884,-67.6904,-60,0,0,0,1,critical_zone,0,1
71,fence24,random_waypoint,1,560,520,560,520,20,8,600,700,15,184.459,-65.3722,-60,0,0,0,1,critical_zone,0,1
71,fence24,random_waypoint,1,560,520,560,520,20,9,700,700,15,228.09,-67.2163,-60,0,0,0,1,critical_zone,0,1
71,fence24,random_waypoint,1,560,520,560,520,20,10,750,700,15,261.773,-68.4127,-60,0,0,0,1,critical_zone,0,1
71,fence24,random_waypoint,1,560,520,560,520,20,11,750,650,15,230.272,-67.299,-60,0,0,0,1,critical_zone,0,1
71,fence24,random_waypoint,1,560,520,560,520,20,12,750,550,15,192.419,-65.7392,-60,0,0,0,1,critical_zone,0,1
71,fence24,random_waypoint,1,560,520,560,520,20,13,750,450,15,202.546,-66.1847,-60,0,0,0,1,critical_zone,0,1
71,fence24,random_waypoint,1,560,520,560,520,20,14,750,350,15,255,-68.185,-60,0,0,0,1,critical_zone,0,1
71,fence24,random_waypoint,1,560,520,560,520,20,15,750,300,15,290.732,-69.3241,-60,0,0,0,1,critical_zone,0,1
71,fence24,random_waypoint,1,560,520,560,520,20,16,700,300,15,260.816,-68.3809,-60,0,0,0,1,critical_zone,0,1
71,fence24,random_waypoint,1,560,520,560,520,20,17,600,300,15,223.663,-67.0461,-60,0,0,0,1,critical_zone,0,1
71,fence24,random_waypoint,1,560,520,560,520,20,18,400,300,15,272.075,-68.748,-60,0,0,0,1,critical_zone,0,1
71,fence24,random_waypoint,1,560,520,560,520,20,19,300,300,15,340.624,-70.6997,-60,0,0,0,1,critical_zone,0,1
71,fence24,random_waypoint,1,560,520,560,520,20,20,300,500,15,260.816,-68.3809,-60,0,0,0,1,critical_zone,0,1
71,fence24,random_waypoint,1,560,520,560,520,20,21,500,350,15,180.347,-65.1764,-60,0,0,0,1,critical_zone,0,1
71,fence24,random_waypoint,1,560,520,560,520,20,22,700,500,15,141.51,-63.07,-60,0,0,0,1,critical_zone,0,1
71,fence24,random_waypoint,1,560,520,560,520,20,23,500,650,15,143.265,-63.1771,-60,0,0,0,1,critical_zone,0,1
72,fence24,random_waypoint,1,560,520,560,520,20,0,250,300,15,380.164,-71.6537,-60,0,0,0,1,critical_zone,0,1
72,fence24,random_waypoint,1,560,520,560,520,20,1,250,350,15,353.589,-71.0242,-60,0,0,0,1,critical_zone,0,1
72,fence24,random_waypoint,1,560,520,560,520,20,2,250,450,15,317.844,-70.0985,-60,0,0,0,1,critical_zone,0,1
72,fence24,random_waypoint,1,560,520,560,520,20,3,250,550,15,311.488,-69.9231,-60,0,0,0,1,critical_zone,0,1
72,fence24,random_waypoint,1,560,520,560,520,20,4,250,650,15,336.192,-70.586,-60,0,0,0,1,critical_zone,0,1
72,fence24,random_waypoint,1,560,520,560,520,20,5,250,700,15,358.504,-71.1441,-60,0,0,0,1,critical_zone,0,1
72,fence24,random_waypoint,1,560,520,560,520,20,6,300,700,15,316.267,-70.0553,-60,0,0,0,1,critical_zone,0,1
72,fence24,random_waypoint,1,560,520,560,520,20,7,400,700,15,240.884,-67.6904,-60,0,0,0,1,critical_zone,0,1
72,fence24,random_waypoint,1,560,520,560,520,20,8,600,700,15,184.459,-65.3722,-60,0,0,0,1,critical_zone,0,1
72,fence24,random_waypoint,1,560,520,560,520,20,9,700,700,15,228.09,-67.2163,-60,0,0,0,1,critical_zone,0,1
72,fence24,random_waypoint,1,560,520,560,520,20,10,750,700,15,261.773,-68.4127,-60,0,0,0,1,critical_zone,0,1
72,fence24,random_waypoint,1,560,520,560,520,20,11,750,650,15,230.272,-67.299,-60,0,0,0,1,critical_zone,0,1
72,fence24,random_waypoint,1,560,520,560,520,20,12,750,550,15,192.419,-65.7392,-60,0,0,0,1,critical_zone,0,1
72,fence24,random_waypoint,1,560,520,560,520,20,13,750,450,15,202.546,-66.1847,-60,0,0,0,1,critical_zone,0,1
72,fence24,random_waypoint,1,560,520,560,520,20,14,750,350,15,255,-68.185,-60,0,0,0,1,critical_zone,0,1
72,fence24,random_waypoint,1,560,520,560,520,20,15,750,300,15,290.732,-69.3241,-60,0,0,0,1,critical_zone,0,1
72,fence24,random_waypoint,1,560,520,560,520,20,16,700,300,15,260.816,-68.3809,-60,0,0,0,1,critical_zone,0,1
72,fence24,random_waypoint,1,560,520,560,520,20,17,600,300,15,223.663,-67.0461,-60,0,0,0,1,critical_zone,0,1
72,fence24,random_waypoint,1,560,520,560,520,20,18,400,300,15,272.075,-68.748,-60,0,0,0,1,critical_zone,0,1
72,fence24,random_waypoint,1,560,520,560,520,20,19,300,300,15,340.624,-70.6997,-60,0,0,0,1,critical_zone,0,1
72,fence24,random_waypoint,1,560,520,560,520,20,20,300,500,15,260.816,-68.3809,-60,0,0,0,1,critical_zone,0,1
72,fence24,random_waypoint,1,560,520,560,520,20,21,500,350,15,180.347,-65.1764,-60,0,0,0,1,critical_zone,0,1
72,fence24,random_waypoint,1,560,520,560,520,20,22,700,500,15,141.51,-63.07,-60,0,0,0,1,critical_zone,0,1
72,fence24,random_waypoint,1,560,520,560,520,20,23,500,650,15,143.265,-63.1771,-60,0,0,0,1,critical_zone,0,1
73,fence24,random_waypoint,1,560,520,560,520,20,0,250,300,15,380.164,-71.6537,-60,0,0,0,1,critical_zone,0,1
73,fence24,random_waypoint,1,560,520,560,520,20,1,250,350,15,353.589,-71.0242,-60,0,0,0,1,critical_zone,0,1
73,fence24,random_waypoint,1,560,520,560,520,20,2,250,450,15,317.844,-70.0985,-60,0,0,0,1,critical_zone,0,1
73,fence24,random_waypoint,1,560,520,560,520,20,3,250,550,15,311.488,-69.9231,-60,0,0,0,1,critical_zone,0,1
73,fence24,random_waypoint,1,560,520,560,520,20,4,250,650,15,336.192,-70.586,-60,0,0,0,1,critical_zone,0,1
73,fence24,random_waypoint,1,560,520,560,520,20,5,250,700,15,358.504,-71.1441,-60,0,0,0,1,critical_zone,0,1
73,fence24,random_waypoint,1,560,520,560,520,20,6,300,700,15,316.267,-70.0553,-60,0,0,0,1,critical_zone,0,1
73,fence24,random_waypoint,1,560,520,560,520,20,7,400,700,15,240.884,-67.6904,-60,0,0,0,1,critical_zone,0,1
73,fence24,random_waypoint,1,560,520,560,520,20,8,600,700,15,184.459,-65.3722,-60,0,0,0,1,critical_zone,0,1
73,fence24,random_waypoint,1,560,520,560,520,20,9,700,700,15,228.09,-67.2163,-60,0,0,0,1,critical_zone,0,1
73,fence24,random_waypoint,1,560,520,560,520,20,10,750,700,15,261.773,-68.4127,-60,0,0,0,1,critical_zone,0,1
73,fence24,random_waypoint,1,560,520,560,520,20,11,750,650,15,230.272,-67.299,-60,0,0,0,1,critical_zone,0,1
73,fence24,random_waypoint,1,560,520,560,520,20,12,750,550,15,192.419,-65.7392,-60,0,0,0,1,critical_zone,0,1
73,fence24,random_waypoint,1,560,520,560,520,20,13,750,450,15,202.546,-66.1847,-60,0,0,0,1,critical_zone,0,1
73,fence24,random_waypoint,1,560,520,560,520,20,14,750,350,15,255,-68.185,-60,0,0,0,1,critical_zone,0,1
73,fence24,random_waypoint,1,560,520,560,520,20,15,750,300,15,290.732,-69.3241,-60,0,0,0,1,critical_zone,0,1
73,fence24,random_waypoint,1,560,520,560,520,20,16,700,300,15,260.816,-68.3809,-60,0,0,0,1,critical_zone,0,1
73,fence24,random_waypoint,1,560,520,560,520,20,17,600,300,15,223.663,-67.0461,-60,0,0,0,1,critical_zone,0,1
73,fence24,random_waypoint,1,560,520,560,520,20,18,400,300,15,272.075,-68.748,-60,0,0,0,1,critical_zone,0,1
73,fence24,random_waypoint,1,560,520,560,520,20,19,300,300,15,340.624,-70.6997,-60,0,0,0,1,critical_zone,0,1
73,fence24,random_waypoint,1,560,520,560,520,20,20,300,500,15,260.816,-68.3809,-60,0,0,0,1,critical_zone,0,1
73,fence24,random_waypoint,1,560,520,560,520,20,21,500,350,15,180.347,-65.1764,-60,0,0,0,1,critical_zone,0,1
73,fence24,random_waypoint,1,560,520,560,520,20,22,700,500,15,141.51,-63.07,-60,0,0,0,1,critical_zone,0,1
73,fence24,random_waypoint,1,560,520,560,520,20,23,500,650,15,143.265,-63.1771,-60,0,0,0,1,critical_zone,0,1
74,fence24,random_waypoint,1,560,520,560,520,20,0,250,300,15,380.164,-71.6537,-60,0,0,0,1,critical_zone,0,1
74,fence24,random_waypoint,1,560,520,560,520,20,1,250,350,15,353.589,-71.0242,-60,0,0,0,1,critical_zone,0,1
74,fence24,random_waypoint,1,560,520,560,520,20,2,250,450,15,317.844,-70.0985,-60,0,0,0,1,critical_zone,0,1
74,fence24,random_waypoint,1,560,520,560,520,20,3,250,550,15,311.488,-69.9231,-60,0,0,0,1,critical_zone,0,1
74,fence24,random_waypoint,1,560,520,560,520,20,4,250,650,15,336.192,-70.586,-60,0,0,0,1,critical_zone,0,1
74,fence24,random_waypoint,1,560,520,560,520,20,5,250,700,15,358.504,-71.1441,-60,0,0,0,1,critical_zone,0,1
74,fence24,random_waypoint,1,560,520,560,520,20,6,300,700,15,316.267,-70.0553,-60,0,0,0,1,critical_zone,0,1
74,fence24,random_waypoint,1,560,520,560,520,20,7,400,700,15,240.884,-67.6904,-60,0,0,0,1,critical_zone,0,1
74,fence24,random_waypoint,1,560,520,560,520,20,8,600,700,15,184.459,-65.3722,-60,0,0,0,1,critical_zone,0,1
74,fence24,random_waypoint,1,560,520,560,520,20,9,700,700,15,228.09,-67.2163,-60,0,0,0,1,critical_zone,0,1
74,fence24,random_waypoint,1,560,520,560,520,20,10,750,700,15,261.773,-68.4127,-60,0,0,0,1,critical_zone,0,1
74,fence24,random_waypoint,1,560,520,560,520,20,11,750,650,15,230.272,-67.299,-60,0,0,0,1,critical_zone,0,1
74,fence24,random_waypoint,1,560,520,560,520,20,12,750,550,15,192.419,-65.7392,-60,0,0,0,1,critical_zone,0,1
74,fence24,random_waypoint,1,560,520,560,520,20,13,750,450,15,202.546,-66.1847,-60,0,0,0,1,critical_zone,0,1
74,fence24,random_waypoint,1,560,520,560,520,20,14,750,350,15,255,-68.185,-60,0,0,0,1,critical_zone,0,1
74,fence24,random_waypoint,1,560,520,560,520,20,15,750,300,15,290.732,-69.3241,-60,0,0,0,1,critical_zone,0,1
74,fence24,random_waypoint,1,560,520,560,520,20,16,700,300,15,260.816,-68.3809,-60,0,0,0,1,critical_zone,0,1
74,fence24,random_waypoint,1,560,520,560,520,20,17,600,300,15,223.663,-67.0461,-60,0,0,0,1,critical_zone,0,1
74,fence24,random_waypoint,1,560,520,560,520,20,18,400,300,15,272.075,-68.748,-60,0,0,0,1,critical_zone,0,1
74,fence24,random_waypoint,1,560,520,560,520,20,19,300,300,15,340.624,-70.6997,-60,0,0,0,1,critical_zone,0,1
74,fence24,random_waypoint,1,560,520,560,520,20,20,300,500,15,260.816,-68.3809,-60,0,0,0,1,critical_zone,0,1
74,fence24,random_waypoint,1,560,520,560,520,20,21,500,350,15,180.347,-65.1764,-60,0,0,0,1,critical_zone,0,1
74,fence24,random_waypoint,1,560,520,560,520,20,22,700,500,15,141.51,-63.07,-60,0,0,0,1,critical_zone,0,1
74,fence24,random_waypoint,1,560,520,560,520,20,23,500,650,15,143.265,-63.1771,-60,0,0,0,1,critical_zone,0,1
75,fence24,random_waypoint,1,560,520,560,520,20,0,250,300,15,380.164,-71.6537,-60,0,0,0,1,critical_zone,0,1
75,fence24,random_waypoint,1,560,520,560,520,20,1,250,350,15,353.589,-71.0242,-60,0,0,0,1,critical_zone,0,1
75,fence24,random_waypoint,1,560,520,560,520,20,2,250,450,15,317.844,-70.0985,-60,0,0,0,1,critical_zone,0,1
75,fence24,random_waypoint,1,560,520,560,520,20,3,250,550,15,311.488,-69.9231,-60,0,0,0,1,critical_zone,0,1
75,fence24,random_waypoint,1,560,520,560,520,20,4,250,650,15,336.192,-70.586,-60,0,0,0,1,critical_zone,0,1
75,fence24,random_waypoint,1,560,520,560,520,20,5,250,700,15,358.504,-71.1441,-60,0,0,0,1,critical_zone,0,1
75,fence24,random_waypoint,1,560,520,560,520,20,6,300,700,15,316.267,-70.0553,-60,0,0,0,1,critical_zone,0,1
75,fence24,random_waypoint,1,560,520,560,520,20,7,400,700,15,240.884,-67.6904,-60,0,0,0,1,critical_zone,0,1
75,fence24,random_waypoint,1,560,520,560,520,20,8,600,700,15,184.459,-65.3722,-60,0,0,0,1,critical_zone,0,1
75,fence24,random_waypoint,1,560,520,560,520,20,9,700,700,15,228.09,-67.2163,-60,0,0,0,1,critical_zone,0,1
75,fence24,random_waypoint,1,560,520,560,520,20,10,750,700,15,261.773,-68.4127,-60,0,0,0,1,critical_zone,0,1
75,fence24,random_waypoint,1,560,520,560,520,20,11,750,650,15,230.272,-67.299,-60,0,0,0,1,critical_zone,0,1
75,fence24,random_waypoint,1,560,520,560,520,20,12,750,550,15,192.419,-65.7392,-60,0,0,0,1,critical_zone,0,1
75,fence24,random_waypoint,1,560,520,560,520,20,13,750,450,15,202.546,-66.1847,-60,0,0,0,1,critical_zone,0,1
75,fence24,random_waypoint,1,560,520,560,520,20,14,750,350,15,255,-68.185,-60,0,0,0,1,critical_zone,0,1
75,fence24,random_waypoint,1,560,520,560,520,20,15,750,300,15,290.732,-69.3241,-60,0,0,0,1,critical_zone,0,1
75,fence24,random_waypoint,1,560,520,560,520,20,16,700,300,15,260.816,-68.3809,-60,0,0,0,1,critical_zone,0,1
75,fence24,random_waypoint,1,560,520,560,520,20,17,600,300,15,223.663,-67.0461,-60,0,0,0,1,critical_zone,0,1
75,fence24,random_waypoint,1,560,520,560,520,20,18,400,300,15,272.075,-68.748,-60,0,0,0,1,critical_zone,0,1
75,fence24,random_waypoint,1,560,520,560,520,20,19,300,300,15,340.624,-70.6997,-60,0,0,0,1,critical_zone,0,1
75,fence24,random_waypoint,1,560,520,560,520,20,20,300,500,15,260.816,-68.3809,-60,0,0,0,1,critical_zone,0,1
75,fence24,random_waypoint,1,560,520,560,520,20,21,500,350,15,180.347,-65.1764,-60,0,0,0,1,critical_zone,0,1
75,fence24,random_waypoint,1,560,520,560,520,20,22,700,500,15,141.51,-63.07,-60,0,0,0,1,critical_zone,0,1
75,fence24,random_waypoint,1,560,520,560,520,20,23,500,650,15,143.265,-63.1771,-60,0,0,0,1,critical_zone,0,1
76,fence24,random_waypoint,1,560,520,560,520,20,0,250,300,15,380.164,-71.6537,-60,0,0,0,1,critical_zone,0,1
76,fence24,random_waypoint,1,560,520,560,520,20,1,250,350,15,353.589,-71.0242,-60,0,0,0,1,critical_zone,0,1
76,fence24,random_waypoint,1,560,520,560,520,20,2,250,450,15,317.844,-70.0985,-60,0,0,0,1,critical_zone,0,1
76,fence24,random_waypoint,1,560,520,560,520,20,3,250,550,15,311.488,-69.9231,-60,0,0,0,1,critical_zone,0,1
76,fence24,random_waypoint,1,560,520,560,520,20,4,250,650,15,336.192,-70.586,-60,0,0,0,1,critical_zone,0,1
76,fence24,random_waypoint,1,560,520,560,520,20,5,250,700,15,358.504,-71.1441,-60,0,0,0,1,critical_zone,0,1
76,fence24,random_waypoint,1,560,520,560,520,20,6,300,700,15,316.267,-70.0553,-60,0,0,0,1,critical_zone,0,1
76,fence24,random_waypoint,1,560,520,560,520,20,7,400,700,15,240.884,-67.6904,-60,0,0,0,1,critical_zone,0,1
76,fence24,random_waypoint,1,560,520,560,520,20,8,600,700,15,184.459,-65.3722,-60,0,0,0,1,critical_zone,0,1
76,fence24,random_waypoint,1,560,520,560,520,20,9,700,700,15,228.09,-67.2163,-60,0,0,0,1,critical_zone,0,1
76,fence24,random_waypoint,1,560,520,560,520,20,10,750,700,15,261.773,-68.4127,-60,0,0,0,1,critical_zone,0,1
76,fence24,random_waypoint,1,560,520,560,520,20,11,750,650,15,230.272,-67.299,-60,0,0,0,1,critical_zone,0,1
76,fence24,random_waypoint,1,560,520,560,520,20,12,750,550,15,192.419,-65.7392,-60,0,0,0,1,critical_zone,0,1
76,fence24,random_waypoint,1,560,520,560,520,20,13,750,450,15,202.546,-66.1847,-60,0,0,0,1,critical_zone,0,1
76,fence24,random_waypoint,1,560,520,560,520,20,14,750,350,15,255,-68.185,-60,0,0,0,1,critical_zone,0,1
76,fence24,random_waypoint,1,560,520,560,520,20,15,750,300,15,290.732,-69.3241,-60,0,0,0,1,critical_zone,0,1
76,fence24,random_waypoint,1,560,520,560,520,20,16,700,300,15,260.816,-68.3809,-60,0,0,0,1,critical_zone,0,1
76,fence24,random_waypoint,1,560,520,560,520,20,17,600,300,15,223.663,-67.0461,-60,0,0,0,1,critical_zone,0,1
76,fence24,random_waypoint,1,560,520,560,520,20,18,400,300,15,272.075,-68.748,-60,0,0,0,1,critical_zone,0,1
76,fence24,random_waypoint,1,560,520,560,520,20,19,300,300,15,340.624,-70.6997,-60,0,0,0,1,critical_zone,0,1
76,fence24,random_waypoint,1,560,520,560,520,20,20,300,500,15,260.816,-68.3809,-60,0,0,0,1,critical_zone,0,1
76,fence24,random_waypoint,1,560,520,560,520,20,21,500,350,15,180.347,-65.1764,-60,0,0,0,1,critical_zone,0,1
76,fence24,random_waypoint,1,560,520,560,520,20,22,700,500,15,141.51,-63.07,-60,0,0,0,1,critical_zone,0,1
76,fence24,random_waypoint,1,560,520,560,520,20,23,500,650,15,143.265,-63.1771,-60,0,0,0,1,critical_zone,0,1
77,fence24,random_waypoint,1,560,520,560,520,20,0,250,300,15,380.164,-71.6537,-60,0,0,0,1,critical_zone,0,1
77,fence24,random_waypoint,1,560,520,560,520,20,1,250,350,15,353.589,-71.0242,-60,0,0,0,1,critical_zone,0,1
77,fence24,random_waypoint,1,560,520,560,520,20,2,250,450,15,317.844,-70.0985,-60,0,0,0,1,critical_zone,0,1
77,fence24,random_waypoint,1,560,520,560,520,20,3,250,550,15,311.488,-69.9231,-60,0,0,0,1,critical_zone,0,1
77,fence24,random_waypoint,1,560,520,560,520,20,4,250,650,15,336.192,-70.586,-60,0,0,0,1,critical_zone,0,1
77,fence24,random_waypoint,1,560,520,560,520,20,5,250,700,15,358.504,-71.1441,-60,0,0,0,1,critical_zone,0,1
77,fence24,random_waypoint,1,560,520,560,520,20,6,300,700,15,316.267,-70.0553,-60,0,0,0,1,critical_zone,0,1
77,fence24,random_waypoint,1,560,520,560,520,20,7,400,700,15,240.884,-67.6904,-60,0,0,0,1,critical_zone,0,1
77,fence24,random_waypoint,1,560,520,560,520,20,8,600,700,15,184.459,-65.3722,-60,0,0,0,1,critical_zone,0,1
77,fence24,random_waypoint,1,560,520,560,520,20,9,700,700,15,228.09,-67.2163,-60,0,0,0,1,critical_zone,0,1
77,fence24,random_waypoint,1,560,520,560,520,20,10,750,700,15,261.773,-68.4127,-60,0,0,0,1,critical_zone,0,1
77,fence24,random_waypoint,1,560,520,560,520,20,11,750,650,15,230.272,-67.299,-60,0,0,0,1,critical_zone,0,1
77,fence24,random_waypoint,1,560,520,560,520,20,12,750,550,15,192.419,-65.7392,-60,0,0,0,1,critical_zone,0,1
77,fence24,random_waypoint,1,560,520,560,520,20,13,750,450,15,202.546,-66.1847,-60,0,0,0,1,critical_zone,0,1
77,fence24,random_waypoint,1,560,520,560,520,20,14,750,350,15,255,-68.185,-60,0,0,0,1,critical_zone,0,1
77,fence24,random_waypoint,1,560,520,560,520,20,15,750,300,15,290.732,-69.3241,-60,0,0,0,1,critical_zone,0,1
77,fence24,random_waypoint,1,560,520,560,520,20,16,700,300,15,260.816,-68.3809,-60,0,0,0,1,critical_zone,0,1
77,fence24,random_waypoint,1,560,520,560,520,20,17,600,300,15,223.663,-67.0461,-60,0,0,0,1,critical_zone,0,1
77,fence24,random_waypoint,1,560,520,560,520,20,18,400,300,15,272.075,-68.748,-60,0,0,0,1,critical_zone,0,1
77,fence24,random_waypoint,1,560,520,560,520,20,19,300,300,15,340.624,-70.6997,-60,0,0,0,1,critical_zone,0,1
77,fence24,random_waypoint,1,560,520,560,520,20,20,300,500,15,260.816,-68.3809,-60,0,0,0,1,critical_zone,0,1
77,fence24,random_waypoint,1,560,520,560,520,20,21,500,350,15,180.347,-65.1764,-60,0,0,0,1,critical_zone,0,1
77,fence24,random_waypoint,1,560,520,560,520,20,22,700,500,15,141.51,-63.07,-60,0,0,0,1,critical_zone,0,1
77,fence24,random_waypoint,1,560,520,560,520,20,23,500,650,15,143.265,-63.1771,-60,0,0,0,1,critical_zone,0,1
78,fence24,random_waypoint,1,560,520,560,520,20,0,250,300,15,380.164,-71.6537,-60,0,0,0,1,critical_zone,0,1
78,fence24,random_waypoint,1,560,520,560,520,20,1,250,350,15,353.589,-71.0242,-60,0,0,0,1,critical_zone,0,1
78,fence24,random_waypoint,1,560,520,560,520,20,2,250,450,15,317.844,-70.0985,-60,0,0,0,1,critical_zone,0,1
78,fence24,random_waypoint,1,560,520,560,520,20,3,250,550,15,311.488,-69.9231,-60,0,0,0,1,critical_zone,0,1
78,fence24,random_waypoint,1,560,520,560,520,20,4,250,650,15,336.192,-70.586,-60,0,0,0,1,critical_zone,0,1
78,fence24,random_waypoint,1,560,520,560,520,20,5,250,700,15,358.504,-71.1441,-60,0,0,0,1,critical_zone,0,1
78,fence24,random_waypoint,1,560,520,560,520,20,6,300,700,15,316.267,-70.0553,-60,0,0,0,1,critical_zone,0,1
78,fence24,random_waypoint,1,560,520,560,520,20,7,400,700,15,240.884,-67.6904,-60,0,0,0,1,critical_zone,0,1
78,fence24,random_waypoint,1,560,520,560,520,20,8,600,700,15,184.459,-65.3722,-60,0,0,0,1,critical_zone,0,1
78,fence24,random_waypoint,1,560,520,560,520,20,9,700,700,15,228.09,-67.2163,-60,0,0,0,1,critical_zone,0,1
78,fence24,random_waypoint,1,560,520,560,520,20,10,750,700,15,261.773,-68.4127,-60,0,0,0,1,critical_zone,0,1
78,fence24,random_waypoint,1,560,520,560,520,20,11,750,650,15,230.272,-67.299,-60,0,0,0,1,critical_zone,0,1
78,fence24,random_waypoint,1,560,520,560,520,20,12,750,550,15,192.419,-65.7392,-60,0,0,0,1,critical_zone,0,1
78,fence24,random_waypoint,1,560,520,560,520,20,13,750,450,15,202.546,-66.1847,-60,0,0,0,1,critical_zone,0,1
78,fence24,random_waypoint,1,560,520,560,520,20,14,750,350,15,255,-68.185,-60,0,0,0,1,critical_zone,0,1
78,fence24,random_waypoint,1,560,520,560,520,20,15,750,300,15,290.732,-69.3241,-60,0,0,0,1,critical_zone,0,1
78,fence24,random_waypoint,1,560,520,560,520,20,16,700,300,15,260.816,-68.3809,-60,0,0,0,1,critical_zone,0,1
78,fence24,random_waypoint,1,560,520,560,520,20,17,600,300,15,223.663,-67.0461,-60,0,0,0,1,critical_zone,0,1
78,fence24,random_waypoint,1,560,520,560,520,20,18,400,300,15,272.075,-68.748,-60,0,0,0,1,critical_zone,0,1
78,fence24,random_waypoint,1,560,520,560,520,20,19,300,300,15,340.624,-70.6997,-60,0,0,0,1,critical_zone,0,1
78,fence24,random_waypoint,1,560,520,560,520,20,20,300,500,15,260.816,-68.3809,-60,0,0,0,1,critical_zone,0,1
78,fence24,random_waypoint,1,560,520,560,520,20,21,500,350,15,180.347,-65.1764,-60,0,0,0,1,critical_zone,0,1
78,fence24,random_waypoint,1,560,520,560,520,20,22,700,500,15,141.51,-63.07,-60,0,0,0,1,critical_zone,0,1
78,fence24,random_waypoint,1,560,520,560,520,20,23,500,650,15,143.265,-63.1771,-60,0,0,0,1,critical_zone,0,1
79,fence24,random_waypoint,1,560,520,560,520,20,0,250,300,15,380.164,-71.6537,-60,0,0,0,1,critical_zone,0,1
79,fence24,random_waypoint,1,560,520,560,520,20,1,250,350,15,353.589,-71.0242,-60,0,0,0,1,critical_zone,0,1
79,fence24,random_waypoint,1,560,520,560,520,20,2,250,450,15,317.844,-70.0985,-60,0,0,0,1,critical_zone,0,1
79,fence24,random_waypoint,1,560,520,560,520,20,3,250,550,15,311.488,-69.9231,-60,0,0,0,1,critical_zone,0,1
79,fence24,random_waypoint,1,560,520,560,520,20,4,250,650,15,336.192,-70.586,-60,0,0,0,1,critical_zone,0,1
79,fence24,random_waypoint,1,560,520,560,520,20,5,250,700,15,358.504,-71.1441,-60,0,0,0,1,critical_zone,0,1
79,fence24,random_waypoint,1,560,520,560,520,20,6,300,700,15,316.267,-70.0553,-60,0,0,0,1,critical_zone,0,1
79,fence24,random_waypoint,1,560,520,560,520,20,7,400,700,15,240.884,-67.6904,-60,0,0,0,1,critical_zone,0,1
79,fence24,random_waypoint,1,560,520,560,520,20,8,600,700,15,184.459,-65.3722,-60,0,0,0,1,critical_zone,0,1
79,fence24,random_waypoint,1,560,520,560,520,20,9,700,700,15,228.09,-67.2163,-60,0,0,0,1,critical_zone,0,1
79,fence24,random_waypoint,1,560,520,560,520,20,10,750,700,15,261.773,-68.4127,-60,0,0,0,1,critical_zone,0,1
79,fence24,random_waypoint,1,560,520,560,520,20,11,750,650,15,230.272,-67.299,-60,0,0,0,1,critical_zone,0,1
79,fence24,random_waypoint,1,560,520,560,520,20,12,750,550,15,192.419,-65.7392,-60,0,0,0,1,critical_zone,0,1
79,fence24,random_waypoint,1,560,520,560,520,20,13,750,450,15,202.546,-66.1847,-60,0,0,0,1,critical_zone,0,1
79,fence24,random_waypoint,1,560,520,560,520,20,14,750,350,15,255,-68.185,-60,0,0,0,1,critical_zone,0,1
79,fence24,random_waypoint,1,560,520,560,520,20,15,750,300,15,290.732,-69.3241,-60,0,0,0,1,critical_zone,0,1
79,fence24,random_waypoint,1,560,520,560,520,20,16,700,300,15,260.816,-68.3809,-60,0,0,0,1,critical_zone,0,1
79,fence24,random_waypoint,1,560,520,560,520,20,17,600,300,15,223.663,-67.0461,-60,0,0,0,1,critical_zone,0,1
79,fence24,random_waypoint,1,560,520,560,520,20,18,400,300,15,272.075,-68.748,-60,0,0,0,1,critical_zone,0,1
79,fence24,random_waypoint,1,560,520,560,520,20,19,300,300,15,340.624,-70.6997,-60,0,0,0,1,critical_zone,0,1
79,fence24,random_waypoint,1,560,520,560,520,20,20,300,500,15,260.816,-68.3809,-60,0,0,0,1,critical_zone,0,1
79,fence24,random_waypoint,1,560,520,560,520,20,21,500,350,15,180.347,-65.1764,-60,0,0,0,1,critical_zone,0,1
79,fence24,random_waypoint,1,560,520,560,520,20,22,700,500,15,141.51,-63.07,-60,0,0,0,1,critical_zone,0,1
79,fence24,random_waypoint,1,560,520,560,520,20,23,500,650,15,143.265,-63.1771,-60,0,0,0,1,critical_zone,0,1
80,fence24,random_waypoint,1,560,520,560,520,20,0,250,300,15,380.164,-71.6537,-60,0,0,0,1,critical_zone,0,1
80,fence24,random_waypoint,1,560,520,560,520,20,1,250,350,15,353.589,-71.0242,-60,0,0,0,1,critical_zone,0,1
80,fence24,random_waypoint,1,560,520,560,520,20,2,250,450,15,317.844,-70.0985,-60,0,0,0,1,critical_zone,0,1
80,fence24,random_waypoint,1,560,520,560,520,20,3,250,550,15,311.488,-69.9231,-60,0,0,0,1,critical_zone,0,1
80,fence24,random_waypoint,1,560,520,560,520,20,4,250,650,15,336.192,-70.586,-60,0,0,0,1,critical_zone,0,1
80,fence24,random_waypoint,1,560,520,560,520,20,5,250,700,15,358.504,-71.1441,-60,0,0,0,1,critical_zone,0,1
80,fence24,random_waypoint,1,560,520,560,520,20,6,300,700,15,316.267,-70.0553,-60,0,0,0,1,critical_zone,0,1
80,fence24,random_waypoint,1,560,520,560,520,20,7,400,700,15,240.884,-67.6904,-60,0,0,0,1,critical_zone,0,1
80,fence24,random_waypoint,1,560,520,560,520,20,8,600,700,15,184.459,-65.3722,-60,0,0,0,1,critical_zone,0,1
80,fence24,random_waypoint,1,560,520,560,520,20,9,700,700,15,228.09,-67.2163,-60,0,0,0,1,critical_zone,0,1
80,fence24,random_waypoint,1,560,520,560,520,20,10,750,700,15,261.773,-68.4127,-60,0,0,0,1,critical_zone,0,1
80,fence24,random_waypoint,1,560,520,560,520,20,11,750,650,15,230.272,-67.299,-60,0,0,0,1,critical_zone,0,1
80,fence24,random_waypoint,1,560,520,560,520,20,12,750,550,15,192.419,-65.7392,-60,0,0,0,1,critical_zone,0,1
80,fence24,random_waypoint,1,560,520,560,520,20,13,750,450,15,202.546,-66.1847,-60,0,0,0,1,critical_zone,0,1
80,fence24,random_waypoint,1,560,520,560,520,20,14,750,350,15,255,-68.185,-60,0,0,0,1,critical_zone,0,1
80,fence24,random_waypoint,1,560,520,560,520,20,15,750,300,15,290.732,-69.3241,-60,0,0,0,1,critical_zone,0,1
80,fence24,random_waypoint,1,560,520,560,520,20,16,700,300,15,260.816,-68.3809,-60,0,0,0,1,critical_zone,0,1
80,fence24,random_waypoint,1,560,520,560,520,20,17,600,300,15,223.663,-67.0461,-60,0,0,0,1,critical_zone,0,1
80,fence24,random_waypoint,1,560,520,560,520,20,18,400,300,15,272.075,-68.748,-60,0,0,0,1,critical_zone,0,1
80,fence24,random_waypoint,1,560,520,560,520,20,19,300,300,15,340.624,-70.6997,-60,0,0,0,1,critical_zone,0,1
80,fence24,random_waypoint,1,560,520,560,520,20,20,300,500,15,260.816,-68.3809,-60,0,0,0,1,critical_zone,0,1
80,fence24,random_waypoint,1,560,520,560,520,20,21,500,350,15,180.347,-65.1764,-60,0,0,0,1,critical_zone,0,1
80,fence24,random_waypoint,1,560,520,560,520,20,22,700,500,15,141.51,-63.07,-60,0,0,0,1,critical_zone,0,1
80,fence24,random_waypoint,1,560,520,560,520,20,23,500,650,15,143.265,-63.1771,-60,0,0,0,1,critical_zone,0,1
81,fence24,random_waypoint,1,560,520,560,520,20,0,250,300,15,380.164,-71.6537,-60,0,0,0,1,critical_zone,0,1
81,fence24,random_waypoint,1,560,520,560,520,20,1,250,350,15,353.589,-71.0242,-60,0,0,0,1,critical_zone,0,1
81,fence24,random_waypoint,1,560,520,560,520,20,2,250,450,15,317.844,-70.0985,-60,0,0,0,1,critical_zone,0,1
81,fence24,random_waypoint,1,560,520,560,520,20,3,250,550,15,311.488,-69.9231,-60,0,0,0,1,critical_zone,0,1
81,fence24,random_waypoint,1,560,520,560,520,20,4,250,650,15,336.192,-70.586,-60,0,0,0,1,critical_zone,0,1
81,fence24,random_waypoint,1,560,520,560,520,20,5,250,700,15,358.504,-71.1441,-60,0,0,0,1,critical_zone,0,1
81,fence24,random_waypoint,1,560,520,560,520,20,6,300,700,15,316.267,-70.0553,-60,0,0,0,1,critical_zone,0,1
81,fence24,random_waypoint,1,560,520,560,520,20,7,400,700,15,240.884,-67.6904,-60,0,0,0,1,critical_zone,0,1
81,fence24,random_waypoint,1,560,520,560,520,20,8,600,700,15,184.459,-65.3722,-60,0,0,0,1,critical_zone,0,1
81,fence24,random_waypoint,1,560,520,560,520,20,9,700,700,15,228.09,-67.2163,-60,0,0,0,1,critical_zone,0,1
81,fence24,random_waypoint,1,560,520,560,520,20,10,750,700,15,261.773,-68.4127,-60,0,0,0,1,critical_zone,0,1
81,fence24,random_waypoint,1,560,520,560,520,20,11,750,650,15,230.272,-67.299,-60,0,0,0,1,critical_zone,0,1
81,fence24,random_waypoint,1,560,520,560,520,20,12,750,550,15,192.419,-65.7392,-60,0,0,0,1,critical_zone,0,1
81,fence24,random_waypoint,1,560,520,560,520,20,13,750,450,15,202.546,-66.1847,-60,0,0,0,1,critical_zone,0,1
81,fence24,random_waypoint,1,560,520,560,520,20,14,750,350,15,255,-68.185,-60,0,0,0,1,critical_zone,0,1
81,fence24,random_waypoint,1,560,520,560,520,20,15,750,300,15,290.732,-69.3241,-60,0,0,0,1,critical_zone,0,1
81,fence24,random_waypoint,1,560,520,560,520,20,16,700,300,15,260.816,-68.3809,-60,0,0,0,1,critical_zone,0,1
81,fence24,random_waypoint,1,560,520,560,520,20,17,600,300,15,223.663,-67.0461,-60,0,0,0,1,critical_zone,0,1
81,fence24,random_waypoint,1,560,520,560,520,20,18,400,300,15,272.075,-68.748,-60,0,0,0,1,critical_zone,0,1
81,fence24,random_waypoint,1,560,520,560,520,20,19,300,300,15,340.624,-70.6997,-60,0,0,0,1,critical_zone,0,1
81,fence24,random_waypoint,1,560,520,560,520,20,20,300,500,15,260.816,-68.3809,-60,0,0,0,1,critical_zone,0,1
81,fence24,random_waypoint,1,560,520,560,520,20,21,500,350,15,180.347,-65.1764,-60,0,0,0,1,critical_zone,0,1
81,fence24,random_waypoint,1,560,520,560,520,20,22,700,500,15,141.51,-63.07,-60,0,0,0,1,critical_zone,0,1
81,fence24,random_waypoint,1,560,520,560,520,20,23,500,650,15,143.265,-63.1771,-60,0,0,0,1,critical_zone,0,1
82,fence24,random_waypoint,1,560,520,560,520,20,0,250,300,15,380.164,-71.6537,-60,0,0,0,1,critical_zone,0,1
82,fence24,random_waypoint,1,560,520,560,520,20,1,250,350,15,353.589,-71.0242,-60,0,0,0,1,critical_zone,0,1
82,fence24,random_waypoint,1,560,520,560,520,20,2,250,450,15,317.844,-70.0985,-60,0,0,0,1,critical_zone,0,1
82,fence24,random_waypoint,1,560,520,560,520,20,3,250,550,15,311.488,-69.9231,-60,0,0,0,1,critical_zone,0,1
82,fence24,random_waypoint,1,560,520,560,520,20,4,250,650,15,336.192,-70.586,-60,0,0,0,1,critical_zone,0,1
82,fence24,random_waypoint,1,560,520,560,520,20,5,250,700,15,358.504,-71.1441,-60,0,0,0,1,critical_zone,0,1
82,fence24,random_waypoint,1,560,520,560,520,20,6,300,700,15,316.267,-70.0553,-60,0,0,0,1,critical_zone,0,1
82,fence24,random_waypoint,1,560,520,560,520,20,7,400,700,15,240.884,-67.6904,-60,0,0,0,1,critical_zone,0,1
82,fence24,random_waypoint,1,560,520,560,520,20,8,600,700,15,184.459,-65.3722,-60,0,0,0,1,critical_zone,0,1
82,fence24,random_waypoint,1,560,520,560,520,20,9,700,700,15,228.09,-67.2163,-60,0,0,0,1,critical_zone,0,1
82,fence24,random_waypoint,1,560,520,560,520,20,10,750,700,15,261.773,-68.4127,-60,0,0,0,1,critical_zone,0,1
82,fence24,random_waypoint,1,560,520,560,520,20,11,750,650,15,230.272,-67.299,-60,0,0,0,1,critical_zone,0,1
82,fence24,random_waypoint,1,560,520,560,520,20,12,750,550,15,192.419,-65.7392,-60,0,0,0,1,critical_zone,0,1
82,fence24,random_waypoint,1,560,520,560,520,20,13,750,450,15,202.546,-66.1847,-60,0,0,0,1,critical_zone,0,1
82,fence24,random_waypoint,1,560,520,560,520,20,14,750,350,15,255,-68.185,-60,0,0,0,1,critical_zone,0,1
82,fence24,random_waypoint,1,560,520,560,520,20,15,750,300,15,290.732,-69.3241,-60,0,0,0,1,critical_zone,0,1
82,fence24,random_waypoint,1,560,520,560,520,20,16,700,300,15,260.816,-68.3809,-60,0,0,0,1,critical_zone,0,1
82,fence24,random_waypoint,1,560,520,560,520,20,17,600,300,15,223.663,-67.0461,-60,0,0,0,1,critical_zone,0,1
82,fence24,random_waypoint,1,560,520,560,520,20,18,400,300,15,272.075,-68.748,-60,0,0,0,1,critical_zone,0,1
82,fence24,random_waypoint,1,560,520,560,520,20,19,300,300,15,340.624,-70.6997,-60,0,0,0,1,critical_zone,0,1
82,fence24,random_waypoint,1,560,520,560,520,20,20,300,500,15,260.816,-68.3809,-60,0,0,0,1,critical_zone,0,1
82,fence24,random_waypoint,1,560,520,560,520,20,21,500,350,15,180.347,-65.1764,-60,0,0,0,1,critical_zone,0,1
82,fence24,random_waypoint,1,560,520,560,520,20,22,700,500,15,141.51,-63.07,-60,0,0,0,1,critical_zone,0,1
82,fence24,random_waypoint,1,560,520,560,520,20,23,500,650,15,143.265,-63.1771,-60,0,0,0,1,critical_zone,0,1
83,fence24,random_waypoint,1,560,520,560,520,20,0,250,300,15,380.164,-71.6537,-60,0,0,0,1,critical_zone,0,1
83,fence24,random_waypoint,1,560,520,560,520,20,1,250,350,15,353.589,-71.0242,-60,0,0,0,1,critical_zone,0,1
83,fence24,random_waypoint,1,560,520,560,520,20,2,250,450,15,317.844,-70.0985,-60,0,0,0,1,critical_zone,0,1
83,fence24,random_waypoint,1,560,520,560,520,20,3,250,550,15,311.488,-69.9231,-60,0,0,0,1,critical_zone,0,1
83,fence24,random_waypoint,1,560,520,560,520,20,4,250,650,15,336.192,-70.586,-60,0,0,0,1,critical_zone,0,1
83,fence24,random_waypoint,1,560,520,560,520,20,5,250,700,15,358.504,-71.1441,-60,0,0,0,1,critical_zone,0,1
83,fence24,random_waypoint,1,560,520,560,520,20,6,300,700,15,316.267,-70.0553,-60,0,0,0,1,critical_zone,0,1
83,fence24,random_waypoint,1,560,520,560,520,20,7,400,700,15,240.884,-67.6904,-60,0,0,0,1,critical_zone,0,1
83,fence24,random_waypoint,1,560,520,560,520,20,8,600,700,15,184.459,-65.3722,-60,0,0,0,1,critical_zone,0,1
83,fence24,random_waypoint,1,560,520,560,520,20,9,700,700,15,228.09,-67.2163,-60,0,0,0,1,critical_zone,0,1
83,fence24,random_waypoint,1,560,520,560,520,20,10,750,700,15,261.773,-68.4127,-60,0,0,0,1,critical_zone,0,1
83,fence24,random_waypoint,1,560,520,560,520,20,11,750,650,15,230.272,-67.299,-60,0,0,0,1,critical_zone,0,1
83,fence24,random_waypoint,1,560,520,560,520,20,12,750,550,15,192.419,-65.7392,-60,0,0,0,1,critical_zone,0,1
83,fence24,random_waypoint,1,560,520,560,520,20,13,750,450,15,202.546,-66.1847,-60,0,0,0,1,critical_zone,0,1
83,fence24,random_waypoint,1,560,520,560,520,20,14,750,350,15,255,-68.185,-60,0,0,0,1,critical_zone,0,1
83,fence24,random_waypoint,1,560,520,560,520,20,15,750,300,15,290.732,-69.3241,-60,0,0,0,1,critical_zone,0,1
83,fence24,random_waypoint,1,560,520,560,520,20,16,700,300,15,260.816,-68.3809,-60,0,0,0,1,critical_zone,0,1
83,fence24,random_waypoint,1,560,520,560,520,20,17,600,300,15,223.663,-67.0461,-60,0,0,0,1,critical_zone,0,1
83,fence24,random_waypoint,1,560,520,560,520,20,18,400,300,15,272.075,-68.748,-60,0,0,0,1,critical_zone,0,1
83,fence24,random_waypoint,1,560,520,560,520,20,19,300,300,15,340.624,-70.6997,-60,0,0,0,1,critical_zone,0,1
83,fence24,random_waypoint,1,560,520,560,520,20,20,300,500,15,260.816,-68.3809,-60,0,0,0,1,critical_zone,0,1
83,fence24,random_waypoint,1,560,520,560,520,20,21,500,350,15,180.347,-65.1764,-60,0,0,0,1,critical_zone,0,1
83,fence24,random_waypoint,1,560,520,560,520,20,22,700,500,15,141.51,-63.07,-60,0,0,0,1,critical_zone,0,1
83,fence24,random_waypoint,1,560,520,560,520,20,23,500,650,15,143.265,-63.1771,-60,0,0,0,1,critical_zone,0,1
84,fence24,random_waypoint,1,560,520,560,520,20,0,250,300,15,380.164,-71.6537,-60,0,0,0,1,critical_zone,0,1
84,fence24,random_waypoint,1,560,520,560,520,20,1,250,350,15,353.589,-71.0242,-60,0,0,0,1,critical_zone,0,1
84,fence24,random_waypoint,1,560,520,560,520,20,2,250,450,15,317.844,-70.0985,-60,0,0,0,1,critical_zone,0,1
84,fence24,random_waypoint,1,560,520,560,520,20,3,250,550,15,311.488,-69.9231,-60,0,0,0,1,critical_zone,0,1
84,fence24,random_waypoint,1,560,520,560,520,20,4,250,650,15,336.192,-70.586,-60,0,0,0,1,critical_zone,0,1
84,fence24,random_waypoint,1,560,520,560,520,20,5,250,700,15,358.504,-71.1441,-60,0,0,0,1,critical_zone,0,1
84,fence24,random_waypoint,1,560,520,560,520,20,6,300,700,15,316.267,-70.0553,-60,0,0,0,1,critical_zone,0,1
84,fence24,random_waypoint,1,560,520,560,520,20,7,400,700,15,240.884,-67.6904,-60,0,0,0,1,critical_zone,0,1
84,fence24,random_waypoint,1,560,520,560,520,20,8,600,700,15,184.459,-65.3722,-60,0,0,0,1,critical_zone,0,1
84,fence24,random_waypoint,1,560,520,560,520,20,9,700,700,15,228.09,-67.2163,-60,0,0,0,1,critical_zone,0,1
84,fence24,random_waypoint,1,560,520,560,520,20,10,750,700,15,261.773,-68.4127,-60,0,0,0,1,critical_zone,0,1
84,fence24,random_waypoint,1,560,520,560,520,20,11,750,650,15,230.272,-67.299,-60,0,0,0,1,critical_zone,0,1
84,fence24,random_waypoint,1,560,520,560,520,20,12,750,550,15,192.419,-65.7392,-60,0,0,0,1,critical_zone,0,1
84,fence24,random_waypoint,1,560,520,560,520,20,13,750,450,15,202.546,-66.1847,-60,0,0,0,1,critical_zone,0,1
84,fence24,random_waypoint,1,560,520,560,520,20,14,750,350,15,255,-68.185,-60,0,0,0,1,critical_zone,0,1
84,fence24,random_waypoint,1,560,520,560,520,20,15,750,300,15,290.732,-69.3241,-60,0,0,0,1,critical_zone,0,1
84,fence24,random_waypoint,1,560,520,560,520,20,16,700,300,15,260.816,-68.3809,-60,0,0,0,1,critical_zone,0,1
84,fence24,random_waypoint,1,560,520,560,520,20,17,600,300,15,223.663,-67.0461,-60,0,0,0,1,critical_zone,0,1
84,fence24,random_waypoint,1,560,520,560,520,20,18,400,300,15,272.075,-68.748,-60,0,0,0,1,critical_zone,0,1
84,fence24,random_waypoint,1,560,520,560,520,20,19,300,300,15,340.624,-70.6997,-60,0,0,0,1,critical_zone,0,1
84,fence24,random_waypoint,1,560,520,560,520,20,20,300,500,15,260.816,-68.3809,-60,0,0,0,1,critical_zone,0,1
84,fence24,random_waypoint,1,560,520,560,520,20,21,500,350,15,180.347,-65.1764,-60,0,0,0,1,critical_zone,0,1
84,fence24,random_waypoint,1,560,520,560,520,20,22,700,500,15,141.51,-63.07,-60,0,0,0,1,critical_zone,0,1
84,fence24,random_waypoint,1,560,520,560,520,20,23,500,650,15,143.265,-63.1771,-60,0,0,0,1,critical_zone,0,1
85,fence24,random_waypoint,1,560,520,560,520,20,0,250,300,15,380.164,-71.6537,-60,0,0,0,1,critical_zone,0,1
85,fence24,random_waypoint,1,560,520,560,520,20,1,250,350,15,353.589,-71.0242,-60,0,0,0,1,critical_zone,0,1
85,fence24,random_waypoint,1,560,520,560,520,20,2,250,450,15,317.844,-70.0985,-60,0,0,0,1,critical_zone,0,1
85,fence24,random_waypoint,1,560,520,560,520,20,3,250,550,15,311.488,-69.9231,-60,0,0,0,1,critical_zone,0,1
85,fence24,random_waypoint,1,560,520,560,520,20,4,250,650,15,336.192,-70.586,-60,0,0,0,1,critical_zone,0,1
85,fence24,random_waypoint,1,560,520,560,520,20,5,250,700,15,358.504,-71.1441,-60,0,0,0,1,critical_zone,0,1
85,fence24,random_waypoint,1,560,520,560,520,20,6,300,700,15,316.267,-70.0553,-60,0,0,0,1,critical_zone,0,1
85,fence24,random_waypoint,1,560,520,560,520,20,7,400,700,15,240.884,-67.6904,-60,0,0,0,1,critical_zone,0,1
85,fence24,random_waypoint,1,560,520,560,520,20,8,600,700,15,184.459,-65.3722,-60,0,0,0,1,critical_zone,0,1
85,fence24,random_waypoint,1,560,520,560,520,20,9,700,700,15,228.09,-67.2163,-60,0,0,0,1,critical_zone,0,1
85,fence24,random_waypoint,1,560,520,560,520,20,10,750,700,15,261.773,-68.4127,-60,0,0,0,1,critical_zone,0,1
85,fence24,random_waypoint,1,560,520,560,520,20,11,750,650,15,230.272,-67.299,-60,0,0,0,1,critical_zone,0,1
85,fence24,random_waypoint,1,560,520,560,520,20,12,750,550,15,192.419,-65.7392,-60,0,0,0,1,critical_zone,0,1
85,fence24,random_waypoint,1,560,520,560,520,20,13,750,450,15,202.546,-66.1847,-60,0,0,0,1,critical_zone,0,1
85,fence24,random_waypoint,1,560,520,560,520,20,14,750,350,15,255,-68.185,-60,0,0,0,1,critical_zone,0,1
85,fence24,random_waypoint,1,560,520,560,520,20,15,750,300,15,290.732,-69.3241,-60,0,0,0,1,critical_zone,0,1
85,fence24,random_waypoint,1,560,520,560,520,20,16,700,300,15,260.816,-68.3809,-60,0,0,0,1,critical_zone,0,1
85,fence24,random_waypoint,1,560,520,560,520,20,17,600,300,15,223.663,-67.0461,-60,0,0,0,1,critical_zone,0,1
85,fence24,random_waypoint,1,560,520,560,520,20,18,400,300,15,272.075,-68.748,-60,0,0,0,1,critical_zone,0,1
85,fence24,random_waypoint,1,560,520,560,520,20,19,300,300,15,340.624,-70.6997,-60,0,0,0,1,critical_zone,0,1
85,fence24,random_waypoint,1,560,520,560,520,20,20,300,500,15,260.816,-68.3809,-60,0,0,0,1,critical_zone,0,1
85,fence24,random_waypoint,1,560,520,560,520,20,21,500,350,15,180.347,-65.1764,-60,0,0,0,1,critical_zone,0,1
85,fence24,random_waypoint,1,560,520,560,520,20,22,700,500,15,141.51,-63.07,-60,0,0,0,1,critical_zone,0,1
85,fence24,random_waypoint,1,560,520,560,520,20,23,500,650,15,143.265,-63.1771,-60,0,0,0,1,critical_zone,0,1
86,fence24,random_waypoint,1,560,520,560,520,20,0,250,300,15,380.164,-71.6537,-60,0,0,0,1,critical_zone,0,1
86,fence24,random_waypoint,1,560,520,560,520,20,1,250,350,15,353.589,-71.0242,-60,0,0,0,1,critical_zone,0,1
86,fence24,random_waypoint,1,560,520,560,520,20,2,250,450,15,317.844,-70.0985,-60,0,0,0,1,critical_zone,0,1
86,fence24,random_waypoint,1,560,520,560,520,20,3,250,550,15,311.488,-69.9231,-60,0,0,0,1,critical_zone,0,1
86,fence24,random_waypoint,1,560,520,560,520,20,4,250,650,15,336.192,-70.586,-60,0,0,0,1,critical_zone,0,1
86,fence24,random_waypoint,1,560,520,560,520,20,5,250,700,15,358.504,-71.1441,-60,0,0,0,1,critical_zone,0,1
86,fence24,random_waypoint,1,560,520,560,520,20,6,300,700,15,316.267,-70.0553,-60,0,0,0,1,critical_zone,0,1
86,fence24,random_waypoint,1,560,520,560,520,20,7,400,700,15,240.884,-67.6904,-60,0,0,0,1,critical_zone,0,1
86,fence24,random_waypoint,1,560,520,560,520,20,8,600,700,15,184.459,-65.3722,-60,0,0,0,1,critical_zone,0,1
86,fence24,random_waypoint,1,560,520,560,520,20,9,700,700,15,228.09,-67.2163,-60,0,0,0,1,critical_zone,0,1
86,fence24,random_waypoint,1,560,520,560,520,20,10,750,700,15,261.773,-68.4127,-60,0,0,0,1,critical_zone,0,1
86,fence24,random_waypoint,1,560,520,560,520,20,11,750,650,15,230.272,-67.299,-60,0,0,0,1,critical_zone,0,1
86,fence24,random_waypoint,1,560,520,560,520,20,12,750,550,15,192.419,-65.7392,-60,0,0,0,1,critical_zone,0,1
86,fence24,random_waypoint,1,560,520,560,520,20,13,750,450,15,202.546,-66.1847,-60,0,0,0,1,critical_zone,0,1
86,fence24,random_waypoint,1,560,520,560,520,20,14,750,350,15,255,-68.185,-60,0,0,0,1,critical_zone,0,1
86,fence24,random_waypoint,1,560,520,560,520,20,15,750,300,15,290.732,-69.3241,-60,0,0,0,1,critical_zone,0,1
86,fence24,random_waypoint,1,560,520,560,520,20,16,700,300,15,260.816,-68.3809,-60,0,0,0,1,critical_zone,0,1
86,fence24,random_waypoint,1,560,520,560,520,20,17,600,300,15,223.663,-67.0461,-60,0,0,0,1,critical_zone,0,1
86,fence24,random_waypoint,1,560,520,560,520,20,18,400,300,15,272.075,-68.748,-60,0,0,0,1,critical_zone,0,1
86,fence24,random_waypoint,1,560,520,560,520,20,19,300,300,15,340.624,-70.6997,-60,0,0,0,1,critical_zone,0,1
86,fence24,random_waypoint,1,560,520,560,520,20,20,300,500,15,260.816,-68.3809,-60,0,0,0,1,critical_zone,0,1
86,fence24,random_waypoint,1,560,520,560,520,20,21,500,350,15,180.347,-65.1764,-60,0,0,0,1,critical_zone,0,1
86,fence24,random_waypoint,1,560,520,560,520,20,22,700,500,15,141.51,-63.07,-60,0,0,0,1,critical_zone,0,1
86,fence24,random_waypoint,1,560,520,560,520,20,23,500,650,15,143.265,-63.1771,-60,0,0,0,1,critical_zone,0,1
87,fence24,random_waypoint,1,560,520,560,520,20,0,250,300,15,380.164,-71.6537,-60,0,0,0,1,critical_zone,0,1
87,fence24,random_waypoint,1,560,520,560,520,20,1,250,350,15,353.589,-71.0242,-60,0,0,0,1,critical_zone,0,1
87,fence24,random_waypoint,1,560,520,560,520,20,2,250,450,15,317.844,-70.0985,-60,0,0,0,1,critical_zone,0,1
87,fence24,random_waypoint,1,560,520,560,520,20,3,250,550,15,311.488,-69.9231,-60,0,0,0,1,critical_zone,0,1
87,fence24,random_waypoint,1,560,520,560,520,20,4,250,650,15,336.192,-70.586,-60,0,0,0,1,critical_zone,0,1
87,fence24,random_waypoint,1,560,520,560,520,20,5,250,700,15,358.504,-71.1441,-60,0,0,0,1,critical_zone,0,1
87,fence24,random_waypoint,1,560,520,560,520,20,6,300,700,15,316.267,-70.0553,-60,0,0,0,1,critical_zone,0,1
87,fence24,random_waypoint,1,560,520,560,520,20,7,400,700,15,240.884,-67.6904,-60,0,0,0,1,critical_zone,0,1
87,fence24,random_waypoint,1,560,520,560,520,20,8,600,700,15,184.459,-65.3722,-60,0,0,0,1,critical_zone,0,1
87,fence24,random_waypoint,1,560,520,560,520,20,9,700,700,15,228.09,-67.2163,-60,0,0,0,1,critical_zone,0,1
87,fence24,random_waypoint,1,560,520,560,520,20,10,750,700,15,261.773,-68.4127,-60,0,0,0,1,critical_zone,0,1
87,fence24,random_waypoint,1,560,520,560,520,20,11,750,650,15,230.272,-67.299,-60,0,0,0,1,critical_zone,0,1
87,fence24,random_waypoint,1,560,520,560,520,20,12,750,550,15,192.419,-65.7392,-60,0,0,0,1,critical_zone,0,1
87,fence24,random_waypoint,1,560,520,560,520,20,13,750,450,15,202.546,-66.1847,-60,0,0,0,1,critical_zone,0,1
87,fence24,random_waypoint,1,560,520,560,520,20,14,750,350,15,255,-68.185,-60,0,0,0,1,critical_zone,0,1
87,fence24,random_waypoint,1,560,520,560,520,20,15,750,300,15,290.732,-69.3241,-60,0,0,0,1,critical_zone,0,1
87,fence24,random_waypoint,1,560,520,560,520,20,16,700,300,15,260.816,-68.3809,-60,0,0,0,1,critical_zone,0,1
87,fence24,random_waypoint,1,560,520,560,520,20,17,600,300,15,223.663,-67.0461,-60,0,0,0,1,critical_zone,0,1
87,fence24,random_waypoint,1,560,520,560,520,20,18,400,300,15,272.075,-68.748,-60,0,0,0,1,critical_zone,0,1
87,fence24,random_waypoint,1,560,520,560,520,20,19,300,300,15,340.624,-70.6997,-60,0,0,0,1,critical_zone,0,1
87,fence24,random_waypoint,1,560,520,560,520,20,20,300,500,15,260.816,-68.3809,-60,0,0,0,1,critical_zone,0,1
87,fence24,random_waypoint,1,560,520,560,520,20,21,500,350,15,180.347,-65.1764,-60,0,0,0,1,critical_zone,0,1
87,fence24,random_waypoint,1,560,520,560,520,20,22,700,500,15,141.51,-63.07,-60,0,0,0,1,critical_zone,0,1
87,fence24,random_waypoint,1,560,520,560,520,20,23,500,650,15,143.265,-63.1771,-60,0,0,0,1,critical_zone,0,1
88,fence24,random_waypoint,1,560,520,560,520,20,0,250,300,15,380.164,-71.6537,-60,0,0,0,1,critical_zone,0,1
88,fence24,random_waypoint,1,560,520,560,520,20,1,250,350,15,353.589,-71.0242,-60,0,0,0,1,critical_zone,0,1
88,fence24,random_waypoint,1,560,520,560,520,20,2,250,450,15,317.844,-70.0985,-60,0,0,0,1,critical_zone,0,1
88,fence24,random_waypoint,1,560,520,560,520,20,3,250,550,15,311.488,-69.9231,-60,0,0,0,1,critical_zone,0,1
88,fence24,random_waypoint,1,560,520,560,520,20,4,250,650,15,336.192,-70.586,-60,0,0,0,1,critical_zone,0,1
88,fence24,random_waypoint,1,560,520,560,520,20,5,250,700,15,358.504,-71.1441,-60,0,0,0,1,critical_zone,0,1
88,fence24,random_waypoint,1,560,520,560,520,20,6,300,700,15,316.267,-70.0553,-60,0,0,0,1,critical_zone,0,1
88,fence24,random_waypoint,1,560,520,560,520,20,7,400,700,15,240.884,-67.6904,-60,0,0,0,1,critical_zone,0,1
88,fence24,random_waypoint,1,560,520,560,520,20,8,600,700,15,184.459,-65.3722,-60,0,0,0,1,critical_zone,0,1
88,fence24,random_waypoint,1,560,520,560,520,20,9,700,700,15,228.09,-67.2163,-60,0,0,0,1,critical_zone,0,1
88,fence24,random_waypoint,1,560,520,560,520,20,10,750,700,15,261.773,-68.4127,-60,0,0,0,1,critical_zone,0,1
88,fence24,random_waypoint,1,560,520,560,520,20,11,750,650,15,230.272,-67.299,-60,0,0,0,1,critical_zone,0,1
88,fence24,random_waypoint,1,560,520,560,520,20,12,750,550,15,192.419,-65.7392,-60,0,0,0,1,critical_zone,0,1
88,fence24,random_waypoint,1,560,520,560,520,20,13,750,450,15,202.546,-66.1847,-60,0,0,0,1,critical_zone,0,1
88,fence24,random_waypoint,1,560,520,560,520,20,14,750,350,15,255,-68.185,-60,0,0,0,1,critical_zone,0,1
88,fence24,random_waypoint,1,560,520,560,520,20,15,750,300,15,290.732,-69.3241,-60,0,0,0,1,critical_zone,0,1
88,fence24,random_waypoint,1,560,520,560,520,20,16,700,300,15,260.816,-68.3809,-60,0,0,0,1,critical_zone,0,1
88,fence24,random_waypoint,1,560,520,560,520,20,17,600,300,15,223.663,-67.0461,-60,0,0,0,1,critical_zone,0,1
88,fence24,random_waypoint,1,560,520,560,520,20,18,400,300,15,272.075,-68.748,-60,0,0,0,1,critical_zone,0,1
88,fence24,random_waypoint,1,560,520,560,520,20,19,300,300,15,340.624,-70.6997,-60,0,0,0,1,critical_zone,0,1
88,fence24,random_waypoint,1,560,520,560,520,20,20,300,500,15,260.816,-68.3809,-60,0,0,0,1,critical_zone,0,1
88,fence24,random_waypoint,1,560,520,560,520,20,21,500,350,15,180.347,-65.1764,-60,0,0,0,1,critical_zone,0,1
88,fence24,random_waypoint,1,560,520,560,520,20,22,700,500,15,141.51,-63.07,-60,0,0,0,1,critical_zone,0,1
88,fence24,random_waypoint,1,560,520,560,520,20,23,500,650,15,143.265,-63.1771,-60,0,0,0,1,critical_zone,0,1
89,fence24,random_waypoint,1,560,520,560,520,20,0,250,300,15,380.164,-71.6537,-60,0,0,0,1,critical_zone,0,1
89,fence24,random_waypoint,1,560,520,560,520,20,1,250,350,15,353.589,-71.0242,-60,0,0,0,1,critical_zone,0,1
89,fence24,random_waypoint,1,560,520,560,520,20,2,250,450,15,317.844,-70.0985,-60,0,0,0,1,critical_zone,0,1
89,fence24,random_waypoint,1,560,520,560,520,20,3,250,550,15,311.488,-69.9231,-60,0,0,0,1,critical_zone,0,1
89,fence24,random_waypoint,1,560,520,560,520,20,4,250,650,15,336.192,-70.586,-60,0,0,0,1,critical_zone,0,1
89,fence24,random_waypoint,1,560,520,560,520,20,5,250,700,15,358.504,-71.1441,-60,0,0,0,1,critical_zone,0,1
89,fence24,random_waypoint,1,560,520,560,520,20,6,300,700,15,316.267,-70.0553,-60,0,0,0,1,critical_zone,0,1
89,fence24,random_waypoint,1,560,520,560,520,20,7,400,700,15,240.884,-67.6904,-60,0,0,0,1,critical_zone,0,1
89,fence24,random_waypoint,1,560,520,560,520,20,8,600,700,15,184.459,-65.3722,-60,0,0,0,1,critical_zone,0,1
89,fence24,random_waypoint,1,560,520,560,520,20,9,700,700,15,228.09,-67.2163,-60,0,0,0,1,critical_zone,0,1
89,fence24,random_waypoint,1,560,520,560,520,20,10,750,700,15,261.773,-68.4127,-60,0,0,0,1,critical_zone,0,1
89,fence24,random_waypoint,1,560,520,560,520,20,11,750,650,15,230.272,-67.299,-60,0,0,0,1,critical_zone,0,1
89,fence24,random_waypoint,1,560,520,560,520,20,12,750,550,15,192.419,-65.7392,-60,0,0,0,1,critical_zone,0,1
89,fence24,random_waypoint,1,560,520,560,520,20,13,750,450,15,202.546,-66.1847,-60,0,0,0,1,critical_zone,0,1
89,fence24,random_waypoint,1,560,520,560,520,20,14,750,350,15,255,-68.185,-60,0,0,0,1,critical_zone,0,1
89,fence24,random_waypoint,1,560,520,560,520,20,15,750,300,15,290.732,-69.3241,-60,0,0,0,1,critical_zone,0,1
89,fence24,random_waypoint,1,560,520,560,520,20,16,700,300,15,260.816,-68.3809,-60,0,0,0,1,critical_zone,0,1
89,fence24,random_waypoint,1,560,520,560,520,20,17,600,300,15,223.663,-67.0461,-60,0,0,0,1,critical_zone,0,1
89,fence24,random_waypoint,1,560,520,560,520,20,18,400,300,15,272.075,-68.748,-60,0,0,0,1,critical_zone,0,1
89,fence24,random_waypoint,1,560,520,560,520,20,19,300,300,15,340.624,-70.6997,-60,0,0,0,1,critical_zone,0,1
89,fence24,random_waypoint,1,560,520,560,520,20,20,300,500,15,260.816,-68.3809,-60,0,0,0,1,critical_zone,0,1
89,fence24,random_waypoint,1,560,520,560,520,20,21,500,350,15,180.347,-65.1764,-60,0,0,0,1,critical_zone,0,1
89,fence24,random_waypoint,1,560,520,560,520,20,22,700,500,15,141.51,-63.07,-60,0,0,0,1,critical_zone,0,1
89,fence24,random_waypoint,1,560,520,560,520,20,23,500,650,15,143.265,-63.1771,-60,0,0,0,1,critical_zone,0,1
90,fence24,random_waypoint,1,560,520,560,520,20,0,250,300,15,380.164,-71.6537,-60,0,0,0,1,critical_zone,0,1
90,fence24,random_waypoint,1,560,520,560,520,20,1,250,350,15,353.589,-71.0242,-60,0,0,0,1,critical_zone,0,1
90,fence24,random_waypoint,1,560,520,560,520,20,2,250,450,15,317.844,-70.0985,-60,0,0,0,1,critical_zone,0,1
90,fence24,random_waypoint,1,560,520,560,520,20,3,250,550,15,311.488,-69.9231,-60,0,0,0,1,critical_zone,0,1
90,fence24,random_waypoint,1,560,520,560,520,20,4,250,650,15,336.192,-70.586,-60,0,0,0,1,critical_zone,0,1
90,fence24,random_waypoint,1,560,520,560,520,20,5,250,700,15,358.504,-71.1441,-60,0,0,0,1,critical_zone,0,1
90,fence24,random_waypoint,1,560,520,560,520,20,6,300,700,15,316.267,-70.0553,-60,0,0,0,1,critical_zone,0,1
90,fence24,random_waypoint,1,560,520,560,520,20,7,400,700,15,240.884,-67.6904,-60,0,0,0,1,critical_zone,0,1
90,fence24,random_waypoint,1,560,520,560,520,20,8,600,700,15,184.459,-65.3722,-60,0,0,0,1,critical_zone,0,1
90,fence24,random_waypoint,1,560,520,560,520,20,9,700,700,15,228.09,-67.2163,-60,0,0,0,1,critical_zone,0,1
90,fence24,random_waypoint,1,560,520,560,520,20,10,750,700,15,261.773,-68.4127,-60,0,0,0,1,critical_zone,0,1
90,fence24,random_waypoint,1,560,520,560,520,20,11,750,650,15,230.272,-67.299,-60,0,0,0,1,critical_zone,0,1
90,fence24,random_waypoint,1,560,520,560,520,20,12,750,550,15,192.419,-65.7392,-60,0,0,0,1,critical_zone,0,1
90,fence24,random_waypoint,1,560,520,560,520,20,13,750,450,15,202.546,-66.1847,-60,0,0,0,1,critical_zone,0,1
90,fence24,random_waypoint,1,560,520,560,520,20,14,750,350,15,255,-68.185,-60,0,0,0,1,critical_zone,0,1
90,fence24,random_waypoint,1,560,520,560,520,20,15,750,300,15,290.732,-69.3241,-60,0,0,0,1,critical_zone,0,1
90,fence24,random_waypoint,1,560,520,560,520,20,16,700,300,15,260.816,-68.3809,-60,0,0,0,1,critical_zone,0,1
90,fence24,random_waypoint,1,560,520,560,520,20,17,600,300,15,223.663,-67.0461,-60,0,0,0,1,critical_zone,0,1
90,fence24,random_waypoint,1,560,520,560,520,20,18,400,300,15,272.075,-68.748,-60,0,0,0,1,critical_zone,0,1
90,fence24,random_waypoint,1,560,520,560,520,20,19,300,300,15,340.624,-70.6997,-60,0,0,0,1,critical_zone,0,1
90,fence24,random_waypoint,1,560,520,560,520,20,20,300,500,15,260.816,-68.3809,-60,0,0,0,1,critical_zone,0,1
90,fence24,random_waypoint,1,560,520,560,520,20,21,500,350,15,180.347,-65.1764,-60,0,0,0,1,critical_zone,0,1
90,fence24,random_waypoint,1,560,520,560,520,20,22,700,500,15,141.51,-63.07,-60,0,0,0,1,critical_zone,0,1
90,fence24,random_waypoint,1,560,520,560,520,20,23,500,650,15,143.265,-63.1771,-60,0,0,0,1,critical_zone,0,1
91,fence24,random_waypoint,1,560,520,560,520,20,0,250,300,15,380.164,-71.6537,-60,0,0,0,1,critical_zone,0,1
91,fence24,random_waypoint,1,560,520,560,520,20,1,250,350,15,353.589,-71.0242,-60,0,0,0,1,critical_zone,0,1
91,fence24,random_waypoint,1,560,520,560,520,20,2,250,450,15,317.844,-70.0985,-60,0,0,0,1,critical_zone,0,1
91,fence24,random_waypoint,1,560,520,560,520,20,3,250,550,15,311.488,-69.9231,-60,0,0,0,1,critical_zone,0,1
91,fence24,random_waypoint,1,560,520,560,520,20,4,250,650,15,336.192,-70.586,-60,0,0,0,1,critical_zone,0,1
91,fence24,random_waypoint,1,560,520,560,520,20,5,250,700,15,358.504,-71.1441,-60,0,0,0,1,critical_zone,0,1
91,fence24,random_waypoint,1,560,520,560,520,20,6,300,700,15,316.267,-70.0553,-60,0,0,0,1,critical_zone,0,1
91,fence24,random_waypoint,1,560,520,560,520,20,7,400,700,15,240.884,-67.6904,-60,0,0,0,1,critical_zone,0,1
91,fence24,random_waypoint,1,560,520,560,520,20,8,600,700,15,184.459,-65.3722,-60,0,0,0,1,critical_zone,0,1
91,fence24,random_waypoint,1,560,520,560,520,20,9,700,700,15,228.09,-67.2163,-60,0,0,0,1,critical_zone,0,1
91,fence24,random_waypoint,1,560,520,560,520,20,10,750,700,15,261.773,-68.4127,-60,0,0,0,1,critical_zone,0,1
91,fence24,random_waypoint,1,560,520,560,520,20,11,750,650,15,230.272,-67.299,-60,0,0,0,1,critical_zone,0,1
91,fence24,random_waypoint,1,560,520,560,520,20,12,750,550,15,192.419,-65.7392,-60,0,0,0,1,critical_zone,0,1
91,fence24,random_waypoint,1,560,520,560,520,20,13,750,450,15,202.546,-66.1847,-60,0,0,0,1,critical_zone,0,1
91,fence24,random_waypoint,1,560,520,560,520,20,14,750,350,15,255,-68.185,-60,0,0,0,1,critical_zone,0,1
91,fence24,random_waypoint,1,560,520,560,520,20,15,750,300,15,290.732,-69.3241,-60,0,0,0,1,critical_zone,0,1
91,fence24,random_waypoint,1,560,520,560,520,20,16,700,300,15,260.816,-68.3809,-60,0,0,0,1,critical_zone,0,1
91,fence24,random_waypoint,1,560,520,560,520,20,17,600,300,15,223.663,-67.0461,-60,0,0,0,1,critical_zone,0,1
91,fence24,random_waypoint,1,560,520,560,520,20,18,400,300,15,272.075,-68.748,-60,0,0,0,1,critical_zone,0,1
91,fence24,random_waypoint,1,560,520,560,520,20,19,300,300,15,340.624,-70.6997,-60,0,0,0,1,critical_zone,0,1
91,fence24,random_waypoint,1,560,520,560,520,20,20,300,500,15,260.816,-68.3809,-60,0,0,0,1,critical_zone,0,1
91,fence24,random_waypoint,1,560,520,560,520,20,21,500,350,15,180.347,-65.1764,-60,0,0,0,1,critical_zone,0,1
91,fence24,random_waypoint,1,560,520,560,520,20,22,700,500,15,141.51,-63.07,-60,0,0,0,1,critical_zone,0,1
91,fence24,random_waypoint,1,560,520,560,520,20,23,500,650,15,143.265,-63.1771,-60,0,0,0,1,critical_zone,0,1
92,fence24,random_waypoint,1,560,520,560,520,20,0,250,300,15,380.164,-71.6537,-60,0,0,0,1,critical_zone,0,1
92,fence24,random_waypoint,1,560,520,560,520,20,1,250,350,15,353.589,-71.0242,-60,0,0,0,1,critical_zone,0,1
92,fence24,random_waypoint,1,560,520,560,520,20,2,250,450,15,317.844,-70.0985,-60,0,0,0,1,critical_zone,0,1
92,fence24,random_waypoint,1,560,520,560,520,20,3,250,550,15,311.488,-69.9231,-60,0,0,0,1,critical_zone,0,1
92,fence24,random_waypoint,1,560,520,560,520,20,4,250,650,15,336.192,-70.586,-60,0,0,0,1,critical_zone,0,1
92,fence24,random_waypoint,1,560,520,560,520,20,5,250,700,15,358.504,-71.1441,-60,0,0,0,1,critical_zone,0,1
92,fence24,random_waypoint,1,560,520,560,520,20,6,300,700,15,316.267,-70.0553,-60,0,0,0,1,critical_zone,0,1
92,fence24,random_waypoint,1,560,520,560,520,20,7,400,700,15,240.884,-67.6904,-60,0,0,0,1,critical_zone,0,1
92,fence24,random_waypoint,1,560,520,560,520,20,8,600,700,15,184.459,-65.3722,-60,0,0,0,1,critical_zone,0,1
92,fence24,random_waypoint,1,560,520,560,520,20,9,700,700,15,228.09,-67.2163,-60,0,0,0,1,critical_zone,0,1
92,fence24,random_waypoint,1,560,520,560,520,20,10,750,700,15,261.773,-68.4127,-60,0,0,0,1,critical_zone,0,1
92,fence24,random_waypoint,1,560,520,560,520,20,11,750,650,15,230.272,-67.299,-60,0,0,0,1,critical_zone,0,1
92,fence24,random_waypoint,1,560,520,560,520,20,12,750,550,15,192.419,-65.7392,-60,0,0,0,1,critical_zone,0,1
92,fence24,random_waypoint,1,560,520,560,520,20,13,750,450,15,202.546,-66.1847,-60,0,0,0,1,critical_zone,0,1
92,fence24,random_waypoint,1,560,520,560,520,20,14,750,350,15,255,-68.185,-60,0,0,0,1,critical_zone,0,1
92,fence24,random_waypoint,1,560,520,560,520,20,15,750,300,15,290.732,-69.3241,-60,0,0,0,1,critical_zone,0,1
92,fence24,random_waypoint,1,560,520,560,520,20,16,700,300,15,260.816,-68.3809,-60,0,0,0,1,critical_zone,0,1
92,fence24,random_waypoint,1,560,520,560,520,20,17,600,300,15,223.663,-67.0461,-60,0,0,0,1,critical_zone,0,1
92,fence24,random_waypoint,1,560,520,560,520,20,18,400,300,15,272.075,-68.748,-60,0,0,0,1,critical_zone,0,1
92,fence24,random_waypoint,1,560,520,560,520,20,19,300,300,15,340.624,-70.6997,-60,0,0,0,1,critical_zone,0,1
92,fence24,random_waypoint,1,560,520,560,520,20,20,300,500,15,260.816,-68.3809,-60,0,0,0,1,critical_zone,0,1
92,fence24,random_waypoint,1,560,520,560,520,20,21,500,350,15,180.347,-65.1764,-60,0,0,0,1,critical_zone,0,1
92,fence24,random_waypoint,1,560,520,560,520,20,22,700,500,15,141.51,-63.07,-60,0,0,0,1,critical_zone,0,1
92,fence24,random_waypoint,1,560,520,560,520,20,23,500,650,15,143.265,-63.1771,-60,0,0,0,1,critical_zone,0,1
93,fence24,random_waypoint,1,560,520,560,520,20,0,250,300,15,380.164,-71.6537,-60,0,0,0,1,critical_zone,0,1
93,fence24,random_waypoint,1,560,520,560,520,20,1,250,350,15,353.589,-71.0242,-60,0,0,0,1,critical_zone,0,1
93,fence24,random_waypoint,1,560,520,560,520,20,2,250,450,15,317.844,-70.0985,-60,0,0,0,1,critical_zone,0,1
93,fence24,random_waypoint,1,560,520,560,520,20,3,250,550,15,311.488,-69.9231,-60,0,0,0,1,critical_zone,0,1
93,fence24,random_waypoint,1,560,520,560,520,20,4,250,650,15,336.192,-70.586,-60,0,0,0,1,critical_zone,0,1
93,fence24,random_waypoint,1,560,520,560,520,20,5,250,700,15,358.504,-71.1441,-60,0,0,0,1,critical_zone,0,1
93,fence24,random_waypoint,1,560,520,560,520,20,6,300,700,15,316.267,-70.0553,-60,0,0,0,1,critical_zone,0,1
93,fence24,random_waypoint,1,560,520,560,520,20,7,400,700,15,240.884,-67.6904,-60,0,0,0,1,critical_zone,0,1
93,fence24,random_waypoint,1,560,520,560,520,20,8,600,700,15,184.459,-65.3722,-60,0,0,0,1,critical_zone,0,1
93,fence24,random_waypoint,1,560,520,560,520,20,9,700,700,15,228.09,-67.2163,-60,0,0,0,1,critical_zone,0,1
93,fence24,random_waypoint,1,560,520,560,520,20,10,750,700,15,261.773,-68.4127,-60,0,0,0,1,critical_zone,0,1
93,fence24,random_waypoint,1,560,520,560,520,20,11,750,650,15,230.272,-67.299,-60,0,0,0,1,critical_zone,0,1
93,fence24,random_waypoint,1,560,520,560,520,20,12,750,550,15,192.419,-65.7392,-60,0,0,0,1,critical_zone,0,1
93,fence24,random_waypoint,1,560,520,560,520,20,13,750,450,15,202.546,-66.1847,-60,0,0,0,1,critical_zone,0,1
93,fence24,random_waypoint,1,560,520,560,520,20,14,750,350,15,255,-68.185,-60,0,0,0,1,critical_zone,0,1
93,fence24,random_waypoint,1,560,520,560,520,20,15,750,300,15,290.732,-69.3241,-60,0,0,0,1,critical_zone,0,1
93,fence24,random_waypoint,1,560,520,560,520,20,16,700,300,15,260.816,-68.3809,-60,0,0,0,1,critical_zone,0,1
93,fence24,random_waypoint,1,560,520,560,520,20,17,600,300,15,223.663,-67.0461,-60,0,0,0,1,critical_zone,0,1
93,fence24,random_waypoint,1,560,520,560,520,20,18,400,300,15,272.075,-68.748,-60,0,0,0,1,critical_zone,0,1
93,fence24,random_waypoint,1,560,520,560,520,20,19,300,300,15,340.624,-70.6997,-60,0,0,0,1,critical_zone,0,1
93,fence24,random_waypoint,1,560,520,560,520,20,20,300,500,15,260.816,-68.3809,-60,0,0,0,1,critical_zone,0,1
93,fence24,random_waypoint,1,560,520,560,520,20,21,500,350,15,180.347,-65.1764,-60,0,0,0,1,critical_zone,0,1
93,fence24,random_waypoint,1,560,520,560,520,20,22,700,500,15,141.51,-63.07,-60,0,0,0,1,critical_zone,0,1
93,fence24,random_waypoint,1,560,520,560,520,20,23,500,650,15,143.265,-63.1771,-60,0,0,0,1,critical_zone,0,1
94,fence24,random_waypoint,1,560,520,560,520,20,0,250,300,15,380.164,-71.6537,-60,0,0,0,1,critical_zone,0,1
94,fence24,random_waypoint,1,560,520,560,520,20,1,250,350,15,353.589,-71.0242,-60,0,0,0,1,critical_zone,0,1
94,fence24,random_waypoint,1,560,520,560,520,20,2,250,450,15,317.844,-70.0985,-60,0,0,0,1,critical_zone,0,1
94,fence24,random_waypoint,1,560,520,560,520,20,3,250,550,15,311.488,-69.9231,-60,0,0,0,1,critical_zone,0,1
94,fence24,random_waypoint,1,560,520,560,520,20,4,250,650,15,336.192,-70.586,-60,0,0,0,1,critical_zone,0,1
94,fence24,random_waypoint,1,560,520,560,520,20,5,250,700,15,358.504,-71.1441,-60,0,0,0,1,critical_zone,0,1
94,fence24,random_waypoint,1,560,520,560,520,20,6,300,700,15,316.267,-70.0553,-60,0,0,0,1,critical_zone,0,1
94,fence24,random_waypoint,1,560,520,560,520,20,7,400,700,15,240.884,-67.6904,-60,0,0,0,1,critical_zone,0,1
94,fence24,random_waypoint,1,560,520,560,520,20,8,600,700,15,184.459,-65.3722,-60,0,0,0,1,critical_zone,0,1
94,fence24,random_waypoint,1,560,520,560,520,20,9,700,700,15,228.09,-67.2163,-60,0,0,0,1,critical_zone,0,1
94,fence24,random_waypoint,1,560,520,560,520,20,10,750,700,15,261.773,-68.4127,-60,0,0,0,1,critical_zone,0,1
94,fence24,random_waypoint,1,560,520,560,520,20,11,750,650,15,230.272,-67.299,-60,0,0,0,1,critical_zone,0,1
94,fence24,random_waypoint,1,560,520,560,520,20,12,750,550,15,192.419,-65.7392,-60,0,0,0,1,critical_zone,0,1
94,fence24,random_waypoint,1,560,520,560,520,20,13,750,450,15,202.546,-66.1847,-60,0,0,0,1,critical_zone,0,1
94,fence24,random_waypoint,1,560,520,560,520,20,14,750,350,15,255,-68.185,-60,0,0,0,1,critical_zone,0,1
94,fence24,random_waypoint,1,560,520,560,520,20,15,750,300,15,290.732,-69.3241,-60,0,0,0,1,critical_zone,0,1
94,fence24,random_waypoint,1,560,520,560,520,20,16,700,300,15,260.816,-68.3809,-60,0,0,0,1,critical_zone,0,1
94,fence24,random_waypoint,1,560,520,560,520,20,17,600,300,15,223.663,-67.0461,-60,0,0,0,1,critical_zone,0,1
94,fence24,random_waypoint,1,560,520,560,520,20,18,400,300,15,272.075,-68.748,-60,0,0,0,1,critical_zone,0,1
94,fence24,random_waypoint,1,560,520,560,520,20,19,300,300,15,340.624,-70.6997,-60,0,0,0,1,critical_zone,0,1
94,fence24,random_waypoint,1,560,520,560,520,20,20,300,500,15,260.816,-68.3809,-60,0,0,0,1,critical_zone,0,1
94,fence24,random_waypoint,1,560,520,560,520,20,21,500,350,15,180.347,-65.1764,-60,0,0,0,1,critical_zone,0,1
94,fence24,random_waypoint,1,560,520,560,520,20,22,700,500,15,141.51,-63.07,-60,0,0,0,1,critical_zone,0,1
94,fence24,random_waypoint,1,560,520,560,520,20,23,500,650,15,143.265,-63.1771,-60,0,0,0,1,critical_zone,0,1
95,fence24,random_waypoint,1,560,520,560,520,20,0,250,300,15,380.164,-71.6537,-60,0,0,0,1,critical_zone,0,1
95,fence24,random_waypoint,1,560,520,560,520,20,1,250,350,15,353.589,-71.0242,-60,0,0,0,1,critical_zone,0,1
95,fence24,random_waypoint,1,560,520,560,520,20,2,250,450,15,317.844,-70.0985,-60,0,0,0,1,critical_zone,0,1
95,fence24,random_waypoint,1,560,520,560,520,20,3,250,550,15,311.488,-69.9231,-60,0,0,0,1,critical_zone,0,1
95,fence24,random_waypoint,1,560,520,560,520,20,4,250,650,15,336.192,-70.586,-60,0,0,0,1,critical_zone,0,1
95,fence24,random_waypoint,1,560,520,560,520,20,5,250,700,15,358.504,-71.1441,-60,0,0,0,1,critical_zone,0,1
95,fence24,random_waypoint,1,560,520,560,520,20,6,300,700,15,316.267,-70.0553,-60,0,0,0,1,critical_zone,0,1
95,fence24,random_waypoint,1,560,520,560,520,20,7,400,700,15,240.884,-67.6904,-60,0,0,0,1,critical_zone,0,1
95,fence24,random_waypoint,1,560,520,560,520,20,8,600,700,15,184.459,-65.3722,-60,0,0,0,1,critical_zone,0,1
95,fence24,random_waypoint,1,560,520,560,520,20,9,700,700,15,228.09,-67.2163,-60,0,0,0,1,critical_zone,0,1
95,fence24,random_waypoint,1,560,520,560,520,20,10,750,700,15,261.773,-68.4127,-60,0,0,0,1,critical_zone,0,1
95,fence24,random_waypoint,1,560,520,560,520,20,11,750,650,15,230.272,-67.299,-60,0,0,0,1,critical_zone,0,1
95,fence24,random_waypoint,1,560,520,560,520,20,12,750,550,15,192.419,-65.7392,-60,0,0,0,1,critical_zone,0,1
95,fence24,random_waypoint,1,560,520,560,520,20,13,750,450,15,202.546,-66.1847,-60,0,0,0,1,critical_zone,0,1
95,fence24,random_waypoint,1,560,520,560,520,20,14,750,350,15,255,-68.185,-60,0,0,0,1,critical_zone,0,1
95,fence24,random_waypoint,1,560,520,560,520,20,15,750,300,15,290.732,-69.3241,-60,0,0,0,1,critical_zone,0,1
95,fence24,random_waypoint,1,560,520,560,520,20,16,700,300,15,260.816,-68.3809,-60,0,0,0,1,critical_zone,0,1
95,fence24,random_waypoint,1,560,520,560,520,20,17,600,300,15,223.663,-67.0461,-60,0,0,0,1,critical_zone,0,1
95,fence24,random_waypoint,1,560,520,560,520,20,18,400,300,15,272.075,-68.748,-60,0,0,0,1,critical_zone,0,1
95,fence24,random_waypoint,1,560,520,560,520,20,19,300,300,15,340.624,-70.6997,-60,0,0,0,1,critical_zone,0,1
95,fence24,random_waypoint,1,560,520,560,520,20,20,300,500,15,260.816,-68.3809,-60,0,0,0,1,critical_zone,0,1
95,fence24,random_waypoint,1,560,520,560,520,20,21,500,350,15,180.347,-65.1764,-60,0,0,0,1,critical_zone,0,1
95,fence24,random_waypoint,1,560,520,560,520,20,22,700,500,15,141.51,-63.07,-60,0,0,0,1,critical_zone,0,1
95,fence24,random_waypoint,1,560,520,560,520,20,23,500,650,15,143.265,-63.1771,-60,0,0,0,1,critical_zone,0,1
96,fence24,random_waypoint,1,560,520,560,520,20,0,250,300,15,380.164,-71.6537,-60,0,0,0,1,critical_zone,0,1
96,fence24,random_waypoint,1,560,520,560,520,20,1,250,350,15,353.589,-71.0242,-60,0,0,0,1,critical_zone,0,1
96,fence24,random_waypoint,1,560,520,560,520,20,2,250,450,15,317.844,-70.0985,-60,0,0,0,1,critical_zone,0,1
96,fence24,random_waypoint,1,560,520,560,520,20,3,250,550,15,311.488,-69.9231,-60,0,0,0,1,critical_zone,0,1
96,fence24,random_waypoint,1,560,520,560,520,20,4,250,650,15,336.192,-70.586,-60,0,0,0,1,critical_zone,0,1
96,fence24,random_waypoint,1,560,520,560,520,20,5,250,700,15,358.504,-71.1441,-60,0,0,0,1,critical_zone,0,1
96,fence24,random_waypoint,1,560,520,560,520,20,6,300,700,15,316.267,-70.0553,-60,0,0,0,1,critical_zone,0,1
96,fence24,random_waypoint,1,560,520,560,520,20,7,400,700,15,240.884,-67.6904,-60,0,0,0,1,critical_zone,0,1
96,fence24,random_waypoint,1,560,520,560,520,20,8,600,700,15,184.459,-65.3722,-60,0,0,0,1,critical_zone,0,1
96,fence24,random_waypoint,1,560,520,560,520,20,9,700,700,15,228.09,-67.2163,-60,0,0,0,1,critical_zone,0,1
96,fence24,random_waypoint,1,560,520,560,520,20,10,750,700,15,261.773,-68.4127,-60,0,0,0,1,critical_zone,0,1
96,fence24,random_waypoint,1,560,520,560,520,20,11,750,650,15,230.272,-67.299,-60,0,0,0,1,critical_zone,0,1
96,fence24,random_waypoint,1,560,520,560,520,20,12,750,550,15,192.419,-65.7392,-60,0,0,0,1,critical_zone,0,1
96,fence24,random_waypoint,1,560,520,560,520,20,13,750,450,15,202.546,-66.1847,-60,0,0,0,1,critical_zone,0,1
96,fence24,random_waypoint,1,560,520,560,520,20,14,750,350,15,255,-68.185,-60,0,0,0,1,critical_zone,0,1
96,fence24,random_waypoint,1,560,520,560,520,20,15,750,300,15,290.732,-69.3241,-60,0,0,0,1,critical_zone,0,1
96,fence24,random_waypoint,1,560,520,560,520,20,16,700,300,15,260.816,-68.3809,-60,0,0,0,1,critical_zone,0,1
96,fence24,random_waypoint,1,560,520,560,520,20,17,600,300,15,223.663,-67.0461,-60,0,0,0,1,critical_zone,0,1
96,fence24,random_waypoint,1,560,520,560,520,20,18,400,300,15,272.075,-68.748,-60,0,0,0,1,critical_zone,0,1
96,fence24,random_waypoint,1,560,520,560,520,20,19,300,300,15,340.624,-70.6997,-60,0,0,0,1,critical_zone,0,1
96,fence24,random_waypoint,1,560,520,560,520,20,20,300,500,15,260.816,-68.3809,-60,0,0,0,1,critical_zone,0,1
96,fence24,random_waypoint,1,560,520,560,520,20,21,500,350,15,180.347,-65.1764,-60,0,0,0,1,critical_zone,0,1
96,fence24,random_waypoint,1,560,520,560,520,20,22,700,500,15,141.51,-63.07,-60,0,0,0,1,critical_zone,0,1
96,fence24,random_waypoint,1,560,520,560,520,20,23,500,650,15,143.265,-63.1771,-60,0,0,0,1,critical_zone,0,1
97,fence24,random_waypoint,1,560,520,560,520,20,0,250,300,15,380.164,-71.6537,-60,0,0,0,1,critical_zone,0,1
97,fence24,random_waypoint,1,560,520,560,520,20,1,250,350,15,353.589,-71.0242,-60,0,0,0,1,critical_zone,0,1
97,fence24,random_waypoint,1,560,520,560,520,20,2,250,450,15,317.844,-70.0985,-60,0,0,0,1,critical_zone,0,1
97,fence24,random_waypoint,1,560,520,560,520,20,3,250,550,15,311.488,-69.9231,-60,0,0,0,1,critical_zone,0,1
97,fence24,random_waypoint,1,560,520,560,520,20,4,250,650,15,336.192,-70.586,-60,0,0,0,1,critical_zone,0,1
97,fence24,random_waypoint,1,560,520,560,520,20,5,250,700,15,358.504,-71.1441,-60,0,0,0,1,critical_zone,0,1
97,fence24,random_waypoint,1,560,520,560,520,20,6,300,700,15,316.267,-70.0553,-60,0,0,0,1,critical_zone,0,1
97,fence24,random_waypoint,1,560,520,560,520,20,7,400,700,15,240.884,-67.6904,-60,0,0,0,1,critical_zone,0,1
97,fence24,random_waypoint,1,560,520,560,520,20,8,600,700,15,184.459,-65.3722,-60,0,0,0,1,critical_zone,0,1
97,fence24,random_waypoint,1,560,520,560,520,20,9,700,700,15,228.09,-67.2163,-60,0,0,0,1,critical_zone,0,1
97,fence24,random_waypoint,1,560,520,560,520,20,10,750,700,15,261.773,-68.4127,-60,0,0,0,1,critical_zone,0,1
97,fence24,random_waypoint,1,560,520,560,520,20,11,750,650,15,230.272,-67.299,-60,0,0,0,1,critical_zone,0,1
97,fence24,random_waypoint,1,560,520,560,520,20,12,750,550,15,192.419,-65.7392,-60,0,0,0,1,critical_zone,0,1
97,fence24,random_waypoint,1,560,520,560,520,20,13,750,450,15,202.546,-66.1847,-60,0,0,0,1,critical_zone,0,1
97,fence24,random_waypoint,1,560,520,560,520,20,14,750,350,15,255,-68.185,-60,0,0,0,1,critical_zone,0,1
97,fence24,random_waypoint,1,560,520,560,520,20,15,750,300,15,290.732,-69.3241,-60,0,0,0,1,critical_zone,0,1
97,fence24,random_waypoint,1,560,520,560,520,20,16,700,300,15,260.816,-68.3809,-60,0,0,0,1,critical_zone,0,1
97,fence24,random_waypoint,1,560,520,560,520,20,17,600,300,15,223.663,-67.0461,-60,0,0,0,1,critical_zone,0,1
97,fence24,random_waypoint,1,560,520,560,520,20,18,400,300,15,272.075,-68.748,-60,0,0,0,1,critical_zone,0,1
97,fence24,random_waypoint,1,560,520,560,520,20,19,300,300,15,340.624,-70.6997,-60,0,0,0,1,critical_zone,0,1
97,fence24,random_waypoint,1,560,520,560,520,20,20,300,500,15,260.816,-68.3809,-60,0,0,0,1,critical_zone,0,1
97,fence24,random_waypoint,1,560,520,560,520,20,21,500,350,15,180.347,-65.1764,-60,0,0,0,1,critical_zone,0,1
97,fence24,random_waypoint,1,560,520,560,520,20,22,700,500,15,141.51,-63.07,-60,0,0,0,1,critical_zone,0,1
97,fence24,random_waypoint,1,560,520,560,520,20,23,500,650,15,143.265,-63.1771,-60,0,0,0,1,critical_zone,0,1
98,fence24,random_waypoint,1,560,520,560,520,20,0,250,300,15,380.164,-71.6537,-60,0,0,0,1,critical_zone,0,1
98,fence24,random_waypoint,1,560,520,560,520,20,1,250,350,15,353.589,-71.0242,-60,0,0,0,1,critical_zone,0,1
98,fence24,random_waypoint,1,560,520,560,520,20,2,250,450,15,317.844,-70.0985,-60,0,0,0,1,critical_zone,0,1
98,fence24,random_waypoint,1,560,520,560,520,20,3,250,550,15,311.488,-69.9231,-60,0,0,0,1,critical_zone,0,1
98,fence24,random_waypoint,1,560,520,560,520,20,4,250,650,15,336.192,-70.586,-60,0,0,0,1,critical_zone,0,1
98,fence24,random_waypoint,1,560,520,560,520,20,5,250,700,15,358.504,-71.1441,-60,0,0,0,1,critical_zone,0,1
98,fence24,random_waypoint,1,560,520,560,520,20,6,300,700,15,316.267,-70.0553,-60,0,0,0,1,critical_zone,0,1
98,fence24,random_waypoint,1,560,520,560,520,20,7,400,700,15,240.884,-67.6904,-60,0,0,0,1,critical_zone,0,1
98,fence24,random_waypoint,1,560,520,560,520,20,8,600,700,15,184.459,-65.3722,-60,0,0,0,1,critical_zone,0,1
98,fence24,random_waypoint,1,560,520,560,520,20,9,700,700,15,228.09,-67.2163,-60,0,0,0,1,critical_zone,0,1
98,fence24,random_waypoint,1,560,520,560,520,20,10,750,700,15,261.773,-68.4127,-60,0,0,0,1,critical_zone,0,1
98,fence24,random_waypoint,1,560,520,560,520,20,11,750,650,15,230.272,-67.299,-60,0,0,0,1,critical_zone,0,1
98,fence24,random_waypoint,1,560,520,560,520,20,12,750,550,15,192.419,-65.7392,-60,0,0,0,1,critical_zone,0,1
98,fence24,random_waypoint,1,560,520,560,520,20,13,750,450,15,202.546,-66.1847,-60,0,0,0,1,critical_zone,0,1
98,fence24,random_waypoint,1,560,520,560,520,20,14,750,350,15,255,-68.185,-60,0,0,0,1,critical_zone,0,1
98,fence24,random_waypoint,1,560,520,560,520,20,15,750,300,15,290.732,-69.3241,-60,0,0,0,1,critical_zone,0,1
98,fence24,random_waypoint,1,560,520,560,520,20,16,700,300,15,260.816,-68.3809,-60,0,0,0,1,critical_zone,0,1
98,fence24,random_waypoint,1,560,520,560,520,20,17,600,300,15,223.663,-67.0461,-60,0,0,0,1,critical_zone,0,1
98,fence24,random_waypoint,1,560,520,560,520,20,18,400,300,15,272.075,-68.748,-60,0,0,0,1,critical_zone,0,1
98,fence24,random_waypoint,1,560,520,560,520,20,19,300,300,15,340.624,-70.6997,-60,0,0,0,1,critical_zone,0,1
98,fence24,random_waypoint,1,560,520,560,520,20,20,300,500,15,260.816,-68.3809,-60,0,0,0,1,critical_zone,0,1
98,fence24,random_waypoint,1,560,520,560,520,20,21,500,350,15,180.347,-65.1764,-60,0,0,0,1,critical_zone,0,1
98,fence24,random_waypoint,1,560,520,560,520,20,22,700,500,15,141.51,-63.07,-60,0,0,0,1,critical_zone,0,1
98,fence24,random_waypoint,1,560,520,560,520,20,23,500,650,15,143.265,-63.1771,-60,0,0,0,1,critical_zone,0,1
99,fence24,random_waypoint,1,560,520,560,520,20,0,250,300,15,380.164,-71.6537,-60,0,0,0,1,critical_zone,0,1
99,fence24,random_waypoint,1,560,520,560,520,20,1,250,350,15,353.589,-71.0242,-60,0,0,0,1,critical_zone,0,1
99,fence24,random_waypoint,1,560,520,560,520,20,2,250,450,15,317.844,-70.0985,-60,0,0,0,1,critical_zone,0,1
99,fence24,random_waypoint,1,560,520,560,520,20,3,250,550,15,311.488,-69.9231,-60,0,0,0,1,critical_zone,0,1
99,fence24,random_waypoint,1,560,520,560,520,20,4,250,650,15,336.192,-70.586,-60,0,0,0,1,critical_zone,0,1
99,fence24,random_waypoint,1,560,520,560,520,20,5,250,700,15,358.504,-71.1441,-60,0,0,0,1,critical_zone,0,1
99,fence24,random_waypoint,1,560,520,560,520,20,6,300,700,15,316.267,-70.0553,-60,0,0,0,1,critical_zone,0,1
99,fence24,random_waypoint,1,560,520,560,520,20,7,400,700,15,240.884,-67.6904,-60,0,0,0,1,critical_zone,0,1
99,fence24,random_waypoint,1,560,520,560,520,20,8,600,700,15,184.459,-65.3722,-60,0,0,0,1,critical_zone,0,1
99,fence24,random_waypoint,1,560,520,560,520,20,9,700,700,15,228.09,-67.2163,-60,0,0,0,1,critical_zone,0,1
99,fence24,random_waypoint,1,560,520,560,520,20,10,750,700,15,261.773,-68.4127,-60,0,0,0,1,critical_zone,0,1
99,fence24,random_waypoint,1,560,520,560,520,20,11,750,650,15,230.272,-67.299,-60,0,0,0,1,critical_zone,0,1
99,fence24,random_waypoint,1,560,520,560,520,20,12,750,550,15,192.419,-65.7392,-60,0,0,0,1,critical_zone,0,1
99,fence24,random_waypoint,1,560,520,560,520,20,13,750,450,15,202.546,-66.1847,-60,0,0,0,1,critical_zone,0,1
99,fence24,random_waypoint,1,560,520,560,520,20,14,750,350,15,255,-68.185,-60,0,0,0,1,critical_zone,0,1
99,fence24,random_waypoint,1,560,520,560,520,20,15,750,300,15,290.732,-69.3241,-60,0,0,0,1,critical_zone,0,1
99,fence24,random_waypoint,1,560,520,560,520,20,16,700,300,15,260.816,-68.3809,-60,0,0,0,1,critical_zone,0,1
99,fence24,random_waypoint,1,560,520,560,520,20,17,600,300,15,223.663,-67.0461,-60,0,0,0,1,critical_zone,0,1
99,fence24,random_waypoint,1,560,520,560,520,20,18,400,300,15,272.075,-68.748,-60,0,0,0,1,critical_zone,0,1
99,fence24,random_waypoint,1,560,520,560,520,20,19,300,300,15,340.624,-70.6997,-60,0,0,0,1,critical_zone,0,1
99,fence24,random_waypoint,1,560,520,560,520,20,20,300,500,15,260.816,-68.3809,-60,0,0,0,1,critical_zone,0,1
99,fence24,random_waypoint,1,560,520,560,520,20,21,500,350,15,180.347,-65.1764,-60,0,0,0,1,critical_zone,0,1
99,fence24,random_waypoint,1,560,520,560,520,20,22,700,500,15,141.51,-63.07,-60,0,0,0,1,critical_zone,0,1
99,fence24,random_waypoint,1,560,520,560,520,20,23,500,650,15,143.265,-63.1771,-60,0,0,0,1,critical_zone,0,1
100,fence24,random_waypoint,1,560,520,560,520,20,0,250,300,15,380.164,-71.6537,-60,0,0,0,1,critical_zone,0,1
100,fence24,random_waypoint,1,560,520,560,520,20,1,250,350,15,353.589,-71.0242,-60,0,0,0,1,critical_zone,0,1
100,fence24,random_waypoint,1,560,520,560,520,20,2,250,450,15,317.844,-70.0985,-60,0,0,0,1,critical_zone,0,1
100,fence24,random_waypoint,1,560,520,560,520,20,3,250,550,15,311.488,-69.9231,-60,0,0,0,1,critical_zone,0,1
100,fence24,random_waypoint,1,560,520,560,520,20,4,250,650,15,336.192,-70.586,-60,0,0,0,1,critical_zone,0,1
100,fence24,random_waypoint,1,560,520,560,520,20,5,250,700,15,358.504,-71.1441,-60,0,0,0,1,critical_zone,0,1
100,fence24,random_waypoint,1,560,520,560,520,20,6,300,700,15,316.267,-70.0553,-60,0,0,0,1,critical_zone,0,1
100,fence24,random_waypoint,1,560,520,560,520,20,7,400,700,15,240.884,-67.6904,-60,0,0,0,1,critical_zone,0,1
100,fence24,random_waypoint,1,560,520,560,520,20,8,600,700,15,184.459,-65.3722,-60,0,0,0,1,critical_zone,0,1
100,fence24,random_waypoint,1,560,520,560,520,20,9,700,700,15,228.09,-67.2163,-60,0,0,0,1,critical_zone,0,1
100,fence24,random_waypoint,1,560,520,560,520,20,10,750,700,15,261.773,-68.4127,-60,0,0,0,1,critical_zone,0,1
100,fence24,random_waypoint,1,560,520,560,520,20,11,750,650,15,230.272,-67.299,-60,0,0,0,1,critical_zone,0,1
100,fence24,random_waypoint,1,560,520,560,520,20,12,750,550,15,192.419,-65.7392,-60,0,0,0,1,critical_zone,0,1
100,fence24,random_waypoint,1,560,520,560,520,20,13,750,450,15,202.546,-66.1847,-60,0,0,0,1,critical_zone,0,1
100,fence24,random_waypoint,1,560,520,560,520,20,14,750,350,15,255,-68.185,-60,0,0,0,1,critical_zone,0,1
100,fence24,random_waypoint,1,560,520,560,520,20,15,750,300,15,290.732,-69.3241,-60,0,0,0,1,critical_zone,0,1
100,fence24,random_waypoint,1,560,520,560,520,20,16,700,300,15,260.816,-68.3809,-60,0,0,0,1,critical_zone,0,1
100,fence24,random_waypoint,1,560,520,560,520,20,17,600,300,15,223.663,-67.0461,-60,0,0,0,1,critical_zone,0,1
100,fence24,random_waypoint,1,560,520,560,520,20,18,400,300,15,272.075,-68.748,-60,0,0,0,1,critical_zone,0,1
100,fence24,random_waypoint,1,560,520,560,520,20,19,300,300,15,340.624,-70.6997,-60,0,0,0,1,critical_zone,0,1
100,fence24,random_waypoint,1,560,520,560,520,20,20,300,500,15,260.816,-68.3809,-60,0,0,0,1,critical_zone,0,1
100,fence24,random_waypoint,1,560,520,560,520,20,21,500,350,15,180.347,-65.1764,-60,0,0,0,1,critical_zone,0,1
100,fence24,random_waypoint,1,560,520,560,520,20,22,700,500,15,141.51,-63.07,-60,0,0,0,1,critical_zone,0,1
100,fence24,random_waypoint,1,560,520,560,520,20,23,500,650,15,143.265,-63.1771,-60,0,0,0,1,critical_zone,0,1
101,fence24,random_waypoint,1,560,520,560,520,20,0,250,300,15,380.164,-71.6537,-60,0,0,0,1,critical_zone,0,1
101,fence24,random_waypoint,1,560,520,560,520,20,1,250,350,15,353.589,-71.0242,-60,0,0,0,1,critical_zone,0,1
101,fence24,random_waypoint,1,560,520,560,520,20,2,250,450,15,317.844,-70.0985,-60,0,0,0,1,critical_zone,0,1
101,fence24,random_waypoint,1,560,520,560,520,20,3,250,550,15,311.488,-69.9231,-60,0,0,0,1,critical_zone,0,1
101,fence24,random_waypoint,1,560,520,560,520,20,4,250,650,15,336.192,-70.586,-60,0,0,0,1,critical_zone,0,1
101,fence24,random_waypoint,1,560,520,560,520,20,5,250,700,15,358.504,-71.1441,-60,0,0,0,1,critical_zone,0,1
101,fence24,random_waypoint,1,560,520,560,520,20,6,300,700,15,316.267,-70.0553,-60,0,0,0,1,critical_zone,0,1
101,fence24,random_waypoint,1,560,520,560,520,20,7,400,700,15,240.884,-67.6904,-60,0,0,0,1,critical_zone,0,1
101,fence24,random_waypoint,1,560,520,560,520,20,8,600,700,15,184.459,-65.3722,-60,0,0,0,1,critical_zone,0,1
101,fence24,random_waypoint,1,560,520,560,520,20,9,700,700,15,228.09,-67.2163,-60,0,0,0,1,critical_zone,0,1
101,fence24,random_waypoint,1,560,520,560,520,20,10,750,700,15,261.773,-68.4127,-60,0,0,0,1,critical_zone,0,1
101,fence24,random_waypoint,1,560,520,560,520,20,11,750,650,15,230.272,-67.299,-60,0,0,0,1,critical_zone,0,1
101,fence24,random_waypoint,1,560,520,560,520,20,12,750,550,15,192.419,-65.7392,-60,0,0,0,1,critical_zone,0,1
101,fence24,random_waypoint,1,560,520,560,520,20,13,750,450,15,202.546,-66.1847,-60,0,0,0,1,critical_zone,0,1
101,fence24,random_waypoint,1,560,520,560,520,20,14,750,350,15,255,-68.185,-60,0,0,0,1,critical_zone,0,1
101,fence24,random_waypoint,1,560,520,560,520,20,15,750,300,15,290.732,-69.3241,-60,0,0,0,1,critical_zone,0,1
101,fence24,random_waypoint,1,560,520,560,520,20,16,700,300,15,260.816,-68.3809,-60,0,0,0,1,critical_zone,0,1
101,fence24,random_waypoint,1,560,520,560,520,20,17,600,300,15,223.663,-67.0461,-60,0,0,0,1,critical_zone,0,1
101,fence24,random_waypoint,1,560,520,560,520,20,18,400,300,15,272.075,-68.748,-60,0,0,0,1,critical_zone,0,1
101,fence24,random_waypoint,1,560,520,560,520,20,19,300,300,15,340.624,-70.6997,-60,0,0,0,1,critical_zone,0,1
101,fence24,random_waypoint,1,560,520,560,520,20,20,300,500,15,260.816,-68.3809,-60,0,0,0,1,critical_zone,0,1
101,fence24,random_waypoint,1,560,520,560,520,20,21,500,350,15,180.347,-65.1764,-60,0,0,0,1,critical_zone,0,1
101,fence24,random_waypoint,1,560,520,560,520,20,22,700,500,15,141.51,-63.07,-60,0,0,0,1,critical_zone,0,1
101,fence24,random_waypoint,1,560,520,560,520,20,23,500,650,15,143.265,-63.1771,-60,0,0,0,1,critical_zone,0,1
102,fence24,random_waypoint,1,560,520,560,520,20,0,250,300,15,380.164,-71.6537,-60,0,0,0,1,critical_zone,0,1
102,fence24,random_waypoint,1,560,520,560,520,20,1,250,350,15,353.589,-71.0242,-60,0,0,0,1,critical_zone,0,1
102,fence24,random_waypoint,1,560,520,560,520,20,2,250,450,15,317.844,-70.0985,-60,0,0,0,1,critical_zone,0,1
102,fence24,random_waypoint,1,560,520,560,520,20,3,250,550,15,311.488,-69.9231,-60,0,0,0,1,critical_zone,0,1
102,fence24,random_waypoint,1,560,520,560,520,20,4,250,650,15,336.192,-70.586,-60,0,0,0,1,critical_zone,0,1
102,fence24,random_waypoint,1,560,520,560,520,20,5,250,700,15,358.504,-71.1441,-60,0,0,0,1,critical_zone,0,1
102,fence24,random_waypoint,1,560,520,560,520,20,6,300,700,15,316.267,-70.0553,-60,0,0,0,1,critical_zone,0,1
102,fence24,random_waypoint,1,560,520,560,520,20,7,400,700,15,240.884,-67.6904,-60,0,0,0,1,critical_zone,0,1
102,fence24,random_waypoint,1,560,520,560,520,20,8,600,700,15,184.459,-65.3722,-60,0,0,0,1,critical_zone,0,1
102,fence24,random_waypoint,1,560,520,560,520,20,9,700,700,15,228.09,-67.2163,-60,0,0,0,1,critical_zone,0,1
102,fence24,random_waypoint,1,560,520,560,520,20,10,750,700,15,261.773,-68.4127,-60,0,0,0,1,critical_zone,0,1
102,fence24,random_waypoint,1,560,520,560,520,20,11,750,650,15,230.272,-67.299,-60,0,0,0,1,critical_zone,0,1
102,fence24,random_waypoint,1,560,520,560,520,20,12,750,550,15,192.419,-65.7392,-60,0,0,0,1,critical_zone,0,1
102,fence24,random_waypoint,1,560,520,560,520,20,13,750,450,15,202.546,-66.1847,-60,0,0,0,1,critical_zone,0,1
102,fence24,random_waypoint,1,560,520,560,520,20,14,750,350,15,255,-68.185,-60,0,0,0,1,critical_zone,0,1
102,fence24,random_waypoint,1,560,520,560,520,20,15,750,300,15,290.732,-69.3241,-60,0,0,0,1,critical_zone,0,1
102,fence24,random_waypoint,1,560,520,560,520,20,16,700,300,15,260.816,-68.3809,-60,0,0,0,1,critical_zone,0,1
102,fence24,random_waypoint,1,560,520,560,520,20,17,600,300,15,223.663,-67.0461,-60,0,0,0,1,critical_zone,0,1
102,fence24,random_waypoint,1,560,520,560,520,20,18,400,300,15,272.075,-68.748,-60,0,0,0,1,critical_zone,0,1
102,fence24,random_waypoint,1,560,520,560,520,20,19,300,300,15,340.624,-70.6997,-60,0,0,0,1,critical_zone,0,1
102,fence24,random_waypoint,1,560,520,560,520,20,20,300,500,15,260.816,-68.3809,-60,0,0,0,1,critical_zone,0,1
102,fence24,random_waypoint,1,560,520,560,520,20,21,500,350,15,180.347,-65.1764,-60,0,0,0,1,critical_zone,0,1
102,fence24,random_waypoint,1,560,520,560,520,20,22,700,500,15,141.51,-63.07,-60,0,0,0,1,critical_zone,0,1
102,fence24,random_waypoint,1,560,520,560,520,20,23,500,650,15,143.265,-63.1771,-60,0,0,0,1,critical_zone,0,1
103,fence24,random_waypoint,1,560,520,560,520,20,0,250,300,15,380.164,-71.6537,-60,0,0,0,1,critical_zone,0,1
103,fence24,random_waypoint,1,560,520,560,520,20,1,250,350,15,353.589,-71.0242,-60,0,0,0,1,critical_zone,0,1
103,fence24,random_waypoint,1,560,520,560,520,20,2,250,450,15,317.844,-70.0985,-60,0,0,0,1,critical_zone,0,1
103,fence24,random_waypoint,1,560,520,560,520,20,3,250,550,15,311.488,-69.9231,-60,0,0,0,1,critical_zone,0,1
103,fence24,random_waypoint,1,560,520,560,520,20,4,250,650,15,336.192,-70.586,-60,0,0,0,1,critical_zone,0,1
103,fence24,random_waypoint,1,560,520,560,520,20,5,250,700,15,358.504,-71.1441,-60,0,0,0,1,critical_zone,0,1
103,fence24,random_waypoint,1,560,520,560,520,20,6,300,700,15,316.267,-70.0553,-60,0,0,0,1,critical_zone,0,1
103,fence24,random_waypoint,1,560,520,560,520,20,7,400,700,15,240.884,-67.6904,-60,0,0,0,1,critical_zone,0,1
103,fence24,random_waypoint,1,560,520,560,520,20,8,600,700,15,184.459,-65.3722,-60,0,0,0,1,critical_zone,0,1
103,fence24,random_waypoint,1,560,520,560,520,20,9,700,700,15,228.09,-67.2163,-60,0,0,0,1,critical_zone,0,1
103,fence24,random_waypoint,1,560,520,560,520,20,10,750,700,15,261.773,-68.4127,-60,0,0,0,1,critical_zone,0,1
103,fence24,random_waypoint,1,560,520,560,520,20,11,750,650,15,230.272,-67.299,-60,0,0,0,1,critical_zone,0,1
103,fence24,random_waypoint,1,560,520,560,520,20,12,750,550,15,192.419,-65.7392,-60,0,0,0,1,critical_zone,0,1
103,fence24,random_waypoint,1,560,520,560,520,20,13,750,450,15,202.546,-66.1847,-60,0,0,0,1,critical_zone,0,1
103,fence24,random_waypoint,1,560,520,560,520,20,14,750,350,15,255,-68.185,-60,0,0,0,1,critical_zone,0,1
103,fence24,random_waypoint,1,560,520,560,520,20,15,750,300,15,290.732,-69.3241,-60,0,0,0,1,critical_zone,0,1
103,fence24,random_waypoint,1,560,520,560,520,20,16,700,300,15,260.816,-68.3809,-60,0,0,0,1,critical_zone,0,1
103,fence24,random_waypoint,1,560,520,560,520,20,17,600,300,15,223.663,-67.0461,-60,0,0,0,1,critical_zone,0,1
103,fence24,random_waypoint,1,560,520,560,520,20,18,400,300,15,272.075,-68.748,-60,0,0,0,1,critical_zone,0,1
103,fence24,random_waypoint,1,560,520,560,520,20,19,300,300,15,340.624,-70.6997,-60,0,0,0,1,critical_zone,0,1
103,fence24,random_waypoint,1,560,520,560,520,20,20,300,500,15,260.816,-68.3809,-60,0,0,0,1,critical_zone,0,1
103,fence24,random_waypoint,1,560,520,560,520,20,21,500,350,15,180.347,-65.1764,-60,0,0,0,1,critical_zone,0,1
103,fence24,random_waypoint,1,560,520,560,520,20,22,700,500,15,141.51,-63.07,-60,0,0,0,1,critical_zone,0,1
103,fence24,random_waypoint,1,560,520,560,520,20,23,500,650,15,143.265,-63.1771,-60,0,0,0,1,critical_zone,0,1
104,fence24,random_waypoint,1,560,520,560,520,20,0,250,300,15,380.164,-71.6537,-60,0,0,0,1,critical_zone,0,1
104,fence24,random_waypoint,1,560,520,560,520,20,1,250,350,15,353.589,-71.0242,-60,0,0,0,1,critical_zone,0,1
104,fence24,random_waypoint,1,560,520,560,520,20,2,250,450,15,317.844,-70.0985,-60,0,0,0,1,critical_zone,0,1
104,fence24,random_waypoint,1,560,520,560,520,20,3,250,550,15,311.488,-69.9231,-60,0,0,0,1,critical_zone,0,1
104,fence24,random_waypoint,1,560,520,560,520,20,4,250,650,15,336.192,-70.586,-60,0,0,0,1,critical_zone,0,1
104,fence24,random_waypoint,1,560,520,560,520,20,5,250,700,15,358.504,-71.1441,-60,0,0,0,1,critical_zone,0,1
104,fence24,random_waypoint,1,560,520,560,520,20,6,300,700,15,316.267,-70.0553,-60,0,0,0,1,critical_zone,0,1
104,fence24,random_waypoint,1,560,520,560,520,20,7,400,700,15,240.884,-67.6904,-60,0,0,0,1,critical_zone,0,1
104,fence24,random_waypoint,1,560,520,560,520,20,8,600,700,15,184.459,-65.3722,-60,0,0,0,1,critical_zone,0,1
104,fence24,random_waypoint,1,560,520,560,520,20,9,700,700,15,228.09,-67.2163,-60,0,0,0,1,critical_zone,0,1
104,fence24,random_waypoint,1,560,520,560,520,20,10,750,700,15,261.773,-68.4127,-60,0,0,0,1,critical_zone,0,1
104,fence24,random_waypoint,1,560,520,560,520,20,11,750,650,15,230.272,-67.299,-60,0,0,0,1,critical_zone,0,1
104,fence24,random_waypoint,1,560,520,560,520,20,12,750,550,15,192.419,-65.7392,-60,0,0,0,1,critical_zone,0,1
104,fence24,random_waypoint,1,560,520,560,520,20,13,750,450,15,202.546,-66.1847,-60,0,0,0,1,critical_zone,0,1
104,fence24,random_waypoint,1,560,520,560,520,20,14,750,350,15,255,-68.185,-60,0,0,0,1,critical_zone,0,1
104,fence24,random_waypoint,1,560,520,560,520,20,15,750,300,15,290.732,-69.3241,-60,0,0,0,1,critical_zone,0,1
104,fence24,random_waypoint,1,560,520,560,520,20,16,700,300,15,260.816,-68.3809,-60,0,0,0,1,critical_zone,0,1
104,fence24,random_waypoint,1,560,520,560,520,20,17,600,300,15,223.663,-67.0461,-60,0,0,0,1,critical_zone,0,1
104,fence24,random_waypoint,1,560,520,560,520,20,18,400,300,15,272.075,-68.748,-60,0,0,0,1,critical_zone,0,1
104,fence24,random_waypoint,1,560,520,560,520,20,19,300,300,15,340.624,-70.6997,-60,0,0,0,1,critical_zone,0,1
104,fence24,random_waypoint,1,560,520,560,520,20,20,300,500,15,260.816,-68.3809,-60,0,0,0,1,critical_zone,0,1
104,fence24,random_waypoint,1,560,520,560,520,20,21,500,350,15,180.347,-65.1764,-60,0,0,0,1,critical_zone,0,1
104,fence24,random_waypoint,1,560,520,560,520,20,22,700,500,15,141.51,-63.07,-60,0,0,0,1,critical_zone,0,1
104,fence24,random_waypoint,1,560,520,560,520,20,23,500,650,15,143.265,-63.1771,-60,0,0,0,1,critical_zone,0,1
105,fence24,random_waypoint,1,560,520,560,520,20,0,250,300,15,380.164,-71.6537,-60,0,0,0,1,critical_zone,0,1
105,fence24,random_waypoint,1,560,520,560,520,20,1,250,350,15,353.589,-71.0242,-60,0,0,0,1,critical_zone,0,1
105,fence24,random_waypoint,1,560,520,560,520,20,2,250,450,15,317.844,-70.0985,-60,0,0,0,1,critical_zone,0,1
105,fence24,random_waypoint,1,560,520,560,520,20,3,250,550,15,311.488,-69.9231,-60,0,0,0,1,critical_zone,0,1
105,fence24,random_waypoint,1,560,520,560,520,20,4,250,650,15,336.192,-70.586,-60,0,0,0,1,critical_zone,0,1
105,fence24,random_waypoint,1,560,520,560,520,20,5,250,700,15,358.504,-71.1441,-60,0,0,0,1,critical_zone,0,1
105,fence24,random_waypoint,1,560,520,560,520,20,6,300,700,15,316.267,-70.0553,-60,0,0,0,1,critical_zone,0,1
105,fence24,random_waypoint,1,560,520,560,520,20,7,400,700,15,240.884,-67.6904,-60,0,0,0,1,critical_zone,0,1
105,fence24,random_waypoint,1,560,520,560,520,20,8,600,700,15,184.459,-65.3722,-60,0,0,0,1,critical_zone,0,1
105,fence24,random_waypoint,1,560,520,560,520,20,9,700,700,15,228.09,-67.2163,-60,0,0,0,1,critical_zone,0,1
105,fence24,random_waypoint,1,560,520,560,520,20,10,750,700,15,261.773,-68.4127,-60,0,0,0,1,critical_zone,0,1
105,fence24,random_waypoint,1,560,520,560,520,20,11,750,650,15,230.272,-67.299,-60,0,0,0,1,critical_zone,0,1
105,fence24,random_waypoint,1,560,520,560,520,20,12,750,550,15,192.419,-65.7392,-60,0,0,0,1,critical_zone,0,1
105,fence24,random_waypoint,1,560,520,560,520,20,13,750,450,15,202.546,-66.1847,-60,0,0,0,1,critical_zone,0,1
105,fence24,random_waypoint,1,560,520,560,520,20,14,750,350,15,255,-68.185,-60,0,0,0,1,critical_zone,0,1
105,fence24,random_waypoint,1,560,520,560,520,20,15,750,300,15,290.732,-69.3241,-60,0,0,0,1,critical_zone,0,1
105,fence24,random_waypoint,1,560,520,560,520,20,16,700,300,15,260.816,-68.3809,-60,0,0,0,1,critical_zone,0,1
105,fence24,random_waypoint,1,560,520,560,520,20,17,600,300,15,223.663,-67.0461,-60,0,0,0,1,critical_zone,0,1
105,fence24,random_waypoint,1,560,520,560,520,20,18,400,300,15,272.075,-68.748,-60,0,0,0,1,critical_zone,0,1
105,fence24,random_waypoint,1,560,520,560,520,20,19,300,300,15,340.624,-70.6997,-60,0,0,0,1,critical_zone,0,1
105,fence24,random_waypoint,1,560,520,560,520,20,20,300,500,15,260.816,-68.3809,-60,0,0,0,1,critical_zone,0,1
105,fence24,random_waypoint,1,560,520,560,520,20,21,500,350,15,180.347,-65.1764,-60,0,0,0,1,critical_zone,0,1
105,fence24,random_waypoint,1,560,520,560,520,20,22,700,500,15,141.51,-63.07,-60,0,0,0,1,critical_zone,0,1
105,fence24,random_waypoint,1,560,520,560,520,20,23,500,650,15,143.265,-63.1771,-60,0,0,0,1,critical_zone,0,1
106,fence24,random_waypoint,1,560,520,560,520,20,0,250,300,15,380.164,-71.6537,-60,0,0,0,1,critical_zone,0,1
106,fence24,random_waypoint,1,560,520,560,520,20,1,250,350,15,353.589,-71.0242,-60,0,0,0,1,critical_zone,0,1
106,fence24,random_waypoint,1,560,520,560,520,20,2,250,450,15,317.844,-70.0985,-60,0,0,0,1,critical_zone,0,1
106,fence24,random_waypoint,1,560,520,560,520,20,3,250,550,15,311.488,-69.9231,-60,0,0,0,1,critical_zone,0,1
106,fence24,random_waypoint,1,560,520,560,520,20,4,250,650,15,336.192,-70.586,-60,0,0,0,1,critical_zone,0,1
106,fence24,random_waypoint,1,560,520,560,520,20,5,250,700,15,358.504,-71.1441,-60,0,0,0,1,critical_zone,0,1
106,fence24,random_waypoint,1,560,520,560,520,20,6,300,700,15,316.267,-70.0553,-60,0,0,0,1,critical_zone,0,1
106,fence24,random_waypoint,1,560,520,560,520,20,7,400,700,15,240.884,-67.6904,-60,0,0,0,1,critical_zone,0,1
106,fence24,random_waypoint,1,560,520,560,520,20,8,600,700,15,184.459,-65.3722,-60,0,0,0,1,critical_zone,0,1
106,fence24,random_waypoint,1,560,520,560,520,20,9,700,700,15,228.09,-67.2163,-60,0,0,0,1,critical_zone,0,1
106,fence24,random_waypoint,1,560,520,560,520,20,10,750,700,15,261.773,-68.4127,-60,0,0,0,1,critical_zone,0,1
106,fence24,random_waypoint,1,560,520,560,520,20,11,750,650,15,230.272,-67.299,-60,0,0,0,1,critical_zone,0,1
106,fence24,random_waypoint,1,560,520,560,520,20,12,750,550,15,192.419,-65.7392,-60,0,0,0,1,critical_zone,0,1
106,fence24,random_waypoint,1,560,520,560,520,20,13,750,450,15,202.546,-66.1847,-60,0,0,0,1,critical_zone,0,1
106,fence24,random_waypoint,1,560,520,560,520,20,14,750,350,15,255,-68.185,-60,0,0,0,1,critical_zone,0,1
106,fence24,random_waypoint,1,560,520,560,520,20,15,750,300,15,290.732,-69.3241,-60,0,0,0,1,critical_zone,0,1
106,fence24,random_waypoint,1,560,520,560,520,20,16,700,300,15,260.816,-68.3809,-60,0,0,0,1,critical_zone,0,1
106,fence24,random_waypoint,1,560,520,560,520,20,17,600,300,15,223.663,-67.0461,-60,0,0,0,1,critical_zone,0,1
106,fence24,random_waypoint,1,560,520,560,520,20,18,400,300,15,272.075,-68.748,-60,0,0,0,1,critical_zone,0,1
106,fence24,random_waypoint,1,560,520,560,520,20,19,300,300,15,340.624,-70.6997,-60,0,0,0,1,critical_zone,0,1
106,fence24,random_waypoint,1,560,520,560,520,20,20,300,500,15,260.816,-68.3809,-60,0,0,0,1,critical_zone,0,1
106,fence24,random_waypoint,1,560,520,560,520,20,21,500,350,15,180.347,-65.1764,-60,0,0,0,1,critical_zone,0,1
106,fence24,random_waypoint,1,560,520,560,520,20,22,700,500,15,141.51,-63.07,-60,0,0,0,1,critical_zone,0,1
106,fence24,random_waypoint,1,560,520,560,520,20,23,500,650,15,143.265,-63.1771,-60,0,0,0,1,critical_zone,0,1
107,fence24,random_waypoint,1,560,520,560,520,20,0,250,300,15,380.164,-71.6537,-60,0,0,0,1,critical_zone,0,1
107,fence24,random_waypoint,1,560,520,560,520,20,1,250,350,15,353.589,-71.0242,-60,0,0,0,1,critical_zone,0,1
107,fence24,random_waypoint,1,560,520,560,520,20,2,250,450,15,317.844,-70.0985,-60,0,0,0,1,critical_zone,0,1
107,fence24,random_waypoint,1,560,520,560,520,20,3,250,550,15,311.488,-69.9231,-60,0,0,0,1,critical_zone,0,1
107,fence24,random_waypoint,1,560,520,560,520,20,4,250,650,15,336.192,-70.586,-60,0,0,0,1,critical_zone,0,1
107,fence24,random_waypoint,1,560,520,560,520,20,5,250,700,15,358.504,-71.1441,-60,0,0,0,1,critical_zone,0,1
107,fence24,random_waypoint,1,560,520,560,520,20,6,300,700,15,316.267,-70.0553,-60,0,0,0,1,critical_zone,0,1
107,fence24,random_waypoint,1,560,520,560,520,20,7,400,700,15,240.884,-67.6904,-60,0,0,0,1,critical_zone,0,1
107,fence24,random_waypoint,1,560,520,560,520,20,8,600,700,15,184.459,-65.3722,-60,0,0,0,1,critical_zone,0,1
107,fence24,random_waypoint,1,560,520,560,520,20,9,700,700,15,228.09,-67.2163,-60,0,0,0,1,critical_zone,0,1
107,fence24,random_waypoint,1,560,520,560,520,20,10,750,700,15,261.773,-68.4127,-60,0,0,0,1,critical_zone,0,1
107,fence24,random_waypoint,1,560,520,560,520,20,11,750,650,15,230.272,-67.299,-60,0,0,0,1,critical_zone,0,1
107,fence24,random_waypoint,1,560,520,560,520,20,12,750,550,15,192.419,-65.7392,-60,0,0,0,1,critical_zone,0,1
107,fence24,random_waypoint,1,560,520,560,520,20,13,750,450,15,202.546,-66.1847,-60,0,0,0,1,critical_zone,0,1
107,fence24,random_waypoint,1,560,520,560,520,20,14,750,350,15,255,-68.185,-60,0,0,0,1,critical_zone,0,1
107,fence24,random_waypoint,1,560,520,560,520,20,15,750,300,15,290.732,-69.3241,-60,0,0,0,1,critical_zone,0,1
107,fence24,random_waypoint,1,560,520,560,520,20,16,700,300,15,260.816,-68.3809,-60,0,0,0,1,critical_zone,0,1
107,fence24,random_waypoint,1,560,520,560,520,20,17,600,300,15,223.663,-67.0461,-60,0,0,0,1,critical_zone,0,1
107,fence24,random_waypoint,1,560,520,560,520,20,18,400,300,15,272.075,-68.748,-60,0,0,0,1,critical_zone,0,1
107,fence24,random_waypoint,1,560,520,560,520,20,19,300,300,15,340.624,-70.6997,-60,0,0,0,1,critical_zone,0,1
107,fence24,random_waypoint,1,560,520,560,520,20,20,300,500,15,260.816,-68.3809,-60,0,0,0,1,critical_zone,0,1
107,fence24,random_waypoint,1,560,520,560,520,20,21,500,350,15,180.347,-65.1764,-60,0,0,0,1,critical_zone,0,1
107,fence24,random_waypoint,1,560,520,560,520,20,22,700,500,15,141.51,-63.07,-60,0,0,0,1,critical_zone,0,1
107,fence24,random_waypoint,1,560,520,560,520,20,23,500,650,15,143.265,-63.1771,-60,0,0,0,1,critical_zone,0,1
108,fence24,random_waypoint,1,560,520,560,520,20,0,250,300,15,380.164,-71.6537,-60,0,0,0,1,critical_zone,0,1
108,fence24,random_waypoint,1,560,520,560,520,20,1,250,350,15,353.589,-71.0242,-60,0,0,0,1,critical_zone,0,1
108,fence24,random_waypoint,1,560,520,560,520,20,2,250,450,15,317.844,-70.0985,-60,0,0,0,1,critical_zone,0,1
108,fence24,random_waypoint,1,560,520,560,520,20,3,250,550,15,311.488,-69.9231,-60,0,0,0,1,critical_zone,0,1
108,fence24,random_waypoint,1,560,520,560,520,20,4,250,650,15,336.192,-70.586,-60,0,0,0,1,critical_zone,0,1
108,fence24,random_waypoint,1,560,520,560,520,20,5,250,700,15,358.504,-71.1441,-60,0,0,0,1,critical_zone,0,1
108,fence24,random_waypoint,1,560,520,560,520,20,6,300,700,15,316.267,-70.0553,-60,0,0,0,1,critical_zone,0,1
108,fence24,random_waypoint,1,560,520,560,520,20,7,400,700,15,240.884,-67.6904,-60,0,0,0,1,critical_zone,0,1
108,fence24,random_waypoint,1,560,520,560,520,20,8,600,700,15,184.459,-65.3722,-60,0,0,0,1,critical_zone,0,1
108,fence24,random_waypoint,1,560,520,560,520,20,9,700,700,15,228.09,-67.2163,-60,0,0,0,1,critical_zone,0,1
108,fence24,random_waypoint,1,560,520,560,520,20,10,750,700,15,261.773,-68.4127,-60,0,0,0,1,critical_zone,0,1
108,fence24,random_waypoint,1,560,520,560,520,20,11,750,650,15,230.272,-67.299,-60,0,0,0,1,critical_zone,0,1
108,fence24,random_waypoint,1,560,520,560,520,20,12,750,550,15,192.419,-65.7392,-60,0,0,0,1,critical_zone,0,1
108,fence24,random_waypoint,1,560,520,560,520,20,13,750,450,15,202.546,-66.1847,-60,0,0,0,1,critical_zone,0,1
108,fence24,random_waypoint,1,560,520,560,520,20,14,750,350,15,255,-68.185,-60,0,0,0,1,critical_zone,0,1
108,fence24,random_waypoint,1,560,520,560,520,20,15,750,300,15,290.732,-69.3241,-60,0,0,0,1,critical_zone,0,1
108,fence24,random_waypoint,1,560,520,560,520,20,16,700,300,15,260.816,-68.3809,-60,0,0,0,1,critical_zone,0,1
108,fence24,random_waypoint,1,560,520,560,520,20,17,600,300,15,223.663,-67.0461,-60,0,0,0,1,critical_zone,0,1
108,fence24,random_waypoint,1,560,520,560,520,20,18,400,300,15,272.075,-68.748,-60,0,0,0,1,critical_zone,0,1
108,fence24,random_waypoint,1,560,520,560,520,20,19,300,300,15,340.624,-70.6997,-60,0,0,0,1,critical_zone,0,1
108,fence24,random_waypoint,1,560,520,560,520,20,20,300,500,15,260.816,-68.3809,-60,0,0,0,1,critical_zone,0,1
108,fence24,random_waypoint,1,560,520,560,520,20,21,500,350,15,180.347,-65.1764,-60,0,0,0,1,critical_zone,0,1
108,fence24,random_waypoint,1,560,520,560,520,20,22,700,500,15,141.51,-63.07,-60,0,0,0,1,critical_zone,0,1
108,fence24,random_waypoint,1,560,520,560,520,20,23,500,650,15,143.265,-63.1771,-60,0,0,0,1,critical_zone,0,1
109,fence24,random_waypoint,1,560,520,560,520,20,0,250,300,15,380.164,-71.6537,-60,0,0,0,1,critical_zone,0,1
109,fence24,random_waypoint,1,560,520,560,520,20,1,250,350,15,353.589,-71.0242,-60,0,0,0,1,critical_zone,0,1
109,fence24,random_waypoint,1,560,520,560,520,20,2,250,450,15,317.844,-70.0985,-60,0,0,0,1,critical_zone,0,1
109,fence24,random_waypoint,1,560,520,560,520,20,3,250,550,15,311.488,-69.9231,-60,0,0,0,1,critical_zone,0,1
109,fence24,random_waypoint,1,560,520,560,520,20,4,250,650,15,336.192,-70.586,-60,0,0,0,1,critical_zone,0,1
109,fence24,random_waypoint,1,560,520,560,520,20,5,250,700,15,358.504,-71.1441,-60,0,0,0,1,critical_zone,0,1
109,fence24,random_waypoint,1,560,520,560,520,20,6,300,700,15,316.267,-70.0553,-60,0,0,0,1,critical_zone,0,1
109,fence24,random_waypoint,1,560,520,560,520,20,7,400,700,15,240.884,-67.6904,-60,0,0,0,1,critical_zone,0,1
109,fence24,random_waypoint,1,560,520,560,520,20,8,600,700,15,184.459,-65.3722,-60,0,0,0,1,critical_zone,0,1
109,fence24,random_waypoint,1,560,520,560,520,20,9,700,700,15,228.09,-67.2163,-60,0,0,0,1,critical_zone,0,1
109,fence24,random_waypoint,1,560,520,560,520,20,10,750,700,15,261.773,-68.4127,-60,0,0,0,1,critical_zone,0,1
109,fence24,random_waypoint,1,560,520,560,520,20,11,750,650,15,230.272,-67.299,-60,0,0,0,1,critical_zone,0,1
109,fence24,random_waypoint,1,560,520,560,520,20,12,750,550,15,192.419,-65.7392,-60,0,0,0,1,critical_zone,0,1
109,fence24,random_waypoint,1,560,520,560,520,20,13,750,450,15,202.546,-66.1847,-60,0,0,0,1,critical_zone,0,1
109,fence24,random_waypoint,1,560,520,560,520,20,14,750,350,15,255,-68.185,-60,0,0,0,1,critical_zone,0,1
109,fence24,random_waypoint,1,560,520,560,520,20,15,750,300,15,290.732,-69.3241,-60,0,0,0,1,critical_zone,0,1
109,fence24,random_waypoint,1,560,520,560,520,20,16,700,300,15,260.816,-68.3809,-60,0,0,0,1,critical_zone,0,1
109,fence24,random_waypoint,1,560,520,560,520,20,17,600,300,15,223.663,-67.0461,-60,0,0,0,1,critical_zone,0,1
109,fence24,random_waypoint,1,560,520,560,520,20,18,400,300,15,272.075,-68.748,-60,0,0,0,1,critical_zone,0,1
109,fence24,random_waypoint,1,560,520,560,520,20,19,300,300,15,340.624,-70.6997,-60,0,0,0,1,critical_zone,0,1
109,fence24,random_waypoint,1,560,520,560,520,20,20,300,500,15,260.816,-68.3809,-60,0,0,0,1,critical_zone,0,1
109,fence24,random_waypoint,1,560,520,560,520,20,21,500,350,15,180.347,-65.1764,-60,0,0,0,1,critical_zone,0,1
109,fence24,random_waypoint,1,560,520,560,520,20,22,700,500,15,141.51,-63.07,-60,0,0,0,1,critical_zone,0,1
109,fence24,random_waypoint,1,560,520,560,520,20,23,500,650,15,143.265,-63.1771,-60,0,0,0,1,critical_zone,0,1
110,fence24,random_waypoint,1,560,520,560,520,20,0,250,300,15,380.164,-71.6537,-60,0,0,0,1,critical_zone,0,1
110,fence24,random_waypoint,1,560,520,560,520,20,1,250,350,15,353.589,-71.0242,-60,0,0,0,1,critical_zone,0,1
110,fence24,random_waypoint,1,560,520,560,520,20,2,250,450,15,317.844,-70.0985,-60,0,0,0,1,critical_zone,0,1
110,fence24,random_waypoint,1,560,520,560,520,20,3,250,550,15,311.488,-69.9231,-60,0,0,0,1,critical_zone,0,1
110,fence24,random_waypoint,1,560,520,560,520,20,4,250,650,15,336.192,-70.586,-60,0,0,0,1,critical_zone,0,1
110,fence24,random_waypoint,1,560,520,560,520,20,5,250,700,15,358.504,-71.1441,-60,0,0,0,1,critical_zone,0,1
110,fence24,random_waypoint,1,560,520,560,520,20,6,300,700,15,316.267,-70.0553,-60,0,0,0,1,critical_zone,0,1
110,fence24,random_waypoint,1,560,520,560,520,20,7,400,700,15,240.884,-67.6904,-60,0,0,0,1,critical_zone,0,1
110,fence24,random_waypoint,1,560,520,560,520,20,8,600,700,15,184.459,-65.3722,-60,0,0,0,1,critical_zone,0,1
110,fence24,random_waypoint,1,560,520,560,520,20,9,700,700,15,228.09,-67.2163,-60,0,0,0,1,critical_zone,0,1
110,fence24,random_waypoint,1,560,520,560,520,20,10,750,700,15,261.773,-68.4127,-60,0,0,0,1,critical_zone,0,1
110,fence24,random_waypoint,1,560,520,560,520,20,11,750,650,15,230.272,-67.299,-60,0,0,0,1,critical_zone,0,1
110,fence24,random_waypoint,1,560,520,560,520,20,12,750,550,15,192.419,-65.7392,-60,0,0,0,1,critical_zone,0,1
110,fence24,random_waypoint,1,560,520,560,520,20,13,750,450,15,202.546,-66.1847,-60,0,0,0,1,critical_zone,0,1
110,fence24,random_waypoint,1,560,520,560,520,20,14,750,350,15,255,-68.185,-60,0,0,0,1,critical_zone,0,1
110,fence24,random_waypoint,1,560,520,560,520,20,15,750,300,15,290.732,-69.3241,-60,0,0,0,1,critical_zone,0,1
110,fence24,random_waypoint,1,560,520,560,520,20,16,700,300,15,260.816,-68.3809,-60,0,0,0,1,critical_zone,0,1
110,fence24,random_waypoint,1,560,520,560,520,20,17,600,300,15,223.663,-67.0461,-60,0,0,0,1,critical_zone,0,1
110,fence24,random_waypoint,1,560,520,560,520,20,18,400,300,15,272.075,-68.748,-60,0,0,0,1,critical_zone,0,1
110,fence24,random_waypoint,1,560,520,560,520,20,19,300,300,15,340.624,-70.6997,-60,0,0,0,1,critical_zone,0,1
110,fence24,random_waypoint,1,560,520,560,520,20,20,300,500,15,260.816,-68.3809,-60,0,0,0,1,critical_zone,0,1
110,fence24,random_waypoint,1,560,520,560,520,20,21,500,350,15,180.347,-65.1764,-60,0,0,0,1,critical_zone,0,1
110,fence24,random_waypoint,1,560,520,560,520,20,22,700,500,15,141.51,-63.07,-60,0,0,0,1,critical_zone,0,1
110,fence24,random_waypoint,1,560,520,560,520,20,23,500,650,15,143.265,-63.1771,-60,0,0,0,1,critical_zone,0,1
111,fence24,random_waypoint,1,560,520,560,520,20,0,250,300,15,380.164,-71.6537,-60,0,0,0,1,critical_zone,0,1
111,fence24,random_waypoint,1,560,520,560,520,20,1,250,350,15,353.589,-71.0242,-60,0,0,0,1,critical_zone,0,1
111,fence24,random_waypoint,1,560,520,560,520,20,2,250,450,15,317.844,-70.0985,-60,0,0,0,1,critical_zone,0,1
111,fence24,random_waypoint,1,560,520,560,520,20,3,250,550,15,311.488,-69.9231,-60,0,0,0,1,critical_zone,0,1
111,fence24,random_waypoint,1,560,520,560,520,20,4,250,650,15,336.192,-70.586,-60,0,0,0,1,critical_zone,0,1
111,fence24,random_waypoint,1,560,520,560,520,20,5,250,700,15,358.504,-71.1441,-60,0,0,0,1,critical_zone,0,1
111,fence24,random_waypoint,1,560,520,560,520,20,6,300,700,15,316.267,-70.0553,-60,0,0,0,1,critical_zone,0,1
111,fence24,random_waypoint,1,560,520,560,520,20,7,400,700,15,240.884,-67.6904,-60,0,0,0,1,critical_zone,0,1
111,fence24,random_waypoint,1,560,520,560,520,20,8,600,700,15,184.459,-65.3722,-60,0,0,0,1,critical_zone,0,1
111,fence24,random_waypoint,1,560,520,560,520,20,9,700,700,15,228.09,-67.2163,-60,0,0,0,1,critical_zone,0,1
111,fence24,random_waypoint,1,560,520,560,520,20,10,750,700,15,261.773,-68.4127,-60,0,0,0,1,critical_zone,0,1
111,fence24,random_waypoint,1,560,520,560,520,20,11,750,650,15,230.272,-67.299,-60,0,0,0,1,critical_zone,0,1
111,fence24,random_waypoint,1,560,520,560,520,20,12,750,550,15,192.419,-65.7392,-60,0,0,0,1,critical_zone,0,1
111,fence24,random_waypoint,1,560,520,560,520,20,13,750,450,15,202.546,-66.1847,-60,0,0,0,1,critical_zone,0,1
111,fence24,random_waypoint,1,560,520,560,520,20,14,750,350,15,255,-68.185,-60,0,0,0,1,critical_zone,0,1
111,fence24,random_waypoint,1,560,520,560,520,20,15,750,300,15,290.732,-69.3241,-60,0,0,0,1,critical_zone,0,1
111,fence24,random_waypoint,1,560,520,560,520,20,16,700,300,15,260.816,-68.3809,-60,0,0,0,1,critical_zone,0,1
111,fence24,random_waypoint,1,560,520,560,520,20,17,600,300,15,223.663,-67.0461,-60,0,0,0,1,critical_zone,0,1
111,fence24,random_waypoint,1,560,520,560,520,20,18,400,300,15,272.075,-68.748,-60,0,0,0,1,critical_zone,0,1
111,fence24,random_waypoint,1,560,520,560,520,20,19,300,300,15,340.624,-70.6997,-60,0,0,0,1,critical_zone,0,1
111,fence24,random_waypoint,1,560,520,560,520,20,20,300,500,15,260.816,-68.3809,-60,0,0,0,1,critical_zone,0,1
111,fence24,random_waypoint,1,560,520,560,520,20,21,500,350,15,180.347,-65.1764,-60,0,0,0,1,critical_zone,0,1
111,fence24,random_waypoint,1,560,520,560,520,20,22,700,500,15,141.51,-63.07,-60,0,0,0,1,critical_zone,0,1
111,fence24,random_waypoint,1,560,520,560,520,20,23,500,650,15,143.265,-63.1771,-60,0,0,0,1,critical_zone,0,1
112,fence24,random_waypoint,1,560,520,560,520,20,0,250,300,15,380.164,-71.6537,-60,0,0,0,1,critical_zone,0,1
112,fence24,random_waypoint,1,560,520,560,520,20,1,250,350,15,353.589,-71.0242,-60,0,0,0,1,critical_zone,0,1
112,fence24,random_waypoint,1,560,520,560,520,20,2,250,450,15,317.844,-70.0985,-60,0,0,0,1,critical_zone,0,1
112,fence24,random_waypoint,1,560,520,560,520,20,3,250,550,15,311.488,-69.9231,-60,0,0,0,1,critical_zone,0,1
112,fence24,random_waypoint,1,560,520,560,520,20,4,250,650,15,336.192,-70.586,-60,0,0,0,1,critical_zone,0,1
112,fence24,random_waypoint,1,560,520,560,520,20,5,250,700,15,358.504,-71.1441,-60,0,0,0,1,critical_zone,0,1
112,fence24,random_waypoint,1,560,520,560,520,20,6,300,700,15,316.267,-70.0553,-60,0,0,0,1,critical_zone,0,1
112,fence24,random_waypoint,1,560,520,560,520,20,7,400,700,15,240.884,-67.6904,-60,0,0,0,1,critical_zone,0,1
112,fence24,random_waypoint,1,560,520,560,520,20,8,600,700,15,184.459,-65.3722,-60,0,0,0,1,critical_zone,0,1
112,fence24,random_waypoint,1,560,520,560,520,20,9,700,700,15,228.09,-67.2163,-60,0,0,0,1,critical_zone,0,1
112,fence24,random_waypoint,1,560,520,560,520,20,10,750,700,15,261.773,-68.4127,-60,0,0,0,1,critical_zone,0,1
112,fence24,random_waypoint,1,560,520,560,520,20,11,750,650,15,230.272,-67.299,-60,0,0,0,1,critical_zone,0,1
112,fence24,random_waypoint,1,560,520,560,520,20,12,750,550,15,192.419,-65.7392,-60,0,0,0,1,critical_zone,0,1
112,fence24,random_waypoint,1,560,520,560,520,20,13,750,450,15,202.546,-66.1847,-60,0,0,0,1,critical_zone,0,1
112,fence24,random_waypoint,1,560,520,560,520,20,14,750,350,15,255,-68.185,-60,0,0,0,1,critical_zone,0,1
112,fence24,random_waypoint,1,560,520,560,520,20,15,750,300,15,290.732,-69.3241,-60,0,0,0,1,critical_zone,0,1
112,fence24,random_waypoint,1,560,520,560,520,20,16,700,300,15,260.816,-68.3809,-60,0,0,0,1,critical_zone,0,1
112,fence24,random_waypoint,1,560,520,560,520,20,17,600,300,15,223.663,-67.0461,-60,0,0,0,1,critical_zone,0,1
112,fence24,random_waypoint,1,560,520,560,520,20,18,400,300,15,272.075,-68.748,-60,0,0,0,1,critical_zone,0,1
112,fence24,random_waypoint,1,560,520,560,520,20,19,300,300,15,340.624,-70.6997,-60,0,0,0,1,critical_zone,0,1
112,fence24,random_waypoint,1,560,520,560,520,20,20,300,500,15,260.816,-68.3809,-60,0,0,0,1,critical_zone,0,1
112,fence24,random_waypoint,1,560,520,560,520,20,21,500,350,15,180.347,-65.1764,-60,0,0,0,1,critical_zone,0,1
112,fence24,random_waypoint,1,560,520,560,520,20,22,700,500,15,141.51,-63.07,-60,0,0,0,1,critical_zone,0,1
112,fence24,random_waypoint,1,560,520,560,520,20,23,500,650,15,143.265,-63.1771,-60,0,0,0,1,critical_zone,0,1
113,fence24,random_waypoint,1,560,520,560,520,20,0,250,300,15,380.164,-71.6537,-60,0,0,0,1,critical_zone,0,1
113,fence24,random_waypoint,1,560,520,560,520,20,1,250,350,15,353.589,-71.0242,-60,0,0,0,1,critical_zone,0,1
113,fence24,random_waypoint,1,560,520,560,520,20,2,250,450,15,317.844,-70.0985,-60,0,0,0,1,critical_zone,0,1
113,fence24,random_waypoint,1,560,520,560,520,20,3,250,550,15,311.488,-69.9231,-60,0,0,0,1,critical_zone,0,1
113,fence24,random_waypoint,1,560,520,560,520,20,4,250,650,15,336.192,-70.586,-60,0,0,0,1,critical_zone,0,1
113,fence24,random_waypoint,1,560,520,560,520,20,5,250,700,15,358.504,-71.1441,-60,0,0,0,1,critical_zone,0,1
113,fence24,random_waypoint,1,560,520,560,520,20,6,300,700,15,316.267,-70.0553,-60,0,0,0,1,critical_zone,0,1
113,fence24,random_waypoint,1,560,520,560,520,20,7,400,700,15,240.884,-67.6904,-60,0,0,0,1,critical_zone,0,1
113,fence24,random_waypoint,1,560,520,560,520,20,8,600,700,15,184.459,-65.3722,-60,0,0,0,1,critical_zone,0,1
113,fence24,random_waypoint,1,560,520,560,520,20,9,700,700,15,228.09,-67.2163,-60,0,0,0,1,critical_zone,0,1
113,fence24,random_waypoint,1,560,520,560,520,20,10,750,700,15,261.773,-68.4127,-60,0,0,0,1,critical_zone,0,1
113,fence24,random_waypoint,1,560,520,560,520,20,11,750,650,15,230.272,-67.299,-60,0,0,0,1,critical_zone,0,1
113,fence24,random_waypoint,1,560,520,560,520,20,12,750,550,15,192.419,-65.7392,-60,0,0,0,1,critical_zone,0,1
113,fence24,random_waypoint,1,560,520,560,520,20,13,750,450,15,202.546,-66.1847,-60,0,0,0,1,critical_zone,0,1
113,fence24,random_waypoint,1,560,520,560,520,20,14,750,350,15,255,-68.185,-60,0,0,0,1,critical_zone,0,1
113,fence24,random_waypoint,1,560,520,560,520,20,15,750,300,15,290.732,-69.3241,-60,0,0,0,1,critical_zone,0,1
113,fence24,random_waypoint,1,560,520,560,520,20,16,700,300,15,260.816,-68.3809,-60,0,0,0,1,critical_zone,0,1
113,fence24,random_waypoint,1,560,520,560,520,20,17,600,300,15,223.663,-67.0461,-60,0,0,0,1,critical_zone,0,1
113,fence24,random_waypoint,1,560,520,560,520,20,18,400,300,15,272.075,-68.748,-60,0,0,0,1,critical_zone,0,1
113,fence24,random_waypoint,1,560,520,560,520,20,19,300,300,15,340.624,-70.6997,-60,0,0,0,1,critical_zone,0,1
113,fence24,random_waypoint,1,560,520,560,520,20,20,300,500,15,260.816,-68.3809,-60,0,0,0,1,critical_zone,0,1
113,fence24,random_waypoint,1,560,520,560,520,20,21,500,350,15,180.347,-65.1764,-60,0,0,0,1,critical_zone,0,1
113,fence24,random_waypoint,1,560,520,560,520,20,22,700,500,15,141.51,-63.07,-60,0,0,0,1,critical_zone,0,1
113,fence24,random_waypoint,1,560,520,560,520,20,23,500,650,15,143.265,-63.1771,-60,0,0,0,1,critical_zone,0,1
114,fence24,random_waypoint,1,560,520,560,520,20,0,250,300,15,380.164,-71.6537,-60,0,0,0,1,critical_zone,0,1
114,fence24,random_waypoint,1,560,520,560,520,20,1,250,350,15,353.589,-71.0242,-60,0,0,0,1,critical_zone,0,1
114,fence24,random_waypoint,1,560,520,560,520,20,2,250,450,15,317.844,-70.0985,-60,0,0,0,1,critical_zone,0,1
114,fence24,random_waypoint,1,560,520,560,520,20,3,250,550,15,311.488,-69.9231,-60,0,0,0,1,critical_zone,0,1
114,fence24,random_waypoint,1,560,520,560,520,20,4,250,650,15,336.192,-70.586,-60,0,0,0,1,critical_zone,0,1
114,fence24,random_waypoint,1,560,520,560,520,20,5,250,700,15,358.504,-71.1441,-60,0,0,0,1,critical_zone,0,1
114,fence24,random_waypoint,1,560,520,560,520,20,6,300,700,15,316.267,-70.0553,-60,0,0,0,1,critical_zone,0,1
114,fence24,random_waypoint,1,560,520,560,520,20,7,400,700,15,240.884,-67.6904,-60,0,0,0,1,critical_zone,0,1
114,fence24,random_waypoint,1,560,520,560,520,20,8,600,700,15,184.459,-65.3722,-60,0,0,0,1,critical_zone,0,1
114,fence24,random_waypoint,1,560,520,560,520,20,9,700,700,15,228.09,-67.2163,-60,0,0,0,1,critical_zone,0,1
114,fence24,random_waypoint,1,560,520,560,520,20,10,750,700,15,261.773,-68.4127,-60,0,0,0,1,critical_zone,0,1
114,fence24,random_waypoint,1,560,520,560,520,20,11,750,650,15,230.272,-67.299,-60,0,0,0,1,critical_zone,0,1
114,fence24,random_waypoint,1,560,520,560,520,20,12,750,550,15,192.419,-65.7392,-60,0,0,0,1,critical_zone,0,1
114,fence24,random_waypoint,1,560,520,560,520,20,13,750,450,15,202.546,-66.1847,-60,0,0,0,1,critical_zone,0,1
114,fence24,random_waypoint,1,560,520,560,520,20,14,750,350,15,255,-68.185,-60,0,0,0,1,critical_zone,0,1
114,fence24,random_waypoint,1,560,520,560,520,20,15,750,300,15,290.732,-69.3241,-60,0,0,0,1,critical_zone,0,1
114,fence24,random_waypoint,1,560,520,560,520,20,16,700,300,15,260.816,-68.3809,-60,0,0,0,1,critical_zone,0,1
114,fence24,random_waypoint,1,560,520,560,520,20,17,600,300,15,223.663,-67.0461,-60,0,0,0,1,critical_zone,0,1
114,fence24,random_waypoint,1,560,520,560,520,20,18,400,300,15,272.075,-68.748,-60,0,0,0,1,critical_zone,0,1
114,fence24,random_waypoint,1,560,520,560,520,20,19,300,300,15,340.624,-70.6997,-60,0,0,0,1,critical_zone,0,1
114,fence24,random_waypoint,1,560,520,560,520,20,20,300,500,15,260.816,-68.3809,-60,0,0,0,1,critical_zone,0,1
114,fence24,random_waypoint,1,560,520,560,520,20,21,500,350,15,180.347,-65.1764,-60,0,0,0,1,critical_zone,0,1
114,fence24,random_waypoint,1,560,520,560,520,20,22,700,500,15,141.51,-63.07,-60,0,0,0,1,critical_zone,0,1
114,fence24,random_waypoint,1,560,520,560,520,20,23,500,650,15,143.265,-63.1771,-60,0,0,0,1,critical_zone,0,1
115,fence24,random_waypoint,1,560,520,560,520,20,0,250,300,15,380.164,-71.6537,-60,0,0,0,1,critical_zone,0,1
115,fence24,random_waypoint,1,560,520,560,520,20,1,250,350,15,353.589,-71.0242,-60,0,0,0,1,critical_zone,0,1
115,fence24,random_waypoint,1,560,520,560,520,20,2,250,450,15,317.844,-70.0985,-60,0,0,0,1,critical_zone,0,1
115,fence24,random_waypoint,1,560,520,560,520,20,3,250,550,15,311.488,-69.9231,-60,0,0,0,1,critical_zone,0,1
115,fence24,random_waypoint,1,560,520,560,520,20,4,250,650,15,336.192,-70.586,-60,0,0,0,1,critical_zone,0,1
115,fence24,random_waypoint,1,560,520,560,520,20,5,250,700,15,358.504,-71.1441,-60,0,0,0,1,critical_zone,0,1
115,fence24,random_waypoint,1,560,520,560,520,20,6,300,700,15,316.267,-70.0553,-60,0,0,0,1,critical_zone,0,1
115,fence24,random_waypoint,1,560,520,560,520,20,7,400,700,15,240.884,-67.6904,-60,0,0,0,1,critical_zone,0,1
115,fence24,random_waypoint,1,560,520,560,520,20,8,600,700,15,184.459,-65.3722,-60,0,0,0,1,critical_zone,0,1
115,fence24,random_waypoint,1,560,520,560,520,20,9,700,700,15,228.09,-67.2163,-60,0,0,0,1,critical_zone,0,1
115,fence24,random_waypoint,1,560,520,560,520,20,10,750,700,15,261.773,-68.4127,-60,0,0,0,1,critical_zone,0,1
115,fence24,random_waypoint,1,560,520,560,520,20,11,750,650,15,230.272,-67.299,-60,0,0,0,1,critical_zone,0,1
115,fence24,random_waypoint,1,560,520,560,520,20,12,750,550,15,192.419,-65.7392,-60,0,0,0,1,critical_zone,0,1
115,fence24,random_waypoint,1,560,520,560,520,20,13,750,450,15,202.546,-66.1847,-60,0,0,0,1,critical_zone,0,1
115,fence24,random_waypoint,1,560,520,560,520,20,14,750,350,15,255,-68.185,-60,0,0,0,1,critical_zone,0,1
115,fence24,random_waypoint,1,560,520,560,520,20,15,750,300,15,290.732,-69.3241,-60,0,0,0,1,critical_zone,0,1
115,fence24,random_waypoint,1,560,520,560,520,20,16,700,300,15,260.816,-68.3809,-60,0,0,0,1,critical_zone,0,1
115,fence24,random_waypoint,1,560,520,560,520,20,17,600,300,15,223.663,-67.0461,-60,0,0,0,1,critical_zone,0,1
115,fence24,random_waypoint,1,560,520,560,520,20,18,400,300,15,272.075,-68.748,-60,0,0,0,1,critical_zone,0,1
115,fence24,random_waypoint,1,560,520,560,520,20,19,300,300,15,340.624,-70.6997,-60,0,0,0,1,critical_zone,0,1
115,fence24,random_waypoint,1,560,520,560,520,20,20,300,500,15,260.816,-68.3809,-60,0,0,0,1,critical_zone,0,1
115,fence24,random_waypoint,1,560,520,560,520,20,21,500,350,15,180.347,-65.1764,-60,0,0,0,1,critical_zone,0,1
115,fence24,random_waypoint,1,560,520,560,520,20,22,700,500,15,141.51,-63.07,-60,0,0,0,1,critical_zone,0,1
115,fence24,random_waypoint,1,560,520,560,520,20,23,500,650,15,143.265,-63.1771,-60,0,0,0,1,critical_zone,0,1
116,fence24,random_waypoint,1,560,520,560,520,20,0,250,300,15,380.164,-71.6537,-60,0,0,0,1,critical_zone,0,1
116,fence24,random_waypoint,1,560,520,560,520,20,1,250,350,15,353.589,-71.0242,-60,0,0,0,1,critical_zone,0,1
116,fence24,random_waypoint,1,560,520,560,520,20,2,250,450,15,317.844,-70.0985,-60,0,0,0,1,critical_zone,0,1
116,fence24,random_waypoint,1,560,520,560,520,20,3,250,550,15,311.488,-69.9231,-60,0,0,0,1,critical_zone,0,1
116,fence24,random_waypoint,1,560,520,560,520,20,4,250,650,15,336.192,-70.586,-60,0,0,0,1,critical_zone,0,1
116,fence24,random_waypoint,1,560,520,560,520,20,5,250,700,15,358.504,-71.1441,-60,0,0,0,1,critical_zone,0,1
116,fence24,random_waypoint,1,560,520,560,520,20,6,300,700,15,316.267,-70.0553,-60,0,0,0,1,critical_zone,0,1
116,fence24,random_waypoint,1,560,520,560,520,20,7,400,700,15,240.884,-67.6904,-60,0,0,0,1,critical_zone,0,1
116,fence24,random_waypoint,1,560,520,560,520,20,8,600,700,15,184.459,-65.3722,-60,0,0,0,1,critical_zone,0,1
116,fence24,random_waypoint,1,560,520,560,520,20,9,700,700,15,228.09,-67.2163,-60,0,0,0,1,critical_zone,0,1
116,fence24,random_waypoint,1,560,520,560,520,20,10,750,700,15,261.773,-68.4127,-60,0,0,0,1,critical_zone,0,1
116,fence24,random_waypoint,1,560,520,560,520,20,11,750,650,15,230.272,-67.299,-60,0,0,0,1,critical_zone,0,1
116,fence24,random_waypoint,1,560,520,560,520,20,12,750,550,15,192.419,-65.7392,-60,0,0,0,1,critical_zone,0,1
116,fence24,random_waypoint,1,560,520,560,520,20,13,750,450,15,202.546,-66.1847,-60,0,0,0,1,critical_zone,0,1
116,fence24,random_waypoint,1,560,520,560,520,20,14,750,350,15,255,-68.185,-60,0,0,0,1,critical_zone,0,1
116,fence24,random_waypoint,1,560,520,560,520,20,15,750,300,15,290.732,-69.3241,-60,0,0,0,1,critical_zone,0,1
116,fence24,random_waypoint,1,560,520,560,520,20,16,700,300,15,260.816,-68.3809,-60,0,0,0,1,critical_zone,0,1
116,fence24,random_waypoint,1,560,520,560,520,20,17,600,300,15,223.663,-67.0461,-60,0,0,0,1,critical_zone,0,1
116,fence24,random_waypoint,1,560,520,560,520,20,18,400,300,15,272.075,-68.748,-60,0,0,0,1,critical_zone,0,1
116,fence24,random_waypoint,1,560,520,560,520,20,19,300,300,15,340.624,-70.6997,-60,0,0,0,1,critical_zone,0,1
116,fence24,random_waypoint,1,560,520,560,520,20,20,300,500,15,260.816,-68.3809,-60,0,0,0,1,critical_zone,0,1
116,fence24,random_waypoint,1,560,520,560,520,20,21,500,350,15,180.347,-65.1764,-60,0,0,0,1,critical_zone,0,1
116,fence24,random_waypoint,1,560,520,560,520,20,22,700,500,15,141.51,-63.07,-60,0,0,0,1,critical_zone,0,1
116,fence24,random_waypoint,1,560,520,560,520,20,23,500,650,15,143.265,-63.1771,-60,0,0,0,1,critical_zone,0,1
117,fence24,random_waypoint,1,560,520,560,520,20,0,250,300,15,380.164,-71.6537,-60,0,0,0,1,critical_zone,0,1
117,fence24,random_waypoint,1,560,520,560,520,20,1,250,350,15,353.589,-71.0242,-60,0,0,0,1,critical_zone,0,1
117,fence24,random_waypoint,1,560,520,560,520,20,2,250,450,15,317.844,-70.0985,-60,0,0,0,1,critical_zone,0,1
117,fence24,random_waypoint,1,560,520,560,520,20,3,250,550,15,311.488,-69.9231,-60,0,0,0,1,critical_zone,0,1
117,fence24,random_waypoint,1,560,520,560,520,20,4,250,650,15,336.192,-70.586,-60,0,0,0,1,critical_zone,0,1
117,fence24,random_waypoint,1,560,520,560,520,20,5,250,700,15,358.504,-71.1441,-60,0,0,0,1,critical_zone,0,1
117,fence24,random_waypoint,1,560,520,560,520,20,6,300,700,15,316.267,-70.0553,-60,0,0,0,1,critical_zone,0,1
117,fence24,random_waypoint,1,560,520,560,520,20,7,400,700,15,240.884,-67.6904,-60,0,0,0,1,critical_zone,0,1
117,fence24,random_waypoint,1,560,520,560,520,20,8,600,700,15,184.459,-65.3722,-60,0,0,0,1,critical_zone,0,1
117,fence24,random_waypoint,1,560,520,560,520,20,9,700,700,15,228.09,-67.2163,-60,0,0,0,1,critical_zone,0,1
117,fence24,random_waypoint,1,560,520,560,520,20,10,750,700,15,261.773,-68.4127,-60,0,0,0,1,critical_zone,0,1
117,fence24,random_waypoint,1,560,520,560,520,20,11,750,650,15,230.272,-67.299,-60,0,0,0,1,critical_zone,0,1
117,fence24,random_waypoint,1,560,520,560,520,20,12,750,550,15,192.419,-65.7392,-60,0,0,0,1,critical_zone,0,1
117,fence24,random_waypoint,1,560,520,560,520,20,13,750,450,15,202.546,-66.1847,-60,0,0,0,1,critical_zone,0,1
117,fence24,random_waypoint,1,560,520,560,520,20,14,750,350,15,255,-68.185,-60,0,0,0,1,critical_zone,0,1
117,fence24,random_waypoint,1,560,520,560,520,20,15,750,300,15,290.732,-69.3241,-60,0,0,0,1,critical_zone,0,1
117,fence24,random_waypoint,1,560,520,560,520,20,16,700,300,15,260.816,-68.3809,-60,0,0,0,1,critical_zone,0,1
117,fence24,random_waypoint,1,560,520,560,520,20,17,600,300,15,223.663,-67.0461,-60,0,0,0,1,critical_zone,0,1
117,fence24,random_waypoint,1,560,520,560,520,20,18,400,300,15,272.075,-68.748,-60,0,0,0,1,critical_zone,0,1
117,fence24,random_waypoint,1,560,520,560,520,20,19,300,300,15,340.624,-70.6997,-60,0,0,0,1,critical_zone,0,1
117,fence24,random_waypoint,1,560,520,560,520,20,20,300,500,15,260.816,-68.3809,-60,0,0,0,1,critical_zone,0,1
117,fence24,random_waypoint,1,560,520,560,520,20,21,500,350,15,180.347,-65.1764,-60,0,0,0,1,critical_zone,0,1
117,fence24,random_waypoint,1,560,520,560,520,20,22,700,500,15,141.51,-63.07,-60,0,0,0,1,critical_zone,0,1
117,fence24,random_waypoint,1,560,520,560,520,20,23,500,650,15,143.265,-63.1771,-60,0,0,0,1,critical_zone,0,1
