time,sensor_layout,drone_path,random_seed,random_target_x,random_target_y,uav_x,uav_y,uav_z,sensor_id,sensor_x,sensor_y,sensor_z,distance,rx_power_dbm,threshold_dbm,detected,num_sensors_detecting,confirmed_detection,inside_prison,zone,time_to_boundary,alert_before_boundary
1,fence24,random_waypoint,5,560,520,868.379,822.649,20,0,250,300,15,809.679,-78.2205,-60,0,0,0,0,early_warning_zone,25.3317,0
1,fence24,random_waypoint,5,560,520,868.379,822.649,20,1,250,350,15,778.341,-77.8776,-60,0,0,0,0,early_warning_zone,25.3317,0
1,fence24,random_waypoint,5,560,520,868.379,822.649,20,2,250,450,15,722.001,-77.225,-60,0,0,0,0,early_warning_zone,25.3317,0
1,fence24,random_waypoint,5,560,520,868.379,822.649,20,3,250,550,15,675.837,-76.6511,-60,0,0,0,0,early_warning_zone,25.3317,0
1,fence24,random_waypoint,5,560,520,868.379,822.649,20,4,250,650,15,642.048,-76.2056,-60,0,0,0,0,early_warning_zone,25.3317,0
1,fence24,random_waypoint,5,560,520,868.379,822.649,20,5,250,700,15,630.445,-76.0472,-60,0,0,0,0,early_warning_zone,25.3317,0
1,fence24,random_waypoint,5,560,520,868.379,822.649,20,6,300,700,15,581.483,-75.345,-60,0,0,0,0,early_warning_zone,25.3317,0
1,fence24,random_waypoint,5,560,520,868.379,822.649,20,7,400,700,15,484.197,-73.7547,-60,0,0,0,0,early_warning_zone,25.3317,0
1,fence24,random_waypoint,5,560,520,868.379,822.649,20,8,600,700,15,295.119,-69.4542,-60,0,0,0,0,early_warning_zone,25.3317,0
1,fence24,random_waypoint,5,560,520,868.379,822.649,20,9,700,700,15,208.373,-66.4311,-60,0,0,0,0,early_warning_zone,25.3317,0
1,fence24,random_waypoint,5,560,520,868.379,822.649,20,10,750,700,15,170.533,-64.6904,-60,0,0,0,0,early_warning_zone,25.3317,0
1,fence24,random_waypoint,5,560,520,868.379,822.649,20,11,750,650,15,209.395,-66.4736,-60,0,0,0,0,early_warning_zone,25.3317,0
1,fence24,random_waypoint,5,560,520,868.379,822.649,20,12,750,550,15,297.281,-69.5176,-60,0,0,0,0,early_warning_zone,25.3317,0
1,fence24,random_waypoint,5,560,520,868.379,822.649,20,13,750,450,15,391.032,-71.8985,-60,0,0,0,0,early_warning_zone,25.3317,0
1,fence24,random_waypoint,5,560,520,868.379,822.649,20,14,750,350,15,487.274,-73.8097,-60,0,0,0,0,early_warning_zone,25.3317,0
1,fence24,random_waypoint,5,560,520,868.379,822.649,20,15,750,300,15,535.911,-74.6361,-60,0,0,0,0,early_warning_zone,25.3317,0
1,fence24,random_waypoint,5,560,520,868.379,822.649,20,16,700,300,15,549.125,-74.8477,-60,0,0,0,0,early_warning_zone,25.3317,0
1,fence24,random_waypoint,5,560,520,868.379,822.649,20,17,600,300,15,587.55,-75.4351,-60,0,0,0,0,early_warning_zone,25.3317,0
1,fence24,random_waypoint,5,560,520,868.379,822.649,20,18,400,300,15,701.831,-76.9789,-60,0,0,0,0,early_warning_zone,25.3317,0
1,fence24,random_waypoint,5,560,520,868.379,822.649,20,19,300,300,15,772.167,-77.8085,-60,0,0,0,0,early_warning_zone,25.3317,0
1,fence24,random_waypoint,5,560,520,868.379,822.649,20,20,300,500,15,653.592,-76.3604,-60,0,0,0,0,early_warning_zone,25.3317,0
1,fence24,random_waypoint,5,560,520,868.379,822.649,20,21,500,350,15,599.271,-75.6067,-60,0,0,0,0,early_warning_zone,25.3317,0
1,fence24,random_waypoint,5,560,520,868.379,822.649,20,22,700,500,15,363.977,-71.2757,-60,0,0,0,0,early_warning_zone,25.3317,0
1,fence24,random_waypoint,5,560,520,868.379,822.649,20,23,500,650,15,406.861,-72.2432,-60,0,0,0,0,early_warning_zone,25.3317,0
2,fence24,random_waypoint,5,560,520,859.503,818.043,20,0,250,300,15,799.93,-78.1153,-60,0,0,0,0,early_warning_zone,24.3317,0
2,fence24,random_waypoint,5,560,520,859.503,818.043,20,1,250,350,15,768.494,-77.767,-60,0,0,0,0,early_warning_zone,24.3317,0
2,fence24,random_waypoint,5,560,520,859.503,818.043,20,2,250,450,15,712.022,-77.1041,-60,0,0,0,0,early_warning_zone,24.3317,0
2,fence24,random_waypoint,5,560,520,859.503,818.043,20,3,250,550,15,665.858,-76.5219,-60,0,0,0,0,early_warning_zone,24.3317,0
2,fence24,random_waypoint,5,560,520,859.503,818.043,20,4,250,650,15,632.264,-76.0722,-60,0,0,0,0,early_warning_zone,24.3317,0
2,fence24,random_waypoint,5,560,520,859.503,818.043,20,5,250,700,15,620.849,-75.9139,-60,0,0,0,0,early_warning_zone,24.3317,0
2,fence24,random_waypoint,5,560,520,859.503,818.043,20,6,300,700,15,571.842,-75.1997,-60,0,0,0,0,early_warning_zone,24.3317,0
2,fence24,random_waypoint,5,560,520,859.503,818.043,20,7,400,700,15,474.45,-73.578,-60,0,0,0,0,early_warning_zone,24.3317,0
2,fence24,random_waypoint,5,560,520,859.503,818.043,20,8,600,700,15,285.134,-69.1552,-60,0,0,0,0,early_warning_zone,24.3317,0
2,fence24,random_waypoint,5,560,520,859.503,818.043,20,9,700,700,15,198.495,-66.0092,-60,0,0,0,0,early_warning_zone,24.3317,0
2,fence24,random_waypoint,5,560,520,859.503,818.043,20,10,750,700,15,161.09,-64.1956,-60,0,0,0,0,early_warning_zone,24.3317,0
2,fence24,random_waypoint,5,560,520,859.503,818.043,20,11,750,650,15,200.635,-66.1024,-60,0,0,0,0,early_warning_zone,24.3317,0
2,fence24,random_waypoint,5,560,520,859.503,818.043,20,12,750,550,15,289.591,-69.2899,-60,0,0,0,0,early_warning_zone,24.3317,0
2,fence24,random_waypoint,5,560,520,859.503,818.043,20,13,750,450,15,384.02,-71.7413,-60,0,0,0,0,early_warning_zone,24.3317,0
2,fence24,random_waypoint,5,560,520,859.503,818.043,20,14,750,350,15,480.708,-73.6918,-60,0,0,0,0,early_warning_zone,24.3317,0
2,fence24,random_waypoint,5,560,520,859.503,818.043,20,15,750,300,15,529.513,-74.5318,-60,0,0,0,0,early_warning_zone,24.3317,0
2,fence24,random_waypoint,5,560,520,859.503,818.043,20,16,700,300,15,542.065,-74.7353,-60,0,0,0,0,early_warning_zone,24.3317,0
2,fence24,random_waypoint,5,560,520,859.503,818.043,20,17,600,300,15,579.427,-75.3142,-60,0,0,0,0,early_warning_zone,24.3317,0
2,fence24,random_waypoint,5,560,520,859.503,818.043,20,18,400,300,15,692.486,-76.8624,-60,0,0,0,0,early_warning_zone,24.3317,0
2,fence24,random_waypoint,5,560,520,859.503,818.043,20,19,300,300,15,762.52,-77.6993,-60,0,0,0,0,early_warning_zone,24.3317,0
2,fence24,random_waypoint,5,560,520,859.503,818.043,20,20,300,500,15,643.599,-76.2265,-60,0,0,0,0,early_warning_zone,24.3317,0
2,fence24,random_waypoint,5,560,520,859.503,818.043,20,21,500,350,15,590.196,-75.4742,-60,0,0,0,0,early_warning_zone,24.3317,0
2,fence24,random_waypoint,5,560,520,859.503,818.043,20,22,700,500,15,355.834,-71.0792,-60,0,0,0,0,early_warning_zone,24.3317,0
2,fence24,random_waypoint,5,560,520,859.503,818.043,20,23,500,650,15,396.87,-72.0272,-60,0,0,0,0,early_warning_zone,24.3317,0
3,fence24,random_waypoint,5,560,520,850.628,813.436,20,0,250,300,15,790.187,-78.0088,-60,0,0,0,0,early_warning_zone,23.3317,0
3,fence24,random_waypoint,5,560,520,850.628,813.436,20,1,250,350,15,758.651,-77.6551,-60,0,0,0,0,early_warning_zone,23.3317,0
3,fence24,random_waypoint,5,560,520,850.628,813.436,20,2,250,450,15,702.043,-76.9815,-60,0,0,0,0,early_warning_zone,23.3317,0
3,fence24,random_waypoint,5,560,520,850.628,813.436,20,3,250,550,15,655.879,-76.3907,-60,0,0,0,0,early_warning_zone,23.3317,0
3,fence24,random_waypoint,5,560,520,850.628,813.436,20,4,250,650,15,622.487,-75.9368,-60,0,0,0,0,early_warning_zone,23.3317,0
3,fence24,random_waypoint,5,560,520,850.628,813.436,20,5,250,700,15,611.266,-75.7788,-60,0,0,0,0,early_warning_zone,23.3317,0
3,fence24,random_waypoint,5,560,520,850.628,813.436,20,6,300,700,15,562.213,-75.0522,-60,0,0,0,0,early_warning_zone,23.3317,0
3,fence24,random_waypoint,5,560,520,850.628,813.436,20,7,400,700,15,464.713,-73.3979,-60,0,0,0,0,early_warning_zone,23.3317,0
3,fence24,random_waypoint,5,560,520,850.628,813.436,20,8,600,700,15,275.149,-68.8456,-60,0,0,0,0,early_warning_zone,23.3317,0
3,fence24,random_waypoint,5,560,520,850.628,813.436,20,9,700,700,15,188.631,-65.5665,-60,0,0,0,0,early_warning_zone,23.3317,0
3,fence24,random_waypoint,5,560,520,850.628,813.436,20,10,750,700,15,151.719,-63.675,-60,0,0,0,0,early_warning_zone,23.3317,0
3,fence24,random_waypoint,5,560,520,850.628,813.436,20,11,750,650,15,191.996,-65.7201,-60,0,0,0,0,early_warning_zone,23.3317,0
3,fence24,random_waypoint,5,560,520,850.628,813.436,20,12,750,550,15,282.046,-69.0606,-60,0,0,0,0,early_warning_zone,23.3317,0
3,fence24,random_waypoint,5,560,520,850.628,813.436,20,13,750,450,15,377.143,-71.5844,-60,0,0,0,0,early_warning_zone,23.3317,0
3,fence24,random_waypoint,5,560,520,850.628,813.436,20,14,750,350,15,474.262,-73.5746,-60,0,0,0,0,early_warning_zone,23.3317,0
3,fence24,random_waypoint,5,560,520,850.628,813.436,20,15,750,300,15,523.228,-74.4281,-60,0,0,0,0,early_warning_zone,23.3317,0
3,fence24,random_waypoint,5,560,520,850.628,813.436,20,16,700,300,15,535.099,-74.6229,-60,0,0,0,0,early_warning_zone,23.3317,0
3,fence24,random_waypoint,5,560,520,850.628,813.436,20,17,600,300,15,571.363,-75.1925,-60,0,0,0,0,early_warning_zone,23.3317,0
3,fence24,random_waypoint,5,560,520,850.628,813.436,20,18,400,300,15,683.16,-76.7447,-60,0,0,0,0,early_warning_zone,23.3317,0
3,fence24,random_waypoint,5,560,520,850.628,813.436,20,19,300,300,15,752.883,-77.5888,-60,0,0,0,0,early_warning_zone,23.3317,0
3,fence24,random_waypoint,5,560,520,850.628,813.436,20,20,300,500,15,633.607,-76.0906,-60,0,0,0,0,early_warning_zone,23.3317,0
3,fence24,random_waypoint,5,560,520,850.628,813.436,20,21,500,350,15,581.152,-75.34,-60,0,0,0,0,early_warning_zone,23.3317,0
3,fence24,random_waypoint,5,560,520,850.628,813.436,20,22,700,500,15,347.787,-70.8805,-60,0,0,0,0,early_warning_zone,23.3317,0
3,fence24,random_waypoint,5,560,520,850.628,813.436,20,23,500,650,15,386.88,-71.8058,-60,0,0,0,0,early_warning_zone,23.3317,0
4,fence24,random_waypoint,5,560,520,841.752,808.83,20,0,250,300,15,780.451,-77.9011,-60,0,0,0,0,early_warning_zone,22.3317,0
4,fence24,random_waypoint,5,560,520,841.752,808.83,20,1,250,350,15,748.812,-77.5417,-60,0,0,0,0,early_warning_zone,22.3317,0
4,fence24,random_waypoint,5,560,520,841.752,808.83,20,2,250,450,15,692.065,-76.8572,-60,0,0,0,0,early_warning_zone,22.3317,0
4,fence24,random_waypoint,5,560,520,841.752,808.83,20,3,250,550,15,645.901,-76.2575,-60,0,0,0,0,early_warning_zone,22.3317,0
4,fence24,random_waypoint,5,560,520,841.752,808.83,20,4,250,650,15,612.717,-75.7994,-60,0,0,0,0,early_warning_zone,22.3317,0
4,fence24,random_waypoint,5,560,520,841.752,808.83,20,5,250,700,15,601.697,-75.6418,-60,0,0,0,0,early_warning_zone,22.3317,0
4,fence24,random_waypoint,5,560,520,841.752,808.83,20,6,300,700,15,552.597,-74.9024,-60,0,0,0,0,early_warning_zone,22.3317,0
4,fence24,random_waypoint,5,560,520,841.752,808.83,20,7,400,700,15,454.987,-73.2142,-60,0,0,0,0,early_warning_zone,22.3317,0
4,fence24,random_waypoint,5,560,520,841.752,808.83,20,8,600,700,15,265.166,-68.5246,-60,0,0,0,0,early_warning_zone,22.3317,0
4,fence24,random_waypoint,5,560,520,841.752,808.83,20,9,700,700,15,178.781,-65.1006,-60,0,0,0,0,early_warning_zone,22.3317,0
4,fence24,random_waypoint,5,560,520,841.752,808.83,20,10,750,700,15,142.434,-63.1265,-60,0,0,0,0,early_warning_zone,22.3317,0
4,fence24,random_waypoint,5,560,520,841.752,808.83,20,11,750,650,15,183.495,-65.3267,-60,0,0,0,0,early_warning_zone,22.3317,0
4,fence24,random_waypoint,5,560,520,841.752,808.83,20,12,750,550,15,274.657,-68.83,-60,0,0,0,0,early_warning_zone,22.3317,0
4,fence24,random_waypoint,5,560,520,841.752,808.83,20,13,750,450,15,370.409,-71.4278,-60,0,0,0,0,early_warning_zone,22.3317,0
4,fence24,random_waypoint,5,560,520,841.752,808.83,20,14,750,350,15,467.941,-73.458,-60,0,0,0,0,early_warning_zone,22.3317,0
4,fence24,random_waypoint,5,560,520,841.752,808.83,20,15,750,300,15,517.06,-74.3251,-60,0,0,0,0,early_warning_zone,22.3317,0
4,fence24,random_waypoint,5,560,520,841.752,808.83,20,16,700,300,15,528.23,-74.5107,-60,0,0,0,0,early_warning_zone,22.3317,0
4,fence24,random_waypoint,5,560,520,841.752,808.83,20,17,600,300,15,563.362,-75.07,-60,0,0,0,0,early_warning_zone,22.3317,0
4,fence24,random_waypoint,5,560,520,841.752,808.83,20,18,400,300,15,673.853,-76.6255,-60,0,0,0,0,early_warning_zone,22.3317,0
4,fence24,random_waypoint,5,560,520,841.752,808.83,20,19,300,300,15,743.255,-77.477,-60,0,0,0,0,early_warning_zone,22.3317,0
4,fence24,random_waypoint,5,560,520,841.752,808.83,20,20,300,500,15,623.615,-75.9526,-60,0,0,0,0,early_warning_zone,22.3317,0
4,fence24,random_waypoint,5,560,520,841.752,808.83,20,21,500,350,15,572.14,-75.2043,-60,0,0,0,0,early_warning_zone,22.3317,0
4,fence24,random_waypoint,5,560,520,841.752,808.83,20,22,700,500,15,339.845,-70.6798,-60,0,0,0,0,early_warning_zone,22.3317,0
4,fence24,random_waypoint,5,560,520,841.752,808.83,20,23,500,650,15,376.89,-71.5785,-60,0,0,0,0,early_warning_zone,22.3317,0
5,fence24,random_waypoint,5,560,520,832.876,804.224,20,0,250,300,15,770.721,-77.7922,-60,0,0,0,0,early_warning_zone,21.3317,0
5,fence24,random_waypoint,5,560,520,832.876,804.224,20,1,250,350,15,738.978,-77.4269,-60,0,0,0,0,early_warning_zone,21.3317,0
5,fence24,random_waypoint,5,560,520,832.876,804.224,20,2,250,450,15,682.088,-76.731,-60,0,0,0,0,early_warning_zone,21.3317,0
5,fence24,random_waypoint,5,560,520,832.876,804.224,20,3,250,550,15,635.924,-76.1223,-60,0,0,0,0,early_warning_zone,21.3317,0
5,fence24,random_waypoint,5,560,520,832.876,804.224,20,4,250,650,15,602.954,-75.6599,-60,0,0,0,0,early_warning_zone,21.3317,0
5,fence24,random_waypoint,5,560,520,832.876,804.224,20,5,250,700,15,592.142,-75.5027,-60,0,0,0,0,early_warning_zone,21.3317,0
5,fence24,random_waypoint,5,560,520,832.876,804.224,20,6,300,700,15,542.995,-74.7501,-60,0,0,0,0,early_warning_zone,21.3317,0
5,fence24,random_waypoint,5,560,520,832.876,804.224,20,7,400,700,15,445.274,-73.0268,-60,0,0,0,0,early_warning_zone,21.3317,0
5,fence24,random_waypoint,5,560,520,832.876,804.224,20,8,600,700,15,255.184,-68.1913,-60,0,0,0,0,early_warning_zone,21.3317,0
5,fence24,random_waypoint,5,560,520,832.876,804.224,20,9,700,700,15,168.948,-64.6093,-60,0,0,0,0,early_warning_zone,21.3317,0
5,fence24,random_waypoint,5,560,520,832.876,804.224,20,10,750,700,15,133.252,-62.5477,-60,0,0,0,0,early_warning_zone,21.3317,0
5,fence24,random_waypoint,5,560,520,832.876,804.224,20,11,750,650,15,175.152,-64.9226,-60,0,0,0,0,early_warning_zone,21.3317,0
5,fence24,random_waypoint,5,560,520,832.876,804.224,20,12,750,550,15,267.438,-68.5987,-60,0,0,0,0,early_warning_zone,21.3317,0
5,fence24,random_waypoint,5,560,520,832.876,804.224,20,13,750,450,15,363.824,-71.2721,-60,0,0,0,0,early_warning_zone,21.3317,0
5,fence24,random_waypoint,5,560,520,832.876,804.224,20,14,750,350,15,461.75,-73.3424,-60,0,0,0,0,early_warning_zone,21.3317,0
5,fence24,random_waypoint,5,560,520,832.876,804.224,20,15,750,300,15,511.014,-74.2229,-60,0,0,0,0,early_warning_zone,21.3317,0
5,fence24,random_waypoint,5,560,520,832.876,804.224,20,16,700,300,15,521.462,-74.3987,-60,0,0,0,0,early_warning_zone,21.3317,0
5,fence24,random_waypoint,5,560,520,832.876,804.224,20,17,600,300,15,555.426,-74.9467,-60,0,0,0,0,early_warning_zone,21.3317,0
5,fence24,random_waypoint,5,560,520,832.876,804.224,20,18,400,300,15,664.566,-76.505,-60,0,0,0,0,early_warning_zone,21.3317,0
5,fence24,random_waypoint,5,560,520,832.876,804.224,20,19,300,300,15,733.637,-77.3638,-60,0,0,0,0,early_warning_zone,21.3317,0
5,fence24,random_waypoint,5,560,520,832.876,804.224,20,20,300,500,15,613.623,-75.8123,-60,0,0,0,0,early_warning_zone,21.3317,0
5,fence24,random_waypoint,5,560,520,832.876,804.224,20,21,500,350,15,563.161,-75.0669,-60,0,0,0,0,early_warning_zone,21.3317,0
5,fence24,random_waypoint,5,560,520,832.876,804.224,20,22,700,500,15,332.014,-70.4773,-60,0,0,0,0,early_warning_zone,21.3317,0
5,fence24,random_waypoint,5,560,520,832.876,804.224,20,23,500,650,15,366.901,-71.3452,-60,0,0,0,0,early_warning_zone,21.3317,0
6,fence24,random_waypoint,5,560,520,824,799.618,20,0,250,300,15,760.998,-77.6819,-60,0,0,0,0,early_warning_zone,20.3317,0
6,fence24,random_waypoint,5,560,520,824,799.618,20,1,250,350,15,729.148,-77.3105,-60,0,0,0,0,early_warning_zone,20.3317,0
6,fence24,random_waypoint,5,560,520,824,799.618,20,2,250,450,15,672.111,-76.603,-60,0,0,0,0,early_warning_zone,20.3317,0
6,fence24,random_waypoint,5,560,520,824,799.618,20,3,250,550,15,625.947,-75.985,-60,0,0,0,0,early_warning_zone,20.3317,0
6,fence24,random_waypoint,5,560,520,824,799.618,20,4,250,650,15,593.2,-75.5182,-60,0,0,0,0,early_warning_zone,20.3317,0
6,fence24,random_waypoint,5,560,520,824,799.618,20,5,250,700,15,582.601,-75.3617,-60,0,0,0,0,early_warning_zone,20.3317,0
6,fence24,random_waypoint,5,560,520,824,799.618,20,6,300,700,15,533.408,-74.5954,-60,0,0,0,0,early_warning_zone,20.3317,0
6,fence24,random_waypoint,5,560,520,824,799.618,20,7,400,700,15,435.574,-72.8355,-60,0,0,0,0,early_warning_zone,20.3317,0
6,fence24,random_waypoint,5,560,520,824,799.618,20,8,600,700,15,245.203,-67.8447,-60,0,0,0,0,early_warning_zone,20.3317,0
6,fence24,random_waypoint,5,560,520,824,799.618,20,9,700,700,15,159.137,-64.0897,-60,0,0,0,0,early_warning_zone,20.3317,0
6,fence24,random_waypoint,5,560,520,824,799.618,20,10,750,700,15,124.196,-61.9364,-60,0,0,0,0,early_warning_zone,20.3317,0
6,fence24,random_waypoint,5,560,520,824,799.618,20,11,750,650,15,166.992,-64.5081,-60,0,0,0,0,early_warning_zone,20.3317,0
6,fence24,random_waypoint,5,560,520,824,799.618,20,12,750,550,15,260.403,-68.3672,-60,0,0,0,0,early_warning_zone,20.3317,0
6,fence24,random_waypoint,5,560,520,824,799.618,20,13,750,450,15,357.398,-71.1173,-60,0,0,0,0,early_warning_zone,20.3317,0
6,fence24,random_waypoint,5,560,520,824,799.618,20,14,750,350,15,455.694,-73.2277,-60,0,0,0,0,early_warning_zone,20.3317,0
6,fence24,random_waypoint,5,560,520,824,799.618,20,15,750,300,15,505.093,-74.1216,-60,0,0,0,0,early_warning_zone,20.3317,0
6,fence24,random_waypoint,5,560,520,824,799.618,20,16,700,300,15,514.8,-74.287,-60,0,0,0,0,early_warning_zone,20.3317,0
6,fence24,random_waypoint,5,560,520,824,799.618,20,17,600,300,15,547.557,-74.8228,-60,0,0,0,0,early_warning_zone,20.3317,0
6,fence24,random_waypoint,5,560,520,824,799.618,20,18,400,300,15,655.3,-76.383,-60,0,0,0,0,early_warning_zone,20.3317,0
6,fence24,random_waypoint,5,560,520,824,799.618,20,19,300,300,15,724.029,-77.2493,-60,0,0,0,0,early_warning_zone,20.3317,0
6,fence24,random_waypoint,5,560,520,824,799.618,20,20,300,500,15,603.632,-75.6697,-60,0,0,0,0,early_warning_zone,20.3317,0
6,fence24,random_waypoint,5,560,520,824,799.618,20,21,500,350,15,554.217,-74.9278,-60,0,0,0,0,early_warning_zone,20.3317,0
6,fence24,random_waypoint,5,560,520,824,799.618,20,22,700,500,15,324.302,-70.2732,-60,0,0,0,0,early_warning_zone,20.3317,0
6,fence24,random_waypoint,5,560,520,824,799.618,20,23,500,650,15,356.912,-71.1055,-60,0,0,0,0,early_warning_zone,20.3317,0
7,fence24,random_waypoint,5,560,520,815.124,795.011,20,0,250,300,15,751.283,-77.5703,-60,0,0,0,0,early_warning_zone,19.3317,0
7,fence24,random_waypoint,5,560,520,815.124,795.011,20,1,250,350,15,719.323,-77.1927,-60,0,0,0,0,early_warning_zone,19.3317,0
7,fence24,random_waypoint,5,560,520,815.124,795.011,20,2,250,450,15,662.135,-76.4732,-60,0,0,0,0,early_warning_zone,19.3317,0
7,fence24,random_waypoint,5,560,520,815.124,795.011,20,3,250,550,15,615.971,-75.8454,-60,0,0,0,0,early_warning_zone,19.3317,0
7,fence24,random_waypoint,5,560,520,815.124,795.011,20,4,250,650,15,583.454,-75.3744,-60,0,0,0,0,early_warning_zone,19.3317,0
7,fence24,random_waypoint,5,560,520,815.124,795.011,20,5,250,700,15,573.077,-75.2185,-60,0,0,0,0,early_warning_zone,19.3317,0
7,fence24,random_waypoint,5,560,520,815.124,795.011,20,6,300,700,15,523.836,-74.4381,-60,0,0,0,0,early_warning_zone,19.3317,0
7,fence24,random_waypoint,5,560,520,815.124,795.011,20,7,400,700,15,425.887,-72.6401,-60,0,0,0,0,early_warning_zone,19.3317,0
7,fence24,random_waypoint,5,560,520,815.124,795.011,20,8,600,700,15,235.224,-67.4839,-60,0,0,0,0,early_warning_zone,19.3317,0
7,fence24,random_waypoint,5,560,520,815.124,795.011,20,9,700,700,15,149.351,-63.5384,-60,0,0,0,0,early_warning_zone,19.3317,0
7,fence24,random_waypoint,5,560,520,815.124,795.011,20,10,750,700,15,115.296,-61.2905,-60,0,0,0,0,early_warning_zone,19.3317,0
7,fence24,random_waypoint,5,560,520,815.124,795.011,20,11,750,650,15,159.042,-64.0845,-60,0,0,0,0,early_warning_zone,19.3317,0
7,fence24,random_waypoint,5,560,520,815.124,795.011,20,12,750,550,15,253.568,-68.1361,-60,0,0,0,0,early_warning_zone,19.3317,0
7,fence24,random_waypoint,5,560,520,815.124,795.011,20,13,750,450,15,351.14,-70.9638,-60,0,0,0,0,early_warning_zone,19.3317,0
7,fence24,random_waypoint,5,560,520,815.124,795.011,20,14,750,350,15,449.779,-73.1142,-60,0,0,0,0,early_warning_zone,19.3317,0
7,fence24,random_waypoint,5,560,520,815.124,795.011,20,15,750,300,15,499.302,-74.0215,-60,0,0,0,0,early_warning_zone,19.3317,0
7,fence24,random_waypoint,5,560,520,815.124,795.011,20,16,700,300,15,508.247,-74.1757,-60,0,0,0,0,early_warning_zone,19.3317,0
7,fence24,random_waypoint,5,560,520,815.124,795.011,20,17,600,300,15,539.759,-74.6982,-60,0,0,0,0,early_warning_zone,19.3317,0
7,fence24,random_waypoint,5,560,520,815.124,795.011,20,18,400,300,15,646.057,-76.2596,-60,0,0,0,0,early_warning_zone,19.3317,0
7,fence24,random_waypoint,5,560,520,815.124,795.011,20,19,300,300,15,714.432,-77.1334,-60,0,0,0,0,early_warning_zone,19.3317,0
7,fence24,random_waypoint,5,560,520,815.124,795.011,20,20,300,500,15,593.641,-75.5247,-60,0,0,0,0,early_warning_zone,19.3317,0
7,fence24,random_waypoint,5,560,520,815.124,795.011,20,21,500,350,15,545.31,-74.7871,-60,0,0,0,0,early_warning_zone,19.3317,0
7,fence24,random_waypoint,5,560,520,815.124,795.011,20,22,700,500,15,316.718,-70.0677,-60,0,0,0,0,early_warning_zone,19.3317,0
7,fence24,random_waypoint,5,560,520,815.124,795.011,20,23,500,650,15,346.924,-70.8589,-60,0,0,0,0,early_warning_zone,19.3317,0
8,fence24,random_waypoint,5,560,520,806.248,790.405,20,0,250,300,15,741.575,-77.4573,-60,0,0,0,0,early_warning_zone,18.3317,0
8,fence24,random_waypoint,5,560,520,806.248,790.405,20,1,250,350,15,709.502,-77.0733,-60,0,0,0,0,early_warning_zone,18.3317,0
8,fence24,random_waypoint,5,560,520,806.248,790.405,20,2,250,450,15,652.16,-76.3413,-60,0,0,0,0,early_warning_zone,18.3317,0
8,fence24,random_waypoint,5,560,520,806.248,790.405,20,3,250,550,15,605.996,-75.7036,-60,0,0,0,0,early_warning_zone,18.3317,0
8,fence24,random_waypoint,5,560,520,806.248,790.405,20,4,250,650,15,573.716,-75.2282,-60,0,0,0,0,early_warning_zone,18.3317,0
8,fence24,random_waypoint,5,560,520,806.248,790.405,20,5,250,700,15,563.569,-75.0732,-60,0,0,0,0,early_warning_zone,18.3317,0
8,fence24,random_waypoint,5,560,520,806.248,790.405,20,6,300,700,15,514.281,-74.2782,-60,0,0,0,0,early_warning_zone,18.3317,0
8,fence24,random_waypoint,5,560,520,806.248,790.405,20,7,400,700,15,416.216,-72.4406,-60,0,0,0,0,early_warning_zone,18.3317,0
8,fence24,random_waypoint,5,560,520,806.248,790.405,20,8,600,700,15,225.247,-67.1074,-60,0,0,0,0,early_warning_zone,18.3317,0
8,fence24,random_waypoint,5,560,520,806.248,790.405,20,9,700,700,15,139.595,-62.9516,-60,0,0,0,0,early_warning_zone,18.3317,0
8,fence24,random_waypoint,5,560,520,806.248,790.405,20,10,750,700,15,106.592,-60.6087,-60,0,0,0,0,early_warning_zone,18.3317,0
8,fence24,random_waypoint,5,560,520,806.248,790.405,20,11,750,650,15,151.335,-63.653,-60,0,0,0,0,early_warning_zone,18.3317,0
8,fence24,random_waypoint,5,560,520,806.248,790.405,20,12,750,550,15,246.948,-67.9063,-60,0,0,0,0,early_warning_zone,18.3317,0
8,fence24,random_waypoint,5,560,520,806.248,790.405,20,13,750,450,15,345.057,-70.812,-60,0,0,0,0,early_warning_zone,18.3317,0
8,fence24,random_waypoint,5,560,520,806.248,790.405,20,14,750,350,15,444.011,-73.0021,-60,0,0,0,0,early_warning_zone,18.3317,0
8,fence24,random_waypoint,5,560,520,806.248,790.405,20,15,750,300,15,493.646,-73.9225,-60,0,0,0,0,early_warning_zone,18.3317,0
8,fence24,random_waypoint,5,560,520,806.248,790.405,20,16,700,300,15,501.808,-74.065,-60,0,0,0,0,early_warning_zone,18.3317,0
8,fence24,random_waypoint,5,560,520,806.248,790.405,20,17,600,300,15,532.034,-74.573,-60,0,0,0,0,early_warning_zone,18.3317,0
8,fence24,random_waypoint,5,560,520,806.248,790.405,20,18,400,300,15,636.836,-76.1348,-60,0,0,0,0,early_warning_zone,18.3317,0
8,fence24,random_waypoint,5,560,520,806.248,790.405,20,19,300,300,15,704.847,-77.0161,-60,0,0,0,0,early_warning_zone,18.3317,0
8,fence24,random_waypoint,5,560,520,806.248,790.405,20,20,300,500,15,583.65,-75.3773,-60,0,0,0,0,early_warning_zone,18.3317,0
8,fence24,random_waypoint,5,560,520,806.248,790.405,20,21,500,350,15,536.441,-74.6447,-60,0,0,0,0,early_warning_zone,18.3317,0
8,fence24,random_waypoint,5,560,520,806.248,790.405,20,22,700,500,15,309.271,-69.861,-60,0,0,0,0,early_warning_zone,18.3317,0
8,fence24,random_waypoint,5,560,520,806.248,790.405,20,23,500,650,15,336.937,-70.6052,-60,0,0,0,0,early_warning_zone,18.3317,0
9,fence24,random_waypoint,5,560,520,797.372,785.799,20,0,250,300,15,731.875,-77.343,-60,0,1,0,0,early_warning_zone,17.3317,0
9,fence24,random_waypoint,5,560,520,797.372,785.799,20,1,250,350,15,699.687,-76.9523,-60,0,1,0,0,early_warning_zone,17.3317,0
9,fence24,random_waypoint,5,560,520,797.372,785.799,20,2,250,450,15,642.185,-76.2074,-60,0,1,0,0,early_warning_zone,17.3317,0
9,fence24,random_waypoint,5,560,520,797.372,785.799,20,3,250,550,15,596.022,-75.5595,-60,0,1,0,0,early_warning_zone,17.3317,0
9,fence24,random_waypoint,5,560,520,797.372,785.799,20,4,250,650,15,563.988,-75.0796,-60,0,1,0,0,early_warning_zone,17.3317,0
9,fence24,random_waypoint,5,560,520,797.372,785.799,20,5,250,700,15,554.078,-74.9256,-60,0,1,0,0,early_warning_zone,17.3317,0
9,fence24,random_waypoint,5,560,520,797.372,785.799,20,6,300,700,15,504.743,-74.1156,-60,0,1,0,0,early_warning_zone,17.3317,0
9,fence24,random_waypoint,5,560,520,797.372,785.799,20,7,400,700,15,406.56,-72.2367,-60,0,1,0,0,early_warning_zone,17.3317,0
9,fence24,random_waypoint,5,560,520,797.372,785.799,20,8,600,700,15,215.272,-66.714,-60,0,1,0,0,early_warning_zone,17.3317,0
9,fence24,random_waypoint,5,560,520,797.372,785.799,20,9,700,700,15,129.876,-62.3248,-60,0,1,0,0,early_warning_zone,17.3317,0
9,fence24,random_waypoint,5,560,520,797.372,785.799,20,10,750,700,15,98.1353,-59.8907,-60,1,1,0,0,early_warning_zone,17.3317,0
9,fence24,random_waypoint,5,560,520,797.372,785.799,20,11,750,650,15,143.911,-63.2161,-60,0,1,0,0,early_warning_zone,17.3317,0
9,fence24,random_waypoint,5,560,520,797.372,785.799,20,12,750,550,15,240.562,-67.6788,-60,0,1,0,0,early_warning_zone,17.3317,0
9,fence24,random_waypoint,5,560,520,797.372,785.799,20,13,750,450,15,339.161,-70.6623,-60,0,1,0,0,early_warning_zone,17.3317,0
9,fence24,random_waypoint,5,560,520,797.372,785.799,20,14,750,350,15,438.394,-72.8915,-60,0,1,0,0,early_warning_zone,17.3317,0
9,fence24,random_waypoint,5,560,520,797.372,785.799,20,15,750,300,15,488.129,-73.8249,-60,0,1,0,0,early_warning_zone,17.3317,0
9,fence24,random_waypoint,5,560,520,797.372,785.799,20,16,700,300,15,495.486,-73.9549,-60,0,1,0,0,early_warning_zone,17.3317,0
9,fence24,random_waypoint,5,560,520,797.372,785.799,20,17,600,300,15,524.386,-74.4473,-60,0,1,0,0,early_warning_zone,17.3317,0
9,fence24,random_waypoint,5,560,520,797.372,785.799,20,18,400,300,15,627.638,-76.0084,-60,0,1,0,0,early_warning_zone,17.3317,0
9,fence24,random_waypoint,5,560,520,797.372,785.799,20,19,300,300,15,695.273,-76.8973,-60,0,1,0,0,early_warning_zone,17.3317,0
9,fence24,random_waypoint,5,560,520,797.372,785.799,20,20,300,500,15,573.659,-75.2273,-60,0,1,0,0,early_warning_zone,17.3317,0
9,fence24,random_waypoint,5,560,520,797.372,785.799,20,21,500,350,15,527.613,-74.5005,-60,0,1,0,0,early_warning_zone,17.3317,0
9,fence24,random_waypoint,5,560,520,797.372,785.799,20,22,700,500,15,301.972,-69.6536,-60,0,1,0,0,early_warning_zone,17.3317,0
9,fence24,random_waypoint,5,560,520,797.372,785.799,20,23,500,650,15,326.95,-70.3439,-60,0,1,0,0,early_warning_zone,17.3317,0
10,fence24,random_waypoint,5,560,520,788.496,781.193,20,0,250,300,15,722.184,-77.2272,-60,0,1,0,0,early_warning_zone,16.3317,0
10,fence24,random_waypoint,5,560,520,788.496,781.193,20,1,250,350,15,689.877,-76.8297,-60,0,1,0,0,early_warning_zone,16.3317,0
10,fence24,random_waypoint,5,560,520,788.496,781.193,20,2,250,450,15,632.212,-76.0715,-60,0,1,0,0,early_warning_zone,16.3317,0
10,fence24,random_waypoint,5,560,520,788.496,781.193,20,3,250,550,15,586.049,-75.4129,-60,0,1,0,0,early_warning_zone,16.3317,0
10,fence24,random_waypoint,5,560,520,788.496,781.193,20,4,250,650,15,554.269,-74.9286,-60,0,1,0,0,early_warning_zone,16.3317,0
10,fence24,random_waypoint,5,560,520,788.496,781.193,20,5,250,700,15,544.605,-74.7759,-60,0,1,0,0,early_warning_zone,16.3317,0
10,fence24,random_waypoint,5,560,520,788.496,781.193,20,6,300,700,15,495.223,-73.9502,-60,0,1,0,0,early_warning_zone,16.3317,0
10,fence24,random_waypoint,5,560,520,788.496,781.193,20,7,400,700,15,396.921,-72.0283,-60,0,1,0,0,early_warning_zone,16.3317,0
10,fence24,random_waypoint,5,560,520,788.496,781.193,20,8,600,700,15,205.3,-66.302,-60,0,1,0,0,early_warning_zone,16.3317,0
10,fence24,random_waypoint,5,560,520,788.496,781.193,20,9,700,700,15,120.203,-61.6525,-60,0,1,0,0,early_warning_zone,16.3317,0
10,fence24,random_waypoint,5,560,520,788.496,781.193,20,10,750,700,15,89.9954,-59.1386,-60,1,1,0,0,early_warning_zone,16.3317,0
10,fence24,random_waypoint,5,560,520,788.496,781.193,20,11,750,650,15,136.815,-62.7769,-60,0,1,0,0,early_warning_zone,16.3317,0
10,fence24,random_waypoint,5,560,520,788.496,781.193,20,12,750,550,15,234.429,-67.4545,-60,0,1,0,0,early_warning_zone,16.3317,0
10,fence24,random_waypoint,5,560,520,788.496,781.193,20,13,750,450,15,333.46,-70.5151,-60,0,1,0,0,early_warning_zone,16.3317,0
10,fence24,random_waypoint,5,560,520,788.496,781.193,20,14,750,350,15,432.936,-72.7827,-60,0,1,0,0,early_warning_zone,16.3317,0
10,fence24,random_waypoint,5,560,520,788.496,781.193,20,15,750,300,15,482.756,-73.7288,-60,0,1,0,0,early_warning_zone,16.3317,0
10,fence24,random_waypoint,5,560,520,788.496,781.193,20,16,700,300,15,489.288,-73.8455,-60,0,1,0,0,early_warning_zone,16.3317,0
10,fence24,random_waypoint,5,560,520,788.496,781.193,20,17,600,300,15,516.819,-74.321,-60,0,1,0,0,early_warning_zone,16.3317,0
10,fence24,random_waypoint,5,560,520,788.496,781.193,20,18,400,300,15,618.466,-75.8805,-60,0,1,0,0,early_warning_zone,16.3317,0
10,fence24,random_waypoint,5,560,520,788.496,781.193,20,19,300,300,15,685.711,-76.777,-60,0,1,0,0,early_warning_zone,16.3317,0
10,fence24,random_waypoint,5,560,520,788.496,781.193,20,20,300,500,15,563.669,-75.0747,-60,0,1,0,0,early_warning_zone,16.3317,0
10,fence24,random_waypoint,5,560,520,788.496,781.193,20,21,500,350,15,518.827,-74.3547,-60,0,1,0,0,early_warning_zone,16.3317,0
10,fence24,random_waypoint,5,560,520,788.496,781.193,20,22,700,500,15,294.832,-69.4457,-60,0,1,0,0,early_warning_zone,16.3317,0
10,fence24,random_waypoint,5,560,520,788.496,781.193,20,23,500,650,15,316.964,-70.0744,-60,0,1,0,0,early_warning_zone,16.3317,0
11,fence24,random_waypoint,5,560,520,780.258,775.821,20,0,250,300,15,712.463,-77.1095,-60,0,1,0,0,early_warning_zone,15.3317,0
11,fence24,random_waypoint,5,560,520,780.258,775.821,20,1,250,350,15,680.089,-76.7055,-60,0,1,0,0,early_warning_zone,15.3317,0
11,fence24,random_waypoint,5,560,520,780.258,775.821,20,2,250,450,15,622.381,-75.9353,-60,0,1,0,0,early_warning_zone,15.3317,0
11,fence24,random_waypoint,5,560,520,780.258,775.821,20,3,250,550,15,576.362,-75.2681,-60,0,1,0,0,early_warning_zone,15.3317,0
11,fence24,random_waypoint,5,560,520,780.258,775.821,20,4,250,650,15,545.004,-74.7822,-60,0,1,0,0,early_warning_zone,15.3317,0
11,fence24,random_waypoint,5,560,520,780.258,775.821,20,5,250,700,15,535.675,-74.6322,-60,0,1,0,0,early_warning_zone,15.3317,0
11,fence24,random_waypoint,5,560,520,780.258,775.821,20,6,300,700,15,486.232,-73.7911,-60,0,1,0,0,early_warning_zone,15.3317,0
11,fence24,random_waypoint,5,560,520,780.258,775.821,20,7,400,700,15,387.776,-71.8258,-60,0,1,0,0,early_warning_zone,15.3317,0
11,fence24,random_waypoint,5,560,520,780.258,775.821,20,8,600,700,15,195.619,-65.8824,-60,0,1,0,0,early_warning_zone,15.3317,0
11,fence24,random_waypoint,5,560,520,780.258,775.821,20,9,700,700,15,110.522,-60.9232,-60,0,1,0,0,early_warning_zone,15.3317,0
11,fence24,random_waypoint,5,560,520,780.258,775.821,20,10,750,700,15,81.7882,-58.308,-60,1,1,0,0,early_warning_zone,15.3317,0
11,fence24,random_waypoint,5,560,520,780.258,775.821,20,11,750,650,15,129.504,-62.2999,-60,0,1,0,0,early_warning_zone,15.3317,0
11,fence24,random_waypoint,5,560,520,780.258,775.821,20,12,750,550,15,227.894,-67.2089,-60,0,1,0,0,early_warning_zone,15.3317,0
11,fence24,random_waypoint,5,560,520,780.258,775.821,20,13,750,450,15,327.261,-70.3521,-60,0,1,0,0,early_warning_zone,15.3317,0
11,fence24,random_waypoint,5,560,520,780.258,775.821,20,14,750,350,15,426.924,-72.6612,-60,0,1,0,0,early_warning_zone,15.3317,0
11,fence24,random_waypoint,5,560,520,780.258,775.821,20,15,750,300,15,476.808,-73.6211,-60,0,1,0,0,early_warning_zone,15.3317,0
11,fence24,random_waypoint,5,560,520,780.258,775.821,20,16,700,300,15,482.568,-73.7254,-60,0,1,0,0,early_warning_zone,15.3317,0
11,fence24,random_waypoint,5,560,520,780.258,775.821,20,17,600,300,15,508.845,-74.1859,-60,0,1,0,0,early_warning_zone,15.3317,0
11,fence24,random_waypoint,5,560,520,780.258,775.821,20,18,400,300,15,609.119,-75.7483,-60,0,1,0,0,early_warning_zone,15.3317,0
11,fence24,random_waypoint,5,560,520,780.258,775.821,20,19,300,300,15,676.075,-76.6541,-60,0,1,0,0,early_warning_zone,15.3317,0
11,fence24,random_waypoint,5,560,520,780.258,775.821,20,20,300,500,15,553.85,-74.9221,-60,0,1,0,0,early_warning_zone,15.3317,0
11,fence24,random_waypoint,5,560,520,780.258,775.821,20,21,500,350,15,509.797,-74.2022,-60,0,1,0,0,early_warning_zone,15.3317,0
11,fence24,random_waypoint,5,560,520,780.258,775.821,20,22,700,500,15,287.304,-69.221,-60,0,1,0,0,early_warning_zone,15.3317,0
11,fence24,random_waypoint,5,560,520,780.258,775.821,20,23,500,650,15,307.246,-69.804,-60,0,1,0,0,early_warning_zone,15.3317,0
12,fence24,random_waypoint,5,560,520,774.124,767.922,20,0,250,300,15,702.626,-76.9887,-60,0,1,0,0,early_warning_zone,14.3317,0
12,fence24,random_waypoint,5,560,520,774.124,767.922,20,1,250,350,15,670.366,-76.5805,-60,0,1,0,0,early_warning_zone,14.3317,0
12,fence24,random_waypoint,5,560,520,774.124,767.922,20,2,250,450,15,613.03,-75.8039,-60,0,1,0,0,early_warning_zone,14.3317,0
12,fence24,random_waypoint,5,560,520,774.124,767.922,20,3,250,550,15,567.646,-75.1358,-60,0,1,0,0,early_warning_zone,14.3317,0
12,fence24,random_waypoint,5,560,520,774.124,767.922,20,4,250,650,15,537.25,-74.6577,-60,0,1,0,0,early_warning_zone,14.3317,0
12,fence24,random_waypoint,5,560,520,774.124,767.922,20,5,250,700,15,528.531,-74.5156,-60,0,1,0,0,early_warning_zone,14.3317,0
12,fence24,random_waypoint,5,560,520,774.124,767.922,20,6,300,700,15,478.991,-73.6608,-60,0,1,0,0,early_warning_zone,14.3317,0
12,fence24,random_waypoint,5,560,520,774.124,767.922,20,7,400,700,15,380.273,-71.6561,-60,0,1,0,0,early_warning_zone,14.3317,0
12,fence24,random_waypoint,5,560,520,774.124,767.922,20,8,600,700,15,186.97,-65.4897,-60,0,1,0,0,early_warning_zone,14.3317,0
12,fence24,random_waypoint,5,560,520,774.124,767.922,20,9,700,700,15,100.662,-60.1116,-60,0,1,0,0,early_warning_zone,14.3317,0
12,fence24,random_waypoint,5,560,520,774.124,767.922,20,10,750,700,15,72.2527,-57.2313,-60,1,1,0,0,early_warning_zone,14.3317,0
12,fence24,random_waypoint,5,560,520,774.124,767.922,20,11,750,650,15,120.469,-61.6717,-60,0,1,0,0,early_warning_zone,14.3317,0
12,fence24,random_waypoint,5,560,520,774.124,767.922,20,12,750,550,15,219.311,-66.8754,-60,0,1,0,0,early_warning_zone,14.3317,0
12,fence24,random_waypoint,5,560,520,774.124,767.922,20,13,750,450,15,318.876,-70.1267,-60,0,1,0,0,early_warning_zone,14.3317,0
12,fence24,random_waypoint,5,560,520,774.124,767.922,20,14,750,350,15,418.648,-72.4912,-60,0,1,0,0,early_warning_zone,14.3317,0
12,fence24,random_waypoint,5,560,520,774.124,767.922,20,15,750,300,15,468.571,-73.4697,-60,0,1,0,0,early_warning_zone,14.3317,0
12,fence24,random_waypoint,5,560,520,774.124,767.922,20,16,700,300,15,473.784,-73.5658,-60,0,1,0,0,early_warning_zone,14.3317,0
12,fence24,random_waypoint,5,560,520,774.124,767.922,20,17,600,300,15,499.295,-74.0214,-60,0,1,0,0,early_warning_zone,14.3317,0
12,fence24,random_waypoint,5,560,520,774.124,767.922,20,18,400,300,15,599.121,-75.6045,-60,0,1,0,0,early_warning_zone,14.3317,0
12,fence24,random_waypoint,5,560,520,774.124,767.922,20,19,300,300,15,666.161,-76.5258,-60,0,1,0,0,early_warning_zone,14.3317,0
12,fence24,random_waypoint,5,560,520,774.124,767.922,20,20,300,500,15,544.611,-74.776,-60,0,1,0,0,early_warning_zone,14.3317,0
12,fence24,random_waypoint,5,560,520,774.124,767.922,20,21,500,350,15,499.828,-74.0306,-60,0,1,0,0,early_warning_zone,14.3317,0
12,fence24,random_waypoint,5,560,520,774.124,767.922,20,22,700,500,15,278.032,-68.9361,-60,0,1,0,0,early_warning_zone,14.3317,0
12,fence24,random_waypoint,5,560,520,774.124,767.922,20,23,500,650,15,298.454,-69.5518,-60,0,1,0,0,early_warning_zone,14.3317,0
13,fence24,random_waypoint,5,560,520,767.991,760.024,20,0,250,300,15,692.793,-76.8663,-60,0,2,1,0,early_warning_zone,13.3317,1
13,fence24,random_waypoint,5,560,520,767.991,760.024,20,1,250,350,15,660.651,-76.4537,-60,0,2,1,0,early_warning_zone,13.3317,1
13,fence24,random_waypoint,5,560,520,767.991,760.024,20,2,250,450,15,603.701,-75.6707,-60,0,2,1,0,early_warning_zone,13.3317,1
13,fence24,random_waypoint,5,560,520,767.991,760.024,20,3,250,550,15,558.972,-75.002,-60,0,2,1,0,early_warning_zone,13.3317,1
13,fence24,random_waypoint,5,560,520,767.991,760.024,20,4,250,650,15,529.571,-74.5327,-60,0,2,1,0,early_warning_zone,13.3317,1
13,fence24,random_waypoint,5,560,520,767.991,760.024,20,5,250,700,15,521.481,-74.399,-60,0,2,1,0,early_warning_zone,13.3317,1
13,fence24,random_waypoint,5,560,520,767.991,760.024,20,6,300,700,15,471.851,-73.5303,-60,0,2,1,0,early_warning_zone,13.3317,1
13,fence24,random_waypoint,5,560,520,767.991,760.024,20,7,400,700,15,372.888,-71.4858,-60,0,2,1,0,early_warning_zone,13.3317,1
13,fence24,random_waypoint,5,560,520,767.991,760.024,20,8,600,700,15,178.463,-65.0852,-60,0,2,1,0,early_warning_zone,13.3317,1
13,fence24,random_waypoint,5,560,520,767.991,760.024,20,9,700,700,15,90.8333,-59.2191,-60,1,2,1,0,early_warning_zone,13.3317,1
13,fence24,random_waypoint,5,560,520,767.991,760.024,20,10,750,700,15,62.8617,-56.022,-60,1,2,1,0,early_warning_zone,13.3317,1
13,fence24,random_waypoint,5,560,520,767.991,760.024,20,11,750,650,15,111.598,-61.0073,-60,0,2,1,0,early_warning_zone,13.3317,1
13,fence24,random_waypoint,5,560,520,767.991,760.024,20,12,750,550,15,210.853,-66.5338,-60,0,2,1,0,early_warning_zone,13.3317,1
13,fence24,random_waypoint,5,560,520,767.991,760.024,20,13,750,450,15,310.586,-69.8979,-60,0,2,1,0,early_warning_zone,13.3317,1
13,fence24,random_waypoint,5,560,520,767.991,760.024,20,14,750,350,15,410.449,-72.3194,-60,0,2,1,0,early_warning_zone,13.3317,1
13,fence24,random_waypoint,5,560,520,767.991,760.024,20,15,750,300,15,460.403,-73.317,-60,0,2,1,0,early_warning_zone,13.3317,1
13,fence24,random_waypoint,5,560,520,767.991,760.024,20,16,700,300,15,465.049,-73.4042,-60,0,2,1,0,early_warning_zone,13.3317,1
13,fence24,random_waypoint,5,560,520,767.991,760.024,20,17,600,300,15,489.764,-73.854,-60,0,2,1,0,early_warning_zone,13.3317,1
13,fence24,random_waypoint,5,560,520,767.991,760.024,20,18,400,300,15,589.122,-75.4583,-60,0,2,1,0,early_warning_zone,13.3317,1
13,fence24,random_waypoint,5,560,520,767.991,760.024,20,19,300,300,15,656.249,-76.3956,-60,0,2,1,0,early_warning_zone,13.3317,1
13,fence24,random_waypoint,5,560,520,767.991,760.024,20,20,300,500,15,535.4,-74.6278,-60,0,2,1,0,early_warning_zone,13.3317,1
13,fence24,random_waypoint,5,560,520,767.991,760.024,20,21,500,350,15,489.861,-73.8557,-60,0,2,1,0,early_warning_zone,13.3317,1
13,fence24,random_waypoint,5,560,520,767.991,760.024,20,22,700,500,15,268.813,-68.6432,-60,0,2,1,0,early_warning_zone,13.3317,1
13,fence24,random_waypoint,5,560,520,767.991,760.024,20,23,500,650,15,289.74,-69.2944,-60,0,2,1,0,early_warning_zone,13.3317,1
14,fence24,random_waypoint,5,560,520,761.857,752.126,20,0,250,300,15,682.965,-76.7422,-60,0,2,1,0,early_warning_zone,12.3317,1
14,fence24,random_waypoint,5,560,520,761.857,752.126,20,1,250,350,15,650.944,-76.3251,-60,0,2,1,0,early_warning_zone,12.3317,1
14,fence24,random_waypoint,5,560,520,761.857,752.126,20,2,250,450,15,594.393,-75.5357,-60,0,2,1,0,early_warning_zone,12.3317,1
14,fence24,random_waypoint,5,560,520,761.857,752.126,20,3,250,550,15,550.344,-74.8669,-60,0,2,1,0,early_warning_zone,12.3317,1
14,fence24,random_waypoint,5,560,520,761.857,752.126,20,4,250,650,15,521.97,-74.4071,-60,0,2,1,0,early_warning_zone,12.3317,1
14,fence24,random_waypoint,5,560,520,761.857,752.126,20,5,250,700,15,514.529,-74.2824,-60,0,2,1,0,early_warning_zone,12.3317,1
14,fence24,random_waypoint,5,560,520,761.857,752.126,20,6,300,700,15,464.817,-73.3999,-60,0,2,1,0,early_warning_zone,12.3317,1
14,fence24,random_waypoint,5,560,520,761.857,752.126,20,7,400,700,15,365.627,-71.315,-60,0,2,1,0,early_warning_zone,12.3317,1
14,fence24,random_waypoint,5,560,520,761.857,752.126,20,8,600,700,15,170.118,-64.6692,-60,0,2,1,0,early_warning_zone,12.3317,1
14,fence24,random_waypoint,5,560,520,761.857,752.126,20,9,700,700,15,81.0462,-58.2289,-60,1,2,1,0,early_warning_zone,12.3317,1
14,fence24,random_waypoint,5,560,520,761.857,752.126,20,10,750,700,15,53.6912,-54.6523,-60,1,2,1,0,early_warning_zone,12.3317,1
14,fence24,random_waypoint,5,560,520,761.857,752.126,20,11,750,650,15,102.934,-60.3054,-60,0,2,1,0,early_warning_zone,12.3317,1
14,fence24,random_waypoint,5,560,520,761.857,752.126,20,12,750,550,15,202.535,-66.1842,-60,0,2,1,0,early_warning_zone,12.3317,1
14,fence24,random_waypoint,5,560,520,761.857,752.126,20,13,750,450,15,302.4,-69.6659,-60,0,2,1,0,early_warning_zone,12.3317,1
14,fence24,random_waypoint,5,560,520,761.857,752.126,20,14,750,350,15,402.332,-72.1459,-60,0,2,1,0,early_warning_zone,12.3317,1
14,fence24,random_waypoint,5,560,520,761.857,752.126,20,15,750,300,15,452.309,-73.1629,-60,0,2,1,0,early_warning_zone,12.3317,1
14,fence24,random_waypoint,5,560,520,761.857,752.126,20,16,700,300,15,456.366,-73.2405,-60,0,2,1,0,early_warning_zone,12.3317,1
14,fence24,random_waypoint,5,560,520,761.857,752.126,20,17,600,300,15,480.251,-73.6836,-60,0,2,1,0,early_warning_zone,12.3317,1
14,fence24,random_waypoint,5,560,520,761.857,752.126,20,18,400,300,15,579.123,-75.3096,-60,0,2,1,0,early_warning_zone,12.3317,1
14,fence24,random_waypoint,5,560,520,761.857,752.126,20,19,300,300,15,646.34,-76.2634,-60,0,2,1,0,early_warning_zone,12.3317,1
14,fence24,random_waypoint,5,560,520,761.857,752.126,20,20,300,500,15,526.218,-74.4775,-60,0,2,1,0,early_warning_zone,12.3317,1
14,fence24,random_waypoint,5,560,520,761.857,752.126,20,21,500,350,15,479.896,-73.6772,-60,0,2,1,0,early_warning_zone,12.3317,1
14,fence24,random_waypoint,5,560,520,761.857,752.126,20,22,700,500,15,259.652,-68.342,-60,0,2,1,0,early_warning_zone,12.3317,1
14,fence24,random_waypoint,5,560,520,761.857,752.126,20,23,500,650,15,281.112,-69.0318,-60,0,2,1,0,early_warning_zone,12.3317,1
15,fence24,random_waypoint,5,560,520,755.724,744.228,20,0,250,300,15,673.142,-76.6164,-60,0,3,1,0,approach_zone,11.3317,1
15,fence24,random_waypoint,5,560,520,755.724,744.228,20,1,250,350,15,641.247,-76.1947,-60,0,3,1,0,approach_zone,11.3317,1
15,fence24,random_waypoint,5,560,520,755.724,744.228,20,2,250,450,15,585.108,-75.399,-60,0,3,1,0,approach_zone,11.3317,1
15,fence24,random_waypoint,5,560,520,755.724,744.228,20,3,250,550,15,541.762,-74.7304,-60,0,3,1,0,approach_zone,11.3317,1
15,fence24,random_waypoint,5,560,520,755.724,744.228,20,4,250,650,15,514.452,-74.2811,-60,0,3,1,0,approach_zone,11.3317,1
15,fence24,random_waypoint,5,560,520,755.724,744.228,20,5,250,700,15,507.679,-74.166,-60,0,3,1,0,approach_zone,11.3317,1
15,fence24,random_waypoint,5,560,520,755.724,744.228,20,6,300,700,15,457.892,-73.2695,-60,0,3,1,0,approach_zone,11.3317,1
15,fence24,random_waypoint,5,560,520,755.724,744.228,20,7,400,700,15,358.498,-71.144,-60,0,3,1,0,approach_zone,11.3317,1
15,fence24,random_waypoint,5,560,520,755.724,744.228,20,8,600,700,15,161.96,-64.2424,-60,0,3,1,0,approach_zone,11.3317,1
15,fence24,random_waypoint,5,560,520,755.724,744.228,20,9,700,700,15,71.3182,-57.1182,-60,1,3,1,0,approach_zone,11.3317,1
15,fence24,random_waypoint,5,560,520,755.724,744.228,20,10,750,700,15,44.8764,-53.0946,-60,1,3,1,0,approach_zone,11.3317,1
15,fence24,random_waypoint,5,560,520,755.724,744.228,20,11,750,650,15,94.5341,-59.566,-60,1,3,1,0,approach_zone,11.3317,1
15,fence24,random_waypoint,5,560,520,755.724,744.228,20,12,750,550,15,194.377,-65.8271,-60,0,3,1,0,approach_zone,11.3317,1
15,fence24,random_waypoint,5,560,520,755.724,744.228,20,13,750,450,15,294.326,-69.4308,-60,0,3,1,0,approach_zone,11.3317,1
15,fence24,random_waypoint,5,560,520,755.724,744.228,20,14,750,350,15,394.301,-71.9708,-60,0,3,1,0,approach_zone,11.3317,1
15,fence24,random_waypoint,5,560,520,755.724,744.228,20,15,750,300,15,444.293,-73.0076,-60,0,3,1,0,approach_zone,11.3317,1
15,fence24,random_waypoint,5,560,520,755.724,744.228,20,16,700,300,15,447.737,-73.0747,-60,0,3,1,0,approach_zone,11.3317,1
15,fence24,random_waypoint,5,560,520,755.724,744.228,20,17,600,300,15,470.759,-73.5102,-60,0,3,1,0,approach_zone,11.3317,1
15,fence24,random_waypoint,5,560,520,755.724,744.228,20,18,400,300,15,569.125,-75.1584,-60,0,3,1,0,approach_zone,11.3317,1
15,fence24,random_waypoint,5,560,520,755.724,744.228,20,19,300,300,15,636.434,-76.1293,-60,0,3,1,0,approach_zone,11.3317,1
15,fence24,random_waypoint,5,560,520,755.724,744.228,20,20,300,500,15,517.065,-74.3251,-60,0,3,1,0,approach_zone,11.3317,1
15,fence24,random_waypoint,5,560,520,755.724,744.228,20,21,500,350,15,469.931,-73.4949,-60,0,3,1,0,approach_zone,11.3317,1
15,fence24,random_waypoint,5,560,520,755.724,744.228,20,22,700,500,15,250.554,-68.0323,-60,0,3,1,0,approach_zone,11.3317,1
15,fence24,random_waypoint,5,560,520,755.724,744.228,20,23,500,650,15,272.578,-68.764,-60,0,3,1,0,approach_zone,11.3317,1
16,fence24,random_waypoint,5,560,520,749.59,736.33,20,0,250,300,15,663.325,-76.4887,-60,0,3,1,0,approach_zone,10.3317,1
16,fence24,random_waypoint,5,560,520,749.59,736.33,20,1,250,350,15,631.559,-76.0625,-60,0,3,1,0,approach_zone,10.3317,1
16,fence24,random_waypoint,5,560,520,749.59,736.33,20,2,250,450,15,575.848,-75.2604,-60,0,3,1,0,approach_zone,10.3317,1
16,fence24,random_waypoint,5,560,520,749.59,736.33,20,3,250,550,15,533.23,-74.5925,-60,0,3,1,0,approach_zone,10.3317,1
16,fence24,random_waypoint,5,560,520,749.59,736.33,20,4,250,650,15,507.019,-74.1547,-60,0,3,1,0,approach_zone,10.3317,1
16,fence24,random_waypoint,5,560,520,749.59,736.33,20,5,250,700,15,500.935,-74.0498,-60,0,3,1,0,approach_zone,10.3317,1
16,fence24,random_waypoint,5,560,520,749.59,736.33,20,6,300,700,15,451.084,-73.1394,-60,0,3,1,0,approach_zone,10.3317,1
16,fence24,random_waypoint,5,560,520,749.59,736.33,20,7,400,700,15,351.509,-70.9729,-60,0,3,1,0,approach_zone,10.3317,1
16,fence24,random_waypoint,5,560,520,749.59,736.33,20,8,600,700,15,154.02,-63.8058,-60,0,3,1,0,approach_zone,10.3317,1
16,fence24,random_waypoint,5,560,520,749.59,736.33,20,9,700,700,15,61.6773,-55.8567,-60,1,3,1,0,approach_zone,10.3317,1
16,fence24,random_waypoint,5,560,520,749.59,736.33,20,10,750,700,15,36.6747,-51.3416,-60,1,3,1,0,approach_zone,10.3317,1
16,fence24,random_waypoint,5,560,520,749.59,736.33,20,11,750,650,15,86.4756,-58.7921,-60,1,3,1,0,approach_zone,10.3317,1
16,fence24,random_waypoint,5,560,520,749.59,736.33,20,12,750,550,15,186.398,-65.463,-60,0,3,1,0,approach_zone,10.3317,1
16,fence24,random_waypoint,5,560,520,749.59,736.33,20,13,750,450,15,286.374,-69.1929,-60,0,3,1,0,approach_zone,10.3317,1
16,fence24,random_waypoint,5,560,520,749.59,736.33,20,14,750,350,15,386.363,-71.7941,-60,0,3,1,0,approach_zone,10.3317,1
16,fence24,random_waypoint,5,560,520,749.59,736.33,20,15,750,300,15,436.359,-72.8511,-60,0,3,1,0,approach_zone,10.3317,1
16,fence24,random_waypoint,5,560,520,749.59,736.33,20,16,700,300,15,439.167,-72.9068,-60,0,3,1,0,approach_zone,10.3317,1
16,fence24,random_waypoint,5,560,520,749.59,736.33,20,17,600,300,15,461.288,-73.3337,-60,0,3,1,0,approach_zone,10.3317,1
16,fence24,random_waypoint,5,560,520,749.59,736.33,20,18,400,300,15,559.126,-75.0044,-60,0,3,1,0,approach_zone,10.3317,1
16,fence24,random_waypoint,5,560,520,749.59,736.33,20,19,300,300,15,626.531,-75.9931,-60,0,3,1,0,approach_zone,10.3317,1
16,fence24,random_waypoint,5,560,520,749.59,736.33,20,20,300,500,15,507.945,-74.1706,-60,0,3,1,0,approach_zone,10.3317,1
16,fence24,random_waypoint,5,560,520,749.59,736.33,20,21,500,350,15,459.969,-73.3088,-60,0,3,1,0,approach_zone,10.3317,1
16,fence24,random_waypoint,5,560,520,749.59,736.33,20,22,700,500,15,241.529,-67.7136,-60,0,3,1,0,approach_zone,10.3317,1
16,fence24,random_waypoint,5,560,520,749.59,736.33,20,23,500,650,15,264.146,-68.4911,-60,0,3,1,0,approach_zone,10.3317,1
17,fence24,random_waypoint,5,560,520,743.457,728.432,20,0,250,300,15,653.513,-76.3593,-60,0,3,1,0,approach_zone,9.33165,1
17,fence24,random_waypoint,5,560,520,743.457,728.432,20,1,250,350,15,621.881,-75.9284,-60,0,3,1,0,approach_zone,9.33165,1
17,fence24,random_waypoint,5,560,520,743.457,728.432,20,2,250,450,15,566.612,-75.1199,-60,0,3,1,0,approach_zone,9.33165,1
17,fence24,random_waypoint,5,560,520,743.457,728.432,20,3,250,550,15,524.75,-74.4533,-60,0,3,1,0,approach_zone,9.33165,1
17,fence24,random_waypoint,5,560,520,743.457,728.432,20,4,250,650,15,499.676,-74.028,-60,0,3,1,0,approach_zone,9.33165,1
17,fence24,random_waypoint,5,560,520,743.457,728.432,20,5,250,700,15,494.301,-73.934,-60,0,3,1,0,approach_zone,9.33165,1
17,fence24,random_waypoint,5,560,520,743.457,728.432,20,6,300,700,15,444.396,-73.0096,-60,0,3,1,0,approach_zone,9.33165,1
17,fence24,random_waypoint,5,560,520,743.457,728.432,20,7,400,700,15,344.668,-70.8022,-60,0,3,1,0,approach_zone,9.33165,1
17,fence24,random_waypoint,5,560,520,743.457,728.432,20,8,600,700,15,146.333,-63.3611,-60,0,3,1,0,approach_zone,9.33165,1
17,fence24,random_waypoint,5,560,520,743.457,728.432,20,9,700,700,15,52.1717,-54.4029,-60,1,3,1,0,approach_zone,9.33165,1
17,fence24,random_waypoint,5,560,520,743.457,728.432,20,10,750,700,15,29.6004,-49.4802,-60,1,3,1,0,approach_zone,9.33165,1
17,fence24,random_waypoint,5,560,520,743.457,728.432,20,11,750,650,15,78.863,-57.9917,-60,1,3,1,0,approach_zone,9.33165,1
17,fence24,random_waypoint,5,560,520,743.457,728.432,20,12,750,550,15,178.622,-65.0929,-60,0,3,1,0,approach_zone,9.33165,1
17,fence24,random_waypoint,5,560,520,743.457,728.432,20,13,750,450,15,278.554,-68.9524,-60,0,3,1,0,approach_zone,9.33165,1
17,fence24,random_waypoint,5,560,520,743.457,728.432,20,14,750,350,15,378.521,-71.616,-60,0,3,1,0,approach_zone,9.33165,1
17,fence24,random_waypoint,5,560,520,743.457,728.432,20,15,750,300,15,428.511,-72.6935,-60,0,3,1,0,approach_zone,9.33165,1
17,fence24,random_waypoint,5,560,520,743.457,728.432,20,16,700,300,15,430.659,-72.7369,-60,0,3,1,0,approach_zone,9.33165,1
17,fence24,random_waypoint,5,560,520,743.457,728.432,20,17,600,300,15,451.839,-73.1539,-60,0,3,1,0,approach_zone,9.33165,1
17,fence24,random_waypoint,5,560,520,743.457,728.432,20,18,400,300,15,549.128,-74.8477,-60,0,3,1,0,approach_zone,9.33165,1
17,fence24,random_waypoint,5,560,520,743.457,728.432,20,19,300,300,15,616.63,-75.8547,-60,0,3,1,0,approach_zone,9.33165,1
17,fence24,random_waypoint,5,560,520,743.457,728.432,20,20,300,500,15,498.859,-74.0138,-60,0,3,1,0,approach_zone,9.33165,1
17,fence24,random_waypoint,5,560,520,743.457,728.432,20,21,500,350,15,450.008,-73.1186,-60,0,3,1,0,approach_zone,9.33165,1
17,fence24,random_waypoint,5,560,520,743.457,728.432,20,22,700,500,15,232.583,-67.3858,-60,0,3,1,0,approach_zone,9.33165,1
17,fence24,random_waypoint,5,560,520,743.457,728.432,20,23,500,650,15,255.828,-68.2132,-60,0,3,1,0,approach_zone,9.33165,1
18,fence24,random_waypoint,5,560,520,737.324,720.534,20,0,250,300,15,643.706,-76.228,-60,0,3,1,0,approach_zone,8.33165,1
18,fence24,random_waypoint,5,560,520,737.324,720.534,20,1,250,350,15,612.213,-75.7923,-60,0,3,1,0,approach_zone,8.33165,1
18,fence24,random_waypoint,5,560,520,737.324,720.534,20,2,250,450,15,557.403,-74.9776,-60,0,3,1,0,approach_zone,8.33165,1
18,fence24,random_waypoint,5,560,520,737.324,720.534,20,3,250,550,15,516.324,-74.3127,-60,0,3,1,0,approach_zone,8.33165,1
18,fence24,random_waypoint,5,560,520,737.324,720.534,20,4,250,650,15,492.427,-73.9011,-60,0,3,1,0,approach_zone,8.33165,1
18,fence24,random_waypoint,5,560,520,737.324,720.534,20,5,250,700,15,487.782,-73.8187,-60,0,3,1,0,approach_zone,8.33165,1
18,fence24,random_waypoint,5,560,520,737.324,720.534,20,6,300,700,15,437.834,-72.8804,-60,0,3,1,0,approach_zone,8.33165,1
18,fence24,random_waypoint,5,560,520,737.324,720.534,20,7,400,700,15,337.985,-70.6322,-60,0,3,1,0,approach_zone,8.33165,1
18,fence24,random_waypoint,5,560,520,737.324,720.534,20,8,600,700,15,138.94,-62.9108,-60,0,3,1,0,approach_zone,8.33165,1
18,fence24,random_waypoint,5,560,520,737.324,720.534,20,9,700,700,15,42.8915,-52.7016,-60,1,3,1,0,approach_zone,8.33165,1
18,fence24,random_waypoint,5,560,520,737.324,720.534,20,10,750,700,15,24.644,-47.8885,-60,1,3,1,0,approach_zone,8.33165,1
18,fence24,random_waypoint,5,560,520,737.324,720.534,20,11,750,650,15,71.838,-57.1813,-60,1,3,1,0,approach_zone,8.33165,1
18,fence24,random_waypoint,5,560,520,737.324,720.534,20,12,750,550,15,171.077,-64.7181,-60,0,3,1,0,approach_zone,8.33165,1
18,fence24,random_waypoint,5,560,520,737.324,720.534,20,13,750,450,15,270.877,-68.7097,-60,0,3,1,0,approach_zone,8.33165,1
18,fence24,random_waypoint,5,560,520,737.324,720.534,20,14,750,350,15,370.784,-71.4367,-60,0,3,1,0,approach_zone,8.33165,1
18,fence24,random_waypoint,5,560,520,737.324,720.534,20,15,750,300,15,420.754,-72.5348,-60,0,3,1,0,approach_zone,8.33165,1
18,fence24,random_waypoint,5,560,520,737.324,720.534,20,16,700,300,15,422.216,-72.5649,-60,0,3,1,0,approach_zone,8.33165,1
18,fence24,random_waypoint,5,560,520,737.324,720.534,20,17,600,300,15,442.415,-72.9708,-60,0,3,1,0,approach_zone,8.33165,1
18,fence24,random_waypoint,5,560,520,737.324,720.534,20,18,400,300,15,539.13,-74.6881,-60,0,3,1,0,approach_zone,8.33165,1
18,fence24,random_waypoint,5,560,520,737.324,720.534,20,19,300,300,15,606.733,-75.7142,-60,0,3,1,0,approach_zone,8.33165,1
18,fence24,random_waypoint,5,560,520,737.324,720.534,20,20,300,500,15,489.808,-73.8547,-60,0,3,1,0,approach_zone,8.33165,1
18,fence24,random_waypoint,5,560,520,737.324,720.534,20,21,500,350,15,440.049,-72.9242,-60,0,3,1,0,approach_zone,8.33165,1
18,fence24,random_waypoint,5,560,520,737.324,720.534,20,22,700,500,15,223.726,-67.0485,-60,0,3,1,0,approach_zone,8.33165,1
18,fence24,random_waypoint,5,560,520,737.324,720.534,20,23,500,650,15,247.634,-67.9304,-60,0,3,1,0,approach_zone,8.33165,1
19,fence24,random_waypoint,5,560,520,731.19,712.636,20,0,250,300,15,633.906,-76.0947,-60,0,3,1,0,approach_zone,7.33165,1
19,fence24,random_waypoint,5,560,520,731.19,712.636,20,1,250,350,15,602.556,-75.6542,-60,0,3,1,0,approach_zone,7.33165,1
19,fence24,random_waypoint,5,560,520,731.19,712.636,20,2,250,450,15,548.221,-74.8333,-60,0,3,1,0,approach_zone,7.33165,1
19,fence24,random_waypoint,5,560,520,731.19,712.636,20,3,250,550,15,507.956,-74.1707,-60,0,3,1,0,approach_zone,7.33165,1
19,fence24,random_waypoint,5,560,520,731.19,712.636,20,4,250,650,15,485.275,-73.774,-60,0,3,1,0,approach_zone,7.33165,1
19,fence24,random_waypoint,5,560,520,731.19,712.636,20,5,250,700,15,481.382,-73.704,-60,0,3,1,0,approach_zone,7.33165,1
19,fence24,random_waypoint,5,560,520,731.19,712.636,20,6,300,700,15,431.404,-72.7519,-60,0,3,1,0,approach_zone,7.33165,1
19,fence24,random_waypoint,5,560,520,731.19,712.636,20,7,400,700,15,331.469,-70.4631,-60,0,3,1,0,approach_zone,7.33165,1
19,fence24,random_waypoint,5,560,520,731.19,712.636,20,8,600,700,15,131.892,-62.4586,-60,0,3,1,0,approach_zone,7.33165,1
19,fence24,random_waypoint,5,560,520,731.19,712.636,20,9,700,700,15,34.0217,-50.6893,-60,1,3,1,0,approach_zone,7.33165,1
19,fence24,random_waypoint,5,560,520,731.19,712.636,20,10,750,700,15,23.2051,-47.3659,-60,1,3,1,0,approach_zone,7.33165,1
19,fence24,random_waypoint,5,560,520,731.19,712.636,20,11,750,650,15,65.5899,-56.391,-60,1,3,1,0,approach_zone,7.33165,1
19,fence24,random_waypoint,5,560,520,731.19,712.636,20,12,750,550,15,163.796,-64.3403,-60,0,3,1,0,approach_zone,7.33165,1
19,fence24,random_waypoint,5,560,520,731.19,712.636,20,13,750,450,15,263.356,-68.4651,-60,0,3,1,0,approach_zone,7.33165,1
19,fence24,random_waypoint,5,560,520,731.19,712.636,20,14,750,350,15,363.158,-71.2561,-60,0,3,1,0,approach_zone,7.33165,1
19,fence24,random_waypoint,5,560,520,731.19,712.636,20,15,750,300,15,413.094,-72.3752,-60,0,3,1,0,approach_zone,7.33165,1
19,fence24,random_waypoint,5,560,520,731.19,712.636,20,16,700,300,15,413.843,-72.3909,-60,0,3,1,0,approach_zone,7.33165,1
19,fence24,random_waypoint,5,560,520,731.19,712.636,20,17,600,300,15,433.017,-72.7843,-60,0,3,1,0,approach_zone,7.33165,1
19,fence24,random_waypoint,5,560,520,731.19,712.636,20,18,400,300,15,529.131,-74.5255,-60,0,3,1,0,approach_zone,7.33165,1
19,fence24,random_waypoint,5,560,520,731.19,712.636,20,19,300,300,15,596.84,-75.5714,-60,0,3,1,0,approach_zone,7.33165,1
19,fence24,random_waypoint,5,560,520,731.19,712.636,20,20,300,500,15,480.795,-73.6934,-60,0,3,1,0,approach_zone,7.33165,1
19,fence24,random_waypoint,5,560,520,731.19,712.636,20,21,500,350,15,430.091,-72.7254,-60,0,3,1,0,approach_zone,7.33165,1
19,fence24,random_waypoint,5,560,520,731.19,712.636,20,22,700,500,15,214.969,-66.7017,-60,0,3,1,0,approach_zone,7.33165,1
19,fence24,random_waypoint,5,560,520,731.19,712.636,20,23,500,650,15,239.577,-67.6431,-60,0,3,1,0,approach_zone,7.33165,1
20,fence24,random_waypoint,5,560,520,725.057,704.738,20,0,250,300,15,624.112,-75.9595,-60,0,3,1,0,approach_zone,6.33165,1
20,fence24,random_waypoint,5,560,520,725.057,704.738,20,1,250,350,15,592.91,-75.514,-60,0,3,1,0,approach_zone,6.33165,1
20,fence24,random_waypoint,5,560,520,725.057,704.738,20,2,250,450,15,539.069,-74.6871,-60,0,3,1,0,approach_zone,6.33165,1
20,fence24,random_waypoint,5,560,520,725.057,704.738,20,3,250,550,15,499.647,-74.0275,-60,0,3,1,0,approach_zone,6.33165,1
20,fence24,random_waypoint,5,560,520,725.057,704.738,20,4,250,650,15,478.226,-73.6469,-60,0,3,1,0,approach_zone,6.33165,1
20,fence24,random_waypoint,5,560,520,725.057,704.738,20,5,250,700,15,475.106,-73.59,-60,0,3,1,0,approach_zone,6.33165,1
20,fence24,random_waypoint,5,560,520,725.057,704.738,20,6,300,700,15,425.112,-72.6243,-60,0,3,1,0,approach_zone,6.33165,1
20,fence24,random_waypoint,5,560,520,725.057,704.738,20,7,400,700,15,325.129,-70.2954,-60,0,3,1,0,approach_zone,6.33165,1
20,fence24,random_waypoint,5,560,520,725.057,704.738,20,8,600,700,15,125.246,-62.0095,-60,0,3,1,0,approach_zone,6.33165,1
20,fence24,random_waypoint,5,560,520,725.057,704.738,20,9,700,700,15,25.986,-48.349,-60,1,3,1,0,approach_zone,6.33165,1
20,fence24,random_waypoint,5,560,520,725.057,704.738,20,10,750,700,15,25.877,-48.3125,-60,1,3,1,0,approach_zone,6.33165,1
20,fence24,random_waypoint,5,560,520,725.057,704.738,20,11,750,650,15,60.3604,-55.6693,-60,1,3,1,0,approach_zone,6.33165,1
20,fence24,random_waypoint,5,560,520,725.057,704.738,20,12,750,550,15,156.815,-63.962,-60,0,3,1,0,approach_zone,6.33165,1
20,fence24,random_waypoint,5,560,520,725.057,704.738,20,13,750,450,15,256.005,-68.2192,-60,0,3,1,0,approach_zone,6.33165,1
20,fence24,random_waypoint,5,560,520,725.057,704.738,20,14,750,350,15,355.649,-71.0746,-60,0,3,1,0,approach_zone,6.33165,1
20,fence24,random_waypoint,5,560,520,725.057,704.738,20,15,750,300,15,405.536,-72.2148,-60,0,3,1,0,approach_zone,6.33165,1
20,fence24,random_waypoint,5,560,520,725.057,704.738,20,16,700,300,15,405.543,-72.215,-60,0,3,1,0,approach_zone,6.33165,1
20,fence24,random_waypoint,5,560,520,725.057,704.738,20,17,600,300,15,423.647,-72.5943,-60,0,3,1,0,approach_zone,6.33165,1
20,fence24,random_waypoint,5,560,520,725.057,704.738,20,18,400,300,15,519.133,-74.3598,-60,0,3,1,0,approach_zone,6.33165,1
20,fence24,random_waypoint,5,560,520,725.057,704.738,20,19,300,300,15,586.95,-75.4262,-60,0,3,1,0,approach_zone,6.33165,1
20,fence24,random_waypoint,5,560,520,725.057,704.738,20,20,300,500,15,471.821,-73.5298,-60,0,3,1,0,approach_zone,6.33165,1
20,fence24,random_waypoint,5,560,520,725.057,704.738,20,21,500,350,15,420.136,-72.522,-60,0,3,1,0,approach_zone,6.33165,1
20,fence24,random_waypoint,5,560,520,725.057,704.738,20,22,700,500,15,206.326,-66.3453,-60,0,3,1,0,approach_zone,6.33165,1
20,fence24,random_waypoint,5,560,520,725.057,704.738,20,23,500,650,15,231.671,-67.3517,-60,0,3,1,0,approach_zone,6.33165,1
21,fence24,random_waypoint,5,560,520,718.923,696.839,20,0,250,300,15,614.325,-75.8222,-60,0,3,1,0,approach_zone,5.33165,1
21,fence24,random_waypoint,5,560,520,718.923,696.839,20,1,250,350,15,583.276,-75.3717,-60,0,3,1,0,approach_zone,5.33165,1
21,fence24,random_waypoint,5,560,520,718.923,696.839,20,2,250,450,15,529.947,-74.5389,-60,0,3,1,0,approach_zone,5.33165,1
21,fence24,random_waypoint,5,560,520,718.923,696.839,20,3,250,550,15,491.402,-73.883,-60,0,3,1,0,approach_zone,5.33165,1
21,fence24,random_waypoint,5,560,520,718.923,696.839,20,4,250,650,15,471.283,-73.5199,-60,0,3,1,0,approach_zone,5.33165,1
21,fence24,random_waypoint,5,560,520,718.923,696.839,20,5,250,700,15,468.96,-73.4769,-60,0,3,1,0,approach_zone,5.33165,1
21,fence24,random_waypoint,5,560,520,718.923,696.839,20,6,300,700,15,418.965,-72.4978,-60,0,3,1,0,approach_zone,5.33165,1
21,fence24,random_waypoint,5,560,520,718.923,696.839,20,7,400,700,15,318.978,-70.1294,-60,0,3,1,0,approach_zone,5.33165,1
21,fence24,random_waypoint,5,560,520,718.923,696.839,20,8,600,700,15,119.07,-61.5703,-60,0,3,1,0,approach_zone,5.33165,1
21,fence24,random_waypoint,5,560,520,718.923,696.839,20,9,700,700,15,19.826,-45.9989,-60,1,3,1,0,approach_zone,5.33165,1
21,fence24,random_waypoint,5,560,520,718.923,696.839,20,10,750,700,15,31.6349,-50.0576,-60,1,3,1,0,approach_zone,5.33165,1
21,fence24,random_waypoint,5,560,520,718.923,696.839,20,11,750,650,15,56.4332,-55.0849,-60,1,3,1,0,approach_zone,5.33165,1
21,fence24,random_waypoint,5,560,520,718.923,696.839,20,12,750,550,15,150.175,-63.5862,-60,0,3,1,0,approach_zone,5.33165,1
21,fence24,random_waypoint,5,560,520,718.923,696.839,20,13,750,450,15,248.838,-67.9726,-60,0,3,1,0,approach_zone,5.33165,1
21,fence24,random_waypoint,5,560,520,718.923,696.839,20,14,750,350,15,348.265,-70.8924,-60,0,3,1,0,approach_zone,5.33165,1
21,fence24,random_waypoint,5,560,520,718.923,696.839,20,15,750,300,15,398.086,-72.0538,-60,0,3,1,0,approach_zone,5.33165,1
21,fence24,random_waypoint,5,560,520,718.923,696.839,20,16,700,300,15,397.322,-72.0371,-60,0,3,1,0,approach_zone,5.33165,1
21,fence24,random_waypoint,5,560,520,718.923,696.839,20,17,600,300,15,414.306,-72.4006,-60,0,3,1,0,approach_zone,5.33165,1
21,fence24,random_waypoint,5,560,520,718.923,696.839,20,18,400,300,15,509.135,-74.1909,-60,0,3,1,0,approach_zone,5.33165,1
21,fence24,random_waypoint,5,560,520,718.923,696.839,20,19,300,300,15,577.064,-75.2787,-60,0,3,1,0,approach_zone,5.33165,1
21,fence24,random_waypoint,5,560,520,718.923,696.839,20,20,300,500,15,462.89,-73.3638,-60,0,3,1,0,approach_zone,5.33165,1
21,fence24,random_waypoint,5,560,520,718.923,696.839,20,21,500,350,15,410.183,-72.3138,-60,0,3,1,0,approach_zone,5.33165,1
21,fence24,random_waypoint,5,560,520,718.923,696.839,20,22,700,500,15,197.81,-65.9792,-60,0,3,1,0,approach_zone,5.33165,1
21,fence24,random_waypoint,5,560,520,718.923,696.839,20,23,500,650,15,223.934,-67.0566,-60,0,3,1,0,approach_zone,5.33165,1
22,fence24,random_waypoint,5,560,520,713.68,688.369,20,0,250,300,15,604.859,-75.6873,-60,0,3,1,0,approach_zone,4.33165,1
22,fence24,random_waypoint,5,560,520,713.68,688.369,20,1,250,350,15,574.036,-75.233,-60,0,3,1,0,approach_zone,4.33165,1
22,fence24,random_waypoint,5,560,520,713.68,688.369,20,2,250,450,15,521.386,-74.3974,-60,0,3,1,0,approach_zone,4.33165,1
22,fence24,random_waypoint,5,560,520,713.68,688.369,20,3,250,550,15,483.911,-73.7495,-60,0,3,1,0,approach_zone,4.33165,1
22,fence24,random_waypoint,5,560,520,713.68,688.369,20,4,250,650,15,465.292,-73.4087,-60,0,3,1,0,approach_zone,4.33165,1
22,fence24,random_waypoint,5,560,520,713.68,688.369,20,5,250,700,15,463.853,-73.3818,-60,0,3,1,0,approach_zone,4.33165,1
22,fence24,random_waypoint,5,560,520,713.68,688.369,20,6,300,700,15,413.874,-72.3916,-60,0,3,1,0,approach_zone,4.33165,1
22,fence24,random_waypoint,5,560,520,713.68,688.369,20,7,400,700,15,313.936,-69.991,-60,0,3,1,0,approach_zone,4.33165,1
22,fence24,random_waypoint,5,560,520,713.68,688.369,20,8,600,700,15,114.383,-61.2215,-60,0,3,1,0,approach_zone,4.33165,1
22,fence24,random_waypoint,5,560,520,713.68,688.369,20,9,700,700,15,18.6396,-45.463,-60,1,3,1,0,approach_zone,4.33165,1
22,fence24,random_waypoint,5,560,520,713.68,688.369,20,10,750,700,15,38.4632,-51.7551,-60,1,3,1,0,approach_zone,4.33165,1
22,fence24,random_waypoint,5,560,520,713.68,688.369,20,11,750,650,15,53.0686,-54.551,-60,1,3,1,0,approach_zone,4.33165,1
22,fence24,random_waypoint,5,560,520,713.68,688.369,20,12,750,550,15,143.143,-63.1696,-60,0,3,1,0,approach_zone,4.33165,1
22,fence24,random_waypoint,5,560,520,713.68,688.369,20,13,750,450,15,241.172,-67.7007,-60,0,3,1,0,approach_zone,4.33165,1
22,fence24,random_waypoint,5,560,520,713.68,688.369,20,14,750,350,15,340.349,-70.6927,-60,0,3,1,0,approach_zone,4.33165,1
22,fence24,random_waypoint,5,560,520,713.68,688.369,20,15,750,300,15,390.095,-71.8776,-60,0,3,1,0,approach_zone,4.33165,1
22,fence24,random_waypoint,5,560,520,713.68,688.369,20,16,700,300,15,388.642,-71.8452,-60,0,3,1,0,approach_zone,4.33165,1
22,fence24,random_waypoint,5,560,520,713.68,688.369,20,17,600,300,15,404.695,-72.1968,-60,0,3,1,0,approach_zone,4.33165,1
22,fence24,random_waypoint,5,560,520,713.68,688.369,20,18,400,300,15,499.25,-74.0206,-60,0,3,1,0,approach_zone,4.33165,1
22,fence24,random_waypoint,5,560,520,713.68,688.369,20,19,300,300,15,567.438,-75.1326,-60,0,3,1,0,approach_zone,4.33165,1
22,fence24,random_waypoint,5,560,520,713.68,688.369,20,20,300,500,15,454.576,-73.2063,-60,0,3,1,0,approach_zone,4.33165,1
22,fence24,random_waypoint,5,560,520,713.68,688.369,20,21,500,350,15,400.222,-72.1002,-60,0,3,1,0,approach_zone,4.33165,1
22,fence24,random_waypoint,5,560,520,713.68,688.369,20,22,700,500,15,188.931,-65.5803,-60,0,3,1,0,approach_zone,4.33165,1
22,fence24,random_waypoint,5,560,520,713.68,688.369,20,23,500,650,15,217.155,-66.7896,-60,0,3,1,0,approach_zone,4.33165,1
23,fence24,random_waypoint,5,560,520,709.039,679.511,20,0,250,300,15,595.626,-75.5537,-60,0,3,1,0,approach_zone,3.33165,1
23,fence24,random_waypoint,5,560,520,709.039,679.511,20,1,250,350,15,565.083,-75.0965,-60,0,3,1,0,approach_zone,3.33165,1
23,fence24,random_waypoint,5,560,520,709.039,679.511,20,2,250,450,15,513.242,-74.2607,-60,0,3,1,0,approach_zone,3.33165,1
23,fence24,random_waypoint,5,560,520,709.039,679.511,20,3,250,550,15,476.985,-73.6243,-60,0,3,1,0,approach_zone,3.33165,1
23,fence24,random_waypoint,5,560,520,709.039,679.511,20,4,250,650,15,460.014,-73.3096,-60,0,3,1,0,approach_zone,3.33165,1
23,fence24,random_waypoint,5,560,520,709.039,679.511,20,5,250,700,15,459.523,-73.3004,-60,0,3,1,0,approach_zone,3.33165,1
23,fence24,random_waypoint,5,560,520,709.039,679.511,20,6,300,700,15,409.582,-72.301,-60,0,3,1,0,approach_zone,3.33165,1
23,fence24,random_waypoint,5,560,520,709.039,679.511,20,7,400,700,15,309.758,-69.8747,-60,0,3,1,0,approach_zone,3.33165,1
23,fence24,random_waypoint,5,560,520,709.039,679.511,20,8,600,700,15,111.06,-60.9654,-60,0,3,1,0,approach_zone,3.33165,1
23,fence24,random_waypoint,5,560,520,709.039,679.511,20,9,700,700,15,22.9457,-47.2683,-60,1,3,1,0,approach_zone,3.33165,1
23,fence24,random_waypoint,5,560,520,709.039,679.511,20,10,750,700,15,46.0718,-53.3229,-60,1,3,1,0,approach_zone,3.33165,1
23,fence24,random_waypoint,5,560,520,709.039,679.511,20,11,750,650,15,50.7316,-54.1598,-60,1,3,1,0,approach_zone,3.33165,1
23,fence24,random_waypoint,5,560,520,709.039,679.511,20,12,750,550,15,135.926,-62.7203,-60,0,3,1,0,approach_zone,3.33165,1
23,fence24,random_waypoint,5,560,520,709.039,679.511,20,13,750,450,15,233.191,-67.4085,-60,0,3,1,0,approach_zone,3.33165,1
23,fence24,random_waypoint,5,560,520,709.039,679.511,20,14,750,350,15,332.085,-70.4792,-60,0,3,1,0,approach_zone,3.33165,1
23,fence24,random_waypoint,5,560,520,709.039,679.511,20,15,750,300,15,381.748,-71.6898,-60,0,3,1,0,approach_zone,3.33165,1
23,fence24,random_waypoint,5,560,520,709.039,679.511,20,16,700,300,15,379.651,-71.6419,-60,0,3,1,0,approach_zone,3.33165,1
23,fence24,random_waypoint,5,560,520,709.039,679.511,20,17,600,300,15,394.896,-71.9839,-60,0,3,1,0,approach_zone,3.33165,1
23,fence24,random_waypoint,5,560,520,709.039,679.511,20,18,400,300,15,489.447,-73.8483,-60,0,3,1,0,approach_zone,3.33165,1
23,fence24,random_waypoint,5,560,520,709.039,679.511,20,19,300,300,15,558.002,-74.9869,-60,0,3,1,0,approach_zone,3.33165,1
23,fence24,random_waypoint,5,560,520,709.039,679.511,20,20,300,500,15,446.724,-73.055,-60,0,3,1,0,approach_zone,3.33165,1
23,fence24,random_waypoint,5,560,520,709.039,679.511,20,21,500,350,15,390.256,-71.8812,-60,0,3,1,0,approach_zone,3.33165,1
23,fence24,random_waypoint,5,560,520,709.039,679.511,20,22,700,500,15,179.808,-65.1504,-60,0,3,1,0,approach_zone,3.33165,1
23,fence24,random_waypoint,5,560,520,709.039,679.511,20,23,500,650,15,211.171,-66.5469,-60,0,3,1,0,approach_zone,3.33165,1
24,fence24,random_waypoint,5,560,520,704.398,670.653,20,0,250,300,15,586.418,-75.4184,-60,0,3,1,0,approach_zone,2.33165,1
24,fence24,random_waypoint,5,560,520,704.398,670.653,20,1,250,350,15,556.166,-74.9583,-60,0,3,1,0,approach_zone,2.33165,1
24,fence24,random_waypoint,5,560,520,704.398,670.653,20,2,250,450,15,505.163,-74.1229,-60,0,3,1,0,approach_zone,2.33165,1
24,fence24,random_waypoint,5,560,520,704.398,670.653,20,3,250,550,15,470.17,-73.4993,-60,0,3,1,0,approach_zone,2.33165,1
24,fence24,random_waypoint,5,560,520,704.398,670.653,20,4,250,650,15,454.894,-73.2124,-60,0,3,1,0,approach_zone,2.33165,1
24,fence24,random_waypoint,5,560,520,704.398,670.653,20,5,250,700,15,455.372,-73.2215,-60,0,3,1,0,approach_zone,2.33165,1
24,fence24,random_waypoint,5,560,520,704.398,670.653,20,6,300,700,15,405.492,-72.2139,-60,0,3,1,0,approach_zone,2.33165,1
24,fence24,random_waypoint,5,560,520,704.398,670.653,20,7,400,700,15,305.85,-69.7644,-60,0,3,1,0,approach_zone,2.33165,1
24,fence24,random_waypoint,5,560,520,704.398,670.653,20,8,600,700,15,108.559,-60.7676,-60,0,3,1,0,approach_zone,2.33165,1
24,fence24,random_waypoint,5,560,520,704.398,670.653,20,9,700,700,15,30.0928,-49.6235,-60,1,3,1,0,approach_zone,2.33165,1
24,fence24,random_waypoint,5,560,520,704.398,670.653,20,10,750,700,15,54.4592,-54.7757,-60,1,3,1,0,approach_zone,2.33165,1
24,fence24,random_waypoint,5,560,520,704.398,670.653,20,11,750,650,15,50.3102,-54.0874,-60,1,3,1,0,approach_zone,2.33165,1
24,fence24,random_waypoint,5,560,520,704.398,670.653,20,12,750,550,15,129.08,-62.2714,-60,0,3,1,0,approach_zone,2.33165,1
24,fence24,random_waypoint,5,560,520,704.398,670.653,20,13,750,450,15,225.372,-67.1122,-60,0,3,1,0,approach_zone,2.33165,1
24,fence24,random_waypoint,5,560,520,704.398,670.653,20,14,750,350,15,323.918,-70.2629,-60,0,3,1,0,approach_zone,2.33165,1
24,fence24,random_waypoint,5,560,520,704.398,670.653,20,15,750,300,15,373.481,-71.4996,-60,0,3,1,0,approach_zone,2.33165,1
24,fence24,random_waypoint,5,560,520,704.398,670.653,20,16,700,300,15,370.713,-71.435,-60,0,3,1,0,approach_zone,2.33165,1
24,fence24,random_waypoint,5,560,520,704.398,670.653,20,17,600,300,15,385.107,-71.7659,-60,0,3,1,0,approach_zone,2.33165,1
24,fence24,random_waypoint,5,560,520,704.398,670.653,20,18,400,300,15,479.653,-73.6728,-60,0,3,1,0,approach_zone,2.33165,1
24,fence24,random_waypoint,5,560,520,704.398,670.653,20,19,300,300,15,548.586,-74.8391,-60,0,3,1,0,approach_zone,2.33165,1
24,fence24,random_waypoint,5,560,520,704.398,670.653,20,20,300,500,15,438.959,-72.9027,-60,0,3,1,0,approach_zone,2.33165,1
24,fence24,random_waypoint,5,560,520,704.398,670.653,20,21,500,350,15,380.292,-71.6566,-60,0,3,1,0,approach_zone,2.33165,1
24,fence24,random_waypoint,5,560,520,704.398,670.653,20,22,700,500,15,170.783,-64.7031,-60,0,3,1,0,approach_zone,2.33165,1
24,fence24,random_waypoint,5,560,520,704.398,670.653,20,23,500,650,15,205.499,-66.3104,-60,0,3,1,0,approach_zone,2.33165,1
25,fence24,random_waypoint,5,560,520,699.757,661.795,20,0,250,300,15,577.236,-75.2813,-60,0,3,1,0,approach_zone,1.33165,1
25,fence24,random_waypoint,5,560,520,699.757,661.795,20,1,250,350,15,547.286,-74.8185,-60,0,3,1,0,approach_zone,1.33165,1
25,fence24,random_waypoint,5,560,520,699.757,661.795,20,2,250,450,15,497.155,-73.9841,-60,0,3,1,0,approach_zone,1.33165,1
25,fence24,random_waypoint,5,560,520,699.757,661.795,20,3,250,550,15,463.47,-73.3747,-60,0,3,1,0,approach_zone,1.33165,1
25,fence24,random_waypoint,5,560,520,699.757,661.795,20,4,250,650,15,449.939,-73.1173,-60,0,3,1,0,approach_zone,1.33165,1
25,fence24,random_waypoint,5,560,520,699.757,661.795,20,5,250,700,15,451.404,-73.1455,-60,0,3,1,0,approach_zone,1.33165,1
25,fence24,random_waypoint,5,560,520,699.757,661.795,20,6,300,700,15,401.609,-72.1303,-60,0,3,1,0,approach_zone,1.33165,1
25,fence24,random_waypoint,5,560,520,699.757,661.795,20,7,400,700,15,302.223,-69.6608,-60,0,3,1,0,approach_zone,1.33165,1
25,fence24,random_waypoint,5,560,520,699.757,661.795,20,8,600,700,15,106.939,-60.6369,-60,0,3,1,0,approach_zone,1.33165,1
25,fence24,random_waypoint,5,560,520,699.757,661.795,20,9,700,700,15,38.5311,-51.7705,-60,1,3,1,0,approach_zone,1.33165,1
25,fence24,random_waypoint,5,560,520,699.757,661.795,20,10,750,700,15,63.3166,-56.0846,-60,1,3,1,0,approach_zone,1.33165,1
25,fence24,random_waypoint,5,560,520,699.757,661.795,20,11,750,650,15,51.8511,-54.3494,-60,1,3,1,0,approach_zone,1.33165,1
25,fence24,random_waypoint,5,560,520,699.757,661.795,20,12,750,550,15,122.669,-61.8289,-60,0,3,1,0,approach_zone,1.33165,1
25,fence24,random_waypoint,5,560,520,699.757,661.795,20,13,750,450,15,217.731,-66.8126,-60,0,3,1,0,approach_zone,1.33165,1
25,fence24,random_waypoint,5,560,520,699.757,661.795,20,14,750,350,15,315.857,-70.044,-60,0,3,1,0,approach_zone,1.33165,1
25,fence24,random_waypoint,5,560,520,699.757,661.795,20,15,750,300,15,365.302,-71.3073,-60,0,3,1,0,approach_zone,1.33165,1
25,fence24,random_waypoint,5,560,520,699.757,661.795,20,16,700,300,15,361.83,-71.2243,-60,0,3,1,0,approach_zone,1.33165,1
25,fence24,random_waypoint,5,560,520,699.757,661.795,20,17,600,300,15,375.33,-71.5425,-60,0,3,1,0,approach_zone,1.33165,1
25,fence24,random_waypoint,5,560,520,699.757,661.795,20,18,400,300,15,469.867,-73.4937,-60,0,3,1,0,approach_zone,1.33165,1
25,fence24,random_waypoint,5,560,520,699.757,661.795,20,19,300,300,15,539.19,-74.6891,-60,0,3,1,0,approach_zone,1.33165,1
25,fence24,random_waypoint,5,560,520,699.757,661.795,20,20,300,500,15,431.286,-72.7495,-60,0,3,1,0,approach_zone,1.33165,1
25,fence24,random_waypoint,5,560,520,699.757,661.795,20,21,500,350,15,370.33,-71.426,-60,0,3,1,0,approach_zone,1.33165,1
25,fence24,random_waypoint,5,560,520,699.757,661.795,20,22,700,500,15,161.873,-64.2377,-60,0,3,1,0,approach_zone,1.33165,1
25,fence24,random_waypoint,5,560,520,699.757,661.795,20,23,500,650,15,200.167,-66.0821,-60,0,3,1,0,approach_zone,1.33165,1
26,fence24,random_waypoint,5,560,520,695.115,652.938,20,0,250,300,15,568.082,-75.1425,-60,0,3,1,0,perimeter_crossing,0.331655,1
26,fence24,random_waypoint,5,560,520,695.115,652.938,20,1,250,350,15,538.446,-74.6771,-60,0,3,1,0,perimeter_crossing,0.331655,1
26,fence24,random_waypoint,5,560,520,695.115,652.938,20,2,250,450,15,489.22,-73.8443,-60,0,3,1,0,perimeter_crossing,0.331655,1
26,fence24,random_waypoint,5,560,520,695.115,652.938,20,3,250,550,15,456.89,-73.2505,-60,0,3,1,0,perimeter_crossing,0.331655,1
26,fence24,random_waypoint,5,560,520,695.115,652.938,20,4,250,650,15,445.153,-73.0244,-60,0,3,1,0,perimeter_crossing,0.331655,1
26,fence24,random_waypoint,5,560,520,695.115,652.938,20,5,250,700,15,447.624,-73.0725,-60,0,3,1,0,perimeter_crossing,0.331655,1
26,fence24,random_waypoint,5,560,520,695.115,652.938,20,6,300,700,15,397.94,-72.0506,-60,0,3,1,0,perimeter_crossing,0.331655,1
26,fence24,random_waypoint,5,560,520,695.115,652.938,20,7,400,700,15,298.886,-69.5643,-60,0,3,1,0,perimeter_crossing,0.331655,1
26,fence24,random_waypoint,5,560,520,695.115,652.938,20,8,600,700,15,106.239,-60.5799,-60,0,3,1,0,perimeter_crossing,0.331655,1
26,fence24,random_waypoint,5,560,520,695.115,652.938,20,9,700,700,15,47.5786,-53.6025,-60,1,3,1,0,perimeter_crossing,0.331655,1
26,fence24,random_waypoint,5,560,520,695.115,652.938,20,10,750,700,15,72.472,-57.2576,-60,1,3,1,0,perimeter_crossing,0.331655,1
26,fence24,random_waypoint,5,560,520,695.115,652.938,20,11,750,650,15,55.1902,-54.8915,-60,1,3,1,0,perimeter_crossing,0.331655,1
26,fence24,random_waypoint,5,560,520,695.115,652.938,20,12,750,550,15,116.763,-61.4003,-60,0,3,1,0,perimeter_crossing,0.331655,1
26,fence24,random_waypoint,5,560,520,695.115,652.938,20,13,750,450,15,210.288,-66.5105,-60,0,3,1,0,perimeter_crossing,0.331655,1
26,fence24,random_waypoint,5,560,520,695.115,652.938,20,14,750,350,15,307.91,-69.8227,-60,0,3,1,0,perimeter_crossing,0.331655,1
26,fence24,random_waypoint,5,560,520,695.115,652.938,20,15,750,300,15,357.215,-71.1128,-60,0,3,1,0,perimeter_crossing,0.331655,1
26,fence24,random_waypoint,5,560,520,695.115,652.938,20,16,700,300,15,353.007,-71.0099,-60,0,3,1,0,perimeter_crossing,0.331655,1
26,fence24,random_waypoint,5,560,520,695.115,652.938,20,17,600,300,15,365.564,-71.3135,-60,0,3,1,0,perimeter_crossing,0.331655,1
26,fence24,random_waypoint,5,560,520,695.115,652.938,20,18,400,300,15,460.09,-73.3111,-60,0,3,1,0,perimeter_crossing,0.331655,1
26,fence24,random_waypoint,5,560,520,695.115,652.938,20,19,300,300,15,529.817,-74.5367,-60,0,3,1,0,perimeter_crossing,0.331655,1
26,fence24,random_waypoint,5,560,520,695.115,652.938,20,20,300,500,15,423.711,-72.5956,-60,0,3,1,0,perimeter_crossing,0.331655,1
26,fence24,random_waypoint,5,560,520,695.115,652.938,20,21,500,350,15,360.37,-71.1892,-60,0,3,1,0,perimeter_crossing,0.331655,1
26,fence24,random_waypoint,5,560,520,695.115,652.938,20,22,700,500,15,153.097,-63.7536,-60,0,3,1,0,perimeter_crossing,0.331655,1
26,fence24,random_waypoint,5,560,520,695.115,652.938,20,23,500,650,15,195.201,-65.8639,-60,0,3,1,0,perimeter_crossing,0.331655,1
27,fence24,random_waypoint,5,560,520,690.474,644.08,20,0,250,300,15,558.957,-75.0018,-60,0,3,1,1,internal_airspace,0,1
27,fence24,random_waypoint,5,560,520,690.474,644.08,20,1,250,350,15,529.647,-74.5339,-60,0,3,1,1,internal_airspace,0,1
27,fence24,random_waypoint,5,560,520,690.474,644.08,20,2,250,450,15,481.362,-73.7037,-60,0,3,1,1,internal_airspace,0,1
27,fence24,random_waypoint,5,560,520,690.474,644.08,20,3,250,550,15,450.437,-73.1269,-60,0,3,1,1,internal_airspace,0,1
27,fence24,random_waypoint,5,560,520,690.474,644.08,20,4,250,650,15,440.542,-72.934,-60,0,3,1,1,internal_airspace,0,1
27,fence24,random_waypoint,5,560,520,690.474,644.08,20,5,250,700,15,444.038,-73.0026,-60,0,3,1,1,internal_airspace,0,1
27,fence24,random_waypoint,5,560,520,690.474,644.08,20,6,300,700,15,394.49,-71.9749,-60,0,3,1,1,internal_airspace,0,1
27,fence24,random_waypoint,5,560,520,690.474,644.08,20,7,400,700,15,295.85,-69.4757,-60,0,3,1,1,internal_airspace,0,1
27,fence24,random_waypoint,5,560,520,690.474,644.08,20,8,600,700,15,106.478,-60.5994,-60,0,3,1,1,internal_airspace,0,1
27,fence24,random_waypoint,5,560,520,690.474,644.08,20,9,700,700,15,56.9455,-55.1634,-60,1,3,1,1,internal_airspace,0,1
27,fence24,random_waypoint,5,560,520,690.474,644.08,20,10,750,700,15,81.8253,-58.312,-60,1,3,1,1,internal_airspace,0,1
27,fence24,random_waypoint,5,560,520,690.474,644.08,20,11,750,650,15,60.0281,-55.6213,-60,1,3,1,1,internal_airspace,0,1
27,fence24,random_waypoint,5,560,520,690.474,644.08,20,12,750,550,15,111.442,-60.9952,-60,0,3,1,1,internal_airspace,0,1
27,fence24,random_waypoint,5,560,520,690.474,644.08,20,13,750,450,15,203.065,-66.2069,-60,0,3,1,1,internal_airspace,0,1
27,fence24,random_waypoint,5,560,520,690.474,644.08,20,14,750,350,15,300.086,-69.5991,-60,0,3,1,1,internal_airspace,0,1
27,fence24,random_waypoint,5,560,520,690.474,644.08,20,15,750,300,15,349.227,-70.9164,-60,0,3,1,1,internal_airspace,0,1
27,fence24,random_waypoint,5,560,520,690.474,644.08,20,16,700,300,15,344.248,-70.7917,-60,0,3,1,1,internal_airspace,0,1
27,fence24,random_waypoint,5,560,520,690.474,644.08,20,17,600,300,15,355.811,-71.0786,-60,0,3,1,1,internal_airspace,0,1
27,fence24,random_waypoint,5,560,520,690.474,644.08,20,18,400,300,15,450.323,-73.1247,-60,0,3,1,1,internal_airspace,0,1
27,fence24,random_waypoint,5,560,520,690.474,644.08,20,19,300,300,15,520.467,-74.3821,-60,0,3,1,1,internal_airspace,0,1
27,fence24,random_waypoint,5,560,520,690.474,644.08,20,20,300,500,15,416.238,-72.4411,-60,0,3,1,1,internal_airspace,0,1
27,fence24,random_waypoint,5,560,520,690.474,644.08,20,21,500,350,15,350.412,-70.9458,-60,0,3,1,1,internal_airspace,0,1
27,fence24,random_waypoint,5,560,520,690.474,644.08,20,22,700,500,15,144.481,-63.2504,-60,0,3,1,1,internal_airspace,0,1
27,fence24,random_waypoint,5,560,520,690.474,644.08,20,23,500,650,15,190.632,-65.6581,-60,0,3,1,1,internal_airspace,0,1
28,fence24,random_waypoint,5,560,520,685.833,635.222,20,0,250,300,15,549.863,-74.8593,-60,0,3,1,1,internal_airspace,0,1
28,fence24,random_waypoint,5,560,520,685.833,635.222,20,1,250,350,15,520.891,-74.3892,-60,0,3,1,1,internal_airspace,0,1
28,fence24,random_waypoint,5,560,520,685.833,635.222,20,2,250,450,15,473.585,-73.5622,-60,0,3,1,1,internal_airspace,0,1
28,fence24,random_waypoint,5,560,520,685.833,635.222,20,3,250,550,15,444.115,-73.0041,-60,0,3,1,1,internal_airspace,0,1
28,fence24,random_waypoint,5,560,520,685.833,635.222,20,4,250,650,15,436.112,-72.8462,-60,0,3,1,1,internal_airspace,0,1
28,fence24,random_waypoint,5,560,520,685.833,635.222,20,5,250,700,15,440.649,-72.9361,-60,0,3,1,1,internal_airspace,0,1
28,fence24,random_waypoint,5,560,520,685.833,635.222,20,6,300,700,15,391.265,-71.9036,-60,0,3,1,1,internal_airspace,0,1
28,fence24,random_waypoint,5,560,520,685.833,635.222,20,7,400,700,15,293.124,-69.3952,-60,0,3,1,1,internal_airspace,0,1
28,fence24,random_waypoint,5,560,520,685.833,635.222,20,8,600,700,15,107.65,-60.6945,-60,0,3,1,1,internal_airspace,0,1
28,fence24,random_waypoint,5,560,520,685.833,635.222,20,9,700,700,15,66.4971,-56.5103,-60,1,3,1,1,internal_airspace,0,1
28,fence24,random_waypoint,5,560,520,685.833,635.222,20,10,750,700,15,91.3158,-59.2651,-60,1,3,1,1,internal_airspace,0,1
28,fence24,random_waypoint,5,560,520,685.833,635.222,20,11,750,650,15,66.0363,-56.4499,-60,1,3,1,1,internal_airspace,0,1
28,fence24,random_waypoint,5,560,520,685.833,635.222,20,12,750,550,15,106.795,-60.6253,-60,0,3,1,1,internal_airspace,0,1
28,fence24,random_waypoint,5,560,520,685.833,635.222,20,13,750,450,15,196.086,-65.9032,-60,0,3,1,1,internal_airspace,0,1
28,fence24,random_waypoint,5,560,520,685.833,635.222,20,14,750,350,15,292.394,-69.3736,-60,0,3,1,1,internal_airspace,0,1
28,fence24,random_waypoint,5,560,520,685.833,635.222,20,15,750,300,15,341.345,-70.7181,-60,0,3,1,1,internal_airspace,0,1
28,fence24,random_waypoint,5,560,520,685.833,635.222,20,16,700,300,15,335.559,-70.5696,-60,0,3,1,1,internal_airspace,0,1
28,fence24,random_waypoint,5,560,520,685.833,635.222,20,17,600,300,15,346.073,-70.8376,-60,0,3,1,1,internal_airspace,0,1
28,fence24,random_waypoint,5,560,520,685.833,635.222,20,18,400,300,15,440.567,-72.9345,-60,0,3,1,1,internal_airspace,0,1
28,fence24,random_waypoint,5,560,520,685.833,635.222,20,19,300,300,15,511.142,-74.2251,-60,0,3,1,1,internal_airspace,0,1
28,fence24,random_waypoint,5,560,520,685.833,635.222,20,20,300,500,15,408.873,-72.286,-60,0,3,1,1,internal_airspace,0,1
28,fence24,random_waypoint,5,560,520,685.833,635.222,20,21,500,350,15,340.456,-70.6955,-60,0,3,1,1,internal_airspace,0,1
28,fence24,random_waypoint,5,560,520,685.833,635.222,20,22,700,500,15,136.054,-62.7285,-60,0,3,1,1,internal_airspace,0,1
28,fence24,random_waypoint,5,560,520,685.833,635.222,20,23,500,650,15,186.487,-65.4672,-60,0,3,1,1,internal_airspace,0,1
29,fence24,random_waypoint,5,560,520,681.192,626.365,20,0,250,300,15,540.8,-74.715,-60,0,2,1,1,internal_airspace,0,1
29,fence24,random_waypoint,5,560,520,681.192,626.365,20,1,250,350,15,512.18,-74.2427,-60,0,2,1,1,internal_airspace,0,1
29,fence24,random_waypoint,5,560,520,681.192,626.365,20,2,250,450,15,465.892,-73.4199,-60,0,2,1,1,internal_airspace,0,1
29,fence24,random_waypoint,5,560,520,681.192,626.365,20,3,250,550,15,437.93,-72.8823,-60,0,2,1,1,internal_airspace,0,1
29,fence24,random_waypoint,5,560,520,681.192,626.365,20,4,250,650,15,431.868,-72.7612,-60,0,2,1,1,internal_airspace,0,1
29,fence24,random_waypoint,5,560,520,681.192,626.365,20,5,250,700,15,437.463,-72.873,-60,0,2,1,1,internal_airspace,0,1
29,fence24,random_waypoint,5,560,520,681.192,626.365,20,6,300,700,15,388.271,-71.8369,-60,0,2,1,1,internal_airspace,0,1
29,fence24,random_waypoint,5,560,520,681.192,626.365,20,7,400,700,15,290.716,-69.3236,-60,0,2,1,1,internal_airspace,0,1
29,fence24,random_waypoint,5,560,520,681.192,626.365,20,8,600,700,15,109.724,-60.8602,-60,0,2,1,1,internal_airspace,0,1
29,fence24,random_waypoint,5,560,520,681.192,626.365,20,9,700,700,15,76.1639,-57.6892,-60,1,2,1,1,internal_airspace,0,1
29,fence24,random_waypoint,5,560,520,681.192,626.365,20,10,750,700,15,100.905,-60.1325,-60,0,2,1,1,internal_airspace,0,1
29,fence24,random_waypoint,5,560,520,681.192,626.365,20,11,750,650,15,72.9261,-57.3119,-60,1,2,1,1,internal_airspace,0,1
29,fence24,random_waypoint,5,560,520,681.192,626.365,20,12,750,550,15,102.913,-60.3036,-60,0,2,1,1,internal_airspace,0,1
29,fence24,random_waypoint,5,560,520,681.192,626.365,20,13,750,450,15,189.378,-65.6008,-60,0,2,1,1,internal_airspace,0,1
29,fence24,random_waypoint,5,560,520,681.192,626.365,20,14,750,350,15,284.845,-69.1464,-60,0,2,1,1,internal_airspace,0,1
29,fence24,random_waypoint,5,560,520,681.192,626.365,20,15,750,300,15,333.577,-70.5181,-60,0,2,1,1,internal_airspace,0,1
29,fence24,random_waypoint,5,560,520,681.192,626.365,20,16,700,300,15,326.944,-70.3437,-60,0,2,1,1,internal_airspace,0,1
29,fence24,random_waypoint,5,560,520,681.192,626.365,20,17,600,300,15,336.349,-70.59,-60,0,2,1,1,internal_airspace,0,1
29,fence24,random_waypoint,5,560,520,681.192,626.365,20,18,400,300,15,430.822,-72.7402,-60,0,2,1,1,internal_airspace,0,1
29,fence24,random_waypoint,5,560,520,681.192,626.365,20,19,300,300,15,501.843,-74.0656,-60,0,2,1,1,internal_airspace,0,1
29,fence24,random_waypoint,5,560,520,681.192,626.365,20,20,300,500,15,401.622,-72.1306,-60,0,2,1,1,internal_airspace,0,1
29,fence24,random_waypoint,5,560,520,681.192,626.365,20,21,500,350,15,330.504,-70.4378,-60,0,2,1,1,internal_airspace,0,1
29,fence24,random_waypoint,5,560,520,681.192,626.365,20,22,700,500,15,127.854,-62.1885,-60,0,2,1,1,internal_airspace,0,1
29,fence24,random_waypoint,5,560,520,681.192,626.365,20,23,500,650,15,182.795,-65.2935,-60,0,2,1,1,internal_airspace,0,1
30,fence24,random_waypoint,5,560,520,676.55,617.507,20,0,250,300,15,531.771,-74.5687,-60,0,2,1,1,internal_airspace,0,1
30,fence24,random_waypoint,5,560,520,676.55,617.507,20,1,250,350,15,503.518,-74.0945,-60,0,2,1,1,internal_airspace,0,1
30,fence24,random_waypoint,5,560,520,676.55,617.507,20,2,250,450,15,458.289,-73.277,-60,0,2,1,1,internal_airspace,0,1
30,fence24,random_waypoint,5,560,520,676.55,617.507,20,3,250,550,15,431.888,-72.7617,-60,0,2,1,1,internal_airspace,0,1
30,fence24,random_waypoint,5,560,520,676.55,617.507,20,4,250,650,15,427.816,-72.6794,-60,0,2,1,1,internal_airspace,0,1
30,fence24,random_waypoint,5,560,520,676.55,617.507,20,5,250,700,15,434.483,-72.8137,-60,0,2,1,1,internal_airspace,0,1
30,fence24,random_waypoint,5,560,520,676.55,617.507,20,6,300,700,15,385.513,-71.775,-60,0,2,1,1,internal_airspace,0,1
30,fence24,random_waypoint,5,560,520,676.55,617.507,20,7,400,700,15,288.635,-69.2612,-60,0,2,1,1,internal_airspace,0,1
30,fence24,random_waypoint,5,560,520,676.55,617.507,20,8,600,700,15,112.65,-61.0889,-60,0,2,1,1,internal_airspace,0,1
30,fence24,random_waypoint,5,560,520,676.55,617.507,20,9,700,700,15,85.9069,-58.7348,-60,1,2,1,1,internal_airspace,0,1
30,fence24,random_waypoint,5,560,520,676.55,617.507,20,10,750,700,15,110.567,-60.9267,-60,0,2,1,1,internal_airspace,0,1
30,fence24,random_waypoint,5,560,520,676.55,617.507,20,11,750,650,15,80.4713,-58.1671,-60,1,2,1,1,internal_airspace,0,1
30,fence24,random_waypoint,5,560,520,676.55,617.507,20,12,750,550,15,99.885,-60.0442,-60,0,2,1,1,internal_airspace,0,1
30,fence24,random_waypoint,5,560,520,676.55,617.507,20,13,750,450,15,182.971,-65.3019,-60,0,2,1,1,internal_airspace,0,1
30,fence24,random_waypoint,5,560,520,676.55,617.507,20,14,750,350,15,277.452,-68.918,-60,0,2,1,1,internal_airspace,0,1
30,fence24,random_waypoint,5,560,520,676.55,617.507,20,15,750,300,15,325.93,-70.3167,-60,0,2,1,1,internal_airspace,0,1
30,fence24,random_waypoint,5,560,520,676.55,617.507,20,16,700,300,15,318.411,-70.114,-60,0,2,1,1,internal_airspace,0,1
30,fence24,random_waypoint,5,560,520,676.55,617.507,20,17,600,300,15,326.643,-70.3357,-60,0,2,1,1,internal_airspace,0,1
30,fence24,random_waypoint,5,560,520,676.55,617.507,20,18,400,300,15,421.089,-72.5417,-60,0,2,1,1,internal_airspace,0,1
30,fence24,random_waypoint,5,560,520,676.55,617.507,20,19,300,300,15,492.571,-73.9036,-60,0,2,1,1,internal_airspace,0,1
30,fence24,random_waypoint,5,560,520,676.55,617.507,20,20,300,500,15,394.491,-71.975,-60,0,2,1,1,internal_airspace,0,1
30,fence24,random_waypoint,5,560,520,676.55,617.507,20,21,500,350,15,320.554,-70.1723,-60,0,2,1,1,internal_airspace,0,1
30,fence24,random_waypoint,5,560,520,676.55,617.507,20,22,700,500,15,119.928,-61.6326,-60,0,2,1,1,internal_airspace,0,1
30,fence24,random_waypoint,5,560,520,676.55,617.507,20,23,500,650,15,179.585,-65.1396,-60,0,2,1,1,internal_airspace,0,1
31,fence24,random_waypoint,5,560,520,671.909,608.649,20,0,250,300,15,522.778,-74.4206,-60,0,3,1,1,internal_airspace,0,1
31,fence24,random_waypoint,5,560,520,671.909,608.649,20,1,250,350,15,494.906,-73.9447,-60,0,3,1,1,internal_airspace,0,1
31,fence24,random_waypoint,5,560,520,671.909,608.649,20,2,250,450,15,450.779,-73.1335,-60,0,3,1,1,internal_airspace,0,1
31,fence24,random_waypoint,5,560,520,671.909,608.649,20,3,250,550,15,425.995,-72.6423,-60,0,3,1,1,internal_airspace,0,1
31,fence24,random_waypoint,5,560,520,671.909,608.649,20,4,250,650,15,423.96,-72.6007,-60,0,3,1,1,internal_airspace,0,1
31,fence24,random_waypoint,5,560,520,671.909,608.649,20,5,250,700,15,431.715,-72.7582,-60,0,3,1,1,internal_airspace,0,1
31,fence24,random_waypoint,5,560,520,671.909,608.649,20,6,300,700,15,382.997,-71.7181,-60,0,3,1,1,internal_airspace,0,1
31,fence24,random_waypoint,5,560,520,671.909,608.649,20,7,400,700,15,286.888,-69.2085,-60,0,3,1,1,internal_airspace,0,1
31,fence24,random_waypoint,5,560,520,671.909,608.649,20,8,600,700,15,116.365,-61.3707,-60,0,3,1,1,internal_airspace,0,1
31,fence24,random_waypoint,5,560,520,671.909,608.649,20,9,700,700,15,95.703,-59.6727,-60,1,3,1,1,internal_airspace,0,1
31,fence24,random_waypoint,5,560,520,671.909,608.649,20,10,750,700,15,120.284,-61.6584,-60,0,3,1,1,internal_airspace,0,1
31,fence24,random_waypoint,5,560,520,671.909,608.649,20,11,750,650,15,88.5046,-58.9935,-60,1,3,1,1,internal_airspace,0,1
31,fence24,random_waypoint,5,560,520,671.909,608.649,20,12,750,550,15,97.79,-59.8601,-60,1,3,1,1,internal_airspace,0,1
31,fence24,random_waypoint,5,560,520,671.909,608.649,20,13,750,450,15,176.897,-65.0087,-60,0,3,1,1,internal_airspace,0,1
31,fence24,random_waypoint,5,560,520,671.909,608.649,20,14,750,350,15,270.227,-68.6888,-60,0,3,1,1,internal_airspace,0,1
31,fence24,random_waypoint,5,560,520,671.909,608.649,20,15,750,300,15,318.414,-70.1141,-60,0,3,1,1,internal_airspace,0,1
31,fence24,random_waypoint,5,560,520,671.909,608.649,20,16,700,300,15,309.965,-69.8805,-60,0,3,1,1,internal_airspace,0,1
31,fence24,random_waypoint,5,560,520,671.909,608.649,20,17,600,300,15,316.955,-70.0742,-60,0,3,1,1,internal_airspace,0,1
31,fence24,random_waypoint,5,560,520,671.909,608.649,20,18,400,300,15,411.368,-72.3388,-60,0,3,1,1,internal_airspace,0,1
31,fence24,random_waypoint,5,560,520,671.909,608.649,20,19,300,300,15,483.328,-73.7391,-60,0,3,1,1,internal_airspace,0,1
31,fence24,random_waypoint,5,560,520,671.909,608.649,20,20,300,500,15,387.487,-71.8194,-60,0,3,1,1,internal_airspace,0,1
31,fence24,random_waypoint,5,560,520,671.909,608.649,20,21,500,350,15,310.608,-69.8985,-60,0,3,1,1,internal_airspace,0,1
31,fence24,random_waypoint,5,560,520,671.909,608.649,20,22,700,500,15,112.333,-61.0644,-60,0,3,1,1,internal_airspace,0,1
31,fence24,random_waypoint,5,560,520,671.909,608.649,20,23,500,650,15,176.883,-65.008,-60,0,3,1,1,internal_airspace,0,1
32,fence24,random_waypoint,5,560,520,667.268,599.791,20,0,250,300,15,513.821,-74.2705,-60,0,2,1,1,internal_airspace,0,1
32,fence24,random_waypoint,5,560,520,667.268,599.791,20,1,250,350,15,486.347,-73.7931,-60,0,2,1,1,internal_airspace,0,1
32,fence24,random_waypoint,5,560,520,667.268,599.791,20,2,250,450,15,443.368,-72.9895,-60,0,2,1,1,internal_airspace,0,1
32,fence24,random_waypoint,5,560,520,667.268,599.791,20,3,250,550,15,420.258,-72.5245,-60,0,2,1,1,internal_airspace,0,1
32,fence24,random_waypoint,5,560,520,667.268,599.791,20,4,250,650,15,420.308,-72.5256,-60,0,2,1,1,internal_airspace,0,1
32,fence24,random_waypoint,5,560,520,667.268,599.791,20,5,250,700,15,429.161,-72.7066,-60,0,2,1,1,internal_airspace,0,1
32,fence24,random_waypoint,5,560,520,667.268,599.791,20,6,300,700,15,380.726,-71.6665,-60,0,2,1,1,internal_airspace,0,1
32,fence24,random_waypoint,5,560,520,667.268,599.791,20,7,400,700,15,285.48,-69.1657,-60,0,2,1,1,internal_airspace,0,1
32,fence24,random_waypoint,5,560,520,667.268,599.791,20,8,600,700,15,120.796,-61.6953,-60,0,2,1,1,internal_airspace,0,1
32,fence24,random_waypoint,5,560,520,667.268,599.791,20,9,700,700,15,105.537,-60.5224,-60,0,2,1,1,internal_airspace,0,1
32,fence24,random_waypoint,5,560,520,667.268,599.791,20,10,750,700,15,130.044,-62.336,-60,0,2,1,1,internal_airspace,0,1
32,fence24,random_waypoint,5,560,520,667.268,599.791,20,11,750,650,15,96.9045,-59.7811,-60,1,2,1,1,internal_airspace,0,1
32,fence24,random_waypoint,5,560,520,667.268,599.791,20,12,750,550,15,96.689,-59.7618,-60,1,2,1,1,internal_airspace,0,1
32,fence24,random_waypoint,5,560,520,667.268,599.791,20,13,750,450,15,171.193,-64.7239,-60,0,2,1,1,internal_airspace,0,1
32,fence24,random_waypoint,5,560,520,667.268,599.791,20,14,750,350,15,263.183,-68.4594,-60,0,2,1,1,internal_airspace,0,1
32,fence24,random_waypoint,5,560,520,667.268,599.791,20,15,750,300,15,311.038,-69.9105,-60,0,2,1,1,internal_airspace,0,1
32,fence24,random_waypoint,5,560,520,667.268,599.791,20,16,700,300,15,301.614,-69.6433,-60,0,2,1,1,internal_airspace,0,1
32,fence24,random_waypoint,5,560,520,667.268,599.791,20,17,600,300,15,307.286,-69.8051,-60,0,2,1,1,internal_airspace,0,1
32,fence24,random_waypoint,5,560,520,667.268,599.791,20,18,400,300,15,401.662,-72.1314,-60,0,2,1,1,internal_airspace,0,1
32,fence24,random_waypoint,5,560,520,667.268,599.791,20,19,300,300,15,474.116,-73.5719,-60,0,2,1,1,internal_airspace,0,1
32,fence24,random_waypoint,5,560,520,667.268,599.791,20,20,300,500,15,380.617,-71.664,-60,0,2,1,1,internal_airspace,0,1
32,fence24,random_waypoint,5,560,520,667.268,599.791,20,21,500,350,15,300.665,-69.6159,-60,0,2,1,1,internal_airspace,0,1
32,fence24,random_waypoint,5,560,520,667.268,599.791,20,22,700,500,15,105.141,-60.4897,-60,0,2,1,1,internal_airspace,0,1
32,fence24,random_waypoint,5,560,520,667.268,599.791,20,23,500,650,15,174.713,-64.9007,-60,0,2,1,1,internal_airspace,0,1
33,fence24,random_waypoint,5,560,520,662.627,590.934,20,0,250,300,15,504.904,-74.1184,-60,0,2,1,1,internal_airspace,0,1
33,fence24,random_waypoint,5,560,520,662.627,590.934,20,1,250,350,15,477.844,-73.6399,-60,0,2,1,1,internal_airspace,0,1
33,fence24,random_waypoint,5,560,520,662.627,590.934,20,2,250,450,15,436.06,-72.8451,-60,0,2,1,1,internal_airspace,0,1
33,fence24,random_waypoint,5,560,520,662.627,590.934,20,3,250,550,15,414.682,-72.4085,-60,0,2,1,1,internal_airspace,0,1
33,fence24,random_waypoint,5,560,520,662.627,590.934,20,4,250,650,15,416.863,-72.4541,-60,0,2,1,1,internal_airspace,0,1
33,fence24,random_waypoint,5,560,520,662.627,590.934,20,5,250,700,15,426.827,-72.6593,-60,0,2,1,1,internal_airspace,0,1
33,fence24,random_waypoint,5,560,520,662.627,590.934,20,6,300,700,15,378.707,-71.6203,-60,0,2,1,1,internal_airspace,0,1
33,fence24,random_waypoint,5,560,520,662.627,590.934,20,7,400,700,15,284.418,-69.1334,-60,0,2,1,1,internal_airspace,0,1
33,fence24,random_waypoint,5,560,520,662.627,590.934,20,8,600,700,15,125.867,-62.0525,-60,0,2,1,1,internal_airspace,0,1
33,fence24,random_waypoint,5,560,520,662.627,590.934,20,9,700,700,15,115.4,-61.2984,-60,0,2,1,1,internal_airspace,0,1
33,fence24,random_waypoint,5,560,520,662.627,590.934,20,10,750,700,15,139.838,-62.9667,-60,0,2,1,1,internal_airspace,0,1
33,fence24,random_waypoint,5,560,520,662.627,590.934,20,11,750,650,15,105.584,-60.5262,-60,0,2,1,1,internal_airspace,0,1
33,fence24,random_waypoint,5,560,520,662.627,590.934,20,12,750,550,15,96.6159,-59.7552,-60,1,2,1,1,internal_airspace,0,1
33,fence24,random_waypoint,5,560,520,662.627,590.934,20,13,750,450,15,165.896,-64.4509,-60,0,2,1,1,internal_airspace,0,1
33,fence24,random_waypoint,5,560,520,662.627,590.934,20,14,750,350,15,256.336,-68.2304,-60,0,2,1,1,internal_airspace,0,1
33,fence24,random_waypoint,5,560,520,662.627,590.934,20,15,750,300,15,303.812,-69.7063,-60,0,2,1,1,internal_airspace,0,1
33,fence24,random_waypoint,5,560,520,662.627,590.934,20,16,700,300,15,293.367,-69.4024,-60,0,2,1,1,internal_airspace,0,1
33,fence24,random_waypoint,5,560,520,662.627,590.934,20,17,600,300,15,297.64,-69.528,-60,0,2,1,1,internal_airspace,0,1
33,fence24,random_waypoint,5,560,520,662.627,590.934,20,18,400,300,15,391.97,-71.9193,-60,0,2,1,1,internal_airspace,0,1
33,fence24,random_waypoint,5,560,520,662.627,590.934,20,19,300,300,15,464.936,-73.4021,-60,0,2,1,1,internal_airspace,0,1
33,fence24,random_waypoint,5,560,520,662.627,590.934,20,20,300,500,15,373.888,-71.5091,-60,0,2,1,1,internal_airspace,0,1
33,fence24,random_waypoint,5,560,520,662.627,590.934,20,21,500,350,15,290.726,-69.3239,-60,0,2,1,1,internal_airspace,0,1
33,fence24,random_waypoint,5,560,520,662.627,590.934,20,22,700,500,15,98.4413,-59.9178,-60,1,2,1,1,internal_airspace,0,1
33,fence24,random_waypoint,5,560,520,662.627,590.934,20,23,500,650,15,173.093,-64.8198,-60,0,2,1,1,internal_airspace,0,1
34,fence24,random_waypoint,5,560,520,657.986,582.076,20,0,250,300,15,496.028,-73.9644,-60,0,2,1,1,internal_airspace,0,1
34,fence24,random_waypoint,5,560,520,657.986,582.076,20,1,250,350,15,469.4,-73.4851,-60,0,2,1,1,internal_airspace,0,1
34,fence24,random_waypoint,5,560,520,657.986,582.076,20,2,250,450,15,428.861,-72.7005,-60,0,2,1,1,internal_airspace,0,1
34,fence24,random_waypoint,5,560,520,657.986,582.076,20,3,250,550,15,409.275,-72.2945,-60,0,2,1,1,internal_airspace,0,1
34,fence24,random_waypoint,5,560,520,657.986,582.076,20,4,250,650,15,413.631,-72.3865,-60,0,2,1,1,internal_airspace,0,1
34,fence24,random_waypoint,5,560,520,657.986,582.076,20,5,250,700,15,424.716,-72.6162,-60,0,2,1,1,internal_airspace,0,1
34,fence24,random_waypoint,5,560,520,657.986,582.076,20,6,300,700,15,376.941,-71.5797,-60,0,2,1,1,internal_airspace,0,1
34,fence24,random_waypoint,5,560,520,657.986,582.076,20,7,400,700,15,283.704,-69.1115,-60,0,2,1,1,internal_airspace,0,1
34,fence24,random_waypoint,5,560,520,657.986,582.076,20,8,600,700,15,131.504,-62.433,-60,0,2,1,1,internal_airspace,0,1
34,fence24,random_waypoint,5,560,520,657.986,582.076,20,9,700,700,15,125.285,-62.0122,-60,0,2,1,1,internal_airspace,0,1
34,fence24,random_waypoint,5,560,520,657.986,582.076,20,10,750,700,15,149.659,-63.5563,-60,0,2,1,1,internal_airspace,0,1
34,fence24,random_waypoint,5,560,520,657.986,582.076,20,11,750,650,15,114.478,-61.2287,-60,0,2,1,1,internal_airspace,0,1
34,fence24,random_waypoint,5,560,520,657.986,582.076,20,12,750,550,15,97.5731,-59.8408,-60,1,2,1,1,internal_airspace,0,1
34,fence24,random_waypoint,5,560,520,657.986,582.076,20,13,750,450,15,161.046,-64.1932,-60,0,2,1,1,internal_airspace,0,1
34,fence24,random_waypoint,5,560,520,657.986,582.076,20,14,750,350,15,249.702,-68.0027,-60,0,2,1,1,internal_airspace,0,1
34,fence24,random_waypoint,5,560,520,657.986,582.076,20,15,750,300,15,296.746,-69.5019,-60,0,2,1,1,internal_airspace,0,1
34,fence24,random_waypoint,5,560,520,657.986,582.076,20,16,700,300,15,285.232,-69.1582,-60,0,2,1,1,internal_airspace,0,1
34,fence24,random_waypoint,5,560,520,657.986,582.076,20,17,600,300,15,288.018,-69.2426,-60,0,2,1,1,internal_airspace,0,1
34,fence24,random_waypoint,5,560,520,657.986,582.076,20,18,400,300,15,382.294,-71.7022,-60,0,2,1,1,internal_airspace,0,1
34,fence24,random_waypoint,5,560,520,657.986,582.076,20,19,300,300,15,455.791,-73.2295,-60,0,2,1,1,internal_airspace,0,1
34,fence24,random_waypoint,5,560,520,657.986,582.076,20,20,300,500,15,367.308,-71.3548,-60,0,2,1,1,internal_airspace,0,1
34,fence24,random_waypoint,5,560,520,657.986,582.076,20,21,500,350,15,280.791,-69.0219,-60,0,2,1,1,internal_airspace,0,1
34,fence24,random_waypoint,5,560,520,657.986,582.076,20,22,700,500,15,92.34,-59.362,-60,1,2,1,1,internal_airspace,0,1
34,fence24,random_waypoint,5,560,520,657.986,582.076,20,23,500,650,15,172.041,-64.7669,-60,0,2,1,1,internal_airspace,0,1
35,fence24,random_waypoint,5,560,520,651.245,575.192,20,0,250,300,15,486.573,-73.7972,-60,0,1,0,1,internal_airspace,0,1
35,fence24,random_waypoint,5,560,520,651.245,575.192,20,1,250,350,15,460.146,-73.3121,-60,0,1,0,1,internal_airspace,0,1
35,fence24,random_waypoint,5,560,520,651.245,575.192,20,2,250,450,15,420.352,-72.5265,-60,0,1,0,1,internal_airspace,0,1
35,fence24,random_waypoint,5,560,520,651.245,575.192,20,3,250,550,15,402.066,-72.1402,-60,0,1,0,1,internal_airspace,0,1
35,fence24,random_waypoint,5,560,520,651.245,575.192,20,4,250,650,15,408.19,-72.2715,-60,0,1,0,1,internal_airspace,0,1
35,fence24,random_waypoint,5,560,520,651.245,575.192,20,5,250,700,15,420.238,-72.5241,-60,0,1,0,1,internal_airspace,0,1
35,fence24,random_waypoint,5,560,520,651.245,575.192,20,6,300,700,15,372.794,-71.4836,-60,0,1,0,1,internal_airspace,0,1
35,fence24,random_waypoint,5,560,520,651.245,575.192,20,7,400,700,15,280.582,-69.0154,-60,0,1,0,1,internal_airspace,0,1
35,fence24,random_waypoint,5,560,520,651.245,575.192,20,8,600,700,15,135.011,-62.6616,-60,0,1,0,1,internal_airspace,0,1
35,fence24,random_waypoint,5,560,520,651.245,575.192,20,9,700,700,15,134.086,-62.6019,-60,0,1,0,1,internal_airspace,0,1
35,fence24,random_waypoint,5,560,520,651.245,575.192,20,10,750,700,15,159.231,-64.0948,-60,0,1,0,1,internal_airspace,0,1
35,fence24,random_waypoint,5,560,520,651.245,575.192,20,11,750,650,15,123.991,-61.922,-60,0,1,0,1,internal_airspace,0,1
35,fence24,random_waypoint,5,560,520,651.245,575.192,20,12,750,550,15,102.04,-60.2296,-60,0,1,0,1,internal_airspace,0,1
35,fence24,random_waypoint,5,560,520,651.245,575.192,20,13,750,450,15,159.532,-64.1112,-60,0,1,0,1,internal_airspace,0,1
35,fence24,random_waypoint,5,560,520,651.245,575.192,20,14,750,350,15,245.945,-67.871,-60,0,1,0,1,internal_airspace,0,1
35,fence24,random_waypoint,5,560,520,651.245,575.192,20,15,750,300,15,292.418,-69.3743,-60,0,1,0,1,internal_airspace,0,1
35,fence24,random_waypoint,5,560,520,651.245,575.192,20,16,700,300,15,279.523,-68.9826,-60,0,1,0,1,internal_airspace,0,1
35,fence24,random_waypoint,5,560,520,651.245,575.192,20,17,600,300,15,279.968,-68.9964,-60,0,1,0,1,internal_airspace,0,1
35,fence24,random_waypoint,5,560,520,651.245,575.192,20,18,400,300,15,372.666,-71.4806,-60,0,1,0,1,internal_airspace,0,1
35,fence24,random_waypoint,5,560,520,651.245,575.192,20,19,300,300,15,446.239,-73.0456,-60,0,1,0,1,internal_airspace,0,1
35,fence24,random_waypoint,5,560,520,651.245,575.192,20,20,300,500,15,359.238,-71.1619,-60,0,1,0,1,internal_airspace,0,1
35,fence24,random_waypoint,5,560,520,651.245,575.192,20,21,500,350,15,271.315,-68.7237,-60,0,1,0,1,internal_airspace,0,1
35,fence24,random_waypoint,5,560,520,651.245,575.192,20,22,700,500,15,89.7547,-59.1154,-60,1,1,0,1,internal_airspace,0,1
35,fence24,random_waypoint,5,560,520,651.245,575.192,20,23,500,650,15,168.809,-64.6021,-60,0,1,0,1,internal_airspace,0,1
36,fence24,random_waypoint,5,560,520,642.689,570.017,20,0,250,300,15,476.591,-73.6171,-60,0,1,0,1,internal_airspace,0,1
36,fence24,random_waypoint,5,560,520,642.689,570.017,20,1,250,350,15,450.152,-73.1214,-60,0,1,0,1,internal_airspace,0,1
36,fence24,random_waypoint,5,560,520,642.689,570.017,20,2,250,450,15,410.65,-72.3237,-60,0,1,0,1,internal_airspace,0,1
36,fence24,random_waypoint,5,560,520,642.689,570.017,20,3,250,550,15,393.23,-71.9472,-60,0,1,0,1,internal_airspace,0,1
36,fence24,random_waypoint,5,560,520,642.689,570.017,20,4,250,650,15,400.783,-72.1124,-60,0,1,0,1,internal_airspace,0,1
36,fence24,random_waypoint,5,560,520,642.689,570.017,20,5,250,700,15,413.673,-72.3874,-60,0,1,0,1,internal_airspace,0,1
36,fence24,random_waypoint,5,560,520,642.689,570.017,20,6,300,700,15,366.546,-71.3368,-60,0,1,0,1,internal_airspace,0,1
36,fence24,random_waypoint,5,560,520,642.689,570.017,20,7,400,700,15,275.352,-68.852,-60,0,1,0,1,internal_airspace,0,1
36,fence24,random_waypoint,5,560,520,642.689,570.017,20,8,600,700,15,136.905,-62.7826,-60,0,1,0,1,internal_airspace,0,1
36,fence24,random_waypoint,5,560,520,642.689,570.017,20,9,700,700,15,142.145,-63.1089,-60,0,1,0,1,internal_airspace,0,1
36,fence24,random_waypoint,5,560,520,642.689,570.017,20,10,750,700,15,168.631,-64.593,-60,0,1,0,1,internal_airspace,0,1
36,fence24,random_waypoint,5,560,520,642.689,570.017,20,11,750,650,15,133.933,-62.592,-60,0,1,0,1,internal_airspace,0,1
36,fence24,random_waypoint,5,560,520,642.689,570.017,20,12,750,550,15,109.276,-60.8248,-60,0,1,0,1,internal_airspace,0,1
36,fence24,random_waypoint,5,560,520,642.689,570.017,20,13,750,450,15,161.074,-64.1947,-60,0,1,0,1,internal_airspace,0,1
36,fence24,random_waypoint,5,560,520,642.689,570.017,20,14,750,350,15,244.843,-67.832,-60,0,1,0,1,internal_airspace,0,1
36,fence24,random_waypoint,5,560,520,642.689,570.017,20,15,750,300,15,290.602,-69.3202,-60,0,1,0,1,internal_airspace,0,1
36,fence24,random_waypoint,5,560,520,642.689,570.017,20,16,700,300,15,276.077,-68.8748,-60,0,1,0,1,internal_airspace,0,1
36,fence24,random_waypoint,5,560,520,642.689,570.017,20,17,600,300,15,273.416,-68.7907,-60,0,1,0,1,internal_airspace,0,1
36,fence24,random_waypoint,5,560,520,642.689,570.017,20,18,400,300,15,363.087,-71.2544,-60,0,1,0,1,internal_airspace,0,1
36,fence24,random_waypoint,5,560,520,642.689,570.017,20,19,300,300,15,436.314,-72.8502,-60,0,1,0,1,internal_airspace,0,1
36,fence24,random_waypoint,5,560,520,642.689,570.017,20,20,300,500,15,349.804,-70.9307,-60,0,1,0,1,internal_airspace,0,1
36,fence24,random_waypoint,5,560,520,642.689,570.017,20,21,500,350,15,262.283,-68.4296,-60,0,1,0,1,internal_airspace,0,1
36,fence24,random_waypoint,5,560,520,642.689,570.017,20,22,700,500,15,90.6196,-59.1987,-60,1,1,0,1,internal_airspace,0,1
36,fence24,random_waypoint,5,560,520,642.689,570.017,20,23,500,650,15,163.653,-64.3327,-60,0,1,0,1,internal_airspace,0,1
37,fence24,random_waypoint,5,560,520,634.132,564.841,20,0,250,300,15,466.609,-73.4333,-60,0,1,0,1,internal_airspace,0,1
37,fence24,random_waypoint,5,560,520,634.132,564.841,20,1,250,350,15,440.158,-72.9264,-60,0,1,0,1,internal_airspace,0,1
37,fence24,random_waypoint,5,560,520,634.132,564.841,20,2,250,450,15,400.963,-72.1163,-60,0,1,0,1,internal_airspace,0,1
37,fence24,random_waypoint,5,560,520,634.132,564.841,20,3,250,550,15,384.452,-71.7511,-60,0,1,0,1,internal_airspace,0,1
37,fence24,random_waypoint,5,560,520,634.132,564.841,20,4,250,650,15,393.49,-71.9529,-60,0,1,0,1,internal_airspace,0,1
37,fence24,random_waypoint,5,560,520,634.132,564.841,20,5,250,700,15,407.248,-72.2514,-60,0,1,0,1,internal_airspace,0,1
37,fence24,random_waypoint,5,560,520,634.132,564.841,20,6,300,700,15,360.468,-71.1916,-60,0,1,0,1,internal_airspace,0,1
37,fence24,random_waypoint,5,560,520,634.132,564.841,20,7,400,700,15,270.39,-68.694,-60,0,1,0,1,internal_airspace,0,1
37,fence24,random_waypoint,5,560,520,634.132,564.841,20,8,600,700,15,139.492,-62.9452,-60,0,1,0,1,internal_airspace,0,1
37,fence24,random_waypoint,5,560,520,634.132,564.841,20,9,700,700,15,150.438,-63.6014,-60,0,1,0,1,internal_airspace,0,1
37,fence24,random_waypoint,5,560,520,634.132,564.841,20,10,750,700,15,178.096,-65.0673,-60,0,1,0,1,internal_airspace,0,1
37,fence24,random_waypoint,5,560,520,634.132,564.841,20,11,750,650,15,143.883,-63.2144,-60,0,1,0,1,internal_airspace,0,1
37,fence24,random_waypoint,5,560,520,634.132,564.841,20,12,750,550,15,116.921,-61.4121,-60,0,1,0,1,internal_airspace,0,1
37,fence24,random_waypoint,5,560,520,634.132,564.841,20,13,750,450,15,163.214,-64.3094,-60,0,1,0,1,internal_airspace,0,1
37,fence24,random_waypoint,5,560,520,634.132,564.841,20,14,750,350,15,244.145,-67.8072,-60,0,1,0,1,internal_airspace,0,1
37,fence24,random_waypoint,5,560,520,634.132,564.841,20,15,750,300,15,289.121,-69.2758,-60,0,1,0,1,internal_airspace,0,1
37,fence24,random_waypoint,5,560,520,634.132,564.841,20,16,700,300,15,272.955,-68.776,-60,0,1,0,1,internal_airspace,0,1
37,fence24,random_waypoint,5,560,520,634.132,564.841,20,17,600,300,15,267.078,-68.587,-60,0,1,0,1,internal_airspace,0,1
37,fence24,random_waypoint,5,560,520,634.132,564.841,20,18,400,300,15,353.53,-71.0228,-60,0,1,0,1,internal_airspace,0,1
37,fence24,random_waypoint,5,560,520,634.132,564.841,20,19,300,300,15,426.392,-72.6504,-60,0,1,0,1,internal_airspace,0,1
37,fence24,random_waypoint,5,560,520,634.132,564.841,20,20,300,500,15,340.402,-70.6941,-60,0,1,0,1,internal_airspace,0,1
37,fence24,random_waypoint,5,560,520,634.132,564.841,20,21,500,350,15,253.324,-68.1278,-60,0,1,0,1,internal_airspace,0,1
37,fence24,random_waypoint,5,560,520,634.132,564.841,20,22,700,500,15,92.563,-59.383,-60,1,1,0,1,internal_airspace,0,1
37,fence24,random_waypoint,5,560,520,634.132,564.841,20,23,500,650,15,158.961,-64.08,-60,0,1,0,1,internal_airspace,0,1
38,fence24,random_waypoint,5,560,520,625.576,559.665,20,0,250,300,15,456.627,-73.2455,-60,0,1,0,1,internal_airspace,0,1
38,fence24,random_waypoint,5,560,520,625.576,559.665,20,1,250,350,15,430.165,-72.7269,-60,0,1,0,1,internal_airspace,0,1
38,fence24,random_waypoint,5,560,520,625.576,559.665,20,2,250,450,15,391.291,-71.9042,-60,0,1,0,1,internal_airspace,0,1
38,fence24,random_waypoint,5,560,520,625.576,559.665,20,3,250,550,15,375.734,-71.5518,-60,0,1,0,1,internal_airspace,0,1
38,fence24,random_waypoint,5,560,520,625.576,559.665,20,4,250,650,15,386.319,-71.7932,-60,0,1,0,1,internal_airspace,0,1
38,fence24,random_waypoint,5,560,520,625.576,559.665,20,5,250,700,15,400.969,-72.1164,-60,0,1,0,1,internal_airspace,0,1
38,fence24,random_waypoint,5,560,520,625.576,559.665,20,6,300,700,15,354.568,-71.0482,-60,0,1,0,1,internal_airspace,0,1
38,fence24,random_waypoint,5,560,520,625.576,559.665,20,7,400,700,15,265.713,-68.5425,-60,0,1,0,1,internal_airspace,0,1
38,fence24,random_waypoint,5,560,520,625.576,559.665,20,8,600,700,15,142.734,-63.1448,-60,0,1,0,1,internal_airspace,0,1
38,fence24,random_waypoint,5,560,520,625.576,559.665,20,9,700,700,15,158.927,-64.0782,-60,0,1,0,1,internal_airspace,0,1
38,fence24,random_waypoint,5,560,520,625.576,559.665,20,10,750,700,15,187.617,-65.5197,-60,0,1,0,1,internal_airspace,0,1
38,fence24,random_waypoint,5,560,520,625.576,559.665,20,11,750,650,15,153.84,-63.7956,-60,0,1,0,1,internal_airspace,0,1
38,fence24,random_waypoint,5,560,520,625.576,559.665,20,12,750,550,15,124.899,-61.9854,-60,0,1,0,1,internal_airspace,0,1
38,fence24,random_waypoint,5,560,520,625.576,559.665,20,13,750,450,15,165.93,-64.4527,-60,0,1,0,1,internal_airspace,0,1
38,fence24,random_waypoint,5,560,520,625.576,559.665,20,14,750,350,15,243.856,-67.7969,-60,0,1,0,1,internal_airspace,0,1
38,fence24,random_waypoint,5,560,520,625.576,559.665,20,15,750,300,15,287.98,-69.2415,-60,0,1,0,1,internal_airspace,0,1
38,fence24,random_waypoint,5,560,520,625.576,559.665,20,16,700,300,15,270.167,-68.6869,-60,0,1,0,1,internal_airspace,0,1
38,fence24,random_waypoint,5,560,520,625.576,559.665,20,17,600,300,15,260.97,-68.386,-60,0,1,0,1,internal_airspace,0,1
38,fence24,random_waypoint,5,560,520,625.576,559.665,20,18,400,300,15,344,-70.7854,-60,0,1,0,1,internal_airspace,0,1
38,fence24,random_waypoint,5,560,520,625.576,559.665,20,19,300,300,15,416.474,-72.446,-60,0,1,0,1,internal_airspace,0,1
38,fence24,random_waypoint,5,560,520,625.576,559.665,20,20,300,500,15,331.036,-70.4517,-60,0,1,0,1,internal_airspace,0,1
38,fence24,random_waypoint,5,560,520,625.576,559.665,20,21,500,350,15,244.446,-67.8179,-60,0,1,0,1,internal_airspace,0,1
38,fence24,random_waypoint,5,560,520,625.576,559.665,20,22,700,500,15,95.5192,-59.656,-60,1,1,0,1,internal_airspace,0,1
38,fence24,random_waypoint,5,560,520,625.576,559.665,20,23,500,650,15,154.773,-63.8481,-60,0,1,0,1,internal_airspace,0,1
39,fence24,random_waypoint,5,560,520,617.019,554.49,20,0,250,300,15,446.647,-73.0535,-60,0,0,0,1,internal_airspace,0,1
39,fence24,random_waypoint,5,560,520,617.019,554.49,20,1,250,350,15,420.172,-72.5228,-60,0,0,0,1,internal_airspace,0,1
39,fence24,random_waypoint,5,560,520,617.019,554.49,20,2,250,450,15,381.637,-71.6872,-60,0,0,0,1,internal_airspace,0,1
39,fence24,random_waypoint,5,560,520,617.019,554.49,20,3,250,550,15,367.081,-71.3495,-60,0,0,0,1,internal_airspace,0,1
39,fence24,random_waypoint,5,560,520,617.019,554.49,20,4,250,650,15,379.276,-71.6333,-60,0,0,0,1,internal_airspace,0,1
39,fence24,random_waypoint,5,560,520,617.019,554.49,20,5,250,700,15,394.844,-71.9827,-60,0,0,0,1,internal_airspace,0,1
39,fence24,random_waypoint,5,560,520,617.019,554.49,20,6,300,700,15,348.855,-70.9071,-60,0,0,0,1,internal_airspace,0,1
39,fence24,random_waypoint,5,560,520,617.019,554.49,20,7,400,700,15,261.334,-68.3982,-60,0,0,0,1,internal_airspace,0,1
39,fence24,random_waypoint,5,560,520,617.019,554.49,20,8,600,700,15,146.587,-63.3762,-60,0,0,0,1,internal_airspace,0,1
39,fence24,random_waypoint,5,560,520,617.019,554.49,20,9,700,700,15,167.583,-64.5388,-60,0,0,0,1,internal_airspace,0,1
39,fence24,random_waypoint,5,560,520,617.019,554.49,20,10,750,700,15,197.185,-65.9517,-60,0,0,0,1,internal_airspace,0,1
39,fence24,random_waypoint,5,560,520,617.019,554.49,20,11,750,650,15,163.802,-64.3406,-60,0,0,0,1,internal_airspace,0,1
39,fence24,random_waypoint,5,560,520,617.019,554.49,20,12,750,550,15,133.15,-62.5411,-60,0,0,0,1,internal_airspace,0,1
39,fence24,random_waypoint,5,560,520,617.019,554.49,20,13,750,450,15,169.195,-64.622,-60,0,0,0,1,internal_airspace,0,1
39,fence24,random_waypoint,5,560,520,617.019,554.49,20,14,750,350,15,243.977,-67.8012,-60,0,0,0,1,internal_airspace,0,1
39,fence24,random_waypoint,5,560,520,617.019,554.49,20,15,750,300,15,287.183,-69.2174,-60,0,0,0,1,internal_airspace,0,1
39,fence24,random_waypoint,5,560,520,617.019,554.49,20,16,700,300,15,267.723,-68.608,-60,0,0,0,1,internal_airspace,0,1
39,fence24,random_waypoint,5,560,520,617.019,554.49,20,17,600,300,15,255.107,-68.1887,-60,0,0,0,1,internal_airspace,0,1
39,fence24,random_waypoint,5,560,520,617.019,554.49,20,18,400,300,15,334.496,-70.542,-60,0,0,0,1,internal_airspace,0,1
39,fence24,random_waypoint,5,560,520,617.019,554.49,20,19,300,300,15,406.561,-72.2367,-60,0,0,0,1,internal_airspace,0,1
39,fence24,random_waypoint,5,560,520,617.019,554.49,20,20,300,500,15,321.707,-70.2034,-60,0,0,0,1,internal_airspace,0,1
39,fence24,random_waypoint,5,560,520,617.019,554.49,20,21,500,350,15,235.658,-67.4999,-60,0,0,0,1,internal_airspace,0,1
39,fence24,random_waypoint,5,560,520,617.019,554.49,20,22,700,500,15,99.3977,-60.0018,-60,0,0,0,1,internal_airspace,0,1
39,fence24,random_waypoint,5,560,520,617.019,554.49,20,23,500,650,15,151.132,-63.6413,-60,0,0,0,1,internal_airspace,0,1
40,fence24,random_waypoint,5,560,520,608.463,549.314,20,0,250,300,15,436.667,-72.8572,-60,0,0,0,1,internal_airspace,0,1
40,fence24,random_waypoint,5,560,520,608.463,549.314,20,1,250,350,15,410.179,-72.3137,-60,0,0,0,1,internal_airspace,0,1
40,fence24,random_waypoint,5,560,520,608.463,549.314,20,2,250,450,15,372,-71.4651,-60,0,0,0,1,internal_airspace,0,1
40,fence24,random_waypoint,5,560,520,608.463,549.314,20,3,250,550,15,358.499,-71.144,-60,0,0,0,1,internal_airspace,0,1
40,fence24,random_waypoint,5,560,520,608.463,549.314,20,4,250,650,15,372.369,-71.4737,-60,0,0,0,1,internal_airspace,0,1
40,fence24,random_waypoint,5,560,520,608.463,549.314,20,5,250,700,15,388.879,-71.8505,-60,0,0,0,1,internal_airspace,0,1
40,fence24,random_waypoint,5,560,520,608.463,549.314,20,6,300,700,15,343.338,-70.7686,-60,0,0,0,1,internal_airspace,0,1
40,fence24,random_waypoint,5,560,520,608.463,549.314,20,7,400,700,15,257.27,-68.262,-60,0,0,0,1,internal_airspace,0,1
40,fence24,random_waypoint,5,560,520,608.463,549.314,20,8,600,700,15,151.006,-63.6341,-60,0,0,0,1,internal_airspace,0,1
40,fence24,random_waypoint,5,560,520,608.463,549.314,20,9,700,700,15,176.381,-64.9833,-60,0,0,0,1,internal_airspace,0,1
40,fence24,random_waypoint,5,560,520,608.463,549.314,20,10,750,700,15,206.794,-66.365,-60,0,0,0,1,internal_airspace,0,1
40,fence24,random_waypoint,5,560,520,608.463,549.314,20,11,750,650,15,173.768,-64.8536,-60,0,0,0,1,internal_airspace,0,1
40,fence24,random_waypoint,5,560,520,608.463,549.314,20,12,750,550,15,141.627,-63.0771,-60,0,0,0,1,internal_airspace,0,1
40,fence24,random_waypoint,5,560,520,608.463,549.314,20,13,750,450,15,172.977,-64.814,-60,0,0,0,1,internal_airspace,0,1
40,fence24,random_waypoint,5,560,520,608.463,549.314,20,14,750,350,15,244.507,-67.8201,-60,0,0,0,1,internal_airspace,0,1
40,fence24,random_waypoint,5,560,520,608.463,549.314,20,15,750,300,15,286.732,-69.2038,-60,0,0,0,1,internal_airspace,0,1
40,fence24,random_waypoint,5,560,520,608.463,549.314,20,16,700,300,15,265.634,-68.5399,-60,0,0,0,1,internal_airspace,0,1
40,fence24,random_waypoint,5,560,520,608.463,549.314,20,17,600,300,15,249.508,-67.9959,-60,0,0,0,1,internal_airspace,0,1
40,fence24,random_waypoint,5,560,520,608.463,549.314,20,18,400,300,15,325.022,-70.2925,-60,0,0,0,1,internal_airspace,0,1
40,fence24,random_waypoint,5,560,520,608.463,549.314,20,19,300,300,15,396.651,-72.0224,-60,0,0,0,1,internal_airspace,0,1
40,fence24,random_waypoint,5,560,520,608.463,549.314,20,20,300,500,15,312.42,-69.949,-60,0,0,0,1,internal_airspace,0,1
40,fence24,random_waypoint,5,560,520,608.463,549.314,20,21,500,350,15,226.97,-67.1736,-60,0,0,0,1,internal_airspace,0,1
40,fence24,random_waypoint,5,560,520,608.463,549.314,20,22,700,500,15,104.096,-60.4029,-60,0,0,0,1,internal_airspace,0,1
40,fence24,random_waypoint,5,560,520,608.463,549.314,20,23,500,650,15,148.077,-63.464,-60,0,0,0,1,internal_airspace,0,1
41,fence24,random_waypoint,5,560,520,599.907,544.139,20,0,250,300,15,426.689,-72.6564,-60,0,0,0,1,critical_zone,0,1
41,fence24,random_waypoint,5,560,520,599.907,544.139,20,1,250,350,15,400.187,-72.0995,-60,0,0,0,1,critical_zone,0,1
41,fence24,random_waypoint,5,560,520,599.907,544.139,20,2,250,450,15,362.383,-71.2376,-60,0,0,0,1,critical_zone,0,1
41,fence24,random_waypoint,5,560,520,599.907,544.139,20,3,250,550,15,349.991,-70.9354,-60,0,0,0,1,critical_zone,0,1
41,fence24,random_waypoint,5,560,520,599.907,544.139,20,4,250,650,15,365.604,-71.3144,-60,0,0,0,1,critical_zone,0,1
41,fence24,random_waypoint,5,560,520,599.907,544.139,20,5,250,700,15,383.083,-71.7201,-60,0,0,0,1,critical_zone,0,1
41,fence24,random_waypoint,5,560,520,599.907,544.139,20,6,300,700,15,338.026,-70.6332,-60,0,0,0,1,critical_zone,0,1
41,fence24,random_waypoint,5,560,520,599.907,544.139,20,7,400,700,15,253.536,-68.135,-60,0,0,0,1,critical_zone,0,1
41,fence24,random_waypoint,5,560,520,599.907,544.139,20,8,600,700,15,155.942,-63.9135,-60,0,0,0,1,critical_zone,0,1
41,fence24,random_waypoint,5,560,520,599.907,544.139,20,9,700,700,15,185.301,-65.4118,-60,0,0,0,1,critical_zone,0,1
41,fence24,random_waypoint,5,560,520,599.907,544.139,20,10,750,700,15,216.439,-66.7609,-60,0,0,0,1,critical_zone,0,1
41,fence24,random_waypoint,5,560,520,599.907,544.139,20,11,750,650,15,183.738,-65.3382,-60,0,0,0,1,critical_zone,0,1
41,fence24,random_waypoint,5,560,520,599.907,544.139,20,12,750,550,15,150.291,-63.5929,-60,0,0,0,1,critical_zone,0,1
41,fence24,random_waypoint,5,560,520,599.907,544.139,20,13,750,450,15,177.243,-65.0256,-60,0,0,0,1,critical_zone,0,1
41,fence24,random_waypoint,5,560,520,599.907,544.139,20,14,750,350,15,245.444,-67.8533,-60,0,0,0,1,critical_zone,0,1
41,fence24,random_waypoint,5,560,520,599.907,544.139,20,15,750,300,15,286.63,-69.2007,-60,0,0,0,1,critical_zone,0,1
41,fence24,random_waypoint,5,560,520,599.907,544.139,20,16,700,300,15,263.908,-68.4833,-60,0,0,0,1,critical_zone,0,1
41,fence24,random_waypoint,5,560,520,599.907,544.139,20,17,600,300,15,244.19,-67.8088,-60,0,0,0,1,critical_zone,0,1
41,fence24,random_waypoint,5,560,520,599.907,544.139,20,18,400,300,15,315.581,-70.0364,-60,0,0,0,1,critical_zone,0,1
41,fence24,random_waypoint,5,560,520,599.907,544.139,20,19,300,300,15,386.746,-71.8027,-60,0,0,0,1,critical_zone,0,1
41,fence24,random_waypoint,5,560,520,599.907,544.139,20,20,300,500,15,303.178,-69.6882,-60,0,0,0,1,critical_zone,0,1
41,fence24,random_waypoint,5,560,520,599.907,544.139,20,21,500,350,15,218.394,-66.8391,-60,0,0,0,1,critical_zone,0,1
41,fence24,random_waypoint,5,560,520,599.907,544.139,20,22,700,500,15,109.508,-60.8431,-60,0,0,0,1,critical_zone,0,1
41,fence24,random_waypoint,5,560,520,599.907,544.139,20,23,500,650,15,145.647,-63.3202,-60,0,0,0,1,critical_zone,0,1
42,fence24,random_waypoint,5,560,520,591.35,538.963,20,0,250,300,15,416.711,-72.4509,-60,0,0,0,1,critical_zone,0,1
42,fence24,random_waypoint,5,560,520,591.35,538.963,20,1,250,350,15,390.195,-71.8799,-60,0,0,0,1,critical_zone,0,1
42,fence24,random_waypoint,5,560,520,591.35,538.963,20,2,250,450,15,352.788,-71.0045,-60,0,0,0,1,critical_zone,0,1
42,fence24,random_waypoint,5,560,520,591.35,538.963,20,3,250,550,15,341.565,-70.7237,-60,0,0,0,1,critical_zone,0,1
42,fence24,random_waypoint,5,560,520,591.35,538.963,20,4,250,650,15,358.99,-71.1559,-60,0,0,0,1,critical_zone,0,1
42,fence24,random_waypoint,5,560,520,591.35,538.963,20,5,250,700,15,377.462,-71.5917,-60,0,0,0,1,critical_zone,0,1
42,fence24,random_waypoint,5,560,520,591.35,538.963,20,6,300,700,15,332.931,-70.5013,-60,0,0,0,1,critical_zone,0,1
42,fence24,random_waypoint,5,560,520,591.35,538.963,20,7,400,700,15,250.146,-68.0181,-60,0,0,0,1,critical_zone,0,1
42,fence24,random_waypoint,5,560,520,591.35,538.963,20,8,600,700,15,161.347,-64.2094,-60,0,0,0,1,critical_zone,0,1
42,fence24,random_waypoint,5,560,520,591.35,538.963,20,9,700,700,15,194.326,-65.8249,-60,0,0,0,1,critical_zone,0,1
42,fence24,random_waypoint,5,560,520,591.35,538.963,20,10,750,700,15,226.114,-67.1408,-60,0,0,0,1,critical_zone,0,1
42,fence24,random_waypoint,5,560,520,591.35,538.963,20,11,750,650,15,193.711,-65.7973,-60,0,0,0,1,critical_zone,0,1
42,fence24,random_waypoint,5,560,520,591.35,538.963,20,12,750,550,15,159.112,-64.0883,-60,0,0,0,1,critical_zone,0,1
42,fence24,random_waypoint,5,560,520,591.35,538.963,20,13,750,450,15,181.959,-65.2537,-60,0,0,0,1,critical_zone,0,1
42,fence24,random_waypoint,5,560,520,591.35,538.963,20,14,750,350,15,246.783,-67.9005,-60,0,0,0,1,critical_zone,0,1
42,fence24,random_waypoint,5,560,520,591.35,538.963,20,15,750,300,15,286.876,-69.2081,-60,0,0,0,1,critical_zone,0,1
42,fence24,random_waypoint,5,560,520,591.35,538.963,20,16,700,300,15,262.551,-68.4385,-60,0,0,0,1,critical_zone,0,1
42,fence24,random_waypoint,5,560,520,591.35,538.963,20,17,600,300,15,239.172,-67.6284,-60,0,0,0,1,critical_zone,0,1
42,fence24,random_waypoint,5,560,520,591.35,538.963,20,18,400,300,15,306.175,-69.7736,-60,0,0,0,1,critical_zone,0,1
42,fence24,random_waypoint,5,560,520,591.35,538.963,20,19,300,300,15,376.846,-71.5775,-60,0,0,0,1,critical_zone,0,1
42,fence24,random_waypoint,5,560,520,591.35,538.963,20,20,300,500,15,293.986,-69.4208,-60,0,0,0,1,critical_zone,0,1
42,fence24,random_waypoint,5,560,520,591.35,538.963,20,21,500,350,15,209.945,-66.4963,-60,0,0,0,1,critical_zone,0,1
42,fence24,random_waypoint,5,560,520,591.35,538.963,20,22,700,500,15,115.533,-61.3084,-60,0,0,0,1,critical_zone,0,1
42,fence24,random_waypoint,5,560,520,591.35,538.963,20,23,500,650,15,143.872,-63.2137,-60,0,0,0,1,critical_zone,0,1
43,fence24,random_waypoint,5,560,520,582.794,533.787,20,0,250,300,15,406.735,-72.2405,-60,0,0,0,1,critical_zone,0,1
43,fence24,random_waypoint,5,560,520,582.794,533.787,20,1,250,350,15,380.203,-71.6545,-60,0,0,0,1,critical_zone,0,1
43,fence24,random_waypoint,5,560,520,582.794,533.787,20,2,250,450,15,343.216,-70.7656,-60,0,0,0,1,critical_zone,0,1
43,fence24,random_waypoint,5,560,520,582.794,533.787,20,3,250,550,15,333.226,-70.509,-60,0,0,0,1,critical_zone,0,1
43,fence24,random_waypoint,5,560,520,582.794,533.787,20,4,250,650,15,352.537,-70.9983,-60,0,0,0,1,critical_zone,0,1
43,fence24,random_waypoint,5,560,520,582.794,533.787,20,5,250,700,15,372.026,-71.4657,-60,0,0,0,1,critical_zone,0,1
43,fence24,random_waypoint,5,560,520,582.794,533.787,20,6,300,700,15,328.061,-70.3733,-60,0,0,0,1,critical_zone,0,1
43,fence24,random_waypoint,5,560,520,582.794,533.787,20,7,400,700,15,247.114,-67.9122,-60,0,0,0,1,critical_zone,0,1
43,fence24,random_waypoint,5,560,520,582.794,533.787,20,8,600,700,15,167.176,-64.5177,-60,0,0,0,1,critical_zone,0,1
43,fence24,random_waypoint,5,560,520,582.794,533.787,20,9,700,700,15,203.443,-66.2231,-60,0,0,0,1,critical_zone,0,1
43,fence24,random_waypoint,5,560,520,582.794,533.787,20,10,750,700,15,235.817,-67.5057,-60,0,0,0,1,critical_zone,0,1
43,fence24,random_waypoint,5,560,520,582.794,533.787,20,11,750,650,15,203.687,-66.2335,-60,0,0,0,1,critical_zone,0,1
43,fence24,random_waypoint,5,560,520,582.794,533.787,20,12,750,550,15,168.065,-64.5638,-60,0,0,0,1,critical_zone,0,1
43,fence24,random_waypoint,5,560,520,582.794,533.787,20,13,750,450,15,187.092,-65.4953,-60,0,0,0,1,critical_zone,0,1
43,fence24,random_waypoint,5,560,520,582.794,533.787,20,14,750,350,15,248.517,-67.9614,-60,0,0,0,1,critical_zone,0,1
43,fence24,random_waypoint,5,560,520,582.794,533.787,20,15,750,300,15,287.471,-69.2261,-60,0,0,0,1,critical_zone,0,1
43,fence24,random_waypoint,5,560,520,582.794,533.787,20,16,700,300,15,261.57,-68.406,-60,0,0,0,1,critical_zone,0,1
43,fence24,random_waypoint,5,560,520,582.794,533.787,20,17,600,300,15,234.473,-67.4561,-60,0,0,0,1,critical_zone,0,1
43,fence24,random_waypoint,5,560,520,582.794,533.787,20,18,400,300,15,296.808,-69.5037,-60,0,0,0,1,critical_zone,0,1
43,fence24,random_waypoint,5,560,520,582.794,533.787,20,19,300,300,15,366.952,-71.3464,-60,0,0,0,1,critical_zone,0,1
43,fence24,random_waypoint,5,560,520,582.794,533.787,20,20,300,500,15,284.849,-69.1465,-60,0,0,0,1,critical_zone,0,1
43,fence24,random_waypoint,5,560,520,582.794,533.787,20,21,500,350,15,201.637,-66.1456,-60,0,0,0,1,critical_zone,0,1
43,fence24,random_waypoint,5,560,520,582.794,533.787,20,22,700,500,15,122.082,-61.7872,-60,0,0,0,1,critical_zone,0,1
43,fence24,random_waypoint,5,560,520,582.794,533.787,20,23,500,650,15,142.777,-63.1474,-60,0,0,0,1,critical_zone,0,1
44,fence24,random_waypoint,5,560,520,574.237,528.612,20,0,250,300,15,396.76,-72.0248,-60,0,0,0,1,critical_zone,0,1
44,fence24,random_waypoint,5,560,520,574.237,528.612,20,1,250,350,15,370.212,-71.4232,-60,0,0,0,1,critical_zone,0,1
44,fence24,random_waypoint,5,560,520,574.237,528.612,20,2,250,450,15,333.668,-70.5205,-60,0,0,0,1,critical_zone,0,1
44,fence24,random_waypoint,5,560,520,574.237,528.612,20,3,250,550,15,324.98,-70.2914,-60,0,0,0,1,critical_zone,0,1
44,fence24,random_waypoint,5,560,520,574.237,528.612,20,4,250,650,15,346.251,-70.842,-60,0,0,0,1,critical_zone,0,1
44,fence24,random_waypoint,5,560,520,574.237,528.612,20,5,250,700,15,366.782,-71.3424,-60,0,0,0,1,critical_zone,0,1
44,fence24,random_waypoint,5,560,520,574.237,528.612,20,6,300,700,15,323.427,-70.2497,-60,0,0,0,1,critical_zone,0,1
44,fence24,random_waypoint,5,560,520,574.237,528.612,20,7,400,700,15,244.454,-67.8182,-60,0,0,0,1,critical_zone,0,1
44,fence24,random_waypoint,5,560,520,574.237,528.612,20,8,600,700,15,173.386,-64.8345,-60,0,0,0,1,critical_zone,0,1
44,fence24,random_waypoint,5,560,520,574.237,528.612,20,9,700,700,15,212.639,-66.6071,-60,0,0,0,1,critical_zone,0,1
44,fence24,random_waypoint,5,560,520,574.237,528.612,20,10,750,700,15,245.543,-67.8568,-60,0,0,0,1,critical_zone,0,1
44,fence24,random_waypoint,5,560,520,574.237,528.612,20,11,750,650,15,213.665,-66.6489,-60,0,0,0,1,critical_zone,0,1
44,fence24,random_waypoint,5,560,520,574.237,528.612,20,12,750,550,15,177.13,-65.0201,-60,0,0,0,1,critical_zone,0,1
44,fence24,random_waypoint,5,560,520,574.237,528.612,20,13,750,450,15,192.607,-65.7477,-60,0,0,0,1,critical_zone,0,1
44,fence24,random_waypoint,5,560,520,574.237,528.612,20,14,750,350,15,250.639,-68.0352,-60,0,0,0,1,critical_zone,0,1
44,fence24,random_waypoint,5,560,520,574.237,528.612,20,15,750,300,15,288.411,-69.2545,-60,0,0,0,1,critical_zone,0,1
44,fence24,random_waypoint,5,560,520,574.237,528.612,20,16,700,300,15,260.969,-68.386,-60,0,0,0,1,critical_zone,0,1
44,fence24,random_waypoint,5,560,520,574.237,528.612,20,17,600,300,15,230.113,-67.2931,-60,0,0,0,1,critical_zone,0,1
44,fence24,random_waypoint,5,560,520,574.237,528.612,20,18,400,300,15,287.484,-69.2265,-60,0,0,0,1,critical_zone,0,1
44,fence24,random_waypoint,5,560,520,574.237,528.612,20,19,300,300,15,357.064,-71.1091,-60,0,0,0,1,critical_zone,0,1
44,fence24,random_waypoint,5,560,520,574.237,528.612,20,20,300,500,15,275.771,-68.8652,-60,0,0,0,1,critical_zone,0,1
44,fence24,random_waypoint,5,560,520,574.237,528.612,20,21,500,350,15,193.49,-65.7874,-60,0,0,0,1,critical_zone,0,1
44,fence24,random_waypoint,5,560,520,574.237,528.612,20,22,700,500,15,129.073,-62.271,-60,0,0,0,1,critical_zone,0,1
44,fence24,random_waypoint,5,560,520,574.237,528.612,20,23,500,650,15,142.377,-63.123,-60,0,0,0,1,critical_zone,0,1
45,fence24,random_waypoint,5,560,520,565.681,523.436,20,0,250,300,15,386.786,-71.8036,-60,0,0,0,1,critical_zone,0,1
45,fence24,random_waypoint,5,560,520,565.681,523.436,20,1,250,350,15,360.221,-71.1856,-60,0,0,0,1,critical_zone,0,1
45,fence24,random_waypoint,5,560,520,565.681,523.436,20,2,250,450,15,324.148,-70.2691,-60,0,0,0,1,critical_zone,0,1
45,fence24,random_waypoint,5,560,520,565.681,523.436,20,3,250,550,15,316.836,-70.0709,-60,0,0,0,1,critical_zone,0,1
45,fence24,random_waypoint,5,560,520,565.681,523.436,20,4,250,650,15,340.144,-70.6875,-60,0,0,0,1,critical_zone,0,1
45,fence24,random_waypoint,5,560,520,565.681,523.436,20,5,250,700,15,361.738,-71.2221,-60,0,0,0,1,critical_zone,0,1
45,fence24,random_waypoint,5,560,520,565.681,523.436,20,6,300,700,15,319.039,-70.1311,-60,0,0,0,1,critical_zone,0,1
45,fence24,random_waypoint,5,560,520,565.681,523.436,20,7,400,700,15,242.177,-67.7369,-60,0,0,0,1,critical_zone,0,1
45,fence24,random_waypoint,5,560,520,565.681,523.436,20,8,600,700,15,179.938,-65.1567,-60,0,0,0,1,critical_zone,0,1
45,fence24,random_waypoint,5,560,520,565.681,523.436,20,9,700,700,15,221.904,-66.9775,-60,0,0,0,1,critical_zone,0,1
45,fence24,random_waypoint,5,560,520,565.681,523.436,20,10,750,700,15,255.291,-68.1949,-60,0,0,0,1,critical_zone,0,1
45,fence24,random_waypoint,5,560,520,565.681,523.436,20,11,750,650,15,223.645,-67.0454,-60,0,0,0,1,critical_zone,0,1
45,fence24,random_waypoint,5,560,520,565.681,523.436,20,12,750,550,15,186.291,-65.458,-60,0,0,0,1,critical_zone,0,1
45,fence24,random_waypoint,5,560,520,565.681,523.436,20,13,750,450,15,198.473,-66.0082,-60,0,0,0,1,critical_zone,0,1
45,fence24,random_waypoint,5,560,520,565.681,523.436,20,14,750,350,15,253.138,-68.1214,-60,0,0,0,1,critical_zone,0,1
45,fence24,random_waypoint,5,560,520,565.681,523.436,20,15,750,300,15,289.693,-69.293,-60,0,0,0,1,critical_zone,0,1
45,fence24,random_waypoint,5,560,520,565.681,523.436,20,16,700,300,15,260.75,-68.3787,-60,0,0,0,1,critical_zone,0,1
45,fence24,random_waypoint,5,560,520,565.681,523.436,20,17,600,300,15,226.112,-67.1407,-60,0,0,0,1,critical_zone,0,1
45,fence24,random_waypoint,5,560,520,565.681,523.436,20,18,400,300,15,278.206,-68.9416,-60,0,0,0,1,critical_zone,0,1
45,fence24,random_waypoint,5,560,520,565.681,523.436,20,19,300,300,15,347.181,-70.8654,-60,0,0,0,1,critical_zone,0,1
45,fence24,random_waypoint,5,560,520,565.681,523.436,20,20,300,500,15,266.759,-68.5766,-60,0,0,0,1,critical_zone,0,1
45,fence24,random_waypoint,5,560,520,565.681,523.436,20,21,500,350,15,185.524,-65.4222,-60,0,0,0,1,critical_zone,0,1
45,fence24,random_waypoint,5,560,520,565.681,523.436,20,22,700,500,15,136.44,-62.7531,-60,0,0,0,1,critical_zone,0,1
45,fence24,random_waypoint,5,560,520,565.681,523.436,20,23,500,650,15,142.679,-63.1414,-60,0,0,0,1,critical_zone,0,1
46,fence24,random_waypoint,5,560,520,560,520,20,0,250,300,15,380.164,-71.6537,-60,0,0,0,1,critical_zone,0,1
46,fence24,random_waypoint,5,560,520,560,520,20,1,250,350,15,353.589,-71.0242,-60,0,0,0,1,critical_zone,0,1
46,fence24,random_waypoint,5,560,520,560,520,20,2,250,450,15,317.844,-70.0985,-60,0,0,0,1,critical_zone,0,1
46,fence24,random_waypoint,5,560,520,560,520,20,3,250,550,15,311.488,-69.9231,-60,0,0,0,1,critical_zone,0,1
46,fence24,random_waypoint,5,560,520,560,520,20,4,250,650,15,336.192,-70.586,-60,0,0,0,1,critical_zone,0,1
46,fence24,random_waypoint,5,560,520,560,520,20,5,250,700,15,358.504,-71.1441,-60,0,0,0,1,critical_zone,0,1
46,fence24,random_waypoint,5,560,520,560,520,20,6,300,700,15,316.267,-70.0553,-60,0,0,0,1,critical_zone,0,1
46,fence24,random_waypoint,5,560,520,560,520,20,7,400,700,15,240.884,-67.6904,-60,0,0,0,1,critical_zone,0,1
46,fence24,random_waypoint,5,560,520,560,520,20,8,600,700,15,184.459,-65.3722,-60,0,0,0,1,critical_zone,0,1
46,fence24,random_waypoint,5,560,520,560,520,20,9,700,700,15,228.09,-67.2163,-60,0,0,0,1,critical_zone,0,1
46,fence24,random_waypoint,5,560,520,560,520,20,10,750,700,15,261.773,-68.4127,-60,0,0,0,1,critical_zone,0,1
46,fence24,random_waypoint,5,560,520,560,520,20,11,750,650,15,230.272,-67.299,-60,0,0,0,1,critical_zone,0,1
46,fence24,random_waypoint,5,560,520,560,520,20,12,750,550,15,192.419,-65.7392,-60,0,0,0,1,critical_zone,0,1
46,fence24,random_waypoint,5,560,520,560,520,20,13,750,450,15,202.546,-66.1847,-60,0,0,0,1,critical_zone,0,1
46,fence24,random_waypoint,5,560,520,560,520,20,14,750,350,15,255,-68.185,-60,0,0,0,1,critical_zone,0,1
46,fence24,random_waypoint,5,560,520,560,520,20,15,750,300,15,290.732,-69.3241,-60,0,0,0,1,critical_zone,0,1
46,fence24,random_waypoint,5,560,520,560,520,20,16,700,300,15,260.816,-68.3809,-60,0,0,0,1,critical_zone,0,1
46,fence24,random_waypoint,5,560,520,560,520,20,17,600,300,15,223.663,-67.0461,-60,0,0,0,1,critical_zone,0,1
46,fence24,random_waypoint,5,560,520,560,520,20,18,400,300,15,272.075,-68.748,-60,0,0,0,1,critical_zone,0,1
46,fence24,random_waypoint,5,560,520,560,520,20,19,300,300,15,340.624,-70.6997,-60,0,0,0,1,critical_zone,0,1
46,fence24,random_waypoint,5,560,520,560,520,20,20,300,500,15,260.816,-68.3809,-60,0,0,0,1,critical_zone,0,1
46,fence24,random_waypoint,5,560,520,560,520,20,21,500,350,15,180.347,-65.1764,-60,0,0,0,1,critical_zone,0,1
46,fence24,random_waypoint,5,560,520,560,520,20,22,700,500,15,141.51,-63.07,-60,0,0,0,1,critical_zone,0,1
46,fence24,random_waypoint,5,560,520,560,520,20,23,500,650,15,143.265,-63.1771,-60,0,0,0,1,critical_zone,0,1
47,fence24,random_waypoint,5,560,520,560,520,20,0,250,300,15,380.164,-71.6537,-60,0,0,0,1,critical_zone,0,1
47,fence24,random_waypoint,5,560,520,560,520,20,1,250,350,15,353.589,-71.0242,-60,0,0,0,1,critical_zone,0,1
47,fence24,random_waypoint,5,560,520,560,520,20,2,250,450,15,317.844,-70.0985,-60,0,0,0,1,critical_zone,0,1
47,fence24,random_waypoint,5,560,520,560,520,20,3,250,550,15,311.488,-69.9231,-60,0,0,0,1,critical_zone,0,1
47,fence24,random_waypoint,5,560,520,560,520,20,4,250,650,15,336.192,-70.586,-60,0,0,0,1,critical_zone,0,1
47,fence24,random_waypoint,5,560,520,560,520,20,5,250,700,15,358.504,-71.1441,-60,0,0,0,1,critical_zone,0,1
47,fence24,random_waypoint,5,560,520,560,520,20,6,300,700,15,316.267,-70.0553,-60,0,0,0,1,critical_zone,0,1
47,fence24,random_waypoint,5,560,520,560,520,20,7,400,700,15,240.884,-67.6904,-60,0,0,0,1,critical_zone,0,1
47,fence24,random_waypoint,5,560,520,560,520,20,8,600,700,15,184.459,-65.3722,-60,0,0,0,1,critical_zone,0,1
47,fence24,random_waypoint,5,560,520,560,520,20,9,700,700,15,228.09,-67.2163,-60,0,0,0,1,critical_zone,0,1
47,fence24,random_waypoint,5,560,520,560,520,20,10,750,700,15,261.773,-68.4127,-60,0,0,0,1,critical_zone,0,1
47,fence24,random_waypoint,5,560,520,560,520,20,11,750,650,15,230.272,-67.299,-60,0,0,0,1,critical_zone,0,1
47,fence24,random_waypoint,5,560,520,560,520,20,12,750,550,15,192.419,-65.7392,-60,0,0,0,1,critical_zone,0,1
47,fence24,random_waypoint,5,560,520,560,520,20,13,750,450,15,202.546,-66.1847,-60,0,0,0,1,critical_zone,0,1
47,fence24,random_waypoint,5,560,520,560,520,20,14,750,350,15,255,-68.185,-60,0,0,0,1,critical_zone,0,1
47,fence24,random_waypoint,5,560,520,560,520,20,15,750,300,15,290.732,-69.3241,-60,0,0,0,1,critical_zone,0,1
47,fence24,random_waypoint,5,560,520,560,520,20,16,700,300,15,260.816,-68.3809,-60,0,0,0,1,critical_zone,0,1
47,fence24,random_waypoint,5,560,520,560,520,20,17,600,300,15,223.663,-67.0461,-60,0,0,0,1,critical_zone,0,1
47,fence24,random_waypoint,5,560,520,560,520,20,18,400,300,15,272.075,-68.748,-60,0,0,0,1,critical_zone,0,1
47,fence24,random_waypoint,5,560,520,560,520,20,19,300,300,15,340.624,-70.6997,-60,0,0,0,1,critical_zone,0,1
47,fence24,random_waypoint,5,560,520,560,520,20,20,300,500,15,260.816,-68.3809,-60,0,0,0,1,critical_zone,0,1
47,fence24,random_waypoint,5,560,520,560,520,20,21,500,350,15,180.347,-65.1764,-60,0,0,0,1,critical_zone,0,1
47,fence24,random_waypoint,5,560,520,560,520,20,22,700,500,15,141.51,-63.07,-60,0,0,0,1,critical_zone,0,1
47,fence24,random_waypoint,5,560,520,560,520,20,23,500,650,15,143.265,-63.1771,-60,0,0,0,1,critical_zone,0,1
48,fence24,random_waypoint,5,560,520,560,520,20,0,250,300,15,380.164,-71.6537,-60,0,0,0,1,critical_zone,0,1
48,fence24,random_waypoint,5,560,520,560,520,20,1,250,350,15,353.589,-71.0242,-60,0,0,0,1,critical_zone,0,1
48,fence24,random_waypoint,5,560,520,560,520,20,2,250,450,15,317.844,-70.0985,-60,0,0,0,1,critical_zone,0,1
48,fence24,random_waypoint,5,560,520,560,520,20,3,250,550,15,311.488,-69.9231,-60,0,0,0,1,critical_zone,0,1
48,fence24,random_waypoint,5,560,520,560,520,20,4,250,650,15,336.192,-70.586,-60,0,0,0,1,critical_zone,0,1
48,fence24,random_waypoint,5,560,520,560,520,20,5,250,700,15,358.504,-71.1441,-60,0,0,0,1,critical_zone,0,1
48,fence24,random_waypoint,5,560,520,560,520,20,6,300,700,15,316.267,-70.0553,-60,0,0,0,1,critical_zone,0,1
48,fence24,random_waypoint,5,560,520,560,520,20,7,400,700,15,240.884,-67.6904,-60,0,0,0,1,critical_zone,0,1
48,fence24,random_waypoint,5,560,520,560,520,20,8,600,700,15,184.459,-65.3722,-60,0,0,0,1,critical_zone,0,1
48,fence24,random_waypoint,5,560,520,560,520,20,9,700,700,15,228.09,-67.2163,-60,0,0,0,1,critical_zone,0,1
48,fence24,random_waypoint,5,560,520,560,520,20,10,750,700,15,261.773,-68.4127,-60,0,0,0,1,critical_zone,0,1
48,fence24,random_waypoint,5,560,520,560,520,20,11,750,650,15,230.272,-67.299,-60,0,0,0,1,critical_zone,0,1
48,fence24,random_waypoint,5,560,520,560,520,20,12,750,550,15,192.419,-65.7392,-60,0,0,0,1,critical_zone,0,1
48,fence24,random_waypoint,5,560,520,560,520,20,13,750,450,15,202.546,-66.1847,-60,0,0,0,1,critical_zone,0,1
48,fence24,random_waypoint,5,560,520,560,520,20,14,750,350,15,255,-68.185,-60,0,0,0,1,critical_zone,0,1
48,fence24,random_waypoint,5,560,520,560,520,20,15,750,300,15,290.732,-69.3241,-60,0,0,0,1,critical_zone,0,1
48,fence24,random_waypoint,5,560,520,560,520,20,16,700,300,15,260.816,-68.3809,-60,0,0,0,1,critical_zone,0,1
48,fence24,random_waypoint,5,560,520,560,520,20,17,600,300,15,223.663,-67.0461,-60,0,0,0,1,critical_zone,0,1
48,fence24,random_waypoint,5,560,520,560,520,20,18,400,300,15,272.075,-68.748,-60,0,0,0,1,critical_zone,0,1
48,fence24,random_waypoint,5,560,520,560,520,20,19,300,300,15,340.624,-70.6997,-60,0,0,0,1,critical_zone,0,1
48,fence24,random_waypoint,5,560,520,560,520,20,20,300,500,15,260.816,-68.3809,-60,0,0,0,1,critical_zone,0,1
48,fence24,random_waypoint,5,560,520,560,520,20,21,500,350,15,180.347,-65.1764,-60,0,0,0,1,critical_zone,0,1
48,fence24,random_waypoint,5,560,520,560,520,20,22,700,500,15,141.51,-63.07,-60,0,0,0,1,critical_zone,0,1
48,fence24,random_waypoint,5,560,520,560,520,20,23,500,650,15,143.265,-63.1771,-60,0,0,0,1,critical_zone,0,1
49,fence24,random_waypoint,5,560,520,560,520,20,0,250,300,15,380.164,-71.6537,-60,0,0,0,1,critical_zone,0,1
49,fence24,random_waypoint,5,560,520,560,520,20,1,250,350,15,353.589,-71.0242,-60,0,0,0,1,critical_zone,0,1
49,fence24,random_waypoint,5,560,520,560,520,20,2,250,450,15,317.844,-70.0985,-60,0,0,0,1,critical_zone,0,1
49,fence24,random_waypoint,5,560,520,560,520,20,3,250,550,15,311.488,-69.9231,-60,0,0,0,1,critical_zone,0,1
49,fence24,random_waypoint,5,560,520,560,520,20,4,250,650,15,336.192,-70.586,-60,0,0,0,1,critical_zone,0,1
49,fence24,random_waypoint,5,560,520,560,520,20,5,250,700,15,358.504,-71.1441,-60,0,0,0,1,critical_zone,0,1
49,fence24,random_waypoint,5,560,520,560,520,20,6,300,700,15,316.267,-70.0553,-60,0,0,0,1,critical_zone,0,1
49,fence24,random_waypoint,5,560,520,560,520,20,7,400,700,15,240.884,-67.6904,-60,0,0,0,1,critical_zone,0,1
49,fence24,random_waypoint,5,560,520,560,520,20,8,600,700,15,184.459,-65.3722,-60,0,0,0,1,critical_zone,0,1
49,fence24,random_waypoint,5,560,520,560,520,20,9,700,700,15,228.09,-67.2163,-60,0,0,0,1,critical_zone,0,1
49,fence24,random_waypoint,5,560,520,560,520,20,10,750,700,15,261.773,-68.4127,-60,0,0,0,1,critical_zone,0,1
49,fence24,random_waypoint,5,560,520,560,520,20,11,750,650,15,230.272,-67.299,-60,0,0,0,1,critical_zone,0,1
49,fence24,random_waypoint,5,560,520,560,520,20,12,750,550,15,192.419,-65.7392,-60,0,0,0,1,critical_zone,0,1
49,fence24,random_waypoint,5,560,520,560,520,20,13,750,450,15,202.546,-66.1847,-60,0,0,0,1,critical_zone,0,1
49,fence24,random_waypoint,5,560,520,560,520,20,14,750,350,15,255,-68.185,-60,0,0,0,1,critical_zone,0,1
49,fence24,random_waypoint,5,560,520,560,520,20,15,750,300,15,290.732,-69.3241,-60,0,0,0,1,critical_zone,0,1
49,fence24,random_waypoint,5,560,520,560,520,20,16,700,300,15,260.816,-68.3809,-60,0,0,0,1,critical_zone,0,1
49,fence24,random_waypoint,5,560,520,560,520,20,17,600,300,15,223.663,-67.0461,-60,0,0,0,1,critical_zone,0,1
49,fence24,random_waypoint,5,560,520,560,520,20,18,400,300,15,272.075,-68.748,-60,0,0,0,1,critical_zone,0,1
49,fence24,random_waypoint,5,560,520,560,520,20,19,300,300,15,340.624,-70.6997,-60,0,0,0,1,critical_zone,0,1
49,fence24,random_waypoint,5,560,520,560,520,20,20,300,500,15,260.816,-68.3809,-60,0,0,0,1,critical_zone,0,1
49,fence24,random_waypoint,5,560,520,560,520,20,21,500,350,15,180.347,-65.1764,-60,0,0,0,1,critical_zone,0,1
49,fence24,random_waypoint,5,560,520,560,520,20,22,700,500,15,141.51,-63.07,-60,0,0,0,1,critical_zone,0,1
49,fence24,random_waypoint,5,560,520,560,520,20,23,500,650,15,143.265,-63.1771,-60,0,0,0,1,critical_zone,0,1
50,fence24,random_waypoint,5,560,520,560,520,20,0,250,300,15,380.164,-71.6537,-60,0,0,0,1,critical_zone,0,1
50,fence24,random_waypoint,5,560,520,560,520,20,1,250,350,15,353.589,-71.0242,-60,0,0,0,1,critical_zone,0,1
50,fence24,random_waypoint,5,560,520,560,520,20,2,250,450,15,317.844,-70.0985,-60,0,0,0,1,critical_zone,0,1
50,fence24,random_waypoint,5,560,520,560,520,20,3,250,550,15,311.488,-69.9231,-60,0,0,0,1,critical_zone,0,1
50,fence24,random_waypoint,5,560,520,560,520,20,4,250,650,15,336.192,-70.586,-60,0,0,0,1,critical_zone,0,1
50,fence24,random_waypoint,5,560,520,560,520,20,5,250,700,15,358.504,-71.1441,-60,0,0,0,1,critical_zone,0,1
50,fence24,random_waypoint,5,560,520,560,520,20,6,300,700,15,316.267,-70.0553,-60,0,0,0,1,critical_zone,0,1
50,fence24,random_waypoint,5,560,520,560,520,20,7,400,700,15,240.884,-67.6904,-60,0,0,0,1,critical_zone,0,1
50,fence24,random_waypoint,5,560,520,560,520,20,8,600,700,15,184.459,-65.3722,-60,0,0,0,1,critical_zone,0,1
50,fence24,random_waypoint,5,560,520,560,520,20,9,700,700,15,228.09,-67.2163,-60,0,0,0,1,critical_zone,0,1
50,fence24,random_waypoint,5,560,520,560,520,20,10,750,700,15,261.773,-68.4127,-60,0,0,0,1,critical_zone,0,1
50,fence24,random_waypoint,5,560,520,560,520,20,11,750,650,15,230.272,-67.299,-60,0,0,0,1,critical_zone,0,1
50,fence24,random_waypoint,5,560,520,560,520,20,12,750,550,15,192.419,-65.7392,-60,0,0,0,1,critical_zone,0,1
50,fence24,random_waypoint,5,560,520,560,520,20,13,750,450,15,202.546,-66.1847,-60,0,0,0,1,critical_zone,0,1
50,fence24,random_waypoint,5,560,520,560,520,20,14,750,350,15,255,-68.185,-60,0,0,0,1,critical_zone,0,1
50,fence24,random_waypoint,5,560,520,560,520,20,15,750,300,15,290.732,-69.3241,-60,0,0,0,1,critical_zone,0,1
50,fence24,random_waypoint,5,560,520,560,520,20,16,700,300,15,260.816,-68.3809,-60,0,0,0,1,critical_zone,0,1
50,fence24,random_waypoint,5,560,520,560,520,20,17,600,300,15,223.663,-67.0461,-60,0,0,0,1,critical_zone,0,1
50,fence24,random_waypoint,5,560,520,560,520,20,18,400,300,15,272.075,-68.748,-60,0,0,0,1,critical_zone,0,1
50,fence24,random_waypoint,5,560,520,560,520,20,19,300,300,15,340.624,-70.6997,-60,0,0,0,1,critical_zone,0,1
50,fence24,random_waypoint,5,560,520,560,520,20,20,300,500,15,260.816,-68.3809,-60,0,0,0,1,critical_zone,0,1
50,fence24,random_waypoint,5,560,520,560,520,20,21,500,350,15,180.347,-65.1764,-60,0,0,0,1,critical_zone,0,1
50,fence24,random_waypoint,5,560,520,560,520,20,22,700,500,15,141.51,-63.07,-60,0,0,0,1,critical_zone,0,1
50,fence24,random_waypoint,5,560,520,560,520,20,23,500,650,15,143.265,-63.1771,-60,0,0,0,1,critical_zone,0,1
51,fence24,random_waypoint,5,560,520,560,520,20,0,250,300,15,380.164,-71.6537,-60,0,0,0,1,critical_zone,0,1
51,fence24,random_waypoint,5,560,520,560,520,20,1,250,350,15,353.589,-71.0242,-60,0,0,0,1,critical_zone,0,1
51,fence24,random_waypoint,5,560,520,560,520,20,2,250,450,15,317.844,-70.0985,-60,0,0,0,1,critical_zone,0,1
51,fence24,random_waypoint,5,560,520,560,520,20,3,250,550,15,311.488,-69.9231,-60,0,0,0,1,critical_zone,0,1
51,fence24,random_waypoint,5,560,520,560,520,20,4,250,650,15,336.192,-70.586,-60,0,0,0,1,critical_zone,0,1
51,fence24,random_waypoint,5,560,520,560,520,20,5,250,700,15,358.504,-71.1441,-60,0,0,0,1,critical_zone,0,1
51,fence24,random_waypoint,5,560,520,560,520,20,6,300,700,15,316.267,-70.0553,-60,0,0,0,1,critical_zone,0,1
51,fence24,random_waypoint,5,560,520,560,520,20,7,400,700,15,240.884,-67.6904,-60,0,0,0,1,critical_zone,0,1
51,fence24,random_waypoint,5,560,520,560,520,20,8,600,700,15,184.459,-65.3722,-60,0,0,0,1,critical_zone,0,1
51,fence24,random_waypoint,5,560,520,560,520,20,9,700,700,15,228.09,-67.2163,-60,0,0,0,1,critical_zone,0,1
51,fence24,random_waypoint,5,560,520,560,520,20,10,750,700,15,261.773,-68.4127,-60,0,0,0,1,critical_zone,0,1
51,fence24,random_waypoint,5,560,520,560,520,20,11,750,650,15,230.272,-67.299,-60,0,0,0,1,critical_zone,0,1
51,fence24,random_waypoint,5,560,520,560,520,20,12,750,550,15,192.419,-65.7392,-60,0,0,0,1,critical_zone,0,1
51,fence24,random_waypoint,5,560,520,560,520,20,13,750,450,15,202.546,-66.1847,-60,0,0,0,1,critical_zone,0,1
51,fence24,random_waypoint,5,560,520,560,520,20,14,750,350,15,255,-68.185,-60,0,0,0,1,critical_zone,0,1
51,fence24,random_waypoint,5,560,520,560,520,20,15,750,300,15,290.732,-69.3241,-60,0,0,0,1,critical_zone,0,1
51,fence24,random_waypoint,5,560,520,560,520,20,16,700,300,15,260.816,-68.3809,-60,0,0,0,1,critical_zone,0,1
51,fence24,random_waypoint,5,560,520,560,520,20,17,600,300,15,223.663,-67.0461,-60,0,0,0,1,critical_zone,0,1
51,fence24,random_waypoint,5,560,520,560,520,20,18,400,300,15,272.075,-68.748,-60,0,0,0,1,critical_zone,0,1
51,fence24,random_waypoint,5,560,520,560,520,20,19,300,300,15,340.624,-70.6997,-60,0,0,0,1,critical_zone,0,1
51,fence24,random_waypoint,5,560,520,560,520,20,20,300,500,15,260.816,-68.3809,-60,0,0,0,1,critical_zone,0,1
51,fence24,random_waypoint,5,560,520,560,520,20,21,500,350,15,180.347,-65.1764,-60,0,0,0,1,critical_zone,0,1
51,fence24,random_waypoint,5,560,520,560,520,20,22,700,500,15,141.51,-63.07,-60,0,0,0,1,critical_zone,0,1
51,fence24,random_waypoint,5,560,520,560,520,20,23,500,650,15,143.265,-63.1771,-60,0,0,0,1,critical_zone,0,1
52,fence24,random_waypoint,5,560,520,560,520,20,0,250,300,15,380.164,-71.6537,-60,0,0,0,1,critical_zone,0,1
52,fence24,random_waypoint,5,560,520,560,520,20,1,250,350,15,353.589,-71.0242,-60,0,0,0,1,critical_zone,0,1
52,fence24,random_waypoint,5,560,520,560,520,20,2,250,450,15,317.844,-70.0985,-60,0,0,0,1,critical_zone,0,1
52,fence24,random_waypoint,5,560,520,560,520,20,3,250,550,15,311.488,-69.9231,-60,0,0,0,1,critical_zone,0,1
52,fence24,random_waypoint,5,560,520,560,520,20,4,250,650,15,336.192,-70.586,-60,0,0,0,1,critical_zone,0,1
52,fence24,random_waypoint,5,560,520,560,520,20,5,250,700,15,358.504,-71.1441,-60,0,0,0,1,critical_zone,0,1
52,fence24,random_waypoint,5,560,520,560,520,20,6,300,700,15,316.267,-70.0553,-60,0,0,0,1,critical_zone,0,1
52,fence24,random_waypoint,5,560,520,560,520,20,7,400,700,15,240.884,-67.6904,-60,0,0,0,1,critical_zone,0,1
52,fence24,random_waypoint,5,560,520,560,520,20,8,600,700,15,184.459,-65.3722,-60,0,0,0,1,critical_zone,0,1
52,fence24,random_waypoint,5,560,520,560,520,20,9,700,700,15,228.09,-67.2163,-60,0,0,0,1,critical_zone,0,1
52,fence24,random_waypoint,5,560,520,560,520,20,10,750,700,15,261.773,-68.4127,-60,0,0,0,1,critical_zone,0,1
52,fence24,random_waypoint,5,560,520,560,520,20,11,750,650,15,230.272,-67.299,-60,0,0,0,1,critical_zone,0,1
52,fence24,random_waypoint,5,560,520,560,520,20,12,750,550,15,192.419,-65.7392,-60,0,0,0,1,critical_zone,0,1
52,fence24,random_waypoint,5,560,520,560,520,20,13,750,450,15,202.546,-66.1847,-60,0,0,0,1,critical_zone,0,1
52,fence24,random_waypoint,5,560,520,560,520,20,14,750,350,15,255,-68.185,-60,0,0,0,1,critical_zone,0,1
52,fence24,random_waypoint,5,560,520,560,520,20,15,750,300,15,290.732,-69.3241,-60,0,0,0,1,critical_zone,0,1
52,fence24,random_waypoint,5,560,520,560,520,20,16,700,300,15,260.816,-68.3809,-60,0,0,0,1,critical_zone,0,1
52,fence24,random_waypoint,5,560,520,560,520,20,17,600,300,15,223.663,-67.0461,-60,0,0,0,1,critical_zone,0,1
52,fence24,random_waypoint,5,560,520,560,520,20,18,400,300,15,272.075,-68.748,-60,0,0,0,1,critical_zone,0,1
52,fence24,random_waypoint,5,560,520,560,520,20,19,300,300,15,340.624,-70.6997,-60,0,0,0,1,critical_zone,0,1
52,fence24,random_waypoint,5,560,520,560,520,20,20,300,500,15,260.816,-68.3809,-60,0,0,0,1,critical_zone,0,1
52,fence24,random_waypoint,5,560,520,560,520,20,21,500,350,15,180.347,-65.1764,-60,0,0,0,1,critical_zone,0,1
52,fence24,random_waypoint,5,560,520,560,520,20,22,700,500,15,141.51,-63.07,-60,0,0,0,1,critical_zone,0,1
52,fence24,random_waypoint,5,560,520,560,520,20,23,500,650,15,143.265,-63.1771,-60,0,0,0,1,critical_zone,0,1
53,fence24,random_waypoint,5,560,520,560,520,20,0,250,300,15,380.164,-71.6537,-60,0,0,0,1,critical_zone,0,1
53,fence24,random_waypoint,5,560,520,560,520,20,1,250,350,15,353.589,-71.0242,-60,0,0,0,1,critical_zone,0,1
53,fence24,random_waypoint,5,560,520,560,520,20,2,250,450,15,317.844,-70.0985,-60,0,0,0,1,critical_zone,0,1
53,fence24,random_waypoint,5,560,520,560,520,20,3,250,550,15,311.488,-69.9231,-60,0,0,0,1,critical_zone,0,1
53,fence24,random_waypoint,5,560,520,560,520,20,4,250,650,15,336.192,-70.586,-60,0,0,0,1,critical_zone,0,1
53,fence24,random_waypoint,5,560,520,560,520,20,5,250,700,15,358.504,-71.1441,-60,0,0,0,1,critical_zone,0,1
53,fence24,random_waypoint,5,560,520,560,520,20,6,300,700,15,316.267,-70.0553,-60,0,0,0,1,critical_zone,0,1
53,fence24,random_waypoint,5,560,520,560,520,20,7,400,700,15,240.884,-67.6904,-60,0,0,0,1,critical_zone,0,1
53,fence24,random_waypoint,5,560,520,560,520,20,8,600,700,15,184.459,-65.3722,-60,0,0,0,1,critical_zone,0,1
53,fence24,random_waypoint,5,560,520,560,520,20,9,700,700,15,228.09,-67.2163,-60,0,0,0,1,critical_zone,0,1
53,fence24,random_waypoint,5,560,520,560,520,20,10,750,700,15,261.773,-68.4127,-60,0,0,0,1,critical_zone,0,1
53,fence24,random_waypoint,5,560,520,560,520,20,11,750,650,15,230.272,-67.299,-60,0,0,0,1,critical_zone,0,1
53,fence24,random_waypoint,5,560,520,560,520,20,12,750,550,15,192.419,-65.7392,-60,0,0,0,1,critical_zone,0,1
53,fence24,random_waypoint,5,560,520,560,520,20,13,750,450,15,202.546,-66.1847,-60,0,0,0,1,critical_zone,0,1
53,fence24,random_waypoint,5,560,520,560,520,20,14,750,350,15,255,-68.185,-60,0,0,0,1,critical_zone,0,1
53,fence24,random_waypoint,5,560,520,560,520,20,15,750,300,15,290.732,-69.3241,-60,0,0,0,1,critical_zone,0,1
53,fence24,random_waypoint,5,560,520,560,520,20,16,700,300,15,260.816,-68.3809,-60,0,0,0,1,critical_zone,0,1
53,fence24,random_waypoint,5,560,520,560,520,20,17,600,300,15,223.663,-67.0461,-60,0,0,0,1,critical_zone,0,1
53,fence24,random_waypoint,5,560,520,560,520,20,18,400,300,15,272.075,-68.748,-60,0,0,0,1,critical_zone,0,1
53,fence24,random_waypoint,5,560,520,560,520,20,19,300,300,15,340.624,-70.6997,-60,0,0,0,1,critical_zone,0,1
53,fence24,random_waypoint,5,560,520,560,520,20,20,300,500,15,260.816,-68.3809,-60,0,0,0,1,critical_zone,0,1
53,fence24,random_waypoint,5,560,520,560,520,20,21,500,350,15,180.347,-65.1764,-60,0,0,0,1,critical_zone,0,1
53,fence24,random_waypoint,5,560,520,560,520,20,22,700,500,15,141.51,-63.07,-60,0,0,0,1,critical_zone,0,1
53,fence24,random_waypoint,5,560,520,560,520,20,23,500,650,15,143.265,-63.1771,-60,0,0,0,1,critical_zone,0,1
54,fence24,random_waypoint,5,560,520,560,520,20,0,250,300,15,380.164,-71.6537,-60,0,0,0,1,critical_zone,0,1
54,fence24,random_waypoint,5,560,520,560,520,20,1,250,350,15,353.589,-71.0242,-60,0,0,0,1,critical_zone,0,1
54,fence24,random_waypoint,5,560,520,560,520,20,2,250,450,15,317.844,-70.0985,-60,0,0,0,1,critical_zone,0,1
54,fence24,random_waypoint,5,560,520,560,520,20,3,250,550,15,311.488,-69.9231,-60,0,0,0,1,critical_zone,0,1
54,fence24,random_waypoint,5,560,520,560,520,20,4,250,650,15,336.192,-70.586,-60,0,0,0,1,critical_zone,0,1
54,fence24,random_waypoint,5,560,520,560,520,20,5,250,700,15,358.504,-71.1441,-60,0,0,0,1,critical_zone,0,1
54,fence24,random_waypoint,5,560,520,560,520,20,6,300,700,15,316.267,-70.0553,-60,0,0,0,1,critical_zone,0,1
54,fence24,random_waypoint,5,560,520,560,520,20,7,400,700,15,240.884,-67.6904,-60,0,0,0,1,critical_zone,0,1
54,fence24,random_waypoint,5,560,520,560,520,20,8,600,700,15,184.459,-65.3722,-60,0,0,0,1,critical_zone,0,1
54,fence24,random_waypoint,5,560,520,560,520,20,9,700,700,15,228.09,-67.2163,-60,0,0,0,1,critical_zone,0,1
54,fence24,random_waypoint,5,560,520,560,520,20,10,750,700,15,261.773,-68.4127,-60,0,0,0,1,critical_zone,0,1
54,fence24,random_waypoint,5,560,520,560,520,20,11,750,650,15,230.272,-67.299,-60,0,0,0,1,critical_zone,0,1
54,fence24,random_waypoint,5,560,520,560,520,20,12,750,550,15,192.419,-65.7392,-60,0,0,0,1,critical_zone,0,1
54,fence24,random_waypoint,5,560,520,560,520,20,13,750,450,15,202.546,-66.1847,-60,0,0,0,1,critical_zone,0,1
54,fence24,random_waypoint,5,560,520,560,520,20,14,750,350,15,255,-68.185,-60,0,0,0,1,critical_zone,0,1
54,fence24,random_waypoint,5,560,520,560,520,20,15,750,300,15,290.732,-69.3241,-60,0,0,0,1,critical_zone,0,1
54,fence24,random_waypoint,5,560,520,560,520,20,16,700,300,15,260.816,-68.3809,-60,0,0,0,1,critical_zone,0,1
54,fence24,random_waypoint,5,560,520,560,520,20,17,600,300,15,223.663,-67.0461,-60,0,0,0,1,critical_zone,0,1
54,fence24,random_waypoint,5,560,520,560,520,20,18,400,300,15,272.075,-68.748,-60,0,0,0,1,critical_zone,0,1
54,fence24,random_waypoint,5,560,520,560,520,20,19,300,300,15,340.624,-70.6997,-60,0,0,0,1,critical_zone,0,1
54,fence24,random_waypoint,5,560,520,560,520,20,20,300,500,15,260.816,-68.3809,-60,0,0,0,1,critical_zone,0,1
54,fence24,random_waypoint,5,560,520,560,520,20,21,500,350,15,180.347,-65.1764,-60,0,0,0,1,critical_zone,0,1
54,fence24,random_waypoint,5,560,520,560,520,20,22,700,500,15,141.51,-63.07,-60,0,0,0,1,critical_zone,0,1
54,fence24,random_waypoint,5,560,520,560,520,20,23,500,650,15,143.265,-63.1771,-60,0,0,0,1,critical_zone,0,1
55,fence24,random_waypoint,5,560,520,560,520,20,0,250,300,15,380.164,-71.6537,-60,0,0,0,1,critical_zone,0,1
55,fence24,random_waypoint,5,560,520,560,520,20,1,250,350,15,353.589,-71.0242,-60,0,0,0,1,critical_zone,0,1
55,fence24,random_waypoint,5,560,520,560,520,20,2,250,450,15,317.844,-70.0985,-60,0,0,0,1,critical_zone,0,1
55,fence24,random_waypoint,5,560,520,560,520,20,3,250,550,15,311.488,-69.9231,-60,0,0,0,1,critical_zone,0,1
55,fence24,random_waypoint,5,560,520,560,520,20,4,250,650,15,336.192,-70.586,-60,0,0,0,1,critical_zone,0,1
55,fence24,random_waypoint,5,560,520,560,520,20,5,250,700,15,358.504,-71.1441,-60,0,0,0,1,critical_zone,0,1
55,fence24,random_waypoint,5,560,520,560,520,20,6,300,700,15,316.267,-70.0553,-60,0,0,0,1,critical_zone,0,1
55,fence24,random_waypoint,5,560,520,560,520,20,7,400,700,15,240.884,-67.6904,-60,0,0,0,1,critical_zone,0,1
55,fence24,random_waypoint,5,560,520,560,520,20,8,600,700,15,184.459,-65.3722,-60,0,0,0,1,critical_zone,0,1
55,fence24,random_waypoint,5,560,520,560,520,20,9,700,700,15,228.09,-67.2163,-60,0,0,0,1,critical_zone,0,1
55,fence24,random_waypoint,5,560,520,560,520,20,10,750,700,15,261.773,-68.4127,-60,0,0,0,1,critical_zone,0,1
55,fence24,random_waypoint,5,560,520,560,520,20,11,750,650,15,230.272,-67.299,-60,0,0,0,1,critical_zone,0,1
55,fence24,random_waypoint,5,560,520,560,520,20,12,750,550,15,192.419,-65.7392,-60,0,0,0,1,critical_zone,0,1
55,fence24,random_waypoint,5,560,520,560,520,20,13,750,450,15,202.546,-66.1847,-60,0,0,0,1,critical_zone,0,1
55,fence24,random_waypoint,5,560,520,560,520,20,14,750,350,15,255,-68.185,-60,0,0,0,1,critical_zone,0,1
55,fence24,random_waypoint,5,560,520,560,520,20,15,750,300,15,290.732,-69.3241,-60,0,0,0,1,critical_zone,0,1
55,fence24,random_waypoint,5,560,520,560,520,20,16,700,300,15,260.816,-68.3809,-60,0,0,0,1,critical_zone,0,1
55,fence24,random_waypoint,5,560,520,560,520,20,17,600,300,15,223.663,-67.0461,-60,0,0,0,1,critical_zone,0,1
55,fence24,random_waypoint,5,560,520,560,520,20,18,400,300,15,272.075,-68.748,-60,0,0,0,1,critical_zone,0,1
55,fence24,random_waypoint,5,560,520,560,520,20,19,300,300,15,340.624,-70.6997,-60,0,0,0,1,critical_zone,0,1
55,fence24,random_waypoint,5,560,520,560,520,20,20,300,500,15,260.816,-68.3809,-60,0,0,0,1,critical_zone,0,1
55,fence24,random_waypoint,5,560,520,560,520,20,21,500,350,15,180.347,-65.1764,-60,0,0,0,1,critical_zone,0,1
55,fence24,random_waypoint,5,560,520,560,520,20,22,700,500,15,141.51,-63.07,-60,0,0,0,1,critical_zone,0,1
55,fence24,random_waypoint,5,560,520,560,520,20,23,500,650,15,143.265,-63.1771,-60,0,0,0,1,critical_zone,0,1
56,fence24,random_waypoint,5,560,520,560,520,20,0,250,300,15,380.164,-71.6537,-60,0,0,0,1,critical_zone,0,1
56,fence24,random_waypoint,5,560,520,560,520,20,1,250,350,15,353.589,-71.0242,-60,0,0,0,1,critical_zone,0,1
56,fence24,random_waypoint,5,560,520,560,520,20,2,250,450,15,317.844,-70.0985,-60,0,0,0,1,critical_zone,0,1
56,fence24,random_waypoint,5,560,520,560,520,20,3,250,550,15,311.488,-69.9231,-60,0,0,0,1,critical_zone,0,1
56,fence24,random_waypoint,5,560,520,560,520,20,4,250,650,15,336.192,-70.586,-60,0,0,0,1,critical_zone,0,1
56,fence24,random_waypoint,5,560,520,560,520,20,5,250,700,15,358.504,-71.1441,-60,0,0,0,1,critical_zone,0,1
56,fence24,random_waypoint,5,560,520,560,520,20,6,300,700,15,316.267,-70.0553,-60,0,0,0,1,critical_zone,0,1
56,fence24,random_waypoint,5,560,520,560,520,20,7,400,700,15,240.884,-67.6904,-60,0,0,0,1,critical_zone,0,1
56,fence24,random_waypoint,5,560,520,560,520,20,8,600,700,15,184.459,-65.3722,-60,0,0,0,1,critical_zone,0,1
56,fence24,random_waypoint,5,560,520,560,520,20,9,700,700,15,228.09,-67.2163,-60,0,0,0,1,critical_zone,0,1
56,fence24,random_waypoint,5,560,520,560,520,20,10,750,700,15,261.773,-68.4127,-60,0,0,0,1,critical_zone,0,1
56,fence24,random_waypoint,5,560,520,560,520,20,11,750,650,15,230.272,-67.299,-60,0,0,0,1,critical_zone,0,1
56,fence24,random_waypoint,5,560,520,560,520,20,12,750,550,15,192.419,-65.7392,-60,0,0,0,1,critical_zone,0,1
56,fence24,random_waypoint,5,560,520,560,520,20,13,750,450,15,202.546,-66.1847,-60,0,0,0,1,critical_zone,0,1
56,fence24,random_waypoint,5,560,520,560,520,20,14,750,350,15,255,-68.185,-60,0,0,0,1,critical_zone,0,1
56,fence24,random_waypoint,5,560,520,560,520,20,15,750,300,15,290.732,-69.3241,-60,0,0,0,1,critical_zone,0,1
56,fence24,random_waypoint,5,560,520,560,520,20,16,700,300,15,260.816,-68.3809,-60,0,0,0,1,critical_zone,0,1
56,fence24,random_waypoint,5,560,520,560,520,20,17,600,300,15,223.663,-67.0461,-60,0,0,0,1,critical_zone,0,1
56,fence24,random_waypoint,5,560,520,560,520,20,18,400,300,15,272.075,-68.748,-60,0,0,0,1,critical_zone,0,1
56,fence24,random_waypoint,5,560,520,560,520,20,19,300,300,15,340.624,-70.6997,-60,0,0,0,1,critical_zone,0,1
56,fence24,random_waypoint,5,560,520,560,520,20,20,300,500,15,260.816,-68.3809,-60,0,0,0,1,critical_zone,0,1
56,fence24,random_waypoint,5,560,520,560,520,20,21,500,350,15,180.347,-65.1764,-60,0,0,0,1,critical_zone,0,1
56,fence24,random_waypoint,5,560,520,560,520,20,22,700,500,15,141.51,-63.07,-60,0,0,0,1,critical_zone,0,1
56,fence24,random_waypoint,5,560,520,560,520,20,23,500,650,15,143.265,-63.1771,-60,0,0,0,1,critical_zone,0,1
57,fence24,random_waypoint,5,560,520,560,520,20,0,250,300,15,380.164,-71.6537,-60,0,0,0,1,critical_zone,0,1
57,fence24,random_waypoint,5,560,520,560,520,20,1,250,350,15,353.589,-71.0242,-60,0,0,0,1,critical_zone,0,1
57,fence24,random_waypoint,5,560,520,560,520,20,2,250,450,15,317.844,-70.0985,-60,0,0,0,1,critical_zone,0,1
57,fence24,random_waypoint,5,560,520,560,520,20,3,250,550,15,311.488,-69.9231,-60,0,0,0,1,critical_zone,0,1
57,fence24,random_waypoint,5,560,520,560,520,20,4,250,650,15,336.192,-70.586,-60,0,0,0,1,critical_zone,0,1
57,fence24,random_waypoint,5,560,520,560,520,20,5,250,700,15,358.504,-71.1441,-60,0,0,0,1,critical_zone,0,1
57,fence24,random_waypoint,5,560,520,560,520,20,6,300,700,15,316.267,-70.0553,-60,0,0,0,1,critical_zone,0,1
57,fence24,random_waypoint,5,560,520,560,520,20,7,400,700,15,240.884,-67.6904,-60,0,0,0,1,critical_zone,0,1
57,fence24,random_waypoint,5,560,520,560,520,20,8,600,700,15,184.459,-65.3722,-60,0,0,0,1,critical_zone,0,1
57,fence24,random_waypoint,5,560,520,560,520,20,9,700,700,15,228.09,-67.2163,-60,0,0,0,1,critical_zone,0,1
57,fence24,random_waypoint,5,560,520,560,520,20,10,750,700,15,261.773,-68.4127,-60,0,0,0,1,critical_zone,0,1
57,fence24,random_waypoint,5,560,520,560,520,20,11,750,650,15,230.272,-67.299,-60,0,0,0,1,critical_zone,0,1
57,fence24,random_waypoint,5,560,520,560,520,20,12,750,550,15,192.419,-65.7392,-60,0,0,0,1,critical_zone,0,1
57,fence24,random_waypoint,5,560,520,560,520,20,13,750,450,15,202.546,-66.1847,-60,0,0,0,1,critical_zone,0,1
57,fence24,random_waypoint,5,560,520,560,520,20,14,750,350,15,255,-68.185,-60,0,0,0,1,critical_zone,0,1
57,fence24,random_waypoint,5,560,520,560,520,20,15,750,300,15,290.732,-69.3241,-60,0,0,0,1,critical_zone,0,1
57,fence24,random_waypoint,5,560,520,560,520,20,16,700,300,15,260.816,-68.3809,-60,0,0,0,1,critical_zone,0,1
57,fence24,random_waypoint,5,560,520,560,520,20,17,600,300,15,223.663,-67.0461,-60,0,0,0,1,critical_zone,0,1
57,fence24,random_waypoint,5,560,520,560,520,20,18,400,300,15,272.075,-68.748,-60,0,0,0,1,critical_zone,0,1
57,fence24,random_waypoint,5,560,520,560,520,20,19,300,300,15,340.624,-70.6997,-60,0,0,0,1,critical_zone,0,1
57,fence24,random_waypoint,5,560,520,560,520,20,20,300,500,15,260.816,-68.3809,-60,0,0,0,1,critical_zone,0,1
57,fence24,random_waypoint,5,560,520,560,520,20,21,500,350,15,180.347,-65.1764,-60,0,0,0,1,critical_zone,0,1
57,fence24,random_waypoint,5,560,520,560,520,20,22,700,500,15,141.51,-63.07,-60,0,0,0,1,critical_zone,0,1
57,fence24,random_waypoint,5,560,520,560,520,20,23,500,650,15,143.265,-63.1771,-60,0,0,0,1,critical_zone,0,1
58,fence24,random_waypoint,5,560,520,560,520,20,0,250,300,15,380.164,-71.6537,-60,0,0,0,1,critical_zone,0,1
58,fence24,random_waypoint,5,560,520,560,520,20,1,250,350,15,353.589,-71.0242,-60,0,0,0,1,critical_zone,0,1
58,fence24,random_waypoint,5,560,520,560,520,20,2,250,450,15,317.844,-70.0985,-60,0,0,0,1,critical_zone,0,1
58,fence24,random_waypoint,5,560,520,560,520,20,3,250,550,15,311.488,-69.9231,-60,0,0,0,1,critical_zone,0,1
58,fence24,random_waypoint,5,560,520,560,520,20,4,250,650,15,336.192,-70.586,-60,0,0,0,1,critical_zone,0,1
58,fence24,random_waypoint,5,560,520,560,520,20,5,250,700,15,358.504,-71.1441,-60,0,0,0,1,critical_zone,0,1
58,fence24,random_waypoint,5,560,520,560,520,20,6,300,700,15,316.267,-70.0553,-60,0,0,0,1,critical_zone,0,1
58,fence24,random_waypoint,5,560,520,560,520,20,7,400,700,15,240.884,-67.6904,-60,0,0,0,1,critical_zone,0,1
58,fence24,random_waypoint,5,560,520,560,520,20,8,600,700,15,184.459,-65.3722,-60,0,0,0,1,critical_zone,0,1
58,fence24,random_waypoint,5,560,520,560,520,20,9,700,700,15,228.09,-67.2163,-60,0,0,0,1,critical_zone,0,1
58,fence24,random_waypoint,5,560,520,560,520,20,10,750,700,15,261.773,-68.4127,-60,0,0,0,1,critical_zone,0,1
58,fence24,random_waypoint,5,560,520,560,520,20,11,750,650,15,230.272,-67.299,-60,0,0,0,1,critical_zone,0,1
58,fence24,random_waypoint,5,560,520,560,520,20,12,750,550,15,192.419,-65.7392,-60,0,0,0,1,critical_zone,0,1
58,fence24,random_waypoint,5,560,520,560,520,20,13,750,450,15,202.546,-66.1847,-60,0,0,0,1,critical_zone,0,1
58,fence24,random_waypoint,5,560,520,560,520,20,14,750,350,15,255,-68.185,-60,0,0,0,1,critical_zone,0,1
58,fence24,random_waypoint,5,560,520,560,520,20,15,750,300,15,290.732,-69.3241,-60,0,0,0,1,critical_zone,0,1
58,fence24,random_waypoint,5,560,520,560,520,20,16,700,300,15,260.816,-68.3809,-60,0,0,0,1,critical_zone,0,1
58,fence24,random_waypoint,5,560,520,560,520,20,17,600,300,15,223.663,-67.0461,-60,0,0,0,1,critical_zone,0,1
58,fence24,random_waypoint,5,560,520,560,520,20,18,400,300,15,272.075,-68.748,-60,0,0,0,1,critical_zone,0,1
58,fence24,random_waypoint,5,560,520,560,520,20,19,300,300,15,340.624,-70.6997,-60,0,0,0,1,critical_zone,0,1
58,fence24,random_waypoint,5,560,520,560,520,20,20,300,500,15,260.816,-68.3809,-60,0,0,0,1,critical_zone,0,1
58,fence24,random_waypoint,5,560,520,560,520,20,21,500,350,15,180.347,-65.1764,-60,0,0,0,1,critical_zone,0,1
58,fence24,random_waypoint,5,560,520,560,520,20,22,700,500,15,141.51,-63.07,-60,0,0,0,1,critical_zone,0,1
58,fence24,random_waypoint,5,560,520,560,520,20,23,500,650,15,143.265,-63.1771,-60,0,0,0,1,critical_zone,0,1
59,fence24,random_waypoint,5,560,520,560,520,20,0,250,300,15,380.164,-71.6537,-60,0,0,0,1,critical_zone,0,1
59,fence24,random_waypoint,5,560,520,560,520,20,1,250,350,15,353.589,-71.0242,-60,0,0,0,1,critical_zone,0,1
59,fence24,random_waypoint,5,560,520,560,520,20,2,250,450,15,317.844,-70.0985,-60,0,0,0,1,critical_zone,0,1
59,fence24,random_waypoint,5,560,520,560,520,20,3,250,550,15,311.488,-69.9231,-60,0,0,0,1,critical_zone,0,1
59,fence24,random_waypoint,5,560,520,560,520,20,4,250,650,15,336.192,-70.586,-60,0,0,0,1,critical_zone,0,1
59,fence24,random_waypoint,5,560,520,560,520,20,5,250,700,15,358.504,-71.1441,-60,0,0,0,1,critical_zone,0,1
59,fence24,random_waypoint,5,560,520,560,520,20,6,300,700,15,316.267,-70.0553,-60,0,0,0,1,critical_zone,0,1
59,fence24,random_waypoint,5,560,520,560,520,20,7,400,700,15,240.884,-67.6904,-60,0,0,0,1,critical_zone,0,1
59,fence24,random_waypoint,5,560,520,560,520,20,8,600,700,15,184.459,-65.3722,-60,0,0,0,1,critical_zone,0,1
59,fence24,random_waypoint,5,560,520,560,520,20,9,700,700,15,228.09,-67.2163,-60,0,0,0,1,critical_zone,0,1
59,fence24,random_waypoint,5,560,520,560,520,20,10,750,700,15,261.773,-68.4127,-60,0,0,0,1,critical_zone,0,1
59,fence24,random_waypoint,5,560,520,560,520,20,11,750,650,15,230.272,-67.299,-60,0,0,0,1,critical_zone,0,1
59,fence24,random_waypoint,5,560,520,560,520,20,12,750,550,15,192.419,-65.7392,-60,0,0,0,1,critical_zone,0,1
59,fence24,random_waypoint,5,560,520,560,520,20,13,750,450,15,202.546,-66.1847,-60,0,0,0,1,critical_zone,0,1
59,fence24,random_waypoint,5,560,520,560,520,20,14,750,350,15,255,-68.185,-60,0,0,0,1,critical_zone,0,1
59,fence24,random_waypoint,5,560,520,560,520,20,15,750,300,15,290.732,-69.3241,-60,0,0,0,1,critical_zone,0,1
59,fence24,random_waypoint,5,560,520,560,520,20,16,700,300,15,260.816,-68.3809,-60,0,0,0,1,critical_zone,0,1
59,fence24,random_waypoint,5,560,520,560,520,20,17,600,300,15,223.663,-67.0461,-60,0,0,0,1,critical_zone,0,1
59,fence24,random_waypoint,5,560,520,560,520,20,18,400,300,15,272.075,-68.748,-60,0,0,0,1,critical_zone,0,1
59,fence24,random_waypoint,5,560,520,560,520,20,19,300,300,15,340.624,-70.6997,-60,0,0,0,1,critical_zone,0,1
59,fence24,random_waypoint,5,560,520,560,520,20,20,300,500,15,260.816,-68.3809,-60,0,0,0,1,critical_zone,0,1
59,fence24,random_waypoint,5,560,520,560,520,20,21,500,350,15,180.347,-65.1764,-60,0,0,0,1,critical_zone,0,1
59,fence24,random_waypoint,5,560,520,560,520,20,22,700,500,15,141.51,-63.07,-60,0,0,0,1,critical_zone,0,1
59,fence24,random_waypoint,5,560,520,560,520,20,23,500,650,15,143.265,-63.1771,-60,0,0,0,1,critical_zone,0,1
60,fence24,random_waypoint,5,560,520,560,520,20,0,250,300,15,380.164,-71.6537,-60,0,0,0,1,critical_zone,0,1
60,fence24,random_waypoint,5,560,520,560,520,20,1,250,350,15,353.589,-71.0242,-60,0,0,0,1,critical_zone,0,1
60,fence24,random_waypoint,5,560,520,560,520,20,2,250,450,15,317.844,-70.0985,-60,0,0,0,1,critical_zone,0,1
60,fence24,random_waypoint,5,560,520,560,520,20,3,250,550,15,311.488,-69.9231,-60,0,0,0,1,critical_zone,0,1
60,fence24,random_waypoint,5,560,520,560,520,20,4,250,650,15,336.192,-70.586,-60,0,0,0,1,critical_zone,0,1
60,fence24,random_waypoint,5,560,520,560,520,20,5,250,700,15,358.504,-71.1441,-60,0,0,0,1,critical_zone,0,1
60,fence24,random_waypoint,5,560,520,560,520,20,6,300,700,15,316.267,-70.0553,-60,0,0,0,1,critical_zone,0,1
60,fence24,random_waypoint,5,560,520,560,520,20,7,400,700,15,240.884,-67.6904,-60,0,0,0,1,critical_zone,0,1
60,fence24,random_waypoint,5,560,520,560,520,20,8,600,700,15,184.459,-65.3722,-60,0,0,0,1,critical_zone,0,1
60,fence24,random_waypoint,5,560,520,560,520,20,9,700,700,15,228.09,-67.2163,-60,0,0,0,1,critical_zone,0,1
60,fence24,random_waypoint,5,560,520,560,520,20,10,750,700,15,261.773,-68.4127,-60,0,0,0,1,critical_zone,0,1
60,fence24,random_waypoint,5,560,520,560,520,20,11,750,650,15,230.272,-67.299,-60,0,0,0,1,critical_zone,0,1
60,fence24,random_waypoint,5,560,520,560,520,20,12,750,550,15,192.419,-65.7392,-60,0,0,0,1,critical_zone,0,1
60,fence24,random_waypoint,5,560,520,560,520,20,13,750,450,15,202.546,-66.1847,-60,0,0,0,1,critical_zone,0,1
60,fence24,random_waypoint,5,560,520,560,520,20,14,750,350,15,255,-68.185,-60,0,0,0,1,critical_zone,0,1
60,fence24,random_waypoint,5,560,520,560,520,20,15,750,300,15,290.732,-69.3241,-60,0,0,0,1,critical_zone,0,1
60,fence24,random_waypoint,5,560,520,560,520,20,16,700,300,15,260.816,-68.3809,-60,0,0,0,1,critical_zone,0,1
60,fence24,random_waypoint,5,560,520,560,520,20,17,600,300,15,223.663,-67.0461,-60,0,0,0,1,critical_zone,0,1
60,fence24,random_waypoint,5,560,520,560,520,20,18,400,300,15,272.075,-68.748,-60,0,0,0,1,critical_zone,0,1
60,fence24,random_waypoint,5,560,520,560,520,20,19,300,300,15,340.624,-70.6997,-60,0,0,0,1,critical_zone,0,1
60,fence24,random_waypoint,5,560,520,560,520,20,20,300,500,15,260.816,-68.3809,-60,0,0,0,1,critical_zone,0,1
60,fence24,random_waypoint,5,560,520,560,520,20,21,500,350,15,180.347,-65.1764,-60,0,0,0,1,critical_zone,0,1
60,fence24,random_waypoint,5,560,520,560,520,20,22,700,500,15,141.51,-63.07,-60,0,0,0,1,critical_zone,0,1
60,fence24,random_waypoint,5,560,520,560,520,20,23,500,650,15,143.265,-63.1771,-60,0,0,0,1,critical_zone,0,1
61,fence24,random_waypoint,5,560,520,560,520,20,0,250,300,15,380.164,-71.6537,-60,0,0,0,1,critical_zone,0,1
61,fence24,random_waypoint,5,560,520,560,520,20,1,250,350,15,353.589,-71.0242,-60,0,0,0,1,critical_zone,0,1
61,fence24,random_waypoint,5,560,520,560,520,20,2,250,450,15,317.844,-70.0985,-60,0,0,0,1,critical_zone,0,1
61,fence24,random_waypoint,5,560,520,560,520,20,3,250,550,15,311.488,-69.9231,-60,0,0,0,1,critical_zone,0,1
61,fence24,random_waypoint,5,560,520,560,520,20,4,250,650,15,336.192,-70.586,-60,0,0,0,1,critical_zone,0,1
61,fence24,random_waypoint,5,560,520,560,520,20,5,250,700,15,358.504,-71.1441,-60,0,0,0,1,critical_zone,0,1
61,fence24,random_waypoint,5,560,520,560,520,20,6,300,700,15,316.267,-70.0553,-60,0,0,0,1,critical_zone,0,1
61,fence24,random_waypoint,5,560,520,560,520,20,7,400,700,15,240.884,-67.6904,-60,0,0,0,1,critical_zone,0,1
61,fence24,random_waypoint,5,560,520,560,520,20,8,600,700,15,184.459,-65.3722,-60,0,0,0,1,critical_zone,0,1
61,fence24,random_waypoint,5,560,520,560,520,20,9,700,700,15,228.09,-67.2163,-60,0,0,0,1,critical_zone,0,1
61,fence24,random_waypoint,5,560,520,560,520,20,10,750,700,15,261.773,-68.4127,-60,0,0,0,1,critical_zone,0,1
61,fence24,random_waypoint,5,560,520,560,520,20,11,750,650,15,230.272,-67.299,-60,0,0,0,1,critical_zone,0,1
61,fence24,random_waypoint,5,560,520,560,520,20,12,750,550,15,192.419,-65.7392,-60,0,0,0,1,critical_zone,0,1
61,fence24,random_waypoint,5,560,520,560,520,20,13,750,450,15,202.546,-66.1847,-60,0,0,0,1,critical_zone,0,1
61,fence24,random_waypoint,5,560,520,560,520,20,14,750,350,15,255,-68.185,-60,0,0,0,1,critical_zone,0,1
61,fence24,random_waypoint,5,560,520,560,520,20,15,750,300,15,290.732,-69.3241,-60,0,0,0,1,critical_zone,0,1
61,fence24,random_waypoint,5,560,520,560,520,20,16,700,300,15,260.816,-68.3809,-60,0,0,0,1,critical_zone,0,1
61,fence24,random_waypoint,5,560,520,560,520,20,17,600,300,15,223.663,-67.0461,-60,0,0,0,1,critical_zone,0,1
61,fence24,random_waypoint,5,560,520,560,520,20,18,400,300,15,272.075,-68.748,-60,0,0,0,1,critical_zone,0,1
61,fence24,random_waypoint,5,560,520,560,520,20,19,300,300,15,340.624,-70.6997,-60,0,0,0,1,critical_zone,0,1
61,fence24,random_waypoint,5,560,520,560,520,20,20,300,500,15,260.816,-68.3809,-60,0,0,0,1,critical_zone,0,1
61,fence24,random_waypoint,5,560,520,560,520,20,21,500,350,15,180.347,-65.1764,-60,0,0,0,1,critical_zone,0,1
61,fence24,random_waypoint,5,560,520,560,520,20,22,700,500,15,141.51,-63.07,-60,0,0,0,1,critical_zone,0,1
61,fence24,random_waypoint,5,560,520,560,520,20,23,500,650,15,143.265,-63.1771,-60,0,0,0,1,critical_zone,0,1
62,fence24,random_waypoint,5,560,520,560,520,20,0,250,300,15,380.164,-71.6537,-60,0,0,0,1,critical_zone,0,1
62,fence24,random_waypoint,5,560,520,560,520,20,1,250,350,15,353.589,-71.0242,-60,0,0,0,1,critical_zone,0,1
62,fence24,random_waypoint,5,560,520,560,520,20,2,250,450,15,317.844,-70.0985,-60,0,0,0,1,critical_zone,0,1
62,fence24,random_waypoint,5,560,520,560,520,20,3,250,550,15,311.488,-69.9231,-60,0,0,0,1,critical_zone,0,1
62,fence24,random_waypoint,5,560,520,560,520,20,4,250,650,15,336.192,-70.586,-60,0,0,0,1,critical_zone,0,1
62,fence24,random_waypoint,5,560,520,560,520,20,5,250,700,15,358.504,-71.1441,-60,0,0,0,1,critical_zone,0,1
62,fence24,random_waypoint,5,560,520,560,520,20,6,300,700,15,316.267,-70.0553,-60,0,0,0,1,critical_zone,0,1
62,fence24,random_waypoint,5,560,520,560,520,20,7,400,700,15,240.884,-67.6904,-60,0,0,0,1,critical_zone,0,1
62,fence24,random_waypoint,5,560,520,560,520,20,8,600,700,15,184.459,-65.3722,-60,0,0,0,1,critical_zone,0,1
62,fence24,random_waypoint,5,560,520,560,520,20,9,700,700,15,228.09,-67.2163,-60,0,0,0,1,critical_zone,0,1
62,fence24,random_waypoint,5,560,520,560,520,20,10,750,700,15,261.773,-68.4127,-60,0,0,0,1,critical_zone,0,1
62,fence24,random_waypoint,5,560,520,560,520,20,11,750,650,15,230.272,-67.299,-60,0,0,0,1,critical_zone,0,1
62,fence24,random_waypoint,5,560,520,560,520,20,12,750,550,15,192.419,-65.7392,-60,0,0,0,1,critical_zone,0,1
62,fence24,random_waypoint,5,560,520,560,520,20,13,750,450,15,202.546,-66.1847,-60,0,0,0,1,critical_zone,0,1
62,fence24,random_waypoint,5,560,520,560,520,20,14,750,350,15,255,-68.185,-60,0,0,0,1,critical_zone,0,1
62,fence24,random_waypoint,5,560,520,560,520,20,15,750,300,15,290.732,-69.3241,-60,0,0,0,1,critical_zone,0,1
62,fence24,random_waypoint,5,560,520,560,520,20,16,700,300,15,260.816,-68.3809,-60,0,0,0,1,critical_zone,0,1
62,fence24,random_waypoint,5,560,520,560,520,20,17,600,300,15,223.663,-67.0461,-60,0,0,0,1,critical_zone,0,1
62,fence24,random_waypoint,5,560,520,560,520,20,18,400,300,15,272.075,-68.748,-60,0,0,0,1,critical_zone,0,1
62,fence24,random_waypoint,5,560,520,560,520,20,19,300,300,15,340.624,-70.6997,-60,0,0,0,1,critical_zone,0,1
62,fence24,random_waypoint,5,560,520,560,520,20,20,300,500,15,260.816,-68.3809,-60,0,0,0,1,critical_zone,0,1
62,fence24,random_waypoint,5,560,520,560,520,20,21,500,350,15,180.347,-65.1764,-60,0,0,0,1,critical_zone,0,1
62,fence24,random_waypoint,5,560,520,560,520,20,22,700,500,15,141.51,-63.07,-60,0,0,0,1,critical_zone,0,1
62,fence24,random_waypoint,5,560,520,560,520,20,23,500,650,15,143.265,-63.1771,-60,0,0,0,1,critical_zone,0,1
63,fence24,random_waypoint,5,560,520,560,520,20,0,250,300,15,380.164,-71.6537,-60,0,0,0,1,critical_zone,0,1
63,fence24,random_waypoint,5,560,520,560,520,20,1,250,350,15,353.589,-71.0242,-60,0,0,0,1,critical_zone,0,1
63,fence24,random_waypoint,5,560,520,560,520,20,2,250,450,15,317.844,-70.0985,-60,0,0,0,1,critical_zone,0,1
63,fence24,random_waypoint,5,560,520,560,520,20,3,250,550,15,311.488,-69.9231,-60,0,0,0,1,critical_zone,0,1
63,fence24,random_waypoint,5,560,520,560,520,20,4,250,650,15,336.192,-70.586,-60,0,0,0,1,critical_zone,0,1
63,fence24,random_waypoint,5,560,520,560,520,20,5,250,700,15,358.504,-71.1441,-60,0,0,0,1,critical_zone,0,1
63,fence24,random_waypoint,5,560,520,560,520,20,6,300,700,15,316.267,-70.0553,-60,0,0,0,1,critical_zone,0,1
63,fence24,random_waypoint,5,560,520,560,520,20,7,400,700,15,240.884,-67.6904,-60,0,0,0,1,critical_zone,0,1
63,fence24,random_waypoint,5,560,520,560,520,20,8,600,700,15,184.459,-65.3722,-60,0,0,0,1,critical_zone,0,1
63,fence24,random_waypoint,5,560,520,560,520,20,9,700,700,15,228.09,-67.2163,-60,0,0,0,1,critical_zone,0,1
63,fence24,random_waypoint,5,560,520,560,520,20,10,750,700,15,261.773,-68.4127,-60,0,0,0,1,critical_zone,0,1
63,fence24,random_waypoint,5,560,520,560,520,20,11,750,650,15,230.272,-67.299,-60,0,0,0,1,critical_zone,0,1
63,fence24,random_waypoint,5,560,520,560,520,20,12,750,550,15,192.419,-65.7392,-60,0,0,0,1,critical_zone,0,1
63,fence24,random_waypoint,5,560,520,560,520,20,13,750,450,15,202.546,-66.1847,-60,0,0,0,1,critical_zone,0,1
63,fence24,random_waypoint,5,560,520,560,520,20,14,750,350,15,255,-68.185,-60,0,0,0,1,critical_zone,0,1
63,fence24,random_waypoint,5,560,520,560,520,20,15,750,300,15,290.732,-69.3241,-60,0,0,0,1,critical_zone,0,1
63,fence24,random_waypoint,5,560,520,560,520,20,16,700,300,15,260.816,-68.3809,-60,0,0,0,1,critical_zone,0,1
63,fence24,random_waypoint,5,560,520,560,520,20,17,600,300,15,223.663,-67.0461,-60,0,0,0,1,critical_zone,0,1
63,fence24,random_waypoint,5,560,520,560,520,20,18,400,300,15,272.075,-68.748,-60,0,0,0,1,critical_zone,0,1
63,fence24,random_waypoint,5,560,520,560,520,20,19,300,300,15,340.624,-70.6997,-60,0,0,0,1,critical_zone,0,1
63,fence24,random_waypoint,5,560,520,560,520,20,20,300,500,15,260.816,-68.3809,-60,0,0,0,1,critical_zone,0,1
63,fence24,random_waypoint,5,560,520,560,520,20,21,500,350,15,180.347,-65.1764,-60,0,0,0,1,critical_zone,0,1
63,fence24,random_waypoint,5,560,520,560,520,20,22,700,500,15,141.51,-63.07,-60,0,0,0,1,critical_zone,0,1
63,fence24,random_waypoint,5,560,520,560,520,20,23,500,650,15,143.265,-63.1771,-60,0,0,0,1,critical_zone,0,1
64,fence24,random_waypoint,5,560,520,560,520,20,0,250,300,15,380.164,-71.6537,-60,0,0,0,1,critical_zone,0,1
64,fence24,random_waypoint,5,560,520,560,520,20,1,250,350,15,353.589,-71.0242,-60,0,0,0,1,critical_zone,0,1
64,fence24,random_waypoint,5,560,520,560,520,20,2,250,450,15,317.844,-70.0985,-60,0,0,0,1,critical_zone,0,1
64,fence24,random_waypoint,5,560,520,560,520,20,3,250,550,15,311.488,-69.9231,-60,0,0,0,1,critical_zone,0,1
64,fence24,random_waypoint,5,560,520,560,520,20,4,250,650,15,336.192,-70.586,-60,0,0,0,1,critical_zone,0,1
64,fence24,random_waypoint,5,560,520,560,520,20,5,250,700,15,358.504,-71.1441,-60,0,0,0,1,critical_zone,0,1
64,fence24,random_waypoint,5,560,520,560,520,20,6,300,700,15,316.267,-70.0553,-60,0,0,0,1,critical_zone,0,1
64,fence24,random_waypoint,5,560,520,560,520,20,7,400,700,15,240.884,-67.6904,-60,0,0,0,1,critical_zone,0,1
64,fence24,random_waypoint,5,560,520,560,520,20,8,600,700,15,184.459,-65.3722,-60,0,0,0,1,critical_zone,0,1
64,fence24,random_waypoint,5,560,520,560,520,20,9,700,700,15,228.09,-67.2163,-60,0,0,0,1,critical_zone,0,1
64,fence24,random_waypoint,5,560,520,560,520,20,10,750,700,15,261.773,-68.4127,-60,0,0,0,1,critical_zone,0,1
64,fence24,random_waypoint,5,560,520,560,520,20,11,750,650,15,230.272,-67.299,-60,0,0,0,1,critical_zone,0,1
64,fence24,random_waypoint,5,560,520,560,520,20,12,750,550,15,192.419,-65.7392,-60,0,0,0,1,critical_zone,0,1
64,fence24,random_waypoint,5,560,520,560,520,20,13,750,450,15,202.546,-66.1847,-60,0,0,0,1,critical_zone,0,1
64,fence24,random_waypoint,5,560,520,560,520,20,14,750,350,15,255,-68.185,-60,0,0,0,1,critical_zone,0,1
64,fence24,random_waypoint,5,560,520,560,520,20,15,750,300,15,290.732,-69.3241,-60,0,0,0,1,critical_zone,0,1
64,fence24,random_waypoint,5,560,520,560,520,20,16,700,300,15,260.816,-68.3809,-60,0,0,0,1,critical_zone,0,1
64,fence24,random_waypoint,5,560,520,560,520,20,17,600,300,15,223.663,-67.0461,-60,0,0,0,1,critical_zone,0,1
64,fence24,random_waypoint,5,560,520,560,520,20,18,400,300,15,272.075,-68.748,-60,0,0,0,1,critical_zone,0,1
64,fence24,random_waypoint,5,560,520,560,520,20,19,300,300,15,340.624,-70.6997,-60,0,0,0,1,critical_zone,0,1
64,fence24,random_waypoint,5,560,520,560,520,20,20,300,500,15,260.816,-68.3809,-60,0,0,0,1,critical_zone,0,1
64,fence24,random_waypoint,5,560,520,560,520,20,21,500,350,15,180.347,-65.1764,-60,0,0,0,1,critical_zone,0,1
64,fence24,random_waypoint,5,560,520,560,520,20,22,700,500,15,141.51,-63.07,-60,0,0,0,1,critical_zone,0,1
64,fence24,random_waypoint,5,560,520,560,520,20,23,500,650,15,143.265,-63.1771,-60,0,0,0,1,critical_zone,0,1
65,fence24,random_waypoint,5,560,520,560,520,20,0,250,300,15,380.164,-71.6537,-60,0,0,0,1,critical_zone,0,1
65,fence24,random_waypoint,5,560,520,560,520,20,1,250,350,15,353.589,-71.0242,-60,0,0,0,1,critical_zone,0,1
65,fence24,random_waypoint,5,560,520,560,520,20,2,250,450,15,317.844,-70.0985,-60,0,0,0,1,critical_zone,0,1
65,fence24,random_waypoint,5,560,520,560,520,20,3,250,550,15,311.488,-69.9231,-60,0,0,0,1,critical_zone,0,1
65,fence24,random_waypoint,5,560,520,560,520,20,4,250,650,15,336.192,-70.586,-60,0,0,0,1,critical_zone,0,1
65,fence24,random_waypoint,5,560,520,560,520,20,5,250,700,15,358.504,-71.1441,-60,0,0,0,1,critical_zone,0,1
65,fence24,random_waypoint,5,560,520,560,520,20,6,300,700,15,316.267,-70.0553,-60,0,0,0,1,critical_zone,0,1
65,fence24,random_waypoint,5,560,520,560,520,20,7,400,700,15,240.884,-67.6904,-60,0,0,0,1,critical_zone,0,1
65,fence24,random_waypoint,5,560,520,560,520,20,8,600,700,15,184.459,-65.3722,-60,0,0,0,1,critical_zone,0,1
65,fence24,random_waypoint,5,560,520,560,520,20,9,700,700,15,228.09,-67.2163,-60,0,0,0,1,critical_zone,0,1
65,fence24,random_waypoint,5,560,520,560,520,20,10,750,700,15,261.773,-68.4127,-60,0,0,0,1,critical_zone,0,1
65,fence24,random_waypoint,5,560,520,560,520,20,11,750,650,15,230.272,-67.299,-60,0,0,0,1,critical_zone,0,1
65,fence24,random_waypoint,5,560,520,560,520,20,12,750,550,15,192.419,-65.7392,-60,0,0,0,1,critical_zone,0,1
65,fence24,random_waypoint,5,560,520,560,520,20,13,750,450,15,202.546,-66.1847,-60,0,0,0,1,critical_zone,0,1
65,fence24,random_waypoint,5,560,520,560,520,20,14,750,350,15,255,-68.185,-60,0,0,0,1,critical_zone,0,1
65,fence24,random_waypoint,5,560,520,560,520,20,15,750,300,15,290.732,-69.3241,-60,0,0,0,1,critical_zone,0,1
65,fence24,random_waypoint,5,560,520,560,520,20,16,700,300,15,260.816,-68.3809,-60,0,0,0,1,critical_zone,0,1
65,fence24,random_waypoint,5,560,520,560,520,20,17,600,300,15,223.663,-67.0461,-60,0,0,0,1,critical_zone,0,1
65,fence24,random_waypoint,5,560,520,560,520,20,18,400,300,15,272.075,-68.748,-60,0,0,0,1,critical_zone,0,1
65,fence24,random_waypoint,5,560,520,560,520,20,19,300,300,15,340.624,-70.6997,-60,0,0,0,1,critical_zone,0,1
65,fence24,random_waypoint,5,560,520,560,520,20,20,300,500,15,260.816,-68.3809,-60,0,0,0,1,critical_zone,0,1
65,fence24,random_waypoint,5,560,520,560,520,20,21,500,350,15,180.347,-65.1764,-60,0,0,0,1,critical_zone,0,1
65,fence24,random_waypoint,5,560,520,560,520,20,22,700,500,15,141.51,-63.07,-60,0,0,0,1,critical_zone,0,1
65,fence24,random_waypoint,5,560,520,560,520,20,23,500,650,15,143.265,-63.1771,-60,0,0,0,1,critical_zone,0,1
66,fence24,random_waypoint,5,560,520,560,520,20,0,250,300,15,380.164,-71.6537,-60,0,0,0,1,critical_zone,0,1
66,fence24,random_waypoint,5,560,520,560,520,20,1,250,350,15,353.589,-71.0242,-60,0,0,0,1,critical_zone,0,1
66,fence24,random_waypoint,5,560,520,560,520,20,2,250,450,15,317.844,-70.0985,-60,0,0,0,1,critical_zone,0,1
66,fence24,random_waypoint,5,560,520,560,520,20,3,250,550,15,311.488,-69.9231,-60,0,0,0,1,critical_zone,0,1
66,fence24,random_waypoint,5,560,520,560,520,20,4,250,650,15,336.192,-70.586,-60,0,0,0,1,critical_zone,0,1
66,fence24,random_waypoint,5,560,520,560,520,20,5,250,700,15,358.504,-71.1441,-60,0,0,0,1,critical_zone,0,1
66,fence24,random_waypoint,5,560,520,560,520,20,6,300,700,15,316.267,-70.0553,-60,0,0,0,1,critical_zone,0,1
66,fence24,random_waypoint,5,560,520,560,520,20,7,400,700,15,240.884,-67.6904,-60,0,0,0,1,critical_zone,0,1
66,fence24,random_waypoint,5,560,520,560,520,20,8,600,700,15,184.459,-65.3722,-60,0,0,0,1,critical_zone,0,1
66,fence24,random_waypoint,5,560,520,560,520,20,9,700,700,15,228.09,-67.2163,-60,0,0,0,1,critical_zone,0,1
66,fence24,random_waypoint,5,560,520,560,520,20,10,750,700,15,261.773,-68.4127,-60,0,0,0,1,critical_zone,0,1
66,fence24,random_waypoint,5,560,520,560,520,20,11,750,650,15,230.272,-67.299,-60,0,0,0,1,critical_zone,0,1
66,fence24,random_waypoint,5,560,520,560,520,20,12,750,550,15,192.419,-65.7392,-60,0,0,0,1,critical_zone,0,1
66,fence24,random_waypoint,5,560,520,560,520,20,13,750,450,15,202.546,-66.1847,-60,0,0,0,1,critical_zone,0,1
66,fence24,random_waypoint,5,560,520,560,520,20,14,750,350,15,255,-68.185,-60,0,0,0,1,critical_zone,0,1
66,fence24,random_waypoint,5,560,520,560,520,20,15,750,300,15,290.732,-69.3241,-60,0,0,0,1,critical_zone,0,1
66,fence24,random_waypoint,5,560,520,560,520,20,16,700,300,15,260.816,-68.3809,-60,0,0,0,1,critical_zone,0,1
66,fence24,random_waypoint,5,560,520,560,520,20,17,600,300,15,223.663,-67.0461,-60,0,0,0,1,critical_zone,0,1
66,fence24,random_waypoint,5,560,520,560,520,20,18,400,300,15,272.075,-68.748,-60,0,0,0,1,critical_zone,0,1
66,fence24,random_waypoint,5,560,520,560,520,20,19,300,300,15,340.624,-70.6997,-60,0,0,0,1,critical_zone,0,1
66,fence24,random_waypoint,5,560,520,560,520,20,20,300,500,15,260.816,-68.3809,-60,0,0,0,1,critical_zone,0,1
66,fence24,random_waypoint,5,560,520,560,520,20,21,500,350,15,180.347,-65.1764,-60,0,0,0,1,critical_zone,0,1
66,fence24,random_waypoint,5,560,520,560,520,20,22,700,500,15,141.51,-63.07,-60,0,0,0,1,critical_zone,0,1
66,fence24,random_waypoint,5,560,520,560,520,20,23,500,650,15,143.265,-63.1771,-60,0,0,0,1,critical_zone,0,1
67,fence24,random_waypoint,5,560,520,560,520,20,0,250,300,15,380.164,-71.6537,-60,0,0,0,1,critical_zone,0,1
67,fence24,random_waypoint,5,560,520,560,520,20,1,250,350,15,353.589,-71.0242,-60,0,0,0,1,critical_zone,0,1
67,fence24,random_waypoint,5,560,520,560,520,20,2,250,450,15,317.844,-70.0985,-60,0,0,0,1,critical_zone,0,1
67,fence24,random_waypoint,5,560,520,560,520,20,3,250,550,15,311.488,-69.9231,-60,0,0,0,1,critical_zone,0,1
67,fence24,random_waypoint,5,560,520,560,520,20,4,250,650,15,336.192,-70.586,-60,0,0,0,1,critical_zone,0,1
67,fence24,random_waypoint,5,560,520,560,520,20,5,250,700,15,358.504,-71.1441,-60,0,0,0,1,critical_zone,0,1
67,fence24,random_waypoint,5,560,520,560,520,20,6,300,700,15,316.267,-70.0553,-60,0,0,0,1,critical_zone,0,1
67,fence24,random_waypoint,5,560,520,560,520,20,7,400,700,15,240.884,-67.6904,-60,0,0,0,1,critical_zone,0,1
67,fence24,random_waypoint,5,560,520,560,520,20,8,600,700,15,184.459,-65.3722,-60,0,0,0,1,critical_zone,0,1
67,fence24,random_waypoint,5,560,520,560,520,20,9,700,700,15,228.09,-67.2163,-60,0,0,0,1,critical_zone,0,1
67,fence24,random_waypoint,5,560,520,560,520,20,10,750,700,15,261.773,-68.4127,-60,0,0,0,1,critical_zone,0,1
67,fence24,random_waypoint,5,560,520,560,520,20,11,750,650,15,230.272,-67.299,-60,0,0,0,1,critical_zone,0,1
67,fence24,random_waypoint,5,560,520,560,520,20,12,750,550,15,192.419,-65.7392,-60,0,0,0,1,critical_zone,0,1
67,fence24,random_waypoint,5,560,520,560,520,20,13,750,450,15,202.546,-66.1847,-60,0,0,0,1,critical_zone,0,1
67,fence24,random_waypoint,5,560,520,560,520,20,14,750,350,15,255,-68.185,-60,0,0,0,1,critical_zone,0,1
67,fence24,random_waypoint,5,560,520,560,520,20,15,750,300,15,290.732,-69.3241,-60,0,0,0,1,critical_zone,0,1
67,fence24,random_waypoint,5,560,520,560,520,20,16,700,300,15,260.816,-68.3809,-60,0,0,0,1,critical_zone,0,1
67,fence24,random_waypoint,5,560,520,560,520,20,17,600,300,15,223.663,-67.0461,-60,0,0,0,1,critical_zone,0,1
67,fence24,random_waypoint,5,560,520,560,520,20,18,400,300,15,272.075,-68.748,-60,0,0,0,1,critical_zone,0,1
67,fence24,random_waypoint,5,560,520,560,520,20,19,300,300,15,340.624,-70.6997,-60,0,0,0,1,critical_zone,0,1
67,fence24,random_waypoint,5,560,520,560,520,20,20,300,500,15,260.816,-68.3809,-60,0,0,0,1,critical_zone,0,1
67,fence24,random_waypoint,5,560,520,560,520,20,21,500,350,15,180.347,-65.1764,-60,0,0,0,1,critical_zone,0,1
67,fence24,random_waypoint,5,560,520,560,520,20,22,700,500,15,141.51,-63.07,-60,0,0,0,1,critical_zone,0,1
67,fence24,random_waypoint,5,560,520,560,520,20,23,500,650,15,143.265,-63.1771,-60,0,0,0,1,critical_zone,0,1
68,fence24,random_waypoint,5,560,520,560,520,20,0,250,300,15,380.164,-71.6537,-60,0,0,0,1,critical_zone,0,1
68,fence24,random_waypoint,5,560,520,560,520,20,1,250,350,15,353.589,-71.0242,-60,0,0,0,1,critical_zone,0,1
68,fence24,random_waypoint,5,560,520,560,520,20,2,250,450,15,317.844,-70.0985,-60,0,0,0,1,critical_zone,0,1
68,fence24,random_waypoint,5,560,520,560,520,20,3,250,550,15,311.488,-69.9231,-60,0,0,0,1,critical_zone,0,1
68,fence24,random_waypoint,5,560,520,560,520,20,4,250,650,15,336.192,-70.586,-60,0,0,0,1,critical_zone,0,1
68,fence24,random_waypoint,5,560,520,560,520,20,5,250,700,15,358.504,-71.1441,-60,0,0,0,1,critical_zone,0,1
68,fence24,random_waypoint,5,560,520,560,520,20,6,300,700,15,316.267,-70.0553,-60,0,0,0,1,critical_zone,0,1
68,fence24,random_waypoint,5,560,520,560,520,20,7,400,700,15,240.884,-67.6904,-60,0,0,0,1,critical_zone,0,1
68,fence24,random_waypoint,5,560,520,560,520,20,8,600,700,15,184.459,-65.3722,-60,0,0,0,1,critical_zone,0,1
68,fence24,random_waypoint,5,560,520,560,520,20,9,700,700,15,228.09,-67.2163,-60,0,0,0,1,critical_zone,0,1
68,fence24,random_waypoint,5,560,520,560,520,20,10,750,700,15,261.773,-68.4127,-60,0,0,0,1,critical_zone,0,1
68,fence24,random_waypoint,5,560,520,560,520,20,11,750,650,15,230.272,-67.299,-60,0,0,0,1,critical_zone,0,1
68,fence24,random_waypoint,5,560,520,560,520,20,12,750,550,15,192.419,-65.7392,-60,0,0,0,1,critical_zone,0,1
68,fence24,random_waypoint,5,560,520,560,520,20,13,750,450,15,202.546,-66.1847,-60,0,0,0,1,critical_zone,0,1
68,fence24,random_waypoint,5,560,520,560,520,20,14,750,350,15,255,-68.185,-60,0,0,0,1,critical_zone,0,1
68,fence24,random_waypoint,5,560,520,560,520,20,15,750,300,15,290.732,-69.3241,-60,0,0,0,1,critical_zone,0,1
68,fence24,random_waypoint,5,560,520,560,520,20,16,700,300,15,260.816,-68.3809,-60,0,0,0,1,critical_zone,0,1
68,fence24,random_waypoint,5,560,520,560,520,20,17,600,300,15,223.663,-67.0461,-60,0,0,0,1,critical_zone,0,1
68,fence24,random_waypoint,5,560,520,560,520,20,18,400,300,15,272.075,-68.748,-60,0,0,0,1,critical_zone,0,1
68,fence24,random_waypoint,5,560,520,560,520,20,19,300,300,15,340.624,-70.6997,-60,0,0,0,1,critical_zone,0,1
68,fence24,random_waypoint,5,560,520,560,520,20,20,300,500,15,260.816,-68.3809,-60,0,0,0,1,critical_zone,0,1
68,fence24,random_waypoint,5,560,520,560,520,20,21,500,350,15,180.347,-65.1764,-60,0,0,0,1,critical_zone,0,1
68,fence24,random_waypoint,5,560,520,560,520,20,22,700,500,15,141.51,-63.07,-60,0,0,0,1,critical_zone,0,1
68,fence24,random_waypoint,5,560,520,560,520,20,23,500,650,15,143.265,-63.1771,-60,0,0,0,1,critical_zone,0,1
69,fence24,random_waypoint,5,560,520,560,520,20,0,250,300,15,380.164,-71.6537,-60,0,0,0,1,critical_zone,0,1
69,fence24,random_waypoint,5,560,520,560,520,20,1,250,350,15,353.589,-71.0242,-60,0,0,0,1,critical_zone,0,1
69,fence24,random_waypoint,5,560,520,560,520,20,2,250,450,15,317.844,-70.0985,-60,0,0,0,1,critical_zone,0,1
69,fence24,random_waypoint,5,560,520,560,520,20,3,250,550,15,311.488,-69.9231,-60,0,0,0,1,critical_zone,0,1
69,fence24,random_waypoint,5,560,520,560,520,20,4,250,650,15,336.192,-70.586,-60,0,0,0,1,critical_zone,0,1
69,fence24,random_waypoint,5,560,520,560,520,20,5,250,700,15,358.504,-71.1441,-60,0,0,0,1,critical_zone,0,1
69,fence24,random_waypoint,5,560,520,560,520,20,6,300,700,15,316.267,-70.0553,-60,0,0,0,1,critical_zone,0,1
69,fence24,random_waypoint,5,560,520,560,520,20,7,400,700,15,240.884,-67.6904,-60,0,0,0,1,critical_zone,0,1
69,fence24,random_waypoint,5,560,520,560,520,20,8,600,700,15,184.459,-65.3722,-60,0,0,0,1,critical_zone,0,1
69,fence24,random_waypoint,5,560,520,560,520,20,9,700,700,15,228.09,-67.2163,-60,0,0,0,1,critical_zone,0,1
69,fence24,random_waypoint,5,560,520,560,520,20,10,750,700,15,261.773,-68.4127,-60,0,0,0,1,critical_zone,0,1
69,fence24,random_waypoint,5,560,520,560,520,20,11,750,650,15,230.272,-67.299,-60,0,0,0,1,critical_zone,0,1
69,fence24,random_waypoint,5,560,520,560,520,20,12,750,550,15,192.419,-65.7392,-60,0,0,0,1,critical_zone,0,1
69,fence24,random_waypoint,5,560,520,560,520,20,13,750,450,15,202.546,-66.1847,-60,0,0,0,1,critical_zone,0,1
69,fence24,random_waypoint,5,560,520,560,520,20,14,750,350,15,255,-68.185,-60,0,0,0,1,critical_zone,0,1
69,fence24,random_waypoint,5,560,520,560,520,20,15,750,300,15,290.732,-69.3241,-60,0,0,0,1,critical_zone,0,1
69,fence24,random_waypoint,5,560,520,560,520,20,16,700,300,15,260.816,-68.3809,-60,0,0,0,1,critical_zone,0,1
69,fence24,random_waypoint,5,560,520,560,520,20,17,600,300,15,223.663,-67.0461,-60,0,0,0,1,critical_zone,0,1
69,fence24,random_waypoint,5,560,520,560,520,20,18,400,300,15,272.075,-68.748,-60,0,0,0,1,critical_zone,0,1
69,fence24,random_waypoint,5,560,520,560,520,20,19,300,300,15,340.624,-70.6997,-60,0,0,0,1,critical_zone,0,1
69,fence24,random_waypoint,5,560,520,560,520,20,20,300,500,15,260.816,-68.3809,-60,0,0,0,1,critical_zone,0,1
69,fence24,random_waypoint,5,560,520,560,520,20,21,500,350,15,180.347,-65.1764,-60,0,0,0,1,critical_zone,0,1
69,fence24,random_waypoint,5,560,520,560,520,20,22,700,500,15,141.51,-63.07,-60,0,0,0,1,critical_zone,0,1
69,fence24,random_waypoint,5,560,520,560,520,20,23,500,650,15,143.265,-63.1771,-60,0,0,0,1,critical_zone,0,1
70,fence24,random_waypoint,5,560,520,560,520,20,0,250,300,15,380.164,-71.6537,-60,0,0,0,1,critical_zone,0,1
70,fence24,random_waypoint,5,560,520,560,520,20,1,250,350,15,353.589,-71.0242,-60,0,0,0,1,critical_zone,0,1
70,fence24,random_waypoint,5,560,520,560,520,20,2,250,450,15,317.844,-70.0985,-60,0,0,0,1,critical_zone,0,1
70,fence24,random_waypoint,5,560,520,560,520,20,3,250,550,15,311.488,-69.9231,-60,0,0,0,1,critical_zone,0,1
70,fence24,random_waypoint,5,560,520,560,520,20,4,250,650,15,336.192,-70.586,-60,0,0,0,1,critical_zone,0,1
70,fence24,random_waypoint,5,560,520,560,520,20,5,250,700,15,358.504,-71.1441,-60,0,0,0,1,critical_zone,0,1
70,fence24,random_waypoint,5,560,520,560,520,20,6,300,700,15,316.267,-70.0553,-60,0,0,0,1,critical_zone,0,1
70,fence24,random_waypoint,5,560,520,560,520,20,7,400,700,15,240.884,-67.6904,-60,0,0,0,1,critical_zone,0,1
70,fence24,random_waypoint,5,560,520,560,520,20,8,600,700,15,184.459,-65.3722,-60,0,0,0,1,critical_zone,0,1
70,fence24,random_waypoint,5,560,520,560,520,20,9,700,700,15,228.09,-67.2163,-60,0,0,0,1,critical_zone,0,1
70,fence24,random_waypoint,5,560,520,560,520,20,10,750,700,15,261.773,-68.4127,-60,0,0,0,1,critical_zone,0,1
70,fence24,random_waypoint,5,560,520,560,520,20,11,750,650,15,230.272,-67.299,-60,0,0,0,1,critical_zone,0,1
70,fence24,random_waypoint,5,560,520,560,520,20,12,750,550,15,192.419,-65.7392,-60,0,0,0,1,critical_zone,0,1
70,fence24,random_waypoint,5,560,520,560,520,20,13,750,450,15,202.546,-66.1847,-60,0,0,0,1,critical_zone,0,1
70,fence24,random_waypoint,5,560,520,560,520,20,14,750,350,15,255,-68.185,-60,0,0,0,1,critical_zone,0,1
70,fence24,random_waypoint,5,560,520,560,520,20,15,750,300,15,290.732,-69.3241,-60,0,0,0,1,critical_zone,0,1
70,fence24,random_waypoint,5,560,520,560,520,20,16,700,300,15,260.816,-68.3809,-60,0,0,0,1,critical_zone,0,1
70,fence24,random_waypoint,5,560,520,560,520,20,17,600,300,15,223.663,-67.0461,-60,0,0,0,1,critical_zone,0,1
70,fence24,random_waypoint,5,560,520,560,520,20,18,400,300,15,272.075,-68.748,-60,0,0,0,1,critical_zone,0,1
70,fence24,random_waypoint,5,560,520,560,520,20,19,300,300,15,340.624,-70.6997,-60,0,0,0,1,critical_zone,0,1
70,fence24,random_waypoint,5,560,520,560,520,20,20,300,500,15,260.816,-68.3809,-60,0,0,0,1,critical_zone,0,1
70,fence24,random_waypoint,5,560,520,560,520,20,21,500,350,15,180.347,-65.1764,-60,0,0,0,1,critical_zone,0,1
70,fence24,random_waypoint,5,560,520,560,520,20,22,700,500,15,141.51,-63.07,-60,0,0,0,1,critical_zone,0,1
70,fence24,random_waypoint,5,560,520,560,520,20,23,500,650,15,143.265,-63.1771,-60,0,0,0,1,critical_zone,0,1
71,fence24,random_waypoint,5,560,520,560,520,20,0,250,300,15,380.164,-71.6537,-60,0,0,0,1,critical_zone,0,1
71,fence24,random_waypoint,5,560,520,560,520,20,1,250,350,15,353.589,-71.0242,-60,0,0,0,1,critical_zone,0,1
71,fence24,random_waypoint,5,560,520,560,520,20,2,250,450,15,317.844,-70.0985,-60,0,0,0,1,critical_zone,0,1
71,fence24,random_waypoint,5,560,520,560,520,20,3,250,550,15,311.488,-69.9231,-60,0,0,0,1,critical_zone,0,1
71,fence24,random_waypoint,5,560,520,560,520,20,4,250,650,15,336.192,-70.586,-60,0,0,0,1,critical_zone,0,1
71,fence24,random_waypoint,5,560,520,560,520,20,5,250,700,15,358.504,-71.1441,-60,0,0,0,1,critical_zone,0,1
71,fence24,random_waypoint,5,560,520,560,520,20,6,300,700,15,316.267,-70.0553,-60,0,0,0,1,critical_zone,0,1
71,fence24,random_waypoint,5,560,520,560,520,20,7,400,700,15,240.884,-67.6904,-60,0,0,0,1,critical_zone,0,1
71,fence24,random_waypoint,5,560,520,560,520,20,8,600,700,15,184.459,-65.3722,-60,0,0,0,1,critical_zone,0,1
71,fence24,random_waypoint,5,560,520,560,520,20,9,700,700,15,228.09,-67.2163,-60,0,0,0,1,critical_zone,0,1
71,fence24,random_waypoint,5,560,520,560,520,20,10,750,700,15,261.773,-68.4127,-60,0,0,0,1,critical_zone,0,1
71,fence24,random_waypoint,5,560,520,560,520,20,11,750,650,15,230.272,-67.299,-60,0,0,0,1,critical_zone,0,1
71,fence24,random_waypoint,5,560,520,560,520,20,12,750,550,15,192.419,-65.7392,-60,0,0,0,1,critical_zone,0,1
71,fence24,random_waypoint,5,560,520,560,520,20,13,750,450,15,202.546,-66.1847,-60,0,0,0,1,critical_zone,0,1
71,fence24,random_waypoint,5,560,520,560,520,20,14,750,350,15,255,-68.185,-60,0,0,0,1,critical_zone,0,1
71,fence24,random_waypoint,5,560,520,560,520,20,15,750,300,15,290.732,-69.3241,-60,0,0,0,1,critical_zone,0,1
71,fence24,random_waypoint,5,560,520,560,520,20,16,700,300,15,260.816,-68.3809,-60,0,0,0,1,critical_zone,0,1
71,fence24,random_waypoint,5,560,520,560,520,20,17,600,300,15,223.663,-67.0461,-60,0,0,0,1,critical_zone,0,1
71,fence24,random_waypoint,5,560,520,560,520,20,18,400,300,15,272.075,-68.748,-60,0,0,0,1,critical_zone,0,1
71,fence24,random_waypoint,5,560,520,560,520,20,19,300,300,15,340.624,-70.6997,-60,0,0,0,1,critical_zone,0,1
71,fence24,random_waypoint,5,560,520,560,520,20,20,300,500,15,260.816,-68.3809,-60,0,0,0,1,critical_zone,0,1
71,fence24,random_waypoint,5,560,520,560,520,20,21,500,350,15,180.347,-65.1764,-60,0,0,0,1,critical_zone,0,1
71,fence24,random_waypoint,5,560,520,560,520,20,22,700,500,15,141.51,-63.07,-60,0,0,0,1,critical_zone,0,1
71,fence24,random_waypoint,5,560,520,560,520,20,23,500,650,15,143.265,-63.1771,-60,0,0,0,1,critical_zone,0,1
72,fence24,random_waypoint,5,560,520,560,520,20,0,250,300,15,380.164,-71.6537,-60,0,0,0,1,critical_zone,0,1
72,fence24,random_waypoint,5,560,520,560,520,20,1,250,350,15,353.589,-71.0242,-60,0,0,0,1,critical_zone,0,1
72,fence24,random_waypoint,5,560,520,560,520,20,2,250,450,15,317.844,-70.0985,-60,0,0,0,1,critical_zone,0,1
72,fence24,random_waypoint,5,560,520,560,520,20,3,250,550,15,311.488,-69.9231,-60,0,0,0,1,critical_zone,0,1
72,fence24,random_waypoint,5,560,520,560,520,20,4,250,650,15,336.192,-70.586,-60,0,0,0,1,critical_zone,0,1
72,fence24,random_waypoint,5,560,520,560,520,20,5,250,700,15,358.504,-71.1441,-60,0,0,0,1,critical_zone,0,1
72,fence24,random_waypoint,5,560,520,560,520,20,6,300,700,15,316.267,-70.0553,-60,0,0,0,1,critical_zone,0,1
72,fence24,random_waypoint,5,560,520,560,520,20,7,400,700,15,240.884,-67.6904,-60,0,0,0,1,critical_zone,0,1
72,fence24,random_waypoint,5,560,520,560,520,20,8,600,700,15,184.459,-65.3722,-60,0,0,0,1,critical_zone,0,1
72,fence24,random_waypoint,5,560,520,560,520,20,9,700,700,15,228.09,-67.2163,-60,0,0,0,1,critical_zone,0,1
72,fence24,random_waypoint,5,560,520,560,520,20,10,750,700,15,261.773,-68.4127,-60,0,0,0,1,critical_zone,0,1
72,fence24,random_waypoint,5,560,520,560,520,20,11,750,650,15,230.272,-67.299,-60,0,0,0,1,critical_zone,0,1
72,fence24,random_waypoint,5,560,520,560,520,20,12,750,550,15,192.419,-65.7392,-60,0,0,0,1,critical_zone,0,1
72,fence24,random_waypoint,5,560,520,560,520,20,13,750,450,15,202.546,-66.1847,-60,0,0,0,1,critical_zone,0,1
72,fence24,random_waypoint,5,560,520,560,520,20,14,750,350,15,255,-68.185,-60,0,0,0,1,critical_zone,0,1
72,fence24,random_waypoint,5,560,520,560,520,20,15,750,300,15,290.732,-69.3241,-60,0,0,0,1,critical_zone,0,1
72,fence24,random_waypoint,5,560,520,560,520,20,16,700,300,15,260.816,-68.3809,-60,0,0,0,1,critical_zone,0,1
72,fence24,random_waypoint,5,560,520,560,520,20,17,600,300,15,223.663,-67.0461,-60,0,0,0,1,critical_zone,0,1
72,fence24,random_waypoint,5,560,520,560,520,20,18,400,300,15,272.075,-68.748,-60,0,0,0,1,critical_zone,0,1
72,fence24,random_waypoint,5,560,520,560,520,20,19,300,300,15,340.624,-70.6997,-60,0,0,0,1,critical_zone,0,1
72,fence24,random_waypoint,5,560,520,560,520,20,20,300,500,15,260.816,-68.3809,-60,0,0,0,1,critical_zone,0,1
72,fence24,random_waypoint,5,560,520,560,520,20,21,500,350,15,180.347,-65.1764,-60,0,0,0,1,critical_zone,0,1
72,fence24,random_waypoint,5,560,520,560,520,20,22,700,500,15,141.51,-63.07,-60,0,0,0,1,critical_zone,0,1
72,fence24,random_waypoint,5,560,520,560,520,20,23,500,650,15,143.265,-63.1771,-60,0,0,0,1,critical_zone,0,1
73,fence24,random_waypoint,5,560,520,560,520,20,0,250,300,15,380.164,-71.6537,-60,0,0,0,1,critical_zone,0,1
73,fence24,random_waypoint,5,560,520,560,520,20,1,250,350,15,353.589,-71.0242,-60,0,0,0,1,critical_zone,0,1
73,fence24,random_waypoint,5,560,520,560,520,20,2,250,450,15,317.844,-70.0985,-60,0,0,0,1,critical_zone,0,1
73,fence24,random_waypoint,5,560,520,560,520,20,3,250,550,15,311.488,-69.9231,-60,0,0,0,1,critical_zone,0,1
73,fence24,random_waypoint,5,560,520,560,520,20,4,250,650,15,336.192,-70.586,-60,0,0,0,1,critical_zone,0,1
73,fence24,random_waypoint,5,560,520,560,520,20,5,250,700,15,358.504,-71.1441,-60,0,0,0,1,critical_zone,0,1
73,fence24,random_waypoint,5,560,520,560,520,20,6,300,700,15,316.267,-70.0553,-60,0,0,0,1,critical_zone,0,1
73,fence24,random_waypoint,5,560,520,560,520,20,7,400,700,15,240.884,-67.6904,-60,0,0,0,1,critical_zone,0,1
73,fence24,random_waypoint,5,560,520,560,520,20,8,600,700,15,184.459,-65.3722,-60,0,0,0,1,critical_zone,0,1
73,fence24,random_waypoint,5,560,520,560,520,20,9,700,700,15,228.09,-67.2163,-60,0,0,0,1,critical_zone,0,1
73,fence24,random_waypoint,5,560,520,560,520,20,10,750,700,15,261.773,-68.4127,-60,0,0,0,1,critical_zone,0,1
73,fence24,random_waypoint,5,560,520,560,520,20,11,750,650,15,230.272,-67.299,-60,0,0,0,1,critical_zone,0,1
73,fence24,random_waypoint,5,560,520,560,520,20,12,750,550,15,192.419,-65.7392,-60,0,0,0,1,critical_zone,0,1
73,fence24,random_waypoint,5,560,520,560,520,20,13,750,450,15,202.546,-66.1847,-60,0,0,0,1,critical_zone,0,1
73,fence24,random_waypoint,5,560,520,560,520,20,14,750,350,15,255,-68.185,-60,0,0,0,1,critical_zone,0,1
73,fence24,random_waypoint,5,560,520,560,520,20,15,750,300,15,290.732,-69.3241,-60,0,0,0,1,critical_zone,0,1
73,fence24,random_waypoint,5,560,520,560,520,20,16,700,300,15,260.816,-68.3809,-60,0,0,0,1,critical_zone,0,1
73,fence24,random_waypoint,5,560,520,560,520,20,17,600,300,15,223.663,-67.0461,-60,0,0,0,1,critical_zone,0,1
73,fence24,random_waypoint,5,560,520,560,520,20,18,400,300,15,272.075,-68.748,-60,0,0,0,1,critical_zone,0,1
73,fence24,random_waypoint,5,560,520,560,520,20,19,300,300,15,340.624,-70.6997,-60,0,0,0,1,critical_zone,0,1
73,fence24,random_waypoint,5,560,520,560,520,20,20,300,500,15,260.816,-68.3809,-60,0,0,0,1,critical_zone,0,1
73,fence24,random_waypoint,5,560,520,560,520,20,21,500,350,15,180.347,-65.1764,-60,0,0,0,1,critical_zone,0,1
73,fence24,random_waypoint,5,560,520,560,520,20,22,700,500,15,141.51,-63.07,-60,0,0,0,1,critical_zone,0,1
73,fence24,random_waypoint,5,560,520,560,520,20,23,500,650,15,143.265,-63.1771,-60,0,0,0,1,critical_zone,0,1
74,fence24,random_waypoint,5,560,520,560,520,20,0,250,300,15,380.164,-71.6537,-60,0,0,0,1,critical_zone,0,1
74,fence24,random_waypoint,5,560,520,560,520,20,1,250,350,15,353.589,-71.0242,-60,0,0,0,1,critical_zone,0,1
74,fence24,random_waypoint,5,560,520,560,520,20,2,250,450,15,317.844,-70.0985,-60,0,0,0,1,critical_zone,0,1
74,fence24,random_waypoint,5,560,520,560,520,20,3,250,550,15,311.488,-69.9231,-60,0,0,0,1,critical_zone,0,1
74,fence24,random_waypoint,5,560,520,560,520,20,4,250,650,15,336.192,-70.586,-60,0,0,0,1,critical_zone,0,1
74,fence24,random_waypoint,5,560,520,560,520,20,5,250,700,15,358.504,-71.1441,-60,0,0,0,1,critical_zone,0,1
74,fence24,random_waypoint,5,560,520,560,520,20,6,300,700,15,316.267,-70.0553,-60,0,0,0,1,critical_zone,0,1
74,fence24,random_waypoint,5,560,520,560,520,20,7,400,700,15,240.884,-67.6904,-60,0,0,0,1,critical_zone,0,1
74,fence24,random_waypoint,5,560,520,560,520,20,8,600,700,15,184.459,-65.3722,-60,0,0,0,1,critical_zone,0,1
74,fence24,random_waypoint,5,560,520,560,520,20,9,700,700,15,228.09,-67.2163,-60,0,0,0,1,critical_zone,0,1
74,fence24,random_waypoint,5,560,520,560,520,20,10,750,700,15,261.773,-68.4127,-60,0,0,0,1,critical_zone,0,1
74,fence24,random_waypoint,5,560,520,560,520,20,11,750,650,15,230.272,-67.299,-60,0,0,0,1,critical_zone,0,1
74,fence24,random_waypoint,5,560,520,560,520,20,12,750,550,15,192.419,-65.7392,-60,0,0,0,1,critical_zone,0,1
74,fence24,random_waypoint,5,560,520,560,520,20,13,750,450,15,202.546,-66.1847,-60,0,0,0,1,critical_zone,0,1
74,fence24,random_waypoint,5,560,520,560,520,20,14,750,350,15,255,-68.185,-60,0,0,0,1,critical_zone,0,1
74,fence24,random_waypoint,5,560,520,560,520,20,15,750,300,15,290.732,-69.3241,-60,0,0,0,1,critical_zone,0,1
74,fence24,random_waypoint,5,560,520,560,520,20,16,700,300,15,260.816,-68.3809,-60,0,0,0,1,critical_zone,0,1
74,fence24,random_waypoint,5,560,520,560,520,20,17,600,300,15,223.663,-67.0461,-60,0,0,0,1,critical_zone,0,1
74,fence24,random_waypoint,5,560,520,560,520,20,18,400,300,15,272.075,-68.748,-60,0,0,0,1,critical_zone,0,1
74,fence24,random_waypoint,5,560,520,560,520,20,19,300,300,15,340.624,-70.6997,-60,0,0,0,1,critical_zone,0,1
74,fence24,random_waypoint,5,560,520,560,520,20,20,300,500,15,260.816,-68.3809,-60,0,0,0,1,critical_zone,0,1
74,fence24,random_waypoint,5,560,520,560,520,20,21,500,350,15,180.347,-65.1764,-60,0,0,0,1,critical_zone,0,1
74,fence24,random_waypoint,5,560,520,560,520,20,22,700,500,15,141.51,-63.07,-60,0,0,0,1,critical_zone,0,1
74,fence24,random_waypoint,5,560,520,560,520,20,23,500,650,15,143.265,-63.1771,-60,0,0,0,1,critical_zone,0,1
75,fence24,random_waypoint,5,560,520,560,520,20,0,250,300,15,380.164,-71.6537,-60,0,0,0,1,critical_zone,0,1
75,fence24,random_waypoint,5,560,520,560,520,20,1,250,350,15,353.589,-71.0242,-60,0,0,0,1,critical_zone,0,1
75,fence24,random_waypoint,5,560,520,560,520,20,2,250,450,15,317.844,-70.0985,-60,0,0,0,1,critical_zone,0,1
75,fence24,random_waypoint,5,560,520,560,520,20,3,250,550,15,311.488,-69.9231,-60,0,0,0,1,critical_zone,0,1
75,fence24,random_waypoint,5,560,520,560,520,20,4,250,650,15,336.192,-70.586,-60,0,0,0,1,critical_zone,0,1
75,fence24,random_waypoint,5,560,520,560,520,20,5,250,700,15,358.504,-71.1441,-60,0,0,0,1,critical_zone,0,1
75,fence24,random_waypoint,5,560,520,560,520,20,6,300,700,15,316.267,-70.0553,-60,0,0,0,1,critical_zone,0,1
75,fence24,random_waypoint,5,560,520,560,520,20,7,400,700,15,240.884,-67.6904,-60,0,0,0,1,critical_zone,0,1
75,fence24,random_waypoint,5,560,520,560,520,20,8,600,700,15,184.459,-65.3722,-60,0,0,0,1,critical_zone,0,1
75,fence24,random_waypoint,5,560,520,560,520,20,9,700,700,15,228.09,-67.2163,-60,0,0,0,1,critical_zone,0,1
75,fence24,random_waypoint,5,560,520,560,520,20,10,750,700,15,261.773,-68.4127,-60,0,0,0,1,critical_zone,0,1
75,fence24,random_waypoint,5,560,520,560,520,20,11,750,650,15,230.272,-67.299,-60,0,0,0,1,critical_zone,0,1
75,fence24,random_waypoint,5,560,520,560,520,20,12,750,550,15,192.419,-65.7392,-60,0,0,0,1,critical_zone,0,1
75,fence24,random_waypoint,5,560,520,560,520,20,13,750,450,15,202.546,-66.1847,-60,0,0,0,1,critical_zone,0,1
75,fence24,random_waypoint,5,560,520,560,520,20,14,750,350,15,255,-68.185,-60,0,0,0,1,critical_zone,0,1
75,fence24,random_waypoint,5,560,520,560,520,20,15,750,300,15,290.732,-69.3241,-60,0,0,0,1,critical_zone,0,1
75,fence24,random_waypoint,5,560,520,560,520,20,16,700,300,15,260.816,-68.3809,-60,0,0,0,1,critical_zone,0,1
75,fence24,random_waypoint,5,560,520,560,520,20,17,600,300,15,223.663,-67.0461,-60,0,0,0,1,critical_zone,0,1
75,fence24,random_waypoint,5,560,520,560,520,20,18,400,300,15,272.075,-68.748,-60,0,0,0,1,critical_zone,0,1
75,fence24,random_waypoint,5,560,520,560,520,20,19,300,300,15,340.624,-70.6997,-60,0,0,0,1,critical_zone,0,1
75,fence24,random_waypoint,5,560,520,560,520,20,20,300,500,15,260.816,-68.3809,-60,0,0,0,1,critical_zone,0,1
75,fence24,random_waypoint,5,560,520,560,520,20,21,500,350,15,180.347,-65.1764,-60,0,0,0,1,critical_zone,0,1
75,fence24,random_waypoint,5,560,520,560,520,20,22,700,500,15,141.51,-63.07,-60,0,0,0,1,critical_zone,0,1
75,fence24,random_waypoint,5,560,520,560,520,20,23,500,650,15,143.265,-63.1771,-60,0,0,0,1,critical_zone,0,1
76,fence24,random_waypoint,5,560,520,560,520,20,0,250,300,15,380.164,-71.6537,-60,0,0,0,1,critical_zone,0,1
76,fence24,random_waypoint,5,560,520,560,520,20,1,250,350,15,353.589,-71.0242,-60,0,0,0,1,critical_zone,0,1
76,fence24,random_waypoint,5,560,520,560,520,20,2,250,450,15,317.844,-70.0985,-60,0,0,0,1,critical_zone,0,1
76,fence24,random_waypoint,5,560,520,560,520,20,3,250,550,15,311.488,-69.9231,-60,0,0,0,1,critical_zone,0,1
76,fence24,random_waypoint,5,560,520,560,520,20,4,250,650,15,336.192,-70.586,-60,0,0,0,1,critical_zone,0,1
76,fence24,random_waypoint,5,560,520,560,520,20,5,250,700,15,358.504,-71.1441,-60,0,0,0,1,critical_zone,0,1
76,fence24,random_waypoint,5,560,520,560,520,20,6,300,700,15,316.267,-70.0553,-60,0,0,0,1,critical_zone,0,1
76,fence24,random_waypoint,5,560,520,560,520,20,7,400,700,15,240.884,-67.6904,-60,0,0,0,1,critical_zone,0,1
76,fence24,random_waypoint,5,560,520,560,520,20,8,600,700,15,184.459,-65.3722,-60,0,0,0,1,critical_zone,0,1
76,fence24,random_waypoint,5,560,520,560,520,20,9,700,700,15,228.09,-67.2163,-60,0,0,0,1,critical_zone,0,1
76,fence24,random_waypoint,5,560,520,560,520,20,10,750,700,15,261.773,-68.4127,-60,0,0,0,1,critical_zone,0,1
76,fence24,random_waypoint,5,560,520,560,520,20,11,750,650,15,230.272,-67.299,-60,0,0,0,1,critical_zone,0,1
76,fence24,random_waypoint,5,560,520,560,520,20,12,750,550,15,192.419,-65.7392,-60,0,0,0,1,critical_zone,0,1
76,fence24,random_waypoint,5,560,520,560,520,20,13,750,450,15,202.546,-66.1847,-60,0,0,0,1,critical_zone,0,1
76,fence24,random_waypoint,5,560,520,560,520,20,14,750,350,15,255,-68.185,-60,0,0,0,1,critical_zone,0,1
76,fence24,random_waypoint,5,560,520,560,520,20,15,750,300,15,290.732,-69.3241,-60,0,0,0,1,critical_zone,0,1
76,fence24,random_waypoint,5,560,520,560,520,20,16,700,300,15,260.816,-68.3809,-60,0,0,0,1,critical_zone,0,1
76,fence24,random_waypoint,5,560,520,560,520,20,17,600,300,15,223.663,-67.0461,-60,0,0,0,1,critical_zone,0,1
76,fence24,random_waypoint,5,560,520,560,520,20,18,400,300,15,272.075,-68.748,-60,0,0,0,1,critical_zone,0,1
76,fence24,random_waypoint,5,560,520,560,520,20,19,300,300,15,340.624,-70.6997,-60,0,0,0,1,critical_zone,0,1
76,fence24,random_waypoint,5,560,520,560,520,20,20,300,500,15,260.816,-68.3809,-60,0,0,0,1,critical_zone,0,1
76,fence24,random_waypoint,5,560,520,560,520,20,21,500,350,15,180.347,-65.1764,-60,0,0,0,1,critical_zone,0,1
76,fence24,random_waypoint,5,560,520,560,520,20,22,700,500,15,141.51,-63.07,-60,0,0,0,1,critical_zone,0,1
76,fence24,random_waypoint,5,560,520,560,520,20,23,500,650,15,143.265,-63.1771,-60,0,0,0,1,critical_zone,0,1
77,fence24,random_waypoint,5,560,520,560,520,20,0,250,300,15,380.164,-71.6537,-60,0,0,0,1,critical_zone,0,1
77,fence24,random_waypoint,5,560,520,560,520,20,1,250,350,15,353.589,-71.0242,-60,0,0,0,1,critical_zone,0,1
77,fence24,random_waypoint,5,560,520,560,520,20,2,250,450,15,317.844,-70.0985,-60,0,0,0,1,critical_zone,0,1
77,fence24,random_waypoint,5,560,520,560,520,20,3,250,550,15,311.488,-69.9231,-60,0,0,0,1,critical_zone,0,1
77,fence24,random_waypoint,5,560,520,560,520,20,4,250,650,15,336.192,-70.586,-60,0,0,0,1,critical_zone,0,1
77,fence24,random_waypoint,5,560,520,560,520,20,5,250,700,15,358.504,-71.1441,-60,0,0,0,1,critical_zone,0,1
77,fence24,random_waypoint,5,560,520,560,520,20,6,300,700,15,316.267,-70.0553,-60,0,0,0,1,critical_zone,0,1
77,fence24,random_waypoint,5,560,520,560,520,20,7,400,700,15,240.884,-67.6904,-60,0,0,0,1,critical_zone,0,1
77,fence24,random_waypoint,5,560,520,560,520,20,8,600,700,15,184.459,-65.3722,-60,0,0,0,1,critical_zone,0,1
77,fence24,random_waypoint,5,560,520,560,520,20,9,700,700,15,228.09,-67.2163,-60,0,0,0,1,critical_zone,0,1
77,fence24,random_waypoint,5,560,520,560,520,20,10,750,700,15,261.773,-68.4127,-60,0,0,0,1,critical_zone,0,1
77,fence24,random_waypoint,5,560,520,560,520,20,11,750,650,15,230.272,-67.299,-60,0,0,0,1,critical_zone,0,1
77,fence24,random_waypoint,5,560,520,560,520,20,12,750,550,15,192.419,-65.7392,-60,0,0,0,1,critical_zone,0,1
77,fence24,random_waypoint,5,560,520,560,520,20,13,750,450,15,202.546,-66.1847,-60,0,0,0,1,critical_zone,0,1
77,fence24,random_waypoint,5,560,520,560,520,20,14,750,350,15,255,-68.185,-60,0,0,0,1,critical_zone,0,1
77,fence24,random_waypoint,5,560,520,560,520,20,15,750,300,15,290.732,-69.3241,-60,0,0,0,1,critical_zone,0,1
77,fence24,random_waypoint,5,560,520,560,520,20,16,700,300,15,260.816,-68.3809,-60,0,0,0,1,critical_zone,0,1
77,fence24,random_waypoint,5,560,520,560,520,20,17,600,300,15,223.663,-67.0461,-60,0,0,0,1,critical_zone,0,1
77,fence24,random_waypoint,5,560,520,560,520,20,18,400,300,15,272.075,-68.748,-60,0,0,0,1,critical_zone,0,1
77,fence24,random_waypoint,5,560,520,560,520,20,19,300,300,15,340.624,-70.6997,-60,0,0,0,1,critical_zone,0,1
77,fence24,random_waypoint,5,560,520,560,520,20,20,300,500,15,260.816,-68.3809,-60,0,0,0,1,critical_zone,0,1
77,fence24,random_waypoint,5,560,520,560,520,20,21,500,350,15,180.347,-65.1764,-60,0,0,0,1,critical_zone,0,1
77,fence24,random_waypoint,5,560,520,560,520,20,22,700,500,15,141.51,-63.07,-60,0,0,0,1,critical_zone,0,1
77,fence24,random_waypoint,5,560,520,560,520,20,23,500,650,15,143.265,-63.1771,-60,0,0,0,1,critical_zone,0,1
78,fence24,random_waypoint,5,560,520,560,520,20,0,250,300,15,380.164,-71.6537,-60,0,0,0,1,critical_zone,0,1
78,fence24,random_waypoint,5,560,520,560,520,20,1,250,350,15,353.589,-71.0242,-60,0,0,0,1,critical_zone,0,1
78,fence24,random_waypoint,5,560,520,560,520,20,2,250,450,15,317.844,-70.0985,-60,0,0,0,1,critical_zone,0,1
78,fence24,random_waypoint,5,560,520,560,520,20,3,250,550,15,311.488,-69.9231,-60,0,0,0,1,critical_zone,0,1
78,fence24,random_waypoint,5,560,520,560,520,20,4,250,650,15,336.192,-70.586,-60,0,0,0,1,critical_zone,0,1
78,fence24,random_waypoint,5,560,520,560,520,20,5,250,700,15,358.504,-71.1441,-60,0,0,0,1,critical_zone,0,1
78,fence24,random_waypoint,5,560,520,560,520,20,6,300,700,15,316.267,-70.0553,-60,0,0,0,1,critical_zone,0,1
78,fence24,random_waypoint,5,560,520,560,520,20,7,400,700,15,240.884,-67.6904,-60,0,0,0,1,critical_zone,0,1
78,fence24,random_waypoint,5,560,520,560,520,20,8,600,700,15,184.459,-65.3722,-60,0,0,0,1,critical_zone,0,1
78,fence24,random_waypoint,5,560,520,560,520,20,9,700,700,15,228.09,-67.2163,-60,0,0,0,1,critical_zone,0,1
78,fence24,random_waypoint,5,560,520,560,520,20,10,750,700,15,261.773,-68.4127,-60,0,0,0,1,critical_zone,0,1
78,fence24,random_waypoint,5,560,520,560,520,20,11,750,650,15,230.272,-67.299,-60,0,0,0,1,critical_zone,0,1
78,fence24,random_waypoint,5,560,520,560,520,20,12,750,550,15,192.419,-65.7392,-60,0,0,0,1,critical_zone,0,1
78,fence24,random_waypoint,5,560,520,560,520,20,13,750,450,15,202.546,-66.1847,-60,0,0,0,1,critical_zone,0,1
78,fence24,random_waypoint,5,560,520,560,520,20,14,750,350,15,255,-68.185,-60,0,0,0,1,critical_zone,0,1
78,fence24,random_waypoint,5,560,520,560,520,20,15,750,300,15,290.732,-69.3241,-60,0,0,0,1,critical_zone,0,1
78,fence24,random_waypoint,5,560,520,560,520,20,16,700,300,15,260.816,-68.3809,-60,0,0,0,1,critical_zone,0,1
78,fence24,random_waypoint,5,560,520,560,520,20,17,600,300,15,223.663,-67.0461,-60,0,0,0,1,critical_zone,0,1
78,fence24,random_waypoint,5,560,520,560,520,20,18,400,300,15,272.075,-68.748,-60,0,0,0,1,critical_zone,0,1
78,fence24,random_waypoint,5,560,520,560,520,20,19,300,300,15,340.624,-70.6997,-60,0,0,0,1,critical_zone,0,1
78,fence24,random_waypoint,5,560,520,560,520,20,20,300,500,15,260.816,-68.3809,-60,0,0,0,1,critical_zone,0,1
78,fence24,random_waypoint,5,560,520,560,520,20,21,500,350,15,180.347,-65.1764,-60,0,0,0,1,critical_zone,0,1
78,fence24,random_waypoint,5,560,520,560,520,20,22,700,500,15,141.51,-63.07,-60,0,0,0,1,critical_zone,0,1
78,fence24,random_waypoint,5,560,520,560,520,20,23,500,650,15,143.265,-63.1771,-60,0,0,0,1,critical_zone,0,1
79,fence24,random_waypoint,5,560,520,560,520,20,0,250,300,15,380.164,-71.6537,-60,0,0,0,1,critical_zone,0,1
79,fence24,random_waypoint,5,560,520,560,520,20,1,250,350,15,353.589,-71.0242,-60,0,0,0,1,critical_zone,0,1
79,fence24,random_waypoint,5,560,520,560,520,20,2,250,450,15,317.844,-70.0985,-60,0,0,0,1,critical_zone,0,1
79,fence24,random_waypoint,5,560,520,560,520,20,3,250,550,15,311.488,-69.9231,-60,0,0,0,1,critical_zone,0,1
79,fence24,random_waypoint,5,560,520,560,520,20,4,250,650,15,336.192,-70.586,-60,0,0,0,1,critical_zone,0,1
79,fence24,random_waypoint,5,560,520,560,520,20,5,250,700,15,358.504,-71.1441,-60,0,0,0,1,critical_zone,0,1
79,fence24,random_waypoint,5,560,520,560,520,20,6,300,700,15,316.267,-70.0553,-60,0,0,0,1,critical_zone,0,1
79,fence24,random_waypoint,5,560,520,560,520,20,7,400,700,15,240.884,-67.6904,-60,0,0,0,1,critical_zone,0,1
79,fence24,random_waypoint,5,560,520,560,520,20,8,600,700,15,184.459,-65.3722,-60,0,0,0,1,critical_zone,0,1
79,fence24,random_waypoint,5,560,520,560,520,20,9,700,700,15,228.09,-67.2163,-60,0,0,0,1,critical_zone,0,1
79,fence24,random_waypoint,5,560,520,560,520,20,10,750,700,15,261.773,-68.4127,-60,0,0,0,1,critical_zone,0,1
79,fence24,random_waypoint,5,560,520,560,520,20,11,750,650,15,230.272,-67.299,-60,0,0,0,1,critical_zone,0,1
79,fence24,random_waypoint,5,560,520,560,520,20,12,750,550,15,192.419,-65.7392,-60,0,0,0,1,critical_zone,0,1
79,fence24,random_waypoint,5,560,520,560,520,20,13,750,450,15,202.546,-66.1847,-60,0,0,0,1,critical_zone,0,1
79,fence24,random_waypoint,5,560,520,560,520,20,14,750,350,15,255,-68.185,-60,0,0,0,1,critical_zone,0,1
79,fence24,random_waypoint,5,560,520,560,520,20,15,750,300,15,290.732,-69.3241,-60,0,0,0,1,critical_zone,0,1
79,fence24,random_waypoint,5,560,520,560,520,20,16,700,300,15,260.816,-68.3809,-60,0,0,0,1,critical_zone,0,1
79,fence24,random_waypoint,5,560,520,560,520,20,17,600,300,15,223.663,-67.0461,-60,0,0,0,1,critical_zone,0,1
79,fence24,random_waypoint,5,560,520,560,520,20,18,400,300,15,272.075,-68.748,-60,0,0,0,1,critical_zone,0,1
79,fence24,random_waypoint,5,560,520,560,520,20,19,300,300,15,340.624,-70.6997,-60,0,0,0,1,critical_zone,0,1
79,fence24,random_waypoint,5,560,520,560,520,20,20,300,500,15,260.816,-68.3809,-60,0,0,0,1,critical_zone,0,1
79,fence24,random_waypoint,5,560,520,560,520,20,21,500,350,15,180.347,-65.1764,-60,0,0,0,1,critical_zone,0,1
79,fence24,random_waypoint,5,560,520,560,520,20,22,700,500,15,141.51,-63.07,-60,0,0,0,1,critical_zone,0,1
79,fence24,random_waypoint,5,560,520,560,520,20,23,500,650,15,143.265,-63.1771,-60,0,0,0,1,critical_zone,0,1
80,fence24,random_waypoint,5,560,520,560,520,20,0,250,300,15,380.164,-71.6537,-60,0,0,0,1,critical_zone,0,1
80,fence24,random_waypoint,5,560,520,560,520,20,1,250,350,15,353.589,-71.0242,-60,0,0,0,1,critical_zone,0,1
80,fence24,random_waypoint,5,560,520,560,520,20,2,250,450,15,317.844,-70.0985,-60,0,0,0,1,critical_zone,0,1
80,fence24,random_waypoint,5,560,520,560,520,20,3,250,550,15,311.488,-69.9231,-60,0,0,0,1,critical_zone,0,1
80,fence24,random_waypoint,5,560,520,560,520,20,4,250,650,15,336.192,-70.586,-60,0,0,0,1,critical_zone,0,1
80,fence24,random_waypoint,5,560,520,560,520,20,5,250,700,15,358.504,-71.1441,-60,0,0,0,1,critical_zone,0,1
80,fence24,random_waypoint,5,560,520,560,520,20,6,300,700,15,316.267,-70.0553,-60,0,0,0,1,critical_zone,0,1
80,fence24,random_waypoint,5,560,520,560,520,20,7,400,700,15,240.884,-67.6904,-60,0,0,0,1,critical_zone,0,1
80,fence24,random_waypoint,5,560,520,560,520,20,8,600,700,15,184.459,-65.3722,-60,0,0,0,1,critical_zone,0,1
80,fence24,random_waypoint,5,560,520,560,520,20,9,700,700,15,228.09,-67.2163,-60,0,0,0,1,critical_zone,0,1
80,fence24,random_waypoint,5,560,520,560,520,20,10,750,700,15,261.773,-68.4127,-60,0,0,0,1,critical_zone,0,1
80,fence24,random_waypoint,5,560,520,560,520,20,11,750,650,15,230.272,-67.299,-60,0,0,0,1,critical_zone,0,1
80,fence24,random_waypoint,5,560,520,560,520,20,12,750,550,15,192.419,-65.7392,-60,0,0,0,1,critical_zone,0,1
80,fence24,random_waypoint,5,560,520,560,520,20,13,750,450,15,202.546,-66.1847,-60,0,0,0,1,critical_zone,0,1
80,fence24,random_waypoint,5,560,520,560,520,20,14,750,350,15,255,-68.185,-60,0,0,0,1,critical_zone,0,1
80,fence24,random_waypoint,5,560,520,560,520,20,15,750,300,15,290.732,-69.3241,-60,0,0,0,1,critical_zone,0,1
80,fence24,random_waypoint,5,560,520,560,520,20,16,700,300,15,260.816,-68.3809,-60,0,0,0,1,critical_zone,0,1
80,fence24,random_waypoint,5,560,520,560,520,20,17,600,300,15,223.663,-67.0461,-60,0,0,0,1,critical_zone,0,1
80,fence24,random_waypoint,5,560,520,560,520,20,18,400,300,15,272.075,-68.748,-60,0,0,0,1,critical_zone,0,1
80,fence24,random_waypoint,5,560,520,560,520,20,19,300,300,15,340.624,-70.6997,-60,0,0,0,1,critical_zone,0,1
80,fence24,random_waypoint,5,560,520,560,520,20,20,300,500,15,260.816,-68.3809,-60,0,0,0,1,critical_zone,0,1
80,fence24,random_waypoint,5,560,520,560,520,20,21,500,350,15,180.347,-65.1764,-60,0,0,0,1,critical_zone,0,1
80,fence24,random_waypoint,5,560,520,560,520,20,22,700,500,15,141.51,-63.07,-60,0,0,0,1,critical_zone,0,1
80,fence24,random_waypoint,5,560,520,560,520,20,23,500,650,15,143.265,-63.1771,-60,0,0,0,1,critical_zone,0,1
81,fence24,random_waypoint,5,560,520,560,520,20,0,250,300,15,380.164,-71.6537,-60,0,0,0,1,critical_zone,0,1
81,fence24,random_waypoint,5,560,520,560,520,20,1,250,350,15,353.589,-71.0242,-60,0,0,0,1,critical_zone,0,1
81,fence24,random_waypoint,5,560,520,560,520,20,2,250,450,15,317.844,-70.0985,-60,0,0,0,1,critical_zone,0,1
81,fence24,random_waypoint,5,560,520,560,520,20,3,250,550,15,311.488,-69.9231,-60,0,0,0,1,critical_zone,0,1
81,fence24,random_waypoint,5,560,520,560,520,20,4,250,650,15,336.192,-70.586,-60,0,0,0,1,critical_zone,0,1
81,fence24,random_waypoint,5,560,520,560,520,20,5,250,700,15,358.504,-71.1441,-60,0,0,0,1,critical_zone,0,1
81,fence24,random_waypoint,5,560,520,560,520,20,6,300,700,15,316.267,-70.0553,-60,0,0,0,1,critical_zone,0,1
81,fence24,random_waypoint,5,560,520,560,520,20,7,400,700,15,240.884,-67.6904,-60,0,0,0,1,critical_zone,0,1
81,fence24,random_waypoint,5,560,520,560,520,20,8,600,700,15,184.459,-65.3722,-60,0,0,0,1,critical_zone,0,1
81,fence24,random_waypoint,5,560,520,560,520,20,9,700,700,15,228.09,-67.2163,-60,0,0,0,1,critical_zone,0,1
81,fence24,random_waypoint,5,560,520,560,520,20,10,750,700,15,261.773,-68.4127,-60,0,0,0,1,critical_zone,0,1
81,fence24,random_waypoint,5,560,520,560,520,20,11,750,650,15,230.272,-67.299,-60,0,0,0,1,critical_zone,0,1
81,fence24,random_waypoint,5,560,520,560,520,20,12,750,550,15,192.419,-65.7392,-60,0,0,0,1,critical_zone,0,1
81,fence24,random_waypoint,5,560,520,560,520,20,13,750,450,15,202.546,-66.1847,-60,0,0,0,1,critical_zone,0,1
81,fence24,random_waypoint,5,560,520,560,520,20,14,750,350,15,255,-68.185,-60,0,0,0,1,critical_zone,0,1
81,fence24,random_waypoint,5,560,520,560,520,20,15,750,300,15,290.732,-69.3241,-60,0,0,0,1,critical_zone,0,1
81,fence24,random_waypoint,5,560,520,560,520,20,16,700,300,15,260.816,-68.3809,-60,0,0,0,1,critical_zone,0,1
81,fence24,random_waypoint,5,560,520,560,520,20,17,600,300,15,223.663,-67.0461,-60,0,0,0,1,critical_zone,0,1
81,fence24,random_waypoint,5,560,520,560,520,20,18,400,300,15,272.075,-68.748,-60,0,0,0,1,critical_zone,0,1
81,fence24,random_waypoint,5,560,520,560,520,20,19,300,300,15,340.624,-70.6997,-60,0,0,0,1,critical_zone,0,1
81,fence24,random_waypoint,5,560,520,560,520,20,20,300,500,15,260.816,-68.3809,-60,0,0,0,1,critical_zone,0,1
81,fence24,random_waypoint,5,560,520,560,520,20,21,500,350,15,180.347,-65.1764,-60,0,0,0,1,critical_zone,0,1
81,fence24,random_waypoint,5,560,520,560,520,20,22,700,500,15,141.51,-63.07,-60,0,0,0,1,critical_zone,0,1
81,fence24,random_waypoint,5,560,520,560,520,20,23,500,650,15,143.265,-63.1771,-60,0,0,0,1,critical_zone,0,1
82,fence24,random_waypoint,5,560,520,560,520,20,0,250,300,15,380.164,-71.6537,-60,0,0,0,1,critical_zone,0,1
82,fence24,random_waypoint,5,560,520,560,520,20,1,250,350,15,353.589,-71.0242,-60,0,0,0,1,critical_zone,0,1
82,fence24,random_waypoint,5,560,520,560,520,20,2,250,450,15,317.844,-70.0985,-60,0,0,0,1,critical_zone,0,1
82,fence24,random_waypoint,5,560,520,560,520,20,3,250,550,15,311.488,-69.9231,-60,0,0,0,1,critical_zone,0,1
82,fence24,random_waypoint,5,560,520,560,520,20,4,250,650,15,336.192,-70.586,-60,0,0,0,1,critical_zone,0,1
82,fence24,random_waypoint,5,560,520,560,520,20,5,250,700,15,358.504,-71.1441,-60,0,0,0,1,critical_zone,0,1
82,fence24,random_waypoint,5,560,520,560,520,20,6,300,700,15,316.267,-70.0553,-60,0,0,0,1,critical_zone,0,1
82,fence24,random_waypoint,5,560,520,560,520,20,7,400,700,15,240.884,-67.6904,-60,0,0,0,1,critical_zone,0,1
82,fence24,random_waypoint,5,560,520,560,520,20,8,600,700,15,184.459,-65.3722,-60,0,0,0,1,critical_zone,0,1
82,fence24,random_waypoint,5,560,520,560,520,20,9,700,700,15,228.09,-67.2163,-60,0,0,0,1,critical_zone,0,1
82,fence24,random_waypoint,5,560,520,560,520,20,10,750,700,15,261.773,-68.4127,-60,0,0,0,1,critical_zone,0,1
82,fence24,random_waypoint,5,560,520,560,520,20,11,750,650,15,230.272,-67.299,-60,0,0,0,1,critical_zone,0,1
82,fence24,random_waypoint,5,560,520,560,520,20,12,750,550,15,192.419,-65.7392,-60,0,0,0,1,critical_zone,0,1
82,fence24,random_waypoint,5,560,520,560,520,20,13,750,450,15,202.546,-66.1847,-60,0,0,0,1,critical_zone,0,1
82,fence24,random_waypoint,5,560,520,560,520,20,14,750,350,15,255,-68.185,-60,0,0,0,1,critical_zone,0,1
82,fence24,random_waypoint,5,560,520,560,520,20,15,750,300,15,290.732,-69.3241,-60,0,0,0,1,critical_zone,0,1
82,fence24,random_waypoint,5,560,520,560,520,20,16,700,300,15,260.816,-68.3809,-60,0,0,0,1,critical_zone,0,1
82,fence24,random_waypoint,5,560,520,560,520,20,17,600,300,15,223.663,-67.0461,-60,0,0,0,1,critical_zone,0,1
82,fence24,random_waypoint,5,560,520,560,520,20,18,400,300,15,272.075,-68.748,-60,0,0,0,1,critical_zone,0,1
82,fence24,random_waypoint,5,560,520,560,520,20,19,300,300,15,340.624,-70.6997,-60,0,0,0,1,critical_zone,0,1
82,fence24,random_waypoint,5,560,520,560,520,20,20,300,500,15,260.816,-68.3809,-60,0,0,0,1,critical_zone,0,1
82,fence24,random_waypoint,5,560,520,560,520,20,21,500,350,15,180.347,-65.1764,-60,0,0,0,1,critical_zone,0,1
82,fence24,random_waypoint,5,560,520,560,520,20,22,700,500,15,141.51,-63.07,-60,0,0,0,1,critical_zone,0,1
82,fence24,random_waypoint,5,560,520,560,520,20,23,500,650,15,143.265,-63.1771,-60,0,0,0,1,critical_zone,0,1
83,fence24,random_waypoint,5,560,520,560,520,20,0,250,300,15,380.164,-71.6537,-60,0,0,0,1,critical_zone,0,1
83,fence24,random_waypoint,5,560,520,560,520,20,1,250,350,15,353.589,-71.0242,-60,0,0,0,1,critical_zone,0,1
83,fence24,random_waypoint,5,560,520,560,520,20,2,250,450,15,317.844,-70.0985,-60,0,0,0,1,critical_zone,0,1
83,fence24,random_waypoint,5,560,520,560,520,20,3,250,550,15,311.488,-69.9231,-60,0,0,0,1,critical_zone,0,1
83,fence24,random_waypoint,5,560,520,560,520,20,4,250,650,15,336.192,-70.586,-60,0,0,0,1,critical_zone,0,1
83,fence24,random_waypoint,5,560,520,560,520,20,5,250,700,15,358.504,-71.1441,-60,0,0,0,1,critical_zone,0,1
83,fence24,random_waypoint,5,560,520,560,520,20,6,300,700,15,316.267,-70.0553,-60,0,0,0,1,critical_zone,0,1
83,fence24,random_waypoint,5,560,520,560,520,20,7,400,700,15,240.884,-67.6904,-60,0,0,0,1,critical_zone,0,1
83,fence24,random_waypoint,5,560,520,560,520,20,8,600,700,15,184.459,-65.3722,-60,0,0,0,1,critical_zone,0,1
83,fence24,random_waypoint,5,560,520,560,520,20,9,700,700,15,228.09,-67.2163,-60,0,0,0,1,critical_zone,0,1
83,fence24,random_waypoint,5,560,520,560,520,20,10,750,700,15,261.773,-68.4127,-60,0,0,0,1,critical_zone,0,1
83,fence24,random_waypoint,5,560,520,560,520,20,11,750,650,15,230.272,-67.299,-60,0,0,0,1,critical_zone,0,1
83,fence24,random_waypoint,5,560,520,560,520,20,12,750,550,15,192.419,-65.7392,-60,0,0,0,1,critical_zone,0,1
83,fence24,random_waypoint,5,560,520,560,520,20,13,750,450,15,202.546,-66.1847,-60,0,0,0,1,critical_zone,0,1
83,fence24,random_waypoint,5,560,520,560,520,20,14,750,350,15,255,-68.185,-60,0,0,0,1,critical_zone,0,1
83,fence24,random_waypoint,5,560,520,560,520,20,15,750,300,15,290.732,-69.3241,-60,0,0,0,1,critical_zone,0,1
83,fence24,random_waypoint,5,560,520,560,520,20,16,700,300,15,260.816,-68.3809,-60,0,0,0,1,critical_zone,0,1
83,fence24,random_waypoint,5,560,520,560,520,20,17,600,300,15,223.663,-67.0461,-60,0,0,0,1,critical_zone,0,1
83,fence24,random_waypoint,5,560,520,560,520,20,18,400,300,15,272.075,-68.748,-60,0,0,0,1,critical_zone,0,1
83,fence24,random_waypoint,5,560,520,560,520,20,19,300,300,15,340.624,-70.6997,-60,0,0,0,1,critical_zone,0,1
83,fence24,random_waypoint,5,560,520,560,520,20,20,300,500,15,260.816,-68.3809,-60,0,0,0,1,critical_zone,0,1
83,fence24,random_waypoint,5,560,520,560,520,20,21,500,350,15,180.347,-65.1764,-60,0,0,0,1,critical_zone,0,1
83,fence24,random_waypoint,5,560,520,560,520,20,22,700,500,15,141.51,-63.07,-60,0,0,0,1,critical_zone,0,1
83,fence24,random_waypoint,5,560,520,560,520,20,23,500,650,15,143.265,-63.1771,-60,0,0,0,1,critical_zone,0,1
84,fence24,random_waypoint,5,560,520,560,520,20,0,250,300,15,380.164,-71.6537,-60,0,0,0,1,critical_zone,0,1
84,fence24,random_waypoint,5,560,520,560,520,20,1,250,350,15,353.589,-71.0242,-60,0,0,0,1,critical_zone,0,1
84,fence24,random_waypoint,5,560,520,560,520,20,2,250,450,15,317.844,-70.0985,-60,0,0,0,1,critical_zone,0,1
84,fence24,random_waypoint,5,560,520,560,520,20,3,250,550,15,311.488,-69.9231,-60,0,0,0,1,critical_zone,0,1
84,fence24,random_waypoint,5,560,520,560,520,20,4,250,650,15,336.192,-70.586,-60,0,0,0,1,critical_zone,0,1
84,fence24,random_waypoint,5,560,520,560,520,20,5,250,700,15,358.504,-71.1441,-60,0,0,0,1,critical_zone,0,1
84,fence24,random_waypoint,5,560,520,560,520,20,6,300,700,15,316.267,-70.0553,-60,0,0,0,1,critical_zone,0,1
84,fence24,random_waypoint,5,560,520,560,520,20,7,400,700,15,240.884,-67.6904,-60,0,0,0,1,critical_zone,0,1
84,fence24,random_waypoint,5,560,520,560,520,20,8,600,700,15,184.459,-65.3722,-60,0,0,0,1,critical_zone,0,1
84,fence24,random_waypoint,5,560,520,560,520,20,9,700,700,15,228.09,-67.2163,-60,0,0,0,1,critical_zone,0,1
84,fence24,random_waypoint,5,560,520,560,520,20,10,750,700,15,261.773,-68.4127,-60,0,0,0,1,critical_zone,0,1
84,fence24,random_waypoint,5,560,520,560,520,20,11,750,650,15,230.272,-67.299,-60,0,0,0,1,critical_zone,0,1
84,fence24,random_waypoint,5,560,520,560,520,20,12,750,550,15,192.419,-65.7392,-60,0,0,0,1,critical_zone,0,1
84,fence24,random_waypoint,5,560,520,560,520,20,13,750,450,15,202.546,-66.1847,-60,0,0,0,1,critical_zone,0,1
84,fence24,random_waypoint,5,560,520,560,520,20,14,750,350,15,255,-68.185,-60,0,0,0,1,critical_zone,0,1
84,fence24,random_waypoint,5,560,520,560,520,20,15,750,300,15,290.732,-69.3241,-60,0,0,0,1,critical_zone,0,1
84,fence24,random_waypoint,5,560,520,560,520,20,16,700,300,15,260.816,-68.3809,-60,0,0,0,1,critical_zone,0,1
84,fence24,random_waypoint,5,560,520,560,520,20,17,600,300,15,223.663,-67.0461,-60,0,0,0,1,critical_zone,0,1
84,fence24,random_waypoint,5,560,520,560,520,20,18,400,300,15,272.075,-68.748,-60,0,0,0,1,critical_zone,0,1
84,fence24,random_waypoint,5,560,520,560,520,20,19,300,300,15,340.624,-70.6997,-60,0,0,0,1,critical_zone,0,1
84,fence24,random_waypoint,5,560,520,560,520,20,20,300,500,15,260.816,-68.3809,-60,0,0,0,1,critical_zone,0,1
84,fence24,random_waypoint,5,560,520,560,520,20,21,500,350,15,180.347,-65.1764,-60,0,0,0,1,critical_zone,0,1
84,fence24,random_waypoint,5,560,520,560,520,20,22,700,500,15,141.51,-63.07,-60,0,0,0,1,critical_zone,0,1
84,fence24,random_waypoint,5,560,520,560,520,20,23,500,650,15,143.265,-63.1771,-60,0,0,0,1,critical_zone,0,1
85,fence24,random_waypoint,5,560,520,560,520,20,0,250,300,15,380.164,-71.6537,-60,0,0,0,1,critical_zone,0,1
85,fence24,random_waypoint,5,560,520,560,520,20,1,250,350,15,353.589,-71.0242,-60,0,0,0,1,critical_zone,0,1
85,fence24,random_waypoint,5,560,520,560,520,20,2,250,450,15,317.844,-70.0985,-60,0,0,0,1,critical_zone,0,1
85,fence24,random_waypoint,5,560,520,560,520,20,3,250,550,15,311.488,-69.9231,-60,0,0,0,1,critical_zone,0,1
85,fence24,random_waypoint,5,560,520,560,520,20,4,250,650,15,336.192,-70.586,-60,0,0,0,1,critical_zone,0,1
85,fence24,random_waypoint,5,560,520,560,520,20,5,250,700,15,358.504,-71.1441,-60,0,0,0,1,critical_zone,0,1
85,fence24,random_waypoint,5,560,520,560,520,20,6,300,700,15,316.267,-70.0553,-60,0,0,0,1,critical_zone,0,1
85,fence24,random_waypoint,5,560,520,560,520,20,7,400,700,15,240.884,-67.6904,-60,0,0,0,1,critical_zone,0,1
85,fence24,random_waypoint,5,560,520,560,520,20,8,600,700,15,184.459,-65.3722,-60,0,0,0,1,critical_zone,0,1
85,fence24,random_waypoint,5,560,520,560,520,20,9,700,700,15,228.09,-67.2163,-60,0,0,0,1,critical_zone,0,1
85,fence24,random_waypoint,5,560,520,560,520,20,10,750,700,15,261.773,-68.4127,-60,0,0,0,1,critical_zone,0,1
85,fence24,random_waypoint,5,560,520,560,520,20,11,750,650,15,230.272,-67.299,-60,0,0,0,1,critical_zone,0,1
85,fence24,random_waypoint,5,560,520,560,520,20,12,750,550,15,192.419,-65.7392,-60,0,0,0,1,critical_zone,0,1
85,fence24,random_waypoint,5,560,520,560,520,20,13,750,450,15,202.546,-66.1847,-60,0,0,0,1,critical_zone,0,1
85,fence24,random_waypoint,5,560,520,560,520,20,14,750,350,15,255,-68.185,-60,0,0,0,1,critical_zone,0,1
85,fence24,random_waypoint,5,560,520,560,520,20,15,750,300,15,290.732,-69.3241,-60,0,0,0,1,critical_zone,0,1
85,fence24,random_waypoint,5,560,520,560,520,20,16,700,300,15,260.816,-68.3809,-60,0,0,0,1,critical_zone,0,1
85,fence24,random_waypoint,5,560,520,560,520,20,17,600,300,15,223.663,-67.0461,-60,0,0,0,1,critical_zone,0,1
85,fence24,random_waypoint,5,560,520,560,520,20,18,400,300,15,272.075,-68.748,-60,0,0,0,1,critical_zone,0,1
85,fence24,random_waypoint,5,560,520,560,520,20,19,300,300,15,340.624,-70.6997,-60,0,0,0,1,critical_zone,0,1
85,fence24,random_waypoint,5,560,520,560,520,20,20,300,500,15,260.816,-68.3809,-60,0,0,0,1,critical_zone,0,1
85,fence24,random_waypoint,5,560,520,560,520,20,21,500,350,15,180.347,-65.1764,-60,0,0,0,1,critical_zone,0,1
85,fence24,random_waypoint,5,560,520,560,520,20,22,700,500,15,141.51,-63.07,-60,0,0,0,1,critical_zone,0,1
85,fence24,random_waypoint,5,560,520,560,520,20,23,500,650,15,143.265,-63.1771,-60,0,0,0,1,critical_zone,0,1
86,fence24,random_waypoint,5,560,520,560,520,20,0,250,300,15,380.164,-71.6537,-60,0,0,0,1,critical_zone,0,1
86,fence24,random_waypoint,5,560,520,560,520,20,1,250,350,15,353.589,-71.0242,-60,0,0,0,1,critical_zone,0,1
86,fence24,random_waypoint,5,560,520,560,520,20,2,250,450,15,317.844,-70.0985,-60,0,0,0,1,critical_zone,0,1
86,fence24,random_waypoint,5,560,520,560,520,20,3,250,550,15,311.488,-69.9231,-60,0,0,0,1,critical_zone,0,1
86,fence24,random_waypoint,5,560,520,560,520,20,4,250,650,15,336.192,-70.586,-60,0,0,0,1,critical_zone,0,1
86,fence24,random_waypoint,5,560,520,560,520,20,5,250,700,15,358.504,-71.1441,-60,0,0,0,1,critical_zone,0,1
86,fence24,random_waypoint,5,560,520,560,520,20,6,300,700,15,316.267,-70.0553,-60,0,0,0,1,critical_zone,0,1
86,fence24,random_waypoint,5,560,520,560,520,20,7,400,700,15,240.884,-67.6904,-60,0,0,0,1,critical_zone,0,1
86,fence24,random_waypoint,5,560,520,560,520,20,8,600,700,15,184.459,-65.3722,-60,0,0,0,1,critical_zone,0,1
86,fence24,random_waypoint,5,560,520,560,520,20,9,700,700,15,228.09,-67.2163,-60,0,0,0,1,critical_zone,0,1
86,fence24,random_waypoint,5,560,520,560,520,20,10,750,700,15,261.773,-68.4127,-60,0,0,0,1,critical_zone,0,1
86,fence24,random_waypoint,5,560,520,560,520,20,11,750,650,15,230.272,-67.299,-60,0,0,0,1,critical_zone,0,1
86,fence24,random_waypoint,5,560,520,560,520,20,12,750,550,15,192.419,-65.7392,-60,0,0,0,1,critical_zone,0,1
86,fence24,random_waypoint,5,560,520,560,520,20,13,750,450,15,202.546,-66.1847,-60,0,0,0,1,critical_zone,0,1
86,fence24,random_waypoint,5,560,520,560,520,20,14,750,350,15,255,-68.185,-60,0,0,0,1,critical_zone,0,1
86,fence24,random_waypoint,5,560,520,560,520,20,15,750,300,15,290.732,-69.3241,-60,0,0,0,1,critical_zone,0,1
86,fence24,random_waypoint,5,560,520,560,520,20,16,700,300,15,260.816,-68.3809,-60,0,0,0,1,critical_zone,0,1
86,fence24,random_waypoint,5,560,520,560,520,20,17,600,300,15,223.663,-67.0461,-60,0,0,0,1,critical_zone,0,1
86,fence24,random_waypoint,5,560,520,560,520,20,18,400,300,15,272.075,-68.748,-60,0,0,0,1,critical_zone,0,1
86,fence24,random_waypoint,5,560,520,560,520,20,19,300,300,15,340.624,-70.6997,-60,0,0,0,1,critical_zone,0,1
86,fence24,random_waypoint,5,560,520,560,520,20,20,300,500,15,260.816,-68.3809,-60,0,0,0,1,critical_zone,0,1
86,fence24,random_waypoint,5,560,520,560,520,20,21,500,350,15,180.347,-65.1764,-60,0,0,0,1,critical_zone,0,1
86,fence24,random_waypoint,5,560,520,560,520,20,22,700,500,15,141.51,-63.07,-60,0,0,0,1,critical_zone,0,1
86,fence24,random_waypoint,5,560,520,560,520,20,23,500,650,15,143.265,-63.1771,-60,0,0,0,1,critical_zone,0,1
87,fence24,random_waypoint,5,560,520,560,520,20,0,250,300,15,380.164,-71.6537,-60,0,0,0,1,critical_zone,0,1
87,fence24,random_waypoint,5,560,520,560,520,20,1,250,350,15,353.589,-71.0242,-60,0,0,0,1,critical_zone,0,1
87,fence24,random_waypoint,5,560,520,560,520,20,2,250,450,15,317.844,-70.0985,-60,0,0,0,1,critical_zone,0,1
87,fence24,random_waypoint,5,560,520,560,520,20,3,250,550,15,311.488,-69.9231,-60,0,0,0,1,critical_zone,0,1
87,fence24,random_waypoint,5,560,520,560,520,20,4,250,650,15,336.192,-70.586,-60,0,0,0,1,critical_zone,0,1
87,fence24,random_waypoint,5,560,520,560,520,20,5,250,700,15,358.504,-71.1441,-60,0,0,0,1,critical_zone,0,1
87,fence24,random_waypoint,5,560,520,560,520,20,6,300,700,15,316.267,-70.0553,-60,0,0,0,1,critical_zone,0,1
87,fence24,random_waypoint,5,560,520,560,520,20,7,400,700,15,240.884,-67.6904,-60,0,0,0,1,critical_zone,0,1
87,fence24,random_waypoint,5,560,520,560,520,20,8,600,700,15,184.459,-65.3722,-60,0,0,0,1,critical_zone,0,1
87,fence24,random_waypoint,5,560,520,560,520,20,9,700,700,15,228.09,-67.2163,-60,0,0,0,1,critical_zone,0,1
87,fence24,random_waypoint,5,560,520,560,520,20,10,750,700,15,261.773,-68.4127,-60,0,0,0,1,critical_zone,0,1
87,fence24,random_waypoint,5,560,520,560,520,20,11,750,650,15,230.272,-67.299,-60,0,0,0,1,critical_zone,0,1
87,fence24,random_waypoint,5,560,520,560,520,20,12,750,550,15,192.419,-65.7392,-60,0,0,0,1,critical_zone,0,1
87,fence24,random_waypoint,5,560,520,560,520,20,13,750,450,15,202.546,-66.1847,-60,0,0,0,1,critical_zone,0,1
87,fence24,random_waypoint,5,560,520,560,520,20,14,750,350,15,255,-68.185,-60,0,0,0,1,critical_zone,0,1
87,fence24,random_waypoint,5,560,520,560,520,20,15,750,300,15,290.732,-69.3241,-60,0,0,0,1,critical_zone,0,1
87,fence24,random_waypoint,5,560,520,560,520,20,16,700,300,15,260.816,-68.3809,-60,0,0,0,1,critical_zone,0,1
87,fence24,random_waypoint,5,560,520,560,520,20,17,600,300,15,223.663,-67.0461,-60,0,0,0,1,critical_zone,0,1
87,fence24,random_waypoint,5,560,520,560,520,20,18,400,300,15,272.075,-68.748,-60,0,0,0,1,critical_zone,0,1
87,fence24,random_waypoint,5,560,520,560,520,20,19,300,300,15,340.624,-70.6997,-60,0,0,0,1,critical_zone,0,1
87,fence24,random_waypoint,5,560,520,560,520,20,20,300,500,15,260.816,-68.3809,-60,0,0,0,1,critical_zone,0,1
87,fence24,random_waypoint,5,560,520,560,520,20,21,500,350,15,180.347,-65.1764,-60,0,0,0,1,critical_zone,0,1
87,fence24,random_waypoint,5,560,520,560,520,20,22,700,500,15,141.51,-63.07,-60,0,0,0,1,critical_zone,0,1
87,fence24,random_waypoint,5,560,520,560,520,20,23,500,650,15,143.265,-63.1771,-60,0,0,0,1,critical_zone,0,1
88,fence24,random_waypoint,5,560,520,560,520,20,0,250,300,15,380.164,-71.6537,-60,0,0,0,1,critical_zone,0,1
88,fence24,random_waypoint,5,560,520,560,520,20,1,250,350,15,353.589,-71.0242,-60,0,0,0,1,critical_zone,0,1
88,fence24,random_waypoint,5,560,520,560,520,20,2,250,450,15,317.844,-70.0985,-60,0,0,0,1,critical_zone,0,1
88,fence24,random_waypoint,5,560,520,560,520,20,3,250,550,15,311.488,-69.9231,-60,0,0,0,1,critical_zone,0,1
88,fence24,random_waypoint,5,560,520,560,520,20,4,250,650,15,336.192,-70.586,-60,0,0,0,1,critical_zone,0,1
88,fence24,random_waypoint,5,560,520,560,520,20,5,250,700,15,358.504,-71.1441,-60,0,0,0,1,critical_zone,0,1
88,fence24,random_waypoint,5,560,520,560,520,20,6,300,700,15,316.267,-70.0553,-60,0,0,0,1,critical_zone,0,1
88,fence24,random_waypoint,5,560,520,560,520,20,7,400,700,15,240.884,-67.6904,-60,0,0,0,1,critical_zone,0,1
88,fence24,random_waypoint,5,560,520,560,520,20,8,600,700,15,184.459,-65.3722,-60,0,0,0,1,critical_zone,0,1
88,fence24,random_waypoint,5,560,520,560,520,20,9,700,700,15,228.09,-67.2163,-60,0,0,0,1,critical_zone,0,1
88,fence24,random_waypoint,5,560,520,560,520,20,10,750,700,15,261.773,-68.4127,-60,0,0,0,1,critical_zone,0,1
88,fence24,random_waypoint,5,560,520,560,520,20,11,750,650,15,230.272,-67.299,-60,0,0,0,1,critical_zone,0,1
88,fence24,random_waypoint,5,560,520,560,520,20,12,750,550,15,192.419,-65.7392,-60,0,0,0,1,critical_zone,0,1
88,fence24,random_waypoint,5,560,520,560,520,20,13,750,450,15,202.546,-66.1847,-60,0,0,0,1,critical_zone,0,1
88,fence24,random_waypoint,5,560,520,560,520,20,14,750,350,15,255,-68.185,-60,0,0,0,1,critical_zone,0,1
88,fence24,random_waypoint,5,560,520,560,520,20,15,750,300,15,290.732,-69.3241,-60,0,0,0,1,critical_zone,0,1
88,fence24,random_waypoint,5,560,520,560,520,20,16,700,300,15,260.816,-68.3809,-60,0,0,0,1,critical_zone,0,1
88,fence24,random_waypoint,5,560,520,560,520,20,17,600,300,15,223.663,-67.0461,-60,0,0,0,1,critical_zone,0,1
88,fence24,random_waypoint,5,560,520,560,520,20,18,400,300,15,272.075,-68.748,-60,0,0,0,1,critical_zone,0,1
88,fence24,random_waypoint,5,560,520,560,520,20,19,300,300,15,340.624,-70.6997,-60,0,0,0,1,critical_zone,0,1
88,fence24,random_waypoint,5,560,520,560,520,20,20,300,500,15,260.816,-68.3809,-60,0,0,0,1,critical_zone,0,1
88,fence24,random_waypoint,5,560,520,560,520,20,21,500,350,15,180.347,-65.1764,-60,0,0,0,1,critical_zone,0,1
88,fence24,random_waypoint,5,560,520,560,520,20,22,700,500,15,141.51,-63.07,-60,0,0,0,1,critical_zone,0,1
88,fence24,random_waypoint,5,560,520,560,520,20,23,500,650,15,143.265,-63.1771,-60,0,0,0,1,critical_zone,0,1
89,fence24,random_waypoint,5,560,520,560,520,20,0,250,300,15,380.164,-71.6537,-60,0,0,0,1,critical_zone,0,1
89,fence24,random_waypoint,5,560,520,560,520,20,1,250,350,15,353.589,-71.0242,-60,0,0,0,1,critical_zone,0,1
89,fence24,random_waypoint,5,560,520,560,520,20,2,250,450,15,317.844,-70.0985,-60,0,0,0,1,critical_zone,0,1
89,fence24,random_waypoint,5,560,520,560,520,20,3,250,550,15,311.488,-69.9231,-60,0,0,0,1,critical_zone,0,1
89,fence24,random_waypoint,5,560,520,560,520,20,4,250,650,15,336.192,-70.586,-60,0,0,0,1,critical_zone,0,1
89,fence24,random_waypoint,5,560,520,560,520,20,5,250,700,15,358.504,-71.1441,-60,0,0,0,1,critical_zone,0,1
89,fence24,random_waypoint,5,560,520,560,520,20,6,300,700,15,316.267,-70.0553,-60,0,0,0,1,critical_zone,0,1
89,fence24,random_waypoint,5,560,520,560,520,20,7,400,700,15,240.884,-67.6904,-60,0,0,0,1,critical_zone,0,1
89,fence24,random_waypoint,5,560,520,560,520,20,8,600,700,15,184.459,-65.3722,-60,0,0,0,1,critical_zone,0,1
89,fence24,random_waypoint,5,560,520,560,520,20,9,700,700,15,228.09,-67.2163,-60,0,0,0,1,critical_zone,0,1
89,fence24,random_waypoint,5,560,520,560,520,20,10,750,700,15,261.773,-68.4127,-60,0,0,0,1,critical_zone,0,1
89,fence24,random_waypoint,5,560,520,560,520,20,11,750,650,15,230.272,-67.299,-60,0,0,0,1,critical_zone,0,1
89,fence24,random_waypoint,5,560,520,560,520,20,12,750,550,15,192.419,-65.7392,-60,0,0,0,1,critical_zone,0,1
89,fence24,random_waypoint,5,560,520,560,520,20,13,750,450,15,202.546,-66.1847,-60,0,0,0,1,critical_zone,0,1
89,fence24,random_waypoint,5,560,520,560,520,20,14,750,350,15,255,-68.185,-60,0,0,0,1,critical_zone,0,1
89,fence24,random_waypoint,5,560,520,560,520,20,15,750,300,15,290.732,-69.3241,-60,0,0,0,1,critical_zone,0,1
89,fence24,random_waypoint,5,560,520,560,520,20,16,700,300,15,260.816,-68.3809,-60,0,0,0,1,critical_zone,0,1
89,fence24,random_waypoint,5,560,520,560,520,20,17,600,300,15,223.663,-67.0461,-60,0,0,0,1,critical_zone,0,1
89,fence24,random_waypoint,5,560,520,560,520,20,18,400,300,15,272.075,-68.748,-60,0,0,0,1,critical_zone,0,1
89,fence24,random_waypoint,5,560,520,560,520,20,19,300,300,15,340.624,-70.6997,-60,0,0,0,1,critical_zone,0,1
89,fence24,random_waypoint,5,560,520,560,520,20,20,300,500,15,260.816,-68.3809,-60,0,0,0,1,critical_zone,0,1
89,fence24,random_waypoint,5,560,520,560,520,20,21,500,350,15,180.347,-65.1764,-60,0,0,0,1,critical_zone,0,1
89,fence24,random_waypoint,5,560,520,560,520,20,22,700,500,15,141.51,-63.07,-60,0,0,0,1,critical_zone,0,1
89,fence24,random_waypoint,5,560,520,560,520,20,23,500,650,15,143.265,-63.1771,-60,0,0,0,1,critical_zone,0,1
90,fence24,random_waypoint,5,560,520,560,520,20,0,250,300,15,380.164,-71.6537,-60,0,0,0,1,critical_zone,0,1
90,fence24,random_waypoint,5,560,520,560,520,20,1,250,350,15,353.589,-71.0242,-60,0,0,0,1,critical_zone,0,1
90,fence24,random_waypoint,5,560,520,560,520,20,2,250,450,15,317.844,-70.0985,-60,0,0,0,1,critical_zone,0,1
90,fence24,random_waypoint,5,560,520,560,520,20,3,250,550,15,311.488,-69.9231,-60,0,0,0,1,critical_zone,0,1
90,fence24,random_waypoint,5,560,520,560,520,20,4,250,650,15,336.192,-70.586,-60,0,0,0,1,critical_zone,0,1
90,fence24,random_waypoint,5,560,520,560,520,20,5,250,700,15,358.504,-71.1441,-60,0,0,0,1,critical_zone,0,1
90,fence24,random_waypoint,5,560,520,560,520,20,6,300,700,15,316.267,-70.0553,-60,0,0,0,1,critical_zone,0,1
90,fence24,random_waypoint,5,560,520,560,520,20,7,400,700,15,240.884,-67.6904,-60,0,0,0,1,critical_zone,0,1
90,fence24,random_waypoint,5,560,520,560,520,20,8,600,700,15,184.459,-65.3722,-60,0,0,0,1,critical_zone,0,1
90,fence24,random_waypoint,5,560,520,560,520,20,9,700,700,15,228.09,-67.2163,-60,0,0,0,1,critical_zone,0,1
90,fence24,random_waypoint,5,560,520,560,520,20,10,750,700,15,261.773,-68.4127,-60,0,0,0,1,critical_zone,0,1
90,fence24,random_waypoint,5,560,520,560,520,20,11,750,650,15,230.272,-67.299,-60,0,0,0,1,critical_zone,0,1
90,fence24,random_waypoint,5,560,520,560,520,20,12,750,550,15,192.419,-65.7392,-60,0,0,0,1,critical_zone,0,1
90,fence24,random_waypoint,5,560,520,560,520,20,13,750,450,15,202.546,-66.1847,-60,0,0,0,1,critical_zone,0,1
90,fence24,random_waypoint,5,560,520,560,520,20,14,750,350,15,255,-68.185,-60,0,0,0,1,critical_zone,0,1
90,fence24,random_waypoint,5,560,520,560,520,20,15,750,300,15,290.732,-69.3241,-60,0,0,0,1,critical_zone,0,1
90,fence24,random_waypoint,5,560,520,560,520,20,16,700,300,15,260.816,-68.3809,-60,0,0,0,1,critical_zone,0,1
90,fence24,random_waypoint,5,560,520,560,520,20,17,600,300,15,223.663,-67.0461,-60,0,0,0,1,critical_zone,0,1
90,fence24,random_waypoint,5,560,520,560,520,20,18,400,300,15,272.075,-68.748,-60,0,0,0,1,critical_zone,0,1
90,fence24,random_waypoint,5,560,520,560,520,20,19,300,300,15,340.624,-70.6997,-60,0,0,0,1,critical_zone,0,1
90,fence24,random_waypoint,5,560,520,560,520,20,20,300,500,15,260.816,-68.3809,-60,0,0,0,1,critical_zone,0,1
90,fence24,random_waypoint,5,560,520,560,520,20,21,500,350,15,180.347,-65.1764,-60,0,0,0,1,critical_zone,0,1
90,fence24,random_waypoint,5,560,520,560,520,20,22,700,500,15,141.51,-63.07,-60,0,0,0,1,critical_zone,0,1
90,fence24,random_waypoint,5,560,520,560,520,20,23,500,650,15,143.265,-63.1771,-60,0,0,0,1,critical_zone,0,1
91,fence24,random_waypoint,5,560,520,560,520,20,0,250,300,15,380.164,-71.6537,-60,0,0,0,1,critical_zone,0,1
91,fence24,random_waypoint,5,560,520,560,520,20,1,250,350,15,353.589,-71.0242,-60,0,0,0,1,critical_zone,0,1
91,fence24,random_waypoint,5,560,520,560,520,20,2,250,450,15,317.844,-70.0985,-60,0,0,0,1,critical_zone,0,1
91,fence24,random_waypoint,5,560,520,560,520,20,3,250,550,15,311.488,-69.9231,-60,0,0,0,1,critical_zone,0,1
91,fence24,random_waypoint,5,560,520,560,520,20,4,250,650,15,336.192,-70.586,-60,0,0,0,1,critical_zone,0,1
91,fence24,random_waypoint,5,560,520,560,520,20,5,250,700,15,358.504,-71.1441,-60,0,0,0,1,critical_zone,0,1
91,fence24,random_waypoint,5,560,520,560,520,20,6,300,700,15,316.267,-70.0553,-60,0,0,0,1,critical_zone,0,1
91,fence24,random_waypoint,5,560,520,560,520,20,7,400,700,15,240.884,-67.6904,-60,0,0,0,1,critical_zone,0,1
91,fence24,random_waypoint,5,560,520,560,520,20,8,600,700,15,184.459,-65.3722,-60,0,0,0,1,critical_zone,0,1
91,fence24,random_waypoint,5,560,520,560,520,20,9,700,700,15,228.09,-67.2163,-60,0,0,0,1,critical_zone,0,1
91,fence24,random_waypoint,5,560,520,560,520,20,10,750,700,15,261.773,-68.4127,-60,0,0,0,1,critical_zone,0,1
91,fence24,random_waypoint,5,560,520,560,520,20,11,750,650,15,230.272,-67.299,-60,0,0,0,1,critical_zone,0,1
91,fence24,random_waypoint,5,560,520,560,520,20,12,750,550,15,192.419,-65.7392,-60,0,0,0,1,critical_zone,0,1
91,fence24,random_waypoint,5,560,520,560,520,20,13,750,450,15,202.546,-66.1847,-60,0,0,0,1,critical_zone,0,1
91,fence24,random_waypoint,5,560,520,560,520,20,14,750,350,15,255,-68.185,-60,0,0,0,1,critical_zone,0,1
91,fence24,random_waypoint,5,560,520,560,520,20,15,750,300,15,290.732,-69.3241,-60,0,0,0,1,critical_zone,0,1
91,fence24,random_waypoint,5,560,520,560,520,20,16,700,300,15,260.816,-68.3809,-60,0,0,0,1,critical_zone,0,1
91,fence24,random_waypoint,5,560,520,560,520,20,17,600,300,15,223.663,-67.0461,-60,0,0,0,1,critical_zone,0,1
91,fence24,random_waypoint,5,560,520,560,520,20,18,400,300,15,272.075,-68.748,-60,0,0,0,1,critical_zone,0,1
91,fence24,random_waypoint,5,560,520,560,520,20,19,300,300,15,340.624,-70.6997,-60,0,0,0,1,critical_zone,0,1
91,fence24,random_waypoint,5,560,520,560,520,20,20,300,500,15,260.816,-68.3809,-60,0,0,0,1,critical_zone,0,1
91,fence24,random_waypoint,5,560,520,560,520,20,21,500,350,15,180.347,-65.1764,-60,0,0,0,1,critical_zone,0,1
91,fence24,random_waypoint,5,560,520,560,520,20,22,700,500,15,141.51,-63.07,-60,0,0,0,1,critical_zone,0,1
91,fence24,random_waypoint,5,560,520,560,520,20,23,500,650,15,143.265,-63.1771,-60,0,0,0,1,critical_zone,0,1
92,fence24,random_waypoint,5,560,520,560,520,20,0,250,300,15,380.164,-71.6537,-60,0,0,0,1,critical_zone,0,1
92,fence24,random_waypoint,5,560,520,560,520,20,1,250,350,15,353.589,-71.0242,-60,0,0,0,1,critical_zone,0,1
92,fence24,random_waypoint,5,560,520,560,520,20,2,250,450,15,317.844,-70.0985,-60,0,0,0,1,critical_zone,0,1
92,fence24,random_waypoint,5,560,520,560,520,20,3,250,550,15,311.488,-69.9231,-60,0,0,0,1,critical_zone,0,1
92,fence24,random_waypoint,5,560,520,560,520,20,4,250,650,15,336.192,-70.586,-60,0,0,0,1,critical_zone,0,1
92,fence24,random_waypoint,5,560,520,560,520,20,5,250,700,15,358.504,-71.1441,-60,0,0,0,1,critical_zone,0,1
92,fence24,random_waypoint,5,560,520,560,520,20,6,300,700,15,316.267,-70.0553,-60,0,0,0,1,critical_zone,0,1
92,fence24,random_waypoint,5,560,520,560,520,20,7,400,700,15,240.884,-67.6904,-60,0,0,0,1,critical_zone,0,1
92,fence24,random_waypoint,5,560,520,560,520,20,8,600,700,15,184.459,-65.3722,-60,0,0,0,1,critical_zone,0,1
92,fence24,random_waypoint,5,560,520,560,520,20,9,700,700,15,228.09,-67.2163,-60,0,0,0,1,critical_zone,0,1
92,fence24,random_waypoint,5,560,520,560,520,20,10,750,700,15,261.773,-68.4127,-60,0,0,0,1,critical_zone,0,1
92,fence24,random_waypoint,5,560,520,560,520,20,11,750,650,15,230.272,-67.299,-60,0,0,0,1,critical_zone,0,1
92,fence24,random_waypoint,5,560,520,560,520,20,12,750,550,15,192.419,-65.7392,-60,0,0,0,1,critical_zone,0,1
92,fence24,random_waypoint,5,560,520,560,520,20,13,750,450,15,202.546,-66.1847,-60,0,0,0,1,critical_zone,0,1
92,fence24,random_waypoint,5,560,520,560,520,20,14,750,350,15,255,-68.185,-60,0,0,0,1,critical_zone,0,1
92,fence24,random_waypoint,5,560,520,560,520,20,15,750,300,15,290.732,-69.3241,-60,0,0,0,1,critical_zone,0,1
92,fence24,random_waypoint,5,560,520,560,520,20,16,700,300,15,260.816,-68.3809,-60,0,0,0,1,critical_zone,0,1
92,fence24,random_waypoint,5,560,520,560,520,20,17,600,300,15,223.663,-67.0461,-60,0,0,0,1,critical_zone,0,1
92,fence24,random_waypoint,5,560,520,560,520,20,18,400,300,15,272.075,-68.748,-60,0,0,0,1,critical_zone,0,1
92,fence24,random_waypoint,5,560,520,560,520,20,19,300,300,15,340.624,-70.6997,-60,0,0,0,1,critical_zone,0,1
92,fence24,random_waypoint,5,560,520,560,520,20,20,300,500,15,260.816,-68.3809,-60,0,0,0,1,critical_zone,0,1
92,fence24,random_waypoint,5,560,520,560,520,20,21,500,350,15,180.347,-65.1764,-60,0,0,0,1,critical_zone,0,1
92,fence24,random_waypoint,5,560,520,560,520,20,22,700,500,15,141.51,-63.07,-60,0,0,0,1,critical_zone,0,1
92,fence24,random_waypoint,5,560,520,560,520,20,23,500,650,15,143.265,-63.1771,-60,0,0,0,1,critical_zone,0,1
93,fence24,random_waypoint,5,560,520,560,520,20,0,250,300,15,380.164,-71.6537,-60,0,0,0,1,critical_zone,0,1
93,fence24,random_waypoint,5,560,520,560,520,20,1,250,350,15,353.589,-71.0242,-60,0,0,0,1,critical_zone,0,1
93,fence24,random_waypoint,5,560,520,560,520,20,2,250,450,15,317.844,-70.0985,-60,0,0,0,1,critical_zone,0,1
93,fence24,random_waypoint,5,560,520,560,520,20,3,250,550,15,311.488,-69.9231,-60,0,0,0,1,critical_zone,0,1
93,fence24,random_waypoint,5,560,520,560,520,20,4,250,650,15,336.192,-70.586,-60,0,0,0,1,critical_zone,0,1
93,fence24,random_waypoint,5,560,520,560,520,20,5,250,700,15,358.504,-71.1441,-60,0,0,0,1,critical_zone,0,1
93,fence24,random_waypoint,5,560,520,560,520,20,6,300,700,15,316.267,-70.0553,-60,0,0,0,1,critical_zone,0,1
93,fence24,random_waypoint,5,560,520,560,520,20,7,400,700,15,240.884,-67.6904,-60,0,0,0,1,critical_zone,0,1
93,fence24,random_waypoint,5,560,520,560,520,20,8,600,700,15,184.459,-65.3722,-60,0,0,0,1,critical_zone,0,1
93,fence24,random_waypoint,5,560,520,560,520,20,9,700,700,15,228.09,-67.2163,-60,0,0,0,1,critical_zone,0,1
93,fence24,random_waypoint,5,560,520,560,520,20,10,750,700,15,261.773,-68.4127,-60,0,0,0,1,critical_zone,0,1
93,fence24,random_waypoint,5,560,520,560,520,20,11,750,650,15,230.272,-67.299,-60,0,0,0,1,critical_zone,0,1
93,fence24,random_waypoint,5,560,520,560,520,20,12,750,550,15,192.419,-65.7392,-60,0,0,0,1,critical_zone,0,1
93,fence24,random_waypoint,5,560,520,560,520,20,13,750,450,15,202.546,-66.1847,-60,0,0,0,1,critical_zone,0,1
93,fence24,random_waypoint,5,560,520,560,520,20,14,750,350,15,255,-68.185,-60,0,0,0,1,critical_zone,0,1
93,fence24,random_waypoint,5,560,520,560,520,20,15,750,300,15,290.732,-69.3241,-60,0,0,0,1,critical_zone,0,1
93,fence24,random_waypoint,5,560,520,560,520,20,16,700,300,15,260.816,-68.3809,-60,0,0,0,1,critical_zone,0,1
93,fence24,random_waypoint,5,560,520,560,520,20,17,600,300,15,223.663,-67.0461,-60,0,0,0,1,critical_zone,0,1
93,fence24,random_waypoint,5,560,520,560,520,20,18,400,300,15,272.075,-68.748,-60,0,0,0,1,critical_zone,0,1
93,fence24,random_waypoint,5,560,520,560,520,20,19,300,300,15,340.624,-70.6997,-60,0,0,0,1,critical_zone,0,1
93,fence24,random_waypoint,5,560,520,560,520,20,20,300,500,15,260.816,-68.3809,-60,0,0,0,1,critical_zone,0,1
93,fence24,random_waypoint,5,560,520,560,520,20,21,500,350,15,180.347,-65.1764,-60,0,0,0,1,critical_zone,0,1
93,fence24,random_waypoint,5,560,520,560,520,20,22,700,500,15,141.51,-63.07,-60,0,0,0,1,critical_zone,0,1
93,fence24,random_waypoint,5,560,520,560,520,20,23,500,650,15,143.265,-63.1771,-60,0,0,0,1,critical_zone,0,1
94,fence24,random_waypoint,5,560,520,560,520,20,0,250,300,15,380.164,-71.6537,-60,0,0,0,1,critical_zone,0,1
94,fence24,random_waypoint,5,560,520,560,520,20,1,250,350,15,353.589,-71.0242,-60,0,0,0,1,critical_zone,0,1
94,fence24,random_waypoint,5,560,520,560,520,20,2,250,450,15,317.844,-70.0985,-60,0,0,0,1,critical_zone,0,1
94,fence24,random_waypoint,5,560,520,560,520,20,3,250,550,15,311.488,-69.9231,-60,0,0,0,1,critical_zone,0,1
94,fence24,random_waypoint,5,560,520,560,520,20,4,250,650,15,336.192,-70.586,-60,0,0,0,1,critical_zone,0,1
94,fence24,random_waypoint,5,560,520,560,520,20,5,250,700,15,358.504,-71.1441,-60,0,0,0,1,critical_zone,0,1
94,fence24,random_waypoint,5,560,520,560,520,20,6,300,700,15,316.267,-70.0553,-60,0,0,0,1,critical_zone,0,1
94,fence24,random_waypoint,5,560,520,560,520,20,7,400,700,15,240.884,-67.6904,-60,0,0,0,1,critical_zone,0,1
94,fence24,random_waypoint,5,560,520,560,520,20,8,600,700,15,184.459,-65.3722,-60,0,0,0,1,critical_zone,0,1
94,fence24,random_waypoint,5,560,520,560,520,20,9,700,700,15,228.09,-67.2163,-60,0,0,0,1,critical_zone,0,1
94,fence24,random_waypoint,5,560,520,560,520,20,10,750,700,15,261.773,-68.4127,-60,0,0,0,1,critical_zone,0,1
94,fence24,random_waypoint,5,560,520,560,520,20,11,750,650,15,230.272,-67.299,-60,0,0,0,1,critical_zone,0,1
94,fence24,random_waypoint,5,560,520,560,520,20,12,750,550,15,192.419,-65.7392,-60,0,0,0,1,critical_zone,0,1
94,fence24,random_waypoint,5,560,520,560,520,20,13,750,450,15,202.546,-66.1847,-60,0,0,0,1,critical_zone,0,1
94,fence24,random_waypoint,5,560,520,560,520,20,14,750,350,15,255,-68.185,-60,0,0,0,1,critical_zone,0,1
94,fence24,random_waypoint,5,560,520,560,520,20,15,750,300,15,290.732,-69.3241,-60,0,0,0,1,critical_zone,0,1
94,fence24,random_waypoint,5,560,520,560,520,20,16,700,300,15,260.816,-68.3809,-60,0,0,0,1,critical_zone,0,1
94,fence24,random_waypoint,5,560,520,560,520,20,17,600,300,15,223.663,-67.0461,-60,0,0,0,1,critical_zone,0,1
94,fence24,random_waypoint,5,560,520,560,520,20,18,400,300,15,272.075,-68.748,-60,0,0,0,1,critical_zone,0,1
94,fence24,random_waypoint,5,560,520,560,520,20,19,300,300,15,340.624,-70.6997,-60,0,0,0,1,critical_zone,0,1
94,fence24,random_waypoint,5,560,520,560,520,20,20,300,500,15,260.816,-68.3809,-60,0,0,0,1,critical_zone,0,1
94,fence24,random_waypoint,5,560,520,560,520,20,21,500,350,15,180.347,-65.1764,-60,0,0,0,1,critical_zone,0,1
94,fence24,random_waypoint,5,560,520,560,520,20,22,700,500,15,141.51,-63.07,-60,0,0,0,1,critical_zone,0,1
94,fence24,random_waypoint,5,560,520,560,520,20,23,500,650,15,143.265,-63.1771,-60,0,0,0,1,critical_zone,0,1
95,fence24,random_waypoint,5,560,520,560,520,20,0,250,300,15,380.164,-71.6537,-60,0,0,0,1,critical_zone,0,1
95,fence24,random_waypoint,5,560,520,560,520,20,1,250,350,15,353.589,-71.0242,-60,0,0,0,1,critical_zone,0,1
95,fence24,random_waypoint,5,560,520,560,520,20,2,250,450,15,317.844,-70.0985,-60,0,0,0,1,critical_zone,0,1
95,fence24,random_waypoint,5,560,520,560,520,20,3,250,550,15,311.488,-69.9231,-60,0,0,0,1,critical_zone,0,1
95,fence24,random_waypoint,5,560,520,560,520,20,4,250,650,15,336.192,-70.586,-60,0,0,0,1,critical_zone,0,1
95,fence24,random_waypoint,5,560,520,560,520,20,5,250,700,15,358.504,-71.1441,-60,0,0,0,1,critical_zone,0,1
95,fence24,random_waypoint,5,560,520,560,520,20,6,300,700,15,316.267,-70.0553,-60,0,0,0,1,critical_zone,0,1
95,fence24,random_waypoint,5,560,520,560,520,20,7,400,700,15,240.884,-67.6904,-60,0,0,0,1,critical_zone,0,1
95,fence24,random_waypoint,5,560,520,560,520,20,8,600,700,15,184.459,-65.3722,-60,0,0,0,1,critical_zone,0,1
95,fence24,random_waypoint,5,560,520,560,520,20,9,700,700,15,228.09,-67.2163,-60,0,0,0,1,critical_zone,0,1
95,fence24,random_waypoint,5,560,520,560,520,20,10,750,700,15,261.773,-68.4127,-60,0,0,0,1,critical_zone,0,1
95,fence24,random_waypoint,5,560,520,560,520,20,11,750,650,15,230.272,-67.299,-60,0,0,0,1,critical_zone,0,1
95,fence24,random_waypoint,5,560,520,560,520,20,12,750,550,15,192.419,-65.7392,-60,0,0,0,1,critical_zone,0,1
95,fence24,random_waypoint,5,560,520,560,520,20,13,750,450,15,202.546,-66.1847,-60,0,0,0,1,critical_zone,0,1
95,fence24,random_waypoint,5,560,520,560,520,20,14,750,350,15,255,-68.185,-60,0,0,0,1,critical_zone,0,1
95,fence24,random_waypoint,5,560,520,560,520,20,15,750,300,15,290.732,-69.3241,-60,0,0,0,1,critical_zone,0,1
95,fence24,random_waypoint,5,560,520,560,520,20,16,700,300,15,260.816,-68.3809,-60,0,0,0,1,critical_zone,0,1
95,fence24,random_waypoint,5,560,520,560,520,20,17,600,300,15,223.663,-67.0461,-60,0,0,0,1,critical_zone,0,1
95,fence24,random_waypoint,5,560,520,560,520,20,18,400,300,15,272.075,-68.748,-60,0,0,0,1,critical_zone,0,1
95,fence24,random_waypoint,5,560,520,560,520,20,19,300,300,15,340.624,-70.6997,-60,0,0,0,1,critical_zone,0,1
95,fence24,random_waypoint,5,560,520,560,520,20,20,300,500,15,260.816,-68.3809,-60,0,0,0,1,critical_zone,0,1
95,fence24,random_waypoint,5,560,520,560,520,20,21,500,350,15,180.347,-65.1764,-60,0,0,0,1,critical_zone,0,1
95,fence24,random_waypoint,5,560,520,560,520,20,22,700,500,15,141.51,-63.07,-60,0,0,0,1,critical_zone,0,1
95,fence24,random_waypoint,5,560,520,560,520,20,23,500,650,15,143.265,-63.1771,-60,0,0,0,1,critical_zone,0,1
96,fence24,random_waypoint,5,560,520,560,520,20,0,250,300,15,380.164,-71.6537,-60,0,0,0,1,critical_zone,0,1
96,fence24,random_waypoint,5,560,520,560,520,20,1,250,350,15,353.589,-71.0242,-60,0,0,0,1,critical_zone,0,1
96,fence24,random_waypoint,5,560,520,560,520,20,2,250,450,15,317.844,-70.0985,-60,0,0,0,1,critical_zone,0,1
96,fence24,random_waypoint,5,560,520,560,520,20,3,250,550,15,311.488,-69.9231,-60,0,0,0,1,critical_zone,0,1
96,fence24,random_waypoint,5,560,520,560,520,20,4,250,650,15,336.192,-70.586,-60,0,0,0,1,critical_zone,0,1
96,fence24,random_waypoint,5,560,520,560,520,20,5,250,700,15,358.504,-71.1441,-60,0,0,0,1,critical_zone,0,1
96,fence24,random_waypoint,5,560,520,560,520,20,6,300,700,15,316.267,-70.0553,-60,0,0,0,1,critical_zone,0,1
96,fence24,random_waypoint,5,560,520,560,520,20,7,400,700,15,240.884,-67.6904,-60,0,0,0,1,critical_zone,0,1
96,fence24,random_waypoint,5,560,520,560,520,20,8,600,700,15,184.459,-65.3722,-60,0,0,0,1,critical_zone,0,1
96,fence24,random_waypoint,5,560,520,560,520,20,9,700,700,15,228.09,-67.2163,-60,0,0,0,1,critical_zone,0,1
96,fence24,random_waypoint,5,560,520,560,520,20,10,750,700,15,261.773,-68.4127,-60,0,0,0,1,critical_zone,0,1
96,fence24,random_waypoint,5,560,520,560,520,20,11,750,650,15,230.272,-67.299,-60,0,0,0,1,critical_zone,0,1
96,fence24,random_waypoint,5,560,520,560,520,20,12,750,550,15,192.419,-65.7392,-60,0,0,0,1,critical_zone,0,1
96,fence24,random_waypoint,5,560,520,560,520,20,13,750,450,15,202.546,-66.1847,-60,0,0,0,1,critical_zone,0,1
96,fence24,random_waypoint,5,560,520,560,520,20,14,750,350,15,255,-68.185,-60,0,0,0,1,critical_zone,0,1
96,fence24,random_waypoint,5,560,520,560,520,20,15,750,300,15,290.732,-69.3241,-60,0,0,0,1,critical_zone,0,1
96,fence24,random_waypoint,5,560,520,560,520,20,16,700,300,15,260.816,-68.3809,-60,0,0,0,1,critical_zone,0,1
96,fence24,random_waypoint,5,560,520,560,520,20,17,600,300,15,223.663,-67.0461,-60,0,0,0,1,critical_zone,0,1
96,fence24,random_waypoint,5,560,520,560,520,20,18,400,300,15,272.075,-68.748,-60,0,0,0,1,critical_zone,0,1
96,fence24,random_waypoint,5,560,520,560,520,20,19,300,300,15,340.624,-70.6997,-60,0,0,0,1,critical_zone,0,1
96,fence24,random_waypoint,5,560,520,560,520,20,20,300,500,15,260.816,-68.3809,-60,0,0,0,1,critical_zone,0,1
96,fence24,random_waypoint,5,560,520,560,520,20,21,500,350,15,180.347,-65.1764,-60,0,0,0,1,critical_zone,0,1
96,fence24,random_waypoint,5,560,520,560,520,20,22,700,500,15,141.51,-63.07,-60,0,0,0,1,critical_zone,0,1
96,fence24,random_waypoint,5,560,520,560,520,20,23,500,650,15,143.265,-63.1771,-60,0,0,0,1,critical_zone,0,1
97,fence24,random_waypoint,5,560,520,560,520,20,0,250,300,15,380.164,-71.6537,-60,0,0,0,1,critical_zone,0,1
97,fence24,random_waypoint,5,560,520,560,520,20,1,250,350,15,353.589,-71.0242,-60,0,0,0,1,critical_zone,0,1
97,fence24,random_waypoint,5,560,520,560,520,20,2,250,450,15,317.844,-70.0985,-60,0,0,0,1,critical_zone,0,1
97,fence24,random_waypoint,5,560,520,560,520,20,3,250,550,15,311.488,-69.9231,-60,0,0,0,1,critical_zone,0,1
97,fence24,random_waypoint,5,560,520,560,520,20,4,250,650,15,336.192,-70.586,-60,0,0,0,1,critical_zone,0,1
97,fence24,random_waypoint,5,560,520,560,520,20,5,250,700,15,358.504,-71.1441,-60,0,0,0,1,critical_zone,0,1
97,fence24,random_waypoint,5,560,520,560,520,20,6,300,700,15,316.267,-70.0553,-60,0,0,0,1,critical_zone,0,1
97,fence24,random_waypoint,5,560,520,560,520,20,7,400,700,15,240.884,-67.6904,-60,0,0,0,1,critical_zone,0,1
97,fence24,random_waypoint,5,560,520,560,520,20,8,600,700,15,184.459,-65.3722,-60,0,0,0,1,critical_zone,0,1
97,fence24,random_waypoint,5,560,520,560,520,20,9,700,700,15,228.09,-67.2163,-60,0,0,0,1,critical_zone,0,1
97,fence24,random_waypoint,5,560,520,560,520,20,10,750,700,15,261.773,-68.4127,-60,0,0,0,1,critical_zone,0,1
97,fence24,random_waypoint,5,560,520,560,520,20,11,750,650,15,230.272,-67.299,-60,0,0,0,1,critical_zone,0,1
97,fence24,random_waypoint,5,560,520,560,520,20,12,750,550,15,192.419,-65.7392,-60,0,0,0,1,critical_zone,0,1
97,fence24,random_waypoint,5,560,520,560,520,20,13,750,450,15,202.546,-66.1847,-60,0,0,0,1,critical_zone,0,1
97,fence24,random_waypoint,5,560,520,560,520,20,14,750,350,15,255,-68.185,-60,0,0,0,1,critical_zone,0,1
97,fence24,random_waypoint,5,560,520,560,520,20,15,750,300,15,290.732,-69.3241,-60,0,0,0,1,critical_zone,0,1
97,fence24,random_waypoint,5,560,520,560,520,20,16,700,300,15,260.816,-68.3809,-60,0,0,0,1,critical_zone,0,1
97,fence24,random_waypoint,5,560,520,560,520,20,17,600,300,15,223.663,-67.0461,-60,0,0,0,1,critical_zone,0,1
97,fence24,random_waypoint,5,560,520,560,520,20,18,400,300,15,272.075,-68.748,-60,0,0,0,1,critical_zone,0,1
97,fence24,random_waypoint,5,560,520,560,520,20,19,300,300,15,340.624,-70.6997,-60,0,0,0,1,critical_zone,0,1
97,fence24,random_waypoint,5,560,520,560,520,20,20,300,500,15,260.816,-68.3809,-60,0,0,0,1,critical_zone,0,1
97,fence24,random_waypoint,5,560,520,560,520,20,21,500,350,15,180.347,-65.1764,-60,0,0,0,1,critical_zone,0,1
97,fence24,random_waypoint,5,560,520,560,520,20,22,700,500,15,141.51,-63.07,-60,0,0,0,1,critical_zone,0,1
97,fence24,random_waypoint,5,560,520,560,520,20,23,500,650,15,143.265,-63.1771,-60,0,0,0,1,critical_zone,0,1
98,fence24,random_waypoint,5,560,520,560,520,20,0,250,300,15,380.164,-71.6537,-60,0,0,0,1,critical_zone,0,1
98,fence24,random_waypoint,5,560,520,560,520,20,1,250,350,15,353.589,-71.0242,-60,0,0,0,1,critical_zone,0,1
98,fence24,random_waypoint,5,560,520,560,520,20,2,250,450,15,317.844,-70.0985,-60,0,0,0,1,critical_zone,0,1
98,fence24,random_waypoint,5,560,520,560,520,20,3,250,550,15,311.488,-69.9231,-60,0,0,0,1,critical_zone,0,1
98,fence24,random_waypoint,5,560,520,560,520,20,4,250,650,15,336.192,-70.586,-60,0,0,0,1,critical_zone,0,1
98,fence24,random_waypoint,5,560,520,560,520,20,5,250,700,15,358.504,-71.1441,-60,0,0,0,1,critical_zone,0,1
98,fence24,random_waypoint,5,560,520,560,520,20,6,300,700,15,316.267,-70.0553,-60,0,0,0,1,critical_zone,0,1
98,fence24,random_waypoint,5,560,520,560,520,20,7,400,700,15,240.884,-67.6904,-60,0,0,0,1,critical_zone,0,1
98,fence24,random_waypoint,5,560,520,560,520,20,8,600,700,15,184.459,-65.3722,-60,0,0,0,1,critical_zone,0,1
98,fence24,random_waypoint,5,560,520,560,520,20,9,700,700,15,228.09,-67.2163,-60,0,0,0,1,critical_zone,0,1
98,fence24,random_waypoint,5,560,520,560,520,20,10,750,700,15,261.773,-68.4127,-60,0,0,0,1,critical_zone,0,1
98,fence24,random_waypoint,5,560,520,560,520,20,11,750,650,15,230.272,-67.299,-60,0,0,0,1,critical_zone,0,1
98,fence24,random_waypoint,5,560,520,560,520,20,12,750,550,15,192.419,-65.7392,-60,0,0,0,1,critical_zone,0,1
98,fence24,random_waypoint,5,560,520,560,520,20,13,750,450,15,202.546,-66.1847,-60,0,0,0,1,critical_zone,0,1
98,fence24,random_waypoint,5,560,520,560,520,20,14,750,350,15,255,-68.185,-60,0,0,0,1,critical_zone,0,1
98,fence24,random_waypoint,5,560,520,560,520,20,15,750,300,15,290.732,-69.3241,-60,0,0,0,1,critical_zone,0,1
98,fence24,random_waypoint,5,560,520,560,520,20,16,700,300,15,260.816,-68.3809,-60,0,0,0,1,critical_zone,0,1
98,fence24,random_waypoint,5,560,520,560,520,20,17,600,300,15,223.663,-67.0461,-60,0,0,0,1,critical_zone,0,1
98,fence24,random_waypoint,5,560,520,560,520,20,18,400,300,15,272.075,-68.748,-60,0,0,0,1,critical_zone,0,1
98,fence24,random_waypoint,5,560,520,560,520,20,19,300,300,15,340.624,-70.6997,-60,0,0,0,1,critical_zone,0,1
98,fence24,random_waypoint,5,560,520,560,520,20,20,300,500,15,260.816,-68.3809,-60,0,0,0,1,critical_zone,0,1
98,fence24,random_waypoint,5,560,520,560,520,20,21,500,350,15,180.347,-65.1764,-60,0,0,0,1,critical_zone,0,1
98,fence24,random_waypoint,5,560,520,560,520,20,22,700,500,15,141.51,-63.07,-60,0,0,0,1,critical_zone,0,1
98,fence24,random_waypoint,5,560,520,560,520,20,23,500,650,15,143.265,-63.1771,-60,0,0,0,1,critical_zone,0,1
99,fence24,random_waypoint,5,560,520,560,520,20,0,250,300,15,380.164,-71.6537,-60,0,0,0,1,critical_zone,0,1
99,fence24,random_waypoint,5,560,520,560,520,20,1,250,350,15,353.589,-71.0242,-60,0,0,0,1,critical_zone,0,1
99,fence24,random_waypoint,5,560,520,560,520,20,2,250,450,15,317.844,-70.0985,-60,0,0,0,1,critical_zone,0,1
99,fence24,random_waypoint,5,560,520,560,520,20,3,250,550,15,311.488,-69.9231,-60,0,0,0,1,critical_zone,0,1
99,fence24,random_waypoint,5,560,520,560,520,20,4,250,650,15,336.192,-70.586,-60,0,0,0,1,critical_zone,0,1
99,fence24,random_waypoint,5,560,520,560,520,20,5,250,700,15,358.504,-71.1441,-60,0,0,0,1,critical_zone,0,1
99,fence24,random_waypoint,5,560,520,560,520,20,6,300,700,15,316.267,-70.0553,-60,0,0,0,1,critical_zone,0,1
99,fence24,random_waypoint,5,560,520,560,520,20,7,400,700,15,240.884,-67.6904,-60,0,0,0,1,critical_zone,0,1
99,fence24,random_waypoint,5,560,520,560,520,20,8,600,700,15,184.459,-65.3722,-60,0,0,0,1,critical_zone,0,1
99,fence24,random_waypoint,5,560,520,560,520,20,9,700,700,15,228.09,-67.2163,-60,0,0,0,1,critical_zone,0,1
99,fence24,random_waypoint,5,560,520,560,520,20,10,750,700,15,261.773,-68.4127,-60,0,0,0,1,critical_zone,0,1
99,fence24,random_waypoint,5,560,520,560,520,20,11,750,650,15,230.272,-67.299,-60,0,0,0,1,critical_zone,0,1
99,fence24,random_waypoint,5,560,520,560,520,20,12,750,550,15,192.419,-65.7392,-60,0,0,0,1,critical_zone,0,1
99,fence24,random_waypoint,5,560,520,560,520,20,13,750,450,15,202.546,-66.1847,-60,0,0,0,1,critical_zone,0,1
99,fence24,random_waypoint,5,560,520,560,520,20,14,750,350,15,255,-68.185,-60,0,0,0,1,critical_zone,0,1
99,fence24,random_waypoint,5,560,520,560,520,20,15,750,300,15,290.732,-69.3241,-60,0,0,0,1,critical_zone,0,1
99,fence24,random_waypoint,5,560,520,560,520,20,16,700,300,15,260.816,-68.3809,-60,0,0,0,1,critical_zone,0,1
99,fence24,random_waypoint,5,560,520,560,520,20,17,600,300,15,223.663,-67.0461,-60,0,0,0,1,critical_zone,0,1
99,fence24,random_waypoint,5,560,520,560,520,20,18,400,300,15,272.075,-68.748,-60,0,0,0,1,critical_zone,0,1
99,fence24,random_waypoint,5,560,520,560,520,20,19,300,300,15,340.624,-70.6997,-60,0,0,0,1,critical_zone,0,1
99,fence24,random_waypoint,5,560,520,560,520,20,20,300,500,15,260.816,-68.3809,-60,0,0,0,1,critical_zone,0,1
99,fence24,random_waypoint,5,560,520,560,520,20,21,500,350,15,180.347,-65.1764,-60,0,0,0,1,critical_zone,0,1
99,fence24,random_waypoint,5,560,520,560,520,20,22,700,500,15,141.51,-63.07,-60,0,0,0,1,critical_zone,0,1
99,fence24,random_waypoint,5,560,520,560,520,20,23,500,650,15,143.265,-63.1771,-60,0,0,0,1,critical_zone,0,1
100,fence24,random_waypoint,5,560,520,560,520,20,0,250,300,15,380.164,-71.6537,-60,0,0,0,1,critical_zone,0,1
100,fence24,random_waypoint,5,560,520,560,520,20,1,250,350,15,353.589,-71.0242,-60,0,0,0,1,critical_zone,0,1
100,fence24,random_waypoint,5,560,520,560,520,20,2,250,450,15,317.844,-70.0985,-60,0,0,0,1,critical_zone,0,1
100,fence24,random_waypoint,5,560,520,560,520,20,3,250,550,15,311.488,-69.9231,-60,0,0,0,1,critical_zone,0,1
100,fence24,random_waypoint,5,560,520,560,520,20,4,250,650,15,336.192,-70.586,-60,0,0,0,1,critical_zone,0,1
100,fence24,random_waypoint,5,560,520,560,520,20,5,250,700,15,358.504,-71.1441,-60,0,0,0,1,critical_zone,0,1
100,fence24,random_waypoint,5,560,520,560,520,20,6,300,700,15,316.267,-70.0553,-60,0,0,0,1,critical_zone,0,1
100,fence24,random_waypoint,5,560,520,560,520,20,7,400,700,15,240.884,-67.6904,-60,0,0,0,1,critical_zone,0,1
100,fence24,random_waypoint,5,560,520,560,520,20,8,600,700,15,184.459,-65.3722,-60,0,0,0,1,critical_zone,0,1
100,fence24,random_waypoint,5,560,520,560,520,20,9,700,700,15,228.09,-67.2163,-60,0,0,0,1,critical_zone,0,1
100,fence24,random_waypoint,5,560,520,560,520,20,10,750,700,15,261.773,-68.4127,-60,0,0,0,1,critical_zone,0,1
100,fence24,random_waypoint,5,560,520,560,520,20,11,750,650,15,230.272,-67.299,-60,0,0,0,1,critical_zone,0,1
100,fence24,random_waypoint,5,560,520,560,520,20,12,750,550,15,192.419,-65.7392,-60,0,0,0,1,critical_zone,0,1
100,fence24,random_waypoint,5,560,520,560,520,20,13,750,450,15,202.546,-66.1847,-60,0,0,0,1,critical_zone,0,1
100,fence24,random_waypoint,5,560,520,560,520,20,14,750,350,15,255,-68.185,-60,0,0,0,1,critical_zone,0,1
100,fence24,random_waypoint,5,560,520,560,520,20,15,750,300,15,290.732,-69.3241,-60,0,0,0,1,critical_zone,0,1
100,fence24,random_waypoint,5,560,520,560,520,20,16,700,300,15,260.816,-68.3809,-60,0,0,0,1,critical_zone,0,1
100,fence24,random_waypoint,5,560,520,560,520,20,17,600,300,15,223.663,-67.0461,-60,0,0,0,1,critical_zone,0,1
100,fence24,random_waypoint,5,560,520,560,520,20,18,400,300,15,272.075,-68.748,-60,0,0,0,1,critical_zone,0,1
100,fence24,random_waypoint,5,560,520,560,520,20,19,300,300,15,340.624,-70.6997,-60,0,0,0,1,critical_zone,0,1
100,fence24,random_waypoint,5,560,520,560,520,20,20,300,500,15,260.816,-68.3809,-60,0,0,0,1,critical_zone,0,1
100,fence24,random_waypoint,5,560,520,560,520,20,21,500,350,15,180.347,-65.1764,-60,0,0,0,1,critical_zone,0,1
100,fence24,random_waypoint,5,560,520,560,520,20,22,700,500,15,141.51,-63.07,-60,0,0,0,1,critical_zone,0,1
100,fence24,random_waypoint,5,560,520,560,520,20,23,500,650,15,143.265,-63.1771,-60,0,0,0,1,critical_zone,0,1
101,fence24,random_waypoint,5,560,520,560,520,20,0,250,300,15,380.164,-71.6537,-60,0,0,0,1,critical_zone,0,1
101,fence24,random_waypoint,5,560,520,560,520,20,1,250,350,15,353.589,-71.0242,-60,0,0,0,1,critical_zone,0,1
101,fence24,random_waypoint,5,560,520,560,520,20,2,250,450,15,317.844,-70.0985,-60,0,0,0,1,critical_zone,0,1
101,fence24,random_waypoint,5,560,520,560,520,20,3,250,550,15,311.488,-69.9231,-60,0,0,0,1,critical_zone,0,1
101,fence24,random_waypoint,5,560,520,560,520,20,4,250,650,15,336.192,-70.586,-60,0,0,0,1,critical_zone,0,1
101,fence24,random_waypoint,5,560,520,560,520,20,5,250,700,15,358.504,-71.1441,-60,0,0,0,1,critical_zone,0,1
101,fence24,random_waypoint,5,560,520,560,520,20,6,300,700,15,316.267,-70.0553,-60,0,0,0,1,critical_zone,0,1
101,fence24,random_waypoint,5,560,520,560,520,20,7,400,700,15,240.884,-67.6904,-60,0,0,0,1,critical_zone,0,1
101,fence24,random_waypoint,5,560,520,560,520,20,8,600,700,15,184.459,-65.3722,-60,0,0,0,1,critical_zone,0,1
101,fence24,random_waypoint,5,560,520,560,520,20,9,700,700,15,228.09,-67.2163,-60,0,0,0,1,critical_zone,0,1
101,fence24,random_waypoint,5,560,520,560,520,20,10,750,700,15,261.773,-68.4127,-60,0,0,0,1,critical_zone,0,1
101,fence24,random_waypoint,5,560,520,560,520,20,11,750,650,15,230.272,-67.299,-60,0,0,0,1,critical_zone,0,1
101,fence24,random_waypoint,5,560,520,560,520,20,12,750,550,15,192.419,-65.7392,-60,0,0,0,1,critical_zone,0,1
101,fence24,random_waypoint,5,560,520,560,520,20,13,750,450,15,202.546,-66.1847,-60,0,0,0,1,critical_zone,0,1
101,fence24,random_waypoint,5,560,520,560,520,20,14,750,350,15,255,-68.185,-60,0,0,0,1,critical_zone,0,1
101,fence24,random_waypoint,5,560,520,560,520,20,15,750,300,15,290.732,-69.3241,-60,0,0,0,1,critical_zone,0,1
101,fence24,random_waypoint,5,560,520,560,520,20,16,700,300,15,260.816,-68.3809,-60,0,0,0,1,critical_zone,0,1
101,fence24,random_waypoint,5,560,520,560,520,20,17,600,300,15,223.663,-67.0461,-60,0,0,0,1,critical_zone,0,1
101,fence24,random_waypoint,5,560,520,560,520,20,18,400,300,15,272.075,-68.748,-60,0,0,0,1,critical_zone,0,1
101,fence24,random_waypoint,5,560,520,560,520,20,19,300,300,15,340.624,-70.6997,-60,0,0,0,1,critical_zone,0,1
101,fence24,random_waypoint,5,560,520,560,520,20,20,300,500,15,260.816,-68.3809,-60,0,0,0,1,critical_zone,0,1
101,fence24,random_waypoint,5,560,520,560,520,20,21,500,350,15,180.347,-65.1764,-60,0,0,0,1,critical_zone,0,1
101,fence24,random_waypoint,5,560,520,560,520,20,22,700,500,15,141.51,-63.07,-60,0,0,0,1,critical_zone,0,1
101,fence24,random_waypoint,5,560,520,560,520,20,23,500,650,15,143.265,-63.1771,-60,0,0,0,1,critical_zone,0,1
102,fence24,random_waypoint,5,560,520,560,520,20,0,250,300,15,380.164,-71.6537,-60,0,0,0,1,critical_zone,0,1
102,fence24,random_waypoint,5,560,520,560,520,20,1,250,350,15,353.589,-71.0242,-60,0,0,0,1,critical_zone,0,1
102,fence24,random_waypoint,5,560,520,560,520,20,2,250,450,15,317.844,-70.0985,-60,0,0,0,1,critical_zone,0,1
102,fence24,random_waypoint,5,560,520,560,520,20,3,250,550,15,311.488,-69.9231,-60,0,0,0,1,critical_zone,0,1
102,fence24,random_waypoint,5,560,520,560,520,20,4,250,650,15,336.192,-70.586,-60,0,0,0,1,critical_zone,0,1
102,fence24,random_waypoint,5,560,520,560,520,20,5,250,700,15,358.504,-71.1441,-60,0,0,0,1,critical_zone,0,1
102,fence24,random_waypoint,5,560,520,560,520,20,6,300,700,15,316.267,-70.0553,-60,0,0,0,1,critical_zone,0,1
102,fence24,random_waypoint,5,560,520,560,520,20,7,400,700,15,240.884,-67.6904,-60,0,0,0,1,critical_zone,0,1
102,fence24,random_waypoint,5,560,520,560,520,20,8,600,700,15,184.459,-65.3722,-60,0,0,0,1,critical_zone,0,1
102,fence24,random_waypoint,5,560,520,560,520,20,9,700,700,15,228.09,-67.2163,-60,0,0,0,1,critical_zone,0,1
102,fence24,random_waypoint,5,560,520,560,520,20,10,750,700,15,261.773,-68.4127,-60,0,0,0,1,critical_zone,0,1
102,fence24,random_waypoint,5,560,520,560,520,20,11,750,650,15,230.272,-67.299,-60,0,0,0,1,critical_zone,0,1
102,fence24,random_waypoint,5,560,520,560,520,20,12,750,550,15,192.419,-65.7392,-60,0,0,0,1,critical_zone,0,1
102,fence24,random_waypoint,5,560,520,560,520,20,13,750,450,15,202.546,-66.1847,-60,0,0,0,1,critical_zone,0,1
102,fence24,random_waypoint,5,560,520,560,520,20,14,750,350,15,255,-68.185,-60,0,0,0,1,critical_zone,0,1
102,fence24,random_waypoint,5,560,520,560,520,20,15,750,300,15,290.732,-69.3241,-60,0,0,0,1,critical_zone,0,1
102,fence24,random_waypoint,5,560,520,560,520,20,16,700,300,15,260.816,-68.3809,-60,0,0,0,1,critical_zone,0,1
102,fence24,random_waypoint,5,560,520,560,520,20,17,600,300,15,223.663,-67.0461,-60,0,0,0,1,critical_zone,0,1
102,fence24,random_waypoint,5,560,520,560,520,20,18,400,300,15,272.075,-68.748,-60,0,0,0,1,critical_zone,0,1
102,fence24,random_waypoint,5,560,520,560,520,20,19,300,300,15,340.624,-70.6997,-60,0,0,0,1,critical_zone,0,1
102,fence24,random_waypoint,5,560,520,560,520,20,20,300,500,15,260.816,-68.3809,-60,0,0,0,1,critical_zone,0,1
102,fence24,random_waypoint,5,560,520,560,520,20,21,500,350,15,180.347,-65.1764,-60,0,0,0,1,critical_zone,0,1
102,fence24,random_waypoint,5,560,520,560,520,20,22,700,500,15,141.51,-63.07,-60,0,0,0,1,critical_zone,0,1
102,fence24,random_waypoint,5,560,520,560,520,20,23,500,650,15,143.265,-63.1771,-60,0,0,0,1,critical_zone,0,1
103,fence24,random_waypoint,5,560,520,560,520,20,0,250,300,15,380.164,-71.6537,-60,0,0,0,1,critical_zone,0,1
103,fence24,random_waypoint,5,560,520,560,520,20,1,250,350,15,353.589,-71.0242,-60,0,0,0,1,critical_zone,0,1
103,fence24,random_waypoint,5,560,520,560,520,20,2,250,450,15,317.844,-70.0985,-60,0,0,0,1,critical_zone,0,1
103,fence24,random_waypoint,5,560,520,560,520,20,3,250,550,15,311.488,-69.9231,-60,0,0,0,1,critical_zone,0,1
103,fence24,random_waypoint,5,560,520,560,520,20,4,250,650,15,336.192,-70.586,-60,0,0,0,1,critical_zone,0,1
103,fence24,random_waypoint,5,560,520,560,520,20,5,250,700,15,358.504,-71.1441,-60,0,0,0,1,critical_zone,0,1
103,fence24,random_waypoint,5,560,520,560,520,20,6,300,700,15,316.267,-70.0553,-60,0,0,0,1,critical_zone,0,1
103,fence24,random_waypoint,5,560,520,560,520,20,7,400,700,15,240.884,-67.6904,-60,0,0,0,1,critical_zone,0,1
103,fence24,random_waypoint,5,560,520,560,520,20,8,600,700,15,184.459,-65.3722,-60,0,0,0,1,critical_zone,0,1
103,fence24,random_waypoint,5,560,520,560,520,20,9,700,700,15,228.09,-67.2163,-60,0,0,0,1,critical_zone,0,1
103,fence24,random_waypoint,5,560,520,560,520,20,10,750,700,15,261.773,-68.4127,-60,0,0,0,1,critical_zone,0,1
103,fence24,random_waypoint,5,560,520,560,520,20,11,750,650,15,230.272,-67.299,-60,0,0,0,1,critical_zone,0,1
103,fence24,random_waypoint,5,560,520,560,520,20,12,750,550,15,192.419,-65.7392,-60,0,0,0,1,critical_zone,0,1
103,fence24,random_waypoint,5,560,520,560,520,20,13,750,450,15,202.546,-66.1847,-60,0,0,0,1,critical_zone,0,1
103,fence24,random_waypoint,5,560,520,560,520,20,14,750,350,15,255,-68.185,-60,0,0,0,1,critical_zone,0,1
103,fence24,random_waypoint,5,560,520,560,520,20,15,750,300,15,290.732,-69.3241,-60,0,0,0,1,critical_zone,0,1
103,fence24,random_waypoint,5,560,520,560,520,20,16,700,300,15,260.816,-68.3809,-60,0,0,0,1,critical_zone,0,1
103,fence24,random_waypoint,5,560,520,560,520,20,17,600,300,15,223.663,-67.0461,-60,0,0,0,1,critical_zone,0,1
103,fence24,random_waypoint,5,560,520,560,520,20,18,400,300,15,272.075,-68.748,-60,0,0,0,1,critical_zone,0,1
103,fence24,random_waypoint,5,560,520,560,520,20,19,300,300,15,340.624,-70.6997,-60,0,0,0,1,critical_zone,0,1
103,fence24,random_waypoint,5,560,520,560,520,20,20,300,500,15,260.816,-68.3809,-60,0,0,0,1,critical_zone,0,1
103,fence24,random_waypoint,5,560,520,560,520,20,21,500,350,15,180.347,-65.1764,-60,0,0,0,1,critical_zone,0,1
103,fence24,random_waypoint,5,560,520,560,520,20,22,700,500,15,141.51,-63.07,-60,0,0,0,1,critical_zone,0,1
103,fence24,random_waypoint,5,560,520,560,520,20,23,500,650,15,143.265,-63.1771,-60,0,0,0,1,critical_zone,0,1
104,fence24,random_waypoint,5,560,520,560,520,20,0,250,300,15,380.164,-71.6537,-60,0,0,0,1,critical_zone,0,1
104,fence24,random_waypoint,5,560,520,560,520,20,1,250,350,15,353.589,-71.0242,-60,0,0,0,1,critical_zone,0,1
104,fence24,random_waypoint,5,560,520,560,520,20,2,250,450,15,317.844,-70.0985,-60,0,0,0,1,critical_zone,0,1
104,fence24,random_waypoint,5,560,520,560,520,20,3,250,550,15,311.488,-69.9231,-60,0,0,0,1,critical_zone,0,1
104,fence24,random_waypoint,5,560,520,560,520,20,4,250,650,15,336.192,-70.586,-60,0,0,0,1,critical_zone,0,1
104,fence24,random_waypoint,5,560,520,560,520,20,5,250,700,15,358.504,-71.1441,-60,0,0,0,1,critical_zone,0,1
104,fence24,random_waypoint,5,560,520,560,520,20,6,300,700,15,316.267,-70.0553,-60,0,0,0,1,critical_zone,0,1
104,fence24,random_waypoint,5,560,520,560,520,20,7,400,700,15,240.884,-67.6904,-60,0,0,0,1,critical_zone,0,1
104,fence24,random_waypoint,5,560,520,560,520,20,8,600,700,15,184.459,-65.3722,-60,0,0,0,1,critical_zone,0,1
104,fence24,random_waypoint,5,560,520,560,520,20,9,700,700,15,228.09,-67.2163,-60,0,0,0,1,critical_zone,0,1
104,fence24,random_waypoint,5,560,520,560,520,20,10,750,700,15,261.773,-68.4127,-60,0,0,0,1,critical_zone,0,1
104,fence24,random_waypoint,5,560,520,560,520,20,11,750,650,15,230.272,-67.299,-60,0,0,0,1,critical_zone,0,1
104,fence24,random_waypoint,5,560,520,560,520,20,12,750,550,15,192.419,-65.7392,-60,0,0,0,1,critical_zone,0,1
104,fence24,random_waypoint,5,560,520,560,520,20,13,750,450,15,202.546,-66.1847,-60,0,0,0,1,critical_zone,0,1
104,fence24,random_waypoint,5,560,520,560,520,20,14,750,350,15,255,-68.185,-60,0,0,0,1,critical_zone,0,1
104,fence24,random_waypoint,5,560,520,560,520,20,15,750,300,15,290.732,-69.3241,-60,0,0,0,1,critical_zone,0,1
104,fence24,random_waypoint,5,560,520,560,520,20,16,700,300,15,260.816,-68.3809,-60,0,0,0,1,critical_zone,0,1
104,fence24,random_waypoint,5,560,520,560,520,20,17,600,300,15,223.663,-67.0461,-60,0,0,0,1,critical_zone,0,1
104,fence24,random_waypoint,5,560,520,560,520,20,18,400,300,15,272.075,-68.748,-60,0,0,0,1,critical_zone,0,1
104,fence24,random_waypoint,5,560,520,560,520,20,19,300,300,15,340.624,-70.6997,-60,0,0,0,1,critical_zone,0,1
104,fence24,random_waypoint,5,560,520,560,520,20,20,300,500,15,260.816,-68.3809,-60,0,0,0,1,critical_zone,0,1
104,fence24,random_waypoint,5,560,520,560,520,20,21,500,350,15,180.347,-65.1764,-60,0,0,0,1,critical_zone,0,1
104,fence24,random_waypoint,5,560,520,560,520,20,22,700,500,15,141.51,-63.07,-60,0,0,0,1,critical_zone,0,1
104,fence24,random_waypoint,5,560,520,560,520,20,23,500,650,15,143.265,-63.1771,-60,0,0,0,1,critical_zone,0,1
105,fence24,random_waypoint,5,560,520,560,520,20,0,250,300,15,380.164,-71.6537,-60,0,0,0,1,critical_zone,0,1
105,fence24,random_waypoint,5,560,520,560,520,20,1,250,350,15,353.589,-71.0242,-60,0,0,0,1,critical_zone,0,1
105,fence24,random_waypoint,5,560,520,560,520,20,2,250,450,15,317.844,-70.0985,-60,0,0,0,1,critical_zone,0,1
105,fence24,random_waypoint,5,560,520,560,520,20,3,250,550,15,311.488,-69.9231,-60,0,0,0,1,critical_zone,0,1
105,fence24,random_waypoint,5,560,520,560,520,20,4,250,650,15,336.192,-70.586,-60,0,0,0,1,critical_zone,0,1
105,fence24,random_waypoint,5,560,520,560,520,20,5,250,700,15,358.504,-71.1441,-60,0,0,0,1,critical_zone,0,1
105,fence24,random_waypoint,5,560,520,560,520,20,6,300,700,15,316.267,-70.0553,-60,0,0,0,1,critical_zone,0,1
105,fence24,random_waypoint,5,560,520,560,520,20,7,400,700,15,240.884,-67.6904,-60,0,0,0,1,critical_zone,0,1
105,fence24,random_waypoint,5,560,520,560,520,20,8,600,700,15,184.459,-65.3722,-60,0,0,0,1,critical_zone,0,1
105,fence24,random_waypoint,5,560,520,560,520,20,9,700,700,15,228.09,-67.2163,-60,0,0,0,1,critical_zone,0,1
105,fence24,random_waypoint,5,560,520,560,520,20,10,750,700,15,261.773,-68.4127,-60,0,0,0,1,critical_zone,0,1
105,fence24,random_waypoint,5,560,520,560,520,20,11,750,650,15,230.272,-67.299,-60,0,0,0,1,critical_zone,0,1
105,fence24,random_waypoint,5,560,520,560,520,20,12,750,550,15,192.419,-65.7392,-60,0,0,0,1,critical_zone,0,1
105,fence24,random_waypoint,5,560,520,560,520,20,13,750,450,15,202.546,-66.1847,-60,0,0,0,1,critical_zone,0,1
105,fence24,random_waypoint,5,560,520,560,520,20,14,750,350,15,255,-68.185,-60,0,0,0,1,critical_zone,0,1
105,fence24,random_waypoint,5,560,520,560,520,20,15,750,300,15,290.732,-69.3241,-60,0,0,0,1,critical_zone,0,1
105,fence24,random_waypoint,5,560,520,560,520,20,16,700,300,15,260.816,-68.3809,-60,0,0,0,1,critical_zone,0,1
105,fence24,random_waypoint,5,560,520,560,520,20,17,600,300,15,223.663,-67.0461,-60,0,0,0,1,critical_zone,0,1
105,fence24,random_waypoint,5,560,520,560,520,20,18,400,300,15,272.075,-68.748,-60,0,0,0,1,critical_zone,0,1
105,fence24,random_waypoint,5,560,520,560,520,20,19,300,300,15,340.624,-70.6997,-60,0,0,0,1,critical_zone,0,1
105,fence24,random_waypoint,5,560,520,560,520,20,20,300,500,15,260.816,-68.3809,-60,0,0,0,1,critical_zone,0,1
105,fence24,random_waypoint,5,560,520,560,520,20,21,500,350,15,180.347,-65.1764,-60,0,0,0,1,critical_zone,0,1
105,fence24,random_waypoint,5,560,520,560,520,20,22,700,500,15,141.51,-63.07,-60,0,0,0,1,critical_zone,0,1
105,fence24,random_waypoint,5,560,520,560,520,20,23,500,650,15,143.265,-63.1771,-60,0,0,0,1,critical_zone,0,1
106,fence24,random_waypoint,5,560,520,560,520,20,0,250,300,15,380.164,-71.6537,-60,0,0,0,1,critical_zone,0,1
106,fence24,random_waypoint,5,560,520,560,520,20,1,250,350,15,353.589,-71.0242,-60,0,0,0,1,critical_zone,0,1
106,fence24,random_waypoint,5,560,520,560,520,20,2,250,450,15,317.844,-70.0985,-60,0,0,0,1,critical_zone,0,1
106,fence24,random_waypoint,5,560,520,560,520,20,3,250,550,15,311.488,-69.9231,-60,0,0,0,1,critical_zone,0,1
106,fence24,random_waypoint,5,560,520,560,520,20,4,250,650,15,336.192,-70.586,-60,0,0,0,1,critical_zone,0,1
106,fence24,random_waypoint,5,560,520,560,520,20,5,250,700,15,358.504,-71.1441,-60,0,0,0,1,critical_zone,0,1
106,fence24,random_waypoint,5,560,520,560,520,20,6,300,700,15,316.267,-70.0553,-60,0,0,0,1,critical_zone,0,1
106,fence24,random_waypoint,5,560,520,560,520,20,7,400,700,15,240.884,-67.6904,-60,0,0,0,1,critical_zone,0,1
106,fence24,random_waypoint,5,560,520,560,520,20,8,600,700,15,184.459,-65.3722,-60,0,0,0,1,critical_zone,0,1
106,fence24,random_waypoint,5,560,520,560,520,20,9,700,700,15,228.09,-67.2163,-60,0,0,0,1,critical_zone,0,1
106,fence24,random_waypoint,5,560,520,560,520,20,10,750,700,15,261.773,-68.4127,-60,0,0,0,1,critical_zone,0,1
106,fence24,random_waypoint,5,560,520,560,520,20,11,750,650,15,230.272,-67.299,-60,0,0,0,1,critical_zone,0,1
106,fence24,random_waypoint,5,560,520,560,520,20,12,750,550,15,192.419,-65.7392,-60,0,0,0,1,critical_zone,0,1
106,fence24,random_waypoint,5,560,520,560,520,20,13,750,450,15,202.546,-66.1847,-60,0,0,0,1,critical_zone,0,1
106,fence24,random_waypoint,5,560,520,560,520,20,14,750,350,15,255,-68.185,-60,0,0,0,1,critical_zone,0,1
106,fence24,random_waypoint,5,560,520,560,520,20,15,750,300,15,290.732,-69.3241,-60,0,0,0,1,critical_zone,0,1
106,fence24,random_waypoint,5,560,520,560,520,20,16,700,300,15,260.816,-68.3809,-60,0,0,0,1,critical_zone,0,1
106,fence24,random_waypoint,5,560,520,560,520,20,17,600,300,15,223.663,-67.0461,-60,0,0,0,1,critical_zone,0,1
106,fence24,random_waypoint,5,560,520,560,520,20,18,400,300,15,272.075,-68.748,-60,0,0,0,1,critical_zone,0,1
106,fence24,random_waypoint,5,560,520,560,520,20,19,300,300,15,340.624,-70.6997,-60,0,0,0,1,critical_zone,0,1
106,fence24,random_waypoint,5,560,520,560,520,20,20,300,500,15,260.816,-68.3809,-60,0,0,0,1,critical_zone,0,1
106,fence24,random_waypoint,5,560,520,560,520,20,21,500,350,15,180.347,-65.1764,-60,0,0,0,1,critical_zone,0,1
106,fence24,random_waypoint,5,560,520,560,520,20,22,700,500,15,141.51,-63.07,-60,0,0,0,1,critical_zone,0,1
106,fence24,random_waypoint,5,560,520,560,520,20,23,500,650,15,143.265,-63.1771,-60,0,0,0,1,critical_zone,0,1
107,fence24,random_waypoint,5,560,520,560,520,20,0,250,300,15,380.164,-71.6537,-60,0,0,0,1,critical_zone,0,1
107,fence24,random_waypoint,5,560,520,560,520,20,1,250,350,15,353.589,-71.0242,-60,0,0,0,1,critical_zone,0,1
107,fence24,random_waypoint,5,560,520,560,520,20,2,250,450,15,317.844,-70.0985,-60,0,0,0,1,critical_zone,0,1
107,fence24,random_waypoint,5,560,520,560,520,20,3,250,550,15,311.488,-69.9231,-60,0,0,0,1,critical_zone,0,1
107,fence24,random_waypoint,5,560,520,560,520,20,4,250,650,15,336.192,-70.586,-60,0,0,0,1,critical_zone,0,1
107,fence24,random_waypoint,5,560,520,560,520,20,5,250,700,15,358.504,-71.1441,-60,0,0,0,1,critical_zone,0,1
107,fence24,random_waypoint,5,560,520,560,520,20,6,300,700,15,316.267,-70.0553,-60,0,0,0,1,critical_zone,0,1
107,fence24,random_waypoint,5,560,520,560,520,20,7,400,700,15,240.884,-67.6904,-60,0,0,0,1,critical_zone,0,1
107,fence24,random_waypoint,5,560,520,560,520,20,8,600,700,15,184.459,-65.3722,-60,0,0,0,1,critical_zone,0,1
107,fence24,random_waypoint,5,560,520,560,520,20,9,700,700,15,228.09,-67.2163,-60,0,0,0,1,critical_zone,0,1
107,fence24,random_waypoint,5,560,520,560,520,20,10,750,700,15,261.773,-68.4127,-60,0,0,0,1,critical_zone,0,1
107,fence24,random_waypoint,5,560,520,560,520,20,11,750,650,15,230.272,-67.299,-60,0,0,0,1,critical_zone,0,1
107,fence24,random_waypoint,5,560,520,560,520,20,12,750,550,15,192.419,-65.7392,-60,0,0,0,1,critical_zone,0,1
107,fence24,random_waypoint,5,560,520,560,520,20,13,750,450,15,202.546,-66.1847,-60,0,0,0,1,critical_zone,0,1
107,fence24,random_waypoint,5,560,520,560,520,20,14,750,350,15,255,-68.185,-60,0,0,0,1,critical_zone,0,1
107,fence24,random_waypoint,5,560,520,560,520,20,15,750,300,15,290.732,-69.3241,-60,0,0,0,1,critical_zone,0,1
107,fence24,random_waypoint,5,560,520,560,520,20,16,700,300,15,260.816,-68.3809,-60,0,0,0,1,critical_zone,0,1
107,fence24,random_waypoint,5,560,520,560,520,20,17,600,300,15,223.663,-67.0461,-60,0,0,0,1,critical_zone,0,1
107,fence24,random_waypoint,5,560,520,560,520,20,18,400,300,15,272.075,-68.748,-60,0,0,0,1,critical_zone,0,1
107,fence24,random_waypoint,5,560,520,560,520,20,19,300,300,15,340.624,-70.6997,-60,0,0,0,1,critical_zone,0,1
107,fence24,random_waypoint,5,560,520,560,520,20,20,300,500,15,260.816,-68.3809,-60,0,0,0,1,critical_zone,0,1
107,fence24,random_waypoint,5,560,520,560,520,20,21,500,350,15,180.347,-65.1764,-60,0,0,0,1,critical_zone,0,1
107,fence24,random_waypoint,5,560,520,560,520,20,22,700,500,15,141.51,-63.07,-60,0,0,0,1,critical_zone,0,1
107,fence24,random_waypoint,5,560,520,560,520,20,23,500,650,15,143.265,-63.1771,-60,0,0,0,1,critical_zone,0,1
108,fence24,random_waypoint,5,560,520,560,520,20,0,250,300,15,380.164,-71.6537,-60,0,0,0,1,critical_zone,0,1
108,fence24,random_waypoint,5,560,520,560,520,20,1,250,350,15,353.589,-71.0242,-60,0,0,0,1,critical_zone,0,1
108,fence24,random_waypoint,5,560,520,560,520,20,2,250,450,15,317.844,-70.0985,-60,0,0,0,1,critical_zone,0,1
108,fence24,random_waypoint,5,560,520,560,520,20,3,250,550,15,311.488,-69.9231,-60,0,0,0,1,critical_zone,0,1
108,fence24,random_waypoint,5,560,520,560,520,20,4,250,650,15,336.192,-70.586,-60,0,0,0,1,critical_zone,0,1
108,fence24,random_waypoint,5,560,520,560,520,20,5,250,700,15,358.504,-71.1441,-60,0,0,0,1,critical_zone,0,1
108,fence24,random_waypoint,5,560,520,560,520,20,6,300,700,15,316.267,-70.0553,-60,0,0,0,1,critical_zone,0,1
108,fence24,random_waypoint,5,560,520,560,520,20,7,400,700,15,240.884,-67.6904,-60,0,0,0,1,critical_zone,0,1
108,fence24,random_waypoint,5,560,520,560,520,20,8,600,700,15,184.459,-65.3722,-60,0,0,0,1,critical_zone,0,1
108,fence24,random_waypoint,5,560,520,560,520,20,9,700,700,15,228.09,-67.2163,-60,0,0,0,1,critical_zone,0,1
108,fence24,random_waypoint,5,560,520,560,520,20,10,750,700,15,261.773,-68.4127,-60,0,0,0,1,critical_zone,0,1
108,fence24,random_waypoint,5,560,520,560,520,20,11,750,650,15,230.272,-67.299,-60,0,0,0,1,critical_zone,0,1
108,fence24,random_waypoint,5,560,520,560,520,20,12,750,550,15,192.419,-65.7392,-60,0,0,0,1,critical_zone,0,1
108,fence24,random_waypoint,5,560,520,560,520,20,13,750,450,15,202.546,-66.1847,-60,0,0,0,1,critical_zone,0,1
108,fence24,random_waypoint,5,560,520,560,520,20,14,750,350,15,255,-68.185,-60,0,0,0,1,critical_zone,0,1
108,fence24,random_waypoint,5,560,520,560,520,20,15,750,300,15,290.732,-69.3241,-60,0,0,0,1,critical_zone,0,1
108,fence24,random_waypoint,5,560,520,560,520,20,16,700,300,15,260.816,-68.3809,-60,0,0,0,1,critical_zone,0,1
108,fence24,random_waypoint,5,560,520,560,520,20,17,600,300,15,223.663,-67.0461,-60,0,0,0,1,critical_zone,0,1
108,fence24,random_waypoint,5,560,520,560,520,20,18,400,300,15,272.075,-68.748,-60,0,0,0,1,critical_zone,0,1
108,fence24,random_waypoint,5,560,520,560,520,20,19,300,300,15,340.624,-70.6997,-60,0,0,0,1,critical_zone,0,1
108,fence24,random_waypoint,5,560,520,560,520,20,20,300,500,15,260.816,-68.3809,-60,0,0,0,1,critical_zone,0,1
108,fence24,random_waypoint,5,560,520,560,520,20,21,500,350,15,180.347,-65.1764,-60,0,0,0,1,critical_zone,0,1
108,fence24,random_waypoint,5,560,520,560,520,20,22,700,500,15,141.51,-63.07,-60,0,0,0,1,critical_zone,0,1
108,fence24,random_waypoint,5,560,520,560,520,20,23,500,650,15,143.265,-63.1771,-60,0,0,0,1,critical_zone,0,1
109,fence24,random_waypoint,5,560,520,560,520,20,0,250,300,15,380.164,-71.6537,-60,0,0,0,1,critical_zone,0,1
109,fence24,random_waypoint,5,560,520,560,520,20,1,250,350,15,353.589,-71.0242,-60,0,0,0,1,critical_zone,0,1
109,fence24,random_waypoint,5,560,520,560,520,20,2,250,450,15,317.844,-70.0985,-60,0,0,0,1,critical_zone,0,1
109,fence24,random_waypoint,5,560,520,560,520,20,3,250,550,15,311.488,-69.9231,-60,0,0,0,1,critical_zone,0,1
109,fence24,random_waypoint,5,560,520,560,520,20,4,250,650,15,336.192,-70.586,-60,0,0,0,1,critical_zone,0,1
109,fence24,random_waypoint,5,560,520,560,520,20,5,250,700,15,358.504,-71.1441,-60,0,0,0,1,critical_zone,0,1
109,fence24,random_waypoint,5,560,520,560,520,20,6,300,700,15,316.267,-70.0553,-60,0,0,0,1,critical_zone,0,1
109,fence24,random_waypoint,5,560,520,560,520,20,7,400,700,15,240.884,-67.6904,-60,0,0,0,1,critical_zone,0,1
109,fence24,random_waypoint,5,560,520,560,520,20,8,600,700,15,184.459,-65.3722,-60,0,0,0,1,critical_zone,0,1
109,fence24,random_waypoint,5,560,520,560,520,20,9,700,700,15,228.09,-67.2163,-60,0,0,0,1,critical_zone,0,1
109,fence24,random_waypoint,5,560,520,560,520,20,10,750,700,15,261.773,-68.4127,-60,0,0,0,1,critical_zone,0,1
109,fence24,random_waypoint,5,560,520,560,520,20,11,750,650,15,230.272,-67.299,-60,0,0,0,1,critical_zone,0,1
109,fence24,random_waypoint,5,560,520,560,520,20,12,750,550,15,192.419,-65.7392,-60,0,0,0,1,critical_zone,0,1
109,fence24,random_waypoint,5,560,520,560,520,20,13,750,450,15,202.546,-66.1847,-60,0,0,0,1,critical_zone,0,1
109,fence24,random_waypoint,5,560,520,560,520,20,14,750,350,15,255,-68.185,-60,0,0,0,1,critical_zone,0,1
109,fence24,random_waypoint,5,560,520,560,520,20,15,750,300,15,290.732,-69.3241,-60,0,0,0,1,critical_zone,0,1
109,fence24,random_waypoint,5,560,520,560,520,20,16,700,300,15,260.816,-68.3809,-60,0,0,0,1,critical_zone,0,1
109,fence24,random_waypoint,5,560,520,560,520,20,17,600,300,15,223.663,-67.0461,-60,0,0,0,1,critical_zone,0,1
109,fence24,random_waypoint,5,560,520,560,520,20,18,400,300,15,272.075,-68.748,-60,0,0,0,1,critical_zone,0,1
109,fence24,random_waypoint,5,560,520,560,520,20,19,300,300,15,340.624,-70.6997,-60,0,0,0,1,critical_zone,0,1
109,fence24,random_waypoint,5,560,520,560,520,20,20,300,500,15,260.816,-68.3809,-60,0,0,0,1,critical_zone,0,1
109,fence24,random_waypoint,5,560,520,560,520,20,21,500,350,15,180.347,-65.1764,-60,0,0,0,1,critical_zone,0,1
109,fence24,random_waypoint,5,560,520,560,520,20,22,700,500,15,141.51,-63.07,-60,0,0,0,1,critical_zone,0,1
109,fence24,random_waypoint,5,560,520,560,520,20,23,500,650,15,143.265,-63.1771,-60,0,0,0,1,critical_zone,0,1
110,fence24,random_waypoint,5,560,520,560,520,20,0,250,300,15,380.164,-71.6537,-60,0,0,0,1,critical_zone,0,1
110,fence24,random_waypoint,5,560,520,560,520,20,1,250,350,15,353.589,-71.0242,-60,0,0,0,1,critical_zone,0,1
110,fence24,random_waypoint,5,560,520,560,520,20,2,250,450,15,317.844,-70.0985,-60,0,0,0,1,critical_zone,0,1
110,fence24,random_waypoint,5,560,520,560,520,20,3,250,550,15,311.488,-69.9231,-60,0,0,0,1,critical_zone,0,1
110,fence24,random_waypoint,5,560,520,560,520,20,4,250,650,15,336.192,-70.586,-60,0,0,0,1,critical_zone,0,1
110,fence24,random_waypoint,5,560,520,560,520,20,5,250,700,15,358.504,-71.1441,-60,0,0,0,1,critical_zone,0,1
110,fence24,random_waypoint,5,560,520,560,520,20,6,300,700,15,316.267,-70.0553,-60,0,0,0,1,critical_zone,0,1
110,fence24,random_waypoint,5,560,520,560,520,20,7,400,700,15,240.884,-67.6904,-60,0,0,0,1,critical_zone,0,1
110,fence24,random_waypoint,5,560,520,560,520,20,8,600,700,15,184.459,-65.3722,-60,0,0,0,1,critical_zone,0,1
110,fence24,random_waypoint,5,560,520,560,520,20,9,700,700,15,228.09,-67.2163,-60,0,0,0,1,critical_zone,0,1
110,fence24,random_waypoint,5,560,520,560,520,20,10,750,700,15,261.773,-68.4127,-60,0,0,0,1,critical_zone,0,1
110,fence24,random_waypoint,5,560,520,560,520,20,11,750,650,15,230.272,-67.299,-60,0,0,0,1,critical_zone,0,1
110,fence24,random_waypoint,5,560,520,560,520,20,12,750,550,15,192.419,-65.7392,-60,0,0,0,1,critical_zone,0,1
110,fence24,random_waypoint,5,560,520,560,520,20,13,750,450,15,202.546,-66.1847,-60,0,0,0,1,critical_zone,0,1
110,fence24,random_waypoint,5,560,520,560,520,20,14,750,350,15,255,-68.185,-60,0,0,0,1,critical_zone,0,1
110,fence24,random_waypoint,5,560,520,560,520,20,15,750,300,15,290.732,-69.3241,-60,0,0,0,1,critical_zone,0,1
110,fence24,random_waypoint,5,560,520,560,520,20,16,700,300,15,260.816,-68.3809,-60,0,0,0,1,critical_zone,0,1
110,fence24,random_waypoint,5,560,520,560,520,20,17,600,300,15,223.663,-67.0461,-60,0,0,0,1,critical_zone,0,1
110,fence24,random_waypoint,5,560,520,560,520,20,18,400,300,15,272.075,-68.748,-60,0,0,0,1,critical_zone,0,1
110,fence24,random_waypoint,5,560,520,560,520,20,19,300,300,15,340.624,-70.6997,-60,0,0,0,1,critical_zone,0,1
110,fence24,random_waypoint,5,560,520,560,520,20,20,300,500,15,260.816,-68.3809,-60,0,0,0,1,critical_zone,0,1
110,fence24,random_waypoint,5,560,520,560,520,20,21,500,350,15,180.347,-65.1764,-60,0,0,0,1,critical_zone,0,1
110,fence24,random_waypoint,5,560,520,560,520,20,22,700,500,15,141.51,-63.07,-60,0,0,0,1,critical_zone,0,1
110,fence24,random_waypoint,5,560,520,560,520,20,23,500,650,15,143.265,-63.1771,-60,0,0,0,1,critical_zone,0,1
111,fence24,random_waypoint,5,560,520,560,520,20,0,250,300,15,380.164,-71.6537,-60,0,0,0,1,critical_zone,0,1
111,fence24,random_waypoint,5,560,520,560,520,20,1,250,350,15,353.589,-71.0242,-60,0,0,0,1,critical_zone,0,1
111,fence24,random_waypoint,5,560,520,560,520,20,2,250,450,15,317.844,-70.0985,-60,0,0,0,1,critical_zone,0,1
111,fence24,random_waypoint,5,560,520,560,520,20,3,250,550,15,311.488,-69.9231,-60,0,0,0,1,critical_zone,0,1
111,fence24,random_waypoint,5,560,520,560,520,20,4,250,650,15,336.192,-70.586,-60,0,0,0,1,critical_zone,0,1
111,fence24,random_waypoint,5,560,520,560,520,20,5,250,700,15,358.504,-71.1441,-60,0,0,0,1,critical_zone,0,1
111,fence24,random_waypoint,5,560,520,560,520,20,6,300,700,15,316.267,-70.0553,-60,0,0,0,1,critical_zone,0,1
111,fence24,random_waypoint,5,560,520,560,520,20,7,400,700,15,240.884,-67.6904,-60,0,0,0,1,critical_zone,0,1
111,fence24,random_waypoint,5,560,520,560,520,20,8,600,700,15,184.459,-65.3722,-60,0,0,0,1,critical_zone,0,1
111,fence24,random_waypoint,5,560,520,560,520,20,9,700,700,15,228.09,-67.2163,-60,0,0,0,1,critical_zone,0,1
111,fence24,random_waypoint,5,560,520,560,520,20,10,750,700,15,261.773,-68.4127,-60,0,0,0,1,critical_zone,0,1
111,fence24,random_waypoint,5,560,520,560,520,20,11,750,650,15,230.272,-67.299,-60,0,0,0,1,critical_zone,0,1
111,fence24,random_waypoint,5,560,520,560,520,20,12,750,550,15,192.419,-65.7392,-60,0,0,0,1,critical_zone,0,1
111,fence24,random_waypoint,5,560,520,560,520,20,13,750,450,15,202.546,-66.1847,-60,0,0,0,1,critical_zone,0,1
111,fence24,random_waypoint,5,560,520,560,520,20,14,750,350,15,255,-68.185,-60,0,0,0,1,critical_zone,0,1
111,fence24,random_waypoint,5,560,520,560,520,20,15,750,300,15,290.732,-69.3241,-60,0,0,0,1,critical_zone,0,1
111,fence24,random_waypoint,5,560,520,560,520,20,16,700,300,15,260.816,-68.3809,-60,0,0,0,1,critical_zone,0,1
111,fence24,random_waypoint,5,560,520,560,520,20,17,600,300,15,223.663,-67.0461,-60,0,0,0,1,critical_zone,0,1
111,fence24,random_waypoint,5,560,520,560,520,20,18,400,300,15,272.075,-68.748,-60,0,0,0,1,critical_zone,0,1
111,fence24,random_waypoint,5,560,520,560,520,20,19,300,300,15,340.624,-70.6997,-60,0,0,0,1,critical_zone,0,1
111,fence24,random_waypoint,5,560,520,560,520,20,20,300,500,15,260.816,-68.3809,-60,0,0,0,1,critical_zone,0,1
111,fence24,random_waypoint,5,560,520,560,520,20,21,500,350,15,180.347,-65.1764,-60,0,0,0,1,critical_zone,0,1
111,fence24,random_waypoint,5,560,520,560,520,20,22,700,500,15,141.51,-63.07,-60,0,0,0,1,critical_zone,0,1
111,fence24,random_waypoint,5,560,520,560,520,20,23,500,650,15,143.265,-63.1771,-60,0,0,0,1,critical_zone,0,1
112,fence24,random_waypoint,5,560,520,560,520,20,0,250,300,15,380.164,-71.6537,-60,0,0,0,1,critical_zone,0,1
112,fence24,random_waypoint,5,560,520,560,520,20,1,250,350,15,353.589,-71.0242,-60,0,0,0,1,critical_zone,0,1
112,fence24,random_waypoint,5,560,520,560,520,20,2,250,450,15,317.844,-70.0985,-60,0,0,0,1,critical_zone,0,1
112,fence24,random_waypoint,5,560,520,560,520,20,3,250,550,15,311.488,-69.9231,-60,0,0,0,1,critical_zone,0,1
112,fence24,random_waypoint,5,560,520,560,520,20,4,250,650,15,336.192,-70.586,-60,0,0,0,1,critical_zone,0,1
112,fence24,random_waypoint,5,560,520,560,520,20,5,250,700,15,358.504,-71.1441,-60,0,0,0,1,critical_zone,0,1
112,fence24,random_waypoint,5,560,520,560,520,20,6,300,700,15,316.267,-70.0553,-60,0,0,0,1,critical_zone,0,1
112,fence24,random_waypoint,5,560,520,560,520,20,7,400,700,15,240.884,-67.6904,-60,0,0,0,1,critical_zone,0,1
112,fence24,random_waypoint,5,560,520,560,520,20,8,600,700,15,184.459,-65.3722,-60,0,0,0,1,critical_zone,0,1
112,fence24,random_waypoint,5,560,520,560,520,20,9,700,700,15,228.09,-67.2163,-60,0,0,0,1,critical_zone,0,1
112,fence24,random_waypoint,5,560,520,560,520,20,10,750,700,15,261.773,-68.4127,-60,0,0,0,1,critical_zone,0,1
112,fence24,random_waypoint,5,560,520,560,520,20,11,750,650,15,230.272,-67.299,-60,0,0,0,1,critical_zone,0,1
112,fence24,random_waypoint,5,560,520,560,520,20,12,750,550,15,192.419,-65.7392,-60,0,0,0,1,critical_zone,0,1
112,fence24,random_waypoint,5,560,520,560,520,20,13,750,450,15,202.546,-66.1847,-60,0,0,0,1,critical_zone,0,1
112,fence24,random_waypoint,5,560,520,560,520,20,14,750,350,15,255,-68.185,-60,0,0,0,1,critical_zone,0,1
112,fence24,random_waypoint,5,560,520,560,520,20,15,750,300,15,290.732,-69.3241,-60,0,0,0,1,critical_zone,0,1
112,fence24,random_waypoint,5,560,520,560,520,20,16,700,300,15,260.816,-68.3809,-60,0,0,0,1,critical_zone,0,1
112,fence24,random_waypoint,5,560,520,560,520,20,17,600,300,15,223.663,-67.0461,-60,0,0,0,1,critical_zone,0,1
112,fence24,random_waypoint,5,560,520,560,520,20,18,400,300,15,272.075,-68.748,-60,0,0,0,1,critical_zone,0,1
112,fence24,random_waypoint,5,560,520,560,520,20,19,300,300,15,340.624,-70.6997,-60,0,0,0,1,critical_zone,0,1
112,fence24,random_waypoint,5,560,520,560,520,20,20,300,500,15,260.816,-68.3809,-60,0,0,0,1,critical_zone,0,1
112,fence24,random_waypoint,5,560,520,560,520,20,21,500,350,15,180.347,-65.1764,-60,0,0,0,1,critical_zone,0,1
112,fence24,random_waypoint,5,560,520,560,520,20,22,700,500,15,141.51,-63.07,-60,0,0,0,1,critical_zone,0,1
112,fence24,random_waypoint,5,560,520,560,520,20,23,500,650,15,143.265,-63.1771,-60,0,0,0,1,critical_zone,0,1
113,fence24,random_waypoint,5,560,520,560,520,20,0,250,300,15,380.164,-71.6537,-60,0,0,0,1,critical_zone,0,1
113,fence24,random_waypoint,5,560,520,560,520,20,1,250,350,15,353.589,-71.0242,-60,0,0,0,1,critical_zone,0,1
113,fence24,random_waypoint,5,560,520,560,520,20,2,250,450,15,317.844,-70.0985,-60,0,0,0,1,critical_zone,0,1
113,fence24,random_waypoint,5,560,520,560,520,20,3,250,550,15,311.488,-69.9231,-60,0,0,0,1,critical_zone,0,1
113,fence24,random_waypoint,5,560,520,560,520,20,4,250,650,15,336.192,-70.586,-60,0,0,0,1,critical_zone,0,1
113,fence24,random_waypoint,5,560,520,560,520,20,5,250,700,15,358.504,-71.1441,-60,0,0,0,1,critical_zone,0,1
113,fence24,random_waypoint,5,560,520,560,520,20,6,300,700,15,316.267,-70.0553,-60,0,0,0,1,critical_zone,0,1
113,fence24,random_waypoint,5,560,520,560,520,20,7,400,700,15,240.884,-67.6904,-60,0,0,0,1,critical_zone,0,1
113,fence24,random_waypoint,5,560,520,560,520,20,8,600,700,15,184.459,-65.3722,-60,0,0,0,1,critical_zone,0,1
113,fence24,random_waypoint,5,560,520,560,520,20,9,700,700,15,228.09,-67.2163,-60,0,0,0,1,critical_zone,0,1
113,fence24,random_waypoint,5,560,520,560,520,20,10,750,700,15,261.773,-68.4127,-60,0,0,0,1,critical_zone,0,1
113,fence24,random_waypoint,5,560,520,560,520,20,11,750,650,15,230.272,-67.299,-60,0,0,0,1,critical_zone,0,1
113,fence24,random_waypoint,5,560,520,560,520,20,12,750,550,15,192.419,-65.7392,-60,0,0,0,1,critical_zone,0,1
113,fence24,random_waypoint,5,560,520,560,520,20,13,750,450,15,202.546,-66.1847,-60,0,0,0,1,critical_zone,0,1
113,fence24,random_waypoint,5,560,520,560,520,20,14,750,350,15,255,-68.185,-60,0,0,0,1,critical_zone,0,1
113,fence24,random_waypoint,5,560,520,560,520,20,15,750,300,15,290.732,-69.3241,-60,0,0,0,1,critical_zone,0,1
113,fence24,random_waypoint,5,560,520,560,520,20,16,700,300,15,260.816,-68.3809,-60,0,0,0,1,critical_zone,0,1
113,fence24,random_waypoint,5,560,520,560,520,20,17,600,300,15,223.663,-67.0461,-60,0,0,0,1,critical_zone,0,1
113,fence24,random_waypoint,5,560,520,560,520,20,18,400,300,15,272.075,-68.748,-60,0,0,0,1,critical_zone,0,1
113,fence24,random_waypoint,5,560,520,560,520,20,19,300,300,15,340.624,-70.6997,-60,0,0,0,1,critical_zone,0,1
113,fence24,random_waypoint,5,560,520,560,520,20,20,300,500,15,260.816,-68.3809,-60,0,0,0,1,critical_zone,0,1
113,fence24,random_waypoint,5,560,520,560,520,20,21,500,350,15,180.347,-65.1764,-60,0,0,0,1,critical_zone,0,1
113,fence24,random_waypoint,5,560,520,560,520,20,22,700,500,15,141.51,-63.07,-60,0,0,0,1,critical_zone,0,1
113,fence24,random_waypoint,5,560,520,560,520,20,23,500,650,15,143.265,-63.1771,-60,0,0,0,1,critical_zone,0,1
114,fence24,random_waypoint,5,560,520,560,520,20,0,250,300,15,380.164,-71.6537,-60,0,0,0,1,critical_zone,0,1
114,fence24,random_waypoint,5,560,520,560,520,20,1,250,350,15,353.589,-71.0242,-60,0,0,0,1,critical_zone,0,1
114,fence24,random_waypoint,5,560,520,560,520,20,2,250,450,15,317.844,-70.0985,-60,0,0,0,1,critical_zone,0,1
114,fence24,random_waypoint,5,560,520,560,520,20,3,250,550,15,311.488,-69.9231,-60,0,0,0,1,critical_zone,0,1
114,fence24,random_waypoint,5,560,520,560,520,20,4,250,650,15,336.192,-70.586,-60,0,0,0,1,critical_zone,0,1
114,fence24,random_waypoint,5,560,520,560,520,20,5,250,700,15,358.504,-71.1441,-60,0,0,0,1,critical_zone,0,1
114,fence24,random_waypoint,5,560,520,560,520,20,6,300,700,15,316.267,-70.0553,-60,0,0,0,1,critical_zone,0,1
114,fence24,random_waypoint,5,560,520,560,520,20,7,400,700,15,240.884,-67.6904,-60,0,0,0,1,critical_zone,0,1
114,fence24,random_waypoint,5,560,520,560,520,20,8,600,700,15,184.459,-65.3722,-60,0,0,0,1,critical_zone,0,1
114,fence24,random_waypoint,5,560,520,560,520,20,9,700,700,15,228.09,-67.2163,-60,0,0,0,1,critical_zone,0,1
114,fence24,random_waypoint,5,560,520,560,520,20,10,750,700,15,261.773,-68.4127,-60,0,0,0,1,critical_zone,0,1
114,fence24,random_waypoint,5,560,520,560,520,20,11,750,650,15,230.272,-67.299,-60,0,0,0,1,critical_zone,0,1
114,fence24,random_waypoint,5,560,520,560,520,20,12,750,550,15,192.419,-65.7392,-60,0,0,0,1,critical_zone,0,1
114,fence24,random_waypoint,5,560,520,560,520,20,13,750,450,15,202.546,-66.1847,-60,0,0,0,1,critical_zone,0,1
114,fence24,random_waypoint,5,560,520,560,520,20,14,750,350,15,255,-68.185,-60,0,0,0,1,critical_zone,0,1
114,fence24,random_waypoint,5,560,520,560,520,20,15,750,300,15,290.732,-69.3241,-60,0,0,0,1,critical_zone,0,1
114,fence24,random_waypoint,5,560,520,560,520,20,16,700,300,15,260.816,-68.3809,-60,0,0,0,1,critical_zone,0,1
114,fence24,random_waypoint,5,560,520,560,520,20,17,600,300,15,223.663,-67.0461,-60,0,0,0,1,critical_zone,0,1
114,fence24,random_waypoint,5,560,520,560,520,20,18,400,300,15,272.075,-68.748,-60,0,0,0,1,critical_zone,0,1
114,fence24,random_waypoint,5,560,520,560,520,20,19,300,300,15,340.624,-70.6997,-60,0,0,0,1,critical_zone,0,1
114,fence24,random_waypoint,5,560,520,560,520,20,20,300,500,15,260.816,-68.3809,-60,0,0,0,1,critical_zone,0,1
114,fence24,random_waypoint,5,560,520,560,520,20,21,500,350,15,180.347,-65.1764,-60,0,0,0,1,critical_zone,0,1
114,fence24,random_waypoint,5,560,520,560,520,20,22,700,500,15,141.51,-63.07,-60,0,0,0,1,critical_zone,0,1
114,fence24,random_waypoint,5,560,520,560,520,20,23,500,650,15,143.265,-63.1771,-60,0,0,0,1,critical_zone,0,1
115,fence24,random_waypoint,5,560,520,560,520,20,0,250,300,15,380.164,-71.6537,-60,0,0,0,1,critical_zone,0,1
115,fence24,random_waypoint,5,560,520,560,520,20,1,250,350,15,353.589,-71.0242,-60,0,0,0,1,critical_zone,0,1
115,fence24,random_waypoint,5,560,520,560,520,20,2,250,450,15,317.844,-70.0985,-60,0,0,0,1,critical_zone,0,1
115,fence24,random_waypoint,5,560,520,560,520,20,3,250,550,15,311.488,-69.9231,-60,0,0,0,1,critical_zone,0,1
115,fence24,random_waypoint,5,560,520,560,520,20,4,250,650,15,336.192,-70.586,-60,0,0,0,1,critical_zone,0,1
115,fence24,random_waypoint,5,560,520,560,520,20,5,250,700,15,358.504,-71.1441,-60,0,0,0,1,critical_zone,0,1
115,fence24,random_waypoint,5,560,520,560,520,20,6,300,700,15,316.267,-70.0553,-60,0,0,0,1,critical_zone,0,1
115,fence24,random_waypoint,5,560,520,560,520,20,7,400,700,15,240.884,-67.6904,-60,0,0,0,1,critical_zone,0,1
115,fence24,random_waypoint,5,560,520,560,520,20,8,600,700,15,184.459,-65.3722,-60,0,0,0,1,critical_zone,0,1
115,fence24,random_waypoint,5,560,520,560,520,20,9,700,700,15,228.09,-67.2163,-60,0,0,0,1,critical_zone,0,1
115,fence24,random_waypoint,5,560,520,560,520,20,10,750,700,15,261.773,-68.4127,-60,0,0,0,1,critical_zone,0,1
115,fence24,random_waypoint,5,560,520,560,520,20,11,750,650,15,230.272,-67.299,-60,0,0,0,1,critical_zone,0,1
115,fence24,random_waypoint,5,560,520,560,520,20,12,750,550,15,192.419,-65.7392,-60,0,0,0,1,critical_zone,0,1
115,fence24,random_waypoint,5,560,520,560,520,20,13,750,450,15,202.546,-66.1847,-60,0,0,0,1,critical_zone,0,1
115,fence24,random_waypoint,5,560,520,560,520,20,14,750,350,15,255,-68.185,-60,0,0,0,1,critical_zone,0,1
115,fence24,random_waypoint,5,560,520,560,520,20,15,750,300,15,290.732,-69.3241,-60,0,0,0,1,critical_zone,0,1
115,fence24,random_waypoint,5,560,520,560,520,20,16,700,300,15,260.816,-68.3809,-60,0,0,0,1,critical_zone,0,1
115,fence24,random_waypoint,5,560,520,560,520,20,17,600,300,15,223.663,-67.0461,-60,0,0,0,1,critical_zone,0,1
115,fence24,random_waypoint,5,560,520,560,520,20,18,400,300,15,272.075,-68.748,-60,0,0,0,1,critical_zone,0,1
115,fence24,random_waypoint,5,560,520,560,520,20,19,300,300,15,340.624,-70.6997,-60,0,0,0,1,critical_zone,0,1
115,fence24,random_waypoint,5,560,520,560,520,20,20,300,500,15,260.816,-68.3809,-60,0,0,0,1,critical_zone,0,1
115,fence24,random_waypoint,5,560,520,560,520,20,21,500,350,15,180.347,-65.1764,-60,0,0,0,1,critical_zone,0,1
115,fence24,random_waypoint,5,560,520,560,520,20,22,700,500,15,141.51,-63.07,-60,0,0,0,1,critical_zone,0,1
115,fence24,random_waypoint,5,560,520,560,520,20,23,500,650,15,143.265,-63.1771,-60,0,0,0,1,critical_zone,0,1
116,fence24,random_waypoint,5,560,520,560,520,20,0,250,300,15,380.164,-71.6537,-60,0,0,0,1,critical_zone,0,1
116,fence24,random_waypoint,5,560,520,560,520,20,1,250,350,15,353.589,-71.0242,-60,0,0,0,1,critical_zone,0,1
116,fence24,random_waypoint,5,560,520,560,520,20,2,250,450,15,317.844,-70.0985,-60,0,0,0,1,critical_zone,0,1
116,fence24,random_waypoint,5,560,520,560,520,20,3,250,550,15,311.488,-69.9231,-60,0,0,0,1,critical_zone,0,1
116,fence24,random_waypoint,5,560,520,560,520,20,4,250,650,15,336.192,-70.586,-60,0,0,0,1,critical_zone,0,1
116,fence24,random_waypoint,5,560,520,560,520,20,5,250,700,15,358.504,-71.1441,-60,0,0,0,1,critical_zone,0,1
116,fence24,random_waypoint,5,560,520,560,520,20,6,300,700,15,316.267,-70.0553,-60,0,0,0,1,critical_zone,0,1
116,fence24,random_waypoint,5,560,520,560,520,20,7,400,700,15,240.884,-67.6904,-60,0,0,0,1,critical_zone,0,1
116,fence24,random_waypoint,5,560,520,560,520,20,8,600,700,15,184.459,-65.3722,-60,0,0,0,1,critical_zone,0,1
116,fence24,random_waypoint,5,560,520,560,520,20,9,700,700,15,228.09,-67.2163,-60,0,0,0,1,critical_zone,0,1
116,fence24,random_waypoint,5,560,520,560,520,20,10,750,700,15,261.773,-68.4127,-60,0,0,0,1,critical_zone,0,1
116,fence24,random_waypoint,5,560,520,560,520,20,11,750,650,15,230.272,-67.299,-60,0,0,0,1,critical_zone,0,1
116,fence24,random_waypoint,5,560,520,560,520,20,12,750,550,15,192.419,-65.7392,-60,0,0,0,1,critical_zone,0,1
116,fence24,random_waypoint,5,560,520,560,520,20,13,750,450,15,202.546,-66.1847,-60,0,0,0,1,critical_zone,0,1
116,fence24,random_waypoint,5,560,520,560,520,20,14,750,350,15,255,-68.185,-60,0,0,0,1,critical_zone,0,1
116,fence24,random_waypoint,5,560,520,560,520,20,15,750,300,15,290.732,-69.3241,-60,0,0,0,1,critical_zone,0,1
116,fence24,random_waypoint,5,560,520,560,520,20,16,700,300,15,260.816,-68.3809,-60,0,0,0,1,critical_zone,0,1
116,fence24,random_waypoint,5,560,520,560,520,20,17,600,300,15,223.663,-67.0461,-60,0,0,0,1,critical_zone,0,1
116,fence24,random_waypoint,5,560,520,560,520,20,18,400,300,15,272.075,-68.748,-60,0,0,0,1,critical_zone,0,1
116,fence24,random_waypoint,5,560,520,560,520,20,19,300,300,15,340.624,-70.6997,-60,0,0,0,1,critical_zone,0,1
116,fence24,random_waypoint,5,560,520,560,520,20,20,300,500,15,260.816,-68.3809,-60,0,0,0,1,critical_zone,0,1
116,fence24,random_waypoint,5,560,520,560,520,20,21,500,350,15,180.347,-65.1764,-60,0,0,0,1,critical_zone,0,1
116,fence24,random_waypoint,5,560,520,560,520,20,22,700,500,15,141.51,-63.07,-60,0,0,0,1,critical_zone,0,1
116,fence24,random_waypoint,5,560,520,560,520,20,23,500,650,15,143.265,-63.1771,-60,0,0,0,1,critical_zone,0,1
117,fence24,random_waypoint,5,560,520,560,520,20,0,250,300,15,380.164,-71.6537,-60,0,0,0,1,critical_zone,0,1
117,fence24,random_waypoint,5,560,520,560,520,20,1,250,350,15,353.589,-71.0242,-60,0,0,0,1,critical_zone,0,1
117,fence24,random_waypoint,5,560,520,560,520,20,2,250,450,15,317.844,-70.0985,-60,0,0,0,1,critical_zone,0,1
117,fence24,random_waypoint,5,560,520,560,520,20,3,250,550,15,311.488,-69.9231,-60,0,0,0,1,critical_zone,0,1
117,fence24,random_waypoint,5,560,520,560,520,20,4,250,650,15,336.192,-70.586,-60,0,0,0,1,critical_zone,0,1
117,fence24,random_waypoint,5,560,520,560,520,20,5,250,700,15,358.504,-71.1441,-60,0,0,0,1,critical_zone,0,1
117,fence24,random_waypoint,5,560,520,560,520,20,6,300,700,15,316.267,-70.0553,-60,0,0,0,1,critical_zone,0,1
117,fence24,random_waypoint,5,560,520,560,520,20,7,400,700,15,240.884,-67.6904,-60,0,0,0,1,critical_zone,0,1
117,fence24,random_waypoint,5,560,520,560,520,20,8,600,700,15,184.459,-65.3722,-60,0,0,0,1,critical_zone,0,1
117,fence24,random_waypoint,5,560,520,560,520,20,9,700,700,15,228.09,-67.2163,-60,0,0,0,1,critical_zone,0,1
117,fence24,random_waypoint,5,560,520,560,520,20,10,750,700,15,261.773,-68.4127,-60,0,0,0,1,critical_zone,0,1
117,fence24,random_waypoint,5,560,520,560,520,20,11,750,650,15,230.272,-67.299,-60,0,0,0,1,critical_zone,0,1
117,fence24,random_waypoint,5,560,520,560,520,20,12,750,550,15,192.419,-65.7392,-60,0,0,0,1,critical_zone,0,1
117,fence24,random_waypoint,5,560,520,560,520,20,13,750,450,15,202.546,-66.1847,-60,0,0,0,1,critical_zone,0,1
117,fence24,random_waypoint,5,560,520,560,520,20,14,750,350,15,255,-68.185,-60,0,0,0,1,critical_zone,0,1
117,fence24,random_waypoint,5,560,520,560,520,20,15,750,300,15,290.732,-69.3241,-60,0,0,0,1,critical_zone,0,1
117,fence24,random_waypoint,5,560,520,560,520,20,16,700,300,15,260.816,-68.3809,-60,0,0,0,1,critical_zone,0,1
117,fence24,random_waypoint,5,560,520,560,520,20,17,600,300,15,223.663,-67.0461,-60,0,0,0,1,critical_zone,0,1
117,fence24,random_waypoint,5,560,520,560,520,20,18,400,300,15,272.075,-68.748,-60,0,0,0,1,critical_zone,0,1
117,fence24,random_waypoint,5,560,520,560,520,20,19,300,300,15,340.624,-70.6997,-60,0,0,0,1,critical_zone,0,1
117,fence24,random_waypoint,5,560,520,560,520,20,20,300,500,15,260.816,-68.3809,-60,0,0,0,1,critical_zone,0,1
117,fence24,random_waypoint,5,560,520,560,520,20,21,500,350,15,180.347,-65.1764,-60,0,0,0,1,critical_zone,0,1
117,fence24,random_waypoint,5,560,520,560,520,20,22,700,500,15,141.51,-63.07,-60,0,0,0,1,critical_zone,0,1
117,fence24,random_waypoint,5,560,520,560,520,20,23,500,650,15,143.265,-63.1771,-60,0,0,0,1,critical_zone,0,1
