time,sensor_layout,sensor_profile,drone_path,random_seed,random_target_x,random_target_y,uav_x,uav_y,uav_z,sensor_id,sensor_x,sensor_y,sensor_z,distance,rx_power_dbm,threshold_dbm,detected,num_sensors_detecting,confirmed_detection,inside_prison,zone,time_to_boundary,alert_before_boundary
1,fence24,tiered_wall,random_waypoint,4,560,520,848.502,197.044,20,0,250,300,15,607.314,-75.7225,-60,0,0,0,0,early_warning_zone,24.9837,0
1,fence24,tiered_wall,random_waypoint,4,560,520,848.502,197.044,20,1,250,350,15,617.759,-75.8706,-60,0,0,0,0,early_warning_zone,24.9837,0
1,fence24,tiered_wall,random_waypoint,4,560,520,848.502,197.044,20,2,250,450,15,649.782,-76.3096,-60,0,0,0,0,early_warning_zone,24.9837,0
1,fence24,tiered_wall,random_waypoint,4,560,520,848.502,197.044,20,3,250,550,15,694.844,-76.892,-60,0,0,0,0,early_warning_zone,24.9837,0
1,fence24,tiered_wall,random_waypoint,4,560,520,848.502,197.044,20,4,250,650,15,750.599,-77.5624,-60,0,0,0,0,early_warning_zone,24.9837,0
1,fence24,tiered_wall,random_waypoint,4,560,520,848.502,197.044,20,5,250,700,15,781.79,-77.916,-60,0,0,0,0,early_warning_zone,24.9837,0
1,fence24,tiered_wall,random_waypoint,4,560,520,848.502,197.044,20,6,300,700,15,744.208,-77.4881,-60,0,0,0,0,early_warning_zone,24.9837,0
1,fence24,tiered_wall,random_waypoint,4,560,520,848.502,197.044,20,7,400,700,15,673.902,-76.6262,-60,0,0,0,0,early_warning_zone,24.9837,0
1,fence24,tiered_wall,random_waypoint,4,560,520,848.502,197.044,20,8,600,700,15,561.02,-75.0338,-60,0,0,0,0,early_warning_zone,24.9837,0
1,fence24,tiered_wall,random_waypoint,4,560,520,848.502,197.044,20,9,700,700,15,524.446,-74.4482,-60,0,0,0,0,early_warning_zone,24.9837,0
1,fence24,tiered_wall,random_waypoint,4,560,520,848.502,197.044,20,10,750,700,15,512.536,-74.2487,-60,0,0,0,0,early_warning_zone,24.9837,0
1,fence24,tiered_wall,random_waypoint,4,560,520,848.502,197.044,20,11,750,650,15,463.57,-73.3765,-60,0,0,0,0,early_warning_zone,24.9837,0
1,fence24,tiered_wall,random_waypoint,4,560,520,848.502,197.044,20,12,750,550,15,366.478,-71.3352,-60,0,0,0,0,early_warning_zone,24.9837,0
1,fence24,tiered_wall,random_waypoint,4,560,520,848.502,197.044,20,13,750,450,15,271.504,-68.7298,-60,0,0,0,0,early_warning_zone,24.9837,0
1,fence24,tiered_wall,random_waypoint,4,560,520,848.502,197.044,20,14,750,350,15,181.998,-65.2556,-60,0,0,0,0,early_warning_zone,24.9837,0
1,fence24,tiered_wall,random_waypoint,4,560,520,848.502,197.044,20,15,750,300,15,142.575,-63.1351,-60,0,0,0,0,early_warning_zone,24.9837,0
1,fence24,tiered_wall,random_waypoint,4,560,520,848.502,197.044,20,16,700,300,15,180.77,-65.1968,-60,0,0,0,0,early_warning_zone,24.9837,0
1,fence24,tiered_wall,random_waypoint,4,560,520,848.502,197.044,20,17,600,300,15,269.032,-68.6503,-60,0,0,0,0,early_warning_zone,24.9837,0
1,fence24,tiered_wall,random_waypoint,4,560,520,848.502,197.044,20,18,400,300,15,460.195,-73.3131,-60,0,0,0,0,early_warning_zone,24.9837,0
1,fence24,tiered_wall,random_waypoint,4,560,520,848.502,197.044,20,19,300,300,15,558.104,-74.9885,-60,0,0,0,0,early_warning_zone,24.9837,0
1,fence24,tiered_wall,random_waypoint,4,560,520,848.502,197.044,20,20,300,500,15,626.628,-75.9944,-70,0,0,0,0,early_warning_zone,24.9837,0
1,fence24,tiered_wall,random_waypoint,4,560,520,848.502,197.044,20,21,500,350,15,380.624,-71.6641,-70,0,0,0,0,early_warning_zone,24.9837,0
1,fence24,tiered_wall,random_waypoint,4,560,520,848.502,197.044,20,22,700,500,15,337.432,-70.618,-70,0,0,0,0,early_warning_zone,24.9837,0
1,fence24,tiered_wall,random_waypoint,4,560,520,848.502,197.044,20,23,500,650,15,571.532,-75.195,-70,0,0,0,0,early_warning_zone,24.9837,0
2,fence24,tiered_wall,random_waypoint,4,560,520,839.564,201.528,20,0,250,300,15,597.752,-75.5846,-60,0,0,0,0,early_warning_zone,23.9837,0
2,fence24,tiered_wall,random_waypoint,4,560,520,839.564,201.528,20,1,250,350,15,607.992,-75.7322,-60,0,0,0,0,early_warning_zone,23.9837,0
2,fence24,tiered_wall,random_waypoint,4,560,520,839.564,201.528,20,2,250,450,15,639.804,-76.1752,-60,0,0,0,0,early_warning_zone,23.9837,0
2,fence24,tiered_wall,random_waypoint,4,560,520,839.564,201.528,20,3,250,550,15,684.868,-76.7664,-60,0,0,0,0,early_warning_zone,23.9837,0
2,fence24,tiered_wall,random_waypoint,4,560,520,839.564,201.528,20,4,250,650,15,740.769,-77.4479,-60,0,0,0,0,early_warning_zone,23.9837,0
2,fence24,tiered_wall,random_waypoint,4,560,520,839.564,201.528,20,5,250,700,15,772.066,-77.8073,-60,0,0,0,0,early_warning_zone,23.9837,0
2,fence24,tiered_wall,random_waypoint,4,560,520,839.564,201.528,20,6,300,700,15,734.594,-77.3752,-60,0,0,0,0,early_warning_zone,23.9837,0
2,fence24,tiered_wall,random_waypoint,4,560,520,839.564,201.528,20,7,400,700,15,664.617,-76.5057,-60,0,0,0,0,early_warning_zone,23.9837,0
2,fence24,tiered_wall,random_waypoint,4,560,520,839.564,201.528,20,8,600,700,15,553.074,-74.9099,-60,0,0,0,0,early_warning_zone,23.9837,0
2,fence24,tiered_wall,random_waypoint,4,560,520,839.564,201.528,20,9,700,700,15,517.666,-74.3352,-60,0,0,0,0,early_warning_zone,23.9837,0
2,fence24,tiered_wall,random_waypoint,4,560,520,839.564,201.528,20,10,750,700,15,506.479,-74.1455,-60,0,0,0,0,early_warning_zone,23.9837,0
2,fence24,tiered_wall,random_waypoint,4,560,520,839.564,201.528,20,11,750,650,15,457.356,-73.2593,-60,0,0,0,0,early_warning_zone,23.9837,0
2,fence24,tiered_wall,random_waypoint,4,560,520,839.564,201.528,20,12,750,550,15,359.833,-71.1762,-60,0,0,0,0,early_warning_zone,23.9837,0
2,fence24,tiered_wall,random_waypoint,4,560,520,839.564,201.528,20,13,750,450,15,264.169,-68.4919,-60,0,0,0,0,early_warning_zone,23.9837,0
2,fence24,tiered_wall,random_waypoint,4,560,520,839.564,201.528,20,14,750,350,15,173.467,-64.8386,-60,0,0,0,0,early_warning_zone,23.9837,0
2,fence24,tiered_wall,random_waypoint,4,560,520,839.564,201.528,20,15,750,300,15,133.205,-62.5446,-60,0,0,0,0,early_warning_zone,23.9837,0
2,fence24,tiered_wall,random_waypoint,4,560,520,839.564,201.528,20,16,700,300,15,170.88,-64.708,-60,0,0,0,0,early_warning_zone,23.9837,0
2,fence24,tiered_wall,random_waypoint,4,560,520,839.564,201.528,20,17,600,300,15,259.061,-68.3223,-60,0,0,0,0,early_warning_zone,23.9837,0
2,fence24,tiered_wall,random_waypoint,4,560,520,839.564,201.528,20,18,400,300,15,450.487,-73.1279,-60,0,0,0,0,early_warning_zone,23.9837,0
2,fence24,tiered_wall,random_waypoint,4,560,520,839.564,201.528,20,19,300,300,15,548.499,-74.8377,-60,0,0,0,0,early_warning_zone,23.9837,0
2,fence24,tiered_wall,random_waypoint,4,560,520,839.564,201.528,20,20,300,500,15,616.636,-75.8548,-70,0,0,0,0,early_warning_zone,23.9837,0
2,fence24,tiered_wall,random_waypoint,4,560,520,839.564,201.528,20,21,500,350,15,370.638,-71.4332,-70,0,0,0,0,early_warning_zone,23.9837,0
2,fence24,tiered_wall,random_waypoint,4,560,520,839.564,201.528,20,22,700,500,15,329.528,-70.4121,-70,0,0,0,0,early_warning_zone,23.9837,0
2,fence24,tiered_wall,random_waypoint,4,560,520,839.564,201.528,20,23,500,650,15,562.544,-75.0574,-70,0,0,0,0,early_warning_zone,23.9837,0
3,fence24,tiered_wall,random_waypoint,4,560,520,830.626,206.012,20,0,250,300,15,588.205,-75.4448,-60,0,0,0,0,early_warning_zone,22.9837,0
3,fence24,tiered_wall,random_waypoint,4,560,520,830.626,206.012,20,1,250,350,15,598.234,-75.5916,-60,0,0,0,0,early_warning_zone,22.9837,0
3,fence24,tiered_wall,random_waypoint,4,560,520,830.626,206.012,20,2,250,450,15,629.827,-76.0386,-60,0,0,0,0,early_warning_zone,22.9837,0
3,fence24,tiered_wall,random_waypoint,4,560,520,830.626,206.012,20,3,250,550,15,674.892,-76.6389,-60,0,0,0,0,early_warning_zone,22.9837,0
3,fence24,tiered_wall,random_waypoint,4,560,520,830.626,206.012,20,4,250,650,15,730.942,-77.3319,-60,0,0,0,0,early_warning_zone,22.9837,0
3,fence24,tiered_wall,random_waypoint,4,560,520,830.626,206.012,20,5,250,700,15,762.349,-77.6973,-60,0,0,0,0,early_warning_zone,22.9837,0
3,fence24,tiered_wall,random_waypoint,4,560,520,830.626,206.012,20,6,300,700,15,724.992,-77.2609,-60,0,0,0,0,early_warning_zone,22.9837,0
3,fence24,tiered_wall,random_waypoint,4,560,520,830.626,206.012,20,7,400,700,15,655.353,-76.3837,-60,0,0,0,0,early_warning_zone,22.9837,0
3,fence24,tiered_wall,random_waypoint,4,560,520,830.626,206.012,20,8,600,700,15,545.195,-74.7853,-60,0,0,0,0,early_warning_zone,22.9837,0
3,fence24,tiered_wall,random_waypoint,4,560,520,830.626,206.012,20,9,700,700,15,510.992,-74.2225,-60,0,0,0,0,early_warning_zone,22.9837,0
3,fence24,tiered_wall,random_waypoint,4,560,520,830.626,206.012,20,10,750,700,15,500.549,-74.0432,-60,0,0,0,0,early_warning_zone,22.9837,0
3,fence24,tiered_wall,random_waypoint,4,560,520,830.626,206.012,20,11,750,650,15,451.277,-73.1431,-60,0,0,0,0,early_warning_zone,22.9837,0
3,fence24,tiered_wall,random_waypoint,4,560,520,830.626,206.012,20,12,750,550,15,353.346,-71.0182,-60,0,0,0,0,early_warning_zone,22.9837,0
3,fence24,tiered_wall,random_waypoint,4,560,520,830.626,206.012,20,13,750,450,15,257.013,-68.2533,-60,0,0,0,0,early_warning_zone,22.9837,0
3,fence24,tiered_wall,random_waypoint,4,560,520,830.626,206.012,20,14,750,350,15,165.1,-64.4092,-60,0,0,0,0,early_warning_zone,22.9837,0
3,fence24,tiered_wall,random_waypoint,4,560,520,830.626,206.012,20,15,750,300,15,123.933,-61.9179,-60,0,0,0,0,early_warning_zone,22.9837,0
3,fence24,tiered_wall,random_waypoint,4,560,520,830.626,206.012,20,16,700,300,15,161.003,-64.1909,-60,0,0,0,0,early_warning_zone,22.9837,0
3,fence24,tiered_wall,random_waypoint,4,560,520,830.626,206.012,20,17,600,300,15,249.092,-67.9814,-60,0,0,0,0,early_warning_zone,22.9837,0
3,fence24,tiered_wall,random_waypoint,4,560,520,830.626,206.012,20,18,400,300,15,440.792,-72.9389,-60,0,0,0,0,early_warning_zone,22.9837,0
3,fence24,tiered_wall,random_waypoint,4,560,520,830.626,206.012,20,19,300,300,15,538.909,-74.6845,-60,0,0,0,0,early_warning_zone,22.9837,0
3,fence24,tiered_wall,random_waypoint,4,560,520,830.626,206.012,20,20,300,500,15,606.645,-75.7129,-70,0,0,0,0,early_warning_zone,22.9837,0
3,fence24,tiered_wall,random_waypoint,4,560,520,830.626,206.012,20,21,500,350,15,360.654,-71.196,-70,0,0,0,0,early_warning_zone,22.9837,0
3,fence24,tiered_wall,random_waypoint,4,560,520,830.626,206.012,20,22,700,500,15,321.741,-70.2043,-70,0,0,0,0,early_warning_zone,22.9837,0
3,fence24,tiered_wall,random_waypoint,4,560,520,830.626,206.012,20,23,500,650,15,553.592,-74.918,-70,0,0,0,0,early_warning_zone,22.9837,0
4,fence24,tiered_wall,random_waypoint,4,560,520,821.688,210.496,20,0,250,300,15,578.673,-75.3029,-60,0,1,0,0,early_warning_zone,21.9837,0
4,fence24,tiered_wall,random_waypoint,4,560,520,821.688,210.496,20,1,250,350,15,588.484,-75.4489,-60,0,1,0,0,early_warning_zone,21.9837,0
4,fence24,tiered_wall,random_waypoint,4,560,520,821.688,210.496,20,2,250,450,15,619.85,-75.9,-60,0,1,0,0,early_warning_zone,21.9837,0
4,fence24,tiered_wall,random_waypoint,4,560,520,821.688,210.496,20,3,250,550,15,664.917,-76.5096,-60,0,1,0,0,early_warning_zone,21.9837,0
4,fence24,tiered_wall,random_waypoint,4,560,520,821.688,210.496,20,4,250,650,15,721.121,-77.2144,-60,0,1,0,0,early_warning_zone,21.9837,0
4,fence24,tiered_wall,random_waypoint,4,560,520,821.688,210.496,20,5,250,700,15,752.639,-77.586,-60,0,1,0,0,early_warning_zone,21.9837,0
4,fence24,tiered_wall,random_waypoint,4,560,520,821.688,210.496,20,6,300,700,15,715.4,-77.1452,-60,0,1,0,0,early_warning_zone,21.9837,0
4,fence24,tiered_wall,random_waypoint,4,560,520,821.688,210.496,20,7,400,700,15,646.111,-76.2604,-60,0,1,0,0,early_warning_zone,21.9837,0
4,fence24,tiered_wall,random_waypoint,4,560,520,821.688,210.496,20,8,600,700,15,537.387,-74.66,-60,0,1,0,0,early_warning_zone,21.9837,0
4,fence24,tiered_wall,random_waypoint,4,560,520,821.688,210.496,20,9,700,700,15,504.427,-74.1102,-60,0,1,0,0,early_warning_zone,21.9837,0
4,fence24,tiered_wall,random_waypoint,4,560,520,821.688,210.496,20,10,750,700,15,494.751,-73.942,-60,0,1,0,0,early_warning_zone,21.9837,0
4,fence24,tiered_wall,random_waypoint,4,560,520,821.688,210.496,20,11,750,650,15,445.34,-73.0281,-60,0,1,0,0,early_warning_zone,21.9837,0
4,fence24,tiered_wall,random_waypoint,4,560,520,821.688,210.496,20,12,750,550,15,347.026,-70.8615,-60,0,1,0,0,early_warning_zone,21.9837,0
4,fence24,tiered_wall,random_waypoint,4,560,520,821.688,210.496,20,13,750,450,15,250.052,-68.0148,-60,0,1,0,0,early_warning_zone,21.9837,0
4,fence24,tiered_wall,random_waypoint,4,560,520,821.688,210.496,20,14,750,350,15,156.925,-63.9681,-60,0,1,0,0,early_warning_zone,21.9837,0
4,fence24,tiered_wall,random_waypoint,4,560,520,821.688,210.496,20,15,750,300,15,114.783,-61.2518,-60,0,1,0,0,early_warning_zone,21.9837,0
4,fence24,tiered_wall,random_waypoint,4,560,520,821.688,210.496,20,16,700,300,15,151.142,-63.6419,-60,0,1,0,0,early_warning_zone,21.9837,0
4,fence24,tiered_wall,random_waypoint,4,560,520,821.688,210.496,20,17,600,300,15,239.126,-67.6268,-60,0,1,0,0,early_warning_zone,21.9837,0
4,fence24,tiered_wall,random_waypoint,4,560,520,821.688,210.496,20,18,400,300,15,431.111,-72.746,-60,0,1,0,0,early_warning_zone,21.9837,0
4,fence24,tiered_wall,random_waypoint,4,560,520,821.688,210.496,20,19,300,300,15,529.333,-74.5288,-60,0,1,0,0,early_warning_zone,21.9837,0
4,fence24,tiered_wall,random_waypoint,4,560,520,821.688,210.496,20,20,300,500,15,596.654,-75.5687,-70,0,1,0,0,early_warning_zone,21.9837,0
4,fence24,tiered_wall,random_waypoint,4,560,520,821.688,210.496,20,21,500,350,15,350.67,-70.9522,-70,0,1,0,0,early_warning_zone,21.9837,0
4,fence24,tiered_wall,random_waypoint,4,560,520,821.688,210.496,20,22,700,500,15,314.079,-69.995,-70,1,1,0,0,early_warning_zone,21.9837,0
4,fence24,tiered_wall,random_waypoint,4,560,520,821.688,210.496,20,23,500,650,15,544.676,-74.777,-70,0,1,0,0,early_warning_zone,21.9837,0
5,fence24,tiered_wall,random_waypoint,4,560,520,812.749,214.98,20,0,250,300,15,569.157,-75.1589,-60,0,1,0,0,early_warning_zone,20.9837,0
5,fence24,tiered_wall,random_waypoint,4,560,520,812.749,214.98,20,1,250,350,15,578.742,-75.3039,-60,0,1,0,0,early_warning_zone,20.9837,0
5,fence24,tiered_wall,random_waypoint,4,560,520,812.749,214.98,20,2,250,450,15,609.874,-75.759,-60,0,1,0,0,early_warning_zone,20.9837,0
5,fence24,tiered_wall,random_waypoint,4,560,520,812.749,214.98,20,3,250,550,15,654.943,-76.3783,-60,0,1,0,0,early_warning_zone,20.9837,0
5,fence24,tiered_wall,random_waypoint,4,560,520,812.749,214.98,20,4,250,650,15,711.304,-77.0953,-60,0,1,0,0,early_warning_zone,20.9837,0
5,fence24,tiered_wall,random_waypoint,4,560,520,812.749,214.98,20,5,250,700,15,742.937,-77.4733,-60,0,1,0,0,early_warning_zone,20.9837,0
5,fence24,tiered_wall,random_waypoint,4,560,520,812.749,214.98,20,6,300,700,15,705.819,-77.0281,-60,0,1,0,0,early_warning_zone,20.9837,0
5,fence24,tiered_wall,random_waypoint,4,560,520,812.749,214.98,20,7,400,700,15,636.892,-76.1355,-60,0,1,0,0,early_warning_zone,20.9837,0
5,fence24,tiered_wall,random_waypoint,4,560,520,812.749,214.98,20,8,600,700,15,529.652,-74.534,-60,0,1,0,0,early_warning_zone,20.9837,0
5,fence24,tiered_wall,random_waypoint,4,560,520,812.749,214.98,20,9,700,700,15,497.978,-73.9984,-60,0,1,0,0,early_warning_zone,20.9837,0
5,fence24,tiered_wall,random_waypoint,4,560,520,812.749,214.98,20,10,750,700,15,489.088,-73.842,-60,0,1,0,0,early_warning_zone,20.9837,0
5,fence24,tiered_wall,random_waypoint,4,560,520,812.749,214.98,20,11,750,650,15,439.551,-72.9144,-60,0,1,0,0,early_warning_zone,20.9837,0
5,fence24,tiered_wall,random_waypoint,4,560,520,812.749,214.98,20,12,750,550,15,340.882,-70.7063,-60,0,1,0,0,early_warning_zone,20.9837,0
5,fence24,tiered_wall,random_waypoint,4,560,520,812.749,214.98,20,13,750,450,15,243.304,-67.7772,-60,0,1,0,0,early_warning_zone,20.9837,0
5,fence24,tiered_wall,random_waypoint,4,560,520,812.749,214.98,20,14,750,350,15,148.973,-63.5163,-60,0,1,0,0,early_warning_zone,20.9837,0
5,fence24,tiered_wall,random_waypoint,4,560,520,812.749,214.98,20,15,750,300,15,105.787,-60.5429,-60,0,1,0,0,early_warning_zone,20.9837,0
5,fence24,tiered_wall,random_waypoint,4,560,520,812.749,214.98,20,16,700,300,15,141.3,-63.0571,-60,0,1,0,0,early_warning_zone,20.9837,0
5,fence24,tiered_wall,random_waypoint,4,560,520,812.749,214.98,20,17,600,300,15,229.163,-67.2571,-60,0,1,0,0,early_warning_zone,20.9837,0
5,fence24,tiered_wall,random_waypoint,4,560,520,812.749,214.98,20,18,400,300,15,421.444,-72.549,-60,0,1,0,0,early_warning_zone,20.9837,0
5,fence24,tiered_wall,random_waypoint,4,560,520,812.749,214.98,20,19,300,300,15,519.774,-74.3705,-60,0,1,0,0,early_warning_zone,20.9837,0
5,fence24,tiered_wall,random_waypoint,4,560,520,812.749,214.98,20,20,300,500,15,586.663,-75.422,-70,0,1,0,0,early_warning_zone,20.9837,0
5,fence24,tiered_wall,random_waypoint,4,560,520,812.749,214.98,20,21,500,350,15,340.687,-70.7013,-70,0,1,0,0,early_warning_zone,20.9837,0
5,fence24,tiered_wall,random_waypoint,4,560,520,812.749,214.98,20,22,700,500,15,306.551,-69.7843,-70,1,1,0,0,early_warning_zone,20.9837,0
5,fence24,tiered_wall,random_waypoint,4,560,520,812.749,214.98,20,23,500,650,15,535.798,-74.6342,-70,0,1,0,0,early_warning_zone,20.9837,0
6,fence24,tiered_wall,random_waypoint,4,560,520,803.811,219.464,20,0,250,300,15,559.659,-75.0127,-60,0,2,1,0,early_warning_zone,19.9837,1
6,fence24,tiered_wall,random_waypoint,4,560,520,803.811,219.464,20,1,250,350,15,569.009,-75.1566,-60,0,2,1,0,early_warning_zone,19.9837,1
6,fence24,tiered_wall,random_waypoint,4,560,520,803.811,219.464,20,2,250,450,15,599.899,-75.6158,-60,0,2,1,0,early_warning_zone,19.9837,1
6,fence24,tiered_wall,random_waypoint,4,560,520,803.811,219.464,20,3,250,550,15,644.969,-76.245,-60,0,2,1,0,early_warning_zone,19.9837,1
6,fence24,tiered_wall,random_waypoint,4,560,520,803.811,219.464,20,4,250,650,15,701.493,-76.9747,-60,0,2,1,0,early_warning_zone,19.9837,1
6,fence24,tiered_wall,random_waypoint,4,560,520,803.811,219.464,20,5,250,700,15,733.244,-77.3592,-60,0,2,1,0,early_warning_zone,19.9837,1
6,fence24,tiered_wall,random_waypoint,4,560,520,803.811,219.464,20,6,300,700,15,696.251,-76.9095,-60,0,2,1,0,early_warning_zone,19.9837,1
6,fence24,tiered_wall,random_waypoint,4,560,520,803.811,219.464,20,7,400,700,15,627.696,-76.0092,-60,0,2,1,0,early_warning_zone,19.9837,1
6,fence24,tiered_wall,random_waypoint,4,560,520,803.811,219.464,20,8,600,700,15,521.995,-74.4075,-60,0,2,1,0,early_warning_zone,19.9837,1
6,fence24,tiered_wall,random_waypoint,4,560,520,803.811,219.464,20,9,700,700,15,491.646,-73.8873,-60,0,2,1,0,early_warning_zone,19.9837,1
6,fence24,tiered_wall,random_waypoint,4,560,520,803.811,219.464,20,10,750,700,15,483.565,-73.7433,-60,0,2,1,0,early_warning_zone,19.9837,1
6,fence24,tiered_wall,random_waypoint,4,560,520,803.811,219.464,20,11,750,650,15,433.914,-72.8023,-60,0,2,1,0,early_warning_zone,19.9837,1
6,fence24,tiered_wall,random_waypoint,4,560,520,803.811,219.464,20,12,750,550,15,334.925,-70.5532,-60,0,2,1,0,early_warning_zone,19.9837,1
6,fence24,tiered_wall,random_waypoint,4,560,520,803.811,219.464,20,13,750,450,15,236.785,-67.5413,-60,0,2,1,0,early_warning_zone,19.9837,1
6,fence24,tiered_wall,random_waypoint,4,560,520,803.811,219.464,20,14,750,350,15,141.28,-63.0559,-60,0,2,1,0,early_warning_zone,19.9837,1
6,fence24,tiered_wall,random_waypoint,4,560,520,803.811,219.464,20,15,750,300,15,96.9877,-59.7886,-60,1,2,1,0,early_warning_zone,19.9837,1
6,fence24,tiered_wall,random_waypoint,4,560,520,803.811,219.464,20,16,700,300,15,131.483,-62.4316,-60,0,2,1,0,early_warning_zone,19.9837,1
6,fence24,tiered_wall,random_waypoint,4,560,520,803.811,219.464,20,17,600,300,15,219.203,-66.8712,-60,0,2,1,0,early_warning_zone,19.9837,1
6,fence24,tiered_wall,random_waypoint,4,560,520,803.811,219.464,20,18,400,300,15,411.794,-72.3478,-60,0,2,1,0,early_warning_zone,19.9837,1
6,fence24,tiered_wall,random_waypoint,4,560,520,803.811,219.464,20,19,300,300,15,510.232,-74.2096,-60,0,2,1,0,early_warning_zone,19.9837,1
6,fence24,tiered_wall,random_waypoint,4,560,520,803.811,219.464,20,20,300,500,15,576.672,-75.2728,-70,0,2,1,0,early_warning_zone,19.9837,1
6,fence24,tiered_wall,random_waypoint,4,560,520,803.811,219.464,20,21,500,350,15,330.705,-70.443,-70,0,2,1,0,early_warning_zone,19.9837,1
6,fence24,tiered_wall,random_waypoint,4,560,520,803.811,219.464,20,22,700,500,15,299.169,-69.5726,-70,1,2,1,0,early_warning_zone,19.9837,1
6,fence24,tiered_wall,random_waypoint,4,560,520,803.811,219.464,20,23,500,650,15,526.96,-74.4898,-70,0,2,1,0,early_warning_zone,19.9837,1
7,fence24,tiered_wall,random_waypoint,4,560,520,794.873,223.949,20,0,250,300,15,550.177,-74.8643,-60,0,2,1,0,early_warning_zone,18.9837,1
7,fence24,tiered_wall,random_waypoint,4,560,520,794.873,223.949,20,1,250,350,15,559.286,-75.0069,-60,0,2,1,0,early_warning_zone,18.9837,1
7,fence24,tiered_wall,random_waypoint,4,560,520,794.873,223.949,20,2,250,450,15,589.924,-75.4702,-60,0,2,1,0,early_warning_zone,18.9837,1
7,fence24,tiered_wall,random_waypoint,4,560,520,794.873,223.949,20,3,250,550,15,634.997,-76.1097,-60,0,2,1,0,early_warning_zone,18.9837,1
7,fence24,tiered_wall,random_waypoint,4,560,520,794.873,223.949,20,4,250,650,15,691.687,-76.8524,-60,0,2,1,0,early_warning_zone,18.9837,1
7,fence24,tiered_wall,random_waypoint,4,560,520,794.873,223.949,20,5,250,700,15,723.558,-77.2437,-60,0,2,1,0,early_warning_zone,18.9837,1
7,fence24,tiered_wall,random_waypoint,4,560,520,794.873,223.949,20,6,300,700,15,686.694,-76.7895,-60,0,2,1,0,early_warning_zone,18.9837,1
7,fence24,tiered_wall,random_waypoint,4,560,520,794.873,223.949,20,7,400,700,15,618.526,-75.8814,-60,0,2,1,0,early_warning_zone,18.9837,1
7,fence24,tiered_wall,random_waypoint,4,560,520,794.873,223.949,20,8,600,700,15,514.418,-74.2805,-60,0,2,1,0,early_warning_zone,18.9837,1
7,fence24,tiered_wall,random_waypoint,4,560,520,794.873,223.949,20,9,700,700,15,485.439,-73.7769,-60,0,2,1,0,early_warning_zone,18.9837,1
7,fence24,tiered_wall,random_waypoint,4,560,520,794.873,223.949,20,10,750,700,15,478.188,-73.6462,-60,0,2,1,0,early_warning_zone,18.9837,1
7,fence24,tiered_wall,random_waypoint,4,560,520,794.873,223.949,20,11,750,650,15,428.437,-72.692,-60,0,2,1,0,early_warning_zone,18.9837,1
7,fence24,tiered_wall,random_waypoint,4,560,520,794.873,223.949,20,12,750,550,15,329.163,-70.4024,-60,0,2,1,0,early_warning_zone,18.9837,1
7,fence24,tiered_wall,random_waypoint,4,560,520,794.873,223.949,20,13,750,450,15,230.516,-67.3083,-60,0,2,1,0,early_warning_zone,18.9837,1
7,fence24,tiered_wall,random_waypoint,4,560,520,794.873,223.949,20,14,750,350,15,133.894,-62.5894,-60,0,2,1,0,early_warning_zone,18.9837,1
7,fence24,tiered_wall,random_waypoint,4,560,520,794.873,223.949,20,15,750,300,15,88.4443,-58.9876,-60,1,2,1,0,early_warning_zone,18.9837,1
7,fence24,tiered_wall,random_waypoint,4,560,520,794.873,223.949,20,16,700,300,15,121.695,-61.7597,-60,0,2,1,0,early_warning_zone,18.9837,1
7,fence24,tiered_wall,random_waypoint,4,560,520,794.873,223.949,20,17,600,300,15,209.247,-66.4674,-60,0,2,1,0,early_warning_zone,18.9837,1
7,fence24,tiered_wall,random_waypoint,4,560,520,794.873,223.949,20,18,400,300,15,402.161,-72.1422,-60,0,2,1,0,early_warning_zone,18.9837,1
7,fence24,tiered_wall,random_waypoint,4,560,520,794.873,223.949,20,19,300,300,15,500.707,-74.0459,-60,0,2,1,0,early_warning_zone,18.9837,1
7,fence24,tiered_wall,random_waypoint,4,560,520,794.873,223.949,20,20,300,500,15,566.682,-75.121,-70,0,2,1,0,early_warning_zone,18.9837,1
7,fence24,tiered_wall,random_waypoint,4,560,520,794.873,223.949,20,21,500,350,15,320.724,-70.1769,-70,0,2,1,0,early_warning_zone,18.9837,1
7,fence24,tiered_wall,random_waypoint,4,560,520,794.873,223.949,20,22,700,500,15,291.942,-69.3602,-70,1,2,1,0,early_warning_zone,18.9837,1
7,fence24,tiered_wall,random_waypoint,4,560,520,794.873,223.949,20,23,500,650,15,518.165,-74.3436,-70,0,2,1,0,early_warning_zone,18.9837,1
8,fence24,tiered_wall,random_waypoint,4,560,520,785.935,228.433,20,0,250,300,15,540.715,-74.7136,-60,0,3,1,0,early_warning_zone,17.9837,1
8,fence24,tiered_wall,random_waypoint,4,560,520,785.935,228.433,20,1,250,350,15,549.572,-74.8547,-60,0,3,1,0,early_warning_zone,17.9837,1
8,fence24,tiered_wall,random_waypoint,4,560,520,785.935,228.433,20,2,250,450,15,579.951,-75.322,-60,0,3,1,0,early_warning_zone,17.9837,1
8,fence24,tiered_wall,random_waypoint,4,560,520,785.935,228.433,20,3,250,550,15,625.025,-75.9722,-60,0,3,1,0,early_warning_zone,17.9837,1
8,fence24,tiered_wall,random_waypoint,4,560,520,785.935,228.433,20,4,250,650,15,681.887,-76.7285,-60,0,3,1,0,early_warning_zone,17.9837,1
8,fence24,tiered_wall,random_waypoint,4,560,520,785.935,228.433,20,5,250,700,15,713.881,-77.1267,-60,0,3,1,0,early_warning_zone,17.9837,1
8,fence24,tiered_wall,random_waypoint,4,560,520,785.935,228.433,20,6,300,700,15,677.151,-76.6679,-60,0,3,1,0,early_warning_zone,17.9837,1
8,fence24,tiered_wall,random_waypoint,4,560,520,785.935,228.433,20,7,400,700,15,609.382,-75.752,-60,0,3,1,0,early_warning_zone,17.9837,1
8,fence24,tiered_wall,random_waypoint,4,560,520,785.935,228.433,20,8,600,700,15,506.924,-74.1531,-60,0,3,1,0,early_warning_zone,17.9837,1
8,fence24,tiered_wall,random_waypoint,4,560,520,785.935,228.433,20,9,700,700,15,479.359,-73.6675,-60,0,3,1,0,early_warning_zone,17.9837,1
8,fence24,tiered_wall,random_waypoint,4,560,520,785.935,228.433,20,10,750,700,15,472.961,-73.5507,-60,0,3,1,0,early_warning_zone,17.9837,1
8,fence24,tiered_wall,random_waypoint,4,560,520,785.935,228.433,20,11,750,650,15,423.126,-72.5836,-60,0,3,1,0,early_warning_zone,17.9837,1
8,fence24,tiered_wall,random_waypoint,4,560,520,785.935,228.433,20,12,750,550,15,323.608,-70.2546,-60,0,3,1,0,early_warning_zone,17.9837,1
8,fence24,tiered_wall,random_waypoint,4,560,520,785.935,228.433,20,13,750,450,15,224.518,-67.0793,-60,0,3,1,0,early_warning_zone,17.9837,1
8,fence24,tiered_wall,random_waypoint,4,560,520,785.935,228.433,20,14,750,350,15,126.866,-62.1211,-60,0,3,1,0,early_warning_zone,17.9837,1
8,fence24,tiered_wall,random_waypoint,4,560,520,785.935,228.433,20,15,750,300,15,80.2382,-58.1419,-60,1,3,1,0,early_warning_zone,17.9837,1
8,fence24,tiered_wall,random_waypoint,4,560,520,785.935,228.433,20,16,700,300,15,111.945,-61.0343,-60,0,3,1,0,early_warning_zone,17.9837,1
8,fence24,tiered_wall,random_waypoint,4,560,520,785.935,228.433,20,17,600,300,15,199.295,-66.0442,-60,0,3,1,0,early_warning_zone,17.9837,1
8,fence24,tiered_wall,random_waypoint,4,560,520,785.935,228.433,20,18,400,300,15,392.546,-71.932,-60,0,3,1,0,early_warning_zone,17.9837,1
8,fence24,tiered_wall,random_waypoint,4,560,520,785.935,228.433,20,19,300,300,15,491.202,-73.8794,-60,0,3,1,0,early_warning_zone,17.9837,1
8,fence24,tiered_wall,random_waypoint,4,560,520,785.935,228.433,20,20,300,500,15,556.692,-74.9665,-70,0,3,1,0,early_warning_zone,17.9837,1
8,fence24,tiered_wall,random_waypoint,4,560,520,785.935,228.433,20,21,500,350,15,310.745,-69.9023,-70,1,3,1,0,early_warning_zone,17.9837,1
8,fence24,tiered_wall,random_waypoint,4,560,520,785.935,228.433,20,22,700,500,15,284.883,-69.1476,-70,1,3,1,0,early_warning_zone,17.9837,1
8,fence24,tiered_wall,random_waypoint,4,560,520,785.935,228.433,20,23,500,650,15,509.414,-74.1956,-70,0,3,1,0,early_warning_zone,17.9837,1
9,fence24,tiered_wall,random_waypoint,4,560,520,776.996,232.917,20,0,250,300,15,531.272,-74.5606,-60,0,3,1,0,early_warning_zone,16.9837,1
9,fence24,tiered_wall,random_waypoint,4,560,520,776.996,232.917,20,1,250,350,15,539.869,-74.7,-60,0,3,1,0,early_warning_zone,16.9837,1
9,fence24,tiered_wall,random_waypoint,4,560,520,776.996,232.917,20,2,250,450,15,569.978,-75.1714,-60,0,3,1,0,early_warning_zone,16.9837,1
9,fence24,tiered_wall,random_waypoint,4,560,520,776.996,232.917,20,3,250,550,15,615.054,-75.8325,-60,0,3,1,0,early_warning_zone,16.9837,1
9,fence24,tiered_wall,random_waypoint,4,560,520,776.996,232.917,20,4,250,650,15,672.093,-76.6028,-60,0,3,1,0,early_warning_zone,16.9837,1
9,fence24,tiered_wall,random_waypoint,4,560,520,776.996,232.917,20,5,250,700,15,704.214,-77.0083,-60,0,3,1,0,early_warning_zone,16.9837,1
9,fence24,tiered_wall,random_waypoint,4,560,520,776.996,232.917,20,6,300,700,15,667.621,-76.5448,-60,0,3,1,0,early_warning_zone,16.9837,1
9,fence24,tiered_wall,random_waypoint,4,560,520,776.996,232.917,20,7,400,700,15,600.265,-75.6211,-60,0,3,1,0,early_warning_zone,16.9837,1
9,fence24,tiered_wall,random_waypoint,4,560,520,776.996,232.917,20,8,600,700,15,499.519,-74.0253,-60,0,3,1,0,early_warning_zone,16.9837,1
9,fence24,tiered_wall,random_waypoint,4,560,520,776.996,232.917,20,9,700,700,15,473.413,-73.559,-60,0,3,1,0,early_warning_zone,16.9837,1
9,fence24,tiered_wall,random_waypoint,4,560,520,776.996,232.917,20,10,750,700,15,467.889,-73.4571,-60,0,3,1,0,early_warning_zone,16.9837,1
9,fence24,tiered_wall,random_waypoint,4,560,520,776.996,232.917,20,11,750,650,15,417.986,-72.4775,-60,0,3,1,0,early_warning_zone,16.9837,1
9,fence24,tiered_wall,random_waypoint,4,560,520,776.996,232.917,20,12,750,550,15,318.27,-70.1101,-60,0,3,1,0,early_warning_zone,16.9837,1
9,fence24,tiered_wall,random_waypoint,4,560,520,776.996,232.917,20,13,750,450,15,218.812,-66.8557,-60,0,3,1,0,early_warning_zone,16.9837,1
9,fence24,tiered_wall,random_waypoint,4,560,520,776.996,232.917,20,14,750,350,15,120.259,-61.6566,-60,0,3,1,0,early_warning_zone,16.9837,1
9,fence24,tiered_wall,random_waypoint,4,560,520,776.996,232.917,20,15,750,300,15,72.4841,-57.2591,-60,1,3,1,0,early_warning_zone,16.9837,1
9,fence24,tiered_wall,random_waypoint,4,560,520,776.996,232.917,20,16,700,300,15,102.243,-60.2469,-60,0,3,1,0,early_warning_zone,16.9837,1
9,fence24,tiered_wall,random_waypoint,4,560,520,776.996,232.917,20,17,600,300,15,189.348,-65.5995,-60,0,3,1,0,early_warning_zone,16.9837,1
9,fence24,tiered_wall,random_waypoint,4,560,520,776.996,232.917,20,18,400,300,15,382.951,-71.7171,-60,0,3,1,0,early_warning_zone,16.9837,1
9,fence24,tiered_wall,random_waypoint,4,560,520,776.996,232.917,20,19,300,300,15,481.716,-73.7101,-60,0,3,1,0,early_warning_zone,16.9837,1
9,fence24,tiered_wall,random_waypoint,4,560,520,776.996,232.917,20,20,300,500,15,546.703,-74.8092,-70,0,3,1,0,early_warning_zone,16.9837,1
9,fence24,tiered_wall,random_waypoint,4,560,520,776.996,232.917,20,21,500,350,15,300.766,-69.6188,-70,1,3,1,0,early_warning_zone,16.9837,1
9,fence24,tiered_wall,random_waypoint,4,560,520,776.996,232.917,20,22,700,500,15,278.005,-68.9353,-70,1,3,1,0,early_warning_zone,16.9837,1
9,fence24,tiered_wall,random_waypoint,4,560,520,776.996,232.917,20,23,500,650,15,500.71,-74.0459,-70,0,3,1,0,early_warning_zone,16.9837,1
10,fence24,tiered_wall,random_waypoint,4,560,520,768.058,237.401,20,0,250,300,15,521.85,-74.4051,-60,0,4,1,0,early_warning_zone,15.9837,1
10,fence24,tiered_wall,random_waypoint,4,560,520,768.058,237.401,20,1,250,350,15,530.177,-74.5426,-60,0,4,1,0,early_warning_zone,15.9837,1
10,fence24,tiered_wall,random_waypoint,4,560,520,768.058,237.401,20,2,250,450,15,560.007,-75.0181,-60,0,4,1,0,early_warning_zone,15.9837,1
10,fence24,tiered_wall,random_waypoint,4,560,520,768.058,237.401,20,3,250,550,15,605.085,-75.6905,-60,0,4,1,0,early_warning_zone,15.9837,1
10,fence24,tiered_wall,random_waypoint,4,560,520,768.058,237.401,20,4,250,650,15,662.304,-76.4754,-60,0,4,1,0,early_warning_zone,15.9837,1
10,fence24,tiered_wall,random_waypoint,4,560,520,768.058,237.401,20,5,250,700,15,694.555,-76.8884,-60,0,4,1,0,early_warning_zone,15.9837,1
10,fence24,tiered_wall,random_waypoint,4,560,520,768.058,237.401,20,6,300,700,15,658.104,-76.4201,-60,0,4,1,0,early_warning_zone,15.9837,1
10,fence24,tiered_wall,random_waypoint,4,560,520,768.058,237.401,20,7,400,700,15,591.176,-75.4886,-60,0,4,1,0,early_warning_zone,15.9837,1
10,fence24,tiered_wall,random_waypoint,4,560,520,768.058,237.401,20,8,600,700,15,492.206,-73.8972,-60,0,4,1,0,early_warning_zone,15.9837,1
10,fence24,tiered_wall,random_waypoint,4,560,520,768.058,237.401,20,9,700,700,15,467.605,-73.4518,-60,0,4,1,0,early_warning_zone,15.9837,1
10,fence24,tiered_wall,random_waypoint,4,560,520,768.058,237.401,20,10,750,700,15,462.978,-73.3654,-60,0,4,1,0,early_warning_zone,15.9837,1
10,fence24,tiered_wall,random_waypoint,4,560,520,768.058,237.401,20,11,750,650,15,413.024,-72.3737,-60,0,4,1,0,early_warning_zone,15.9837,1
10,fence24,tiered_wall,random_waypoint,4,560,520,768.058,237.401,20,12,750,550,15,313.16,-69.9696,-60,0,4,1,0,early_warning_zone,15.9837,1
10,fence24,tiered_wall,random_waypoint,4,560,520,768.058,237.401,20,13,750,450,15,213.423,-66.6391,-60,0,4,1,0,early_warning_zone,15.9837,1
10,fence24,tiered_wall,random_waypoint,4,560,520,768.058,237.401,20,14,750,350,15,114.147,-61.2035,-60,0,4,1,0,early_warning_zone,15.9837,1
10,fence24,tiered_wall,random_waypoint,4,560,520,768.058,237.401,20,15,750,300,15,65.3431,-56.3582,-60,1,4,1,0,early_warning_zone,15.9837,1
10,fence24,tiered_wall,random_waypoint,4,560,520,768.058,237.401,20,16,700,300,15,92.6042,-59.3868,-60,1,4,1,0,early_warning_zone,15.9837,1
10,fence24,tiered_wall,random_waypoint,4,560,520,768.058,237.401,20,17,600,300,15,179.408,-65.131,-60,0,4,1,0,early_warning_zone,15.9837,1
10,fence24,tiered_wall,random_waypoint,4,560,520,768.058,237.401,20,18,400,300,15,373.377,-71.4972,-60,0,4,1,0,early_warning_zone,15.9837,1
10,fence24,tiered_wall,random_waypoint,4,560,520,768.058,237.401,20,19,300,300,15,472.252,-73.5377,-60,0,4,1,0,early_warning_zone,15.9837,1
10,fence24,tiered_wall,random_waypoint,4,560,520,768.058,237.401,20,20,300,500,15,536.714,-74.6491,-70,0,4,1,0,early_warning_zone,15.9837,1
10,fence24,tiered_wall,random_waypoint,4,560,520,768.058,237.401,20,21,500,350,15,290.79,-69.3258,-70,1,4,1,0,early_warning_zone,15.9837,1
10,fence24,tiered_wall,random_waypoint,4,560,520,768.058,237.401,20,22,700,500,15,271.321,-68.7239,-70,1,4,1,0,early_warning_zone,15.9837,1
10,fence24,tiered_wall,random_waypoint,4,560,520,768.058,237.401,20,23,500,650,15,492.055,-73.8945,-70,0,4,1,0,early_warning_zone,15.9837,1
11,fence24,tiered_wall,random_waypoint,4,560,520,759.12,241.885,20,0,250,300,15,512.45,-74.2473,-60,0,4,1,0,early_warning_zone,14.9837,1
11,fence24,tiered_wall,random_waypoint,4,560,520,759.12,241.885,20,1,250,350,15,520.497,-74.3826,-60,0,4,1,0,early_warning_zone,14.9837,1
11,fence24,tiered_wall,random_waypoint,4,560,520,759.12,241.885,20,2,250,450,15,550.036,-74.862,-60,0,4,1,0,early_warning_zone,14.9837,1
11,fence24,tiered_wall,random_waypoint,4,560,520,759.12,241.885,20,3,250,550,15,595.116,-75.5463,-60,0,4,1,0,early_warning_zone,14.9837,1
11,fence24,tiered_wall,random_waypoint,4,560,520,759.12,241.885,20,4,250,650,15,652.523,-76.3461,-60,0,4,1,0,early_warning_zone,14.9837,1
11,fence24,tiered_wall,random_waypoint,4,560,520,759.12,241.885,20,5,250,700,15,684.907,-76.7669,-60,0,4,1,0,early_warning_zone,14.9837,1
11,fence24,tiered_wall,random_waypoint,4,560,520,759.12,241.885,20,6,300,700,15,648.602,-76.2938,-60,0,4,1,0,early_warning_zone,14.9837,1
11,fence24,tiered_wall,random_waypoint,4,560,520,759.12,241.885,20,7,400,700,15,582.118,-75.3544,-60,0,4,1,0,early_warning_zone,14.9837,1
11,fence24,tiered_wall,random_waypoint,4,560,520,759.12,241.885,20,8,600,700,15,484.988,-73.7688,-60,0,4,1,0,early_warning_zone,14.9837,1
11,fence24,tiered_wall,random_waypoint,4,560,520,759.12,241.885,20,9,700,700,15,461.941,-73.346,-60,0,4,1,0,early_warning_zone,14.9837,1
11,fence24,tiered_wall,random_waypoint,4,560,520,759.12,241.885,20,10,750,700,15,458.233,-73.2759,-60,0,4,1,0,early_warning_zone,14.9837,1
11,fence24,tiered_wall,random_waypoint,4,560,520,759.12,241.885,20,11,750,650,15,408.247,-72.2727,-60,0,4,1,0,early_warning_zone,14.9837,1
11,fence24,tiered_wall,random_waypoint,4,560,520,759.12,241.885,20,12,750,550,15,308.29,-69.8334,-60,0,4,1,0,early_warning_zone,14.9837,1
11,fence24,tiered_wall,random_waypoint,4,560,520,759.12,241.885,20,13,750,450,15,208.375,-66.4311,-60,0,4,1,0,early_warning_zone,14.9837,1
11,fence24,tiered_wall,random_waypoint,4,560,520,759.12,241.885,20,14,750,350,15,108.614,-60.7719,-60,0,4,1,0,early_warning_zone,14.9837,1
11,fence24,tiered_wall,random_waypoint,4,560,520,759.12,241.885,20,15,750,300,15,59.0382,-55.4769,-60,1,4,1,0,early_warning_zone,14.9837,1
11,fence24,tiered_wall,random_waypoint,4,560,520,759.12,241.885,20,16,700,300,15,83.0511,-58.4411,-60,1,4,1,0,early_warning_zone,14.9837,1
11,fence24,tiered_wall,random_waypoint,4,560,520,759.12,241.885,20,17,600,300,15,169.474,-64.6363,-60,0,4,1,0,early_warning_zone,14.9837,1
11,fence24,tiered_wall,random_waypoint,4,560,520,759.12,241.885,20,18,400,300,15,363.826,-71.2721,-60,0,4,1,0,early_warning_zone,14.9837,1
11,fence24,tiered_wall,random_waypoint,4,560,520,759.12,241.885,20,19,300,300,15,462.81,-73.3623,-60,0,4,1,0,early_warning_zone,14.9837,1
11,fence24,tiered_wall,random_waypoint,4,560,520,759.12,241.885,20,20,300,500,15,526.725,-74.4859,-70,0,4,1,0,early_warning_zone,14.9837,1
11,fence24,tiered_wall,random_waypoint,4,560,520,759.12,241.885,20,21,500,350,15,280.815,-69.0226,-70,1,4,1,0,early_warning_zone,14.9837,1
11,fence24,tiered_wall,random_waypoint,4,560,520,759.12,241.885,20,22,700,500,15,264.846,-68.5141,-70,1,4,1,0,early_warning_zone,14.9837,1
11,fence24,tiered_wall,random_waypoint,4,560,520,759.12,241.885,20,23,500,650,15,483.452,-73.7413,-70,0,4,1,0,early_warning_zone,14.9837,1
12,fence24,tiered_wall,random_waypoint,4,560,520,750.182,246.369,20,0,250,300,15,503.073,-74.0869,-60,0,4,1,0,early_warning_zone,13.9837,1
12,fence24,tiered_wall,random_waypoint,4,560,520,750.182,246.369,20,1,250,350,15,510.829,-74.2197,-60,0,4,1,0,early_warning_zone,13.9837,1
12,fence24,tiered_wall,random_waypoint,4,560,520,750.182,246.369,20,2,250,450,15,540.067,-74.7032,-60,0,4,1,0,early_warning_zone,13.9837,1
12,fence24,tiered_wall,random_waypoint,4,560,520,750.182,246.369,20,3,250,550,15,585.148,-75.3995,-60,0,4,1,0,early_warning_zone,13.9837,1
12,fence24,tiered_wall,random_waypoint,4,560,520,750.182,246.369,20,4,250,650,15,642.747,-76.215,-60,0,4,1,0,early_warning_zone,13.9837,1
12,fence24,tiered_wall,random_waypoint,4,560,520,750.182,246.369,20,5,250,700,15,675.268,-76.6438,-60,0,4,1,0,early_warning_zone,13.9837,1
12,fence24,tiered_wall,random_waypoint,4,560,520,750.182,246.369,20,6,300,700,15,639.116,-76.1658,-60,0,4,1,0,early_warning_zone,13.9837,1
12,fence24,tiered_wall,random_waypoint,4,560,520,750.182,246.369,20,7,400,700,15,573.091,-75.2187,-60,0,4,1,0,early_warning_zone,13.9837,1
12,fence24,tiered_wall,random_waypoint,4,560,520,750.182,246.369,20,8,600,700,15,477.871,-73.6404,-60,0,4,1,0,early_warning_zone,13.9837,1
12,fence24,tiered_wall,random_waypoint,4,560,520,750.182,246.369,20,9,700,700,15,456.425,-73.2416,-60,0,4,1,0,early_warning_zone,13.9837,1
12,fence24,tiered_wall,random_waypoint,4,560,520,750.182,246.369,20,10,750,700,15,453.658,-73.1888,-60,0,4,1,0,early_warning_zone,13.9837,1
12,fence24,tiered_wall,random_waypoint,4,560,520,750.182,246.369,20,11,750,650,15,403.662,-72.1746,-60,0,4,1,0,early_warning_zone,13.9837,1
12,fence24,tiered_wall,random_waypoint,4,560,520,750.182,246.369,20,12,750,550,15,303.672,-69.7023,-60,0,4,1,0,early_warning_zone,13.9837,1
12,fence24,tiered_wall,random_waypoint,4,560,520,750.182,246.369,20,13,750,450,15,203.692,-66.2337,-60,0,4,1,0,early_warning_zone,13.9837,1
12,fence24,tiered_wall,random_waypoint,4,560,520,750.182,246.369,20,14,750,350,15,103.751,-60.3741,-60,0,4,1,0,early_warning_zone,13.9837,1
12,fence24,tiered_wall,random_waypoint,4,560,520,750.182,246.369,20,15,750,300,15,53.8635,-54.6801,-60,1,4,1,0,early_warning_zone,13.9837,1
12,fence24,tiered_wall,random_waypoint,4,560,520,750.182,246.369,20,16,700,300,15,73.6168,-57.3938,-60,1,4,1,0,early_warning_zone,13.9837,1
12,fence24,tiered_wall,random_waypoint,4,560,520,750.182,246.369,20,17,600,300,15,159.549,-64.1121,-60,0,4,1,0,early_warning_zone,13.9837,1
12,fence24,tiered_wall,random_waypoint,4,560,520,750.182,246.369,20,18,400,300,15,354.3,-71.0416,-60,0,4,1,0,early_warning_zone,13.9837,1
12,fence24,tiered_wall,random_waypoint,4,560,520,750.182,246.369,20,19,300,300,15,453.392,-73.1837,-60,0,4,1,0,early_warning_zone,13.9837,1
12,fence24,tiered_wall,random_waypoint,4,560,520,750.182,246.369,20,20,300,500,15,516.737,-74.3196,-70,0,4,1,0,early_warning_zone,13.9837,1
12,fence24,tiered_wall,random_waypoint,4,560,520,750.182,246.369,20,21,500,350,15,270.842,-68.7085,-70,1,4,1,0,early_warning_zone,13.9837,1
12,fence24,tiered_wall,random_waypoint,4,560,520,750.182,246.369,20,22,700,500,15,258.596,-68.3066,-70,1,4,1,0,early_warning_zone,13.9837,1
12,fence24,tiered_wall,random_waypoint,4,560,520,750.182,246.369,20,23,500,650,15,474.904,-73.5863,-70,0,4,1,0,early_warning_zone,13.9837,1
13,fence24,tiered_wall,random_waypoint,4,560,520,741.243,250.853,20,0,250,300,15,493.721,-73.9239,-60,0,4,1,0,approach_zone,12.9837,1
13,fence24,tiered_wall,random_waypoint,4,560,520,741.243,250.853,20,1,250,350,15,501.174,-74.054,-60,0,4,1,0,approach_zone,12.9837,1
13,fence24,tiered_wall,random_waypoint,4,560,520,741.243,250.853,20,2,250,450,15,530.098,-74.5414,-60,0,4,1,0,approach_zone,12.9837,1
13,fence24,tiered_wall,random_waypoint,4,560,520,741.243,250.853,20,3,250,550,15,575.181,-75.2503,-60,0,4,1,0,approach_zone,12.9837,1
13,fence24,tiered_wall,random_waypoint,4,560,520,741.243,250.853,20,4,250,650,15,632.979,-76.082,-60,0,4,1,0,approach_zone,12.9837,1
13,fence24,tiered_wall,random_waypoint,4,560,520,741.243,250.853,20,5,250,700,15,665.641,-76.519,-60,0,4,1,0,approach_zone,12.9837,1
13,fence24,tiered_wall,random_waypoint,4,560,520,741.243,250.853,20,6,300,700,15,629.645,-76.0361,-60,0,4,1,0,approach_zone,12.9837,1
13,fence24,tiered_wall,random_waypoint,4,560,520,741.243,250.853,20,7,400,700,15,564.096,-75.0813,-60,0,4,1,0,approach_zone,12.9837,1
13,fence24,tiered_wall,random_waypoint,4,560,520,741.243,250.853,20,8,600,700,15,470.858,-73.512,-60,0,4,1,0,approach_zone,12.9837,1
13,fence24,tiered_wall,random_waypoint,4,560,520,741.243,250.853,20,9,700,700,15,451.064,-73.139,-60,0,4,1,0,approach_zone,12.9837,1
13,fence24,tiered_wall,random_waypoint,4,560,520,741.243,250.853,20,10,750,700,15,449.26,-73.1042,-60,0,4,1,0,approach_zone,12.9837,1
13,fence24,tiered_wall,random_waypoint,4,560,520,741.243,250.853,20,11,750,650,15,399.274,-72.0796,-60,0,4,1,0,approach_zone,12.9837,1
13,fence24,tiered_wall,random_waypoint,4,560,520,741.243,250.853,20,12,750,550,15,299.316,-69.5768,-60,0,4,1,0,approach_zone,12.9837,1
13,fence24,tiered_wall,random_waypoint,4,560,520,741.243,250.853,20,13,750,450,15,199.402,-66.0488,-60,0,4,1,0,approach_zone,12.9837,1
13,fence24,tiered_wall,random_waypoint,4,560,520,741.243,250.853,20,14,750,350,15,99.658,-60.0245,-60,0,4,1,0,approach_zone,12.9837,1
13,fence24,tiered_wall,random_waypoint,4,560,520,741.243,250.853,20,15,750,300,15,50.1703,-54.0632,-60,1,4,1,0,approach_zone,12.9837,1
13,fence24,tiered_wall,random_waypoint,4,560,520,741.243,250.853,20,16,700,300,15,64.3536,-56.2257,-60,1,4,1,0,approach_zone,12.9837,1
13,fence24,tiered_wall,random_waypoint,4,560,520,741.243,250.853,20,17,600,300,15,149.633,-63.5548,-60,0,4,1,0,approach_zone,12.9837,1
13,fence24,tiered_wall,random_waypoint,4,560,520,741.243,250.853,20,18,400,300,15,344.8,-70.8056,-60,0,4,1,0,approach_zone,12.9837,1
13,fence24,tiered_wall,random_waypoint,4,560,520,741.243,250.853,20,19,300,300,15,444,-73.0019,-60,0,4,1,0,approach_zone,12.9837,1
13,fence24,tiered_wall,random_waypoint,4,560,520,741.243,250.853,20,20,300,500,15,506.749,-74.1501,-70,0,4,1,0,approach_zone,12.9837,1
13,fence24,tiered_wall,random_waypoint,4,560,520,741.243,250.853,20,21,500,350,15,260.87,-68.3827,-70,1,4,1,0,approach_zone,12.9837,1
13,fence24,tiered_wall,random_waypoint,4,560,520,741.243,250.853,20,22,700,500,15,252.587,-68.1024,-70,1,4,1,0,approach_zone,12.9837,1
13,fence24,tiered_wall,random_waypoint,4,560,520,741.243,250.853,20,23,500,650,15,466.413,-73.4296,-70,0,4,1,0,approach_zone,12.9837,1
14,fence24,tiered_wall,random_waypoint,4,560,520,732.597,255.707,20,0,250,300,15,484.651,-73.7628,-60,0,5,1,0,approach_zone,11.9837,1
14,fence24,tiered_wall,random_waypoint,4,560,520,732.597,255.707,20,1,250,350,15,491.748,-73.8891,-60,0,5,1,0,approach_zone,11.9837,1
14,fence24,tiered_wall,random_waypoint,4,560,520,732.597,255.707,20,2,250,450,15,520.264,-74.3787,-60,0,5,1,0,approach_zone,11.9837,1
14,fence24,tiered_wall,random_waypoint,4,560,520,732.597,255.707,20,3,250,550,15,565.273,-75.0994,-60,0,5,1,0,approach_zone,11.9837,1
14,fence24,tiered_wall,random_waypoint,4,560,520,732.597,255.707,20,4,250,650,15,623.211,-75.9469,-60,0,5,1,0,approach_zone,11.9837,1
14,fence24,tiered_wall,random_waypoint,4,560,520,732.597,255.707,20,5,250,700,15,655.989,-76.3922,-60,0,5,1,0,approach_zone,11.9837,1
14,fence24,tiered_wall,random_waypoint,4,560,520,732.597,255.707,20,6,300,700,15,620.13,-75.9039,-60,0,5,1,0,approach_zone,11.9837,1
14,fence24,tiered_wall,random_waypoint,4,560,520,732.597,255.707,20,7,400,700,15,555.016,-74.9403,-60,0,5,1,0,approach_zone,11.9837,1
14,fence24,tiered_wall,random_waypoint,4,560,520,732.597,255.707,20,8,600,700,15,463.685,-73.3787,-60,0,5,1,0,approach_zone,11.9837,1
14,fence24,tiered_wall,random_waypoint,4,560,520,732.597,255.707,20,9,700,700,15,445.516,-73.0315,-60,0,5,1,0,approach_zone,11.9837,1
14,fence24,tiered_wall,random_waypoint,4,560,520,732.597,255.707,20,10,750,700,15,444.662,-73.0148,-60,0,5,1,0,approach_zone,11.9837,1
14,fence24,tiered_wall,random_waypoint,4,560,520,732.597,255.707,20,11,750,650,15,394.709,-71.9798,-60,0,5,1,0,approach_zone,11.9837,1
14,fence24,tiered_wall,random_waypoint,4,560,520,732.597,255.707,20,12,750,550,15,294.85,-69.4462,-60,0,5,1,0,approach_zone,11.9837,1
14,fence24,tiered_wall,random_waypoint,4,560,520,732.597,255.707,20,13,750,450,15,195.135,-65.8609,-60,0,5,1,0,approach_zone,11.9837,1
14,fence24,tiered_wall,random_waypoint,4,560,520,732.597,255.707,20,14,750,350,15,96.0162,-59.7011,-60,1,5,1,0,approach_zone,11.9837,1
14,fence24,tiered_wall,random_waypoint,4,560,520,732.597,255.707,20,15,750,300,15,47.8516,-53.6521,-60,1,5,1,0,approach_zone,11.9837,1
14,fence24,tiered_wall,random_waypoint,4,560,520,732.597,255.707,20,16,700,300,15,55.2219,-54.8965,-60,1,5,1,0,approach_zone,11.9837,1
14,fence24,tiered_wall,random_waypoint,4,560,520,732.597,255.707,20,17,600,300,15,139.889,-62.9699,-60,0,5,1,0,approach_zone,11.9837,1
14,fence24,tiered_wall,random_waypoint,4,560,520,732.597,255.707,20,18,400,300,15,335.571,-70.5699,-60,0,5,1,0,approach_zone,11.9837,1
14,fence24,tiered_wall,random_waypoint,4,560,520,732.597,255.707,20,19,300,300,15,434.887,-72.8218,-60,0,5,1,0,approach_zone,11.9837,1
14,fence24,tiered_wall,random_waypoint,4,560,520,732.597,255.707,20,20,300,500,15,496.834,-73.9785,-70,0,5,1,0,approach_zone,11.9837,1
14,fence24,tiered_wall,random_waypoint,4,560,520,732.597,255.707,20,21,500,350,15,251.033,-68.0488,-70,1,5,1,0,approach_zone,11.9837,1
14,fence24,tiered_wall,random_waypoint,4,560,520,732.597,255.707,20,22,700,500,15,246.509,-67.8909,-70,1,5,1,0,approach_zone,11.9837,1
14,fence24,tiered_wall,random_waypoint,4,560,520,732.597,255.707,20,23,500,650,15,457.814,-73.268,-70,0,5,1,0,approach_zone,11.9837,1
15,fence24,tiered_wall,random_waypoint,4,560,520,726.175,263.372,20,0,250,300,15,477.608,-73.6357,-60,0,5,1,0,approach_zone,10.9837,1
15,fence24,tiered_wall,random_waypoint,4,560,520,726.175,263.372,20,1,250,350,15,484.017,-73.7514,-60,0,5,1,0,approach_zone,10.9837,1
15,fence24,tiered_wall,random_waypoint,4,560,520,726.175,263.372,20,2,250,450,15,511.466,-74.2306,-60,0,5,1,0,approach_zone,10.9837,1
15,fence24,tiered_wall,random_waypoint,4,560,520,726.175,263.372,20,3,250,550,15,555.809,-74.9527,-60,0,5,1,0,approach_zone,10.9837,1
15,fence24,tiered_wall,random_waypoint,4,560,520,726.175,263.372,20,4,250,650,15,613.391,-75.809,-60,0,5,1,0,approach_zone,10.9837,1
15,fence24,tiered_wall,random_waypoint,4,560,520,726.175,263.372,20,5,250,700,15,646.074,-76.2599,-60,0,5,1,0,approach_zone,10.9837,1
15,fence24,tiered_wall,random_waypoint,4,560,520,726.175,263.372,20,6,300,700,15,610.159,-75.7631,-60,0,5,1,0,approach_zone,10.9837,1
15,fence24,tiered_wall,random_waypoint,4,560,520,726.175,263.372,20,7,400,700,15,545.031,-74.7827,-60,0,5,1,0,approach_zone,10.9837,1
15,fence24,tiered_wall,random_waypoint,4,560,520,726.175,263.372,20,8,600,700,15,454.521,-73.2053,-60,0,5,1,0,approach_zone,10.9837,1
15,fence24,tiered_wall,random_waypoint,4,560,520,726.175,263.372,20,9,700,700,15,437.44,-72.8726,-60,0,5,1,0,approach_zone,10.9837,1
15,fence24,tiered_wall,random_waypoint,4,560,520,726.175,263.372,20,10,750,700,15,437.306,-72.8699,-60,0,5,1,0,approach_zone,10.9837,1
15,fence24,tiered_wall,random_waypoint,4,560,520,726.175,263.372,20,11,750,650,15,387.393,-71.8173,-60,0,5,1,0,approach_zone,10.9837,1
15,fence24,tiered_wall,random_waypoint,4,560,520,726.175,263.372,20,12,750,550,15,287.66,-69.2318,-60,0,5,1,0,approach_zone,10.9837,1
15,fence24,tiered_wall,random_waypoint,4,560,520,726.175,263.372,20,13,750,450,15,188.209,-65.547,-60,0,5,1,0,approach_zone,10.9837,1
15,fence24,tiered_wall,random_waypoint,4,560,520,726.175,263.372,20,14,750,350,15,89.9833,-59.1375,-60,1,5,1,0,approach_zone,10.9837,1
15,fence24,tiered_wall,random_waypoint,4,560,520,726.175,263.372,20,15,750,300,15,43.9798,-52.9193,-60,1,5,1,0,approach_zone,10.9837,1
15,fence24,tiered_wall,random_waypoint,4,560,520,726.175,263.372,20,16,700,300,15,45.2961,-53.1754,-60,1,5,1,0,approach_zone,10.9837,1
15,fence24,tiered_wall,random_waypoint,4,560,520,726.175,263.372,20,17,600,300,15,131.479,-62.4314,-60,0,5,1,0,approach_zone,10.9837,1
15,fence24,tiered_wall,random_waypoint,4,560,520,726.175,263.372,20,18,400,300,15,328.263,-70.3787,-60,0,5,1,0,approach_zone,10.9837,1
15,fence24,tiered_wall,random_waypoint,4,560,520,726.175,263.372,20,19,300,300,15,427.775,-72.6785,-60,0,5,1,0,approach_zone,10.9837,1
15,fence24,tiered_wall,random_waypoint,4,560,520,726.175,263.372,20,20,300,500,15,487.486,-73.8135,-70,0,5,1,0,approach_zone,10.9837,1
15,fence24,tiered_wall,random_waypoint,4,560,520,726.175,263.372,20,21,500,350,15,242.249,-67.7395,-70,1,5,1,0,approach_zone,10.9837,1
15,fence24,tiered_wall,random_waypoint,4,560,520,726.175,263.372,20,22,700,500,15,238.124,-67.5903,-70,1,5,1,0,approach_zone,10.9837,1
15,fence24,tiered_wall,random_waypoint,4,560,520,726.175,263.372,20,23,500,650,15,447.952,-73.0789,-70,0,5,1,0,approach_zone,10.9837,1
16,fence24,tiered_wall,random_waypoint,4,560,520,719.753,271.038,20,0,250,300,15,470.672,-73.5086,-60,0,5,1,0,approach_zone,9.98374,1
16,fence24,tiered_wall,random_waypoint,4,560,520,719.753,271.038,20,1,250,350,15,476.37,-73.6131,-60,0,5,1,0,approach_zone,9.98374,1
16,fence24,tiered_wall,random_waypoint,4,560,520,719.753,271.038,20,2,250,450,15,502.713,-74.0806,-60,0,5,1,0,approach_zone,9.98374,1
16,fence24,tiered_wall,random_waypoint,4,560,520,719.753,271.038,20,3,250,550,15,546.364,-74.8039,-60,0,5,1,0,approach_zone,9.98374,1
16,fence24,tiered_wall,random_waypoint,4,560,520,719.753,271.038,20,4,250,650,15,603.577,-75.6689,-60,0,5,1,0,approach_zone,9.98374,1
16,fence24,tiered_wall,random_waypoint,4,560,520,719.753,271.038,20,5,250,700,15,636.162,-76.1256,-60,0,5,1,0,approach_zone,9.98374,1
16,fence24,tiered_wall,random_waypoint,4,560,520,719.753,271.038,20,6,300,700,15,600.189,-75.62,-60,0,5,1,0,approach_zone,9.98374,1
16,fence24,tiered_wall,random_waypoint,4,560,520,719.753,271.038,20,7,400,700,15,535.048,-74.6221,-60,0,5,1,0,approach_zone,9.98374,1
16,fence24,tiered_wall,random_waypoint,4,560,520,719.753,271.038,20,8,600,700,15,445.393,-73.0291,-60,0,5,1,0,approach_zone,9.98374,1
16,fence24,tiered_wall,random_waypoint,4,560,520,719.753,271.038,20,9,700,700,15,429.446,-72.7124,-60,0,5,1,0,approach_zone,9.98374,1
16,fence24,tiered_wall,random_waypoint,4,560,520,719.753,271.038,20,10,750,700,15,430.056,-72.7247,-60,0,5,1,0,approach_zone,9.98374,1
16,fence24,tiered_wall,random_waypoint,4,560,520,719.753,271.038,20,11,750,650,15,380.2,-71.6545,-60,0,5,1,0,approach_zone,9.98374,1
16,fence24,tiered_wall,random_waypoint,4,560,520,719.753,271.038,20,12,750,550,15,280.642,-69.0173,-60,0,5,1,0,approach_zone,9.98374,1
16,fence24,tiered_wall,random_waypoint,4,560,520,719.753,271.038,20,13,750,450,15,181.569,-65.2351,-60,0,5,1,0,approach_zone,9.98374,1
16,fence24,tiered_wall,random_waypoint,4,560,520,719.753,271.038,20,14,750,350,15,84.7047,-58.6124,-60,1,5,1,0,approach_zone,9.98374,1
16,fence24,tiered_wall,random_waypoint,4,560,520,719.753,271.038,20,15,750,300,15,42.1743,-52.5552,-60,1,5,1,0,approach_zone,9.98374,1
16,fence24,tiered_wall,random_waypoint,4,560,520,719.753,271.038,20,16,700,300,15,35.412,-51.0372,-60,1,5,1,0,approach_zone,9.98374,1
16,fence24,tiered_wall,random_waypoint,4,560,520,719.753,271.038,20,17,600,300,15,123.307,-61.874,-60,0,5,1,0,approach_zone,9.98374,1
16,fence24,tiered_wall,random_waypoint,4,560,520,719.753,271.038,20,18,400,300,15,321.101,-70.1871,-60,0,5,1,0,approach_zone,9.98374,1
16,fence24,tiered_wall,random_waypoint,4,560,520,719.753,271.038,20,19,300,300,15,420.781,-72.5353,-60,0,5,1,0,approach_zone,9.98374,1
16,fence24,tiered_wall,random_waypoint,4,560,520,719.753,271.038,20,20,300,500,15,478.165,-73.6458,-70,0,5,1,0,approach_zone,9.98374,1
16,fence24,tiered_wall,random_waypoint,4,560,520,719.753,271.038,20,21,500,350,15,233.563,-67.4223,-70,1,5,1,0,approach_zone,9.98374,1
16,fence24,tiered_wall,random_waypoint,4,560,520,719.753,271.038,20,22,700,500,15,229.867,-67.2838,-70,1,5,1,0,approach_zone,9.98374,1
16,fence24,tiered_wall,random_waypoint,4,560,520,719.753,271.038,20,23,500,650,15,438.097,-72.8856,-70,0,5,1,0,approach_zone,9.98374,1
17,fence24,tiered_wall,random_waypoint,4,560,520,713.332,278.703,20,0,250,300,15,463.848,-73.3817,-60,0,5,1,0,approach_zone,8.98374,1
17,fence24,tiered_wall,random_waypoint,4,560,520,713.332,278.703,20,1,250,350,15,468.812,-73.4742,-60,0,5,1,0,approach_zone,8.98374,1
17,fence24,tiered_wall,random_waypoint,4,560,520,713.332,278.703,20,2,250,450,15,494.008,-73.9289,-60,0,5,1,0,approach_zone,8.98374,1
17,fence24,tiered_wall,random_waypoint,4,560,520,713.332,278.703,20,3,250,550,15,536.939,-74.6527,-60,0,5,1,0,approach_zone,8.98374,1
17,fence24,tiered_wall,random_waypoint,4,560,520,713.332,278.703,20,4,250,650,15,593.77,-75.5266,-60,0,5,1,0,approach_zone,8.98374,1
17,fence24,tiered_wall,random_waypoint,4,560,520,713.332,278.703,20,5,250,700,15,626.252,-75.9892,-60,0,5,1,0,approach_zone,8.98374,1
17,fence24,tiered_wall,random_waypoint,4,560,520,713.332,278.703,20,6,300,700,15,590.219,-75.4745,-60,0,5,1,0,approach_zone,8.98374,1
17,fence24,tiered_wall,random_waypoint,4,560,520,713.332,278.703,20,7,400,700,15,525.064,-74.4585,-60,0,5,1,0,approach_zone,8.98374,1
17,fence24,tiered_wall,random_waypoint,4,560,520,713.332,278.703,20,8,600,700,15,436.303,-72.85,-60,0,5,1,0,approach_zone,8.98374,1
17,fence24,tiered_wall,random_waypoint,4,560,520,713.332,278.703,20,9,700,700,15,421.537,-72.5509,-60,0,5,1,0,approach_zone,8.98374,1
17,fence24,tiered_wall,random_waypoint,4,560,520,713.332,278.703,20,10,750,700,15,422.919,-72.5794,-60,0,5,1,0,approach_zone,8.98374,1
17,fence24,tiered_wall,random_waypoint,4,560,520,713.332,278.703,20,11,750,650,15,373.136,-71.4916,-60,0,5,1,0,approach_zone,8.98374,1
17,fence24,tiered_wall,random_waypoint,4,560,520,713.332,278.703,20,12,750,550,15,273.809,-68.8032,-60,0,5,1,0,approach_zone,8.98374,1
17,fence24,tiered_wall,random_waypoint,4,560,520,713.332,278.703,20,13,750,450,15,175.249,-64.9273,-60,0,5,1,0,approach_zone,8.98374,1
17,fence24,tiered_wall,random_waypoint,4,560,520,713.332,278.703,20,14,750,350,15,80.3292,-58.1517,-60,1,5,1,0,approach_zone,8.98374,1
17,fence24,tiered_wall,random_waypoint,4,560,520,713.332,278.703,20,15,750,300,15,42.698,-52.6624,-60,1,5,1,0,approach_zone,8.98374,1
17,fence24,tiered_wall,random_waypoint,4,560,520,713.332,278.703,20,16,700,300,15,25.618,-48.2251,-60,1,5,1,0,approach_zone,8.98374,1
17,fence24,tiered_wall,random_waypoint,4,560,520,713.332,278.703,20,17,600,300,15,115.424,-61.3001,-60,0,5,1,0,approach_zone,8.98374,1
17,fence24,tiered_wall,random_waypoint,4,560,520,713.332,278.703,20,18,400,300,15,314.094,-69.9954,-60,0,5,1,0,approach_zone,8.98374,1
17,fence24,tiered_wall,random_waypoint,4,560,520,713.332,278.703,20,19,300,300,15,413.91,-72.3923,-60,0,5,1,0,approach_zone,8.98374,1
17,fence24,tiered_wall,random_waypoint,4,560,520,713.332,278.703,20,20,300,500,15,468.871,-73.4753,-70,0,5,1,0,approach_zone,8.98374,1
17,fence24,tiered_wall,random_waypoint,4,560,520,713.332,278.703,20,21,500,350,15,224.986,-67.0973,-70,1,5,1,0,approach_zone,8.98374,1
17,fence24,tiered_wall,random_waypoint,4,560,520,713.332,278.703,20,22,700,500,15,221.754,-66.9717,-70,1,5,1,0,approach_zone,8.98374,1
17,fence24,tiered_wall,random_waypoint,4,560,520,713.332,278.703,20,23,500,650,15,428.248,-72.6881,-70,0,5,1,0,approach_zone,8.98374,1
18,fence24,tiered_wall,random_waypoint,4,560,520,706.91,286.369,20,0,250,300,15,457.141,-73.2552,-60,0,5,1,0,approach_zone,7.98374,1
18,fence24,tiered_wall,random_waypoint,4,560,520,706.91,286.369,20,1,250,350,15,461.346,-73.3348,-60,0,5,1,0,approach_zone,7.98374,1
18,fence24,tiered_wall,random_waypoint,4,560,520,706.91,286.369,20,2,250,450,15,485.352,-73.7754,-60,0,5,1,0,approach_zone,7.98374,1
18,fence24,tiered_wall,random_waypoint,4,560,520,706.91,286.369,20,3,250,550,15,527.535,-74.4992,-60,0,5,1,0,approach_zone,7.98374,1
18,fence24,tiered_wall,random_waypoint,4,560,520,706.91,286.369,20,4,250,650,15,583.969,-75.382,-60,0,5,1,0,approach_zone,7.98374,1
18,fence24,tiered_wall,random_waypoint,4,560,520,706.91,286.369,20,5,250,700,15,616.346,-75.8507,-60,0,5,1,0,approach_zone,7.98374,1
18,fence24,tiered_wall,random_waypoint,4,560,520,706.91,286.369,20,6,300,700,15,580.251,-75.3265,-60,0,5,1,0,approach_zone,7.98374,1
18,fence24,tiered_wall,random_waypoint,4,560,520,706.91,286.369,20,7,400,700,15,515.082,-74.2918,-60,0,5,1,0,approach_zone,7.98374,1
18,fence24,tiered_wall,random_waypoint,4,560,520,706.91,286.369,20,8,600,700,15,427.253,-72.6679,-60,0,5,1,0,approach_zone,7.98374,1
18,fence24,tiered_wall,random_waypoint,4,560,520,706.91,286.369,20,9,700,700,15,413.719,-72.3883,-60,0,5,1,0,approach_zone,7.98374,1
18,fence24,tiered_wall,random_waypoint,4,560,520,706.91,286.369,20,10,750,700,15,415.9,-72.434,-60,0,5,1,0,approach_zone,7.98374,1
18,fence24,tiered_wall,random_waypoint,4,560,520,706.91,286.369,20,11,750,650,15,366.209,-71.3288,-60,0,5,1,0,approach_zone,7.98374,1
18,fence24,tiered_wall,random_waypoint,4,560,520,706.91,286.369,20,12,750,550,15,267.176,-68.5902,-60,0,5,1,0,approach_zone,7.98374,1
18,fence24,tiered_wall,random_waypoint,4,560,520,706.91,286.369,20,13,750,450,15,169.283,-64.6265,-60,0,5,1,0,approach_zone,7.98374,1
18,fence24,tiered_wall,random_waypoint,4,560,520,706.91,286.369,20,14,750,350,15,77.0109,-57.7853,-60,1,5,1,0,approach_zone,7.98374,1
18,fence24,tiered_wall,random_waypoint,4,560,520,706.91,286.369,20,15,750,300,15,45.4705,-53.2088,-60,1,5,1,0,approach_zone,7.98374,1
18,fence24,tiered_wall,random_waypoint,4,560,520,706.91,286.369,20,16,700,300,15,16.0796,-44.1797,-60,1,5,1,0,approach_zone,7.98374,1
18,fence24,tiered_wall,random_waypoint,4,560,520,706.91,286.369,20,17,600,300,15,107.891,-60.714,-60,0,5,1,0,approach_zone,7.98374,1
18,fence24,tiered_wall,random_waypoint,4,560,520,706.91,286.369,20,18,400,300,15,307.253,-69.8042,-60,0,5,1,0,approach_zone,7.98374,1
18,fence24,tiered_wall,random_waypoint,4,560,520,706.91,286.369,20,19,300,300,15,407.169,-72.2497,-60,0,5,1,0,approach_zone,7.98374,1
18,fence24,tiered_wall,random_waypoint,4,560,520,706.91,286.369,20,20,300,500,15,459.607,-73.302,-70,0,5,1,0,approach_zone,7.98374,1
18,fence24,tiered_wall,random_waypoint,4,560,520,706.91,286.369,20,21,500,350,15,216.531,-66.7646,-70,1,5,1,0,approach_zone,7.98374,1
18,fence24,tiered_wall,random_waypoint,4,560,520,706.91,286.369,20,22,700,500,15,213.801,-66.6544,-70,1,5,1,0,approach_zone,7.98374,1
18,fence24,tiered_wall,random_waypoint,4,560,520,706.91,286.369,20,23,500,650,15,418.407,-72.4862,-70,0,5,1,0,approach_zone,7.98374,1
19,fence24,tiered_wall,random_waypoint,4,560,520,700.488,294.034,20,0,250,300,15,450.555,-73.1292,-60,0,5,1,0,approach_zone,6.98374,1
19,fence24,tiered_wall,random_waypoint,4,560,520,700.488,294.034,20,1,250,350,15,453.979,-73.1949,-60,0,5,1,0,approach_zone,6.98374,1
19,fence24,tiered_wall,random_waypoint,4,560,520,700.488,294.034,20,2,250,450,15,476.749,-73.62,-60,0,5,1,0,approach_zone,6.98374,1
19,fence24,tiered_wall,random_waypoint,4,560,520,700.488,294.034,20,3,250,550,15,518.153,-74.3434,-60,0,5,1,0,approach_zone,6.98374,1
19,fence24,tiered_wall,random_waypoint,4,560,520,700.488,294.034,20,4,250,650,15,574.174,-75.2351,-60,0,5,1,0,approach_zone,6.98374,1
19,fence24,tiered_wall,random_waypoint,4,560,520,700.488,294.034,20,5,250,700,15,606.443,-75.71,-60,0,5,1,0,approach_zone,6.98374,1
19,fence24,tiered_wall,random_waypoint,4,560,520,700.488,294.034,20,6,300,700,15,570.284,-75.176,-60,0,5,1,0,approach_zone,6.98374,1
19,fence24,tiered_wall,random_waypoint,4,560,520,700.488,294.034,20,7,400,700,15,505.1,-74.1218,-60,0,5,1,0,approach_zone,6.98374,1
19,fence24,tiered_wall,random_waypoint,4,560,520,700.488,294.034,20,8,600,700,15,418.247,-72.4829,-60,0,5,1,0,approach_zone,6.98374,1
19,fence24,tiered_wall,random_waypoint,4,560,520,700.488,294.034,20,9,700,700,15,405.997,-72.2247,-60,0,5,1,0,approach_zone,6.98374,1
19,fence24,tiered_wall,random_waypoint,4,560,520,700.488,294.034,20,10,750,700,15,409.004,-72.2888,-60,0,5,1,0,approach_zone,6.98374,1
19,fence24,tiered_wall,random_waypoint,4,560,520,700.488,294.034,20,11,750,650,15,359.427,-71.1664,-60,0,5,1,0,approach_zone,6.98374,1
19,fence24,tiered_wall,random_waypoint,4,560,520,700.488,294.034,20,12,750,550,15,260.758,-68.379,-60,0,5,1,0,approach_zone,6.98374,1
19,fence24,tiered_wall,random_waypoint,4,560,520,700.488,294.034,20,13,750,450,15,163.712,-64.3358,-60,0,5,1,0,approach_zone,6.98374,1
19,fence24,tiered_wall,random_waypoint,4,560,520,700.488,294.034,20,14,750,350,15,74.8904,-57.5427,-60,1,5,1,0,approach_zone,6.98374,1
19,fence24,tiered_wall,random_waypoint,4,560,520,700.488,294.034,20,15,750,300,15,50.12,-54.0544,-60,1,5,1,0,approach_zone,6.98374,1
19,fence24,tiered_wall,random_waypoint,4,560,520,700.488,294.034,20,16,700,300,15,7.79908,-37.8951,-60,1,5,1,0,approach_zone,6.98374,1
19,fence24,tiered_wall,random_waypoint,4,560,520,700.488,294.034,20,17,600,300,15,100.789,-60.1225,-60,0,5,1,0,approach_zone,6.98374,1
19,fence24,tiered_wall,random_waypoint,4,560,520,700.488,294.034,20,18,400,300,15,300.589,-69.6137,-60,0,5,1,0,approach_zone,6.98374,1
19,fence24,tiered_wall,random_waypoint,4,560,520,700.488,294.034,20,19,300,300,15,400.564,-72.1077,-60,0,5,1,0,approach_zone,6.98374,1
19,fence24,tiered_wall,random_waypoint,4,560,520,700.488,294.034,20,20,300,500,15,450.375,-73.1257,-70,0,5,1,0,approach_zone,6.98374,1
19,fence24,tiered_wall,random_waypoint,4,560,520,700.488,294.034,20,21,500,350,15,208.213,-66.4244,-70,1,5,1,0,approach_zone,6.98374,1
19,fence24,tiered_wall,random_waypoint,4,560,520,700.488,294.034,20,22,700,500,15,206.027,-66.3327,-70,1,5,1,0,approach_zone,6.98374,1
19,fence24,tiered_wall,random_waypoint,4,560,520,700.488,294.034,20,23,500,650,15,408.573,-72.2796,-70,0,5,1,0,approach_zone,6.98374,1
20,fence24,tiered_wall,random_waypoint,4,560,520,694.066,301.7,20,0,250,300,15,444.098,-73.0038,-60,0,6,1,0,approach_zone,5.98374,1
20,fence24,tiered_wall,random_waypoint,4,560,520,694.066,301.7,20,1,250,350,15,446.713,-73.0548,-60,0,6,1,0,approach_zone,5.98374,1
20,fence24,tiered_wall,random_waypoint,4,560,520,694.066,301.7,20,2,250,450,15,468.202,-73.4629,-60,0,6,1,0,approach_zone,5.98374,1
20,fence24,tiered_wall,random_waypoint,4,560,520,694.066,301.7,20,3,250,550,15,508.795,-74.1851,-60,0,6,1,0,approach_zone,5.98374,1
20,fence24,tiered_wall,random_waypoint,4,560,520,694.066,301.7,20,4,250,650,15,564.387,-75.0858,-60,0,6,1,0,approach_zone,5.98374,1
20,fence24,tiered_wall,random_waypoint,4,560,520,694.066,301.7,20,5,250,700,15,596.542,-75.5671,-60,0,6,1,0,approach_zone,5.98374,1
20,fence24,tiered_wall,random_waypoint,4,560,520,694.066,301.7,20,6,300,700,15,560.318,-75.0229,-60,0,6,1,0,approach_zone,5.98374,1
20,fence24,tiered_wall,random_waypoint,4,560,520,694.066,301.7,20,7,400,700,15,495.119,-73.9484,-60,0,6,1,0,approach_zone,5.98374,1
20,fence24,tiered_wall,random_waypoint,4,560,520,694.066,301.7,20,8,600,700,15,409.288,-72.2948,-60,0,6,1,0,approach_zone,5.98374,1
20,fence24,tiered_wall,random_waypoint,4,560,520,694.066,301.7,20,9,700,700,15,398.376,-72.0601,-60,0,6,1,0,approach_zone,5.98374,1
20,fence24,tiered_wall,random_waypoint,4,560,520,694.066,301.7,20,10,750,700,15,402.239,-72.1439,-60,0,6,1,0,approach_zone,5.98374,1
20,fence24,tiered_wall,random_waypoint,4,560,520,694.066,301.7,20,11,750,650,15,352.798,-71.0047,-60,0,6,1,0,approach_zone,5.98374,1
20,fence24,tiered_wall,random_waypoint,4,560,520,694.066,301.7,20,12,750,550,15,254.571,-68.1704,-60,0,6,1,0,approach_zone,5.98374,1
20,fence24,tiered_wall,random_waypoint,4,560,520,694.066,301.7,20,13,750,450,15,158.576,-64.059,-60,0,6,1,0,approach_zone,5.98374,1
20,fence24,tiered_wall,random_waypoint,4,560,520,694.066,301.7,20,14,750,350,15,74.0706,-57.4471,-60,1,6,1,0,approach_zone,5.98374,1
20,fence24,tiered_wall,random_waypoint,4,560,520,694.066,301.7,20,15,750,300,15,56.1824,-55.0462,-60,1,6,1,0,approach_zone,5.98374,1
20,fence24,tiered_wall,random_waypoint,4,560,520,694.066,301.7,20,16,700,300,15,7.94343,-38.0544,-60,1,6,1,0,approach_zone,5.98374,1
20,fence24,tiered_wall,random_waypoint,4,560,520,694.066,301.7,20,17,600,300,15,94.2145,-59.5366,-60,1,6,1,0,approach_zone,5.98374,1
20,fence24,tiered_wall,random_waypoint,4,560,520,694.066,301.7,20,18,400,300,15,294.114,-69.4245,-60,0,6,1,0,approach_zone,5.98374,1
20,fence24,tiered_wall,random_waypoint,4,560,520,694.066,301.7,20,19,300,300,15,394.102,-71.9664,-60,0,6,1,0,approach_zone,5.98374,1
20,fence24,tiered_wall,random_waypoint,4,560,520,694.066,301.7,20,20,300,500,15,441.176,-72.9465,-70,0,6,1,0,approach_zone,5.98374,1
20,fence24,tiered_wall,random_waypoint,4,560,520,694.066,301.7,20,21,500,350,15,200.049,-66.077,-70,1,6,1,0,approach_zone,5.98374,1
20,fence24,tiered_wall,random_waypoint,4,560,520,694.066,301.7,20,22,700,500,15,198.452,-66.0073,-70,1,6,1,0,approach_zone,5.98374,1
20,fence24,tiered_wall,random_waypoint,4,560,520,694.066,301.7,20,23,500,650,15,398.748,-72.0682,-70,0,6,1,0,approach_zone,5.98374,1
21,fence24,tiered_wall,random_waypoint,4,560,520,687.645,309.366,20,0,250,300,15,437.773,-72.8792,-60,0,6,1,0,approach_zone,4.98374,1
21,fence24,tiered_wall,random_waypoint,4,560,520,687.645,309.366,20,1,250,350,15,439.555,-72.9145,-60,0,6,1,0,approach_zone,4.98374,1
21,fence24,tiered_wall,random_waypoint,4,560,520,687.645,309.366,20,2,250,450,15,459.713,-73.304,-60,0,6,1,0,approach_zone,4.98374,1
21,fence24,tiered_wall,random_waypoint,4,560,520,687.645,309.366,20,3,250,550,15,499.462,-74.0243,-60,0,6,1,0,approach_zone,4.98374,1
21,fence24,tiered_wall,random_waypoint,4,560,520,687.645,309.366,20,4,250,650,15,554.608,-74.9339,-60,0,6,1,0,approach_zone,4.98374,1
21,fence24,tiered_wall,random_waypoint,4,560,520,687.645,309.366,20,5,250,700,15,586.646,-75.4217,-60,0,6,1,0,approach_zone,4.98374,1
21,fence24,tiered_wall,random_waypoint,4,560,520,687.645,309.366,20,6,300,700,15,550.353,-74.8671,-60,0,6,1,0,approach_zone,4.98374,1
21,fence24,tiered_wall,random_waypoint,4,560,520,687.645,309.366,20,7,400,700,15,485.139,-73.7715,-60,0,6,1,0,approach_zone,4.98374,1
21,fence24,tiered_wall,random_waypoint,4,560,520,687.645,309.366,20,8,600,700,15,400.377,-72.1036,-60,0,6,1,0,approach_zone,4.98374,1
21,fence24,tiered_wall,random_waypoint,4,560,520,687.645,309.366,20,9,700,700,15,390.862,-71.8947,-60,0,6,1,0,approach_zone,4.98374,1
21,fence24,tiered_wall,random_waypoint,4,560,520,687.645,309.366,20,10,750,700,15,395.611,-71.9996,-60,0,6,1,0,approach_zone,4.98374,1
21,fence24,tiered_wall,random_waypoint,4,560,520,687.645,309.366,20,11,750,650,15,346.331,-70.844,-60,0,6,1,0,approach_zone,4.98374,1
21,fence24,tiered_wall,random_waypoint,4,560,520,687.645,309.366,20,12,750,550,15,248.632,-67.9654,-60,0,6,1,0,approach_zone,4.98374,1
21,fence24,tiered_wall,random_waypoint,4,560,520,687.645,309.366,20,13,750,450,15,153.92,-63.8001,-60,0,6,1,0,approach_zone,4.98374,1
21,fence24,tiered_wall,random_waypoint,4,560,520,687.645,309.366,20,14,750,350,15,74.5945,-57.5084,-60,1,6,1,0,approach_zone,4.98374,1
21,fence24,tiered_wall,random_waypoint,4,560,520,687.645,309.366,20,15,750,300,15,63.2527,-56.0758,-60,1,6,1,0,approach_zone,4.98374,1
21,fence24,tiered_wall,random_waypoint,4,560,520,687.645,309.366,20,16,700,300,15,16.2902,-44.2928,-60,1,6,1,0,approach_zone,4.98374,1
21,fence24,tiered_wall,random_waypoint,4,560,520,687.645,309.366,20,17,600,300,15,88.2853,-58.972,-60,1,6,1,0,approach_zone,4.98374,1
21,fence24,tiered_wall,random_waypoint,4,560,520,687.645,309.366,20,18,400,300,15,287.84,-69.2373,-60,0,6,1,0,approach_zone,4.98374,1
21,fence24,tiered_wall,random_waypoint,4,560,520,687.645,309.366,20,19,300,300,15,387.79,-71.8262,-60,0,6,1,0,approach_zone,4.98374,1
21,fence24,tiered_wall,random_waypoint,4,560,520,687.645,309.366,20,20,300,500,15,432.013,-72.7642,-70,0,6,1,0,approach_zone,4.98374,1
21,fence24,tiered_wall,random_waypoint,4,560,520,687.645,309.366,20,21,500,350,15,192.059,-65.7229,-70,1,6,1,0,approach_zone,4.98374,1
21,fence24,tiered_wall,random_waypoint,4,560,520,687.645,309.366,20,22,700,500,15,191.1,-65.6794,-70,1,6,1,0,approach_zone,4.98374,1
21,fence24,tiered_wall,random_waypoint,4,560,520,687.645,309.366,20,23,500,650,15,388.931,-71.8517,-70,0,6,1,0,approach_zone,4.98374,1
22,fence24,tiered_wall,random_waypoint,4,560,520,681.223,317.031,20,0,250,300,15,431.588,-72.7556,-60,0,6,1,0,approach_zone,3.98374,1
22,fence24,tiered_wall,random_waypoint,4,560,520,681.223,317.031,20,1,250,350,15,432.51,-72.7742,-60,0,6,1,0,approach_zone,3.98374,1
22,fence24,tiered_wall,random_waypoint,4,560,520,681.223,317.031,20,2,250,450,15,451.286,-73.1433,-60,0,6,1,0,approach_zone,3.98374,1
22,fence24,tiered_wall,random_waypoint,4,560,520,681.223,317.031,20,3,250,550,15,490.156,-73.8609,-60,0,6,1,0,approach_zone,3.98374,1
22,fence24,tiered_wall,random_waypoint,4,560,520,681.223,317.031,20,4,250,650,15,544.836,-74.7795,-60,0,6,1,0,approach_zone,3.98374,1
22,fence24,tiered_wall,random_waypoint,4,560,520,681.223,317.031,20,5,250,700,15,576.752,-75.274,-60,0,6,1,0,approach_zone,3.98374,1
22,fence24,tiered_wall,random_waypoint,4,560,520,681.223,317.031,20,6,300,700,15,540.39,-74.7084,-60,0,6,1,0,approach_zone,3.98374,1
22,fence24,tiered_wall,random_waypoint,4,560,520,681.223,317.031,20,7,400,700,15,475.159,-73.591,-60,0,6,1,0,approach_zone,3.98374,1
22,fence24,tiered_wall,random_waypoint,4,560,520,681.223,317.031,20,8,600,700,15,391.519,-71.9093,-60,0,6,1,0,approach_zone,3.98374,1
22,fence24,tiered_wall,random_waypoint,4,560,520,681.223,317.031,20,9,700,700,15,383.461,-71.7287,-60,0,6,1,0,approach_zone,3.98374,1
22,fence24,tiered_wall,random_waypoint,4,560,520,681.223,317.031,20,10,750,700,15,389.128,-71.8561,-60,0,6,1,0,approach_zone,3.98374,1
22,fence24,tiered_wall,random_waypoint,4,560,520,681.223,317.031,20,11,750,650,15,340.035,-70.6847,-60,0,6,1,0,approach_zone,3.98374,1
22,fence24,tiered_wall,random_waypoint,4,560,520,681.223,317.031,20,12,750,550,15,242.96,-67.7649,-60,0,6,1,0,approach_zone,3.98374,1
22,fence24,tiered_wall,random_waypoint,4,560,520,681.223,317.031,20,13,750,450,15,149.786,-63.5637,-60,0,6,1,0,approach_zone,3.98374,1
22,fence24,tiered_wall,random_waypoint,4,560,520,681.223,317.031,20,14,750,350,15,76.4345,-57.72,-60,1,6,1,0,approach_zone,3.98374,1
22,fence24,tiered_wall,random_waypoint,4,560,520,681.223,317.031,20,15,750,300,15,71.0307,-57.0831,-60,1,6,1,0,approach_zone,3.98374,1
22,fence24,tiered_wall,random_waypoint,4,560,520,681.223,317.031,20,16,700,300,15,25.8388,-48.2997,-60,1,6,1,0,approach_zone,3.98374,1
22,fence24,tiered_wall,random_waypoint,4,560,520,681.223,317.031,20,17,600,300,15,83.1397,-58.4504,-60,1,6,1,0,approach_zone,3.98374,1
22,fence24,tiered_wall,random_waypoint,4,560,520,681.223,317.031,20,18,400,300,15,281.782,-69.0525,-60,0,6,1,0,approach_zone,3.98374,1
22,fence24,tiered_wall,random_waypoint,4,560,520,681.223,317.031,20,19,300,300,15,381.636,-71.6872,-60,0,6,1,0,approach_zone,3.98374,1
22,fence24,tiered_wall,random_waypoint,4,560,520,681.223,317.031,20,20,300,500,15,422.887,-72.5787,-70,0,6,1,0,approach_zone,3.98374,1
22,fence24,tiered_wall,random_waypoint,4,560,520,681.223,317.031,20,21,500,350,15,184.265,-65.3631,-70,1,6,1,0,approach_zone,3.98374,1
22,fence24,tiered_wall,random_waypoint,4,560,520,681.223,317.031,20,22,700,500,15,183.998,-65.3505,-70,1,6,1,0,approach_zone,3.98374,1
22,fence24,tiered_wall,random_waypoint,4,560,520,681.223,317.031,20,23,500,650,15,379.124,-71.6298,-70,0,6,1,0,approach_zone,3.98374,1
23,fence24,tiered_wall,random_waypoint,4,560,520,674.801,324.697,20,0,250,300,15,425.548,-72.6332,-60,0,6,1,0,approach_zone,2.98374,1
23,fence24,tiered_wall,random_waypoint,4,560,520,674.801,324.697,20,1,250,350,15,425.583,-72.6339,-60,0,6,1,0,approach_zone,2.98374,1
23,fence24,tiered_wall,random_waypoint,4,560,520,674.801,324.697,20,2,250,450,15,442.924,-72.9808,-60,0,6,1,0,approach_zone,2.98374,1
23,fence24,tiered_wall,random_waypoint,4,560,520,674.801,324.697,20,3,250,550,15,480.877,-73.6949,-60,0,6,1,0,approach_zone,2.98374,1
23,fence24,tiered_wall,random_waypoint,4,560,520,674.801,324.697,20,4,250,650,15,535.073,-74.6225,-60,0,6,1,0,approach_zone,2.98374,1
23,fence24,tiered_wall,random_waypoint,4,560,520,674.801,324.697,20,5,250,700,15,566.863,-75.1238,-60,0,6,1,0,approach_zone,2.98374,1
23,fence24,tiered_wall,random_waypoint,4,560,520,674.801,324.697,20,6,300,700,15,530.428,-74.5467,-60,0,6,1,0,approach_zone,2.98374,1
23,fence24,tiered_wall,random_waypoint,4,560,520,674.801,324.697,20,7,400,700,15,465.181,-73.4067,-60,0,6,1,0,approach_zone,2.98374,1
23,fence24,tiered_wall,random_waypoint,4,560,520,674.801,324.697,20,8,600,700,15,382.718,-71.7118,-60,0,6,1,0,approach_zone,2.98374,1
23,fence24,tiered_wall,random_waypoint,4,560,520,674.801,324.697,20,9,700,700,15,376.181,-71.5622,-60,0,6,1,0,approach_zone,2.98374,1
23,fence24,tiered_wall,random_waypoint,4,560,520,674.801,324.697,20,10,750,700,15,382.795,-71.7136,-60,0,6,1,0,approach_zone,2.98374,1
23,fence24,tiered_wall,random_waypoint,4,560,520,674.801,324.697,20,11,750,650,15,333.919,-70.5271,-60,0,6,1,0,approach_zone,2.98374,1
23,fence24,tiered_wall,random_waypoint,4,560,520,674.801,324.697,20,12,750,550,15,237.574,-67.5702,-60,0,6,1,0,approach_zone,2.98374,1
23,fence24,tiered_wall,random_waypoint,4,560,520,674.801,324.697,20,13,750,450,15,146.222,-63.3545,-60,0,6,1,0,approach_zone,2.98374,1
23,fence24,tiered_wall,random_waypoint,4,560,520,674.801,324.697,20,14,750,350,15,79.4992,-58.0615,-60,1,6,1,0,approach_zone,2.98374,1
23,fence24,tiered_wall,random_waypoint,4,560,520,674.801,324.697,20,15,750,300,15,79.3083,-58.0406,-60,1,6,1,0,approach_zone,2.98374,1
23,fence24,tiered_wall,random_waypoint,4,560,520,674.801,324.697,20,16,700,300,15,35.6359,-51.092,-60,1,6,1,0,approach_zone,2.98374,1
23,fence24,tiered_wall,random_waypoint,4,560,520,674.801,324.697,20,17,600,300,15,78.9312,-57.9992,-60,1,6,1,0,approach_zone,2.98374,1
23,fence24,tiered_wall,random_waypoint,4,560,520,674.801,324.697,20,18,400,300,15,275.954,-68.871,-60,0,6,1,0,approach_zone,2.98374,1
23,fence24,tiered_wall,random_waypoint,4,560,520,674.801,324.697,20,19,300,300,15,375.647,-71.5498,-60,0,6,1,0,approach_zone,2.98374,1
23,fence24,tiered_wall,random_waypoint,4,560,520,674.801,324.697,20,20,300,500,15,413.802,-72.3901,-70,0,6,1,0,approach_zone,2.98374,1
23,fence24,tiered_wall,random_waypoint,4,560,520,674.801,324.697,20,21,500,350,15,176.694,-64.9986,-70,1,6,1,0,approach_zone,2.98374,1
23,fence24,tiered_wall,random_waypoint,4,560,520,674.801,324.697,20,22,700,500,15,177.176,-65.0223,-70,1,6,1,0,approach_zone,2.98374,1
23,fence24,tiered_wall,random_waypoint,4,560,520,674.801,324.697,20,23,500,650,15,369.327,-71.4025,-70,0,6,1,0,approach_zone,2.98374,1
24,fence24,tiered_wall,random_waypoint,4,560,520,668.379,332.362,20,0,250,300,15,419.659,-72.5122,-60,0,6,1,0,approach_zone,1.98374,1
24,fence24,tiered_wall,random_waypoint,4,560,520,668.379,332.362,20,1,250,350,15,418.781,-72.494,-60,0,6,1,0,approach_zone,1.98374,1
24,fence24,tiered_wall,random_waypoint,4,560,520,668.379,332.362,20,2,250,450,15,434.632,-72.8167,-60,0,6,1,0,approach_zone,1.98374,1
24,fence24,tiered_wall,random_waypoint,4,560,520,668.379,332.362,20,3,250,550,15,471.627,-73.5262,-60,0,6,1,0,approach_zone,1.98374,1
24,fence24,tiered_wall,random_waypoint,4,560,520,668.379,332.362,20,4,250,650,15,525.319,-74.4627,-60,0,6,1,0,approach_zone,1.98374,1
24,fence24,tiered_wall,random_waypoint,4,560,520,668.379,332.362,20,5,250,700,15,556.977,-74.971,-60,0,6,1,0,approach_zone,1.98374,1
24,fence24,tiered_wall,random_waypoint,4,560,520,668.379,332.362,20,6,300,700,15,520.467,-74.3821,-60,0,6,1,0,approach_zone,1.98374,1
24,fence24,tiered_wall,random_waypoint,4,560,520,668.379,332.362,20,7,400,700,15,455.203,-73.2183,-60,0,6,1,0,approach_zone,1.98374,1
24,fence24,tiered_wall,random_waypoint,4,560,520,668.379,332.362,20,8,600,700,15,373.976,-71.5111,-60,0,6,1,0,approach_zone,1.98374,1
24,fence24,tiered_wall,random_waypoint,4,560,520,668.379,332.362,20,9,700,700,15,369.029,-71.3954,-60,0,6,1,0,approach_zone,1.98374,1
24,fence24,tiered_wall,random_waypoint,4,560,520,668.379,332.362,20,10,750,700,15,376.622,-71.5723,-60,0,6,1,0,approach_zone,1.98374,1
24,fence24,tiered_wall,random_waypoint,4,560,520,668.379,332.362,20,11,750,650,15,327.995,-70.3716,-60,0,6,1,0,approach_zone,1.98374,1
24,fence24,tiered_wall,random_waypoint,4,560,520,668.379,332.362,20,12,750,550,15,232.493,-67.3824,-60,0,6,1,0,approach_zone,1.98374,1
24,fence24,tiered_wall,random_waypoint,4,560,520,668.379,332.362,20,13,750,450,15,143.267,-63.1772,-60,0,6,1,0,approach_zone,1.98374,1
24,fence24,tiered_wall,random_waypoint,4,560,520,668.379,332.362,20,14,750,350,15,83.6541,-58.504,-60,1,6,1,0,approach_zone,1.98374,1
24,fence24,tiered_wall,random_waypoint,4,560,520,668.379,332.362,20,15,750,300,15,87.9446,-58.9384,-60,1,6,1,0,approach_zone,1.98374,1
24,fence24,tiered_wall,random_waypoint,4,560,520,668.379,332.362,20,16,700,300,15,45.5213,-53.2185,-60,1,6,1,0,approach_zone,1.98374,1
24,fence24,tiered_wall,random_waypoint,4,560,520,668.379,332.362,20,17,600,300,15,75.816,-57.6494,-60,1,6,1,0,approach_zone,1.98374,1
24,fence24,tiered_wall,random_waypoint,4,560,520,668.379,332.362,20,18,400,300,15,270.37,-68.6934,-60,0,6,1,0,approach_zone,1.98374,1
24,fence24,tiered_wall,random_waypoint,4,560,520,668.379,332.362,20,19,300,300,15,369.832,-71.4143,-60,0,6,1,0,approach_zone,1.98374,1
24,fence24,tiered_wall,random_waypoint,4,560,520,668.379,332.362,20,20,300,500,15,404.76,-72.1982,-70,0,6,1,0,approach_zone,1.98374,1
24,fence24,tiered_wall,random_waypoint,4,560,520,668.379,332.362,20,21,500,350,15,169.374,-64.6312,-70,1,6,1,0,approach_zone,1.98374,1
24,fence24,tiered_wall,random_waypoint,4,560,520,668.379,332.362,20,22,700,500,15,170.667,-64.6972,-70,1,6,1,0,approach_zone,1.98374,1
24,fence24,tiered_wall,random_waypoint,4,560,520,668.379,332.362,20,23,500,650,15,359.542,-71.1692,-70,0,6,1,0,approach_zone,1.98374,1
25,fence24,tiered_wall,random_waypoint,4,560,520,662.891,340.518,20,0,250,300,15,414.904,-72.4132,-60,0,6,1,0,approach_zone,0.983741,1
25,fence24,tiered_wall,random_waypoint,4,560,520,662.891,340.518,20,1,250,350,15,413.03,-72.3739,-60,0,6,1,0,approach_zone,0.983741,1
25,fence24,tiered_wall,random_waypoint,4,560,520,662.891,340.518,20,2,250,450,15,427.189,-72.6666,-60,0,6,1,0,approach_zone,0.983741,1
25,fence24,tiered_wall,random_waypoint,4,560,520,662.891,340.518,20,3,250,550,15,463.019,-73.3662,-60,0,6,1,0,approach_zone,0.983741,1
25,fence24,tiered_wall,random_waypoint,4,560,520,662.891,340.518,20,4,250,650,15,516.026,-74.3077,-60,0,6,1,0,approach_zone,0.983741,1
25,fence24,tiered_wall,random_waypoint,4,560,520,662.891,340.518,20,5,250,700,15,547.477,-74.8215,-60,0,6,1,0,approach_zone,0.983741,1
25,fence24,tiered_wall,random_waypoint,4,560,520,662.891,340.518,20,6,300,700,15,510.825,-74.2197,-60,0,6,1,0,approach_zone,0.983741,1
25,fence24,tiered_wall,random_waypoint,4,560,520,662.891,340.518,20,7,400,700,15,445.381,-73.0289,-60,0,6,1,0,approach_zone,0.983741,1
25,fence24,tiered_wall,random_waypoint,4,560,520,662.891,340.518,20,8,600,700,15,364.976,-71.2995,-60,0,6,1,0,approach_zone,0.983741,1
25,fence24,tiered_wall,random_waypoint,4,560,520,662.891,340.518,20,9,700,700,15,361.427,-71.2146,-60,0,6,1,0,approach_zone,0.983741,1
25,fence24,tiered_wall,random_waypoint,4,560,520,662.891,340.518,20,10,750,700,15,369.92,-71.4164,-60,0,6,1,0,approach_zone,0.983741,1
25,fence24,tiered_wall,random_waypoint,4,560,520,662.891,340.518,20,11,750,650,15,321.547,-70.1991,-60,0,6,1,0,approach_zone,0.983741,1
25,fence24,tiered_wall,random_waypoint,4,560,520,662.891,340.518,20,12,750,550,15,226.927,-67.1719,-60,0,6,1,0,approach_zone,0.983741,1
25,fence24,tiered_wall,random_waypoint,4,560,520,662.891,340.518,20,13,750,450,15,139.998,-62.9766,-60,0,6,1,0,approach_zone,0.983741,1
25,fence24,tiered_wall,random_waypoint,4,560,520,662.891,340.518,20,14,750,350,15,87.7664,-58.9208,-60,1,6,1,0,approach_zone,0.983741,1
25,fence24,tiered_wall,random_waypoint,4,560,520,662.891,340.518,20,15,750,300,15,96.2014,-59.7179,-60,1,6,1,0,approach_zone,0.983741,1
25,fence24,tiered_wall,random_waypoint,4,560,520,662.891,340.518,20,16,700,300,15,55.1706,-54.8884,-60,1,6,1,0,approach_zone,0.983741,1
25,fence24,tiered_wall,random_waypoint,4,560,520,662.891,340.518,20,17,600,300,15,74.9796,-57.5531,-60,1,6,1,0,approach_zone,0.983741,1
25,fence24,tiered_wall,random_waypoint,4,560,520,662.891,340.518,20,18,400,300,15,266.042,-68.5532,-60,0,6,1,0,approach_zone,0.983741,1
25,fence24,tiered_wall,random_waypoint,4,560,520,662.891,340.518,20,19,300,300,15,365.18,-71.3044,-60,0,6,1,0,approach_zone,0.983741,1
25,fence24,tiered_wall,random_waypoint,4,560,520,662.891,340.518,20,20,300,500,15,396.421,-72.0173,-70,0,6,1,0,approach_zone,0.983741,1
25,fence24,tiered_wall,random_waypoint,4,560,520,662.891,340.518,20,21,500,350,15,163.243,-64.3109,-70,1,6,1,0,approach_zone,0.983741,1
25,fence24,tiered_wall,random_waypoint,4,560,520,662.891,340.518,20,22,700,500,15,163.819,-64.3415,-70,1,6,1,0,approach_zone,0.983741,1
25,fence24,tiered_wall,random_waypoint,4,560,520,662.891,340.518,20,23,500,650,15,349.768,-70.9298,-70,0,6,1,0,approach_zone,0.983741,1
26,fence24,tiered_wall,random_waypoint,4,560,520,660.228,350.157,20,0,250,300,15,413.313,-72.3798,-60,0,5,1,1,perimeter_crossing,0,1
26,fence24,tiered_wall,random_waypoint,4,560,520,660.228,350.157,20,1,250,350,15,410.258,-72.3154,-60,0,5,1,1,perimeter_crossing,0,1
26,fence24,tiered_wall,random_waypoint,4,560,520,660.228,350.157,20,2,250,450,15,422.233,-72.5653,-60,0,5,1,1,perimeter_crossing,0,1
26,fence24,tiered_wall,random_waypoint,4,560,520,660.228,350.157,20,3,250,550,15,456.343,-73.2401,-60,0,5,1,1,perimeter_crossing,0,1
26,fence24,tiered_wall,random_waypoint,4,560,520,660.228,350.157,20,4,250,650,15,508.151,-74.1741,-60,0,5,1,1,perimeter_crossing,0,1
26,fence24,tiered_wall,random_waypoint,4,560,520,660.228,350.157,20,5,250,700,15,539.168,-74.6887,-60,0,5,1,1,perimeter_crossing,0,1
26,fence24,tiered_wall,random_waypoint,4,560,520,660.228,350.157,20,6,300,700,15,502.175,-74.0713,-60,0,5,1,1,perimeter_crossing,0,1
26,fence24,tiered_wall,random_waypoint,4,560,520,660.228,350.157,20,7,400,700,15,436.043,-72.8448,-60,0,5,1,1,perimeter_crossing,0,1
26,fence24,tiered_wall,random_waypoint,4,560,520,660.228,350.157,20,8,600,700,15,355.025,-71.0594,-60,0,5,1,1,perimeter_crossing,0,1
26,fence24,tiered_wall,random_waypoint,4,560,520,660.228,350.157,20,9,700,700,15,352.132,-70.9883,-60,0,5,1,1,perimeter_crossing,0,1
26,fence24,tiered_wall,random_waypoint,4,560,520,660.228,350.157,20,10,750,700,15,361.212,-71.2095,-60,0,5,1,1,perimeter_crossing,0,1
26,fence24,tiered_wall,random_waypoint,4,560,520,660.228,350.157,20,11,750,650,15,313.034,-69.966,-60,0,5,1,1,perimeter_crossing,0,1
26,fence24,tiered_wall,random_waypoint,4,560,520,660.228,350.157,20,12,750,550,15,219.138,-66.8686,-60,0,5,1,1,perimeter_crossing,0,1
26,fence24,tiered_wall,random_waypoint,4,560,520,660.228,350.157,20,13,750,450,15,134.361,-62.6197,-60,0,5,1,1,perimeter_crossing,0,1
26,fence24,tiered_wall,random_waypoint,4,560,520,660.228,350.157,20,14,750,350,15,89.9116,-59.1305,-60,1,5,1,1,perimeter_crossing,0,1
26,fence24,tiered_wall,random_waypoint,4,560,520,660.228,350.157,20,15,750,300,15,102.955,-60.3072,-60,0,5,1,1,perimeter_crossing,0,1
26,fence24,tiered_wall,random_waypoint,4,560,520,660.228,350.157,20,16,700,300,15,64.207,-56.2059,-60,1,5,1,1,perimeter_crossing,0,1
26,fence24,tiered_wall,random_waypoint,4,560,520,660.228,350.157,20,17,600,300,15,78.537,-57.9557,-60,1,5,1,1,perimeter_crossing,0,1
26,fence24,tiered_wall,random_waypoint,4,560,520,660.228,350.157,20,18,400,300,15,265.064,-68.5213,-60,0,5,1,1,perimeter_crossing,0,1
26,fence24,tiered_wall,random_waypoint,4,560,520,660.228,350.157,20,19,300,300,15,363.737,-71.27,-60,0,5,1,1,perimeter_crossing,0,1
26,fence24,tiered_wall,random_waypoint,4,560,520,660.228,350.157,20,20,300,500,15,390.182,-71.8796,-70,0,5,1,1,perimeter_crossing,0,1
26,fence24,tiered_wall,random_waypoint,4,560,520,660.228,350.157,20,21,500,350,15,160.306,-64.1532,-70,1,5,1,1,perimeter_crossing,0,1
26,fence24,tiered_wall,random_waypoint,4,560,520,660.228,350.157,20,22,700,500,15,155.112,-63.8672,-70,1,5,1,1,perimeter_crossing,0,1
26,fence24,tiered_wall,random_waypoint,4,560,520,660.228,350.157,20,23,500,650,15,340.006,-70.6839,-70,0,5,1,1,perimeter_crossing,0,1
27,fence24,tiered_wall,random_waypoint,4,560,520,657.565,359.796,20,0,250,300,15,411.958,-72.3513,-60,0,5,1,1,internal_airspace,0,1
27,fence24,tiered_wall,random_waypoint,4,560,520,657.565,359.796,20,1,250,350,15,407.713,-72.2613,-60,0,5,1,1,internal_airspace,0,1
27,fence24,tiered_wall,random_waypoint,4,560,520,657.565,359.796,20,2,250,450,15,417.457,-72.4665,-60,0,5,1,1,internal_airspace,0,1
27,fence24,tiered_wall,random_waypoint,4,560,520,657.565,359.796,20,3,250,550,15,449.791,-73.1144,-60,0,5,1,1,internal_airspace,0,1
27,fence24,tiered_wall,random_waypoint,4,560,520,657.565,359.796,20,4,250,650,15,500.352,-74.0397,-60,0,5,1,1,internal_airspace,0,1
27,fence24,tiered_wall,random_waypoint,4,560,520,657.565,359.796,20,5,250,700,15,530.917,-74.5548,-60,0,5,1,1,internal_airspace,0,1
27,fence24,tiered_wall,random_waypoint,4,560,520,657.565,359.796,20,6,300,700,15,493.575,-73.9213,-60,0,5,1,1,internal_airspace,0,1
27,fence24,tiered_wall,random_waypoint,4,560,520,657.565,359.796,20,7,400,700,15,426.736,-72.6574,-60,0,5,1,1,internal_airspace,0,1
27,fence24,tiered_wall,random_waypoint,4,560,520,657.565,359.796,20,8,600,700,15,345.076,-70.8125,-60,0,5,1,1,internal_airspace,0,1
27,fence24,tiered_wall,random_waypoint,4,560,520,657.565,359.796,20,9,700,700,15,342.877,-70.757,-60,0,5,1,1,internal_airspace,0,1
27,fence24,tiered_wall,random_waypoint,4,560,520,657.565,359.796,20,10,750,700,15,352.574,-70.9992,-60,0,5,1,1,internal_airspace,0,1
27,fence24,tiered_wall,random_waypoint,4,560,520,657.565,359.796,20,11,750,650,15,304.611,-69.7291,-60,0,5,1,1,internal_airspace,0,1
27,fence24,tiered_wall,random_waypoint,4,560,520,657.565,359.796,20,12,750,550,15,211.535,-66.5619,-60,0,5,1,1,internal_airspace,0,1
27,fence24,tiered_wall,random_waypoint,4,560,520,657.565,359.796,20,13,750,450,15,129.252,-62.283,-60,0,5,1,1,internal_airspace,0,1
27,fence24,tiered_wall,random_waypoint,4,560,520,657.565,359.796,20,14,750,350,15,93.0874,-59.432,-60,1,5,1,1,internal_airspace,0,1
27,fence24,tiered_wall,random_waypoint,4,560,520,657.565,359.796,20,15,750,300,15,110.204,-60.8981,-60,0,5,1,1,internal_airspace,0,1
27,fence24,tiered_wall,random_waypoint,4,560,520,657.565,359.796,20,16,700,300,15,73.4934,-57.3792,-60,1,5,1,1,internal_airspace,0,1
27,fence24,tiered_wall,random_waypoint,4,560,520,657.565,359.796,20,17,600,300,15,83.1516,-58.4516,-60,1,5,1,1,internal_airspace,0,1
27,fence24,tiered_wall,random_waypoint,4,560,520,657.565,359.796,20,18,400,300,15,264.462,-68.5015,-60,0,5,1,1,internal_airspace,0,1
27,fence24,tiered_wall,random_waypoint,4,560,520,657.565,359.796,20,19,300,300,15,362.564,-71.2419,-60,0,5,1,1,internal_airspace,0,1
27,fence24,tiered_wall,random_waypoint,4,560,520,657.565,359.796,20,20,300,500,15,384.102,-71.7432,-70,0,5,1,1,internal_airspace,0,1
27,fence24,tiered_wall,random_waypoint,4,560,520,657.565,359.796,20,21,500,350,15,157.948,-64.0245,-70,1,5,1,1,internal_airspace,0,1
27,fence24,tiered_wall,random_waypoint,4,560,520,657.565,359.796,20,22,700,500,15,146.571,-63.3752,-70,1,5,1,1,internal_airspace,0,1
27,fence24,tiered_wall,random_waypoint,4,560,520,657.565,359.796,20,23,500,650,15,330.258,-70.4313,-70,0,5,1,1,internal_airspace,0,1
28,fence24,tiered_wall,random_waypoint,4,560,520,654.901,369.434,20,0,250,300,15,410.842,-72.3277,-60,0,5,1,1,internal_airspace,0,1
28,fence24,tiered_wall,random_waypoint,4,560,520,654.901,369.434,20,1,250,350,15,405.398,-72.2119,-60,0,5,1,1,internal_airspace,0,1
28,fence24,tiered_wall,random_waypoint,4,560,520,654.901,369.434,20,2,250,450,15,412.869,-72.3705,-60,0,5,1,1,internal_airspace,0,1
28,fence24,tiered_wall,random_waypoint,4,560,520,654.901,369.434,20,3,250,550,15,443.367,-72.9895,-60,0,5,1,1,internal_airspace,0,1
28,fence24,tiered_wall,random_waypoint,4,560,520,654.901,369.434,20,4,250,650,15,492.633,-73.9047,-60,0,5,1,1,internal_airspace,0,1
28,fence24,tiered_wall,random_waypoint,4,560,520,654.901,369.434,20,5,250,700,15,522.727,-74.4197,-60,0,5,1,1,internal_airspace,0,1
28,fence24,tiered_wall,random_waypoint,4,560,520,654.901,369.434,20,6,300,700,15,485.029,-73.7696,-60,0,5,1,1,internal_airspace,0,1
28,fence24,tiered_wall,random_waypoint,4,560,520,654.901,369.434,20,7,400,700,15,417.461,-72.4665,-60,0,5,1,1,internal_airspace,0,1
28,fence24,tiered_wall,random_waypoint,4,560,520,654.901,369.434,20,8,600,700,15,335.131,-70.5585,-60,0,5,1,1,internal_airspace,0,1
28,fence24,tiered_wall,random_waypoint,4,560,520,654.901,369.434,20,9,700,700,15,333.665,-70.5204,-60,0,5,1,1,internal_airspace,0,1
28,fence24,tiered_wall,random_waypoint,4,560,520,654.901,369.434,20,10,750,700,15,344.009,-70.7856,-60,0,5,1,1,internal_airspace,0,1
28,fence24,tiered_wall,random_waypoint,4,560,520,654.901,369.434,20,11,750,650,15,296.287,-69.4885,-60,0,5,1,1,internal_airspace,0,1
28,fence24,tiered_wall,random_waypoint,4,560,520,654.901,369.434,20,12,750,550,15,204.139,-66.2527,-60,0,5,1,1,internal_airspace,0,1
28,fence24,tiered_wall,random_waypoint,4,560,520,654.901,369.434,20,13,750,450,15,124.738,-61.9742,-60,0,5,1,1,internal_airspace,0,1
28,fence24,tiered_wall,random_waypoint,4,560,520,654.901,369.434,20,14,750,350,15,97.1928,-59.8069,-60,1,5,1,1,internal_airspace,0,1
28,fence24,tiered_wall,random_waypoint,4,560,520,654.901,369.434,20,15,750,300,15,117.855,-61.4812,-60,0,5,1,1,internal_airspace,0,1
28,fence24,tiered_wall,random_waypoint,4,560,520,654.901,369.434,20,16,700,300,15,82.9459,-58.4301,-60,1,5,1,1,internal_airspace,0,1
28,fence24,tiered_wall,random_waypoint,4,560,520,654.901,369.434,20,17,600,300,15,88.6584,-59.0086,-60,1,5,1,1,internal_airspace,0,1
28,fence24,tiered_wall,random_waypoint,4,560,520,654.901,369.434,20,18,400,300,15,264.236,-68.4941,-60,0,5,1,1,internal_airspace,0,1
28,fence24,tiered_wall,random_waypoint,4,560,520,654.901,369.434,20,19,300,300,15,361.664,-71.2203,-60,0,5,1,1,internal_airspace,0,1
28,fence24,tiered_wall,random_waypoint,4,560,520,654.901,369.434,20,20,300,500,15,378.19,-71.6084,-70,0,5,1,1,internal_airspace,0,1
28,fence24,tiered_wall,random_waypoint,4,560,520,654.901,369.434,20,21,500,350,15,156.196,-63.9276,-70,1,5,1,1,internal_airspace,0,1
28,fence24,tiered_wall,random_waypoint,4,560,520,654.901,369.434,20,22,700,500,15,138.225,-62.866,-70,1,5,1,1,internal_airspace,0,1
28,fence24,tiered_wall,random_waypoint,4,560,520,654.901,369.434,20,23,500,650,15,320.525,-70.1715,-70,0,5,1,1,internal_airspace,0,1
29,fence24,tiered_wall,random_waypoint,4,560,520,652.238,379.073,20,0,250,300,15,409.967,-72.3092,-60,0,5,1,1,internal_airspace,0,1
29,fence24,tiered_wall,random_waypoint,4,560,520,652.238,379.073,20,1,250,350,15,403.319,-72.1672,-60,0,5,1,1,internal_airspace,0,1
29,fence24,tiered_wall,random_waypoint,4,560,520,652.238,379.073,20,2,250,450,15,408.474,-72.2775,-60,0,5,1,1,internal_airspace,0,1
29,fence24,tiered_wall,random_waypoint,4,560,520,652.238,379.073,20,3,250,550,15,437.077,-72.8654,-60,0,5,1,1,internal_airspace,0,1
29,fence24,tiered_wall,random_waypoint,4,560,520,652.238,379.073,20,4,250,650,15,484.997,-73.769,-60,0,5,1,1,internal_airspace,0,1
29,fence24,tiered_wall,random_waypoint,4,560,520,652.238,379.073,20,5,250,700,15,514.601,-74.2836,-60,0,5,1,1,internal_airspace,0,1
29,fence24,tiered_wall,random_waypoint,4,560,520,652.238,379.073,20,6,300,700,15,476.54,-73.6162,-60,0,5,1,1,internal_airspace,0,1
29,fence24,tiered_wall,random_waypoint,4,560,520,652.238,379.073,20,7,400,700,15,408.219,-72.2721,-60,0,5,1,1,internal_airspace,0,1
29,fence24,tiered_wall,random_waypoint,4,560,520,652.238,379.073,20,8,600,700,15,325.189,-70.2969,-60,0,5,1,1,internal_airspace,0,1
29,fence24,tiered_wall,random_waypoint,4,560,520,652.238,379.073,20,9,700,700,15,324.5,-70.2785,-60,0,5,1,1,internal_airspace,0,1
29,fence24,tiered_wall,random_waypoint,4,560,520,652.238,379.073,20,10,750,700,15,335.524,-70.5687,-60,0,5,1,1,internal_airspace,0,1
29,fence24,tiered_wall,random_waypoint,4,560,520,652.238,379.073,20,11,750,650,15,288.069,-69.2441,-60,0,5,1,1,internal_airspace,0,1
29,fence24,tiered_wall,random_waypoint,4,560,520,652.238,379.073,20,12,750,550,15,196.973,-65.9423,-60,0,5,1,1,internal_airspace,0,1
29,fence24,tiered_wall,random_waypoint,4,560,520,652.238,379.073,20,13,750,450,15,120.884,-61.7016,-60,0,5,1,1,internal_airspace,0,1
29,fence24,tiered_wall,random_waypoint,4,560,520,652.238,379.073,20,14,750,350,15,102.116,-60.2361,-60,0,5,1,1,internal_airspace,0,1
29,fence24,tiered_wall,random_waypoint,4,560,520,652.238,379.073,20,15,750,300,15,125.837,-62.0504,-60,0,5,1,1,internal_airspace,0,1
29,fence24,tiered_wall,random_waypoint,4,560,520,652.238,379.073,20,16,700,300,15,92.5136,-59.3783,-60,1,5,1,1,internal_airspace,0,1
29,fence24,tiered_wall,random_waypoint,4,560,520,652.238,379.073,20,17,600,300,15,94.9022,-59.5998,-60,1,5,1,1,internal_airspace,0,1
29,fence24,tiered_wall,random_waypoint,4,560,520,652.238,379.073,20,18,400,300,15,264.389,-68.4991,-60,0,5,1,1,internal_airspace,0,1
29,fence24,tiered_wall,random_waypoint,4,560,520,652.238,379.073,20,19,300,300,15,361.039,-71.2053,-60,0,5,1,1,internal_airspace,0,1
29,fence24,tiered_wall,random_waypoint,4,560,520,652.238,379.073,20,20,300,500,15,372.451,-71.4756,-70,0,5,1,1,internal_airspace,0,1
29,fence24,tiered_wall,random_waypoint,4,560,520,652.238,379.073,20,21,500,350,15,155.07,-63.8648,-70,1,5,1,1,internal_airspace,0,1
29,fence24,tiered_wall,random_waypoint,4,560,520,652.238,379.073,20,22,700,500,15,130.113,-62.3407,-70,1,5,1,1,internal_airspace,0,1
29,fence24,tiered_wall,random_waypoint,4,560,520,652.238,379.073,20,23,500,650,15,310.81,-69.9041,-70,1,5,1,1,internal_airspace,0,1
30,fence24,tiered_wall,random_waypoint,4,560,520,649.575,388.712,20,0,250,300,15,409.335,-72.2958,-60,0,3,1,1,internal_airspace,0,1
30,fence24,tiered_wall,random_waypoint,4,560,520,649.575,388.712,20,1,250,350,15,401.477,-72.1274,-60,0,3,1,1,internal_airspace,0,1
30,fence24,tiered_wall,random_waypoint,4,560,520,649.575,388.712,20,2,250,450,15,404.279,-72.1878,-60,0,3,1,1,internal_airspace,0,1
30,fence24,tiered_wall,random_waypoint,4,560,520,649.575,388.712,20,3,250,550,15,430.928,-72.7423,-60,0,3,1,1,internal_airspace,0,1
30,fence24,tiered_wall,random_waypoint,4,560,520,649.575,388.712,20,4,250,650,15,477.448,-73.6327,-60,0,3,1,1,internal_airspace,0,1
30,fence24,tiered_wall,random_waypoint,4,560,520,649.575,388.712,20,5,250,700,15,506.543,-74.1465,-60,0,3,1,1,internal_airspace,0,1
30,fence24,tiered_wall,random_waypoint,4,560,520,649.575,388.712,20,6,300,700,15,468.111,-73.4612,-60,0,3,1,1,internal_airspace,0,1
30,fence24,tiered_wall,random_waypoint,4,560,520,649.575,388.712,20,7,400,700,15,399.015,-72.074,-60,0,3,1,1,internal_airspace,0,1
30,fence24,tiered_wall,random_waypoint,4,560,520,649.575,388.712,20,8,600,700,15,315.25,-70.0273,-60,0,3,1,1,internal_airspace,0,1
30,fence24,tiered_wall,random_waypoint,4,560,520,649.575,388.712,20,9,700,700,15,315.385,-70.031,-60,0,3,1,1,internal_airspace,0,1
30,fence24,tiered_wall,random_waypoint,4,560,520,649.575,388.712,20,10,750,700,15,327.124,-70.3485,-60,0,3,1,1,internal_airspace,0,1
30,fence24,tiered_wall,random_waypoint,4,560,520,649.575,388.712,20,11,750,650,15,279.967,-68.9964,-60,0,3,1,1,internal_airspace,0,1
30,fence24,tiered_wall,random_waypoint,4,560,520,649.575,388.712,20,12,750,550,15,190.063,-65.6322,-60,0,3,1,1,internal_airspace,0,1
30,fence24,tiered_wall,random_waypoint,4,560,520,649.575,388.712,20,13,750,450,15,117.755,-61.4738,-60,0,3,1,1,internal_airspace,0,1
30,fence24,tiered_wall,random_waypoint,4,560,520,649.575,388.712,20,14,750,350,15,107.744,-60.7021,-60,0,3,1,1,internal_airspace,0,1
30,fence24,tiered_wall,random_waypoint,4,560,520,649.575,388.712,20,15,750,300,15,134.09,-62.6021,-60,0,3,1,1,internal_airspace,0,1
30,fence24,tiered_wall,random_waypoint,4,560,520,649.575,388.712,20,16,700,300,15,102.164,-60.2402,-60,0,3,1,1,internal_airspace,0,1
30,fence24,tiered_wall,random_waypoint,4,560,520,649.575,388.712,20,17,600,300,15,101.747,-60.2047,-60,0,3,1,1,internal_airspace,0,1
30,fence24,tiered_wall,random_waypoint,4,560,520,649.575,388.712,20,18,400,300,15,264.92,-68.5165,-60,0,3,1,1,internal_airspace,0,1
30,fence24,tiered_wall,random_waypoint,4,560,520,649.575,388.712,20,19,300,300,15,360.691,-71.1969,-60,0,3,1,1,internal_airspace,0,1
30,fence24,tiered_wall,random_waypoint,4,560,520,649.575,388.712,20,20,300,500,15,366.896,-71.3451,-70,0,3,1,1,internal_airspace,0,1
30,fence24,tiered_wall,random_waypoint,4,560,520,649.575,388.712,20,21,500,350,15,154.584,-63.8375,-70,1,3,1,1,internal_airspace,0,1
30,fence24,tiered_wall,random_waypoint,4,560,520,649.575,388.712,20,22,700,500,15,122.281,-61.8014,-70,1,3,1,1,internal_airspace,0,1
30,fence24,tiered_wall,random_waypoint,4,560,520,649.575,388.712,20,23,500,650,15,301.113,-69.6288,-70,1,3,1,1,internal_airspace,0,1
31,fence24,tiered_wall,random_waypoint,4,560,520,646.912,398.351,20,0,250,300,15,408.946,-72.2876,-60,0,3,1,1,internal_airspace,0,1
31,fence24,tiered_wall,random_waypoint,4,560,520,646.912,398.351,20,1,250,350,15,399.877,-72.0928,-60,0,3,1,1,internal_airspace,0,1
31,fence24,tiered_wall,random_waypoint,4,560,520,646.912,398.351,20,2,250,450,15,400.29,-72.1017,-60,0,3,1,1,internal_airspace,0,1
31,fence24,tiered_wall,random_waypoint,4,560,520,646.912,398.351,20,3,250,550,15,424.925,-72.6205,-60,0,3,1,1,internal_airspace,0,1
31,fence24,tiered_wall,random_waypoint,4,560,520,646.912,398.351,20,4,250,650,15,469.991,-73.496,-60,0,3,1,1,internal_airspace,0,1
31,fence24,tiered_wall,random_waypoint,4,560,520,646.912,398.351,20,5,250,700,15,498.554,-74.0085,-60,0,3,1,1,internal_airspace,0,1
31,fence24,tiered_wall,random_waypoint,4,560,520,646.912,398.351,20,6,300,700,15,459.745,-73.3046,-60,0,3,1,1,internal_airspace,0,1
31,fence24,tiered_wall,random_waypoint,4,560,520,646.912,398.351,20,7,400,700,15,389.85,-71.8722,-60,0,3,1,1,internal_airspace,0,1
31,fence24,tiered_wall,random_waypoint,4,560,520,646.912,398.351,20,8,600,700,15,305.316,-69.7492,-60,0,3,1,1,internal_airspace,0,1
31,fence24,tiered_wall,random_waypoint,4,560,520,646.912,398.351,20,9,700,700,15,306.326,-69.7779,-60,0,3,1,1,internal_airspace,0,1
31,fence24,tiered_wall,random_waypoint,4,560,520,646.912,398.351,20,10,750,700,15,318.817,-70.1251,-60,0,3,1,1,internal_airspace,0,1
31,fence24,tiered_wall,random_waypoint,4,560,520,646.912,398.351,20,11,750,650,15,271.991,-68.7453,-60,0,3,1,1,internal_airspace,0,1
31,fence24,tiered_wall,random_waypoint,4,560,520,646.912,398.351,20,12,750,550,15,183.438,-65.324,-60,0,3,1,1,internal_airspace,0,1
31,fence24,tiered_wall,random_waypoint,4,560,520,646.912,398.351,20,13,750,450,15,115.411,-61.2992,-60,0,3,1,1,internal_airspace,0,1
31,fence24,tiered_wall,random_waypoint,4,560,520,646.912,398.351,20,14,750,350,15,113.973,-61.1903,-60,0,3,1,1,internal_airspace,0,1
31,fence24,tiered_wall,random_waypoint,4,560,520,646.912,398.351,20,15,750,300,15,142.566,-63.1345,-60,0,3,1,1,internal_airspace,0,1
31,fence24,tiered_wall,random_waypoint,4,560,520,646.912,398.351,20,16,700,300,15,111.876,-61.029,-60,0,3,1,1,internal_airspace,0,1
31,fence24,tiered_wall,random_waypoint,4,560,520,646.912,398.351,20,17,600,300,15,109.081,-60.8092,-60,0,3,1,1,internal_airspace,0,1
31,fence24,tiered_wall,random_waypoint,4,560,520,646.912,398.351,20,18,400,300,15,265.826,-68.5462,-60,0,3,1,1,internal_airspace,0,1
31,fence24,tiered_wall,random_waypoint,4,560,520,646.912,398.351,20,19,300,300,15,360.619,-71.1952,-60,0,3,1,1,internal_airspace,0,1
31,fence24,tiered_wall,random_waypoint,4,560,520,646.912,398.351,20,20,300,500,15,361.532,-71.2172,-70,0,3,1,1,internal_airspace,0,1
31,fence24,tiered_wall,random_waypoint,4,560,520,646.912,398.351,20,21,500,350,15,154.745,-63.8465,-70,1,3,1,1,internal_airspace,0,1
31,fence24,tiered_wall,random_waypoint,4,560,520,646.912,398.351,20,22,700,500,15,114.786,-61.252,-70,1,3,1,1,internal_airspace,0,1
31,fence24,tiered_wall,random_waypoint,4,560,520,646.912,398.351,20,23,500,650,15,291.437,-69.3451,-70,1,3,1,1,internal_airspace,0,1
32,fence24,tiered_wall,random_waypoint,4,560,520,644.249,407.99,20,0,250,300,15,408.802,-72.2845,-60,0,3,1,1,internal_airspace,0,1
32,fence24,tiered_wall,random_waypoint,4,560,520,644.249,407.99,20,1,250,350,15,398.522,-72.0633,-60,0,3,1,1,internal_airspace,0,1
32,fence24,tiered_wall,random_waypoint,4,560,520,644.249,407.99,20,2,250,450,15,396.512,-72.0194,-60,0,3,1,1,internal_airspace,0,1
32,fence24,tiered_wall,random_waypoint,4,560,520,644.249,407.99,20,3,250,550,15,419.075,-72.5001,-60,0,3,1,1,internal_airspace,0,1
32,fence24,tiered_wall,random_waypoint,4,560,520,644.249,407.99,20,4,250,650,15,462.63,-73.3589,-60,0,3,1,1,internal_airspace,0,1
32,fence24,tiered_wall,random_waypoint,4,560,520,644.249,407.99,20,5,250,700,15,490.639,-73.8695,-60,0,3,1,1,internal_airspace,0,1
32,fence24,tiered_wall,random_waypoint,4,560,520,644.249,407.99,20,6,300,700,15,451.445,-73.1463,-60,0,3,1,1,internal_airspace,0,1
32,fence24,tiered_wall,random_waypoint,4,560,520,644.249,407.99,20,7,400,700,15,380.726,-71.6665,-60,0,3,1,1,internal_airspace,0,1
32,fence24,tiered_wall,random_waypoint,4,560,520,644.249,407.99,20,8,600,700,15,295.386,-69.462,-60,0,3,1,1,internal_airspace,0,1
32,fence24,tiered_wall,random_waypoint,4,560,520,644.249,407.99,20,9,700,700,15,297.327,-69.5189,-60,0,3,1,1,internal_airspace,0,1
32,fence24,tiered_wall,random_waypoint,4,560,520,644.249,407.99,20,10,750,700,15,310.609,-69.8985,-60,0,3,1,1,internal_airspace,0,1
32,fence24,tiered_wall,random_waypoint,4,560,520,644.249,407.99,20,11,750,650,15,264.154,-68.4914,-60,0,3,1,1,internal_airspace,0,1
32,fence24,tiered_wall,random_waypoint,4,560,520,644.249,407.99,20,12,750,550,15,177.13,-65.0201,-60,0,3,1,1,internal_airspace,0,1
32,fence24,tiered_wall,random_waypoint,4,560,520,644.249,407.99,20,13,750,450,15,113.9,-61.1847,-60,0,3,1,1,internal_airspace,0,1
32,fence24,tiered_wall,random_waypoint,4,560,520,644.249,407.99,20,14,750,350,15,120.711,-61.6892,-60,0,3,1,1,internal_airspace,0,1
32,fence24,tiered_wall,random_waypoint,4,560,520,644.249,407.99,20,15,750,300,15,151.229,-63.6469,-60,0,3,1,1,internal_airspace,0,1
32,fence24,tiered_wall,random_waypoint,4,560,520,644.249,407.99,20,16,700,300,15,121.635,-61.7554,-60,0,3,1,1,internal_airspace,0,1
32,fence24,tiered_wall,random_waypoint,4,560,520,644.249,407.99,20,17,600,300,15,116.811,-61.4039,-60,0,3,1,1,internal_airspace,0,1
32,fence24,tiered_wall,random_waypoint,4,560,520,644.249,407.99,20,18,400,300,15,267.104,-68.5878,-60,0,3,1,1,internal_airspace,0,1
32,fence24,tiered_wall,random_waypoint,4,560,520,644.249,407.99,20,19,300,300,15,360.824,-71.2001,-60,0,3,1,1,internal_airspace,0,1
32,fence24,tiered_wall,random_waypoint,4,560,520,644.249,407.99,20,20,300,500,15,356.368,-71.0922,-70,0,3,1,1,internal_airspace,0,1
32,fence24,tiered_wall,random_waypoint,4,560,520,644.249,407.99,20,21,500,350,15,155.549,-63.8916,-70,1,3,1,1,internal_airspace,0,1
32,fence24,tiered_wall,random_waypoint,4,560,520,644.249,407.99,20,22,700,500,15,107.699,-60.6984,-70,1,3,1,1,internal_airspace,0,1
32,fence24,tiered_wall,random_waypoint,4,560,520,644.249,407.99,20,23,500,650,15,281.783,-69.0525,-70,1,3,1,1,internal_airspace,0,1
33,fence24,tiered_wall,random_waypoint,4,560,520,641.586,417.629,20,0,250,300,15,408.902,-72.2866,-60,0,3,1,1,internal_airspace,0,1
33,fence24,tiered_wall,random_waypoint,4,560,520,641.586,417.629,20,1,250,350,15,397.414,-72.0391,-60,0,3,1,1,internal_airspace,0,1
33,fence24,tiered_wall,random_waypoint,4,560,520,641.586,417.629,20,2,250,450,15,392.953,-71.941,-60,0,3,1,1,internal_airspace,0,1
33,fence24,tiered_wall,random_waypoint,4,560,520,641.586,417.629,20,3,250,550,15,413.384,-72.3813,-60,0,3,1,1,internal_airspace,0,1
33,fence24,tiered_wall,random_waypoint,4,560,520,641.586,417.629,20,4,250,650,15,455.369,-73.2215,-60,0,3,1,1,internal_airspace,0,1
33,fence24,tiered_wall,random_waypoint,4,560,520,641.586,417.629,20,5,250,700,15,482.802,-73.7296,-60,0,3,1,1,internal_airspace,0,1
33,fence24,tiered_wall,random_waypoint,4,560,520,641.586,417.629,20,6,300,700,15,443.215,-72.9865,-60,0,3,1,1,internal_airspace,0,1
33,fence24,tiered_wall,random_waypoint,4,560,520,641.586,417.629,20,7,400,700,15,371.648,-71.4569,-60,0,3,1,1,internal_airspace,0,1
33,fence24,tiered_wall,random_waypoint,4,560,520,641.586,417.629,20,8,600,700,15,285.461,-69.1652,-60,0,3,1,1,internal_airspace,0,1
33,fence24,tiered_wall,random_waypoint,4,560,520,641.586,417.629,20,9,700,700,15,288.393,-69.2539,-60,0,3,1,1,internal_airspace,0,1
33,fence24,tiered_wall,random_waypoint,4,560,520,641.586,417.629,20,10,750,700,15,302.51,-69.669,-60,0,3,1,1,internal_airspace,0,1
33,fence24,tiered_wall,random_waypoint,4,560,520,641.586,417.629,20,11,750,650,15,256.466,-68.2348,-60,0,3,1,1,internal_airspace,0,1
33,fence24,tiered_wall,random_waypoint,4,560,520,641.586,417.629,20,12,750,550,15,171.175,-64.723,-60,0,3,1,1,internal_airspace,0,1
33,fence24,tiered_wall,random_waypoint,4,560,520,641.586,417.629,20,13,750,450,15,113.254,-61.1353,-60,0,3,1,1,internal_airspace,0,1
33,fence24,tiered_wall,random_waypoint,4,560,520,641.586,417.629,20,14,750,350,15,127.876,-62.19,-60,0,3,1,1,internal_airspace,0,1
33,fence24,tiered_wall,random_waypoint,4,560,520,641.586,417.629,20,15,750,300,15,160.047,-64.1392,-60,0,3,1,1,internal_airspace,0,1
33,fence24,tiered_wall,random_waypoint,4,560,520,641.586,417.629,20,16,700,300,15,131.43,-62.4281,-60,0,3,1,1,internal_airspace,0,1
33,fence24,tiered_wall,random_waypoint,4,560,520,641.586,417.629,20,17,600,300,15,124.864,-61.9829,-60,0,3,1,1,internal_airspace,0,1
33,fence24,tiered_wall,random_waypoint,4,560,520,641.586,417.629,20,18,400,300,15,268.748,-68.6411,-60,0,3,1,1,internal_airspace,0,1
33,fence24,tiered_wall,random_waypoint,4,560,520,641.586,417.629,20,19,300,300,15,361.307,-71.2117,-60,0,3,1,1,internal_airspace,0,1
33,fence24,tiered_wall,random_waypoint,4,560,520,641.586,417.629,20,20,300,500,15,351.413,-70.9706,-70,0,3,1,1,internal_airspace,0,1
33,fence24,tiered_wall,random_waypoint,4,560,520,641.586,417.629,20,21,500,350,15,156.988,-63.9715,-70,1,3,1,1,internal_airspace,0,1
33,fence24,tiered_wall,random_waypoint,4,560,520,641.586,417.629,20,22,700,500,15,101.105,-60.1497,-70,1,3,1,1,internal_airspace,0,1
33,fence24,tiered_wall,random_waypoint,4,560,520,641.586,417.629,20,23,500,650,15,272.154,-68.7505,-70,1,3,1,1,internal_airspace,0,1
34,fence24,tiered_wall,random_waypoint,4,560,520,638.923,427.268,20,0,250,300,15,409.247,-72.2939,-60,0,3,1,1,internal_airspace,0,1
34,fence24,tiered_wall,random_waypoint,4,560,520,638.923,427.268,20,1,250,350,15,396.555,-72.0203,-60,0,3,1,1,internal_airspace,0,1
34,fence24,tiered_wall,random_waypoint,4,560,520,638.923,427.268,20,2,250,450,15,389.619,-71.867,-60,0,3,1,1,internal_airspace,0,1
34,fence24,tiered_wall,random_waypoint,4,560,520,638.923,427.268,20,3,250,550,15,407.859,-72.2644,-60,0,3,1,1,internal_airspace,0,1
34,fence24,tiered_wall,random_waypoint,4,560,520,638.923,427.268,20,4,250,650,15,448.214,-73.0839,-60,0,3,1,1,internal_airspace,0,1
34,fence24,tiered_wall,random_waypoint,4,560,520,638.923,427.268,20,5,250,700,15,475.046,-73.5889,-60,0,3,1,1,internal_airspace,0,1
34,fence24,tiered_wall,random_waypoint,4,560,520,638.923,427.268,20,6,300,700,15,435.059,-72.8252,-60,0,3,1,1,internal_airspace,0,1
34,fence24,tiered_wall,random_waypoint,4,560,520,638.923,427.268,20,7,400,700,15,362.618,-71.2432,-60,0,3,1,1,internal_airspace,0,1
34,fence24,tiered_wall,random_waypoint,4,560,520,638.923,427.268,20,8,600,700,15,275.541,-68.858,-60,0,3,1,1,internal_airspace,0,1
34,fence24,tiered_wall,random_waypoint,4,560,520,638.923,427.268,20,9,700,700,15,279.532,-68.9829,-60,0,3,1,1,internal_airspace,0,1
34,fence24,tiered_wall,random_waypoint,4,560,520,638.923,427.268,20,10,750,700,15,294.527,-69.4367,-60,0,3,1,1,internal_airspace,0,1
34,fence24,tiered_wall,random_waypoint,4,560,520,638.923,427.268,20,11,750,650,15,248.943,-67.9762,-60,0,3,1,1,internal_airspace,0,1
34,fence24,tiered_wall,random_waypoint,4,560,520,638.923,427.268,20,12,750,550,15,165.609,-64.4359,-60,0,3,1,1,internal_airspace,0,1
34,fence24,tiered_wall,random_waypoint,4,560,520,638.923,427.268,20,13,750,450,15,113.49,-61.1534,-60,0,3,1,1,internal_airspace,0,1
34,fence24,tiered_wall,random_waypoint,4,560,520,638.923,427.268,20,14,750,350,15,135.401,-62.6867,-60,0,3,1,1,internal_airspace,0,1
34,fence24,tiered_wall,random_waypoint,4,560,520,638.923,427.268,20,15,750,300,15,168.998,-64.6118,-60,0,3,1,1,internal_airspace,0,1
34,fence24,tiered_wall,random_waypoint,4,560,520,638.923,427.268,20,16,700,300,15,141.253,-63.0542,-60,0,3,1,1,internal_airspace,0,1
34,fence24,tiered_wall,random_waypoint,4,560,520,638.923,427.268,20,17,600,300,15,133.18,-62.543,-60,0,3,1,1,internal_airspace,0,1
34,fence24,tiered_wall,random_waypoint,4,560,520,638.923,427.268,20,18,400,300,15,270.751,-68.7056,-60,0,3,1,1,internal_airspace,0,1
34,fence24,tiered_wall,random_waypoint,4,560,520,638.923,427.268,20,19,300,300,15,362.064,-71.2299,-60,0,3,1,1,internal_airspace,0,1
34,fence24,tiered_wall,random_waypoint,4,560,520,638.923,427.268,20,20,300,500,15,346.675,-70.8527,-70,0,3,1,1,internal_airspace,0,1
34,fence24,tiered_wall,random_waypoint,4,560,520,638.923,427.268,20,21,500,350,15,159.043,-64.0845,-70,1,3,1,1,internal_airspace,0,1
34,fence24,tiered_wall,random_waypoint,4,560,520,638.923,427.268,20,22,700,500,15,95.1075,-59.6185,-70,1,3,1,1,internal_airspace,0,1
34,fence24,tiered_wall,random_waypoint,4,560,520,638.923,427.268,20,23,500,650,15,262.553,-68.4386,-70,1,3,1,1,internal_airspace,0,1
35,fence24,tiered_wall,random_waypoint,4,560,520,636.26,436.907,20,0,250,300,15,409.835,-72.3064,-60,0,3,1,1,internal_airspace,0,1
35,fence24,tiered_wall,random_waypoint,4,560,520,636.26,436.907,20,1,250,350,15,395.947,-72.007,-60,0,3,1,1,internal_airspace,0,1
35,fence24,tiered_wall,random_waypoint,4,560,520,636.26,436.907,20,2,250,450,15,386.514,-71.7975,-60,0,3,1,1,internal_airspace,0,1
35,fence24,tiered_wall,random_waypoint,4,560,520,636.26,436.907,20,3,250,550,15,402.507,-72.1497,-60,0,3,1,1,internal_airspace,0,1
35,fence24,tiered_wall,random_waypoint,4,560,520,636.26,436.907,20,4,250,650,15,441.169,-72.9463,-60,0,3,1,1,internal_airspace,0,1
35,fence24,tiered_wall,random_waypoint,4,560,520,636.26,436.907,20,5,250,700,15,467.375,-73.4475,-60,0,3,1,1,internal_airspace,0,1
35,fence24,tiered_wall,random_waypoint,4,560,520,636.26,436.907,20,6,300,700,15,426.982,-72.6624,-60,0,3,1,1,internal_airspace,0,1
35,fence24,tiered_wall,random_waypoint,4,560,520,636.26,436.907,20,7,400,700,15,353.641,-71.0255,-60,0,3,1,1,internal_airspace,0,1
35,fence24,tiered_wall,random_waypoint,4,560,520,636.26,436.907,20,8,600,700,15,265.627,-68.5397,-60,0,3,1,1,internal_airspace,0,1
35,fence24,tiered_wall,random_waypoint,4,560,520,636.26,436.907,20,9,700,700,15,270.751,-68.7056,-60,0,3,1,1,internal_airspace,0,1
35,fence24,tiered_wall,random_waypoint,4,560,520,636.26,436.907,20,10,750,700,15,286.671,-69.2019,-60,0,3,1,1,internal_airspace,0,1
35,fence24,tiered_wall,random_waypoint,4,560,520,636.26,436.907,20,11,750,650,15,241.6,-67.7162,-60,0,3,1,1,internal_airspace,0,1
35,fence24,tiered_wall,random_waypoint,4,560,520,636.26,436.907,20,12,750,550,15,160.474,-64.1623,-60,0,3,1,1,internal_airspace,0,1
35,fence24,tiered_wall,random_waypoint,4,560,520,636.26,436.907,20,13,750,450,15,114.601,-61.238,-60,0,3,1,1,internal_airspace,0,1
35,fence24,tiered_wall,random_waypoint,4,560,520,636.26,436.907,20,14,750,350,15,143.229,-63.1749,-60,0,3,1,1,internal_airspace,0,1
35,fence24,tiered_wall,random_waypoint,4,560,520,636.26,436.907,20,15,750,300,15,178.06,-65.0655,-60,0,3,1,1,internal_airspace,0,1
35,fence24,tiered_wall,random_waypoint,4,560,520,636.26,436.907,20,16,700,300,15,151.1,-63.6395,-60,0,3,1,1,internal_airspace,0,1
35,fence24,tiered_wall,random_waypoint,4,560,520,636.26,436.907,20,17,600,300,15,141.715,-63.0825,-60,0,3,1,1,internal_airspace,0,1
35,fence24,tiered_wall,random_waypoint,4,560,520,636.26,436.907,20,18,400,300,15,273.106,-68.7809,-60,0,3,1,1,internal_airspace,0,1
35,fence24,tiered_wall,random_waypoint,4,560,520,636.26,436.907,20,19,300,300,15,363.096,-71.2547,-60,0,3,1,1,internal_airspace,0,1
35,fence24,tiered_wall,random_waypoint,4,560,520,636.26,436.907,20,20,300,500,15,342.164,-70.7389,-70,0,3,1,1,internal_airspace,0,1
35,fence24,tiered_wall,random_waypoint,4,560,520,636.26,436.907,20,21,500,350,15,161.692,-64.228,-70,1,3,1,1,internal_airspace,0,1
35,fence24,tiered_wall,random_waypoint,4,560,520,636.26,436.907,20,22,700,500,15,89.8255,-59.1222,-70,1,3,1,1,internal_airspace,0,1
35,fence24,tiered_wall,random_waypoint,4,560,520,636.26,436.907,20,23,500,650,15,252.983,-68.1161,-70,1,3,1,1,internal_airspace,0,1
36,fence24,tiered_wall,random_waypoint,4,560,520,633.596,446.545,20,0,250,300,15,410.666,-72.324,-60,0,3,1,1,internal_airspace,0,1
36,fence24,tiered_wall,random_waypoint,4,560,520,633.596,446.545,20,1,250,350,15,395.591,-71.9992,-60,0,3,1,1,internal_airspace,0,1
36,fence24,tiered_wall,random_waypoint,4,560,520,633.596,446.545,20,2,250,450,15,383.645,-71.7328,-60,0,3,1,1,internal_airspace,0,1
36,fence24,tiered_wall,random_waypoint,4,560,520,633.596,446.545,20,3,250,550,15,397.334,-72.0373,-60,0,3,1,1,internal_airspace,0,1
36,fence24,tiered_wall,random_waypoint,4,560,520,633.596,446.545,20,4,250,650,15,434.241,-72.8088,-60,0,3,1,1,internal_airspace,0,1
36,fence24,tiered_wall,random_waypoint,4,560,520,633.596,446.545,20,5,250,700,15,459.794,-73.3055,-60,0,3,1,1,internal_airspace,0,1
36,fence24,tiered_wall,random_waypoint,4,560,520,633.596,446.545,20,6,300,700,15,418.988,-72.4983,-60,0,3,1,1,internal_airspace,0,1
36,fence24,tiered_wall,random_waypoint,4,560,520,633.596,446.545,20,7,400,700,15,344.719,-70.8035,-60,0,3,1,1,internal_airspace,0,1
36,fence24,tiered_wall,random_waypoint,4,560,520,633.596,446.545,20,8,600,700,15,255.72,-68.2095,-60,0,3,1,1,internal_airspace,0,1
36,fence24,tiered_wall,random_waypoint,4,560,520,633.596,446.545,20,9,700,700,15,262.057,-68.4221,-60,0,3,1,1,internal_airspace,0,1
36,fence24,tiered_wall,random_waypoint,4,560,520,633.596,446.545,20,10,750,700,15,278.952,-68.9648,-60,0,3,1,1,internal_airspace,0,1
36,fence24,tiered_wall,random_waypoint,4,560,520,633.596,446.545,20,11,750,650,15,234.454,-67.4554,-60,0,3,1,1,internal_airspace,0,1
36,fence24,tiered_wall,random_waypoint,4,560,520,633.596,446.545,20,12,750,550,15,155.813,-63.9063,-60,0,3,1,1,internal_airspace,0,1
36,fence24,tiered_wall,random_waypoint,4,560,520,633.596,446.545,20,13,750,450,15,116.562,-61.3854,-60,0,3,1,1,internal_airspace,0,1
36,fence24,tiered_wall,random_waypoint,4,560,520,633.596,446.545,20,14,750,350,15,151.314,-63.6518,-60,0,3,1,1,internal_airspace,0,1
36,fence24,tiered_wall,random_waypoint,4,560,520,633.596,446.545,20,15,750,300,15,187.217,-65.5011,-60,0,3,1,1,internal_airspace,0,1
36,fence24,tiered_wall,random_waypoint,4,560,520,633.596,446.545,20,16,700,300,15,160.966,-64.1889,-60,0,3,1,1,internal_airspace,0,1
36,fence24,tiered_wall,random_waypoint,4,560,520,633.596,446.545,20,17,600,300,15,150.43,-63.6009,-60,0,3,1,1,internal_airspace,0,1
36,fence24,tiered_wall,random_waypoint,4,560,520,633.596,446.545,20,18,400,300,15,275.804,-68.8662,-60,0,3,1,1,internal_airspace,0,1
36,fence24,tiered_wall,random_waypoint,4,560,520,633.596,446.545,20,19,300,300,15,364.4,-71.2858,-60,0,3,1,1,internal_airspace,0,1
36,fence24,tiered_wall,random_waypoint,4,560,520,633.596,446.545,20,20,300,500,15,337.889,-70.6297,-70,0,3,1,1,internal_airspace,0,1
36,fence24,tiered_wall,random_waypoint,4,560,520,633.596,446.545,20,21,500,350,15,164.906,-64.399,-70,1,3,1,1,internal_airspace,0,1
36,fence24,tiered_wall,random_waypoint,4,560,520,633.596,446.545,20,22,700,500,15,85.3922,-58.6826,-70,1,3,1,1,internal_airspace,0,1
36,fence24,tiered_wall,random_waypoint,4,560,520,633.596,446.545,20,23,500,650,15,243.448,-67.7823,-70,1,3,1,1,internal_airspace,0,1
37,fence24,tiered_wall,random_waypoint,4,560,520,630.933,456.184,20,0,250,300,15,411.739,-72.3467,-60,0,3,1,1,internal_airspace,0,1
37,fence24,tiered_wall,random_waypoint,4,560,520,630.933,456.184,20,1,250,350,15,395.487,-71.9969,-60,0,3,1,1,internal_airspace,0,1
37,fence24,tiered_wall,random_waypoint,4,560,520,630.933,456.184,20,2,250,450,15,381.016,-71.6731,-60,0,3,1,1,internal_airspace,0,1
37,fence24,tiered_wall,random_waypoint,4,560,520,630.933,456.184,20,3,250,550,15,392.348,-71.9276,-60,0,3,1,1,internal_airspace,0,1
37,fence24,tiered_wall,random_waypoint,4,560,520,630.933,456.184,20,4,250,650,15,427.434,-72.6716,-60,0,3,1,1,internal_airspace,0,1
37,fence24,tiered_wall,random_waypoint,4,560,520,630.933,456.184,20,5,250,700,15,452.307,-73.1629,-60,0,3,1,1,internal_airspace,0,1
37,fence24,tiered_wall,random_waypoint,4,560,520,630.933,456.184,20,6,300,700,15,411.081,-72.3328,-60,0,3,1,1,internal_airspace,0,1
37,fence24,tiered_wall,random_waypoint,4,560,520,630.933,456.184,20,7,400,700,15,335.859,-70.5774,-60,0,3,1,1,internal_airspace,0,1
37,fence24,tiered_wall,random_waypoint,4,560,520,630.933,456.184,20,8,600,700,15,245.821,-67.8666,-60,0,3,1,1,internal_airspace,0,1
37,fence24,tiered_wall,random_waypoint,4,560,520,630.933,456.184,20,9,700,700,15,253.459,-68.1324,-60,0,3,1,1,internal_airspace,0,1
37,fence24,tiered_wall,random_waypoint,4,560,520,630.933,456.184,20,10,750,700,15,271.382,-68.7258,-60,0,3,1,1,internal_airspace,0,1
37,fence24,tiered_wall,random_waypoint,4,560,520,630.933,456.184,20,11,750,650,15,227.522,-67.1947,-60,0,3,1,1,internal_airspace,0,1
37,fence24,tiered_wall,random_waypoint,4,560,520,630.933,456.184,20,12,750,550,15,151.668,-63.6721,-60,0,3,1,1,internal_airspace,0,1
37,fence24,tiered_wall,random_waypoint,4,560,520,630.933,456.184,20,13,750,450,15,119.332,-61.5894,-60,0,3,1,1,internal_airspace,0,1
37,fence24,tiered_wall,random_waypoint,4,560,520,630.933,456.184,20,14,750,350,15,159.615,-64.1157,-60,0,3,1,1,internal_airspace,0,1
37,fence24,tiered_wall,random_waypoint,4,560,520,630.933,456.184,20,15,750,300,15,196.457,-65.9196,-60,0,3,1,1,internal_airspace,0,1
37,fence24,tiered_wall,random_waypoint,4,560,520,630.933,456.184,20,16,700,300,15,170.847,-64.7064,-60,0,3,1,1,internal_airspace,0,1
37,fence24,tiered_wall,random_waypoint,4,560,520,630.933,456.184,20,17,600,300,15,159.297,-64.0984,-60,0,3,1,1,internal_airspace,0,1
37,fence24,tiered_wall,random_waypoint,4,560,520,630.933,456.184,20,18,400,300,15,278.835,-68.9612,-60,0,3,1,1,internal_airspace,0,1
37,fence24,tiered_wall,random_waypoint,4,560,520,630.933,456.184,20,19,300,300,15,365.972,-71.3232,-60,0,3,1,1,internal_airspace,0,1
37,fence24,tiered_wall,random_waypoint,4,560,520,630.933,456.184,20,20,300,500,15,333.859,-70.5255,-70,0,3,1,1,internal_airspace,0,1
37,fence24,tiered_wall,random_waypoint,4,560,520,630.933,456.184,20,21,500,350,15,168.652,-64.5941,-70,1,3,1,1,internal_airspace,0,1
37,fence24,tiered_wall,random_waypoint,4,560,520,630.933,456.184,20,22,700,500,15,81.9452,-58.3247,-70,1,3,1,1,internal_airspace,0,1
37,fence24,tiered_wall,random_waypoint,4,560,520,630.933,456.184,20,23,500,650,15,233.951,-67.4367,-70,1,3,1,1,internal_airspace,0,1
38,fence24,tiered_wall,random_waypoint,4,560,520,628.213,465.785,20,0,250,300,15,412.983,-72.3729,-60,0,3,1,1,internal_airspace,0,1
38,fence24,tiered_wall,random_waypoint,4,560,520,628.213,465.785,20,1,250,350,15,395.571,-71.9987,-60,0,3,1,1,internal_airspace,0,1
38,fence24,tiered_wall,random_waypoint,4,560,520,628.213,465.785,20,2,250,450,15,378.575,-71.6173,-60,0,3,1,1,internal_airspace,0,1
38,fence24,tiered_wall,random_waypoint,4,560,520,628.213,465.785,20,3,250,550,15,387.508,-71.8198,-60,0,3,1,1,internal_airspace,0,1
38,fence24,tiered_wall,random_waypoint,4,560,520,628.213,465.785,20,4,250,650,15,420.72,-72.5341,-60,0,3,1,1,internal_airspace,0,1
38,fence24,tiered_wall,random_waypoint,4,560,520,628.213,465.785,20,5,250,700,15,444.89,-73.0193,-60,0,3,1,1,internal_airspace,0,1
38,fence24,tiered_wall,random_waypoint,4,560,520,628.213,465.785,20,6,300,700,15,403.244,-72.1656,-60,0,3,1,1,internal_airspace,0,1
38,fence24,tiered_wall,random_waypoint,4,560,520,628.213,465.785,20,7,400,700,15,327.052,-70.3465,-60,0,3,1,1,internal_airspace,0,1
38,fence24,tiered_wall,random_waypoint,4,560,520,628.213,465.785,20,8,600,700,15,235.961,-67.511,-60,0,3,1,1,internal_airspace,0,1
38,fence24,tiered_wall,random_waypoint,4,560,520,628.213,465.785,20,9,700,700,15,245.02,-67.8383,-60,0,3,1,1,internal_airspace,0,1
38,fence24,tiered_wall,random_waypoint,4,560,520,628.213,465.785,20,10,750,700,15,264.033,-68.4874,-60,0,3,1,1,internal_airspace,0,1
38,fence24,tiered_wall,random_waypoint,4,560,520,628.213,465.785,20,11,750,650,15,220.889,-66.9377,-60,0,3,1,1,internal_airspace,0,1
38,fence24,tiered_wall,random_waypoint,4,560,520,628.213,465.785,20,12,750,550,15,148.152,-63.4684,-60,0,3,1,1,internal_airspace,0,1
38,fence24,tiered_wall,random_waypoint,4,560,520,628.213,465.785,20,13,750,450,15,122.907,-61.8458,-60,0,3,1,1,internal_airspace,0,1
38,fence24,tiered_wall,random_waypoint,4,560,520,628.213,465.785,20,14,750,350,15,168.117,-64.5665,-60,0,3,1,1,internal_airspace,0,1
38,fence24,tiered_wall,random_waypoint,4,560,520,628.213,465.785,20,15,750,300,15,205.771,-66.3219,-60,0,3,1,1,internal_airspace,0,1
38,fence24,tiered_wall,random_waypoint,4,560,520,628.213,465.785,20,16,700,300,15,180.73,-65.1948,-60,0,3,1,1,internal_airspace,0,1
38,fence24,tiered_wall,random_waypoint,4,560,520,628.213,465.785,20,17,600,300,15,168.243,-64.573,-60,0,3,1,1,internal_airspace,0,1
38,fence24,tiered_wall,random_waypoint,4,560,520,628.213,465.785,20,18,400,300,15,282.119,-69.0629,-60,0,3,1,1,internal_airspace,0,1
38,fence24,tiered_wall,random_waypoint,4,560,520,628.213,465.785,20,19,300,300,15,367.741,-71.3651,-60,0,3,1,1,internal_airspace,0,1
38,fence24,tiered_wall,random_waypoint,4,560,520,628.213,465.785,20,20,300,500,15,330.03,-70.4253,-70,0,3,1,1,internal_airspace,0,1
38,fence24,tiered_wall,random_waypoint,4,560,520,628.213,465.785,20,21,500,350,15,172.829,-64.8066,-70,1,3,1,1,internal_airspace,0,1
38,fence24,tiered_wall,random_waypoint,4,560,520,628.213,465.785,20,22,700,500,15,79.6805,-58.0813,-70,1,3,1,1,internal_airspace,0,1
38,fence24,tiered_wall,random_waypoint,4,560,520,628.213,465.785,20,23,500,650,15,224.496,-67.0784,-70,1,3,1,1,internal_airspace,0,1
39,fence24,tiered_wall,random_waypoint,4,560,520,620.385,472.007,20,0,250,300,15,408.407,-72.2761,-60,0,3,1,1,internal_airspace,0,1
39,fence24,tiered_wall,random_waypoint,4,560,520,620.385,472.007,20,1,250,350,15,389.994,-71.8754,-60,0,3,1,1,internal_airspace,0,1
39,fence24,tiered_wall,random_waypoint,4,560,520,620.385,472.007,20,2,250,450,15,371.072,-71.4434,-60,0,3,1,1,internal_airspace,0,1
39,fence24,tiered_wall,random_waypoint,4,560,520,620.385,472.007,20,3,250,550,15,378.54,-71.6165,-60,0,3,1,1,internal_airspace,0,1
39,fence24,tiered_wall,random_waypoint,4,560,520,620.385,472.007,20,4,250,650,15,410.964,-72.3303,-60,0,3,1,1,internal_airspace,0,1
39,fence24,tiered_wall,random_waypoint,4,560,520,620.385,472.007,20,5,250,700,15,434.96,-72.8232,-60,0,3,1,1,internal_airspace,0,1
39,fence24,tiered_wall,random_waypoint,4,560,520,620.385,472.007,20,6,300,700,15,393.258,-71.9478,-60,0,3,1,1,internal_airspace,0,1
39,fence24,tiered_wall,random_waypoint,4,560,520,620.385,472.007,20,7,400,700,15,317.136,-70.0791,-60,0,3,1,1,internal_airspace,0,1
39,fence24,tiered_wall,random_waypoint,4,560,520,620.385,472.007,20,8,600,700,15,228.957,-67.2493,-60,0,3,1,1,internal_airspace,0,1
39,fence24,tiered_wall,random_waypoint,4,560,520,620.385,472.007,20,9,700,700,15,241.545,-67.7142,-60,0,3,1,1,internal_airspace,0,1
39,fence24,tiered_wall,random_waypoint,4,560,520,620.385,472.007,20,10,750,700,15,262.309,-68.4305,-60,0,3,1,1,internal_airspace,0,1
39,fence24,tiered_wall,random_waypoint,4,560,520,620.385,472.007,20,11,750,650,15,220.242,-66.9122,-60,0,3,1,1,internal_airspace,0,1
39,fence24,tiered_wall,random_waypoint,4,560,520,620.385,472.007,20,12,750,550,15,151.354,-63.6541,-60,0,3,1,1,internal_airspace,0,1
39,fence24,tiered_wall,random_waypoint,4,560,520,620.385,472.007,20,13,750,450,15,131.565,-62.4371,-60,0,3,1,1,internal_airspace,0,1
39,fence24,tiered_wall,random_waypoint,4,560,520,620.385,472.007,20,14,750,350,15,178.076,-65.0663,-60,0,3,1,1,internal_airspace,0,1
39,fence24,tiered_wall,random_waypoint,4,560,520,620.385,472.007,20,15,750,300,15,215.434,-66.7205,-60,0,3,1,1,internal_airspace,0,1
39,fence24,tiered_wall,random_waypoint,4,560,520,620.385,472.007,20,16,700,300,15,189.605,-65.6112,-60,0,3,1,1,internal_airspace,0,1
39,fence24,tiered_wall,random_waypoint,4,560,520,620.385,472.007,20,17,600,300,15,173.283,-64.8294,-60,0,3,1,1,internal_airspace,0,1
39,fence24,tiered_wall,random_waypoint,4,560,520,620.385,472.007,20,18,400,300,15,279.609,-68.9852,-60,0,3,1,1,internal_airspace,0,1
39,fence24,tiered_wall,random_waypoint,4,560,520,620.385,472.007,20,19,300,300,15,363.673,-71.2684,-60,0,3,1,1,internal_airspace,0,1
39,fence24,tiered_wall,random_waypoint,4,560,520,620.385,472.007,20,20,300,500,15,321.644,-70.2017,-70,0,3,1,1,internal_airspace,0,1
39,fence24,tiered_wall,random_waypoint,4,560,520,620.385,472.007,20,21,500,350,15,171.474,-64.7382,-70,1,3,1,1,internal_airspace,0,1
39,fence24,tiered_wall,random_waypoint,4,560,520,620.385,472.007,20,22,700,500,15,84.5411,-58.5956,-70,1,3,1,1,internal_airspace,0,1
39,fence24,tiered_wall,random_waypoint,4,560,520,620.385,472.007,20,23,500,650,15,214.939,-66.7005,-70,1,3,1,1,internal_airspace,0,1
40,fence24,tiered_wall,random_waypoint,4,560,520,612.556,478.229,20,0,250,300,15,404.027,-72.1824,-60,0,4,1,1,internal_airspace,0,1
40,fence24,tiered_wall,random_waypoint,4,560,520,612.556,478.229,20,1,250,350,15,384.597,-71.7543,-60,0,4,1,1,internal_airspace,0,1
40,fence24,tiered_wall,random_waypoint,4,560,520,612.556,478.229,20,2,250,450,15,363.688,-71.2688,-60,0,4,1,1,internal_airspace,0,1
40,fence24,tiered_wall,random_waypoint,4,560,520,612.556,478.229,20,3,250,550,15,369.625,-71.4095,-60,0,4,1,1,internal_airspace,0,1
40,fence24,tiered_wall,random_waypoint,4,560,520,612.556,478.229,20,4,250,650,15,401.219,-72.1219,-60,0,4,1,1,internal_airspace,0,1
40,fence24,tiered_wall,random_waypoint,4,560,520,612.556,478.229,20,5,250,700,15,425.034,-72.6227,-60,0,4,1,1,internal_airspace,0,1
40,fence24,tiered_wall,random_waypoint,4,560,520,612.556,478.229,20,6,300,700,15,383.273,-71.7244,-60,0,4,1,1,internal_airspace,0,1
40,fence24,tiered_wall,random_waypoint,4,560,520,612.556,478.229,20,7,400,700,15,307.225,-69.8034,-60,0,4,1,1,internal_airspace,0,1
40,fence24,tiered_wall,random_waypoint,4,560,520,612.556,478.229,20,8,600,700,15,222.182,-66.9884,-60,0,4,1,1,internal_airspace,0,1
40,fence24,tiered_wall,random_waypoint,4,560,520,612.556,478.229,20,9,700,700,15,238.44,-67.6018,-60,0,4,1,1,internal_airspace,0,1
40,fence24,tiered_wall,random_waypoint,4,560,520,612.556,478.229,20,10,750,700,15,260.956,-68.3856,-60,0,4,1,1,internal_airspace,0,1
40,fence24,tiered_wall,random_waypoint,4,560,520,612.556,478.229,20,11,750,650,15,220.048,-66.9046,-60,0,4,1,1,internal_airspace,0,1
40,fence24,tiered_wall,random_waypoint,4,560,520,612.556,478.229,20,12,750,550,15,155.135,-63.8684,-60,0,4,1,1,internal_airspace,0,1
40,fence24,tiered_wall,random_waypoint,4,560,520,612.556,478.229,20,13,750,450,15,140.402,-63.0017,-60,0,4,1,1,internal_airspace,0,1
40,fence24,tiered_wall,random_waypoint,4,560,520,612.556,478.229,20,14,750,350,15,188.039,-65.5392,-60,0,4,1,1,internal_airspace,0,1
40,fence24,tiered_wall,random_waypoint,4,560,520,612.556,478.229,20,15,750,300,15,225.126,-67.1027,-60,0,4,1,1,internal_airspace,0,1
40,fence24,tiered_wall,random_waypoint,4,560,520,612.556,478.229,20,16,700,300,15,198.588,-66.0133,-60,0,4,1,1,internal_airspace,0,1
40,fence24,tiered_wall,random_waypoint,4,560,520,612.556,478.229,20,17,600,300,15,178.741,-65.0987,-60,0,4,1,1,internal_airspace,0,1
40,fence24,tiered_wall,random_waypoint,4,560,520,612.556,478.229,20,18,400,300,15,277.436,-68.9175,-60,0,4,1,1,internal_airspace,0,1
40,fence24,tiered_wall,random_waypoint,4,560,520,612.556,478.229,20,19,300,300,15,359.836,-71.1763,-60,0,4,1,1,internal_airspace,0,1
40,fence24,tiered_wall,random_waypoint,4,560,520,612.556,478.229,20,20,300,500,15,313.353,-69.9749,-70,1,4,1,1,internal_airspace,0,1
40,fence24,tiered_wall,random_waypoint,4,560,520,612.556,478.229,20,21,500,350,15,170.695,-64.6986,-70,1,4,1,1,internal_airspace,0,1
40,fence24,tiered_wall,random_waypoint,4,560,520,612.556,478.229,20,22,700,500,15,90.2519,-59.1634,-70,1,4,1,1,internal_airspace,0,1
40,fence24,tiered_wall,random_waypoint,4,560,520,612.556,478.229,20,23,500,650,15,205.424,-66.3072,-70,1,4,1,1,internal_airspace,0,1
41,fence24,tiered_wall,random_waypoint,4,560,520,604.727,484.451,20,0,250,300,15,399.849,-72.0921,-60,0,4,1,1,internal_airspace,0,1
41,fence24,tiered_wall,random_waypoint,4,560,520,604.727,484.451,20,1,250,350,15,379.386,-71.6359,-60,0,4,1,1,internal_airspace,0,1
41,fence24,tiered_wall,random_waypoint,4,560,520,604.727,484.451,20,2,250,450,15,356.432,-71.0937,-60,0,4,1,1,internal_airspace,0,1
41,fence24,tiered_wall,random_waypoint,4,560,520,604.727,484.451,20,3,250,550,15,360.767,-71.1988,-60,0,4,1,1,internal_airspace,0,1
41,fence24,tiered_wall,random_waypoint,4,560,520,604.727,484.451,20,4,250,650,15,391.488,-71.9086,-60,0,4,1,1,internal_airspace,0,1
41,fence24,tiered_wall,random_waypoint,4,560,520,604.727,484.451,20,5,250,700,15,415.112,-72.4175,-60,0,4,1,1,internal_airspace,0,1
41,fence24,tiered_wall,random_waypoint,4,560,520,604.727,484.451,20,6,300,700,15,373.289,-71.4951,-60,0,4,1,1,internal_airspace,0,1
41,fence24,tiered_wall,random_waypoint,4,560,520,604.727,484.451,20,7,400,700,15,297.321,-69.5187,-60,0,4,1,1,internal_airspace,0,1
41,fence24,tiered_wall,random_waypoint,4,560,520,604.727,484.451,20,8,600,700,15,215.658,-66.7296,-60,0,4,1,1,internal_airspace,0,1
41,fence24,tiered_wall,random_waypoint,4,560,520,604.727,484.451,20,9,700,700,15,235.718,-67.5021,-60,0,4,1,1,internal_airspace,0,1
41,fence24,tiered_wall,random_waypoint,4,560,520,604.727,484.451,20,10,750,700,15,259.981,-68.3531,-60,0,4,1,1,internal_airspace,0,1
41,fence24,tiered_wall,random_waypoint,4,560,520,604.727,484.451,20,11,750,650,15,220.308,-66.9148,-60,0,4,1,1,internal_airspace,0,1
41,fence24,tiered_wall,random_waypoint,4,560,520,604.727,484.451,20,12,750,550,15,159.454,-64.107,-60,0,4,1,1,internal_airspace,0,1
41,fence24,tiered_wall,random_waypoint,4,560,520,604.727,484.451,20,13,750,450,15,149.385,-63.5404,-60,0,4,1,1,internal_airspace,0,1
41,fence24,tiered_wall,random_waypoint,4,560,520,604.727,484.451,20,14,750,350,15,198.006,-65.9878,-60,0,4,1,1,internal_airspace,0,1
41,fence24,tiered_wall,random_waypoint,4,560,520,604.727,484.451,20,15,750,300,15,234.843,-67.4698,-60,0,4,1,1,internal_airspace,0,1
41,fence24,tiered_wall,random_waypoint,4,560,520,604.727,484.451,20,16,700,300,15,207.664,-66.4014,-60,0,4,1,1,internal_airspace,0,1
41,fence24,tiered_wall,random_waypoint,4,560,520,604.727,484.451,20,17,600,300,15,184.58,-65.3779,-60,0,4,1,1,internal_airspace,0,1
41,fence24,tiered_wall,random_waypoint,4,560,520,604.727,484.451,20,18,400,300,15,275.61,-68.8601,-60,0,4,1,1,internal_airspace,0,1
41,fence24,tiered_wall,random_waypoint,4,560,520,604.727,484.451,20,19,300,300,15,356.239,-71.0891,-60,0,4,1,1,internal_airspace,0,1
41,fence24,tiered_wall,random_waypoint,4,560,520,604.727,484.451,20,20,300,500,15,305.165,-69.7449,-70,1,4,1,1,internal_airspace,0,1
41,fence24,tiered_wall,random_waypoint,4,560,520,604.727,484.451,20,21,500,350,15,170.499,-64.6887,-70,1,4,1,1,internal_airspace,0,1
41,fence24,tiered_wall,random_waypoint,4,560,520,604.727,484.451,20,22,700,500,15,96.6624,-59.7594,-70,1,4,1,1,internal_airspace,0,1
41,fence24,tiered_wall,random_waypoint,4,560,520,604.727,484.451,20,23,500,650,15,195.957,-65.8974,-70,1,4,1,1,internal_airspace,0,1
42,fence24,tiered_wall,random_waypoint,4,560,520,596.899,490.673,20,0,250,300,15,395.879,-72.0055,-60,0,4,1,1,critical_zone,0,1
42,fence24,tiered_wall,random_waypoint,4,560,520,596.899,490.673,20,1,250,350,15,374.37,-71.5202,-60,0,4,1,1,critical_zone,0,1
42,fence24,tiered_wall,random_waypoint,4,560,520,596.899,490.673,20,2,250,450,15,349.311,-70.9185,-60,0,4,1,1,critical_zone,0,1
42,fence24,tiered_wall,random_waypoint,4,560,520,596.899,490.673,20,3,250,550,15,351.971,-70.9844,-60,0,4,1,1,critical_zone,0,1
42,fence24,tiered_wall,random_waypoint,4,560,520,596.899,490.673,20,4,250,650,15,381.771,-71.6903,-60,0,4,1,1,critical_zone,0,1
42,fence24,tiered_wall,random_waypoint,4,560,520,596.899,490.673,20,5,250,700,15,405.193,-72.2075,-60,0,4,1,1,critical_zone,0,1
42,fence24,tiered_wall,random_waypoint,4,560,520,596.899,490.673,20,6,300,700,15,363.306,-71.2597,-60,0,4,1,1,critical_zone,0,1
42,fence24,tiered_wall,random_waypoint,4,560,520,596.899,490.673,20,7,400,700,15,287.423,-69.2246,-60,0,4,1,1,critical_zone,0,1
42,fence24,tiered_wall,random_waypoint,4,560,520,596.899,490.673,20,8,600,700,15,209.409,-66.4741,-60,0,4,1,1,critical_zone,0,1
42,fence24,tiered_wall,random_waypoint,4,560,520,596.899,490.673,20,9,700,700,15,233.393,-67.416,-60,0,4,1,1,critical_zone,0,1
42,fence24,tiered_wall,random_waypoint,4,560,520,596.899,490.673,20,10,750,700,15,259.389,-68.3332,-60,0,4,1,1,critical_zone,0,1
42,fence24,tiered_wall,random_waypoint,4,560,520,596.899,490.673,20,11,750,650,15,221.02,-66.9429,-60,0,4,1,1,critical_zone,0,1
42,fence24,tiered_wall,random_waypoint,4,560,520,596.899,490.673,20,12,750,550,15,164.27,-64.3654,-60,0,4,1,1,critical_zone,0,1
42,fence24,tiered_wall,random_waypoint,4,560,520,596.899,490.673,20,13,750,450,15,158.491,-64.0543,-60,0,4,1,1,critical_zone,0,1
42,fence24,tiered_wall,random_waypoint,4,560,520,596.899,490.673,20,14,750,350,15,207.976,-66.4145,-60,0,4,1,1,critical_zone,0,1
42,fence24,tiered_wall,random_waypoint,4,560,520,596.899,490.673,20,15,750,300,15,244.584,-67.8228,-60,0,4,1,1,critical_zone,0,1
42,fence24,tiered_wall,random_waypoint,4,560,520,596.899,490.673,20,16,700,300,15,216.821,-66.7762,-60,0,4,1,1,critical_zone,0,1
42,fence24,tiered_wall,random_waypoint,4,560,520,596.899,490.673,20,17,600,300,15,190.764,-65.6642,-60,0,4,1,1,critical_zone,0,1
42,fence24,tiered_wall,random_waypoint,4,560,520,596.899,490.673,20,18,400,300,15,274.136,-68.8135,-60,0,4,1,1,critical_zone,0,1
42,fence24,tiered_wall,random_waypoint,4,560,520,596.899,490.673,20,19,300,300,15,352.889,-71.007,-60,0,4,1,1,critical_zone,0,1
42,fence24,tiered_wall,random_waypoint,4,560,520,596.899,490.673,20,20,300,500,15,297.087,-69.5119,-70,1,4,1,1,critical_zone,0,1
42,fence24,tiered_wall,random_waypoint,4,560,520,596.899,490.673,20,21,500,350,15,170.89,-64.7086,-70,1,4,1,1,critical_zone,0,1
42,fence24,tiered_wall,random_waypoint,4,560,520,596.899,490.673,20,22,700,500,15,103.643,-60.365,-70,1,4,1,1,critical_zone,0,1
42,fence24,tiered_wall,random_waypoint,4,560,520,596.899,490.673,20,23,500,650,15,186.546,-65.4699,-70,1,4,1,1,critical_zone,0,1
43,fence24,tiered_wall,random_waypoint,4,560,520,589.07,496.895,20,0,250,300,15,392.124,-71.9227,-60,0,4,1,1,critical_zone,0,1
43,fence24,tiered_wall,random_waypoint,4,560,520,589.07,496.895,20,1,250,350,15,369.556,-71.4078,-60,0,4,1,1,critical_zone,0,1
43,fence24,tiered_wall,random_waypoint,4,560,520,589.07,496.895,20,2,250,450,15,342.334,-70.7432,-60,0,4,1,1,critical_zone,0,1
43,fence24,tiered_wall,random_waypoint,4,560,520,589.07,496.895,20,3,250,550,15,343.24,-70.7662,-60,0,4,1,1,critical_zone,0,1
43,fence24,tiered_wall,random_waypoint,4,560,520,589.07,496.895,20,4,250,650,15,372.068,-71.4667,-60,0,4,1,1,critical_zone,0,1
43,fence24,tiered_wall,random_waypoint,4,560,520,589.07,496.895,20,5,250,700,15,395.279,-71.9923,-60,0,4,1,1,critical_zone,0,1
43,fence24,tiered_wall,random_waypoint,4,560,520,589.07,496.895,20,6,300,700,15,353.324,-71.0177,-60,0,4,1,1,critical_zone,0,1
43,fence24,tiered_wall,random_waypoint,4,560,520,589.07,496.895,20,7,400,700,15,277.532,-68.9205,-60,0,4,1,1,critical_zone,0,1
43,fence24,tiered_wall,random_waypoint,4,560,520,589.07,496.895,20,8,600,700,15,203.46,-66.2238,-60,0,4,1,1,critical_zone,0,1
43,fence24,tiered_wall,random_waypoint,4,560,520,589.07,496.895,20,9,700,700,15,231.478,-67.3444,-60,0,4,1,1,critical_zone,0,1
43,fence24,tiered_wall,random_waypoint,4,560,520,589.07,496.895,20,10,750,700,15,259.181,-68.3263,-60,0,4,1,1,critical_zone,0,1
43,fence24,tiered_wall,random_waypoint,4,560,520,589.07,496.895,20,11,750,650,15,222.181,-66.9884,-60,0,4,1,1,critical_zone,0,1
43,fence24,tiered_wall,random_waypoint,4,560,520,589.07,496.895,20,12,750,550,15,169.539,-64.6396,-60,0,4,1,1,critical_zone,0,1
43,fence24,tiered_wall,random_waypoint,4,560,520,589.07,496.895,20,13,750,450,15,167.698,-64.5448,-60,0,4,1,1,critical_zone,0,1
43,fence24,tiered_wall,random_waypoint,4,560,520,589.07,496.895,20,14,750,350,15,217.949,-66.8213,-60,0,4,1,1,critical_zone,0,1
43,fence24,tiered_wall,random_waypoint,4,560,520,589.07,496.895,20,15,750,300,15,254.345,-68.1627,-60,0,4,1,1,critical_zone,0,1
43,fence24,tiered_wall,random_waypoint,4,560,520,589.07,496.895,20,16,700,300,15,226.049,-67.1383,-60,0,4,1,1,critical_zone,0,1
43,fence24,tiered_wall,random_waypoint,4,560,520,589.07,496.895,20,17,600,300,15,197.262,-65.9551,-60,0,4,1,1,critical_zone,0,1
43,fence24,tiered_wall,random_waypoint,4,560,520,589.07,496.895,20,18,400,300,15,273.021,-68.7781,-60,0,4,1,1,critical_zone,0,1
43,fence24,tiered_wall,random_waypoint,4,560,520,589.07,496.895,20,19,300,300,15,349.792,-70.9304,-60,0,4,1,1,critical_zone,0,1
43,fence24,tiered_wall,random_waypoint,4,560,520,589.07,496.895,20,20,300,500,15,289.13,-69.2761,-70,1,4,1,1,critical_zone,0,1
43,fence24,tiered_wall,random_waypoint,4,560,520,589.07,496.895,20,21,500,350,15,171.863,-64.7579,-70,1,4,1,1,critical_zone,0,1
43,fence24,tiered_wall,random_waypoint,4,560,520,589.07,496.895,20,22,700,500,15,111.086,-60.9674,-70,1,4,1,1,critical_zone,0,1
43,fence24,tiered_wall,random_waypoint,4,560,520,589.07,496.895,20,23,500,650,15,177.199,-65.0235,-70,1,4,1,1,critical_zone,0,1
44,fence24,tiered_wall,random_waypoint,4,560,520,581.242,503.117,20,0,250,300,15,388.591,-71.8441,-60,0,4,1,1,critical_zone,0,1
44,fence24,tiered_wall,random_waypoint,4,560,520,581.242,503.117,20,1,250,350,15,364.953,-71.299,-60,0,4,1,1,critical_zone,0,1
44,fence24,tiered_wall,random_waypoint,4,560,520,581.242,503.117,20,2,250,450,15,335.511,-70.5684,-60,0,4,1,1,critical_zone,0,1
44,fence24,tiered_wall,random_waypoint,4,560,520,581.242,503.117,20,3,250,550,15,334.58,-70.5442,-60,0,4,1,1,critical_zone,0,1
44,fence24,tiered_wall,random_waypoint,4,560,520,581.242,503.117,20,4,250,650,15,362.382,-71.2376,-60,0,4,1,1,critical_zone,0,1
44,fence24,tiered_wall,random_waypoint,4,560,520,581.242,503.117,20,5,250,700,15,385.368,-71.7717,-60,0,4,1,1,critical_zone,0,1
44,fence24,tiered_wall,random_waypoint,4,560,520,581.242,503.117,20,6,300,700,15,343.343,-70.7688,-60,0,4,1,1,critical_zone,0,1
44,fence24,tiered_wall,random_waypoint,4,560,520,581.242,503.117,20,7,400,700,15,267.65,-68.6056,-60,0,4,1,1,critical_zone,0,1
44,fence24,tiered_wall,random_waypoint,4,560,520,581.242,503.117,20,8,600,700,15,197.837,-65.9804,-60,0,4,1,1,critical_zone,0,1
44,fence24,tiered_wall,random_waypoint,4,560,520,581.242,503.117,20,9,700,700,15,229.981,-67.2881,-60,0,4,1,1,critical_zone,0,1
44,fence24,tiered_wall,random_waypoint,4,560,520,581.242,503.117,20,10,750,700,15,259.359,-68.3323,-60,0,4,1,1,critical_zone,0,1
44,fence24,tiered_wall,random_waypoint,4,560,520,581.242,503.117,20,11,750,650,15,223.783,-67.0508,-60,0,4,1,1,critical_zone,0,1
44,fence24,tiered_wall,random_waypoint,4,560,520,581.242,503.117,20,12,750,550,15,175.221,-64.9259,-60,0,4,1,1,critical_zone,0,1
44,fence24,tiered_wall,random_waypoint,4,560,520,581.242,503.117,20,13,750,450,15,176.991,-65.0133,-60,0,4,1,1,critical_zone,0,1
44,fence24,tiered_wall,random_waypoint,4,560,520,581.242,503.117,20,14,750,350,15,227.924,-67.21,-60,0,4,1,1,critical_zone,0,1
44,fence24,tiered_wall,random_waypoint,4,560,520,581.242,503.117,20,15,750,300,15,264.123,-68.4904,-60,0,4,1,1,critical_zone,0,1
44,fence24,tiered_wall,random_waypoint,4,560,520,581.242,503.117,20,16,700,300,15,235.341,-67.4882,-60,0,4,1,1,critical_zone,0,1
44,fence24,tiered_wall,random_waypoint,4,560,520,581.242,503.117,20,17,600,300,15,204.043,-66.2487,-60,0,4,1,1,critical_zone,0,1
44,fence24,tiered_wall,random_waypoint,4,560,520,581.242,503.117,20,18,400,300,15,272.269,-68.7542,-60,0,4,1,1,critical_zone,0,1
44,fence24,tiered_wall,random_waypoint,4,560,520,581.242,503.117,20,19,300,300,15,346.956,-70.8597,-60,0,4,1,1,critical_zone,0,1
44,fence24,tiered_wall,random_waypoint,4,560,520,581.242,503.117,20,20,300,500,15,281.303,-69.0377,-70,1,4,1,1,critical_zone,0,1
44,fence24,tiered_wall,random_waypoint,4,560,520,581.242,503.117,20,21,500,350,15,173.408,-64.8356,-70,1,4,1,1,critical_zone,0,1
44,fence24,tiered_wall,random_waypoint,4,560,520,581.242,503.117,20,22,700,500,15,118.904,-61.5582,-70,1,4,1,1,critical_zone,0,1
44,fence24,tiered_wall,random_waypoint,4,560,520,581.242,503.117,20,23,500,650,15,167.928,-64.5567,-70,1,4,1,1,critical_zone,0,1
45,fence24,tiered_wall,random_waypoint,4,560,520,573.413,509.339,20,0,250,300,15,385.284,-71.7699,-60,0,4,1,1,critical_zone,0,1
45,fence24,tiered_wall,random_waypoint,4,560,520,573.413,509.339,20,1,250,350,15,360.569,-71.194,-60,0,4,1,1,critical_zone,0,1
45,fence24,tiered_wall,random_waypoint,4,560,520,573.413,509.339,20,2,250,450,15,328.85,-70.3942,-60,0,4,1,1,critical_zone,0,1
45,fence24,tiered_wall,random_waypoint,4,560,520,573.413,509.339,20,3,250,550,15,325.997,-70.3185,-60,0,4,1,1,critical_zone,0,1
45,fence24,tiered_wall,random_waypoint,4,560,520,573.413,509.339,20,4,250,650,15,352.713,-71.0027,-60,0,4,1,1,critical_zone,0,1
45,fence24,tiered_wall,random_waypoint,4,560,520,573.413,509.339,20,5,250,700,15,375.463,-71.5456,-60,0,4,1,1,critical_zone,0,1
45,fence24,tiered_wall,random_waypoint,4,560,520,573.413,509.339,20,6,300,700,15,333.363,-70.5126,-60,0,4,1,1,critical_zone,0,1
45,fence24,tiered_wall,random_waypoint,4,560,520,573.413,509.339,20,7,400,700,15,257.776,-68.2791,-60,0,4,1,1,critical_zone,0,1
45,fence24,tiered_wall,random_waypoint,4,560,520,573.413,509.339,20,8,600,700,15,192.57,-65.746,-60,0,4,1,1,critical_zone,0,1
45,fence24,tiered_wall,random_waypoint,4,560,520,573.413,509.339,20,9,700,700,15,228.912,-67.2476,-60,0,4,1,1,critical_zone,0,1
45,fence24,tiered_wall,random_waypoint,4,560,520,573.413,509.339,20,10,750,700,15,259.922,-68.3511,-60,0,4,1,1,critical_zone,0,1
45,fence24,tiered_wall,random_waypoint,4,560,520,573.413,509.339,20,11,750,650,15,225.817,-67.1294,-60,0,4,1,1,critical_zone,0,1
45,fence24,tiered_wall,random_waypoint,4,560,520,573.413,509.339,20,12,750,550,15,181.277,-65.2211,-60,0,4,1,1,critical_zone,0,1
45,fence24,tiered_wall,random_waypoint,4,560,520,573.413,509.339,20,13,750,450,15,186.357,-65.4612,-60,0,4,1,1,critical_zone,0,1
45,fence24,tiered_wall,random_waypoint,4,560,520,573.413,509.339,20,14,750,350,15,237.901,-67.5822,-60,0,4,1,1,critical_zone,0,1
45,fence24,tiered_wall,random_waypoint,4,560,520,573.413,509.339,20,15,750,300,15,273.918,-68.8066,-60,0,4,1,1,critical_zone,0,1
45,fence24,tiered_wall,random_waypoint,4,560,520,573.413,509.339,20,16,700,300,15,244.688,-67.8265,-60,0,4,1,1,critical_zone,0,1
45,fence24,tiered_wall,random_waypoint,4,560,520,573.413,509.339,20,17,600,300,15,211.08,-66.5432,-60,0,4,1,1,critical_zone,0,1
45,fence24,tiered_wall,random_waypoint,4,560,520,573.413,509.339,20,18,400,300,15,271.883,-68.7419,-60,0,4,1,1,critical_zone,0,1
45,fence24,tiered_wall,random_waypoint,4,560,520,573.413,509.339,20,19,300,300,15,344.388,-70.7952,-60,0,4,1,1,critical_zone,0,1
45,fence24,tiered_wall,random_waypoint,4,560,520,573.413,509.339,20,20,300,500,15,273.618,-68.7971,-70,1,4,1,1,critical_zone,0,1
45,fence24,tiered_wall,random_waypoint,4,560,520,573.413,509.339,20,21,500,350,15,175.509,-64.9402,-70,1,4,1,1,critical_zone,0,1
45,fence24,tiered_wall,random_waypoint,4,560,520,573.413,509.339,20,22,700,500,15,127.029,-62.1323,-70,1,4,1,1,critical_zone,0,1
45,fence24,tiered_wall,random_waypoint,4,560,520,573.413,509.339,20,23,500,650,15,158.745,-64.0682,-70,1,4,1,1,critical_zone,0,1
46,fence24,tiered_wall,random_waypoint,4,560,520,565.585,515.561,20,0,250,300,15,382.211,-71.7003,-60,0,4,1,1,critical_zone,0,1
46,fence24,tiered_wall,random_waypoint,4,560,520,565.585,515.561,20,1,250,350,15,356.412,-71.0933,-60,0,4,1,1,critical_zone,0,1
46,fence24,tiered_wall,random_waypoint,4,560,520,565.585,515.561,20,2,250,450,15,322.361,-70.2211,-60,0,4,1,1,critical_zone,0,1
46,fence24,tiered_wall,random_waypoint,4,560,520,565.585,515.561,20,3,250,550,15,317.497,-70.089,-60,0,4,1,1,critical_zone,0,1
46,fence24,tiered_wall,random_waypoint,4,560,520,565.585,515.561,20,4,250,650,15,343.063,-70.7617,-60,0,4,1,1,critical_zone,0,1
46,fence24,tiered_wall,random_waypoint,4,560,520,565.585,515.561,20,5,250,700,15,365.563,-71.3135,-60,0,4,1,1,critical_zone,0,1
46,fence24,tiered_wall,random_waypoint,4,560,520,565.585,515.561,20,6,300,700,15,323.385,-70.2486,-60,0,4,1,1,critical_zone,0,1
46,fence24,tiered_wall,random_waypoint,4,560,520,565.585,515.561,20,7,400,700,15,247.913,-67.9402,-60,0,4,1,1,critical_zone,0,1
46,fence24,tiered_wall,random_waypoint,4,560,520,565.585,515.561,20,8,600,700,15,187.689,-65.523,-60,0,4,1,1,critical_zone,0,1
46,fence24,tiered_wall,random_waypoint,4,560,520,565.585,515.561,20,9,700,700,15,228.276,-67.2234,-60,0,4,1,1,critical_zone,0,1
46,fence24,tiered_wall,random_waypoint,4,560,520,565.585,515.561,20,10,750,700,15,260.867,-68.3826,-60,0,4,1,1,critical_zone,0,1
46,fence24,tiered_wall,random_waypoint,4,560,520,565.585,515.561,20,11,750,650,15,228.271,-67.2232,-60,0,4,1,1,critical_zone,0,1
46,fence24,tiered_wall,random_waypoint,4,560,520,565.585,515.561,20,12,750,550,15,187.67,-65.5221,-60,0,4,1,1,critical_zone,0,1
46,fence24,tiered_wall,random_waypoint,4,560,520,565.585,515.561,20,13,750,450,15,195.787,-65.8899,-60,0,4,1,1,critical_zone,0,1
46,fence24,tiered_wall,random_waypoint,4,560,520,565.585,515.561,20,14,750,350,15,247.88,-67.9391,-60,0,4,1,1,critical_zone,0,1
46,fence24,tiered_wall,random_waypoint,4,560,520,565.585,515.561,20,15,750,300,15,283.727,-69.1122,-60,0,4,1,1,critical_zone,0,1
46,fence24,tiered_wall,random_waypoint,4,560,520,565.585,515.561,20,16,700,300,15,254.085,-68.1538,-60,0,4,1,1,critical_zone,0,1
46,fence24,tiered_wall,random_waypoint,4,560,520,565.585,515.561,20,17,600,300,15,218.349,-66.8372,-60,0,4,1,1,critical_zone,0,1
46,fence24,tiered_wall,random_waypoint,4,560,520,565.585,515.561,20,18,400,300,15,271.864,-68.7413,-60,0,4,1,1,critical_zone,0,1
46,fence24,tiered_wall,random_waypoint,4,560,520,565.585,515.561,20,19,300,300,15,342.092,-70.7371,-60,0,4,1,1,critical_zone,0,1
46,fence24,tiered_wall,random_waypoint,4,560,520,565.585,515.561,20,20,300,500,15,266.087,-68.5547,-70,1,4,1,1,critical_zone,0,1
46,fence24,tiered_wall,random_waypoint,4,560,520,565.585,515.561,20,21,500,350,15,178.149,-65.0699,-70,1,4,1,1,critical_zone,0,1
46,fence24,tiered_wall,random_waypoint,4,560,520,565.585,515.561,20,22,700,500,15,135.406,-62.687,-70,1,4,1,1,critical_zone,0,1
46,fence24,tiered_wall,random_waypoint,4,560,520,565.585,515.561,20,23,500,650,15,149.666,-63.5567,-70,1,4,1,1,critical_zone,0,1
47,fence24,tiered_wall,random_waypoint,4,560,520,560,520,20,0,250,300,15,380.164,-71.6537,-60,0,4,1,1,critical_zone,0,1
47,fence24,tiered_wall,random_waypoint,4,560,520,560,520,20,1,250,350,15,353.589,-71.0242,-60,0,4,1,1,critical_zone,0,1
47,fence24,tiered_wall,random_waypoint,4,560,520,560,520,20,2,250,450,15,317.844,-70.0985,-60,0,4,1,1,critical_zone,0,1
47,fence24,tiered_wall,random_waypoint,4,560,520,560,520,20,3,250,550,15,311.488,-69.9231,-60,0,4,1,1,critical_zone,0,1
47,fence24,tiered_wall,random_waypoint,4,560,520,560,520,20,4,250,650,15,336.192,-70.586,-60,0,4,1,1,critical_zone,0,1
47,fence24,tiered_wall,random_waypoint,4,560,520,560,520,20,5,250,700,15,358.504,-71.1441,-60,0,4,1,1,critical_zone,0,1
47,fence24,tiered_wall,random_waypoint,4,560,520,560,520,20,6,300,700,15,316.267,-70.0553,-60,0,4,1,1,critical_zone,0,1
47,fence24,tiered_wall,random_waypoint,4,560,520,560,520,20,7,400,700,15,240.884,-67.6904,-60,0,4,1,1,critical_zone,0,1
47,fence24,tiered_wall,random_waypoint,4,560,520,560,520,20,8,600,700,15,184.459,-65.3722,-60,0,4,1,1,critical_zone,0,1
47,fence24,tiered_wall,random_waypoint,4,560,520,560,520,20,9,700,700,15,228.09,-67.2163,-60,0,4,1,1,critical_zone,0,1
47,fence24,tiered_wall,random_waypoint,4,560,520,560,520,20,10,750,700,15,261.773,-68.4127,-60,0,4,1,1,critical_zone,0,1
47,fence24,tiered_wall,random_waypoint,4,560,520,560,520,20,11,750,650,15,230.272,-67.299,-60,0,4,1,1,critical_zone,0,1
47,fence24,tiered_wall,random_waypoint,4,560,520,560,520,20,12,750,550,15,192.419,-65.7392,-60,0,4,1,1,critical_zone,0,1
47,fence24,tiered_wall,random_waypoint,4,560,520,560,520,20,13,750,450,15,202.546,-66.1847,-60,0,4,1,1,critical_zone,0,1
47,fence24,tiered_wall,random_waypoint,4,560,520,560,520,20,14,750,350,15,255,-68.185,-60,0,4,1,1,critical_zone,0,1
47,fence24,tiered_wall,random_waypoint,4,560,520,560,520,20,15,750,300,15,290.732,-69.3241,-60,0,4,1,1,critical_zone,0,1
47,fence24,tiered_wall,random_waypoint,4,560,520,560,520,20,16,700,300,15,260.816,-68.3809,-60,0,4,1,1,critical_zone,0,1
47,fence24,tiered_wall,random_waypoint,4,560,520,560,520,20,17,600,300,15,223.663,-67.0461,-60,0,4,1,1,critical_zone,0,1
47,fence24,tiered_wall,random_waypoint,4,560,520,560,520,20,18,400,300,15,272.075,-68.748,-60,0,4,1,1,critical_zone,0,1
47,fence24,tiered_wall,random_waypoint,4,560,520,560,520,20,19,300,300,15,340.624,-70.6997,-60,0,4,1,1,critical_zone,0,1
47,fence24,tiered_wall,random_waypoint,4,560,520,560,520,20,20,300,500,15,260.816,-68.3809,-70,1,4,1,1,critical_zone,0,1
47,fence24,tiered_wall,random_waypoint,4,560,520,560,520,20,21,500,350,15,180.347,-65.1764,-70,1,4,1,1,critical_zone,0,1
47,fence24,tiered_wall,random_waypoint,4,560,520,560,520,20,22,700,500,15,141.51,-63.07,-70,1,4,1,1,critical_zone,0,1
47,fence24,tiered_wall,random_waypoint,4,560,520,560,520,20,23,500,650,15,143.265,-63.1771,-70,1,4,1,1,critical_zone,0,1
48,fence24,tiered_wall,random_waypoint,4,560,520,560,520,20,0,250,300,15,380.164,-71.6537,-60,0,4,1,1,critical_zone,0,1
48,fence24,tiered_wall,random_waypoint,4,560,520,560,520,20,1,250,350,15,353.589,-71.0242,-60,0,4,1,1,critical_zone,0,1
48,fence24,tiered_wall,random_waypoint,4,560,520,560,520,20,2,250,450,15,317.844,-70.0985,-60,0,4,1,1,critical_zone,0,1
48,fence24,tiered_wall,random_waypoint,4,560,520,560,520,20,3,250,550,15,311.488,-69.9231,-60,0,4,1,1,critical_zone,0,1
48,fence24,tiered_wall,random_waypoint,4,560,520,560,520,20,4,250,650,15,336.192,-70.586,-60,0,4,1,1,critical_zone,0,1
48,fence24,tiered_wall,random_waypoint,4,560,520,560,520,20,5,250,700,15,358.504,-71.1441,-60,0,4,1,1,critical_zone,0,1
48,fence24,tiered_wall,random_waypoint,4,560,520,560,520,20,6,300,700,15,316.267,-70.0553,-60,0,4,1,1,critical_zone,0,1
48,fence24,tiered_wall,random_waypoint,4,560,520,560,520,20,7,400,700,15,240.884,-67.6904,-60,0,4,1,1,critical_zone,0,1
48,fence24,tiered_wall,random_waypoint,4,560,520,560,520,20,8,600,700,15,184.459,-65.3722,-60,0,4,1,1,critical_zone,0,1
48,fence24,tiered_wall,random_waypoint,4,560,520,560,520,20,9,700,700,15,228.09,-67.2163,-60,0,4,1,1,critical_zone,0,1
48,fence24,tiered_wall,random_waypoint,4,560,520,560,520,20,10,750,700,15,261.773,-68.4127,-60,0,4,1,1,critical_zone,0,1
48,fence24,tiered_wall,random_waypoint,4,560,520,560,520,20,11,750,650,15,230.272,-67.299,-60,0,4,1,1,critical_zone,0,1
48,fence24,tiered_wall,random_waypoint,4,560,520,560,520,20,12,750,550,15,192.419,-65.7392,-60,0,4,1,1,critical_zone,0,1
48,fence24,tiered_wall,random_waypoint,4,560,520,560,520,20,13,750,450,15,202.546,-66.1847,-60,0,4,1,1,critical_zone,0,1
48,fence24,tiered_wall,random_waypoint,4,560,520,560,520,20,14,750,350,15,255,-68.185,-60,0,4,1,1,critical_zone,0,1
48,fence24,tiered_wall,random_waypoint,4,560,520,560,520,20,15,750,300,15,290.732,-69.3241,-60,0,4,1,1,critical_zone,0,1
48,fence24,tiered_wall,random_waypoint,4,560,520,560,520,20,16,700,300,15,260.816,-68.3809,-60,0,4,1,1,critical_zone,0,1
48,fence24,tiered_wall,random_waypoint,4,560,520,560,520,20,17,600,300,15,223.663,-67.0461,-60,0,4,1,1,critical_zone,0,1
48,fence24,tiered_wall,random_waypoint,4,560,520,560,520,20,18,400,300,15,272.075,-68.748,-60,0,4,1,1,critical_zone,0,1
48,fence24,tiered_wall,random_waypoint,4,560,520,560,520,20,19,300,300,15,340.624,-70.6997,-60,0,4,1,1,critical_zone,0,1
48,fence24,tiered_wall,random_waypoint,4,560,520,560,520,20,20,300,500,15,260.816,-68.3809,-70,1,4,1,1,critical_zone,0,1
48,fence24,tiered_wall,random_waypoint,4,560,520,560,520,20,21,500,350,15,180.347,-65.1764,-70,1,4,1,1,critical_zone,0,1
48,fence24,tiered_wall,random_waypoint,4,560,520,560,520,20,22,700,500,15,141.51,-63.07,-70,1,4,1,1,critical_zone,0,1
48,fence24,tiered_wall,random_waypoint,4,560,520,560,520,20,23,500,650,15,143.265,-63.1771,-70,1,4,1,1,critical_zone,0,1
49,fence24,tiered_wall,random_waypoint,4,560,520,560,520,20,0,250,300,15,380.164,-71.6537,-60,0,4,1,1,critical_zone,0,1
49,fence24,tiered_wall,random_waypoint,4,560,520,560,520,20,1,250,350,15,353.589,-71.0242,-60,0,4,1,1,critical_zone,0,1
49,fence24,tiered_wall,random_waypoint,4,560,520,560,520,20,2,250,450,15,317.844,-70.0985,-60,0,4,1,1,critical_zone,0,1
49,fence24,tiered_wall,random_waypoint,4,560,520,560,520,20,3,250,550,15,311.488,-69.9231,-60,0,4,1,1,critical_zone,0,1
49,fence24,tiered_wall,random_waypoint,4,560,520,560,520,20,4,250,650,15,336.192,-70.586,-60,0,4,1,1,critical_zone,0,1
49,fence24,tiered_wall,random_waypoint,4,560,520,560,520,20,5,250,700,15,358.504,-71.1441,-60,0,4,1,1,critical_zone,0,1
49,fence24,tiered_wall,random_waypoint,4,560,520,560,520,20,6,300,700,15,316.267,-70.0553,-60,0,4,1,1,critical_zone,0,1
49,fence24,tiered_wall,random_waypoint,4,560,520,560,520,20,7,400,700,15,240.884,-67.6904,-60,0,4,1,1,critical_zone,0,1
49,fence24,tiered_wall,random_waypoint,4,560,520,560,520,20,8,600,700,15,184.459,-65.3722,-60,0,4,1,1,critical_zone,0,1
49,fence24,tiered_wall,random_waypoint,4,560,520,560,520,20,9,700,700,15,228.09,-67.2163,-60,0,4,1,1,critical_zone,0,1
49,fence24,tiered_wall,random_waypoint,4,560,520,560,520,20,10,750,700,15,261.773,-68.4127,-60,0,4,1,1,critical_zone,0,1
49,fence24,tiered_wall,random_waypoint,4,560,520,560,520,20,11,750,650,15,230.272,-67.299,-60,0,4,1,1,critical_zone,0,1
49,fence24,tiered_wall,random_waypoint,4,560,520,560,520,20,12,750,550,15,192.419,-65.7392,-60,0,4,1,1,critical_zone,0,1
49,fence24,tiered_wall,random_waypoint,4,560,520,560,520,20,13,750,450,15,202.546,-66.1847,-60,0,4,1,1,critical_zone,0,1
49,fence24,tiered_wall,random_waypoint,4,560,520,560,520,20,14,750,350,15,255,-68.185,-60,0,4,1,1,critical_zone,0,1
49,fence24,tiered_wall,random_waypoint,4,560,520,560,520,20,15,750,300,15,290.732,-69.3241,-60,0,4,1,1,critical_zone,0,1
49,fence24,tiered_wall,random_waypoint,4,560,520,560,520,20,16,700,300,15,260.816,-68.3809,-60,0,4,1,1,critical_zone,0,1
49,fence24,tiered_wall,random_waypoint,4,560,520,560,520,20,17,600,300,15,223.663,-67.0461,-60,0,4,1,1,critical_zone,0,1
49,fence24,tiered_wall,random_waypoint,4,560,520,560,520,20,18,400,300,15,272.075,-68.748,-60,0,4,1,1,critical_zone,0,1
49,fence24,tiered_wall,random_waypoint,4,560,520,560,520,20,19,300,300,15,340.624,-70.6997,-60,0,4,1,1,critical_zone,0,1
49,fence24,tiered_wall,random_waypoint,4,560,520,560,520,20,20,300,500,15,260.816,-68.3809,-70,1,4,1,1,critical_zone,0,1
49,fence24,tiered_wall,random_waypoint,4,560,520,560,520,20,21,500,350,15,180.347,-65.1764,-70,1,4,1,1,critical_zone,0,1
49,fence24,tiered_wall,random_waypoint,4,560,520,560,520,20,22,700,500,15,141.51,-63.07,-70,1,4,1,1,critical_zone,0,1
49,fence24,tiered_wall,random_waypoint,4,560,520,560,520,20,23,500,650,15,143.265,-63.1771,-70,1,4,1,1,critical_zone,0,1
50,fence24,tiered_wall,random_waypoint,4,560,520,560,520,20,0,250,300,15,380.164,-71.6537,-60,0,4,1,1,critical_zone,0,1
50,fence24,tiered_wall,random_waypoint,4,560,520,560,520,20,1,250,350,15,353.589,-71.0242,-60,0,4,1,1,critical_zone,0,1
50,fence24,tiered_wall,random_waypoint,4,560,520,560,520,20,2,250,450,15,317.844,-70.0985,-60,0,4,1,1,critical_zone,0,1
50,fence24,tiered_wall,random_waypoint,4,560,520,560,520,20,3,250,550,15,311.488,-69.9231,-60,0,4,1,1,critical_zone,0,1
50,fence24,tiered_wall,random_waypoint,4,560,520,560,520,20,4,250,650,15,336.192,-70.586,-60,0,4,1,1,critical_zone,0,1
50,fence24,tiered_wall,random_waypoint,4,560,520,560,520,20,5,250,700,15,358.504,-71.1441,-60,0,4,1,1,critical_zone,0,1
50,fence24,tiered_wall,random_waypoint,4,560,520,560,520,20,6,300,700,15,316.267,-70.0553,-60,0,4,1,1,critical_zone,0,1
50,fence24,tiered_wall,random_waypoint,4,560,520,560,520,20,7,400,700,15,240.884,-67.6904,-60,0,4,1,1,critical_zone,0,1
50,fence24,tiered_wall,random_waypoint,4,560,520,560,520,20,8,600,700,15,184.459,-65.3722,-60,0,4,1,1,critical_zone,0,1
50,fence24,tiered_wall,random_waypoint,4,560,520,560,520,20,9,700,700,15,228.09,-67.2163,-60,0,4,1,1,critical_zone,0,1
50,fence24,tiered_wall,random_waypoint,4,560,520,560,520,20,10,750,700,15,261.773,-68.4127,-60,0,4,1,1,critical_zone,0,1
50,fence24,tiered_wall,random_waypoint,4,560,520,560,520,20,11,750,650,15,230.272,-67.299,-60,0,4,1,1,critical_zone,0,1
50,fence24,tiered_wall,random_waypoint,4,560,520,560,520,20,12,750,550,15,192.419,-65.7392,-60,0,4,1,1,critical_zone,0,1
50,fence24,tiered_wall,random_waypoint,4,560,520,560,520,20,13,750,450,15,202.546,-66.1847,-60,0,4,1,1,critical_zone,0,1
50,fence24,tiered_wall,random_waypoint,4,560,520,560,520,20,14,750,350,15,255,-68.185,-60,0,4,1,1,critical_zone,0,1
50,fence24,tiered_wall,random_waypoint,4,560,520,560,520,20,15,750,300,15,290.732,-69.3241,-60,0,4,1,1,critical_zone,0,1
50,fence24,tiered_wall,random_waypoint,4,560,520,560,520,20,16,700,300,15,260.816,-68.3809,-60,0,4,1,1,critical_zone,0,1
50,fence24,tiered_wall,random_waypoint,4,560,520,560,520,20,17,600,300,15,223.663,-67.0461,-60,0,4,1,1,critical_zone,0,1
50,fence24,tiered_wall,random_waypoint,4,560,520,560,520,20,18,400,300,15,272.075,-68.748,-60,0,4,1,1,critical_zone,0,1
50,fence24,tiered_wall,random_waypoint,4,560,520,560,520,20,19,300,300,15,340.624,-70.6997,-60,0,4,1,1,critical_zone,0,1
50,fence24,tiered_wall,random_waypoint,4,560,520,560,520,20,20,300,500,15,260.816,-68.3809,-70,1,4,1,1,critical_zone,0,1
50,fence24,tiered_wall,random_waypoint,4,560,520,560,520,20,21,500,350,15,180.347,-65.1764,-70,1,4,1,1,critical_zone,0,1
50,fence24,tiered_wall,random_waypoint,4,560,520,560,520,20,22,700,500,15,141.51,-63.07,-70,1,4,1,1,critical_zone,0,1
50,fence24,tiered_wall,random_waypoint,4,560,520,560,520,20,23,500,650,15,143.265,-63.1771,-70,1,4,1,1,critical_zone,0,1
51,fence24,tiered_wall,random_waypoint,4,560,520,560,520,20,0,250,300,15,380.164,-71.6537,-60,0,4,1,1,critical_zone,0,1
51,fence24,tiered_wall,random_waypoint,4,560,520,560,520,20,1,250,350,15,353.589,-71.0242,-60,0,4,1,1,critical_zone,0,1
51,fence24,tiered_wall,random_waypoint,4,560,520,560,520,20,2,250,450,15,317.844,-70.0985,-60,0,4,1,1,critical_zone,0,1
51,fence24,tiered_wall,random_waypoint,4,560,520,560,520,20,3,250,550,15,311.488,-69.9231,-60,0,4,1,1,critical_zone,0,1
51,fence24,tiered_wall,random_waypoint,4,560,520,560,520,20,4,250,650,15,336.192,-70.586,-60,0,4,1,1,critical_zone,0,1
51,fence24,tiered_wall,random_waypoint,4,560,520,560,520,20,5,250,700,15,358.504,-71.1441,-60,0,4,1,1,critical_zone,0,1
51,fence24,tiered_wall,random_waypoint,4,560,520,560,520,20,6,300,700,15,316.267,-70.0553,-60,0,4,1,1,critical_zone,0,1
51,fence24,tiered_wall,random_waypoint,4,560,520,560,520,20,7,400,700,15,240.884,-67.6904,-60,0,4,1,1,critical_zone,0,1
51,fence24,tiered_wall,random_waypoint,4,560,520,560,520,20,8,600,700,15,184.459,-65.3722,-60,0,4,1,1,critical_zone,0,1
51,fence24,tiered_wall,random_waypoint,4,560,520,560,520,20,9,700,700,15,228.09,-67.2163,-60,0,4,1,1,critical_zone,0,1
51,fence24,tiered_wall,random_waypoint,4,560,520,560,520,20,10,750,700,15,261.773,-68.4127,-60,0,4,1,1,critical_zone,0,1
51,fence24,tiered_wall,random_waypoint,4,560,520,560,520,20,11,750,650,15,230.272,-67.299,-60,0,4,1,1,critical_zone,0,1
51,fence24,tiered_wall,random_waypoint,4,560,520,560,520,20,12,750,550,15,192.419,-65.7392,-60,0,4,1,1,critical_zone,0,1
51,fence24,tiered_wall,random_waypoint,4,560,520,560,520,20,13,750,450,15,202.546,-66.1847,-60,0,4,1,1,critical_zone,0,1
51,fence24,tiered_wall,random_waypoint,4,560,520,560,520,20,14,750,350,15,255,-68.185,-60,0,4,1,1,critical_zone,0,1
51,fence24,tiered_wall,random_waypoint,4,560,520,560,520,20,15,750,300,15,290.732,-69.3241,-60,0,4,1,1,critical_zone,0,1
51,fence24,tiered_wall,random_waypoint,4,560,520,560,520,20,16,700,300,15,260.816,-68.3809,-60,0,4,1,1,critical_zone,0,1
51,fence24,tiered_wall,random_waypoint,4,560,520,560,520,20,17,600,300,15,223.663,-67.0461,-60,0,4,1,1,critical_zone,0,1
51,fence24,tiered_wall,random_waypoint,4,560,520,560,520,20,18,400,300,15,272.075,-68.748,-60,0,4,1,1,critical_zone,0,1
51,fence24,tiered_wall,random_waypoint,4,560,520,560,520,20,19,300,300,15,340.624,-70.6997,-60,0,4,1,1,critical_zone,0,1
51,fence24,tiered_wall,random_waypoint,4,560,520,560,520,20,20,300,500,15,260.816,-68.3809,-70,1,4,1,1,critical_zone,0,1
51,fence24,tiered_wall,random_waypoint,4,560,520,560,520,20,21,500,350,15,180.347,-65.1764,-70,1,4,1,1,critical_zone,0,1
51,fence24,tiered_wall,random_waypoint,4,560,520,560,520,20,22,700,500,15,141.51,-63.07,-70,1,4,1,1,critical_zone,0,1
51,fence24,tiered_wall,random_waypoint,4,560,520,560,520,20,23,500,650,15,143.265,-63.1771,-70,1,4,1,1,critical_zone,0,1
52,fence24,tiered_wall,random_waypoint,4,560,520,560,520,20,0,250,300,15,380.164,-71.6537,-60,0,4,1,1,critical_zone,0,1
52,fence24,tiered_wall,random_waypoint,4,560,520,560,520,20,1,250,350,15,353.589,-71.0242,-60,0,4,1,1,critical_zone,0,1
52,fence24,tiered_wall,random_waypoint,4,560,520,560,520,20,2,250,450,15,317.844,-70.0985,-60,0,4,1,1,critical_zone,0,1
52,fence24,tiered_wall,random_waypoint,4,560,520,560,520,20,3,250,550,15,311.488,-69.9231,-60,0,4,1,1,critical_zone,0,1
52,fence24,tiered_wall,random_waypoint,4,560,520,560,520,20,4,250,650,15,336.192,-70.586,-60,0,4,1,1,critical_zone,0,1
52,fence24,tiered_wall,random_waypoint,4,560,520,560,520,20,5,250,700,15,358.504,-71.1441,-60,0,4,1,1,critical_zone,0,1
52,fence24,tiered_wall,random_waypoint,4,560,520,560,520,20,6,300,700,15,316.267,-70.0553,-60,0,4,1,1,critical_zone,0,1
52,fence24,tiered_wall,random_waypoint,4,560,520,560,520,20,7,400,700,15,240.884,-67.6904,-60,0,4,1,1,critical_zone,0,1
52,fence24,tiered_wall,random_waypoint,4,560,520,560,520,20,8,600,700,15,184.459,-65.3722,-60,0,4,1,1,critical_zone,0,1
52,fence24,tiered_wall,random_waypoint,4,560,520,560,520,20,9,700,700,15,228.09,-67.2163,-60,0,4,1,1,critical_zone,0,1
52,fence24,tiered_wall,random_waypoint,4,560,520,560,520,20,10,750,700,15,261.773,-68.4127,-60,0,4,1,1,critical_zone,0,1
52,fence24,tiered_wall,random_waypoint,4,560,520,560,520,20,11,750,650,15,230.272,-67.299,-60,0,4,1,1,critical_zone,0,1
52,fence24,tiered_wall,random_waypoint,4,560,520,560,520,20,12,750,550,15,192.419,-65.7392,-60,0,4,1,1,critical_zone,0,1
52,fence24,tiered_wall,random_waypoint,4,560,520,560,520,20,13,750,450,15,202.546,-66.1847,-60,0,4,1,1,critical_zone,0,1
52,fence24,tiered_wall,random_waypoint,4,560,520,560,520,20,14,750,350,15,255,-68.185,-60,0,4,1,1,critical_zone,0,1
52,fence24,tiered_wall,random_waypoint,4,560,520,560,520,20,15,750,300,15,290.732,-69.3241,-60,0,4,1,1,critical_zone,0,1
52,fence24,tiered_wall,random_waypoint,4,560,520,560,520,20,16,700,300,15,260.816,-68.3809,-60,0,4,1,1,critical_zone,0,1
52,fence24,tiered_wall,random_waypoint,4,560,520,560,520,20,17,600,300,15,223.663,-67.0461,-60,0,4,1,1,critical_zone,0,1
52,fence24,tiered_wall,random_waypoint,4,560,520,560,520,20,18,400,300,15,272.075,-68.748,-60,0,4,1,1,critical_zone,0,1
52,fence24,tiered_wall,random_waypoint,4,560,520,560,520,20,19,300,300,15,340.624,-70.6997,-60,0,4,1,1,critical_zone,0,1
52,fence24,tiered_wall,random_waypoint,4,560,520,560,520,20,20,300,500,15,260.816,-68.3809,-70,1,4,1,1,critical_zone,0,1
52,fence24,tiered_wall,random_waypoint,4,560,520,560,520,20,21,500,350,15,180.347,-65.1764,-70,1,4,1,1,critical_zone,0,1
52,fence24,tiered_wall,random_waypoint,4,560,520,560,520,20,22,700,500,15,141.51,-63.07,-70,1,4,1,1,critical_zone,0,1
52,fence24,tiered_wall,random_waypoint,4,560,520,560,520,20,23,500,650,15,143.265,-63.1771,-70,1,4,1,1,critical_zone,0,1
53,fence24,tiered_wall,random_waypoint,4,560,520,560,520,20,0,250,300,15,380.164,-71.6537,-60,0,4,1,1,critical_zone,0,1
53,fence24,tiered_wall,random_waypoint,4,560,520,560,520,20,1,250,350,15,353.589,-71.0242,-60,0,4,1,1,critical_zone,0,1
53,fence24,tiered_wall,random_waypoint,4,560,520,560,520,20,2,250,450,15,317.844,-70.0985,-60,0,4,1,1,critical_zone,0,1
53,fence24,tiered_wall,random_waypoint,4,560,520,560,520,20,3,250,550,15,311.488,-69.9231,-60,0,4,1,1,critical_zone,0,1
53,fence24,tiered_wall,random_waypoint,4,560,520,560,520,20,4,250,650,15,336.192,-70.586,-60,0,4,1,1,critical_zone,0,1
53,fence24,tiered_wall,random_waypoint,4,560,520,560,520,20,5,250,700,15,358.504,-71.1441,-60,0,4,1,1,critical_zone,0,1
53,fence24,tiered_wall,random_waypoint,4,560,520,560,520,20,6,300,700,15,316.267,-70.0553,-60,0,4,1,1,critical_zone,0,1
53,fence24,tiered_wall,random_waypoint,4,560,520,560,520,20,7,400,700,15,240.884,-67.6904,-60,0,4,1,1,critical_zone,0,1
53,fence24,tiered_wall,random_waypoint,4,560,520,560,520,20,8,600,700,15,184.459,-65.3722,-60,0,4,1,1,critical_zone,0,1
53,fence24,tiered_wall,random_waypoint,4,560,520,560,520,20,9,700,700,15,228.09,-67.2163,-60,0,4,1,1,critical_zone,0,1
53,fence24,tiered_wall,random_waypoint,4,560,520,560,520,20,10,750,700,15,261.773,-68.4127,-60,0,4,1,1,critical_zone,0,1
53,fence24,tiered_wall,random_waypoint,4,560,520,560,520,20,11,750,650,15,230.272,-67.299,-60,0,4,1,1,critical_zone,0,1
53,fence24,tiered_wall,random_waypoint,4,560,520,560,520,20,12,750,550,15,192.419,-65.7392,-60,0,4,1,1,critical_zone,0,1
53,fence24,tiered_wall,random_waypoint,4,560,520,560,520,20,13,750,450,15,202.546,-66.1847,-60,0,4,1,1,critical_zone,0,1
53,fence24,tiered_wall,random_waypoint,4,560,520,560,520,20,14,750,350,15,255,-68.185,-60,0,4,1,1,critical_zone,0,1
53,fence24,tiered_wall,random_waypoint,4,560,520,560,520,20,15,750,300,15,290.732,-69.3241,-60,0,4,1,1,critical_zone,0,1
53,fence24,tiered_wall,random_waypoint,4,560,520,560,520,20,16,700,300,15,260.816,-68.3809,-60,0,4,1,1,critical_zone,0,1
53,fence24,tiered_wall,random_waypoint,4,560,520,560,520,20,17,600,300,15,223.663,-67.0461,-60,0,4,1,1,critical_zone,0,1
53,fence24,tiered_wall,random_waypoint,4,560,520,560,520,20,18,400,300,15,272.075,-68.748,-60,0,4,1,1,critical_zone,0,1
53,fence24,tiered_wall,random_waypoint,4,560,520,560,520,20,19,300,300,15,340.624,-70.6997,-60,0,4,1,1,critical_zone,0,1
53,fence24,tiered_wall,random_waypoint,4,560,520,560,520,20,20,300,500,15,260.816,-68.3809,-70,1,4,1,1,critical_zone,0,1
53,fence24,tiered_wall,random_waypoint,4,560,520,560,520,20,21,500,350,15,180.347,-65.1764,-70,1,4,1,1,critical_zone,0,1
53,fence24,tiered_wall,random_waypoint,4,560,520,560,520,20,22,700,500,15,141.51,-63.07,-70,1,4,1,1,critical_zone,0,1
53,fence24,tiered_wall,random_waypoint,4,560,520,560,520,20,23,500,650,15,143.265,-63.1771,-70,1,4,1,1,critical_zone,0,1
54,fence24,tiered_wall,random_waypoint,4,560,520,560,520,20,0,250,300,15,380.164,-71.6537,-60,0,4,1,1,critical_zone,0,1
54,fence24,tiered_wall,random_waypoint,4,560,520,560,520,20,1,250,350,15,353.589,-71.0242,-60,0,4,1,1,critical_zone,0,1
54,fence24,tiered_wall,random_waypoint,4,560,520,560,520,20,2,250,450,15,317.844,-70.0985,-60,0,4,1,1,critical_zone,0,1
54,fence24,tiered_wall,random_waypoint,4,560,520,560,520,20,3,250,550,15,311.488,-69.9231,-60,0,4,1,1,critical_zone,0,1
54,fence24,tiered_wall,random_waypoint,4,560,520,560,520,20,4,250,650,15,336.192,-70.586,-60,0,4,1,1,critical_zone,0,1
54,fence24,tiered_wall,random_waypoint,4,560,520,560,520,20,5,250,700,15,358.504,-71.1441,-60,0,4,1,1,critical_zone,0,1
54,fence24,tiered_wall,random_waypoint,4,560,520,560,520,20,6,300,700,15,316.267,-70.0553,-60,0,4,1,1,critical_zone,0,1
54,fence24,tiered_wall,random_waypoint,4,560,520,560,520,20,7,400,700,15,240.884,-67.6904,-60,0,4,1,1,critical_zone,0,1
54,fence24,tiered_wall,random_waypoint,4,560,520,560,520,20,8,600,700,15,184.459,-65.3722,-60,0,4,1,1,critical_zone,0,1
54,fence24,tiered_wall,random_waypoint,4,560,520,560,520,20,9,700,700,15,228.09,-67.2163,-60,0,4,1,1,critical_zone,0,1
54,fence24,tiered_wall,random_waypoint,4,560,520,560,520,20,10,750,700,15,261.773,-68.4127,-60,0,4,1,1,critical_zone,0,1
54,fence24,tiered_wall,random_waypoint,4,560,520,560,520,20,11,750,650,15,230.272,-67.299,-60,0,4,1,1,critical_zone,0,1
54,fence24,tiered_wall,random_waypoint,4,560,520,560,520,20,12,750,550,15,192.419,-65.7392,-60,0,4,1,1,critical_zone,0,1
54,fence24,tiered_wall,random_waypoint,4,560,520,560,520,20,13,750,450,15,202.546,-66.1847,-60,0,4,1,1,critical_zone,0,1
54,fence24,tiered_wall,random_waypoint,4,560,520,560,520,20,14,750,350,15,255,-68.185,-60,0,4,1,1,critical_zone,0,1
54,fence24,tiered_wall,random_waypoint,4,560,520,560,520,20,15,750,300,15,290.732,-69.3241,-60,0,4,1,1,critical_zone,0,1
54,fence24,tiered_wall,random_waypoint,4,560,520,560,520,20,16,700,300,15,260.816,-68.3809,-60,0,4,1,1,critical_zone,0,1
54,fence24,tiered_wall,random_waypoint,4,560,520,560,520,20,17,600,300,15,223.663,-67.0461,-60,0,4,1,1,critical_zone,0,1
54,fence24,tiered_wall,random_waypoint,4,560,520,560,520,20,18,400,300,15,272.075,-68.748,-60,0,4,1,1,critical_zone,0,1
54,fence24,tiered_wall,random_waypoint,4,560,520,560,520,20,19,300,300,15,340.624,-70.6997,-60,0,4,1,1,critical_zone,0,1
54,fence24,tiered_wall,random_waypoint,4,560,520,560,520,20,20,300,500,15,260.816,-68.3809,-70,1,4,1,1,critical_zone,0,1
54,fence24,tiered_wall,random_waypoint,4,560,520,560,520,20,21,500,350,15,180.347,-65.1764,-70,1,4,1,1,critical_zone,0,1
54,fence24,tiered_wall,random_waypoint,4,560,520,560,520,20,22,700,500,15,141.51,-63.07,-70,1,4,1,1,critical_zone,0,1
54,fence24,tiered_wall,random_waypoint,4,560,520,560,520,20,23,500,650,15,143.265,-63.1771,-70,1,4,1,1,critical_zone,0,1
55,fence24,tiered_wall,random_waypoint,4,560,520,560,520,20,0,250,300,15,380.164,-71.6537,-60,0,4,1,1,critical_zone,0,1
55,fence24,tiered_wall,random_waypoint,4,560,520,560,520,20,1,250,350,15,353.589,-71.0242,-60,0,4,1,1,critical_zone,0,1
55,fence24,tiered_wall,random_waypoint,4,560,520,560,520,20,2,250,450,15,317.844,-70.0985,-60,0,4,1,1,critical_zone,0,1
55,fence24,tiered_wall,random_waypoint,4,560,520,560,520,20,3,250,550,15,311.488,-69.9231,-60,0,4,1,1,critical_zone,0,1
55,fence24,tiered_wall,random_waypoint,4,560,520,560,520,20,4,250,650,15,336.192,-70.586,-60,0,4,1,1,critical_zone,0,1
55,fence24,tiered_wall,random_waypoint,4,560,520,560,520,20,5,250,700,15,358.504,-71.1441,-60,0,4,1,1,critical_zone,0,1
55,fence24,tiered_wall,random_waypoint,4,560,520,560,520,20,6,300,700,15,316.267,-70.0553,-60,0,4,1,1,critical_zone,0,1
55,fence24,tiered_wall,random_waypoint,4,560,520,560,520,20,7,400,700,15,240.884,-67.6904,-60,0,4,1,1,critical_zone,0,1
55,fence24,tiered_wall,random_waypoint,4,560,520,560,520,20,8,600,700,15,184.459,-65.3722,-60,0,4,1,1,critical_zone,0,1
55,fence24,tiered_wall,random_waypoint,4,560,520,560,520,20,9,700,700,15,228.09,-67.2163,-60,0,4,1,1,critical_zone,0,1
55,fence24,tiered_wall,random_waypoint,4,560,520,560,520,20,10,750,700,15,261.773,-68.4127,-60,0,4,1,1,critical_zone,0,1
55,fence24,tiered_wall,random_waypoint,4,560,520,560,520,20,11,750,650,15,230.272,-67.299,-60,0,4,1,1,critical_zone,0,1
55,fence24,tiered_wall,random_waypoint,4,560,520,560,520,20,12,750,550,15,192.419,-65.7392,-60,0,4,1,1,critical_zone,0,1
55,fence24,tiered_wall,random_waypoint,4,560,520,560,520,20,13,750,450,15,202.546,-66.1847,-60,0,4,1,1,critical_zone,0,1
55,fence24,tiered_wall,random_waypoint,4,560,520,560,520,20,14,750,350,15,255,-68.185,-60,0,4,1,1,critical_zone,0,1
55,fence24,tiered_wall,random_waypoint,4,560,520,560,520,20,15,750,300,15,290.732,-69.3241,-60,0,4,1,1,critical_zone,0,1
55,fence24,tiered_wall,random_waypoint,4,560,520,560,520,20,16,700,300,15,260.816,-68.3809,-60,0,4,1,1,critical_zone,0,1
55,fence24,tiered_wall,random_waypoint,4,560,520,560,520,20,17,600,300,15,223.663,-67.0461,-60,0,4,1,1,critical_zone,0,1
55,fence24,tiered_wall,random_waypoint,4,560,520,560,520,20,18,400,300,15,272.075,-68.748,-60,0,4,1,1,critical_zone,0,1
55,fence24,tiered_wall,random_waypoint,4,560,520,560,520,20,19,300,300,15,340.624,-70.6997,-60,0,4,1,1,critical_zone,0,1
55,fence24,tiered_wall,random_waypoint,4,560,520,560,520,20,20,300,500,15,260.816,-68.3809,-70,1,4,1,1,critical_zone,0,1
55,fence24,tiered_wall,random_waypoint,4,560,520,560,520,20,21,500,350,15,180.347,-65.1764,-70,1,4,1,1,critical_zone,0,1
55,fence24,tiered_wall,random_waypoint,4,560,520,560,520,20,22,700,500,15,141.51,-63.07,-70,1,4,1,1,critical_zone,0,1
55,fence24,tiered_wall,random_waypoint,4,560,520,560,520,20,23,500,650,15,143.265,-63.1771,-70,1,4,1,1,critical_zone,0,1
56,fence24,tiered_wall,random_waypoint,4,560,520,560,520,20,0,250,300,15,380.164,-71.6537,-60,0,4,1,1,critical_zone,0,1
56,fence24,tiered_wall,random_waypoint,4,560,520,560,520,20,1,250,350,15,353.589,-71.0242,-60,0,4,1,1,critical_zone,0,1
56,fence24,tiered_wall,random_waypoint,4,560,520,560,520,20,2,250,450,15,317.844,-70.0985,-60,0,4,1,1,critical_zone,0,1
56,fence24,tiered_wall,random_waypoint,4,560,520,560,520,20,3,250,550,15,311.488,-69.9231,-60,0,4,1,1,critical_zone,0,1
56,fence24,tiered_wall,random_waypoint,4,560,520,560,520,20,4,250,650,15,336.192,-70.586,-60,0,4,1,1,critical_zone,0,1
56,fence24,tiered_wall,random_waypoint,4,560,520,560,520,20,5,250,700,15,358.504,-71.1441,-60,0,4,1,1,critical_zone,0,1
56,fence24,tiered_wall,random_waypoint,4,560,520,560,520,20,6,300,700,15,316.267,-70.0553,-60,0,4,1,1,critical_zone,0,1
56,fence24,tiered_wall,random_waypoint,4,560,520,560,520,20,7,400,700,15,240.884,-67.6904,-60,0,4,1,1,critical_zone,0,1
56,fence24,tiered_wall,random_waypoint,4,560,520,560,520,20,8,600,700,15,184.459,-65.3722,-60,0,4,1,1,critical_zone,0,1
56,fence24,tiered_wall,random_waypoint,4,560,520,560,520,20,9,700,700,15,228.09,-67.2163,-60,0,4,1,1,critical_zone,0,1
56,fence24,tiered_wall,random_waypoint,4,560,520,560,520,20,10,750,700,15,261.773,-68.4127,-60,0,4,1,1,critical_zone,0,1
56,fence24,tiered_wall,random_waypoint,4,560,520,560,520,20,11,750,650,15,230.272,-67.299,-60,0,4,1,1,critical_zone,0,1
56,fence24,tiered_wall,random_waypoint,4,560,520,560,520,20,12,750,550,15,192.419,-65.7392,-60,0,4,1,1,critical_zone,0,1
56,fence24,tiered_wall,random_waypoint,4,560,520,560,520,20,13,750,450,15,202.546,-66.1847,-60,0,4,1,1,critical_zone,0,1
56,fence24,tiered_wall,random_waypoint,4,560,520,560,520,20,14,750,350,15,255,-68.185,-60,0,4,1,1,critical_zone,0,1
56,fence24,tiered_wall,random_waypoint,4,560,520,560,520,20,15,750,300,15,290.732,-69.3241,-60,0,4,1,1,critical_zone,0,1
56,fence24,tiered_wall,random_waypoint,4,560,520,560,520,20,16,700,300,15,260.816,-68.3809,-60,0,4,1,1,critical_zone,0,1
56,fence24,tiered_wall,random_waypoint,4,560,520,560,520,20,17,600,300,15,223.663,-67.0461,-60,0,4,1,1,critical_zone,0,1
56,fence24,tiered_wall,random_waypoint,4,560,520,560,520,20,18,400,300,15,272.075,-68.748,-60,0,4,1,1,critical_zone,0,1
56,fence24,tiered_wall,random_waypoint,4,560,520,560,520,20,19,300,300,15,340.624,-70.6997,-60,0,4,1,1,critical_zone,0,1
56,fence24,tiered_wall,random_waypoint,4,560,520,560,520,20,20,300,500,15,260.816,-68.3809,-70,1,4,1,1,critical_zone,0,1
56,fence24,tiered_wall,random_waypoint,4,560,520,560,520,20,21,500,350,15,180.347,-65.1764,-70,1,4,1,1,critical_zone,0,1
56,fence24,tiered_wall,random_waypoint,4,560,520,560,520,20,22,700,500,15,141.51,-63.07,-70,1,4,1,1,critical_zone,0,1
56,fence24,tiered_wall,random_waypoint,4,560,520,560,520,20,23,500,650,15,143.265,-63.1771,-70,1,4,1,1,critical_zone,0,1
57,fence24,tiered_wall,random_waypoint,4,560,520,560,520,20,0,250,300,15,380.164,-71.6537,-60,0,4,1,1,critical_zone,0,1
57,fence24,tiered_wall,random_waypoint,4,560,520,560,520,20,1,250,350,15,353.589,-71.0242,-60,0,4,1,1,critical_zone,0,1
57,fence24,tiered_wall,random_waypoint,4,560,520,560,520,20,2,250,450,15,317.844,-70.0985,-60,0,4,1,1,critical_zone,0,1
57,fence24,tiered_wall,random_waypoint,4,560,520,560,520,20,3,250,550,15,311.488,-69.9231,-60,0,4,1,1,critical_zone,0,1
57,fence24,tiered_wall,random_waypoint,4,560,520,560,520,20,4,250,650,15,336.192,-70.586,-60,0,4,1,1,critical_zone,0,1
57,fence24,tiered_wall,random_waypoint,4,560,520,560,520,20,5,250,700,15,358.504,-71.1441,-60,0,4,1,1,critical_zone,0,1
57,fence24,tiered_wall,random_waypoint,4,560,520,560,520,20,6,300,700,15,316.267,-70.0553,-60,0,4,1,1,critical_zone,0,1
57,fence24,tiered_wall,random_waypoint,4,560,520,560,520,20,7,400,700,15,240.884,-67.6904,-60,0,4,1,1,critical_zone,0,1
57,fence24,tiered_wall,random_waypoint,4,560,520,560,520,20,8,600,700,15,184.459,-65.3722,-60,0,4,1,1,critical_zone,0,1
57,fence24,tiered_wall,random_waypoint,4,560,520,560,520,20,9,700,700,15,228.09,-67.2163,-60,0,4,1,1,critical_zone,0,1
57,fence24,tiered_wall,random_waypoint,4,560,520,560,520,20,10,750,700,15,261.773,-68.4127,-60,0,4,1,1,critical_zone,0,1
57,fence24,tiered_wall,random_waypoint,4,560,520,560,520,20,11,750,650,15,230.272,-67.299,-60,0,4,1,1,critical_zone,0,1
57,fence24,tiered_wall,random_waypoint,4,560,520,560,520,20,12,750,550,15,192.419,-65.7392,-60,0,4,1,1,critical_zone,0,1
57,fence24,tiered_wall,random_waypoint,4,560,520,560,520,20,13,750,450,15,202.546,-66.1847,-60,0,4,1,1,critical_zone,0,1
57,fence24,tiered_wall,random_waypoint,4,560,520,560,520,20,14,750,350,15,255,-68.185,-60,0,4,1,1,critical_zone,0,1
57,fence24,tiered_wall,random_waypoint,4,560,520,560,520,20,15,750,300,15,290.732,-69.3241,-60,0,4,1,1,critical_zone,0,1
57,fence24,tiered_wall,random_waypoint,4,560,520,560,520,20,16,700,300,15,260.816,-68.3809,-60,0,4,1,1,critical_zone,0,1
57,fence24,tiered_wall,random_waypoint,4,560,520,560,520,20,17,600,300,15,223.663,-67.0461,-60,0,4,1,1,critical_zone,0,1
57,fence24,tiered_wall,random_waypoint,4,560,520,560,520,20,18,400,300,15,272.075,-68.748,-60,0,4,1,1,critical_zone,0,1
57,fence24,tiered_wall,random_waypoint,4,560,520,560,520,20,19,300,300,15,340.624,-70.6997,-60,0,4,1,1,critical_zone,0,1
57,fence24,tiered_wall,random_waypoint,4,560,520,560,520,20,20,300,500,15,260.816,-68.3809,-70,1,4,1,1,critical_zone,0,1
57,fence24,tiered_wall,random_waypoint,4,560,520,560,520,20,21,500,350,15,180.347,-65.1764,-70,1,4,1,1,critical_zone,0,1
57,fence24,tiered_wall,random_waypoint,4,560,520,560,520,20,22,700,500,15,141.51,-63.07,-70,1,4,1,1,critical_zone,0,1
57,fence24,tiered_wall,random_waypoint,4,560,520,560,520,20,23,500,650,15,143.265,-63.1771,-70,1,4,1,1,critical_zone,0,1
58,fence24,tiered_wall,random_waypoint,4,560,520,560,520,20,0,250,300,15,380.164,-71.6537,-60,0,4,1,1,critical_zone,0,1
58,fence24,tiered_wall,random_waypoint,4,560,520,560,520,20,1,250,350,15,353.589,-71.0242,-60,0,4,1,1,critical_zone,0,1
58,fence24,tiered_wall,random_waypoint,4,560,520,560,520,20,2,250,450,15,317.844,-70.0985,-60,0,4,1,1,critical_zone,0,1
58,fence24,tiered_wall,random_waypoint,4,560,520,560,520,20,3,250,550,15,311.488,-69.9231,-60,0,4,1,1,critical_zone,0,1
58,fence24,tiered_wall,random_waypoint,4,560,520,560,520,20,4,250,650,15,336.192,-70.586,-60,0,4,1,1,critical_zone,0,1
58,fence24,tiered_wall,random_waypoint,4,560,520,560,520,20,5,250,700,15,358.504,-71.1441,-60,0,4,1,1,critical_zone,0,1
58,fence24,tiered_wall,random_waypoint,4,560,520,560,520,20,6,300,700,15,316.267,-70.0553,-60,0,4,1,1,critical_zone,0,1
58,fence24,tiered_wall,random_waypoint,4,560,520,560,520,20,7,400,700,15,240.884,-67.6904,-60,0,4,1,1,critical_zone,0,1
58,fence24,tiered_wall,random_waypoint,4,560,520,560,520,20,8,600,700,15,184.459,-65.3722,-60,0,4,1,1,critical_zone,0,1
58,fence24,tiered_wall,random_waypoint,4,560,520,560,520,20,9,700,700,15,228.09,-67.2163,-60,0,4,1,1,critical_zone,0,1
58,fence24,tiered_wall,random_waypoint,4,560,520,560,520,20,10,750,700,15,261.773,-68.4127,-60,0,4,1,1,critical_zone,0,1
58,fence24,tiered_wall,random_waypoint,4,560,520,560,520,20,11,750,650,15,230.272,-67.299,-60,0,4,1,1,critical_zone,0,1
58,fence24,tiered_wall,random_waypoint,4,560,520,560,520,20,12,750,550,15,192.419,-65.7392,-60,0,4,1,1,critical_zone,0,1
58,fence24,tiered_wall,random_waypoint,4,560,520,560,520,20,13,750,450,15,202.546,-66.1847,-60,0,4,1,1,critical_zone,0,1
58,fence24,tiered_wall,random_waypoint,4,560,520,560,520,20,14,750,350,15,255,-68.185,-60,0,4,1,1,critical_zone,0,1
58,fence24,tiered_wall,random_waypoint,4,560,520,560,520,20,15,750,300,15,290.732,-69.3241,-60,0,4,1,1,critical_zone,0,1
58,fence24,tiered_wall,random_waypoint,4,560,520,560,520,20,16,700,300,15,260.816,-68.3809,-60,0,4,1,1,critical_zone,0,1
58,fence24,tiered_wall,random_waypoint,4,560,520,560,520,20,17,600,300,15,223.663,-67.0461,-60,0,4,1,1,critical_zone,0,1
58,fence24,tiered_wall,random_waypoint,4,560,520,560,520,20,18,400,300,15,272.075,-68.748,-60,0,4,1,1,critical_zone,0,1
58,fence24,tiered_wall,random_waypoint,4,560,520,560,520,20,19,300,300,15,340.624,-70.6997,-60,0,4,1,1,critical_zone,0,1
58,fence24,tiered_wall,random_waypoint,4,560,520,560,520,20,20,300,500,15,260.816,-68.3809,-70,1,4,1,1,critical_zone,0,1
58,fence24,tiered_wall,random_waypoint,4,560,520,560,520,20,21,500,350,15,180.347,-65.1764,-70,1,4,1,1,critical_zone,0,1
58,fence24,tiered_wall,random_waypoint,4,560,520,560,520,20,22,700,500,15,141.51,-63.07,-70,1,4,1,1,critical_zone,0,1
58,fence24,tiered_wall,random_waypoint,4,560,520,560,520,20,23,500,650,15,143.265,-63.1771,-70,1,4,1,1,critical_zone,0,1
59,fence24,tiered_wall,random_waypoint,4,560,520,560,520,20,0,250,300,15,380.164,-71.6537,-60,0,4,1,1,critical_zone,0,1
59,fence24,tiered_wall,random_waypoint,4,560,520,560,520,20,1,250,350,15,353.589,-71.0242,-60,0,4,1,1,critical_zone,0,1
59,fence24,tiered_wall,random_waypoint,4,560,520,560,520,20,2,250,450,15,317.844,-70.0985,-60,0,4,1,1,critical_zone,0,1
59,fence24,tiered_wall,random_waypoint,4,560,520,560,520,20,3,250,550,15,311.488,-69.9231,-60,0,4,1,1,critical_zone,0,1
59,fence24,tiered_wall,random_waypoint,4,560,520,560,520,20,4,250,650,15,336.192,-70.586,-60,0,4,1,1,critical_zone,0,1
59,fence24,tiered_wall,random_waypoint,4,560,520,560,520,20,5,250,700,15,358.504,-71.1441,-60,0,4,1,1,critical_zone,0,1
59,fence24,tiered_wall,random_waypoint,4,560,520,560,520,20,6,300,700,15,316.267,-70.0553,-60,0,4,1,1,critical_zone,0,1
59,fence24,tiered_wall,random_waypoint,4,560,520,560,520,20,7,400,700,15,240.884,-67.6904,-60,0,4,1,1,critical_zone,0,1
59,fence24,tiered_wall,random_waypoint,4,560,520,560,520,20,8,600,700,15,184.459,-65.3722,-60,0,4,1,1,critical_zone,0,1
59,fence24,tiered_wall,random_waypoint,4,560,520,560,520,20,9,700,700,15,228.09,-67.2163,-60,0,4,1,1,critical_zone,0,1
59,fence24,tiered_wall,random_waypoint,4,560,520,560,520,20,10,750,700,15,261.773,-68.4127,-60,0,4,1,1,critical_zone,0,1
59,fence24,tiered_wall,random_waypoint,4,560,520,560,520,20,11,750,650,15,230.272,-67.299,-60,0,4,1,1,critical_zone,0,1
59,fence24,tiered_wall,random_waypoint,4,560,520,560,520,20,12,750,550,15,192.419,-65.7392,-60,0,4,1,1,critical_zone,0,1
59,fence24,tiered_wall,random_waypoint,4,560,520,560,520,20,13,750,450,15,202.546,-66.1847,-60,0,4,1,1,critical_zone,0,1
59,fence24,tiered_wall,random_waypoint,4,560,520,560,520,20,14,750,350,15,255,-68.185,-60,0,4,1,1,critical_zone,0,1
59,fence24,tiered_wall,random_waypoint,4,560,520,560,520,20,15,750,300,15,290.732,-69.3241,-60,0,4,1,1,critical_zone,0,1
59,fence24,tiered_wall,random_waypoint,4,560,520,560,520,20,16,700,300,15,260.816,-68.3809,-60,0,4,1,1,critical_zone,0,1
59,fence24,tiered_wall,random_waypoint,4,560,520,560,520,20,17,600,300,15,223.663,-67.0461,-60,0,4,1,1,critical_zone,0,1
59,fence24,tiered_wall,random_waypoint,4,560,520,560,520,20,18,400,300,15,272.075,-68.748,-60,0,4,1,1,critical_zone,0,1
59,fence24,tiered_wall,random_waypoint,4,560,520,560,520,20,19,300,300,15,340.624,-70.6997,-60,0,4,1,1,critical_zone,0,1
59,fence24,tiered_wall,random_waypoint,4,560,520,560,520,20,20,300,500,15,260.816,-68.3809,-70,1,4,1,1,critical_zone,0,1
59,fence24,tiered_wall,random_waypoint,4,560,520,560,520,20,21,500,350,15,180.347,-65.1764,-70,1,4,1,1,critical_zone,0,1
59,fence24,tiered_wall,random_waypoint,4,560,520,560,520,20,22,700,500,15,141.51,-63.07,-70,1,4,1,1,critical_zone,0,1
59,fence24,tiered_wall,random_waypoint,4,560,520,560,520,20,23,500,650,15,143.265,-63.1771,-70,1,4,1,1,critical_zone,0,1
60,fence24,tiered_wall,random_waypoint,4,560,520,560,520,20,0,250,300,15,380.164,-71.6537,-60,0,4,1,1,critical_zone,0,1
60,fence24,tiered_wall,random_waypoint,4,560,520,560,520,20,1,250,350,15,353.589,-71.0242,-60,0,4,1,1,critical_zone,0,1
60,fence24,tiered_wall,random_waypoint,4,560,520,560,520,20,2,250,450,15,317.844,-70.0985,-60,0,4,1,1,critical_zone,0,1
60,fence24,tiered_wall,random_waypoint,4,560,520,560,520,20,3,250,550,15,311.488,-69.9231,-60,0,4,1,1,critical_zone,0,1
60,fence24,tiered_wall,random_waypoint,4,560,520,560,520,20,4,250,650,15,336.192,-70.586,-60,0,4,1,1,critical_zone,0,1
60,fence24,tiered_wall,random_waypoint,4,560,520,560,520,20,5,250,700,15,358.504,-71.1441,-60,0,4,1,1,critical_zone,0,1
60,fence24,tiered_wall,random_waypoint,4,560,520,560,520,20,6,300,700,15,316.267,-70.0553,-60,0,4,1,1,critical_zone,0,1
60,fence24,tiered_wall,random_waypoint,4,560,520,560,520,20,7,400,700,15,240.884,-67.6904,-60,0,4,1,1,critical_zone,0,1
60,fence24,tiered_wall,random_waypoint,4,560,520,560,520,20,8,600,700,15,184.459,-65.3722,-60,0,4,1,1,critical_zone,0,1
60,fence24,tiered_wall,random_waypoint,4,560,520,560,520,20,9,700,700,15,228.09,-67.2163,-60,0,4,1,1,critical_zone,0,1
60,fence24,tiered_wall,random_waypoint,4,560,520,560,520,20,10,750,700,15,261.773,-68.4127,-60,0,4,1,1,critical_zone,0,1
60,fence24,tiered_wall,random_waypoint,4,560,520,560,520,20,11,750,650,15,230.272,-67.299,-60,0,4,1,1,critical_zone,0,1
60,fence24,tiered_wall,random_waypoint,4,560,520,560,520,20,12,750,550,15,192.419,-65.7392,-60,0,4,1,1,critical_zone,0,1
60,fence24,tiered_wall,random_waypoint,4,560,520,560,520,20,13,750,450,15,202.546,-66.1847,-60,0,4,1,1,critical_zone,0,1
60,fence24,tiered_wall,random_waypoint,4,560,520,560,520,20,14,750,350,15,255,-68.185,-60,0,4,1,1,critical_zone,0,1
60,fence24,tiered_wall,random_waypoint,4,560,520,560,520,20,15,750,300,15,290.732,-69.3241,-60,0,4,1,1,critical_zone,0,1
60,fence24,tiered_wall,random_waypoint,4,560,520,560,520,20,16,700,300,15,260.816,-68.3809,-60,0,4,1,1,critical_zone,0,1
60,fence24,tiered_wall,random_waypoint,4,560,520,560,520,20,17,600,300,15,223.663,-67.0461,-60,0,4,1,1,critical_zone,0,1
60,fence24,tiered_wall,random_waypoint,4,560,520,560,520,20,18,400,300,15,272.075,-68.748,-60,0,4,1,1,critical_zone,0,1
60,fence24,tiered_wall,random_waypoint,4,560,520,560,520,20,19,300,300,15,340.624,-70.6997,-60,0,4,1,1,critical_zone,0,1
60,fence24,tiered_wall,random_waypoint,4,560,520,560,520,20,20,300,500,15,260.816,-68.3809,-70,1,4,1,1,critical_zone,0,1
60,fence24,tiered_wall,random_waypoint,4,560,520,560,520,20,21,500,350,15,180.347,-65.1764,-70,1,4,1,1,critical_zone,0,1
60,fence24,tiered_wall,random_waypoint,4,560,520,560,520,20,22,700,500,15,141.51,-63.07,-70,1,4,1,1,critical_zone,0,1
60,fence24,tiered_wall,random_waypoint,4,560,520,560,520,20,23,500,650,15,143.265,-63.1771,-70,1,4,1,1,critical_zone,0,1
61,fence24,tiered_wall,random_waypoint,4,560,520,560,520,20,0,250,300,15,380.164,-71.6537,-60,0,4,1,1,critical_zone,0,1
61,fence24,tiered_wall,random_waypoint,4,560,520,560,520,20,1,250,350,15,353.589,-71.0242,-60,0,4,1,1,critical_zone,0,1
61,fence24,tiered_wall,random_waypoint,4,560,520,560,520,20,2,250,450,15,317.844,-70.0985,-60,0,4,1,1,critical_zone,0,1
61,fence24,tiered_wall,random_waypoint,4,560,520,560,520,20,3,250,550,15,311.488,-69.9231,-60,0,4,1,1,critical_zone,0,1
61,fence24,tiered_wall,random_waypoint,4,560,520,560,520,20,4,250,650,15,336.192,-70.586,-60,0,4,1,1,critical_zone,0,1
61,fence24,tiered_wall,random_waypoint,4,560,520,560,520,20,5,250,700,15,358.504,-71.1441,-60,0,4,1,1,critical_zone,0,1
61,fence24,tiered_wall,random_waypoint,4,560,520,560,520,20,6,300,700,15,316.267,-70.0553,-60,0,4,1,1,critical_zone,0,1
61,fence24,tiered_wall,random_waypoint,4,560,520,560,520,20,7,400,700,15,240.884,-67.6904,-60,0,4,1,1,critical_zone,0,1
61,fence24,tiered_wall,random_waypoint,4,560,520,560,520,20,8,600,700,15,184.459,-65.3722,-60,0,4,1,1,critical_zone,0,1
61,fence24,tiered_wall,random_waypoint,4,560,520,560,520,20,9,700,700,15,228.09,-67.2163,-60,0,4,1,1,critical_zone,0,1
61,fence24,tiered_wall,random_waypoint,4,560,520,560,520,20,10,750,700,15,261.773,-68.4127,-60,0,4,1,1,critical_zone,0,1
61,fence24,tiered_wall,random_waypoint,4,560,520,560,520,20,11,750,650,15,230.272,-67.299,-60,0,4,1,1,critical_zone,0,1
61,fence24,tiered_wall,random_waypoint,4,560,520,560,520,20,12,750,550,15,192.419,-65.7392,-60,0,4,1,1,critical_zone,0,1
61,fence24,tiered_wall,random_waypoint,4,560,520,560,520,20,13,750,450,15,202.546,-66.1847,-60,0,4,1,1,critical_zone,0,1
61,fence24,tiered_wall,random_waypoint,4,560,520,560,520,20,14,750,350,15,255,-68.185,-60,0,4,1,1,critical_zone,0,1
61,fence24,tiered_wall,random_waypoint,4,560,520,560,520,20,15,750,300,15,290.732,-69.3241,-60,0,4,1,1,critical_zone,0,1
61,fence24,tiered_wall,random_waypoint,4,560,520,560,520,20,16,700,300,15,260.816,-68.3809,-60,0,4,1,1,critical_zone,0,1
61,fence24,tiered_wall,random_waypoint,4,560,520,560,520,20,17,600,300,15,223.663,-67.0461,-60,0,4,1,1,critical_zone,0,1
61,fence24,tiered_wall,random_waypoint,4,560,520,560,520,20,18,400,300,15,272.075,-68.748,-60,0,4,1,1,critical_zone,0,1
61,fence24,tiered_wall,random_waypoint,4,560,520,560,520,20,19,300,300,15,340.624,-70.6997,-60,0,4,1,1,critical_zone,0,1
61,fence24,tiered_wall,random_waypoint,4,560,520,560,520,20,20,300,500,15,260.816,-68.3809,-70,1,4,1,1,critical_zone,0,1
61,fence24,tiered_wall,random_waypoint,4,560,520,560,520,20,21,500,350,15,180.347,-65.1764,-70,1,4,1,1,critical_zone,0,1
61,fence24,tiered_wall,random_waypoint,4,560,520,560,520,20,22,700,500,15,141.51,-63.07,-70,1,4,1,1,critical_zone,0,1
61,fence24,tiered_wall,random_waypoint,4,560,520,560,520,20,23,500,650,15,143.265,-63.1771,-70,1,4,1,1,critical_zone,0,1
62,fence24,tiered_wall,random_waypoint,4,560,520,560,520,20,0,250,300,15,380.164,-71.6537,-60,0,4,1,1,critical_zone,0,1
62,fence24,tiered_wall,random_waypoint,4,560,520,560,520,20,1,250,350,15,353.589,-71.0242,-60,0,4,1,1,critical_zone,0,1
62,fence24,tiered_wall,random_waypoint,4,560,520,560,520,20,2,250,450,15,317.844,-70.0985,-60,0,4,1,1,critical_zone,0,1
62,fence24,tiered_wall,random_waypoint,4,560,520,560,520,20,3,250,550,15,311.488,-69.9231,-60,0,4,1,1,critical_zone,0,1
62,fence24,tiered_wall,random_waypoint,4,560,520,560,520,20,4,250,650,15,336.192,-70.586,-60,0,4,1,1,critical_zone,0,1
62,fence24,tiered_wall,random_waypoint,4,560,520,560,520,20,5,250,700,15,358.504,-71.1441,-60,0,4,1,1,critical_zone,0,1
62,fence24,tiered_wall,random_waypoint,4,560,520,560,520,20,6,300,700,15,316.267,-70.0553,-60,0,4,1,1,critical_zone,0,1
62,fence24,tiered_wall,random_waypoint,4,560,520,560,520,20,7,400,700,15,240.884,-67.6904,-60,0,4,1,1,critical_zone,0,1
62,fence24,tiered_wall,random_waypoint,4,560,520,560,520,20,8,600,700,15,184.459,-65.3722,-60,0,4,1,1,critical_zone,0,1
62,fence24,tiered_wall,random_waypoint,4,560,520,560,520,20,9,700,700,15,228.09,-67.2163,-60,0,4,1,1,critical_zone,0,1
62,fence24,tiered_wall,random_waypoint,4,560,520,560,520,20,10,750,700,15,261.773,-68.4127,-60,0,4,1,1,critical_zone,0,1
62,fence24,tiered_wall,random_waypoint,4,560,520,560,520,20,11,750,650,15,230.272,-67.299,-60,0,4,1,1,critical_zone,0,1
62,fence24,tiered_wall,random_waypoint,4,560,520,560,520,20,12,750,550,15,192.419,-65.7392,-60,0,4,1,1,critical_zone,0,1
62,fence24,tiered_wall,random_waypoint,4,560,520,560,520,20,13,750,450,15,202.546,-66.1847,-60,0,4,1,1,critical_zone,0,1
62,fence24,tiered_wall,random_waypoint,4,560,520,560,520,20,14,750,350,15,255,-68.185,-60,0,4,1,1,critical_zone,0,1
62,fence24,tiered_wall,random_waypoint,4,560,520,560,520,20,15,750,300,15,290.732,-69.3241,-60,0,4,1,1,critical_zone,0,1
62,fence24,tiered_wall,random_waypoint,4,560,520,560,520,20,16,700,300,15,260.816,-68.3809,-60,0,4,1,1,critical_zone,0,1
62,fence24,tiered_wall,random_waypoint,4,560,520,560,520,20,17,600,300,15,223.663,-67.0461,-60,0,4,1,1,critical_zone,0,1
62,fence24,tiered_wall,random_waypoint,4,560,520,560,520,20,18,400,300,15,272.075,-68.748,-60,0,4,1,1,critical_zone,0,1
62,fence24,tiered_wall,random_waypoint,4,560,520,560,520,20,19,300,300,15,340.624,-70.6997,-60,0,4,1,1,critical_zone,0,1
62,fence24,tiered_wall,random_waypoint,4,560,520,560,520,20,20,300,500,15,260.816,-68.3809,-70,1,4,1,1,critical_zone,0,1
62,fence24,tiered_wall,random_waypoint,4,560,520,560,520,20,21,500,350,15,180.347,-65.1764,-70,1,4,1,1,critical_zone,0,1
62,fence24,tiered_wall,random_waypoint,4,560,520,560,520,20,22,700,500,15,141.51,-63.07,-70,1,4,1,1,critical_zone,0,1
62,fence24,tiered_wall,random_waypoint,4,560,520,560,520,20,23,500,650,15,143.265,-63.1771,-70,1,4,1,1,critical_zone,0,1
63,fence24,tiered_wall,random_waypoint,4,560,520,560,520,20,0,250,300,15,380.164,-71.6537,-60,0,4,1,1,critical_zone,0,1
63,fence24,tiered_wall,random_waypoint,4,560,520,560,520,20,1,250,350,15,353.589,-71.0242,-60,0,4,1,1,critical_zone,0,1
63,fence24,tiered_wall,random_waypoint,4,560,520,560,520,20,2,250,450,15,317.844,-70.0985,-60,0,4,1,1,critical_zone,0,1
63,fence24,tiered_wall,random_waypoint,4,560,520,560,520,20,3,250,550,15,311.488,-69.9231,-60,0,4,1,1,critical_zone,0,1
63,fence24,tiered_wall,random_waypoint,4,560,520,560,520,20,4,250,650,15,336.192,-70.586,-60,0,4,1,1,critical_zone,0,1
63,fence24,tiered_wall,random_waypoint,4,560,520,560,520,20,5,250,700,15,358.504,-71.1441,-60,0,4,1,1,critical_zone,0,1
63,fence24,tiered_wall,random_waypoint,4,560,520,560,520,20,6,300,700,15,316.267,-70.0553,-60,0,4,1,1,critical_zone,0,1
63,fence24,tiered_wall,random_waypoint,4,560,520,560,520,20,7,400,700,15,240.884,-67.6904,-60,0,4,1,1,critical_zone,0,1
63,fence24,tiered_wall,random_waypoint,4,560,520,560,520,20,8,600,700,15,184.459,-65.3722,-60,0,4,1,1,critical_zone,0,1
63,fence24,tiered_wall,random_waypoint,4,560,520,560,520,20,9,700,700,15,228.09,-67.2163,-60,0,4,1,1,critical_zone,0,1
63,fence24,tiered_wall,random_waypoint,4,560,520,560,520,20,10,750,700,15,261.773,-68.4127,-60,0,4,1,1,critical_zone,0,1
63,fence24,tiered_wall,random_waypoint,4,560,520,560,520,20,11,750,650,15,230.272,-67.299,-60,0,4,1,1,critical_zone,0,1
63,fence24,tiered_wall,random_waypoint,4,560,520,560,520,20,12,750,550,15,192.419,-65.7392,-60,0,4,1,1,critical_zone,0,1
63,fence24,tiered_wall,random_waypoint,4,560,520,560,520,20,13,750,450,15,202.546,-66.1847,-60,0,4,1,1,critical_zone,0,1
63,fence24,tiered_wall,random_waypoint,4,560,520,560,520,20,14,750,350,15,255,-68.185,-60,0,4,1,1,critical_zone,0,1
63,fence24,tiered_wall,random_waypoint,4,560,520,560,520,20,15,750,300,15,290.732,-69.3241,-60,0,4,1,1,critical_zone,0,1
63,fence24,tiered_wall,random_waypoint,4,560,520,560,520,20,16,700,300,15,260.816,-68.3809,-60,0,4,1,1,critical_zone,0,1
63,fence24,tiered_wall,random_waypoint,4,560,520,560,520,20,17,600,300,15,223.663,-67.0461,-60,0,4,1,1,critical_zone,0,1
63,fence24,tiered_wall,random_waypoint,4,560,520,560,520,20,18,400,300,15,272.075,-68.748,-60,0,4,1,1,critical_zone,0,1
63,fence24,tiered_wall,random_waypoint,4,560,520,560,520,20,19,300,300,15,340.624,-70.6997,-60,0,4,1,1,critical_zone,0,1
63,fence24,tiered_wall,random_waypoint,4,560,520,560,520,20,20,300,500,15,260.816,-68.3809,-70,1,4,1,1,critical_zone,0,1
63,fence24,tiered_wall,random_waypoint,4,560,520,560,520,20,21,500,350,15,180.347,-65.1764,-70,1,4,1,1,critical_zone,0,1
63,fence24,tiered_wall,random_waypoint,4,560,520,560,520,20,22,700,500,15,141.51,-63.07,-70,1,4,1,1,critical_zone,0,1
63,fence24,tiered_wall,random_waypoint,4,560,520,560,520,20,23,500,650,15,143.265,-63.1771,-70,1,4,1,1,critical_zone,0,1
64,fence24,tiered_wall,random_waypoint,4,560,520,560,520,20,0,250,300,15,380.164,-71.6537,-60,0,4,1,1,critical_zone,0,1
64,fence24,tiered_wall,random_waypoint,4,560,520,560,520,20,1,250,350,15,353.589,-71.0242,-60,0,4,1,1,critical_zone,0,1
64,fence24,tiered_wall,random_waypoint,4,560,520,560,520,20,2,250,450,15,317.844,-70.0985,-60,0,4,1,1,critical_zone,0,1
64,fence24,tiered_wall,random_waypoint,4,560,520,560,520,20,3,250,550,15,311.488,-69.9231,-60,0,4,1,1,critical_zone,0,1
64,fence24,tiered_wall,random_waypoint,4,560,520,560,520,20,4,250,650,15,336.192,-70.586,-60,0,4,1,1,critical_zone,0,1
64,fence24,tiered_wall,random_waypoint,4,560,520,560,520,20,5,250,700,15,358.504,-71.1441,-60,0,4,1,1,critical_zone,0,1
64,fence24,tiered_wall,random_waypoint,4,560,520,560,520,20,6,300,700,15,316.267,-70.0553,-60,0,4,1,1,critical_zone,0,1
64,fence24,tiered_wall,random_waypoint,4,560,520,560,520,20,7,400,700,15,240.884,-67.6904,-60,0,4,1,1,critical_zone,0,1
64,fence24,tiered_wall,random_waypoint,4,560,520,560,520,20,8,600,700,15,184.459,-65.3722,-60,0,4,1,1,critical_zone,0,1
64,fence24,tiered_wall,random_waypoint,4,560,520,560,520,20,9,700,700,15,228.09,-67.2163,-60,0,4,1,1,critical_zone,0,1
64,fence24,tiered_wall,random_waypoint,4,560,520,560,520,20,10,750,700,15,261.773,-68.4127,-60,0,4,1,1,critical_zone,0,1
64,fence24,tiered_wall,random_waypoint,4,560,520,560,520,20,11,750,650,15,230.272,-67.299,-60,0,4,1,1,critical_zone,0,1
64,fence24,tiered_wall,random_waypoint,4,560,520,560,520,20,12,750,550,15,192.419,-65.7392,-60,0,4,1,1,critical_zone,0,1
64,fence24,tiered_wall,random_waypoint,4,560,520,560,520,20,13,750,450,15,202.546,-66.1847,-60,0,4,1,1,critical_zone,0,1
64,fence24,tiered_wall,random_waypoint,4,560,520,560,520,20,14,750,350,15,255,-68.185,-60,0,4,1,1,critical_zone,0,1
64,fence24,tiered_wall,random_waypoint,4,560,520,560,520,20,15,750,300,15,290.732,-69.3241,-60,0,4,1,1,critical_zone,0,1
64,fence24,tiered_wall,random_waypoint,4,560,520,560,520,20,16,700,300,15,260.816,-68.3809,-60,0,4,1,1,critical_zone,0,1
64,fence24,tiered_wall,random_waypoint,4,560,520,560,520,20,17,600,300,15,223.663,-67.0461,-60,0,4,1,1,critical_zone,0,1
64,fence24,tiered_wall,random_waypoint,4,560,520,560,520,20,18,400,300,15,272.075,-68.748,-60,0,4,1,1,critical_zone,0,1
64,fence24,tiered_wall,random_waypoint,4,560,520,560,520,20,19,300,300,15,340.624,-70.6997,-60,0,4,1,1,critical_zone,0,1
64,fence24,tiered_wall,random_waypoint,4,560,520,560,520,20,20,300,500,15,260.816,-68.3809,-70,1,4,1,1,critical_zone,0,1
64,fence24,tiered_wall,random_waypoint,4,560,520,560,520,20,21,500,350,15,180.347,-65.1764,-70,1,4,1,1,critical_zone,0,1
64,fence24,tiered_wall,random_waypoint,4,560,520,560,520,20,22,700,500,15,141.51,-63.07,-70,1,4,1,1,critical_zone,0,1
64,fence24,tiered_wall,random_waypoint,4,560,520,560,520,20,23,500,650,15,143.265,-63.1771,-70,1,4,1,1,critical_zone,0,1
65,fence24,tiered_wall,random_waypoint,4,560,520,560,520,20,0,250,300,15,380.164,-71.6537,-60,0,4,1,1,critical_zone,0,1
65,fence24,tiered_wall,random_waypoint,4,560,520,560,520,20,1,250,350,15,353.589,-71.0242,-60,0,4,1,1,critical_zone,0,1
65,fence24,tiered_wall,random_waypoint,4,560,520,560,520,20,2,250,450,15,317.844,-70.0985,-60,0,4,1,1,critical_zone,0,1
65,fence24,tiered_wall,random_waypoint,4,560,520,560,520,20,3,250,550,15,311.488,-69.9231,-60,0,4,1,1,critical_zone,0,1
65,fence24,tiered_wall,random_waypoint,4,560,520,560,520,20,4,250,650,15,336.192,-70.586,-60,0,4,1,1,critical_zone,0,1
65,fence24,tiered_wall,random_waypoint,4,560,520,560,520,20,5,250,700,15,358.504,-71.1441,-60,0,4,1,1,critical_zone,0,1
65,fence24,tiered_wall,random_waypoint,4,560,520,560,520,20,6,300,700,15,316.267,-70.0553,-60,0,4,1,1,critical_zone,0,1
65,fence24,tiered_wall,random_waypoint,4,560,520,560,520,20,7,400,700,15,240.884,-67.6904,-60,0,4,1,1,critical_zone,0,1
65,fence24,tiered_wall,random_waypoint,4,560,520,560,520,20,8,600,700,15,184.459,-65.3722,-60,0,4,1,1,critical_zone,0,1
65,fence24,tiered_wall,random_waypoint,4,560,520,560,520,20,9,700,700,15,228.09,-67.2163,-60,0,4,1,1,critical_zone,0,1
65,fence24,tiered_wall,random_waypoint,4,560,520,560,520,20,10,750,700,15,261.773,-68.4127,-60,0,4,1,1,critical_zone,0,1
65,fence24,tiered_wall,random_waypoint,4,560,520,560,520,20,11,750,650,15,230.272,-67.299,-60,0,4,1,1,critical_zone,0,1
65,fence24,tiered_wall,random_waypoint,4,560,520,560,520,20,12,750,550,15,192.419,-65.7392,-60,0,4,1,1,critical_zone,0,1
65,fence24,tiered_wall,random_waypoint,4,560,520,560,520,20,13,750,450,15,202.546,-66.1847,-60,0,4,1,1,critical_zone,0,1
65,fence24,tiered_wall,random_waypoint,4,560,520,560,520,20,14,750,350,15,255,-68.185,-60,0,4,1,1,critical_zone,0,1
65,fence24,tiered_wall,random_waypoint,4,560,520,560,520,20,15,750,300,15,290.732,-69.3241,-60,0,4,1,1,critical_zone,0,1
65,fence24,tiered_wall,random_waypoint,4,560,520,560,520,20,16,700,300,15,260.816,-68.3809,-60,0,4,1,1,critical_zone,0,1
65,fence24,tiered_wall,random_waypoint,4,560,520,560,520,20,17,600,300,15,223.663,-67.0461,-60,0,4,1,1,critical_zone,0,1
65,fence24,tiered_wall,random_waypoint,4,560,520,560,520,20,18,400,300,15,272.075,-68.748,-60,0,4,1,1,critical_zone,0,1
65,fence24,tiered_wall,random_waypoint,4,560,520,560,520,20,19,300,300,15,340.624,-70.6997,-60,0,4,1,1,critical_zone,0,1
65,fence24,tiered_wall,random_waypoint,4,560,520,560,520,20,20,300,500,15,260.816,-68.3809,-70,1,4,1,1,critical_zone,0,1
65,fence24,tiered_wall,random_waypoint,4,560,520,560,520,20,21,500,350,15,180.347,-65.1764,-70,1,4,1,1,critical_zone,0,1
65,fence24,tiered_wall,random_waypoint,4,560,520,560,520,20,22,700,500,15,141.51,-63.07,-70,1,4,1,1,critical_zone,0,1
65,fence24,tiered_wall,random_waypoint,4,560,520,560,520,20,23,500,650,15,143.265,-63.1771,-70,1,4,1,1,critical_zone,0,1
66,fence24,tiered_wall,random_waypoint,4,560,520,560,520,20,0,250,300,15,380.164,-71.6537,-60,0,4,1,1,critical_zone,0,1
66,fence24,tiered_wall,random_waypoint,4,560,520,560,520,20,1,250,350,15,353.589,-71.0242,-60,0,4,1,1,critical_zone,0,1
66,fence24,tiered_wall,random_waypoint,4,560,520,560,520,20,2,250,450,15,317.844,-70.0985,-60,0,4,1,1,critical_zone,0,1
66,fence24,tiered_wall,random_waypoint,4,560,520,560,520,20,3,250,550,15,311.488,-69.9231,-60,0,4,1,1,critical_zone,0,1
66,fence24,tiered_wall,random_waypoint,4,560,520,560,520,20,4,250,650,15,336.192,-70.586,-60,0,4,1,1,critical_zone,0,1
66,fence24,tiered_wall,random_waypoint,4,560,520,560,520,20,5,250,700,15,358.504,-71.1441,-60,0,4,1,1,critical_zone,0,1
66,fence24,tiered_wall,random_waypoint,4,560,520,560,520,20,6,300,700,15,316.267,-70.0553,-60,0,4,1,1,critical_zone,0,1
66,fence24,tiered_wall,random_waypoint,4,560,520,560,520,20,7,400,700,15,240.884,-67.6904,-60,0,4,1,1,critical_zone,0,1
66,fence24,tiered_wall,random_waypoint,4,560,520,560,520,20,8,600,700,15,184.459,-65.3722,-60,0,4,1,1,critical_zone,0,1
66,fence24,tiered_wall,random_waypoint,4,560,520,560,520,20,9,700,700,15,228.09,-67.2163,-60,0,4,1,1,critical_zone,0,1
66,fence24,tiered_wall,random_waypoint,4,560,520,560,520,20,10,750,700,15,261.773,-68.4127,-60,0,4,1,1,critical_zone,0,1
66,fence24,tiered_wall,random_waypoint,4,560,520,560,520,20,11,750,650,15,230.272,-67.299,-60,0,4,1,1,critical_zone,0,1
66,fence24,tiered_wall,random_waypoint,4,560,520,560,520,20,12,750,550,15,192.419,-65.7392,-60,0,4,1,1,critical_zone,0,1
66,fence24,tiered_wall,random_waypoint,4,560,520,560,520,20,13,750,450,15,202.546,-66.1847,-60,0,4,1,1,critical_zone,0,1
66,fence24,tiered_wall,random_waypoint,4,560,520,560,520,20,14,750,350,15,255,-68.185,-60,0,4,1,1,critical_zone,0,1
66,fence24,tiered_wall,random_waypoint,4,560,520,560,520,20,15,750,300,15,290.732,-69.3241,-60,0,4,1,1,critical_zone,0,1
66,fence24,tiered_wall,random_waypoint,4,560,520,560,520,20,16,700,300,15,260.816,-68.3809,-60,0,4,1,1,critical_zone,0,1
66,fence24,tiered_wall,random_waypoint,4,560,520,560,520,20,17,600,300,15,223.663,-67.0461,-60,0,4,1,1,critical_zone,0,1
66,fence24,tiered_wall,random_waypoint,4,560,520,560,520,20,18,400,300,15,272.075,-68.748,-60,0,4,1,1,critical_zone,0,1
66,fence24,tiered_wall,random_waypoint,4,560,520,560,520,20,19,300,300,15,340.624,-70.6997,-60,0,4,1,1,critical_zone,0,1
66,fence24,tiered_wall,random_waypoint,4,560,520,560,520,20,20,300,500,15,260.816,-68.3809,-70,1,4,1,1,critical_zone,0,1
66,fence24,tiered_wall,random_waypoint,4,560,520,560,520,20,21,500,350,15,180.347,-65.1764,-70,1,4,1,1,critical_zone,0,1
66,fence24,tiered_wall,random_waypoint,4,560,520,560,520,20,22,700,500,15,141.51,-63.07,-70,1,4,1,1,critical_zone,0,1
66,fence24,tiered_wall,random_waypoint,4,560,520,560,520,20,23,500,650,15,143.265,-63.1771,-70,1,4,1,1,critical_zone,0,1
67,fence24,tiered_wall,random_waypoint,4,560,520,560,520,20,0,250,300,15,380.164,-71.6537,-60,0,4,1,1,critical_zone,0,1
67,fence24,tiered_wall,random_waypoint,4,560,520,560,520,20,1,250,350,15,353.589,-71.0242,-60,0,4,1,1,critical_zone,0,1
67,fence24,tiered_wall,random_waypoint,4,560,520,560,520,20,2,250,450,15,317.844,-70.0985,-60,0,4,1,1,critical_zone,0,1
67,fence24,tiered_wall,random_waypoint,4,560,520,560,520,20,3,250,550,15,311.488,-69.9231,-60,0,4,1,1,critical_zone,0,1
67,fence24,tiered_wall,random_waypoint,4,560,520,560,520,20,4,250,650,15,336.192,-70.586,-60,0,4,1,1,critical_zone,0,1
67,fence24,tiered_wall,random_waypoint,4,560,520,560,520,20,5,250,700,15,358.504,-71.1441,-60,0,4,1,1,critical_zone,0,1
67,fence24,tiered_wall,random_waypoint,4,560,520,560,520,20,6,300,700,15,316.267,-70.0553,-60,0,4,1,1,critical_zone,0,1
67,fence24,tiered_wall,random_waypoint,4,560,520,560,520,20,7,400,700,15,240.884,-67.6904,-60,0,4,1,1,critical_zone,0,1
67,fence24,tiered_wall,random_waypoint,4,560,520,560,520,20,8,600,700,15,184.459,-65.3722,-60,0,4,1,1,critical_zone,0,1
67,fence24,tiered_wall,random_waypoint,4,560,520,560,520,20,9,700,700,15,228.09,-67.2163,-60,0,4,1,1,critical_zone,0,1
67,fence24,tiered_wall,random_waypoint,4,560,520,560,520,20,10,750,700,15,261.773,-68.4127,-60,0,4,1,1,critical_zone,0,1
67,fence24,tiered_wall,random_waypoint,4,560,520,560,520,20,11,750,650,15,230.272,-67.299,-60,0,4,1,1,critical_zone,0,1
67,fence24,tiered_wall,random_waypoint,4,560,520,560,520,20,12,750,550,15,192.419,-65.7392,-60,0,4,1,1,critical_zone,0,1
67,fence24,tiered_wall,random_waypoint,4,560,520,560,520,20,13,750,450,15,202.546,-66.1847,-60,0,4,1,1,critical_zone,0,1
67,fence24,tiered_wall,random_waypoint,4,560,520,560,520,20,14,750,350,15,255,-68.185,-60,0,4,1,1,critical_zone,0,1
67,fence24,tiered_wall,random_waypoint,4,560,520,560,520,20,15,750,300,15,290.732,-69.3241,-60,0,4,1,1,critical_zone,0,1
67,fence24,tiered_wall,random_waypoint,4,560,520,560,520,20,16,700,300,15,260.816,-68.3809,-60,0,4,1,1,critical_zone,0,1
67,fence24,tiered_wall,random_waypoint,4,560,520,560,520,20,17,600,300,15,223.663,-67.0461,-60,0,4,1,1,critical_zone,0,1
67,fence24,tiered_wall,random_waypoint,4,560,520,560,520,20,18,400,300,15,272.075,-68.748,-60,0,4,1,1,critical_zone,0,1
67,fence24,tiered_wall,random_waypoint,4,560,520,560,520,20,19,300,300,15,340.624,-70.6997,-60,0,4,1,1,critical_zone,0,1
67,fence24,tiered_wall,random_waypoint,4,560,520,560,520,20,20,300,500,15,260.816,-68.3809,-70,1,4,1,1,critical_zone,0,1
67,fence24,tiered_wall,random_waypoint,4,560,520,560,520,20,21,500,350,15,180.347,-65.1764,-70,1,4,1,1,critical_zone,0,1
67,fence24,tiered_wall,random_waypoint,4,560,520,560,520,20,22,700,500,15,141.51,-63.07,-70,1,4,1,1,critical_zone,0,1
67,fence24,tiered_wall,random_waypoint,4,560,520,560,520,20,23,500,650,15,143.265,-63.1771,-70,1,4,1,1,critical_zone,0,1
68,fence24,tiered_wall,random_waypoint,4,560,520,560,520,20,0,250,300,15,380.164,-71.6537,-60,0,4,1,1,critical_zone,0,1
68,fence24,tiered_wall,random_waypoint,4,560,520,560,520,20,1,250,350,15,353.589,-71.0242,-60,0,4,1,1,critical_zone,0,1
68,fence24,tiered_wall,random_waypoint,4,560,520,560,520,20,2,250,450,15,317.844,-70.0985,-60,0,4,1,1,critical_zone,0,1
68,fence24,tiered_wall,random_waypoint,4,560,520,560,520,20,3,250,550,15,311.488,-69.9231,-60,0,4,1,1,critical_zone,0,1
68,fence24,tiered_wall,random_waypoint,4,560,520,560,520,20,4,250,650,15,336.192,-70.586,-60,0,4,1,1,critical_zone,0,1
68,fence24,tiered_wall,random_waypoint,4,560,520,560,520,20,5,250,700,15,358.504,-71.1441,-60,0,4,1,1,critical_zone,0,1
68,fence24,tiered_wall,random_waypoint,4,560,520,560,520,20,6,300,700,15,316.267,-70.0553,-60,0,4,1,1,critical_zone,0,1
68,fence24,tiered_wall,random_waypoint,4,560,520,560,520,20,7,400,700,15,240.884,-67.6904,-60,0,4,1,1,critical_zone,0,1
68,fence24,tiered_wall,random_waypoint,4,560,520,560,520,20,8,600,700,15,184.459,-65.3722,-60,0,4,1,1,critical_zone,0,1
68,fence24,tiered_wall,random_waypoint,4,560,520,560,520,20,9,700,700,15,228.09,-67.2163,-60,0,4,1,1,critical_zone,0,1
68,fence24,tiered_wall,random_waypoint,4,560,520,560,520,20,10,750,700,15,261.773,-68.4127,-60,0,4,1,1,critical_zone,0,1
68,fence24,tiered_wall,random_waypoint,4,560,520,560,520,20,11,750,650,15,230.272,-67.299,-60,0,4,1,1,critical_zone,0,1
68,fence24,tiered_wall,random_waypoint,4,560,520,560,520,20,12,750,550,15,192.419,-65.7392,-60,0,4,1,1,critical_zone,0,1
68,fence24,tiered_wall,random_waypoint,4,560,520,560,520,20,13,750,450,15,202.546,-66.1847,-60,0,4,1,1,critical_zone,0,1
68,fence24,tiered_wall,random_waypoint,4,560,520,560,520,20,14,750,350,15,255,-68.185,-60,0,4,1,1,critical_zone,0,1
68,fence24,tiered_wall,random_waypoint,4,560,520,560,520,20,15,750,300,15,290.732,-69.3241,-60,0,4,1,1,critical_zone,0,1
68,fence24,tiered_wall,random_waypoint,4,560,520,560,520,20,16,700,300,15,260.816,-68.3809,-60,0,4,1,1,critical_zone,0,1
68,fence24,tiered_wall,random_waypoint,4,560,520,560,520,20,17,600,300,15,223.663,-67.0461,-60,0,4,1,1,critical_zone,0,1
68,fence24,tiered_wall,random_waypoint,4,560,520,560,520,20,18,400,300,15,272.075,-68.748,-60,0,4,1,1,critical_zone,0,1
68,fence24,tiered_wall,random_waypoint,4,560,520,560,520,20,19,300,300,15,340.624,-70.6997,-60,0,4,1,1,critical_zone,0,1
68,fence24,tiered_wall,random_waypoint,4,560,520,560,520,20,20,300,500,15,260.816,-68.3809,-70,1,4,1,1,critical_zone,0,1
68,fence24,tiered_wall,random_waypoint,4,560,520,560,520,20,21,500,350,15,180.347,-65.1764,-70,1,4,1,1,critical_zone,0,1
68,fence24,tiered_wall,random_waypoint,4,560,520,560,520,20,22,700,500,15,141.51,-63.07,-70,1,4,1,1,critical_zone,0,1
68,fence24,tiered_wall,random_waypoint,4,560,520,560,520,20,23,500,650,15,143.265,-63.1771,-70,1,4,1,1,critical_zone,0,1
69,fence24,tiered_wall,random_waypoint,4,560,520,560,520,20,0,250,300,15,380.164,-71.6537,-60,0,4,1,1,critical_zone,0,1
69,fence24,tiered_wall,random_waypoint,4,560,520,560,520,20,1,250,350,15,353.589,-71.0242,-60,0,4,1,1,critical_zone,0,1
69,fence24,tiered_wall,random_waypoint,4,560,520,560,520,20,2,250,450,15,317.844,-70.0985,-60,0,4,1,1,critical_zone,0,1
69,fence24,tiered_wall,random_waypoint,4,560,520,560,520,20,3,250,550,15,311.488,-69.9231,-60,0,4,1,1,critical_zone,0,1
69,fence24,tiered_wall,random_waypoint,4,560,520,560,520,20,4,250,650,15,336.192,-70.586,-60,0,4,1,1,critical_zone,0,1
69,fence24,tiered_wall,random_waypoint,4,560,520,560,520,20,5,250,700,15,358.504,-71.1441,-60,0,4,1,1,critical_zone,0,1
69,fence24,tiered_wall,random_waypoint,4,560,520,560,520,20,6,300,700,15,316.267,-70.0553,-60,0,4,1,1,critical_zone,0,1
69,fence24,tiered_wall,random_waypoint,4,560,520,560,520,20,7,400,700,15,240.884,-67.6904,-60,0,4,1,1,critical_zone,0,1
69,fence24,tiered_wall,random_waypoint,4,560,520,560,520,20,8,600,700,15,184.459,-65.3722,-60,0,4,1,1,critical_zone,0,1
69,fence24,tiered_wall,random_waypoint,4,560,520,560,520,20,9,700,700,15,228.09,-67.2163,-60,0,4,1,1,critical_zone,0,1
69,fence24,tiered_wall,random_waypoint,4,560,520,560,520,20,10,750,700,15,261.773,-68.4127,-60,0,4,1,1,critical_zone,0,1
69,fence24,tiered_wall,random_waypoint,4,560,520,560,520,20,11,750,650,15,230.272,-67.299,-60,0,4,1,1,critical_zone,0,1
69,fence24,tiered_wall,random_waypoint,4,560,520,560,520,20,12,750,550,15,192.419,-65.7392,-60,0,4,1,1,critical_zone,0,1
69,fence24,tiered_wall,random_waypoint,4,560,520,560,520,20,13,750,450,15,202.546,-66.1847,-60,0,4,1,1,critical_zone,0,1
69,fence24,tiered_wall,random_waypoint,4,560,520,560,520,20,14,750,350,15,255,-68.185,-60,0,4,1,1,critical_zone,0,1
69,fence24,tiered_wall,random_waypoint,4,560,520,560,520,20,15,750,300,15,290.732,-69.3241,-60,0,4,1,1,critical_zone,0,1
69,fence24,tiered_wall,random_waypoint,4,560,520,560,520,20,16,700,300,15,260.816,-68.3809,-60,0,4,1,1,critical_zone,0,1
69,fence24,tiered_wall,random_waypoint,4,560,520,560,520,20,17,600,300,15,223.663,-67.0461,-60,0,4,1,1,critical_zone,0,1
69,fence24,tiered_wall,random_waypoint,4,560,520,560,520,20,18,400,300,15,272.075,-68.748,-60,0,4,1,1,critical_zone,0,1
69,fence24,tiered_wall,random_waypoint,4,560,520,560,520,20,19,300,300,15,340.624,-70.6997,-60,0,4,1,1,critical_zone,0,1
69,fence24,tiered_wall,random_waypoint,4,560,520,560,520,20,20,300,500,15,260.816,-68.3809,-70,1,4,1,1,critical_zone,0,1
69,fence24,tiered_wall,random_waypoint,4,560,520,560,520,20,21,500,350,15,180.347,-65.1764,-70,1,4,1,1,critical_zone,0,1
69,fence24,tiered_wall,random_waypoint,4,560,520,560,520,20,22,700,500,15,141.51,-63.07,-70,1,4,1,1,critical_zone,0,1
69,fence24,tiered_wall,random_waypoint,4,560,520,560,520,20,23,500,650,15,143.265,-63.1771,-70,1,4,1,1,critical_zone,0,1
70,fence24,tiered_wall,random_waypoint,4,560,520,560,520,20,0,250,300,15,380.164,-71.6537,-60,0,4,1,1,critical_zone,0,1
70,fence24,tiered_wall,random_waypoint,4,560,520,560,520,20,1,250,350,15,353.589,-71.0242,-60,0,4,1,1,critical_zone,0,1
70,fence24,tiered_wall,random_waypoint,4,560,520,560,520,20,2,250,450,15,317.844,-70.0985,-60,0,4,1,1,critical_zone,0,1
70,fence24,tiered_wall,random_waypoint,4,560,520,560,520,20,3,250,550,15,311.488,-69.9231,-60,0,4,1,1,critical_zone,0,1
70,fence24,tiered_wall,random_waypoint,4,560,520,560,520,20,4,250,650,15,336.192,-70.586,-60,0,4,1,1,critical_zone,0,1
70,fence24,tiered_wall,random_waypoint,4,560,520,560,520,20,5,250,700,15,358.504,-71.1441,-60,0,4,1,1,critical_zone,0,1
70,fence24,tiered_wall,random_waypoint,4,560,520,560,520,20,6,300,700,15,316.267,-70.0553,-60,0,4,1,1,critical_zone,0,1
70,fence24,tiered_wall,random_waypoint,4,560,520,560,520,20,7,400,700,15,240.884,-67.6904,-60,0,4,1,1,critical_zone,0,1
70,fence24,tiered_wall,random_waypoint,4,560,520,560,520,20,8,600,700,15,184.459,-65.3722,-60,0,4,1,1,critical_zone,0,1
70,fence24,tiered_wall,random_waypoint,4,560,520,560,520,20,9,700,700,15,228.09,-67.2163,-60,0,4,1,1,critical_zone,0,1
70,fence24,tiered_wall,random_waypoint,4,560,520,560,520,20,10,750,700,15,261.773,-68.4127,-60,0,4,1,1,critical_zone,0,1
70,fence24,tiered_wall,random_waypoint,4,560,520,560,520,20,11,750,650,15,230.272,-67.299,-60,0,4,1,1,critical_zone,0,1
70,fence24,tiered_wall,random_waypoint,4,560,520,560,520,20,12,750,550,15,192.419,-65.7392,-60,0,4,1,1,critical_zone,0,1
70,fence24,tiered_wall,random_waypoint,4,560,520,560,520,20,13,750,450,15,202.546,-66.1847,-60,0,4,1,1,critical_zone,0,1
70,fence24,tiered_wall,random_waypoint,4,560,520,560,520,20,14,750,350,15,255,-68.185,-60,0,4,1,1,critical_zone,0,1
70,fence24,tiered_wall,random_waypoint,4,560,520,560,520,20,15,750,300,15,290.732,-69.3241,-60,0,4,1,1,critical_zone,0,1
70,fence24,tiered_wall,random_waypoint,4,560,520,560,520,20,16,700,300,15,260.816,-68.3809,-60,0,4,1,1,critical_zone,0,1
70,fence24,tiered_wall,random_waypoint,4,560,520,560,520,20,17,600,300,15,223.663,-67.0461,-60,0,4,1,1,critical_zone,0,1
70,fence24,tiered_wall,random_waypoint,4,560,520,560,520,20,18,400,300,15,272.075,-68.748,-60,0,4,1,1,critical_zone,0,1
70,fence24,tiered_wall,random_waypoint,4,560,520,560,520,20,19,300,300,15,340.624,-70.6997,-60,0,4,1,1,critical_zone,0,1
70,fence24,tiered_wall,random_waypoint,4,560,520,560,520,20,20,300,500,15,260.816,-68.3809,-70,1,4,1,1,critical_zone,0,1
70,fence24,tiered_wall,random_waypoint,4,560,520,560,520,20,21,500,350,15,180.347,-65.1764,-70,1,4,1,1,critical_zone,0,1
70,fence24,tiered_wall,random_waypoint,4,560,520,560,520,20,22,700,500,15,141.51,-63.07,-70,1,4,1,1,critical_zone,0,1
70,fence24,tiered_wall,random_waypoint,4,560,520,560,520,20,23,500,650,15,143.265,-63.1771,-70,1,4,1,1,critical_zone,0,1
71,fence24,tiered_wall,random_waypoint,4,560,520,560,520,20,0,250,300,15,380.164,-71.6537,-60,0,4,1,1,critical_zone,0,1
71,fence24,tiered_wall,random_waypoint,4,560,520,560,520,20,1,250,350,15,353.589,-71.0242,-60,0,4,1,1,critical_zone,0,1
71,fence24,tiered_wall,random_waypoint,4,560,520,560,520,20,2,250,450,15,317.844,-70.0985,-60,0,4,1,1,critical_zone,0,1
71,fence24,tiered_wall,random_waypoint,4,560,520,560,520,20,3,250,550,15,311.488,-69.9231,-60,0,4,1,1,critical_zone,0,1
71,fence24,tiered_wall,random_waypoint,4,560,520,560,520,20,4,250,650,15,336.192,-70.586,-60,0,4,1,1,critical_zone,0,1
71,fence24,tiered_wall,random_waypoint,4,560,520,560,520,20,5,250,700,15,358.504,-71.1441,-60,0,4,1,1,critical_zone,0,1
71,fence24,tiered_wall,random_waypoint,4,560,520,560,520,20,6,300,700,15,316.267,-70.0553,-60,0,4,1,1,critical_zone,0,1
71,fence24,tiered_wall,random_waypoint,4,560,520,560,520,20,7,400,700,15,240.884,-67.6904,-60,0,4,1,1,critical_zone,0,1
71,fence24,tiered_wall,random_waypoint,4,560,520,560,520,20,8,600,700,15,184.459,-65.3722,-60,0,4,1,1,critical_zone,0,1
71,fence24,tiered_wall,random_waypoint,4,560,520,560,520,20,9,700,700,15,228.09,-67.2163,-60,0,4,1,1,critical_zone,0,1
71,fence24,tiered_wall,random_waypoint,4,560,520,560,520,20,10,750,700,15,261.773,-68.4127,-60,0,4,1,1,critical_zone,0,1
71,fence24,tiered_wall,random_waypoint,4,560,520,560,520,20,11,750,650,15,230.272,-67.299,-60,0,4,1,1,critical_zone,0,1
71,fence24,tiered_wall,random_waypoint,4,560,520,560,520,20,12,750,550,15,192.419,-65.7392,-60,0,4,1,1,critical_zone,0,1
71,fence24,tiered_wall,random_waypoint,4,560,520,560,520,20,13,750,450,15,202.546,-66.1847,-60,0,4,1,1,critical_zone,0,1
71,fence24,tiered_wall,random_waypoint,4,560,520,560,520,20,14,750,350,15,255,-68.185,-60,0,4,1,1,critical_zone,0,1
71,fence24,tiered_wall,random_waypoint,4,560,520,560,520,20,15,750,300,15,290.732,-69.3241,-60,0,4,1,1,critical_zone,0,1
71,fence24,tiered_wall,random_waypoint,4,560,520,560,520,20,16,700,300,15,260.816,-68.3809,-60,0,4,1,1,critical_zone,0,1
71,fence24,tiered_wall,random_waypoint,4,560,520,560,520,20,17,600,300,15,223.663,-67.0461,-60,0,4,1,1,critical_zone,0,1
71,fence24,tiered_wall,random_waypoint,4,560,520,560,520,20,18,400,300,15,272.075,-68.748,-60,0,4,1,1,critical_zone,0,1
71,fence24,tiered_wall,random_waypoint,4,560,520,560,520,20,19,300,300,15,340.624,-70.6997,-60,0,4,1,1,critical_zone,0,1
71,fence24,tiered_wall,random_waypoint,4,560,520,560,520,20,20,300,500,15,260.816,-68.3809,-70,1,4,1,1,critical_zone,0,1
71,fence24,tiered_wall,random_waypoint,4,560,520,560,520,20,21,500,350,15,180.347,-65.1764,-70,1,4,1,1,critical_zone,0,1
71,fence24,tiered_wall,random_waypoint,4,560,520,560,520,20,22,700,500,15,141.51,-63.07,-70,1,4,1,1,critical_zone,0,1
71,fence24,tiered_wall,random_waypoint,4,560,520,560,520,20,23,500,650,15,143.265,-63.1771,-70,1,4,1,1,critical_zone,0,1
72,fence24,tiered_wall,random_waypoint,4,560,520,560,520,20,0,250,300,15,380.164,-71.6537,-60,0,4,1,1,critical_zone,0,1
72,fence24,tiered_wall,random_waypoint,4,560,520,560,520,20,1,250,350,15,353.589,-71.0242,-60,0,4,1,1,critical_zone,0,1
72,fence24,tiered_wall,random_waypoint,4,560,520,560,520,20,2,250,450,15,317.844,-70.0985,-60,0,4,1,1,critical_zone,0,1
72,fence24,tiered_wall,random_waypoint,4,560,520,560,520,20,3,250,550,15,311.488,-69.9231,-60,0,4,1,1,critical_zone,0,1
72,fence24,tiered_wall,random_waypoint,4,560,520,560,520,20,4,250,650,15,336.192,-70.586,-60,0,4,1,1,critical_zone,0,1
72,fence24,tiered_wall,random_waypoint,4,560,520,560,520,20,5,250,700,15,358.504,-71.1441,-60,0,4,1,1,critical_zone,0,1
72,fence24,tiered_wall,random_waypoint,4,560,520,560,520,20,6,300,700,15,316.267,-70.0553,-60,0,4,1,1,critical_zone,0,1
72,fence24,tiered_wall,random_waypoint,4,560,520,560,520,20,7,400,700,15,240.884,-67.6904,-60,0,4,1,1,critical_zone,0,1
72,fence24,tiered_wall,random_waypoint,4,560,520,560,520,20,8,600,700,15,184.459,-65.3722,-60,0,4,1,1,critical_zone,0,1
72,fence24,tiered_wall,random_waypoint,4,560,520,560,520,20,9,700,700,15,228.09,-67.2163,-60,0,4,1,1,critical_zone,0,1
72,fence24,tiered_wall,random_waypoint,4,560,520,560,520,20,10,750,700,15,261.773,-68.4127,-60,0,4,1,1,critical_zone,0,1
72,fence24,tiered_wall,random_waypoint,4,560,520,560,520,20,11,750,650,15,230.272,-67.299,-60,0,4,1,1,critical_zone,0,1
72,fence24,tiered_wall,random_waypoint,4,560,520,560,520,20,12,750,550,15,192.419,-65.7392,-60,0,4,1,1,critical_zone,0,1
72,fence24,tiered_wall,random_waypoint,4,560,520,560,520,20,13,750,450,15,202.546,-66.1847,-60,0,4,1,1,critical_zone,0,1
72,fence24,tiered_wall,random_waypoint,4,560,520,560,520,20,14,750,350,15,255,-68.185,-60,0,4,1,1,critical_zone,0,1
72,fence24,tiered_wall,random_waypoint,4,560,520,560,520,20,15,750,300,15,290.732,-69.3241,-60,0,4,1,1,critical_zone,0,1
72,fence24,tiered_wall,random_waypoint,4,560,520,560,520,20,16,700,300,15,260.816,-68.3809,-60,0,4,1,1,critical_zone,0,1
72,fence24,tiered_wall,random_waypoint,4,560,520,560,520,20,17,600,300,15,223.663,-67.0461,-60,0,4,1,1,critical_zone,0,1
72,fence24,tiered_wall,random_waypoint,4,560,520,560,520,20,18,400,300,15,272.075,-68.748,-60,0,4,1,1,critical_zone,0,1
72,fence24,tiered_wall,random_waypoint,4,560,520,560,520,20,19,300,300,15,340.624,-70.6997,-60,0,4,1,1,critical_zone,0,1
72,fence24,tiered_wall,random_waypoint,4,560,520,560,520,20,20,300,500,15,260.816,-68.3809,-70,1,4,1,1,critical_zone,0,1
72,fence24,tiered_wall,random_waypoint,4,560,520,560,520,20,21,500,350,15,180.347,-65.1764,-70,1,4,1,1,critical_zone,0,1
72,fence24,tiered_wall,random_waypoint,4,560,520,560,520,20,22,700,500,15,141.51,-63.07,-70,1,4,1,1,critical_zone,0,1
72,fence24,tiered_wall,random_waypoint,4,560,520,560,520,20,23,500,650,15,143.265,-63.1771,-70,1,4,1,1,critical_zone,0,1
73,fence24,tiered_wall,random_waypoint,4,560,520,560,520,20,0,250,300,15,380.164,-71.6537,-60,0,4,1,1,critical_zone,0,1
73,fence24,tiered_wall,random_waypoint,4,560,520,560,520,20,1,250,350,15,353.589,-71.0242,-60,0,4,1,1,critical_zone,0,1
73,fence24,tiered_wall,random_waypoint,4,560,520,560,520,20,2,250,450,15,317.844,-70.0985,-60,0,4,1,1,critical_zone,0,1
73,fence24,tiered_wall,random_waypoint,4,560,520,560,520,20,3,250,550,15,311.488,-69.9231,-60,0,4,1,1,critical_zone,0,1
73,fence24,tiered_wall,random_waypoint,4,560,520,560,520,20,4,250,650,15,336.192,-70.586,-60,0,4,1,1,critical_zone,0,1
73,fence24,tiered_wall,random_waypoint,4,560,520,560,520,20,5,250,700,15,358.504,-71.1441,-60,0,4,1,1,critical_zone,0,1
73,fence24,tiered_wall,random_waypoint,4,560,520,560,520,20,6,300,700,15,316.267,-70.0553,-60,0,4,1,1,critical_zone,0,1
73,fence24,tiered_wall,random_waypoint,4,560,520,560,520,20,7,400,700,15,240.884,-67.6904,-60,0,4,1,1,critical_zone,0,1
73,fence24,tiered_wall,random_waypoint,4,560,520,560,520,20,8,600,700,15,184.459,-65.3722,-60,0,4,1,1,critical_zone,0,1
73,fence24,tiered_wall,random_waypoint,4,560,520,560,520,20,9,700,700,15,228.09,-67.2163,-60,0,4,1,1,critical_zone,0,1
73,fence24,tiered_wall,random_waypoint,4,560,520,560,520,20,10,750,700,15,261.773,-68.4127,-60,0,4,1,1,critical_zone,0,1
73,fence24,tiered_wall,random_waypoint,4,560,520,560,520,20,11,750,650,15,230.272,-67.299,-60,0,4,1,1,critical_zone,0,1
73,fence24,tiered_wall,random_waypoint,4,560,520,560,520,20,12,750,550,15,192.419,-65.7392,-60,0,4,1,1,critical_zone,0,1
73,fence24,tiered_wall,random_waypoint,4,560,520,560,520,20,13,750,450,15,202.546,-66.1847,-60,0,4,1,1,critical_zone,0,1
73,fence24,tiered_wall,random_waypoint,4,560,520,560,520,20,14,750,350,15,255,-68.185,-60,0,4,1,1,critical_zone,0,1
73,fence24,tiered_wall,random_waypoint,4,560,520,560,520,20,15,750,300,15,290.732,-69.3241,-60,0,4,1,1,critical_zone,0,1
73,fence24,tiered_wall,random_waypoint,4,560,520,560,520,20,16,700,300,15,260.816,-68.3809,-60,0,4,1,1,critical_zone,0,1
73,fence24,tiered_wall,random_waypoint,4,560,520,560,520,20,17,600,300,15,223.663,-67.0461,-60,0,4,1,1,critical_zone,0,1
73,fence24,tiered_wall,random_waypoint,4,560,520,560,520,20,18,400,300,15,272.075,-68.748,-60,0,4,1,1,critical_zone,0,1
73,fence24,tiered_wall,random_waypoint,4,560,520,560,520,20,19,300,300,15,340.624,-70.6997,-60,0,4,1,1,critical_zone,0,1
73,fence24,tiered_wall,random_waypoint,4,560,520,560,520,20,20,300,500,15,260.816,-68.3809,-70,1,4,1,1,critical_zone,0,1
73,fence24,tiered_wall,random_waypoint,4,560,520,560,520,20,21,500,350,15,180.347,-65.1764,-70,1,4,1,1,critical_zone,0,1
73,fence24,tiered_wall,random_waypoint,4,560,520,560,520,20,22,700,500,15,141.51,-63.07,-70,1,4,1,1,critical_zone,0,1
73,fence24,tiered_wall,random_waypoint,4,560,520,560,520,20,23,500,650,15,143.265,-63.1771,-70,1,4,1,1,critical_zone,0,1
74,fence24,tiered_wall,random_waypoint,4,560,520,560,520,20,0,250,300,15,380.164,-71.6537,-60,0,4,1,1,critical_zone,0,1
74,fence24,tiered_wall,random_waypoint,4,560,520,560,520,20,1,250,350,15,353.589,-71.0242,-60,0,4,1,1,critical_zone,0,1
74,fence24,tiered_wall,random_waypoint,4,560,520,560,520,20,2,250,450,15,317.844,-70.0985,-60,0,4,1,1,critical_zone,0,1
74,fence24,tiered_wall,random_waypoint,4,560,520,560,520,20,3,250,550,15,311.488,-69.9231,-60,0,4,1,1,critical_zone,0,1
74,fence24,tiered_wall,random_waypoint,4,560,520,560,520,20,4,250,650,15,336.192,-70.586,-60,0,4,1,1,critical_zone,0,1
74,fence24,tiered_wall,random_waypoint,4,560,520,560,520,20,5,250,700,15,358.504,-71.1441,-60,0,4,1,1,critical_zone,0,1
74,fence24,tiered_wall,random_waypoint,4,560,520,560,520,20,6,300,700,15,316.267,-70.0553,-60,0,4,1,1,critical_zone,0,1
74,fence24,tiered_wall,random_waypoint,4,560,520,560,520,20,7,400,700,15,240.884,-67.6904,-60,0,4,1,1,critical_zone,0,1
74,fence24,tiered_wall,random_waypoint,4,560,520,560,520,20,8,600,700,15,184.459,-65.3722,-60,0,4,1,1,critical_zone,0,1
74,fence24,tiered_wall,random_waypoint,4,560,520,560,520,20,9,700,700,15,228.09,-67.2163,-60,0,4,1,1,critical_zone,0,1
74,fence24,tiered_wall,random_waypoint,4,560,520,560,520,20,10,750,700,15,261.773,-68.4127,-60,0,4,1,1,critical_zone,0,1
74,fence24,tiered_wall,random_waypoint,4,560,520,560,520,20,11,750,650,15,230.272,-67.299,-60,0,4,1,1,critical_zone,0,1
74,fence24,tiered_wall,random_waypoint,4,560,520,560,520,20,12,750,550,15,192.419,-65.7392,-60,0,4,1,1,critical_zone,0,1
74,fence24,tiered_wall,random_waypoint,4,560,520,560,520,20,13,750,450,15,202.546,-66.1847,-60,0,4,1,1,critical_zone,0,1
74,fence24,tiered_wall,random_waypoint,4,560,520,560,520,20,14,750,350,15,255,-68.185,-60,0,4,1,1,critical_zone,0,1
74,fence24,tiered_wall,random_waypoint,4,560,520,560,520,20,15,750,300,15,290.732,-69.3241,-60,0,4,1,1,critical_zone,0,1
74,fence24,tiered_wall,random_waypoint,4,560,520,560,520,20,16,700,300,15,260.816,-68.3809,-60,0,4,1,1,critical_zone,0,1
74,fence24,tiered_wall,random_waypoint,4,560,520,560,520,20,17,600,300,15,223.663,-67.0461,-60,0,4,1,1,critical_zone,0,1
74,fence24,tiered_wall,random_waypoint,4,560,520,560,520,20,18,400,300,15,272.075,-68.748,-60,0,4,1,1,critical_zone,0,1
74,fence24,tiered_wall,random_waypoint,4,560,520,560,520,20,19,300,300,15,340.624,-70.6997,-60,0,4,1,1,critical_zone,0,1
74,fence24,tiered_wall,random_waypoint,4,560,520,560,520,20,20,300,500,15,260.816,-68.3809,-70,1,4,1,1,critical_zone,0,1
74,fence24,tiered_wall,random_waypoint,4,560,520,560,520,20,21,500,350,15,180.347,-65.1764,-70,1,4,1,1,critical_zone,0,1
74,fence24,tiered_wall,random_waypoint,4,560,520,560,520,20,22,700,500,15,141.51,-63.07,-70,1,4,1,1,critical_zone,0,1
74,fence24,tiered_wall,random_waypoint,4,560,520,560,520,20,23,500,650,15,143.265,-63.1771,-70,1,4,1,1,critical_zone,0,1
75,fence24,tiered_wall,random_waypoint,4,560,520,560,520,20,0,250,300,15,380.164,-71.6537,-60,0,4,1,1,critical_zone,0,1
75,fence24,tiered_wall,random_waypoint,4,560,520,560,520,20,1,250,350,15,353.589,-71.0242,-60,0,4,1,1,critical_zone,0,1
75,fence24,tiered_wall,random_waypoint,4,560,520,560,520,20,2,250,450,15,317.844,-70.0985,-60,0,4,1,1,critical_zone,0,1
75,fence24,tiered_wall,random_waypoint,4,560,520,560,520,20,3,250,550,15,311.488,-69.9231,-60,0,4,1,1,critical_zone,0,1
75,fence24,tiered_wall,random_waypoint,4,560,520,560,520,20,4,250,650,15,336.192,-70.586,-60,0,4,1,1,critical_zone,0,1
75,fence24,tiered_wall,random_waypoint,4,560,520,560,520,20,5,250,700,15,358.504,-71.1441,-60,0,4,1,1,critical_zone,0,1
75,fence24,tiered_wall,random_waypoint,4,560,520,560,520,20,6,300,700,15,316.267,-70.0553,-60,0,4,1,1,critical_zone,0,1
75,fence24,tiered_wall,random_waypoint,4,560,520,560,520,20,7,400,700,15,240.884,-67.6904,-60,0,4,1,1,critical_zone,0,1
75,fence24,tiered_wall,random_waypoint,4,560,520,560,520,20,8,600,700,15,184.459,-65.3722,-60,0,4,1,1,critical_zone,0,1
75,fence24,tiered_wall,random_waypoint,4,560,520,560,520,20,9,700,700,15,228.09,-67.2163,-60,0,4,1,1,critical_zone,0,1
75,fence24,tiered_wall,random_waypoint,4,560,520,560,520,20,10,750,700,15,261.773,-68.4127,-60,0,4,1,1,critical_zone,0,1
75,fence24,tiered_wall,random_waypoint,4,560,520,560,520,20,11,750,650,15,230.272,-67.299,-60,0,4,1,1,critical_zone,0,1
75,fence24,tiered_wall,random_waypoint,4,560,520,560,520,20,12,750,550,15,192.419,-65.7392,-60,0,4,1,1,critical_zone,0,1
75,fence24,tiered_wall,random_waypoint,4,560,520,560,520,20,13,750,450,15,202.546,-66.1847,-60,0,4,1,1,critical_zone,0,1
75,fence24,tiered_wall,random_waypoint,4,560,520,560,520,20,14,750,350,15,255,-68.185,-60,0,4,1,1,critical_zone,0,1
75,fence24,tiered_wall,random_waypoint,4,560,520,560,520,20,15,750,300,15,290.732,-69.3241,-60,0,4,1,1,critical_zone,0,1
75,fence24,tiered_wall,random_waypoint,4,560,520,560,520,20,16,700,300,15,260.816,-68.3809,-60,0,4,1,1,critical_zone,0,1
75,fence24,tiered_wall,random_waypoint,4,560,520,560,520,20,17,600,300,15,223.663,-67.0461,-60,0,4,1,1,critical_zone,0,1
75,fence24,tiered_wall,random_waypoint,4,560,520,560,520,20,18,400,300,15,272.075,-68.748,-60,0,4,1,1,critical_zone,0,1
75,fence24,tiered_wall,random_waypoint,4,560,520,560,520,20,19,300,300,15,340.624,-70.6997,-60,0,4,1,1,critical_zone,0,1
75,fence24,tiered_wall,random_waypoint,4,560,520,560,520,20,20,300,500,15,260.816,-68.3809,-70,1,4,1,1,critical_zone,0,1
75,fence24,tiered_wall,random_waypoint,4,560,520,560,520,20,21,500,350,15,180.347,-65.1764,-70,1,4,1,1,critical_zone,0,1
75,fence24,tiered_wall,random_waypoint,4,560,520,560,520,20,22,700,500,15,141.51,-63.07,-70,1,4,1,1,critical_zone,0,1
75,fence24,tiered_wall,random_waypoint,4,560,520,560,520,20,23,500,650,15,143.265,-63.1771,-70,1,4,1,1,critical_zone,0,1
76,fence24,tiered_wall,random_waypoint,4,560,520,560,520,20,0,250,300,15,380.164,-71.6537,-60,0,4,1,1,critical_zone,0,1
76,fence24,tiered_wall,random_waypoint,4,560,520,560,520,20,1,250,350,15,353.589,-71.0242,-60,0,4,1,1,critical_zone,0,1
76,fence24,tiered_wall,random_waypoint,4,560,520,560,520,20,2,250,450,15,317.844,-70.0985,-60,0,4,1,1,critical_zone,0,1
76,fence24,tiered_wall,random_waypoint,4,560,520,560,520,20,3,250,550,15,311.488,-69.9231,-60,0,4,1,1,critical_zone,0,1
76,fence24,tiered_wall,random_waypoint,4,560,520,560,520,20,4,250,650,15,336.192,-70.586,-60,0,4,1,1,critical_zone,0,1
76,fence24,tiered_wall,random_waypoint,4,560,520,560,520,20,5,250,700,15,358.504,-71.1441,-60,0,4,1,1,critical_zone,0,1
76,fence24,tiered_wall,random_waypoint,4,560,520,560,520,20,6,300,700,15,316.267,-70.0553,-60,0,4,1,1,critical_zone,0,1
76,fence24,tiered_wall,random_waypoint,4,560,520,560,520,20,7,400,700,15,240.884,-67.6904,-60,0,4,1,1,critical_zone,0,1
76,fence24,tiered_wall,random_waypoint,4,560,520,560,520,20,8,600,700,15,184.459,-65.3722,-60,0,4,1,1,critical_zone,0,1
76,fence24,tiered_wall,random_waypoint,4,560,520,560,520,20,9,700,700,15,228.09,-67.2163,-60,0,4,1,1,critical_zone,0,1
76,fence24,tiered_wall,random_waypoint,4,560,520,560,520,20,10,750,700,15,261.773,-68.4127,-60,0,4,1,1,critical_zone,0,1
76,fence24,tiered_wall,random_waypoint,4,560,520,560,520,20,11,750,650,15,230.272,-67.299,-60,0,4,1,1,critical_zone,0,1
76,fence24,tiered_wall,random_waypoint,4,560,520,560,520,20,12,750,550,15,192.419,-65.7392,-60,0,4,1,1,critical_zone,0,1
76,fence24,tiered_wall,random_waypoint,4,560,520,560,520,20,13,750,450,15,202.546,-66.1847,-60,0,4,1,1,critical_zone,0,1
76,fence24,tiered_wall,random_waypoint,4,560,520,560,520,20,14,750,350,15,255,-68.185,-60,0,4,1,1,critical_zone,0,1
76,fence24,tiered_wall,random_waypoint,4,560,520,560,520,20,15,750,300,15,290.732,-69.3241,-60,0,4,1,1,critical_zone,0,1
76,fence24,tiered_wall,random_waypoint,4,560,520,560,520,20,16,700,300,15,260.816,-68.3809,-60,0,4,1,1,critical_zone,0,1
76,fence24,tiered_wall,random_waypoint,4,560,520,560,520,20,17,600,300,15,223.663,-67.0461,-60,0,4,1,1,critical_zone,0,1
76,fence24,tiered_wall,random_waypoint,4,560,520,560,520,20,18,400,300,15,272.075,-68.748,-60,0,4,1,1,critical_zone,0,1
76,fence24,tiered_wall,random_waypoint,4,560,520,560,520,20,19,300,300,15,340.624,-70.6997,-60,0,4,1,1,critical_zone,0,1
76,fence24,tiered_wall,random_waypoint,4,560,520,560,520,20,20,300,500,15,260.816,-68.3809,-70,1,4,1,1,critical_zone,0,1
76,fence24,tiered_wall,random_waypoint,4,560,520,560,520,20,21,500,350,15,180.347,-65.1764,-70,1,4,1,1,critical_zone,0,1
76,fence24,tiered_wall,random_waypoint,4,560,520,560,520,20,22,700,500,15,141.51,-63.07,-70,1,4,1,1,critical_zone,0,1
76,fence24,tiered_wall,random_waypoint,4,560,520,560,520,20,23,500,650,15,143.265,-63.1771,-70,1,4,1,1,critical_zone,0,1
77,fence24,tiered_wall,random_waypoint,4,560,520,560,520,20,0,250,300,15,380.164,-71.6537,-60,0,4,1,1,critical_zone,0,1
77,fence24,tiered_wall,random_waypoint,4,560,520,560,520,20,1,250,350,15,353.589,-71.0242,-60,0,4,1,1,critical_zone,0,1
77,fence24,tiered_wall,random_waypoint,4,560,520,560,520,20,2,250,450,15,317.844,-70.0985,-60,0,4,1,1,critical_zone,0,1
77,fence24,tiered_wall,random_waypoint,4,560,520,560,520,20,3,250,550,15,311.488,-69.9231,-60,0,4,1,1,critical_zone,0,1
77,fence24,tiered_wall,random_waypoint,4,560,520,560,520,20,4,250,650,15,336.192,-70.586,-60,0,4,1,1,critical_zone,0,1
77,fence24,tiered_wall,random_waypoint,4,560,520,560,520,20,5,250,700,15,358.504,-71.1441,-60,0,4,1,1,critical_zone,0,1
77,fence24,tiered_wall,random_waypoint,4,560,520,560,520,20,6,300,700,15,316.267,-70.0553,-60,0,4,1,1,critical_zone,0,1
77,fence24,tiered_wall,random_waypoint,4,560,520,560,520,20,7,400,700,15,240.884,-67.6904,-60,0,4,1,1,critical_zone,0,1
77,fence24,tiered_wall,random_waypoint,4,560,520,560,520,20,8,600,700,15,184.459,-65.3722,-60,0,4,1,1,critical_zone,0,1
77,fence24,tiered_wall,random_waypoint,4,560,520,560,520,20,9,700,700,15,228.09,-67.2163,-60,0,4,1,1,critical_zone,0,1
77,fence24,tiered_wall,random_waypoint,4,560,520,560,520,20,10,750,700,15,261.773,-68.4127,-60,0,4,1,1,critical_zone,0,1
77,fence24,tiered_wall,random_waypoint,4,560,520,560,520,20,11,750,650,15,230.272,-67.299,-60,0,4,1,1,critical_zone,0,1
77,fence24,tiered_wall,random_waypoint,4,560,520,560,520,20,12,750,550,15,192.419,-65.7392,-60,0,4,1,1,critical_zone,0,1
77,fence24,tiered_wall,random_waypoint,4,560,520,560,520,20,13,750,450,15,202.546,-66.1847,-60,0,4,1,1,critical_zone,0,1
77,fence24,tiered_wall,random_waypoint,4,560,520,560,520,20,14,750,350,15,255,-68.185,-60,0,4,1,1,critical_zone,0,1
77,fence24,tiered_wall,random_waypoint,4,560,520,560,520,20,15,750,300,15,290.732,-69.3241,-60,0,4,1,1,critical_zone,0,1
77,fence24,tiered_wall,random_waypoint,4,560,520,560,520,20,16,700,300,15,260.816,-68.3809,-60,0,4,1,1,critical_zone,0,1
77,fence24,tiered_wall,random_waypoint,4,560,520,560,520,20,17,600,300,15,223.663,-67.0461,-60,0,4,1,1,critical_zone,0,1
77,fence24,tiered_wall,random_waypoint,4,560,520,560,520,20,18,400,300,15,272.075,-68.748,-60,0,4,1,1,critical_zone,0,1
77,fence24,tiered_wall,random_waypoint,4,560,520,560,520,20,19,300,300,15,340.624,-70.6997,-60,0,4,1,1,critical_zone,0,1
77,fence24,tiered_wall,random_waypoint,4,560,520,560,520,20,20,300,500,15,260.816,-68.3809,-70,1,4,1,1,critical_zone,0,1
77,fence24,tiered_wall,random_waypoint,4,560,520,560,520,20,21,500,350,15,180.347,-65.1764,-70,1,4,1,1,critical_zone,0,1
77,fence24,tiered_wall,random_waypoint,4,560,520,560,520,20,22,700,500,15,141.51,-63.07,-70,1,4,1,1,critical_zone,0,1
77,fence24,tiered_wall,random_waypoint,4,560,520,560,520,20,23,500,650,15,143.265,-63.1771,-70,1,4,1,1,critical_zone,0,1
78,fence24,tiered_wall,random_waypoint,4,560,520,560,520,20,0,250,300,15,380.164,-71.6537,-60,0,4,1,1,critical_zone,0,1
78,fence24,tiered_wall,random_waypoint,4,560,520,560,520,20,1,250,350,15,353.589,-71.0242,-60,0,4,1,1,critical_zone,0,1
78,fence24,tiered_wall,random_waypoint,4,560,520,560,520,20,2,250,450,15,317.844,-70.0985,-60,0,4,1,1,critical_zone,0,1
78,fence24,tiered_wall,random_waypoint,4,560,520,560,520,20,3,250,550,15,311.488,-69.9231,-60,0,4,1,1,critical_zone,0,1
78,fence24,tiered_wall,random_waypoint,4,560,520,560,520,20,4,250,650,15,336.192,-70.586,-60,0,4,1,1,critical_zone,0,1
78,fence24,tiered_wall,random_waypoint,4,560,520,560,520,20,5,250,700,15,358.504,-71.1441,-60,0,4,1,1,critical_zone,0,1
78,fence24,tiered_wall,random_waypoint,4,560,520,560,520,20,6,300,700,15,316.267,-70.0553,-60,0,4,1,1,critical_zone,0,1
78,fence24,tiered_wall,random_waypoint,4,560,520,560,520,20,7,400,700,15,240.884,-67.6904,-60,0,4,1,1,critical_zone,0,1
78,fence24,tiered_wall,random_waypoint,4,560,520,560,520,20,8,600,700,15,184.459,-65.3722,-60,0,4,1,1,critical_zone,0,1
78,fence24,tiered_wall,random_waypoint,4,560,520,560,520,20,9,700,700,15,228.09,-67.2163,-60,0,4,1,1,critical_zone,0,1
78,fence24,tiered_wall,random_waypoint,4,560,520,560,520,20,10,750,700,15,261.773,-68.4127,-60,0,4,1,1,critical_zone,0,1
78,fence24,tiered_wall,random_waypoint,4,560,520,560,520,20,11,750,650,15,230.272,-67.299,-60,0,4,1,1,critical_zone,0,1
78,fence24,tiered_wall,random_waypoint,4,560,520,560,520,20,12,750,550,15,192.419,-65.7392,-60,0,4,1,1,critical_zone,0,1
78,fence24,tiered_wall,random_waypoint,4,560,520,560,520,20,13,750,450,15,202.546,-66.1847,-60,0,4,1,1,critical_zone,0,1
78,fence24,tiered_wall,random_waypoint,4,560,520,560,520,20,14,750,350,15,255,-68.185,-60,0,4,1,1,critical_zone,0,1
78,fence24,tiered_wall,random_waypoint,4,560,520,560,520,20,15,750,300,15,290.732,-69.3241,-60,0,4,1,1,critical_zone,0,1
78,fence24,tiered_wall,random_waypoint,4,560,520,560,520,20,16,700,300,15,260.816,-68.3809,-60,0,4,1,1,critical_zone,0,1
78,fence24,tiered_wall,random_waypoint,4,560,520,560,520,20,17,600,300,15,223.663,-67.0461,-60,0,4,1,1,critical_zone,0,1
78,fence24,tiered_wall,random_waypoint,4,560,520,560,520,20,18,400,300,15,272.075,-68.748,-60,0,4,1,1,critical_zone,0,1
78,fence24,tiered_wall,random_waypoint,4,560,520,560,520,20,19,300,300,15,340.624,-70.6997,-60,0,4,1,1,critical_zone,0,1
78,fence24,tiered_wall,random_waypoint,4,560,520,560,520,20,20,300,500,15,260.816,-68.3809,-70,1,4,1,1,critical_zone,0,1
78,fence24,tiered_wall,random_waypoint,4,560,520,560,520,20,21,500,350,15,180.347,-65.1764,-70,1,4,1,1,critical_zone,0,1
78,fence24,tiered_wall,random_waypoint,4,560,520,560,520,20,22,700,500,15,141.51,-63.07,-70,1,4,1,1,critical_zone,0,1
78,fence24,tiered_wall,random_waypoint,4,560,520,560,520,20,23,500,650,15,143.265,-63.1771,-70,1,4,1,1,critical_zone,0,1
79,fence24,tiered_wall,random_waypoint,4,560,520,560,520,20,0,250,300,15,380.164,-71.6537,-60,0,4,1,1,critical_zone,0,1
79,fence24,tiered_wall,random_waypoint,4,560,520,560,520,20,1,250,350,15,353.589,-71.0242,-60,0,4,1,1,critical_zone,0,1
79,fence24,tiered_wall,random_waypoint,4,560,520,560,520,20,2,250,450,15,317.844,-70.0985,-60,0,4,1,1,critical_zone,0,1
79,fence24,tiered_wall,random_waypoint,4,560,520,560,520,20,3,250,550,15,311.488,-69.9231,-60,0,4,1,1,critical_zone,0,1
79,fence24,tiered_wall,random_waypoint,4,560,520,560,520,20,4,250,650,15,336.192,-70.586,-60,0,4,1,1,critical_zone,0,1
79,fence24,tiered_wall,random_waypoint,4,560,520,560,520,20,5,250,700,15,358.504,-71.1441,-60,0,4,1,1,critical_zone,0,1
79,fence24,tiered_wall,random_waypoint,4,560,520,560,520,20,6,300,700,15,316.267,-70.0553,-60,0,4,1,1,critical_zone,0,1
79,fence24,tiered_wall,random_waypoint,4,560,520,560,520,20,7,400,700,15,240.884,-67.6904,-60,0,4,1,1,critical_zone,0,1
79,fence24,tiered_wall,random_waypoint,4,560,520,560,520,20,8,600,700,15,184.459,-65.3722,-60,0,4,1,1,critical_zone,0,1
79,fence24,tiered_wall,random_waypoint,4,560,520,560,520,20,9,700,700,15,228.09,-67.2163,-60,0,4,1,1,critical_zone,0,1
79,fence24,tiered_wall,random_waypoint,4,560,520,560,520,20,10,750,700,15,261.773,-68.4127,-60,0,4,1,1,critical_zone,0,1
79,fence24,tiered_wall,random_waypoint,4,560,520,560,520,20,11,750,650,15,230.272,-67.299,-60,0,4,1,1,critical_zone,0,1
79,fence24,tiered_wall,random_waypoint,4,560,520,560,520,20,12,750,550,15,192.419,-65.7392,-60,0,4,1,1,critical_zone,0,1
79,fence24,tiered_wall,random_waypoint,4,560,520,560,520,20,13,750,450,15,202.546,-66.1847,-60,0,4,1,1,critical_zone,0,1
79,fence24,tiered_wall,random_waypoint,4,560,520,560,520,20,14,750,350,15,255,-68.185,-60,0,4,1,1,critical_zone,0,1
79,fence24,tiered_wall,random_waypoint,4,560,520,560,520,20,15,750,300,15,290.732,-69.3241,-60,0,4,1,1,critical_zone,0,1
79,fence24,tiered_wall,random_waypoint,4,560,520,560,520,20,16,700,300,15,260.816,-68.3809,-60,0,4,1,1,critical_zone,0,1
79,fence24,tiered_wall,random_waypoint,4,560,520,560,520,20,17,600,300,15,223.663,-67.0461,-60,0,4,1,1,critical_zone,0,1
79,fence24,tiered_wall,random_waypoint,4,560,520,560,520,20,18,400,300,15,272.075,-68.748,-60,0,4,1,1,critical_zone,0,1
79,fence24,tiered_wall,random_waypoint,4,560,520,560,520,20,19,300,300,15,340.624,-70.6997,-60,0,4,1,1,critical_zone,0,1
79,fence24,tiered_wall,random_waypoint,4,560,520,560,520,20,20,300,500,15,260.816,-68.3809,-70,1,4,1,1,critical_zone,0,1
79,fence24,tiered_wall,random_waypoint,4,560,520,560,520,20,21,500,350,15,180.347,-65.1764,-70,1,4,1,1,critical_zone,0,1
79,fence24,tiered_wall,random_waypoint,4,560,520,560,520,20,22,700,500,15,141.51,-63.07,-70,1,4,1,1,critical_zone,0,1
79,fence24,tiered_wall,random_waypoint,4,560,520,560,520,20,23,500,650,15,143.265,-63.1771,-70,1,4,1,1,critical_zone,0,1
80,fence24,tiered_wall,random_waypoint,4,560,520,560,520,20,0,250,300,15,380.164,-71.6537,-60,0,4,1,1,critical_zone,0,1
80,fence24,tiered_wall,random_waypoint,4,560,520,560,520,20,1,250,350,15,353.589,-71.0242,-60,0,4,1,1,critical_zone,0,1
80,fence24,tiered_wall,random_waypoint,4,560,520,560,520,20,2,250,450,15,317.844,-70.0985,-60,0,4,1,1,critical_zone,0,1
80,fence24,tiered_wall,random_waypoint,4,560,520,560,520,20,3,250,550,15,311.488,-69.9231,-60,0,4,1,1,critical_zone,0,1
80,fence24,tiered_wall,random_waypoint,4,560,520,560,520,20,4,250,650,15,336.192,-70.586,-60,0,4,1,1,critical_zone,0,1
80,fence24,tiered_wall,random_waypoint,4,560,520,560,520,20,5,250,700,15,358.504,-71.1441,-60,0,4,1,1,critical_zone,0,1
80,fence24,tiered_wall,random_waypoint,4,560,520,560,520,20,6,300,700,15,316.267,-70.0553,-60,0,4,1,1,critical_zone,0,1
80,fence24,tiered_wall,random_waypoint,4,560,520,560,520,20,7,400,700,15,240.884,-67.6904,-60,0,4,1,1,critical_zone,0,1
80,fence24,tiered_wall,random_waypoint,4,560,520,560,520,20,8,600,700,15,184.459,-65.3722,-60,0,4,1,1,critical_zone,0,1
80,fence24,tiered_wall,random_waypoint,4,560,520,560,520,20,9,700,700,15,228.09,-67.2163,-60,0,4,1,1,critical_zone,0,1
80,fence24,tiered_wall,random_waypoint,4,560,520,560,520,20,10,750,700,15,261.773,-68.4127,-60,0,4,1,1,critical_zone,0,1
80,fence24,tiered_wall,random_waypoint,4,560,520,560,520,20,11,750,650,15,230.272,-67.299,-60,0,4,1,1,critical_zone,0,1
80,fence24,tiered_wall,random_waypoint,4,560,520,560,520,20,12,750,550,15,192.419,-65.7392,-60,0,4,1,1,critical_zone,0,1
80,fence24,tiered_wall,random_waypoint,4,560,520,560,520,20,13,750,450,15,202.546,-66.1847,-60,0,4,1,1,critical_zone,0,1
80,fence24,tiered_wall,random_waypoint,4,560,520,560,520,20,14,750,350,15,255,-68.185,-60,0,4,1,1,critical_zone,0,1
80,fence24,tiered_wall,random_waypoint,4,560,520,560,520,20,15,750,300,15,290.732,-69.3241,-60,0,4,1,1,critical_zone,0,1
80,fence24,tiered_wall,random_waypoint,4,560,520,560,520,20,16,700,300,15,260.816,-68.3809,-60,0,4,1,1,critical_zone,0,1
80,fence24,tiered_wall,random_waypoint,4,560,520,560,520,20,17,600,300,15,223.663,-67.0461,-60,0,4,1,1,critical_zone,0,1
80,fence24,tiered_wall,random_waypoint,4,560,520,560,520,20,18,400,300,15,272.075,-68.748,-60,0,4,1,1,critical_zone,0,1
80,fence24,tiered_wall,random_waypoint,4,560,520,560,520,20,19,300,300,15,340.624,-70.6997,-60,0,4,1,1,critical_zone,0,1
80,fence24,tiered_wall,random_waypoint,4,560,520,560,520,20,20,300,500,15,260.816,-68.3809,-70,1,4,1,1,critical_zone,0,1
80,fence24,tiered_wall,random_waypoint,4,560,520,560,520,20,21,500,350,15,180.347,-65.1764,-70,1,4,1,1,critical_zone,0,1
80,fence24,tiered_wall,random_waypoint,4,560,520,560,520,20,22,700,500,15,141.51,-63.07,-70,1,4,1,1,critical_zone,0,1
80,fence24,tiered_wall,random_waypoint,4,560,520,560,520,20,23,500,650,15,143.265,-63.1771,-70,1,4,1,1,critical_zone,0,1
81,fence24,tiered_wall,random_waypoint,4,560,520,560,520,20,0,250,300,15,380.164,-71.6537,-60,0,4,1,1,critical_zone,0,1
81,fence24,tiered_wall,random_waypoint,4,560,520,560,520,20,1,250,350,15,353.589,-71.0242,-60,0,4,1,1,critical_zone,0,1
81,fence24,tiered_wall,random_waypoint,4,560,520,560,520,20,2,250,450,15,317.844,-70.0985,-60,0,4,1,1,critical_zone,0,1
81,fence24,tiered_wall,random_waypoint,4,560,520,560,520,20,3,250,550,15,311.488,-69.9231,-60,0,4,1,1,critical_zone,0,1
81,fence24,tiered_wall,random_waypoint,4,560,520,560,520,20,4,250,650,15,336.192,-70.586,-60,0,4,1,1,critical_zone,0,1
81,fence24,tiered_wall,random_waypoint,4,560,520,560,520,20,5,250,700,15,358.504,-71.1441,-60,0,4,1,1,critical_zone,0,1
81,fence24,tiered_wall,random_waypoint,4,560,520,560,520,20,6,300,700,15,316.267,-70.0553,-60,0,4,1,1,critical_zone,0,1
81,fence24,tiered_wall,random_waypoint,4,560,520,560,520,20,7,400,700,15,240.884,-67.6904,-60,0,4,1,1,critical_zone,0,1
81,fence24,tiered_wall,random_waypoint,4,560,520,560,520,20,8,600,700,15,184.459,-65.3722,-60,0,4,1,1,critical_zone,0,1
81,fence24,tiered_wall,random_waypoint,4,560,520,560,520,20,9,700,700,15,228.09,-67.2163,-60,0,4,1,1,critical_zone,0,1
81,fence24,tiered_wall,random_waypoint,4,560,520,560,520,20,10,750,700,15,261.773,-68.4127,-60,0,4,1,1,critical_zone,0,1
81,fence24,tiered_wall,random_waypoint,4,560,520,560,520,20,11,750,650,15,230.272,-67.299,-60,0,4,1,1,critical_zone,0,1
81,fence24,tiered_wall,random_waypoint,4,560,520,560,520,20,12,750,550,15,192.419,-65.7392,-60,0,4,1,1,critical_zone,0,1
81,fence24,tiered_wall,random_waypoint,4,560,520,560,520,20,13,750,450,15,202.546,-66.1847,-60,0,4,1,1,critical_zone,0,1
81,fence24,tiered_wall,random_waypoint,4,560,520,560,520,20,14,750,350,15,255,-68.185,-60,0,4,1,1,critical_zone,0,1
81,fence24,tiered_wall,random_waypoint,4,560,520,560,520,20,15,750,300,15,290.732,-69.3241,-60,0,4,1,1,critical_zone,0,1
81,fence24,tiered_wall,random_waypoint,4,560,520,560,520,20,16,700,300,15,260.816,-68.3809,-60,0,4,1,1,critical_zone,0,1
81,fence24,tiered_wall,random_waypoint,4,560,520,560,520,20,17,600,300,15,223.663,-67.0461,-60,0,4,1,1,critical_zone,0,1
81,fence24,tiered_wall,random_waypoint,4,560,520,560,520,20,18,400,300,15,272.075,-68.748,-60,0,4,1,1,critical_zone,0,1
81,fence24,tiered_wall,random_waypoint,4,560,520,560,520,20,19,300,300,15,340.624,-70.6997,-60,0,4,1,1,critical_zone,0,1
81,fence24,tiered_wall,random_waypoint,4,560,520,560,520,20,20,300,500,15,260.816,-68.3809,-70,1,4,1,1,critical_zone,0,1
81,fence24,tiered_wall,random_waypoint,4,560,520,560,520,20,21,500,350,15,180.347,-65.1764,-70,1,4,1,1,critical_zone,0,1
81,fence24,tiered_wall,random_waypoint,4,560,520,560,520,20,22,700,500,15,141.51,-63.07,-70,1,4,1,1,critical_zone,0,1
81,fence24,tiered_wall,random_waypoint,4,560,520,560,520,20,23,500,650,15,143.265,-63.1771,-70,1,4,1,1,critical_zone,0,1
82,fence24,tiered_wall,random_waypoint,4,560,520,560,520,20,0,250,300,15,380.164,-71.6537,-60,0,4,1,1,critical_zone,0,1
82,fence24,tiered_wall,random_waypoint,4,560,520,560,520,20,1,250,350,15,353.589,-71.0242,-60,0,4,1,1,critical_zone,0,1
82,fence24,tiered_wall,random_waypoint,4,560,520,560,520,20,2,250,450,15,317.844,-70.0985,-60,0,4,1,1,critical_zone,0,1
82,fence24,tiered_wall,random_waypoint,4,560,520,560,520,20,3,250,550,15,311.488,-69.9231,-60,0,4,1,1,critical_zone,0,1
82,fence24,tiered_wall,random_waypoint,4,560,520,560,520,20,4,250,650,15,336.192,-70.586,-60,0,4,1,1,critical_zone,0,1
82,fence24,tiered_wall,random_waypoint,4,560,520,560,520,20,5,250,700,15,358.504,-71.1441,-60,0,4,1,1,critical_zone,0,1
82,fence24,tiered_wall,random_waypoint,4,560,520,560,520,20,6,300,700,15,316.267,-70.0553,-60,0,4,1,1,critical_zone,0,1
82,fence24,tiered_wall,random_waypoint,4,560,520,560,520,20,7,400,700,15,240.884,-67.6904,-60,0,4,1,1,critical_zone,0,1
82,fence24,tiered_wall,random_waypoint,4,560,520,560,520,20,8,600,700,15,184.459,-65.3722,-60,0,4,1,1,critical_zone,0,1
82,fence24,tiered_wall,random_waypoint,4,560,520,560,520,20,9,700,700,15,228.09,-67.2163,-60,0,4,1,1,critical_zone,0,1
82,fence24,tiered_wall,random_waypoint,4,560,520,560,520,20,10,750,700,15,261.773,-68.4127,-60,0,4,1,1,critical_zone,0,1
82,fence24,tiered_wall,random_waypoint,4,560,520,560,520,20,11,750,650,15,230.272,-67.299,-60,0,4,1,1,critical_zone,0,1
82,fence24,tiered_wall,random_waypoint,4,560,520,560,520,20,12,750,550,15,192.419,-65.7392,-60,0,4,1,1,critical_zone,0,1
82,fence24,tiered_wall,random_waypoint,4,560,520,560,520,20,13,750,450,15,202.546,-66.1847,-60,0,4,1,1,critical_zone,0,1
82,fence24,tiered_wall,random_waypoint,4,560,520,560,520,20,14,750,350,15,255,-68.185,-60,0,4,1,1,critical_zone,0,1
82,fence24,tiered_wall,random_waypoint,4,560,520,560,520,20,15,750,300,15,290.732,-69.3241,-60,0,4,1,1,critical_zone,0,1
82,fence24,tiered_wall,random_waypoint,4,560,520,560,520,20,16,700,300,15,260.816,-68.3809,-60,0,4,1,1,critical_zone,0,1
82,fence24,tiered_wall,random_waypoint,4,560,520,560,520,20,17,600,300,15,223.663,-67.0461,-60,0,4,1,1,critical_zone,0,1
82,fence24,tiered_wall,random_waypoint,4,560,520,560,520,20,18,400,300,15,272.075,-68.748,-60,0,4,1,1,critical_zone,0,1
82,fence24,tiered_wall,random_waypoint,4,560,520,560,520,20,19,300,300,15,340.624,-70.6997,-60,0,4,1,1,critical_zone,0,1
82,fence24,tiered_wall,random_waypoint,4,560,520,560,520,20,20,300,500,15,260.816,-68.3809,-70,1,4,1,1,critical_zone,0,1
82,fence24,tiered_wall,random_waypoint,4,560,520,560,520,20,21,500,350,15,180.347,-65.1764,-70,1,4,1,1,critical_zone,0,1
82,fence24,tiered_wall,random_waypoint,4,560,520,560,520,20,22,700,500,15,141.51,-63.07,-70,1,4,1,1,critical_zone,0,1
82,fence24,tiered_wall,random_waypoint,4,560,520,560,520,20,23,500,650,15,143.265,-63.1771,-70,1,4,1,1,critical_zone,0,1
83,fence24,tiered_wall,random_waypoint,4,560,520,560,520,20,0,250,300,15,380.164,-71.6537,-60,0,4,1,1,critical_zone,0,1
83,fence24,tiered_wall,random_waypoint,4,560,520,560,520,20,1,250,350,15,353.589,-71.0242,-60,0,4,1,1,critical_zone,0,1
83,fence24,tiered_wall,random_waypoint,4,560,520,560,520,20,2,250,450,15,317.844,-70.0985,-60,0,4,1,1,critical_zone,0,1
83,fence24,tiered_wall,random_waypoint,4,560,520,560,520,20,3,250,550,15,311.488,-69.9231,-60,0,4,1,1,critical_zone,0,1
83,fence24,tiered_wall,random_waypoint,4,560,520,560,520,20,4,250,650,15,336.192,-70.586,-60,0,4,1,1,critical_zone,0,1
83,fence24,tiered_wall,random_waypoint,4,560,520,560,520,20,5,250,700,15,358.504,-71.1441,-60,0,4,1,1,critical_zone,0,1
83,fence24,tiered_wall,random_waypoint,4,560,520,560,520,20,6,300,700,15,316.267,-70.0553,-60,0,4,1,1,critical_zone,0,1
83,fence24,tiered_wall,random_waypoint,4,560,520,560,520,20,7,400,700,15,240.884,-67.6904,-60,0,4,1,1,critical_zone,0,1
83,fence24,tiered_wall,random_waypoint,4,560,520,560,520,20,8,600,700,15,184.459,-65.3722,-60,0,4,1,1,critical_zone,0,1
83,fence24,tiered_wall,random_waypoint,4,560,520,560,520,20,9,700,700,15,228.09,-67.2163,-60,0,4,1,1,critical_zone,0,1
83,fence24,tiered_wall,random_waypoint,4,560,520,560,520,20,10,750,700,15,261.773,-68.4127,-60,0,4,1,1,critical_zone,0,1
83,fence24,tiered_wall,random_waypoint,4,560,520,560,520,20,11,750,650,15,230.272,-67.299,-60,0,4,1,1,critical_zone,0,1
83,fence24,tiered_wall,random_waypoint,4,560,520,560,520,20,12,750,550,15,192.419,-65.7392,-60,0,4,1,1,critical_zone,0,1
83,fence24,tiered_wall,random_waypoint,4,560,520,560,520,20,13,750,450,15,202.546,-66.1847,-60,0,4,1,1,critical_zone,0,1
83,fence24,tiered_wall,random_waypoint,4,560,520,560,520,20,14,750,350,15,255,-68.185,-60,0,4,1,1,critical_zone,0,1
83,fence24,tiered_wall,random_waypoint,4,560,520,560,520,20,15,750,300,15,290.732,-69.3241,-60,0,4,1,1,critical_zone,0,1
83,fence24,tiered_wall,random_waypoint,4,560,520,560,520,20,16,700,300,15,260.816,-68.3809,-60,0,4,1,1,critical_zone,0,1
83,fence24,tiered_wall,random_waypoint,4,560,520,560,520,20,17,600,300,15,223.663,-67.0461,-60,0,4,1,1,critical_zone,0,1
83,fence24,tiered_wall,random_waypoint,4,560,520,560,520,20,18,400,300,15,272.075,-68.748,-60,0,4,1,1,critical_zone,0,1
83,fence24,tiered_wall,random_waypoint,4,560,520,560,520,20,19,300,300,15,340.624,-70.6997,-60,0,4,1,1,critical_zone,0,1
83,fence24,tiered_wall,random_waypoint,4,560,520,560,520,20,20,300,500,15,260.816,-68.3809,-70,1,4,1,1,critical_zone,0,1
83,fence24,tiered_wall,random_waypoint,4,560,520,560,520,20,21,500,350,15,180.347,-65.1764,-70,1,4,1,1,critical_zone,0,1
83,fence24,tiered_wall,random_waypoint,4,560,520,560,520,20,22,700,500,15,141.51,-63.07,-70,1,4,1,1,critical_zone,0,1
83,fence24,tiered_wall,random_waypoint,4,560,520,560,520,20,23,500,650,15,143.265,-63.1771,-70,1,4,1,1,critical_zone,0,1
84,fence24,tiered_wall,random_waypoint,4,560,520,560,520,20,0,250,300,15,380.164,-71.6537,-60,0,4,1,1,critical_zone,0,1
84,fence24,tiered_wall,random_waypoint,4,560,520,560,520,20,1,250,350,15,353.589,-71.0242,-60,0,4,1,1,critical_zone,0,1
84,fence24,tiered_wall,random_waypoint,4,560,520,560,520,20,2,250,450,15,317.844,-70.0985,-60,0,4,1,1,critical_zone,0,1
84,fence24,tiered_wall,random_waypoint,4,560,520,560,520,20,3,250,550,15,311.488,-69.9231,-60,0,4,1,1,critical_zone,0,1
84,fence24,tiered_wall,random_waypoint,4,560,520,560,520,20,4,250,650,15,336.192,-70.586,-60,0,4,1,1,critical_zone,0,1
84,fence24,tiered_wall,random_waypoint,4,560,520,560,520,20,5,250,700,15,358.504,-71.1441,-60,0,4,1,1,critical_zone,0,1
84,fence24,tiered_wall,random_waypoint,4,560,520,560,520,20,6,300,700,15,316.267,-70.0553,-60,0,4,1,1,critical_zone,0,1
84,fence24,tiered_wall,random_waypoint,4,560,520,560,520,20,7,400,700,15,240.884,-67.6904,-60,0,4,1,1,critical_zone,0,1
84,fence24,tiered_wall,random_waypoint,4,560,520,560,520,20,8,600,700,15,184.459,-65.3722,-60,0,4,1,1,critical_zone,0,1
84,fence24,tiered_wall,random_waypoint,4,560,520,560,520,20,9,700,700,15,228.09,-67.2163,-60,0,4,1,1,critical_zone,0,1
84,fence24,tiered_wall,random_waypoint,4,560,520,560,520,20,10,750,700,15,261.773,-68.4127,-60,0,4,1,1,critical_zone,0,1
84,fence24,tiered_wall,random_waypoint,4,560,520,560,520,20,11,750,650,15,230.272,-67.299,-60,0,4,1,1,critical_zone,0,1
84,fence24,tiered_wall,random_waypoint,4,560,520,560,520,20,12,750,550,15,192.419,-65.7392,-60,0,4,1,1,critical_zone,0,1
84,fence24,tiered_wall,random_waypoint,4,560,520,560,520,20,13,750,450,15,202.546,-66.1847,-60,0,4,1,1,critical_zone,0,1
84,fence24,tiered_wall,random_waypoint,4,560,520,560,520,20,14,750,350,15,255,-68.185,-60,0,4,1,1,critical_zone,0,1
84,fence24,tiered_wall,random_waypoint,4,560,520,560,520,20,15,750,300,15,290.732,-69.3241,-60,0,4,1,1,critical_zone,0,1
84,fence24,tiered_wall,random_waypoint,4,560,520,560,520,20,16,700,300,15,260.816,-68.3809,-60,0,4,1,1,critical_zone,0,1
84,fence24,tiered_wall,random_waypoint,4,560,520,560,520,20,17,600,300,15,223.663,-67.0461,-60,0,4,1,1,critical_zone,0,1
84,fence24,tiered_wall,random_waypoint,4,560,520,560,520,20,18,400,300,15,272.075,-68.748,-60,0,4,1,1,critical_zone,0,1
84,fence24,tiered_wall,random_waypoint,4,560,520,560,520,20,19,300,300,15,340.624,-70.6997,-60,0,4,1,1,critical_zone,0,1
84,fence24,tiered_wall,random_waypoint,4,560,520,560,520,20,20,300,500,15,260.816,-68.3809,-70,1,4,1,1,critical_zone,0,1
84,fence24,tiered_wall,random_waypoint,4,560,520,560,520,20,21,500,350,15,180.347,-65.1764,-70,1,4,1,1,critical_zone,0,1
84,fence24,tiered_wall,random_waypoint,4,560,520,560,520,20,22,700,500,15,141.51,-63.07,-70,1,4,1,1,critical_zone,0,1
84,fence24,tiered_wall,random_waypoint,4,560,520,560,520,20,23,500,650,15,143.265,-63.1771,-70,1,4,1,1,critical_zone,0,1
85,fence24,tiered_wall,random_waypoint,4,560,520,560,520,20,0,250,300,15,380.164,-71.6537,-60,0,4,1,1,critical_zone,0,1
85,fence24,tiered_wall,random_waypoint,4,560,520,560,520,20,1,250,350,15,353.589,-71.0242,-60,0,4,1,1,critical_zone,0,1
85,fence24,tiered_wall,random_waypoint,4,560,520,560,520,20,2,250,450,15,317.844,-70.0985,-60,0,4,1,1,critical_zone,0,1
85,fence24,tiered_wall,random_waypoint,4,560,520,560,520,20,3,250,550,15,311.488,-69.9231,-60,0,4,1,1,critical_zone,0,1
85,fence24,tiered_wall,random_waypoint,4,560,520,560,520,20,4,250,650,15,336.192,-70.586,-60,0,4,1,1,critical_zone,0,1
85,fence24,tiered_wall,random_waypoint,4,560,520,560,520,20,5,250,700,15,358.504,-71.1441,-60,0,4,1,1,critical_zone,0,1
85,fence24,tiered_wall,random_waypoint,4,560,520,560,520,20,6,300,700,15,316.267,-70.0553,-60,0,4,1,1,critical_zone,0,1
85,fence24,tiered_wall,random_waypoint,4,560,520,560,520,20,7,400,700,15,240.884,-67.6904,-60,0,4,1,1,critical_zone,0,1
85,fence24,tiered_wall,random_waypoint,4,560,520,560,520,20,8,600,700,15,184.459,-65.3722,-60,0,4,1,1,critical_zone,0,1
85,fence24,tiered_wall,random_waypoint,4,560,520,560,520,20,9,700,700,15,228.09,-67.2163,-60,0,4,1,1,critical_zone,0,1
85,fence24,tiered_wall,random_waypoint,4,560,520,560,520,20,10,750,700,15,261.773,-68.4127,-60,0,4,1,1,critical_zone,0,1
85,fence24,tiered_wall,random_waypoint,4,560,520,560,520,20,11,750,650,15,230.272,-67.299,-60,0,4,1,1,critical_zone,0,1
85,fence24,tiered_wall,random_waypoint,4,560,520,560,520,20,12,750,550,15,192.419,-65.7392,-60,0,4,1,1,critical_zone,0,1
85,fence24,tiered_wall,random_waypoint,4,560,520,560,520,20,13,750,450,15,202.546,-66.1847,-60,0,4,1,1,critical_zone,0,1
85,fence24,tiered_wall,random_waypoint,4,560,520,560,520,20,14,750,350,15,255,-68.185,-60,0,4,1,1,critical_zone,0,1
85,fence24,tiered_wall,random_waypoint,4,560,520,560,520,20,15,750,300,15,290.732,-69.3241,-60,0,4,1,1,critical_zone,0,1
85,fence24,tiered_wall,random_waypoint,4,560,520,560,520,20,16,700,300,15,260.816,-68.3809,-60,0,4,1,1,critical_zone,0,1
85,fence24,tiered_wall,random_waypoint,4,560,520,560,520,20,17,600,300,15,223.663,-67.0461,-60,0,4,1,1,critical_zone,0,1
85,fence24,tiered_wall,random_waypoint,4,560,520,560,520,20,18,400,300,15,272.075,-68.748,-60,0,4,1,1,critical_zone,0,1
85,fence24,tiered_wall,random_waypoint,4,560,520,560,520,20,19,300,300,15,340.624,-70.6997,-60,0,4,1,1,critical_zone,0,1
85,fence24,tiered_wall,random_waypoint,4,560,520,560,520,20,20,300,500,15,260.816,-68.3809,-70,1,4,1,1,critical_zone,0,1
85,fence24,tiered_wall,random_waypoint,4,560,520,560,520,20,21,500,350,15,180.347,-65.1764,-70,1,4,1,1,critical_zone,0,1
85,fence24,tiered_wall,random_waypoint,4,560,520,560,520,20,22,700,500,15,141.51,-63.07,-70,1,4,1,1,critical_zone,0,1
85,fence24,tiered_wall,random_waypoint,4,560,520,560,520,20,23,500,650,15,143.265,-63.1771,-70,1,4,1,1,critical_zone,0,1
86,fence24,tiered_wall,random_waypoint,4,560,520,560,520,20,0,250,300,15,380.164,-71.6537,-60,0,4,1,1,critical_zone,0,1
86,fence24,tiered_wall,random_waypoint,4,560,520,560,520,20,1,250,350,15,353.589,-71.0242,-60,0,4,1,1,critical_zone,0,1
86,fence24,tiered_wall,random_waypoint,4,560,520,560,520,20,2,250,450,15,317.844,-70.0985,-60,0,4,1,1,critical_zone,0,1
86,fence24,tiered_wall,random_waypoint,4,560,520,560,520,20,3,250,550,15,311.488,-69.9231,-60,0,4,1,1,critical_zone,0,1
86,fence24,tiered_wall,random_waypoint,4,560,520,560,520,20,4,250,650,15,336.192,-70.586,-60,0,4,1,1,critical_zone,0,1
86,fence24,tiered_wall,random_waypoint,4,560,520,560,520,20,5,250,700,15,358.504,-71.1441,-60,0,4,1,1,critical_zone,0,1
86,fence24,tiered_wall,random_waypoint,4,560,520,560,520,20,6,300,700,15,316.267,-70.0553,-60,0,4,1,1,critical_zone,0,1
86,fence24,tiered_wall,random_waypoint,4,560,520,560,520,20,7,400,700,15,240.884,-67.6904,-60,0,4,1,1,critical_zone,0,1
86,fence24,tiered_wall,random_waypoint,4,560,520,560,520,20,8,600,700,15,184.459,-65.3722,-60,0,4,1,1,critical_zone,0,1
86,fence24,tiered_wall,random_waypoint,4,560,520,560,520,20,9,700,700,15,228.09,-67.2163,-60,0,4,1,1,critical_zone,0,1
86,fence24,tiered_wall,random_waypoint,4,560,520,560,520,20,10,750,700,15,261.773,-68.4127,-60,0,4,1,1,critical_zone,0,1
86,fence24,tiered_wall,random_waypoint,4,560,520,560,520,20,11,750,650,15,230.272,-67.299,-60,0,4,1,1,critical_zone,0,1
86,fence24,tiered_wall,random_waypoint,4,560,520,560,520,20,12,750,550,15,192.419,-65.7392,-60,0,4,1,1,critical_zone,0,1
86,fence24,tiered_wall,random_waypoint,4,560,520,560,520,20,13,750,450,15,202.546,-66.1847,-60,0,4,1,1,critical_zone,0,1
86,fence24,tiered_wall,random_waypoint,4,560,520,560,520,20,14,750,350,15,255,-68.185,-60,0,4,1,1,critical_zone,0,1
86,fence24,tiered_wall,random_waypoint,4,560,520,560,520,20,15,750,300,15,290.732,-69.3241,-60,0,4,1,1,critical_zone,0,1
86,fence24,tiered_wall,random_waypoint,4,560,520,560,520,20,16,700,300,15,260.816,-68.3809,-60,0,4,1,1,critical_zone,0,1
86,fence24,tiered_wall,random_waypoint,4,560,520,560,520,20,17,600,300,15,223.663,-67.0461,-60,0,4,1,1,critical_zone,0,1
86,fence24,tiered_wall,random_waypoint,4,560,520,560,520,20,18,400,300,15,272.075,-68.748,-60,0,4,1,1,critical_zone,0,1
86,fence24,tiered_wall,random_waypoint,4,560,520,560,520,20,19,300,300,15,340.624,-70.6997,-60,0,4,1,1,critical_zone,0,1
86,fence24,tiered_wall,random_waypoint,4,560,520,560,520,20,20,300,500,15,260.816,-68.3809,-70,1,4,1,1,critical_zone,0,1
86,fence24,tiered_wall,random_waypoint,4,560,520,560,520,20,21,500,350,15,180.347,-65.1764,-70,1,4,1,1,critical_zone,0,1
86,fence24,tiered_wall,random_waypoint,4,560,520,560,520,20,22,700,500,15,141.51,-63.07,-70,1,4,1,1,critical_zone,0,1
86,fence24,tiered_wall,random_waypoint,4,560,520,560,520,20,23,500,650,15,143.265,-63.1771,-70,1,4,1,1,critical_zone,0,1
87,fence24,tiered_wall,random_waypoint,4,560,520,560,520,20,0,250,300,15,380.164,-71.6537,-60,0,4,1,1,critical_zone,0,1
87,fence24,tiered_wall,random_waypoint,4,560,520,560,520,20,1,250,350,15,353.589,-71.0242,-60,0,4,1,1,critical_zone,0,1
87,fence24,tiered_wall,random_waypoint,4,560,520,560,520,20,2,250,450,15,317.844,-70.0985,-60,0,4,1,1,critical_zone,0,1
87,fence24,tiered_wall,random_waypoint,4,560,520,560,520,20,3,250,550,15,311.488,-69.9231,-60,0,4,1,1,critical_zone,0,1
87,fence24,tiered_wall,random_waypoint,4,560,520,560,520,20,4,250,650,15,336.192,-70.586,-60,0,4,1,1,critical_zone,0,1
87,fence24,tiered_wall,random_waypoint,4,560,520,560,520,20,5,250,700,15,358.504,-71.1441,-60,0,4,1,1,critical_zone,0,1
87,fence24,tiered_wall,random_waypoint,4,560,520,560,520,20,6,300,700,15,316.267,-70.0553,-60,0,4,1,1,critical_zone,0,1
87,fence24,tiered_wall,random_waypoint,4,560,520,560,520,20,7,400,700,15,240.884,-67.6904,-60,0,4,1,1,critical_zone,0,1
87,fence24,tiered_wall,random_waypoint,4,560,520,560,520,20,8,600,700,15,184.459,-65.3722,-60,0,4,1,1,critical_zone,0,1
87,fence24,tiered_wall,random_waypoint,4,560,520,560,520,20,9,700,700,15,228.09,-67.2163,-60,0,4,1,1,critical_zone,0,1
87,fence24,tiered_wall,random_waypoint,4,560,520,560,520,20,10,750,700,15,261.773,-68.4127,-60,0,4,1,1,critical_zone,0,1
87,fence24,tiered_wall,random_waypoint,4,560,520,560,520,20,11,750,650,15,230.272,-67.299,-60,0,4,1,1,critical_zone,0,1
87,fence24,tiered_wall,random_waypoint,4,560,520,560,520,20,12,750,550,15,192.419,-65.7392,-60,0,4,1,1,critical_zone,0,1
87,fence24,tiered_wall,random_waypoint,4,560,520,560,520,20,13,750,450,15,202.546,-66.1847,-60,0,4,1,1,critical_zone,0,1
87,fence24,tiered_wall,random_waypoint,4,560,520,560,520,20,14,750,350,15,255,-68.185,-60,0,4,1,1,critical_zone,0,1
87,fence24,tiered_wall,random_waypoint,4,560,520,560,520,20,15,750,300,15,290.732,-69.3241,-60,0,4,1,1,critical_zone,0,1
87,fence24,tiered_wall,random_waypoint,4,560,520,560,520,20,16,700,300,15,260.816,-68.3809,-60,0,4,1,1,critical_zone,0,1
87,fence24,tiered_wall,random_waypoint,4,560,520,560,520,20,17,600,300,15,223.663,-67.0461,-60,0,4,1,1,critical_zone,0,1
87,fence24,tiered_wall,random_waypoint,4,560,520,560,520,20,18,400,300,15,272.075,-68.748,-60,0,4,1,1,critical_zone,0,1
87,fence24,tiered_wall,random_waypoint,4,560,520,560,520,20,19,300,300,15,340.624,-70.6997,-60,0,4,1,1,critical_zone,0,1
87,fence24,tiered_wall,random_waypoint,4,560,520,560,520,20,20,300,500,15,260.816,-68.3809,-70,1,4,1,1,critical_zone,0,1
87,fence24,tiered_wall,random_waypoint,4,560,520,560,520,20,21,500,350,15,180.347,-65.1764,-70,1,4,1,1,critical_zone,0,1
87,fence24,tiered_wall,random_waypoint,4,560,520,560,520,20,22,700,500,15,141.51,-63.07,-70,1,4,1,1,critical_zone,0,1
87,fence24,tiered_wall,random_waypoint,4,560,520,560,520,20,23,500,650,15,143.265,-63.1771,-70,1,4,1,1,critical_zone,0,1
88,fence24,tiered_wall,random_waypoint,4,560,520,560,520,20,0,250,300,15,380.164,-71.6537,-60,0,4,1,1,critical_zone,0,1
88,fence24,tiered_wall,random_waypoint,4,560,520,560,520,20,1,250,350,15,353.589,-71.0242,-60,0,4,1,1,critical_zone,0,1
88,fence24,tiered_wall,random_waypoint,4,560,520,560,520,20,2,250,450,15,317.844,-70.0985,-60,0,4,1,1,critical_zone,0,1
88,fence24,tiered_wall,random_waypoint,4,560,520,560,520,20,3,250,550,15,311.488,-69.9231,-60,0,4,1,1,critical_zone,0,1
88,fence24,tiered_wall,random_waypoint,4,560,520,560,520,20,4,250,650,15,336.192,-70.586,-60,0,4,1,1,critical_zone,0,1
88,fence24,tiered_wall,random_waypoint,4,560,520,560,520,20,5,250,700,15,358.504,-71.1441,-60,0,4,1,1,critical_zone,0,1
88,fence24,tiered_wall,random_waypoint,4,560,520,560,520,20,6,300,700,15,316.267,-70.0553,-60,0,4,1,1,critical_zone,0,1
88,fence24,tiered_wall,random_waypoint,4,560,520,560,520,20,7,400,700,15,240.884,-67.6904,-60,0,4,1,1,critical_zone,0,1
88,fence24,tiered_wall,random_waypoint,4,560,520,560,520,20,8,600,700,15,184.459,-65.3722,-60,0,4,1,1,critical_zone,0,1
88,fence24,tiered_wall,random_waypoint,4,560,520,560,520,20,9,700,700,15,228.09,-67.2163,-60,0,4,1,1,critical_zone,0,1
88,fence24,tiered_wall,random_waypoint,4,560,520,560,520,20,10,750,700,15,261.773,-68.4127,-60,0,4,1,1,critical_zone,0,1
88,fence24,tiered_wall,random_waypoint,4,560,520,560,520,20,11,750,650,15,230.272,-67.299,-60,0,4,1,1,critical_zone,0,1
88,fence24,tiered_wall,random_waypoint,4,560,520,560,520,20,12,750,550,15,192.419,-65.7392,-60,0,4,1,1,critical_zone,0,1
88,fence24,tiered_wall,random_waypoint,4,560,520,560,520,20,13,750,450,15,202.546,-66.1847,-60,0,4,1,1,critical_zone,0,1
88,fence24,tiered_wall,random_waypoint,4,560,520,560,520,20,14,750,350,15,255,-68.185,-60,0,4,1,1,critical_zone,0,1
88,fence24,tiered_wall,random_waypoint,4,560,520,560,520,20,15,750,300,15,290.732,-69.3241,-60,0,4,1,1,critical_zone,0,1
88,fence24,tiered_wall,random_waypoint,4,560,520,560,520,20,16,700,300,15,260.816,-68.3809,-60,0,4,1,1,critical_zone,0,1
88,fence24,tiered_wall,random_waypoint,4,560,520,560,520,20,17,600,300,15,223.663,-67.0461,-60,0,4,1,1,critical_zone,0,1
88,fence24,tiered_wall,random_waypoint,4,560,520,560,520,20,18,400,300,15,272.075,-68.748,-60,0,4,1,1,critical_zone,0,1
88,fence24,tiered_wall,random_waypoint,4,560,520,560,520,20,19,300,300,15,340.624,-70.6997,-60,0,4,1,1,critical_zone,0,1
88,fence24,tiered_wall,random_waypoint,4,560,520,560,520,20,20,300,500,15,260.816,-68.3809,-70,1,4,1,1,critical_zone,0,1
88,fence24,tiered_wall,random_waypoint,4,560,520,560,520,20,21,500,350,15,180.347,-65.1764,-70,1,4,1,1,critical_zone,0,1
88,fence24,tiered_wall,random_waypoint,4,560,520,560,520,20,22,700,500,15,141.51,-63.07,-70,1,4,1,1,critical_zone,0,1
88,fence24,tiered_wall,random_waypoint,4,560,520,560,520,20,23,500,650,15,143.265,-63.1771,-70,1,4,1,1,critical_zone,0,1
89,fence24,tiered_wall,random_waypoint,4,560,520,560,520,20,0,250,300,15,380.164,-71.6537,-60,0,4,1,1,critical_zone,0,1
89,fence24,tiered_wall,random_waypoint,4,560,520,560,520,20,1,250,350,15,353.589,-71.0242,-60,0,4,1,1,critical_zone,0,1
89,fence24,tiered_wall,random_waypoint,4,560,520,560,520,20,2,250,450,15,317.844,-70.0985,-60,0,4,1,1,critical_zone,0,1
89,fence24,tiered_wall,random_waypoint,4,560,520,560,520,20,3,250,550,15,311.488,-69.9231,-60,0,4,1,1,critical_zone,0,1
89,fence24,tiered_wall,random_waypoint,4,560,520,560,520,20,4,250,650,15,336.192,-70.586,-60,0,4,1,1,critical_zone,0,1
89,fence24,tiered_wall,random_waypoint,4,560,520,560,520,20,5,250,700,15,358.504,-71.1441,-60,0,4,1,1,critical_zone,0,1
89,fence24,tiered_wall,random_waypoint,4,560,520,560,520,20,6,300,700,15,316.267,-70.0553,-60,0,4,1,1,critical_zone,0,1
89,fence24,tiered_wall,random_waypoint,4,560,520,560,520,20,7,400,700,15,240.884,-67.6904,-60,0,4,1,1,critical_zone,0,1
89,fence24,tiered_wall,random_waypoint,4,560,520,560,520,20,8,600,700,15,184.459,-65.3722,-60,0,4,1,1,critical_zone,0,1
89,fence24,tiered_wall,random_waypoint,4,560,520,560,520,20,9,700,700,15,228.09,-67.2163,-60,0,4,1,1,critical_zone,0,1
89,fence24,tiered_wall,random_waypoint,4,560,520,560,520,20,10,750,700,15,261.773,-68.4127,-60,0,4,1,1,critical_zone,0,1
89,fence24,tiered_wall,random_waypoint,4,560,520,560,520,20,11,750,650,15,230.272,-67.299,-60,0,4,1,1,critical_zone,0,1
89,fence24,tiered_wall,random_waypoint,4,560,520,560,520,20,12,750,550,15,192.419,-65.7392,-60,0,4,1,1,critical_zone,0,1
89,fence24,tiered_wall,random_waypoint,4,560,520,560,520,20,13,750,450,15,202.546,-66.1847,-60,0,4,1,1,critical_zone,0,1
89,fence24,tiered_wall,random_waypoint,4,560,520,560,520,20,14,750,350,15,255,-68.185,-60,0,4,1,1,critical_zone,0,1
89,fence24,tiered_wall,random_waypoint,4,560,520,560,520,20,15,750,300,15,290.732,-69.3241,-60,0,4,1,1,critical_zone,0,1
89,fence24,tiered_wall,random_waypoint,4,560,520,560,520,20,16,700,300,15,260.816,-68.3809,-60,0,4,1,1,critical_zone,0,1
89,fence24,tiered_wall,random_waypoint,4,560,520,560,520,20,17,600,300,15,223.663,-67.0461,-60,0,4,1,1,critical_zone,0,1
89,fence24,tiered_wall,random_waypoint,4,560,520,560,520,20,18,400,300,15,272.075,-68.748,-60,0,4,1,1,critical_zone,0,1
89,fence24,tiered_wall,random_waypoint,4,560,520,560,520,20,19,300,300,15,340.624,-70.6997,-60,0,4,1,1,critical_zone,0,1
89,fence24,tiered_wall,random_waypoint,4,560,520,560,520,20,20,300,500,15,260.816,-68.3809,-70,1,4,1,1,critical_zone,0,1
89,fence24,tiered_wall,random_waypoint,4,560,520,560,520,20,21,500,350,15,180.347,-65.1764,-70,1,4,1,1,critical_zone,0,1
89,fence24,tiered_wall,random_waypoint,4,560,520,560,520,20,22,700,500,15,141.51,-63.07,-70,1,4,1,1,critical_zone,0,1
89,fence24,tiered_wall,random_waypoint,4,560,520,560,520,20,23,500,650,15,143.265,-63.1771,-70,1,4,1,1,critical_zone,0,1
90,fence24,tiered_wall,random_waypoint,4,560,520,560,520,20,0,250,300,15,380.164,-71.6537,-60,0,4,1,1,critical_zone,0,1
90,fence24,tiered_wall,random_waypoint,4,560,520,560,520,20,1,250,350,15,353.589,-71.0242,-60,0,4,1,1,critical_zone,0,1
90,fence24,tiered_wall,random_waypoint,4,560,520,560,520,20,2,250,450,15,317.844,-70.0985,-60,0,4,1,1,critical_zone,0,1
90,fence24,tiered_wall,random_waypoint,4,560,520,560,520,20,3,250,550,15,311.488,-69.9231,-60,0,4,1,1,critical_zone,0,1
90,fence24,tiered_wall,random_waypoint,4,560,520,560,520,20,4,250,650,15,336.192,-70.586,-60,0,4,1,1,critical_zone,0,1
90,fence24,tiered_wall,random_waypoint,4,560,520,560,520,20,5,250,700,15,358.504,-71.1441,-60,0,4,1,1,critical_zone,0,1
90,fence24,tiered_wall,random_waypoint,4,560,520,560,520,20,6,300,700,15,316.267,-70.0553,-60,0,4,1,1,critical_zone,0,1
90,fence24,tiered_wall,random_waypoint,4,560,520,560,520,20,7,400,700,15,240.884,-67.6904,-60,0,4,1,1,critical_zone,0,1
90,fence24,tiered_wall,random_waypoint,4,560,520,560,520,20,8,600,700,15,184.459,-65.3722,-60,0,4,1,1,critical_zone,0,1
90,fence24,tiered_wall,random_waypoint,4,560,520,560,520,20,9,700,700,15,228.09,-67.2163,-60,0,4,1,1,critical_zone,0,1
90,fence24,tiered_wall,random_waypoint,4,560,520,560,520,20,10,750,700,15,261.773,-68.4127,-60,0,4,1,1,critical_zone,0,1
90,fence24,tiered_wall,random_waypoint,4,560,520,560,520,20,11,750,650,15,230.272,-67.299,-60,0,4,1,1,critical_zone,0,1
90,fence24,tiered_wall,random_waypoint,4,560,520,560,520,20,12,750,550,15,192.419,-65.7392,-60,0,4,1,1,critical_zone,0,1
90,fence24,tiered_wall,random_waypoint,4,560,520,560,520,20,13,750,450,15,202.546,-66.1847,-60,0,4,1,1,critical_zone,0,1
90,fence24,tiered_wall,random_waypoint,4,560,520,560,520,20,14,750,350,15,255,-68.185,-60,0,4,1,1,critical_zone,0,1
90,fence24,tiered_wall,random_waypoint,4,560,520,560,520,20,15,750,300,15,290.732,-69.3241,-60,0,4,1,1,critical_zone,0,1
90,fence24,tiered_wall,random_waypoint,4,560,520,560,520,20,16,700,300,15,260.816,-68.3809,-60,0,4,1,1,critical_zone,0,1
90,fence24,tiered_wall,random_waypoint,4,560,520,560,520,20,17,600,300,15,223.663,-67.0461,-60,0,4,1,1,critical_zone,0,1
90,fence24,tiered_wall,random_waypoint,4,560,520,560,520,20,18,400,300,15,272.075,-68.748,-60,0,4,1,1,critical_zone,0,1
90,fence24,tiered_wall,random_waypoint,4,560,520,560,520,20,19,300,300,15,340.624,-70.6997,-60,0,4,1,1,critical_zone,0,1
90,fence24,tiered_wall,random_waypoint,4,560,520,560,520,20,20,300,500,15,260.816,-68.3809,-70,1,4,1,1,critical_zone,0,1
90,fence24,tiered_wall,random_waypoint,4,560,520,560,520,20,21,500,350,15,180.347,-65.1764,-70,1,4,1,1,critical_zone,0,1
90,fence24,tiered_wall,random_waypoint,4,560,520,560,520,20,22,700,500,15,141.51,-63.07,-70,1,4,1,1,critical_zone,0,1
90,fence24,tiered_wall,random_waypoint,4,560,520,560,520,20,23,500,650,15,143.265,-63.1771,-70,1,4,1,1,critical_zone,0,1
91,fence24,tiered_wall,random_waypoint,4,560,520,560,520,20,0,250,300,15,380.164,-71.6537,-60,0,4,1,1,critical_zone,0,1
91,fence24,tiered_wall,random_waypoint,4,560,520,560,520,20,1,250,350,15,353.589,-71.0242,-60,0,4,1,1,critical_zone,0,1
91,fence24,tiered_wall,random_waypoint,4,560,520,560,520,20,2,250,450,15,317.844,-70.0985,-60,0,4,1,1,critical_zone,0,1
91,fence24,tiered_wall,random_waypoint,4,560,520,560,520,20,3,250,550,15,311.488,-69.9231,-60,0,4,1,1,critical_zone,0,1
91,fence24,tiered_wall,random_waypoint,4,560,520,560,520,20,4,250,650,15,336.192,-70.586,-60,0,4,1,1,critical_zone,0,1
91,fence24,tiered_wall,random_waypoint,4,560,520,560,520,20,5,250,700,15,358.504,-71.1441,-60,0,4,1,1,critical_zone,0,1
91,fence24,tiered_wall,random_waypoint,4,560,520,560,520,20,6,300,700,15,316.267,-70.0553,-60,0,4,1,1,critical_zone,0,1
91,fence24,tiered_wall,random_waypoint,4,560,520,560,520,20,7,400,700,15,240.884,-67.6904,-60,0,4,1,1,critical_zone,0,1
91,fence24,tiered_wall,random_waypoint,4,560,520,560,520,20,8,600,700,15,184.459,-65.3722,-60,0,4,1,1,critical_zone,0,1
91,fence24,tiered_wall,random_waypoint,4,560,520,560,520,20,9,700,700,15,228.09,-67.2163,-60,0,4,1,1,critical_zone,0,1
91,fence24,tiered_wall,random_waypoint,4,560,520,560,520,20,10,750,700,15,261.773,-68.4127,-60,0,4,1,1,critical_zone,0,1
91,fence24,tiered_wall,random_waypoint,4,560,520,560,520,20,11,750,650,15,230.272,-67.299,-60,0,4,1,1,critical_zone,0,1
91,fence24,tiered_wall,random_waypoint,4,560,520,560,520,20,12,750,550,15,192.419,-65.7392,-60,0,4,1,1,critical_zone,0,1
91,fence24,tiered_wall,random_waypoint,4,560,520,560,520,20,13,750,450,15,202.546,-66.1847,-60,0,4,1,1,critical_zone,0,1
91,fence24,tiered_wall,random_waypoint,4,560,520,560,520,20,14,750,350,15,255,-68.185,-60,0,4,1,1,critical_zone,0,1
91,fence24,tiered_wall,random_waypoint,4,560,520,560,520,20,15,750,300,15,290.732,-69.3241,-60,0,4,1,1,critical_zone,0,1
91,fence24,tiered_wall,random_waypoint,4,560,520,560,520,20,16,700,300,15,260.816,-68.3809,-60,0,4,1,1,critical_zone,0,1
91,fence24,tiered_wall,random_waypoint,4,560,520,560,520,20,17,600,300,15,223.663,-67.0461,-60,0,4,1,1,critical_zone,0,1
91,fence24,tiered_wall,random_waypoint,4,560,520,560,520,20,18,400,300,15,272.075,-68.748,-60,0,4,1,1,critical_zone,0,1
91,fence24,tiered_wall,random_waypoint,4,560,520,560,520,20,19,300,300,15,340.624,-70.6997,-60,0,4,1,1,critical_zone,0,1
91,fence24,tiered_wall,random_waypoint,4,560,520,560,520,20,20,300,500,15,260.816,-68.3809,-70,1,4,1,1,critical_zone,0,1
91,fence24,tiered_wall,random_waypoint,4,560,520,560,520,20,21,500,350,15,180.347,-65.1764,-70,1,4,1,1,critical_zone,0,1
91,fence24,tiered_wall,random_waypoint,4,560,520,560,520,20,22,700,500,15,141.51,-63.07,-70,1,4,1,1,critical_zone,0,1
91,fence24,tiered_wall,random_waypoint,4,560,520,560,520,20,23,500,650,15,143.265,-63.1771,-70,1,4,1,1,critical_zone,0,1
92,fence24,tiered_wall,random_waypoint,4,560,520,560,520,20,0,250,300,15,380.164,-71.6537,-60,0,4,1,1,critical_zone,0,1
92,fence24,tiered_wall,random_waypoint,4,560,520,560,520,20,1,250,350,15,353.589,-71.0242,-60,0,4,1,1,critical_zone,0,1
92,fence24,tiered_wall,random_waypoint,4,560,520,560,520,20,2,250,450,15,317.844,-70.0985,-60,0,4,1,1,critical_zone,0,1
92,fence24,tiered_wall,random_waypoint,4,560,520,560,520,20,3,250,550,15,311.488,-69.9231,-60,0,4,1,1,critical_zone,0,1
92,fence24,tiered_wall,random_waypoint,4,560,520,560,520,20,4,250,650,15,336.192,-70.586,-60,0,4,1,1,critical_zone,0,1
92,fence24,tiered_wall,random_waypoint,4,560,520,560,520,20,5,250,700,15,358.504,-71.1441,-60,0,4,1,1,critical_zone,0,1
92,fence24,tiered_wall,random_waypoint,4,560,520,560,520,20,6,300,700,15,316.267,-70.0553,-60,0,4,1,1,critical_zone,0,1
92,fence24,tiered_wall,random_waypoint,4,560,520,560,520,20,7,400,700,15,240.884,-67.6904,-60,0,4,1,1,critical_zone,0,1
92,fence24,tiered_wall,random_waypoint,4,560,520,560,520,20,8,600,700,15,184.459,-65.3722,-60,0,4,1,1,critical_zone,0,1
92,fence24,tiered_wall,random_waypoint,4,560,520,560,520,20,9,700,700,15,228.09,-67.2163,-60,0,4,1,1,critical_zone,0,1
92,fence24,tiered_wall,random_waypoint,4,560,520,560,520,20,10,750,700,15,261.773,-68.4127,-60,0,4,1,1,critical_zone,0,1
92,fence24,tiered_wall,random_waypoint,4,560,520,560,520,20,11,750,650,15,230.272,-67.299,-60,0,4,1,1,critical_zone,0,1
92,fence24,tiered_wall,random_waypoint,4,560,520,560,520,20,12,750,550,15,192.419,-65.7392,-60,0,4,1,1,critical_zone,0,1
92,fence24,tiered_wall,random_waypoint,4,560,520,560,520,20,13,750,450,15,202.546,-66.1847,-60,0,4,1,1,critical_zone,0,1
92,fence24,tiered_wall,random_waypoint,4,560,520,560,520,20,14,750,350,15,255,-68.185,-60,0,4,1,1,critical_zone,0,1
92,fence24,tiered_wall,random_waypoint,4,560,520,560,520,20,15,750,300,15,290.732,-69.3241,-60,0,4,1,1,critical_zone,0,1
92,fence24,tiered_wall,random_waypoint,4,560,520,560,520,20,16,700,300,15,260.816,-68.3809,-60,0,4,1,1,critical_zone,0,1
92,fence24,tiered_wall,random_waypoint,4,560,520,560,520,20,17,600,300,15,223.663,-67.0461,-60,0,4,1,1,critical_zone,0,1
92,fence24,tiered_wall,random_waypoint,4,560,520,560,520,20,18,400,300,15,272.075,-68.748,-60,0,4,1,1,critical_zone,0,1
92,fence24,tiered_wall,random_waypoint,4,560,520,560,520,20,19,300,300,15,340.624,-70.6997,-60,0,4,1,1,critical_zone,0,1
92,fence24,tiered_wall,random_waypoint,4,560,520,560,520,20,20,300,500,15,260.816,-68.3809,-70,1,4,1,1,critical_zone,0,1
92,fence24,tiered_wall,random_waypoint,4,560,520,560,520,20,21,500,350,15,180.347,-65.1764,-70,1,4,1,1,critical_zone,0,1
92,fence24,tiered_wall,random_waypoint,4,560,520,560,520,20,22,700,500,15,141.51,-63.07,-70,1,4,1,1,critical_zone,0,1
92,fence24,tiered_wall,random_waypoint,4,560,520,560,520,20,23,500,650,15,143.265,-63.1771,-70,1,4,1,1,critical_zone,0,1
93,fence24,tiered_wall,random_waypoint,4,560,520,560,520,20,0,250,300,15,380.164,-71.6537,-60,0,4,1,1,critical_zone,0,1
93,fence24,tiered_wall,random_waypoint,4,560,520,560,520,20,1,250,350,15,353.589,-71.0242,-60,0,4,1,1,critical_zone,0,1
93,fence24,tiered_wall,random_waypoint,4,560,520,560,520,20,2,250,450,15,317.844,-70.0985,-60,0,4,1,1,critical_zone,0,1
93,fence24,tiered_wall,random_waypoint,4,560,520,560,520,20,3,250,550,15,311.488,-69.9231,-60,0,4,1,1,critical_zone,0,1
93,fence24,tiered_wall,random_waypoint,4,560,520,560,520,20,4,250,650,15,336.192,-70.586,-60,0,4,1,1,critical_zone,0,1
93,fence24,tiered_wall,random_waypoint,4,560,520,560,520,20,5,250,700,15,358.504,-71.1441,-60,0,4,1,1,critical_zone,0,1
93,fence24,tiered_wall,random_waypoint,4,560,520,560,520,20,6,300,700,15,316.267,-70.0553,-60,0,4,1,1,critical_zone,0,1
93,fence24,tiered_wall,random_waypoint,4,560,520,560,520,20,7,400,700,15,240.884,-67.6904,-60,0,4,1,1,critical_zone,0,1
93,fence24,tiered_wall,random_waypoint,4,560,520,560,520,20,8,600,700,15,184.459,-65.3722,-60,0,4,1,1,critical_zone,0,1
93,fence24,tiered_wall,random_waypoint,4,560,520,560,520,20,9,700,700,15,228.09,-67.2163,-60,0,4,1,1,critical_zone,0,1
93,fence24,tiered_wall,random_waypoint,4,560,520,560,520,20,10,750,700,15,261.773,-68.4127,-60,0,4,1,1,critical_zone,0,1
93,fence24,tiered_wall,random_waypoint,4,560,520,560,520,20,11,750,650,15,230.272,-67.299,-60,0,4,1,1,critical_zone,0,1
93,fence24,tiered_wall,random_waypoint,4,560,520,560,520,20,12,750,550,15,192.419,-65.7392,-60,0,4,1,1,critical_zone,0,1
93,fence24,tiered_wall,random_waypoint,4,560,520,560,520,20,13,750,450,15,202.546,-66.1847,-60,0,4,1,1,critical_zone,0,1
93,fence24,tiered_wall,random_waypoint,4,560,520,560,520,20,14,750,350,15,255,-68.185,-60,0,4,1,1,critical_zone,0,1
93,fence24,tiered_wall,random_waypoint,4,560,520,560,520,20,15,750,300,15,290.732,-69.3241,-60,0,4,1,1,critical_zone,0,1
93,fence24,tiered_wall,random_waypoint,4,560,520,560,520,20,16,700,300,15,260.816,-68.3809,-60,0,4,1,1,critical_zone,0,1
93,fence24,tiered_wall,random_waypoint,4,560,520,560,520,20,17,600,300,15,223.663,-67.0461,-60,0,4,1,1,critical_zone,0,1
93,fence24,tiered_wall,random_waypoint,4,560,520,560,520,20,18,400,300,15,272.075,-68.748,-60,0,4,1,1,critical_zone,0,1
93,fence24,tiered_wall,random_waypoint,4,560,520,560,520,20,19,300,300,15,340.624,-70.6997,-60,0,4,1,1,critical_zone,0,1
93,fence24,tiered_wall,random_waypoint,4,560,520,560,520,20,20,300,500,15,260.816,-68.3809,-70,1,4,1,1,critical_zone,0,1
93,fence24,tiered_wall,random_waypoint,4,560,520,560,520,20,21,500,350,15,180.347,-65.1764,-70,1,4,1,1,critical_zone,0,1
93,fence24,tiered_wall,random_waypoint,4,560,520,560,520,20,22,700,500,15,141.51,-63.07,-70,1,4,1,1,critical_zone,0,1
93,fence24,tiered_wall,random_waypoint,4,560,520,560,520,20,23,500,650,15,143.265,-63.1771,-70,1,4,1,1,critical_zone,0,1
94,fence24,tiered_wall,random_waypoint,4,560,520,560,520,20,0,250,300,15,380.164,-71.6537,-60,0,4,1,1,critical_zone,0,1
94,fence24,tiered_wall,random_waypoint,4,560,520,560,520,20,1,250,350,15,353.589,-71.0242,-60,0,4,1,1,critical_zone,0,1
94,fence24,tiered_wall,random_waypoint,4,560,520,560,520,20,2,250,450,15,317.844,-70.0985,-60,0,4,1,1,critical_zone,0,1
94,fence24,tiered_wall,random_waypoint,4,560,520,560,520,20,3,250,550,15,311.488,-69.9231,-60,0,4,1,1,critical_zone,0,1
94,fence24,tiered_wall,random_waypoint,4,560,520,560,520,20,4,250,650,15,336.192,-70.586,-60,0,4,1,1,critical_zone,0,1
94,fence24,tiered_wall,random_waypoint,4,560,520,560,520,20,5,250,700,15,358.504,-71.1441,-60,0,4,1,1,critical_zone,0,1
94,fence24,tiered_wall,random_waypoint,4,560,520,560,520,20,6,300,700,15,316.267,-70.0553,-60,0,4,1,1,critical_zone,0,1
94,fence24,tiered_wall,random_waypoint,4,560,520,560,520,20,7,400,700,15,240.884,-67.6904,-60,0,4,1,1,critical_zone,0,1
94,fence24,tiered_wall,random_waypoint,4,560,520,560,520,20,8,600,700,15,184.459,-65.3722,-60,0,4,1,1,critical_zone,0,1
94,fence24,tiered_wall,random_waypoint,4,560,520,560,520,20,9,700,700,15,228.09,-67.2163,-60,0,4,1,1,critical_zone,0,1
94,fence24,tiered_wall,random_waypoint,4,560,520,560,520,20,10,750,700,15,261.773,-68.4127,-60,0,4,1,1,critical_zone,0,1
94,fence24,tiered_wall,random_waypoint,4,560,520,560,520,20,11,750,650,15,230.272,-67.299,-60,0,4,1,1,critical_zone,0,1
94,fence24,tiered_wall,random_waypoint,4,560,520,560,520,20,12,750,550,15,192.419,-65.7392,-60,0,4,1,1,critical_zone,0,1
94,fence24,tiered_wall,random_waypoint,4,560,520,560,520,20,13,750,450,15,202.546,-66.1847,-60,0,4,1,1,critical_zone,0,1
94,fence24,tiered_wall,random_waypoint,4,560,520,560,520,20,14,750,350,15,255,-68.185,-60,0,4,1,1,critical_zone,0,1
94,fence24,tiered_wall,random_waypoint,4,560,520,560,520,20,15,750,300,15,290.732,-69.3241,-60,0,4,1,1,critical_zone,0,1
94,fence24,tiered_wall,random_waypoint,4,560,520,560,520,20,16,700,300,15,260.816,-68.3809,-60,0,4,1,1,critical_zone,0,1
94,fence24,tiered_wall,random_waypoint,4,560,520,560,520,20,17,600,300,15,223.663,-67.0461,-60,0,4,1,1,critical_zone,0,1
94,fence24,tiered_wall,random_waypoint,4,560,520,560,520,20,18,400,300,15,272.075,-68.748,-60,0,4,1,1,critical_zone,0,1
94,fence24,tiered_wall,random_waypoint,4,560,520,560,520,20,19,300,300,15,340.624,-70.6997,-60,0,4,1,1,critical_zone,0,1
94,fence24,tiered_wall,random_waypoint,4,560,520,560,520,20,20,300,500,15,260.816,-68.3809,-70,1,4,1,1,critical_zone,0,1
94,fence24,tiered_wall,random_waypoint,4,560,520,560,520,20,21,500,350,15,180.347,-65.1764,-70,1,4,1,1,critical_zone,0,1
94,fence24,tiered_wall,random_waypoint,4,560,520,560,520,20,22,700,500,15,141.51,-63.07,-70,1,4,1,1,critical_zone,0,1
94,fence24,tiered_wall,random_waypoint,4,560,520,560,520,20,23,500,650,15,143.265,-63.1771,-70,1,4,1,1,critical_zone,0,1
95,fence24,tiered_wall,random_waypoint,4,560,520,560,520,20,0,250,300,15,380.164,-71.6537,-60,0,4,1,1,critical_zone,0,1
95,fence24,tiered_wall,random_waypoint,4,560,520,560,520,20,1,250,350,15,353.589,-71.0242,-60,0,4,1,1,critical_zone,0,1
95,fence24,tiered_wall,random_waypoint,4,560,520,560,520,20,2,250,450,15,317.844,-70.0985,-60,0,4,1,1,critical_zone,0,1
95,fence24,tiered_wall,random_waypoint,4,560,520,560,520,20,3,250,550,15,311.488,-69.9231,-60,0,4,1,1,critical_zone,0,1
95,fence24,tiered_wall,random_waypoint,4,560,520,560,520,20,4,250,650,15,336.192,-70.586,-60,0,4,1,1,critical_zone,0,1
95,fence24,tiered_wall,random_waypoint,4,560,520,560,520,20,5,250,700,15,358.504,-71.1441,-60,0,4,1,1,critical_zone,0,1
95,fence24,tiered_wall,random_waypoint,4,560,520,560,520,20,6,300,700,15,316.267,-70.0553,-60,0,4,1,1,critical_zone,0,1
95,fence24,tiered_wall,random_waypoint,4,560,520,560,520,20,7,400,700,15,240.884,-67.6904,-60,0,4,1,1,critical_zone,0,1
95,fence24,tiered_wall,random_waypoint,4,560,520,560,520,20,8,600,700,15,184.459,-65.3722,-60,0,4,1,1,critical_zone,0,1
95,fence24,tiered_wall,random_waypoint,4,560,520,560,520,20,9,700,700,15,228.09,-67.2163,-60,0,4,1,1,critical_zone,0,1
95,fence24,tiered_wall,random_waypoint,4,560,520,560,520,20,10,750,700,15,261.773,-68.4127,-60,0,4,1,1,critical_zone,0,1
95,fence24,tiered_wall,random_waypoint,4,560,520,560,520,20,11,750,650,15,230.272,-67.299,-60,0,4,1,1,critical_zone,0,1
95,fence24,tiered_wall,random_waypoint,4,560,520,560,520,20,12,750,550,15,192.419,-65.7392,-60,0,4,1,1,critical_zone,0,1
95,fence24,tiered_wall,random_waypoint,4,560,520,560,520,20,13,750,450,15,202.546,-66.1847,-60,0,4,1,1,critical_zone,0,1
95,fence24,tiered_wall,random_waypoint,4,560,520,560,520,20,14,750,350,15,255,-68.185,-60,0,4,1,1,critical_zone,0,1
95,fence24,tiered_wall,random_waypoint,4,560,520,560,520,20,15,750,300,15,290.732,-69.3241,-60,0,4,1,1,critical_zone,0,1
95,fence24,tiered_wall,random_waypoint,4,560,520,560,520,20,16,700,300,15,260.816,-68.3809,-60,0,4,1,1,critical_zone,0,1
95,fence24,tiered_wall,random_waypoint,4,560,520,560,520,20,17,600,300,15,223.663,-67.0461,-60,0,4,1,1,critical_zone,0,1
95,fence24,tiered_wall,random_waypoint,4,560,520,560,520,20,18,400,300,15,272.075,-68.748,-60,0,4,1,1,critical_zone,0,1
95,fence24,tiered_wall,random_waypoint,4,560,520,560,520,20,19,300,300,15,340.624,-70.6997,-60,0,4,1,1,critical_zone,0,1
95,fence24,tiered_wall,random_waypoint,4,560,520,560,520,20,20,300,500,15,260.816,-68.3809,-70,1,4,1,1,critical_zone,0,1
95,fence24,tiered_wall,random_waypoint,4,560,520,560,520,20,21,500,350,15,180.347,-65.1764,-70,1,4,1,1,critical_zone,0,1
95,fence24,tiered_wall,random_waypoint,4,560,520,560,520,20,22,700,500,15,141.51,-63.07,-70,1,4,1,1,critical_zone,0,1
95,fence24,tiered_wall,random_waypoint,4,560,520,560,520,20,23,500,650,15,143.265,-63.1771,-70,1,4,1,1,critical_zone,0,1
96,fence24,tiered_wall,random_waypoint,4,560,520,560,520,20,0,250,300,15,380.164,-71.6537,-60,0,4,1,1,critical_zone,0,1
96,fence24,tiered_wall,random_waypoint,4,560,520,560,520,20,1,250,350,15,353.589,-71.0242,-60,0,4,1,1,critical_zone,0,1
96,fence24,tiered_wall,random_waypoint,4,560,520,560,520,20,2,250,450,15,317.844,-70.0985,-60,0,4,1,1,critical_zone,0,1
96,fence24,tiered_wall,random_waypoint,4,560,520,560,520,20,3,250,550,15,311.488,-69.9231,-60,0,4,1,1,critical_zone,0,1
96,fence24,tiered_wall,random_waypoint,4,560,520,560,520,20,4,250,650,15,336.192,-70.586,-60,0,4,1,1,critical_zone,0,1
96,fence24,tiered_wall,random_waypoint,4,560,520,560,520,20,5,250,700,15,358.504,-71.1441,-60,0,4,1,1,critical_zone,0,1
96,fence24,tiered_wall,random_waypoint,4,560,520,560,520,20,6,300,700,15,316.267,-70.0553,-60,0,4,1,1,critical_zone,0,1
96,fence24,tiered_wall,random_waypoint,4,560,520,560,520,20,7,400,700,15,240.884,-67.6904,-60,0,4,1,1,critical_zone,0,1
96,fence24,tiered_wall,random_waypoint,4,560,520,560,520,20,8,600,700,15,184.459,-65.3722,-60,0,4,1,1,critical_zone,0,1
96,fence24,tiered_wall,random_waypoint,4,560,520,560,520,20,9,700,700,15,228.09,-67.2163,-60,0,4,1,1,critical_zone,0,1
96,fence24,tiered_wall,random_waypoint,4,560,520,560,520,20,10,750,700,15,261.773,-68.4127,-60,0,4,1,1,critical_zone,0,1
96,fence24,tiered_wall,random_waypoint,4,560,520,560,520,20,11,750,650,15,230.272,-67.299,-60,0,4,1,1,critical_zone,0,1
96,fence24,tiered_wall,random_waypoint,4,560,520,560,520,20,12,750,550,15,192.419,-65.7392,-60,0,4,1,1,critical_zone,0,1
96,fence24,tiered_wall,random_waypoint,4,560,520,560,520,20,13,750,450,15,202.546,-66.1847,-60,0,4,1,1,critical_zone,0,1
96,fence24,tiered_wall,random_waypoint,4,560,520,560,520,20,14,750,350,15,255,-68.185,-60,0,4,1,1,critical_zone,0,1
96,fence24,tiered_wall,random_waypoint,4,560,520,560,520,20,15,750,300,15,290.732,-69.3241,-60,0,4,1,1,critical_zone,0,1
96,fence24,tiered_wall,random_waypoint,4,560,520,560,520,20,16,700,300,15,260.816,-68.3809,-60,0,4,1,1,critical_zone,0,1
96,fence24,tiered_wall,random_waypoint,4,560,520,560,520,20,17,600,300,15,223.663,-67.0461,-60,0,4,1,1,critical_zone,0,1
96,fence24,tiered_wall,random_waypoint,4,560,520,560,520,20,18,400,300,15,272.075,-68.748,-60,0,4,1,1,critical_zone,0,1
96,fence24,tiered_wall,random_waypoint,4,560,520,560,520,20,19,300,300,15,340.624,-70.6997,-60,0,4,1,1,critical_zone,0,1
96,fence24,tiered_wall,random_waypoint,4,560,520,560,520,20,20,300,500,15,260.816,-68.3809,-70,1,4,1,1,critical_zone,0,1
96,fence24,tiered_wall,random_waypoint,4,560,520,560,520,20,21,500,350,15,180.347,-65.1764,-70,1,4,1,1,critical_zone,0,1
96,fence24,tiered_wall,random_waypoint,4,560,520,560,520,20,22,700,500,15,141.51,-63.07,-70,1,4,1,1,critical_zone,0,1
96,fence24,tiered_wall,random_waypoint,4,560,520,560,520,20,23,500,650,15,143.265,-63.1771,-70,1,4,1,1,critical_zone,0,1
97,fence24,tiered_wall,random_waypoint,4,560,520,560,520,20,0,250,300,15,380.164,-71.6537,-60,0,4,1,1,critical_zone,0,1
97,fence24,tiered_wall,random_waypoint,4,560,520,560,520,20,1,250,350,15,353.589,-71.0242,-60,0,4,1,1,critical_zone,0,1
97,fence24,tiered_wall,random_waypoint,4,560,520,560,520,20,2,250,450,15,317.844,-70.0985,-60,0,4,1,1,critical_zone,0,1
97,fence24,tiered_wall,random_waypoint,4,560,520,560,520,20,3,250,550,15,311.488,-69.9231,-60,0,4,1,1,critical_zone,0,1
97,fence24,tiered_wall,random_waypoint,4,560,520,560,520,20,4,250,650,15,336.192,-70.586,-60,0,4,1,1,critical_zone,0,1
97,fence24,tiered_wall,random_waypoint,4,560,520,560,520,20,5,250,700,15,358.504,-71.1441,-60,0,4,1,1,critical_zone,0,1
97,fence24,tiered_wall,random_waypoint,4,560,520,560,520,20,6,300,700,15,316.267,-70.0553,-60,0,4,1,1,critical_zone,0,1
97,fence24,tiered_wall,random_waypoint,4,560,520,560,520,20,7,400,700,15,240.884,-67.6904,-60,0,4,1,1,critical_zone,0,1
97,fence24,tiered_wall,random_waypoint,4,560,520,560,520,20,8,600,700,15,184.459,-65.3722,-60,0,4,1,1,critical_zone,0,1
97,fence24,tiered_wall,random_waypoint,4,560,520,560,520,20,9,700,700,15,228.09,-67.2163,-60,0,4,1,1,critical_zone,0,1
97,fence24,tiered_wall,random_waypoint,4,560,520,560,520,20,10,750,700,15,261.773,-68.4127,-60,0,4,1,1,critical_zone,0,1
97,fence24,tiered_wall,random_waypoint,4,560,520,560,520,20,11,750,650,15,230.272,-67.299,-60,0,4,1,1,critical_zone,0,1
97,fence24,tiered_wall,random_waypoint,4,560,520,560,520,20,12,750,550,15,192.419,-65.7392,-60,0,4,1,1,critical_zone,0,1
97,fence24,tiered_wall,random_waypoint,4,560,520,560,520,20,13,750,450,15,202.546,-66.1847,-60,0,4,1,1,critical_zone,0,1
97,fence24,tiered_wall,random_waypoint,4,560,520,560,520,20,14,750,350,15,255,-68.185,-60,0,4,1,1,critical_zone,0,1
97,fence24,tiered_wall,random_waypoint,4,560,520,560,520,20,15,750,300,15,290.732,-69.3241,-60,0,4,1,1,critical_zone,0,1
97,fence24,tiered_wall,random_waypoint,4,560,520,560,520,20,16,700,300,15,260.816,-68.3809,-60,0,4,1,1,critical_zone,0,1
97,fence24,tiered_wall,random_waypoint,4,560,520,560,520,20,17,600,300,15,223.663,-67.0461,-60,0,4,1,1,critical_zone,0,1
97,fence24,tiered_wall,random_waypoint,4,560,520,560,520,20,18,400,300,15,272.075,-68.748,-60,0,4,1,1,critical_zone,0,1
97,fence24,tiered_wall,random_waypoint,4,560,520,560,520,20,19,300,300,15,340.624,-70.6997,-60,0,4,1,1,critical_zone,0,1
97,fence24,tiered_wall,random_waypoint,4,560,520,560,520,20,20,300,500,15,260.816,-68.3809,-70,1,4,1,1,critical_zone,0,1
97,fence24,tiered_wall,random_waypoint,4,560,520,560,520,20,21,500,350,15,180.347,-65.1764,-70,1,4,1,1,critical_zone,0,1
97,fence24,tiered_wall,random_waypoint,4,560,520,560,520,20,22,700,500,15,141.51,-63.07,-70,1,4,1,1,critical_zone,0,1
97,fence24,tiered_wall,random_waypoint,4,560,520,560,520,20,23,500,650,15,143.265,-63.1771,-70,1,4,1,1,critical_zone,0,1
98,fence24,tiered_wall,random_waypoint,4,560,520,560,520,20,0,250,300,15,380.164,-71.6537,-60,0,4,1,1,critical_zone,0,1
98,fence24,tiered_wall,random_waypoint,4,560,520,560,520,20,1,250,350,15,353.589,-71.0242,-60,0,4,1,1,critical_zone,0,1
98,fence24,tiered_wall,random_waypoint,4,560,520,560,520,20,2,250,450,15,317.844,-70.0985,-60,0,4,1,1,critical_zone,0,1
98,fence24,tiered_wall,random_waypoint,4,560,520,560,520,20,3,250,550,15,311.488,-69.9231,-60,0,4,1,1,critical_zone,0,1
98,fence24,tiered_wall,random_waypoint,4,560,520,560,520,20,4,250,650,15,336.192,-70.586,-60,0,4,1,1,critical_zone,0,1
98,fence24,tiered_wall,random_waypoint,4,560,520,560,520,20,5,250,700,15,358.504,-71.1441,-60,0,4,1,1,critical_zone,0,1
98,fence24,tiered_wall,random_waypoint,4,560,520,560,520,20,6,300,700,15,316.267,-70.0553,-60,0,4,1,1,critical_zone,0,1
98,fence24,tiered_wall,random_waypoint,4,560,520,560,520,20,7,400,700,15,240.884,-67.6904,-60,0,4,1,1,critical_zone,0,1
98,fence24,tiered_wall,random_waypoint,4,560,520,560,520,20,8,600,700,15,184.459,-65.3722,-60,0,4,1,1,critical_zone,0,1
98,fence24,tiered_wall,random_waypoint,4,560,520,560,520,20,9,700,700,15,228.09,-67.2163,-60,0,4,1,1,critical_zone,0,1
98,fence24,tiered_wall,random_waypoint,4,560,520,560,520,20,10,750,700,15,261.773,-68.4127,-60,0,4,1,1,critical_zone,0,1
98,fence24,tiered_wall,random_waypoint,4,560,520,560,520,20,11,750,650,15,230.272,-67.299,-60,0,4,1,1,critical_zone,0,1
98,fence24,tiered_wall,random_waypoint,4,560,520,560,520,20,12,750,550,15,192.419,-65.7392,-60,0,4,1,1,critical_zone,0,1
98,fence24,tiered_wall,random_waypoint,4,560,520,560,520,20,13,750,450,15,202.546,-66.1847,-60,0,4,1,1,critical_zone,0,1
98,fence24,tiered_wall,random_waypoint,4,560,520,560,520,20,14,750,350,15,255,-68.185,-60,0,4,1,1,critical_zone,0,1
98,fence24,tiered_wall,random_waypoint,4,560,520,560,520,20,15,750,300,15,290.732,-69.3241,-60,0,4,1,1,critical_zone,0,1
98,fence24,tiered_wall,random_waypoint,4,560,520,560,520,20,16,700,300,15,260.816,-68.3809,-60,0,4,1,1,critical_zone,0,1
98,fence24,tiered_wall,random_waypoint,4,560,520,560,520,20,17,600,300,15,223.663,-67.0461,-60,0,4,1,1,critical_zone,0,1
98,fence24,tiered_wall,random_waypoint,4,560,520,560,520,20,18,400,300,15,272.075,-68.748,-60,0,4,1,1,critical_zone,0,1
98,fence24,tiered_wall,random_waypoint,4,560,520,560,520,20,19,300,300,15,340.624,-70.6997,-60,0,4,1,1,critical_zone,0,1
98,fence24,tiered_wall,random_waypoint,4,560,520,560,520,20,20,300,500,15,260.816,-68.3809,-70,1,4,1,1,critical_zone,0,1
98,fence24,tiered_wall,random_waypoint,4,560,520,560,520,20,21,500,350,15,180.347,-65.1764,-70,1,4,1,1,critical_zone,0,1
98,fence24,tiered_wall,random_waypoint,4,560,520,560,520,20,22,700,500,15,141.51,-63.07,-70,1,4,1,1,critical_zone,0,1
98,fence24,tiered_wall,random_waypoint,4,560,520,560,520,20,23,500,650,15,143.265,-63.1771,-70,1,4,1,1,critical_zone,0,1
99,fence24,tiered_wall,random_waypoint,4,560,520,560,520,20,0,250,300,15,380.164,-71.6537,-60,0,4,1,1,critical_zone,0,1
99,fence24,tiered_wall,random_waypoint,4,560,520,560,520,20,1,250,350,15,353.589,-71.0242,-60,0,4,1,1,critical_zone,0,1
99,fence24,tiered_wall,random_waypoint,4,560,520,560,520,20,2,250,450,15,317.844,-70.0985,-60,0,4,1,1,critical_zone,0,1
99,fence24,tiered_wall,random_waypoint,4,560,520,560,520,20,3,250,550,15,311.488,-69.9231,-60,0,4,1,1,critical_zone,0,1
99,fence24,tiered_wall,random_waypoint,4,560,520,560,520,20,4,250,650,15,336.192,-70.586,-60,0,4,1,1,critical_zone,0,1
99,fence24,tiered_wall,random_waypoint,4,560,520,560,520,20,5,250,700,15,358.504,-71.1441,-60,0,4,1,1,critical_zone,0,1
99,fence24,tiered_wall,random_waypoint,4,560,520,560,520,20,6,300,700,15,316.267,-70.0553,-60,0,4,1,1,critical_zone,0,1
99,fence24,tiered_wall,random_waypoint,4,560,520,560,520,20,7,400,700,15,240.884,-67.6904,-60,0,4,1,1,critical_zone,0,1
99,fence24,tiered_wall,random_waypoint,4,560,520,560,520,20,8,600,700,15,184.459,-65.3722,-60,0,4,1,1,critical_zone,0,1
99,fence24,tiered_wall,random_waypoint,4,560,520,560,520,20,9,700,700,15,228.09,-67.2163,-60,0,4,1,1,critical_zone,0,1
99,fence24,tiered_wall,random_waypoint,4,560,520,560,520,20,10,750,700,15,261.773,-68.4127,-60,0,4,1,1,critical_zone,0,1
99,fence24,tiered_wall,random_waypoint,4,560,520,560,520,20,11,750,650,15,230.272,-67.299,-60,0,4,1,1,critical_zone,0,1
99,fence24,tiered_wall,random_waypoint,4,560,520,560,520,20,12,750,550,15,192.419,-65.7392,-60,0,4,1,1,critical_zone,0,1
99,fence24,tiered_wall,random_waypoint,4,560,520,560,520,20,13,750,450,15,202.546,-66.1847,-60,0,4,1,1,critical_zone,0,1
99,fence24,tiered_wall,random_waypoint,4,560,520,560,520,20,14,750,350,15,255,-68.185,-60,0,4,1,1,critical_zone,0,1
99,fence24,tiered_wall,random_waypoint,4,560,520,560,520,20,15,750,300,15,290.732,-69.3241,-60,0,4,1,1,critical_zone,0,1
99,fence24,tiered_wall,random_waypoint,4,560,520,560,520,20,16,700,300,15,260.816,-68.3809,-60,0,4,1,1,critical_zone,0,1
99,fence24,tiered_wall,random_waypoint,4,560,520,560,520,20,17,600,300,15,223.663,-67.0461,-60,0,4,1,1,critical_zone,0,1
99,fence24,tiered_wall,random_waypoint,4,560,520,560,520,20,18,400,300,15,272.075,-68.748,-60,0,4,1,1,critical_zone,0,1
99,fence24,tiered_wall,random_waypoint,4,560,520,560,520,20,19,300,300,15,340.624,-70.6997,-60,0,4,1,1,critical_zone,0,1
99,fence24,tiered_wall,random_waypoint,4,560,520,560,520,20,20,300,500,15,260.816,-68.3809,-70,1,4,1,1,critical_zone,0,1
99,fence24,tiered_wall,random_waypoint,4,560,520,560,520,20,21,500,350,15,180.347,-65.1764,-70,1,4,1,1,critical_zone,0,1
99,fence24,tiered_wall,random_waypoint,4,560,520,560,520,20,22,700,500,15,141.51,-63.07,-70,1,4,1,1,critical_zone,0,1
99,fence24,tiered_wall,random_waypoint,4,560,520,560,520,20,23,500,650,15,143.265,-63.1771,-70,1,4,1,1,critical_zone,0,1
100,fence24,tiered_wall,random_waypoint,4,560,520,560,520,20,0,250,300,15,380.164,-71.6537,-60,0,4,1,1,critical_zone,0,1
100,fence24,tiered_wall,random_waypoint,4,560,520,560,520,20,1,250,350,15,353.589,-71.0242,-60,0,4,1,1,critical_zone,0,1
100,fence24,tiered_wall,random_waypoint,4,560,520,560,520,20,2,250,450,15,317.844,-70.0985,-60,0,4,1,1,critical_zone,0,1
100,fence24,tiered_wall,random_waypoint,4,560,520,560,520,20,3,250,550,15,311.488,-69.9231,-60,0,4,1,1,critical_zone,0,1
100,fence24,tiered_wall,random_waypoint,4,560,520,560,520,20,4,250,650,15,336.192,-70.586,-60,0,4,1,1,critical_zone,0,1
100,fence24,tiered_wall,random_waypoint,4,560,520,560,520,20,5,250,700,15,358.504,-71.1441,-60,0,4,1,1,critical_zone,0,1
100,fence24,tiered_wall,random_waypoint,4,560,520,560,520,20,6,300,700,15,316.267,-70.0553,-60,0,4,1,1,critical_zone,0,1
100,fence24,tiered_wall,random_waypoint,4,560,520,560,520,20,7,400,700,15,240.884,-67.6904,-60,0,4,1,1,critical_zone,0,1
100,fence24,tiered_wall,random_waypoint,4,560,520,560,520,20,8,600,700,15,184.459,-65.3722,-60,0,4,1,1,critical_zone,0,1
100,fence24,tiered_wall,random_waypoint,4,560,520,560,520,20,9,700,700,15,228.09,-67.2163,-60,0,4,1,1,critical_zone,0,1
100,fence24,tiered_wall,random_waypoint,4,560,520,560,520,20,10,750,700,15,261.773,-68.4127,-60,0,4,1,1,critical_zone,0,1
100,fence24,tiered_wall,random_waypoint,4,560,520,560,520,20,11,750,650,15,230.272,-67.299,-60,0,4,1,1,critical_zone,0,1
100,fence24,tiered_wall,random_waypoint,4,560,520,560,520,20,12,750,550,15,192.419,-65.7392,-60,0,4,1,1,critical_zone,0,1
100,fence24,tiered_wall,random_waypoint,4,560,520,560,520,20,13,750,450,15,202.546,-66.1847,-60,0,4,1,1,critical_zone,0,1
100,fence24,tiered_wall,random_waypoint,4,560,520,560,520,20,14,750,350,15,255,-68.185,-60,0,4,1,1,critical_zone,0,1
100,fence24,tiered_wall,random_waypoint,4,560,520,560,520,20,15,750,300,15,290.732,-69.3241,-60,0,4,1,1,critical_zone,0,1
100,fence24,tiered_wall,random_waypoint,4,560,520,560,520,20,16,700,300,15,260.816,-68.3809,-60,0,4,1,1,critical_zone,0,1
100,fence24,tiered_wall,random_waypoint,4,560,520,560,520,20,17,600,300,15,223.663,-67.0461,-60,0,4,1,1,critical_zone,0,1
100,fence24,tiered_wall,random_waypoint,4,560,520,560,520,20,18,400,300,15,272.075,-68.748,-60,0,4,1,1,critical_zone,0,1
100,fence24,tiered_wall,random_waypoint,4,560,520,560,520,20,19,300,300,15,340.624,-70.6997,-60,0,4,1,1,critical_zone,0,1
100,fence24,tiered_wall,random_waypoint,4,560,520,560,520,20,20,300,500,15,260.816,-68.3809,-70,1,4,1,1,critical_zone,0,1
100,fence24,tiered_wall,random_waypoint,4,560,520,560,520,20,21,500,350,15,180.347,-65.1764,-70,1,4,1,1,critical_zone,0,1
100,fence24,tiered_wall,random_waypoint,4,560,520,560,520,20,22,700,500,15,141.51,-63.07,-70,1,4,1,1,critical_zone,0,1
100,fence24,tiered_wall,random_waypoint,4,560,520,560,520,20,23,500,650,15,143.265,-63.1771,-70,1,4,1,1,critical_zone,0,1
101,fence24,tiered_wall,random_waypoint,4,560,520,560,520,20,0,250,300,15,380.164,-71.6537,-60,0,4,1,1,critical_zone,0,1
101,fence24,tiered_wall,random_waypoint,4,560,520,560,520,20,1,250,350,15,353.589,-71.0242,-60,0,4,1,1,critical_zone,0,1
101,fence24,tiered_wall,random_waypoint,4,560,520,560,520,20,2,250,450,15,317.844,-70.0985,-60,0,4,1,1,critical_zone,0,1
101,fence24,tiered_wall,random_waypoint,4,560,520,560,520,20,3,250,550,15,311.488,-69.9231,-60,0,4,1,1,critical_zone,0,1
101,fence24,tiered_wall,random_waypoint,4,560,520,560,520,20,4,250,650,15,336.192,-70.586,-60,0,4,1,1,critical_zone,0,1
101,fence24,tiered_wall,random_waypoint,4,560,520,560,520,20,5,250,700,15,358.504,-71.1441,-60,0,4,1,1,critical_zone,0,1
101,fence24,tiered_wall,random_waypoint,4,560,520,560,520,20,6,300,700,15,316.267,-70.0553,-60,0,4,1,1,critical_zone,0,1
101,fence24,tiered_wall,random_waypoint,4,560,520,560,520,20,7,400,700,15,240.884,-67.6904,-60,0,4,1,1,critical_zone,0,1
101,fence24,tiered_wall,random_waypoint,4,560,520,560,520,20,8,600,700,15,184.459,-65.3722,-60,0,4,1,1,critical_zone,0,1
101,fence24,tiered_wall,random_waypoint,4,560,520,560,520,20,9,700,700,15,228.09,-67.2163,-60,0,4,1,1,critical_zone,0,1
101,fence24,tiered_wall,random_waypoint,4,560,520,560,520,20,10,750,700,15,261.773,-68.4127,-60,0,4,1,1,critical_zone,0,1
101,fence24,tiered_wall,random_waypoint,4,560,520,560,520,20,11,750,650,15,230.272,-67.299,-60,0,4,1,1,critical_zone,0,1
101,fence24,tiered_wall,random_waypoint,4,560,520,560,520,20,12,750,550,15,192.419,-65.7392,-60,0,4,1,1,critical_zone,0,1
101,fence24,tiered_wall,random_waypoint,4,560,520,560,520,20,13,750,450,15,202.546,-66.1847,-60,0,4,1,1,critical_zone,0,1
101,fence24,tiered_wall,random_waypoint,4,560,520,560,520,20,14,750,350,15,255,-68.185,-60,0,4,1,1,critical_zone,0,1
101,fence24,tiered_wall,random_waypoint,4,560,520,560,520,20,15,750,300,15,290.732,-69.3241,-60,0,4,1,1,critical_zone,0,1
101,fence24,tiered_wall,random_waypoint,4,560,520,560,520,20,16,700,300,15,260.816,-68.3809,-60,0,4,1,1,critical_zone,0,1
101,fence24,tiered_wall,random_waypoint,4,560,520,560,520,20,17,600,300,15,223.663,-67.0461,-60,0,4,1,1,critical_zone,0,1
101,fence24,tiered_wall,random_waypoint,4,560,520,560,520,20,18,400,300,15,272.075,-68.748,-60,0,4,1,1,critical_zone,0,1
101,fence24,tiered_wall,random_waypoint,4,560,520,560,520,20,19,300,300,15,340.624,-70.6997,-60,0,4,1,1,critical_zone,0,1
101,fence24,tiered_wall,random_waypoint,4,560,520,560,520,20,20,300,500,15,260.816,-68.3809,-70,1,4,1,1,critical_zone,0,1
101,fence24,tiered_wall,random_waypoint,4,560,520,560,520,20,21,500,350,15,180.347,-65.1764,-70,1,4,1,1,critical_zone,0,1
101,fence24,tiered_wall,random_waypoint,4,560,520,560,520,20,22,700,500,15,141.51,-63.07,-70,1,4,1,1,critical_zone,0,1
101,fence24,tiered_wall,random_waypoint,4,560,520,560,520,20,23,500,650,15,143.265,-63.1771,-70,1,4,1,1,critical_zone,0,1
102,fence24,tiered_wall,random_waypoint,4,560,520,560,520,20,0,250,300,15,380.164,-71.6537,-60,0,4,1,1,critical_zone,0,1
102,fence24,tiered_wall,random_waypoint,4,560,520,560,520,20,1,250,350,15,353.589,-71.0242,-60,0,4,1,1,critical_zone,0,1
102,fence24,tiered_wall,random_waypoint,4,560,520,560,520,20,2,250,450,15,317.844,-70.0985,-60,0,4,1,1,critical_zone,0,1
102,fence24,tiered_wall,random_waypoint,4,560,520,560,520,20,3,250,550,15,311.488,-69.9231,-60,0,4,1,1,critical_zone,0,1
102,fence24,tiered_wall,random_waypoint,4,560,520,560,520,20,4,250,650,15,336.192,-70.586,-60,0,4,1,1,critical_zone,0,1
102,fence24,tiered_wall,random_waypoint,4,560,520,560,520,20,5,250,700,15,358.504,-71.1441,-60,0,4,1,1,critical_zone,0,1
102,fence24,tiered_wall,random_waypoint,4,560,520,560,520,20,6,300,700,15,316.267,-70.0553,-60,0,4,1,1,critical_zone,0,1
102,fence24,tiered_wall,random_waypoint,4,560,520,560,520,20,7,400,700,15,240.884,-67.6904,-60,0,4,1,1,critical_zone,0,1
102,fence24,tiered_wall,random_waypoint,4,560,520,560,520,20,8,600,700,15,184.459,-65.3722,-60,0,4,1,1,critical_zone,0,1
102,fence24,tiered_wall,random_waypoint,4,560,520,560,520,20,9,700,700,15,228.09,-67.2163,-60,0,4,1,1,critical_zone,0,1
102,fence24,tiered_wall,random_waypoint,4,560,520,560,520,20,10,750,700,15,261.773,-68.4127,-60,0,4,1,1,critical_zone,0,1
102,fence24,tiered_wall,random_waypoint,4,560,520,560,520,20,11,750,650,15,230.272,-67.299,-60,0,4,1,1,critical_zone,0,1
102,fence24,tiered_wall,random_waypoint,4,560,520,560,520,20,12,750,550,15,192.419,-65.7392,-60,0,4,1,1,critical_zone,0,1
102,fence24,tiered_wall,random_waypoint,4,560,520,560,520,20,13,750,450,15,202.546,-66.1847,-60,0,4,1,1,critical_zone,0,1
102,fence24,tiered_wall,random_waypoint,4,560,520,560,520,20,14,750,350,15,255,-68.185,-60,0,4,1,1,critical_zone,0,1
102,fence24,tiered_wall,random_waypoint,4,560,520,560,520,20,15,750,300,15,290.732,-69.3241,-60,0,4,1,1,critical_zone,0,1
102,fence24,tiered_wall,random_waypoint,4,560,520,560,520,20,16,700,300,15,260.816,-68.3809,-60,0,4,1,1,critical_zone,0,1
102,fence24,tiered_wall,random_waypoint,4,560,520,560,520,20,17,600,300,15,223.663,-67.0461,-60,0,4,1,1,critical_zone,0,1
102,fence24,tiered_wall,random_waypoint,4,560,520,560,520,20,18,400,300,15,272.075,-68.748,-60,0,4,1,1,critical_zone,0,1
102,fence24,tiered_wall,random_waypoint,4,560,520,560,520,20,19,300,300,15,340.624,-70.6997,-60,0,4,1,1,critical_zone,0,1
102,fence24,tiered_wall,random_waypoint,4,560,520,560,520,20,20,300,500,15,260.816,-68.3809,-70,1,4,1,1,critical_zone,0,1
102,fence24,tiered_wall,random_waypoint,4,560,520,560,520,20,21,500,350,15,180.347,-65.1764,-70,1,4,1,1,critical_zone,0,1
102,fence24,tiered_wall,random_waypoint,4,560,520,560,520,20,22,700,500,15,141.51,-63.07,-70,1,4,1,1,critical_zone,0,1
102,fence24,tiered_wall,random_waypoint,4,560,520,560,520,20,23,500,650,15,143.265,-63.1771,-70,1,4,1,1,critical_zone,0,1
103,fence24,tiered_wall,random_waypoint,4,560,520,560,520,20,0,250,300,15,380.164,-71.6537,-60,0,4,1,1,critical_zone,0,1
103,fence24,tiered_wall,random_waypoint,4,560,520,560,520,20,1,250,350,15,353.589,-71.0242,-60,0,4,1,1,critical_zone,0,1
103,fence24,tiered_wall,random_waypoint,4,560,520,560,520,20,2,250,450,15,317.844,-70.0985,-60,0,4,1,1,critical_zone,0,1
103,fence24,tiered_wall,random_waypoint,4,560,520,560,520,20,3,250,550,15,311.488,-69.9231,-60,0,4,1,1,critical_zone,0,1
103,fence24,tiered_wall,random_waypoint,4,560,520,560,520,20,4,250,650,15,336.192,-70.586,-60,0,4,1,1,critical_zone,0,1
103,fence24,tiered_wall,random_waypoint,4,560,520,560,520,20,5,250,700,15,358.504,-71.1441,-60,0,4,1,1,critical_zone,0,1
103,fence24,tiered_wall,random_waypoint,4,560,520,560,520,20,6,300,700,15,316.267,-70.0553,-60,0,4,1,1,critical_zone,0,1
103,fence24,tiered_wall,random_waypoint,4,560,520,560,520,20,7,400,700,15,240.884,-67.6904,-60,0,4,1,1,critical_zone,0,1
103,fence24,tiered_wall,random_waypoint,4,560,520,560,520,20,8,600,700,15,184.459,-65.3722,-60,0,4,1,1,critical_zone,0,1
103,fence24,tiered_wall,random_waypoint,4,560,520,560,520,20,9,700,700,15,228.09,-67.2163,-60,0,4,1,1,critical_zone,0,1
103,fence24,tiered_wall,random_waypoint,4,560,520,560,520,20,10,750,700,15,261.773,-68.4127,-60,0,4,1,1,critical_zone,0,1
103,fence24,tiered_wall,random_waypoint,4,560,520,560,520,20,11,750,650,15,230.272,-67.299,-60,0,4,1,1,critical_zone,0,1
103,fence24,tiered_wall,random_waypoint,4,560,520,560,520,20,12,750,550,15,192.419,-65.7392,-60,0,4,1,1,critical_zone,0,1
103,fence24,tiered_wall,random_waypoint,4,560,520,560,520,20,13,750,450,15,202.546,-66.1847,-60,0,4,1,1,critical_zone,0,1
103,fence24,tiered_wall,random_waypoint,4,560,520,560,520,20,14,750,350,15,255,-68.185,-60,0,4,1,1,critical_zone,0,1
103,fence24,tiered_wall,random_waypoint,4,560,520,560,520,20,15,750,300,15,290.732,-69.3241,-60,0,4,1,1,critical_zone,0,1
103,fence24,tiered_wall,random_waypoint,4,560,520,560,520,20,16,700,300,15,260.816,-68.3809,-60,0,4,1,1,critical_zone,0,1
103,fence24,tiered_wall,random_waypoint,4,560,520,560,520,20,17,600,300,15,223.663,-67.0461,-60,0,4,1,1,critical_zone,0,1
103,fence24,tiered_wall,random_waypoint,4,560,520,560,520,20,18,400,300,15,272.075,-68.748,-60,0,4,1,1,critical_zone,0,1
103,fence24,tiered_wall,random_waypoint,4,560,520,560,520,20,19,300,300,15,340.624,-70.6997,-60,0,4,1,1,critical_zone,0,1
103,fence24,tiered_wall,random_waypoint,4,560,520,560,520,20,20,300,500,15,260.816,-68.3809,-70,1,4,1,1,critical_zone,0,1
103,fence24,tiered_wall,random_waypoint,4,560,520,560,520,20,21,500,350,15,180.347,-65.1764,-70,1,4,1,1,critical_zone,0,1
103,fence24,tiered_wall,random_waypoint,4,560,520,560,520,20,22,700,500,15,141.51,-63.07,-70,1,4,1,1,critical_zone,0,1
103,fence24,tiered_wall,random_waypoint,4,560,520,560,520,20,23,500,650,15,143.265,-63.1771,-70,1,4,1,1,critical_zone,0,1
104,fence24,tiered_wall,random_waypoint,4,560,520,560,520,20,0,250,300,15,380.164,-71.6537,-60,0,4,1,1,critical_zone,0,1
104,fence24,tiered_wall,random_waypoint,4,560,520,560,520,20,1,250,350,15,353.589,-71.0242,-60,0,4,1,1,critical_zone,0,1
104,fence24,tiered_wall,random_waypoint,4,560,520,560,520,20,2,250,450,15,317.844,-70.0985,-60,0,4,1,1,critical_zone,0,1
104,fence24,tiered_wall,random_waypoint,4,560,520,560,520,20,3,250,550,15,311.488,-69.9231,-60,0,4,1,1,critical_zone,0,1
104,fence24,tiered_wall,random_waypoint,4,560,520,560,520,20,4,250,650,15,336.192,-70.586,-60,0,4,1,1,critical_zone,0,1
104,fence24,tiered_wall,random_waypoint,4,560,520,560,520,20,5,250,700,15,358.504,-71.1441,-60,0,4,1,1,critical_zone,0,1
104,fence24,tiered_wall,random_waypoint,4,560,520,560,520,20,6,300,700,15,316.267,-70.0553,-60,0,4,1,1,critical_zone,0,1
104,fence24,tiered_wall,random_waypoint,4,560,520,560,520,20,7,400,700,15,240.884,-67.6904,-60,0,4,1,1,critical_zone,0,1
104,fence24,tiered_wall,random_waypoint,4,560,520,560,520,20,8,600,700,15,184.459,-65.3722,-60,0,4,1,1,critical_zone,0,1
104,fence24,tiered_wall,random_waypoint,4,560,520,560,520,20,9,700,700,15,228.09,-67.2163,-60,0,4,1,1,critical_zone,0,1
104,fence24,tiered_wall,random_waypoint,4,560,520,560,520,20,10,750,700,15,261.773,-68.4127,-60,0,4,1,1,critical_zone,0,1
104,fence24,tiered_wall,random_waypoint,4,560,520,560,520,20,11,750,650,15,230.272,-67.299,-60,0,4,1,1,critical_zone,0,1
104,fence24,tiered_wall,random_waypoint,4,560,520,560,520,20,12,750,550,15,192.419,-65.7392,-60,0,4,1,1,critical_zone,0,1
104,fence24,tiered_wall,random_waypoint,4,560,520,560,520,20,13,750,450,15,202.546,-66.1847,-60,0,4,1,1,critical_zone,0,1
104,fence24,tiered_wall,random_waypoint,4,560,520,560,520,20,14,750,350,15,255,-68.185,-60,0,4,1,1,critical_zone,0,1
104,fence24,tiered_wall,random_waypoint,4,560,520,560,520,20,15,750,300,15,290.732,-69.3241,-60,0,4,1,1,critical_zone,0,1
104,fence24,tiered_wall,random_waypoint,4,560,520,560,520,20,16,700,300,15,260.816,-68.3809,-60,0,4,1,1,critical_zone,0,1
104,fence24,tiered_wall,random_waypoint,4,560,520,560,520,20,17,600,300,15,223.663,-67.0461,-60,0,4,1,1,critical_zone,0,1
104,fence24,tiered_wall,random_waypoint,4,560,520,560,520,20,18,400,300,15,272.075,-68.748,-60,0,4,1,1,critical_zone,0,1
104,fence24,tiered_wall,random_waypoint,4,560,520,560,520,20,19,300,300,15,340.624,-70.6997,-60,0,4,1,1,critical_zone,0,1
104,fence24,tiered_wall,random_waypoint,4,560,520,560,520,20,20,300,500,15,260.816,-68.3809,-70,1,4,1,1,critical_zone,0,1
104,fence24,tiered_wall,random_waypoint,4,560,520,560,520,20,21,500,350,15,180.347,-65.1764,-70,1,4,1,1,critical_zone,0,1
104,fence24,tiered_wall,random_waypoint,4,560,520,560,520,20,22,700,500,15,141.51,-63.07,-70,1,4,1,1,critical_zone,0,1
104,fence24,tiered_wall,random_waypoint,4,560,520,560,520,20,23,500,650,15,143.265,-63.1771,-70,1,4,1,1,critical_zone,0,1
105,fence24,tiered_wall,random_waypoint,4,560,520,560,520,20,0,250,300,15,380.164,-71.6537,-60,0,4,1,1,critical_zone,0,1
105,fence24,tiered_wall,random_waypoint,4,560,520,560,520,20,1,250,350,15,353.589,-71.0242,-60,0,4,1,1,critical_zone,0,1
105,fence24,tiered_wall,random_waypoint,4,560,520,560,520,20,2,250,450,15,317.844,-70.0985,-60,0,4,1,1,critical_zone,0,1
105,fence24,tiered_wall,random_waypoint,4,560,520,560,520,20,3,250,550,15,311.488,-69.9231,-60,0,4,1,1,critical_zone,0,1
105,fence24,tiered_wall,random_waypoint,4,560,520,560,520,20,4,250,650,15,336.192,-70.586,-60,0,4,1,1,critical_zone,0,1
105,fence24,tiered_wall,random_waypoint,4,560,520,560,520,20,5,250,700,15,358.504,-71.1441,-60,0,4,1,1,critical_zone,0,1
105,fence24,tiered_wall,random_waypoint,4,560,520,560,520,20,6,300,700,15,316.267,-70.0553,-60,0,4,1,1,critical_zone,0,1
105,fence24,tiered_wall,random_waypoint,4,560,520,560,520,20,7,400,700,15,240.884,-67.6904,-60,0,4,1,1,critical_zone,0,1
105,fence24,tiered_wall,random_waypoint,4,560,520,560,520,20,8,600,700,15,184.459,-65.3722,-60,0,4,1,1,critical_zone,0,1
105,fence24,tiered_wall,random_waypoint,4,560,520,560,520,20,9,700,700,15,228.09,-67.2163,-60,0,4,1,1,critical_zone,0,1
105,fence24,tiered_wall,random_waypoint,4,560,520,560,520,20,10,750,700,15,261.773,-68.4127,-60,0,4,1,1,critical_zone,0,1
105,fence24,tiered_wall,random_waypoint,4,560,520,560,520,20,11,750,650,15,230.272,-67.299,-60,0,4,1,1,critical_zone,0,1
105,fence24,tiered_wall,random_waypoint,4,560,520,560,520,20,12,750,550,15,192.419,-65.7392,-60,0,4,1,1,critical_zone,0,1
105,fence24,tiered_wall,random_waypoint,4,560,520,560,520,20,13,750,450,15,202.546,-66.1847,-60,0,4,1,1,critical_zone,0,1
105,fence24,tiered_wall,random_waypoint,4,560,520,560,520,20,14,750,350,15,255,-68.185,-60,0,4,1,1,critical_zone,0,1
105,fence24,tiered_wall,random_waypoint,4,560,520,560,520,20,15,750,300,15,290.732,-69.3241,-60,0,4,1,1,critical_zone,0,1
105,fence24,tiered_wall,random_waypoint,4,560,520,560,520,20,16,700,300,15,260.816,-68.3809,-60,0,4,1,1,critical_zone,0,1
105,fence24,tiered_wall,random_waypoint,4,560,520,560,520,20,17,600,300,15,223.663,-67.0461,-60,0,4,1,1,critical_zone,0,1
105,fence24,tiered_wall,random_waypoint,4,560,520,560,520,20,18,400,300,15,272.075,-68.748,-60,0,4,1,1,critical_zone,0,1
105,fence24,tiered_wall,random_waypoint,4,560,520,560,520,20,19,300,300,15,340.624,-70.6997,-60,0,4,1,1,critical_zone,0,1
105,fence24,tiered_wall,random_waypoint,4,560,520,560,520,20,20,300,500,15,260.816,-68.3809,-70,1,4,1,1,critical_zone,0,1
105,fence24,tiered_wall,random_waypoint,4,560,520,560,520,20,21,500,350,15,180.347,-65.1764,-70,1,4,1,1,critical_zone,0,1
105,fence24,tiered_wall,random_waypoint,4,560,520,560,520,20,22,700,500,15,141.51,-63.07,-70,1,4,1,1,critical_zone,0,1
105,fence24,tiered_wall,random_waypoint,4,560,520,560,520,20,23,500,650,15,143.265,-63.1771,-70,1,4,1,1,critical_zone,0,1
106,fence24,tiered_wall,random_waypoint,4,560,520,560,520,20,0,250,300,15,380.164,-71.6537,-60,0,4,1,1,critical_zone,0,1
106,fence24,tiered_wall,random_waypoint,4,560,520,560,520,20,1,250,350,15,353.589,-71.0242,-60,0,4,1,1,critical_zone,0,1
106,fence24,tiered_wall,random_waypoint,4,560,520,560,520,20,2,250,450,15,317.844,-70.0985,-60,0,4,1,1,critical_zone,0,1
106,fence24,tiered_wall,random_waypoint,4,560,520,560,520,20,3,250,550,15,311.488,-69.9231,-60,0,4,1,1,critical_zone,0,1
106,fence24,tiered_wall,random_waypoint,4,560,520,560,520,20,4,250,650,15,336.192,-70.586,-60,0,4,1,1,critical_zone,0,1
106,fence24,tiered_wall,random_waypoint,4,560,520,560,520,20,5,250,700,15,358.504,-71.1441,-60,0,4,1,1,critical_zone,0,1
106,fence24,tiered_wall,random_waypoint,4,560,520,560,520,20,6,300,700,15,316.267,-70.0553,-60,0,4,1,1,critical_zone,0,1
106,fence24,tiered_wall,random_waypoint,4,560,520,560,520,20,7,400,700,15,240.884,-67.6904,-60,0,4,1,1,critical_zone,0,1
106,fence24,tiered_wall,random_waypoint,4,560,520,560,520,20,8,600,700,15,184.459,-65.3722,-60,0,4,1,1,critical_zone,0,1
106,fence24,tiered_wall,random_waypoint,4,560,520,560,520,20,9,700,700,15,228.09,-67.2163,-60,0,4,1,1,critical_zone,0,1
106,fence24,tiered_wall,random_waypoint,4,560,520,560,520,20,10,750,700,15,261.773,-68.4127,-60,0,4,1,1,critical_zone,0,1
106,fence24,tiered_wall,random_waypoint,4,560,520,560,520,20,11,750,650,15,230.272,-67.299,-60,0,4,1,1,critical_zone,0,1
106,fence24,tiered_wall,random_waypoint,4,560,520,560,520,20,12,750,550,15,192.419,-65.7392,-60,0,4,1,1,critical_zone,0,1
106,fence24,tiered_wall,random_waypoint,4,560,520,560,520,20,13,750,450,15,202.546,-66.1847,-60,0,4,1,1,critical_zone,0,1
106,fence24,tiered_wall,random_waypoint,4,560,520,560,520,20,14,750,350,15,255,-68.185,-60,0,4,1,1,critical_zone,0,1
106,fence24,tiered_wall,random_waypoint,4,560,520,560,520,20,15,750,300,15,290.732,-69.3241,-60,0,4,1,1,critical_zone,0,1
106,fence24,tiered_wall,random_waypoint,4,560,520,560,520,20,16,700,300,15,260.816,-68.3809,-60,0,4,1,1,critical_zone,0,1
106,fence24,tiered_wall,random_waypoint,4,560,520,560,520,20,17,600,300,15,223.663,-67.0461,-60,0,4,1,1,critical_zone,0,1
106,fence24,tiered_wall,random_waypoint,4,560,520,560,520,20,18,400,300,15,272.075,-68.748,-60,0,4,1,1,critical_zone,0,1
106,fence24,tiered_wall,random_waypoint,4,560,520,560,520,20,19,300,300,15,340.624,-70.6997,-60,0,4,1,1,critical_zone,0,1
106,fence24,tiered_wall,random_waypoint,4,560,520,560,520,20,20,300,500,15,260.816,-68.3809,-70,1,4,1,1,critical_zone,0,1
106,fence24,tiered_wall,random_waypoint,4,560,520,560,520,20,21,500,350,15,180.347,-65.1764,-70,1,4,1,1,critical_zone,0,1
106,fence24,tiered_wall,random_waypoint,4,560,520,560,520,20,22,700,500,15,141.51,-63.07,-70,1,4,1,1,critical_zone,0,1
106,fence24,tiered_wall,random_waypoint,4,560,520,560,520,20,23,500,650,15,143.265,-63.1771,-70,1,4,1,1,critical_zone,0,1
107,fence24,tiered_wall,random_waypoint,4,560,520,560,520,20,0,250,300,15,380.164,-71.6537,-60,0,4,1,1,critical_zone,0,1
107,fence24,tiered_wall,random_waypoint,4,560,520,560,520,20,1,250,350,15,353.589,-71.0242,-60,0,4,1,1,critical_zone,0,1
107,fence24,tiered_wall,random_waypoint,4,560,520,560,520,20,2,250,450,15,317.844,-70.0985,-60,0,4,1,1,critical_zone,0,1
107,fence24,tiered_wall,random_waypoint,4,560,520,560,520,20,3,250,550,15,311.488,-69.9231,-60,0,4,1,1,critical_zone,0,1
107,fence24,tiered_wall,random_waypoint,4,560,520,560,520,20,4,250,650,15,336.192,-70.586,-60,0,4,1,1,critical_zone,0,1
107,fence24,tiered_wall,random_waypoint,4,560,520,560,520,20,5,250,700,15,358.504,-71.1441,-60,0,4,1,1,critical_zone,0,1
107,fence24,tiered_wall,random_waypoint,4,560,520,560,520,20,6,300,700,15,316.267,-70.0553,-60,0,4,1,1,critical_zone,0,1
107,fence24,tiered_wall,random_waypoint,4,560,520,560,520,20,7,400,700,15,240.884,-67.6904,-60,0,4,1,1,critical_zone,0,1
107,fence24,tiered_wall,random_waypoint,4,560,520,560,520,20,8,600,700,15,184.459,-65.3722,-60,0,4,1,1,critical_zone,0,1
107,fence24,tiered_wall,random_waypoint,4,560,520,560,520,20,9,700,700,15,228.09,-67.2163,-60,0,4,1,1,critical_zone,0,1
107,fence24,tiered_wall,random_waypoint,4,560,520,560,520,20,10,750,700,15,261.773,-68.4127,-60,0,4,1,1,critical_zone,0,1
107,fence24,tiered_wall,random_waypoint,4,560,520,560,520,20,11,750,650,15,230.272,-67.299,-60,0,4,1,1,critical_zone,0,1
107,fence24,tiered_wall,random_waypoint,4,560,520,560,520,20,12,750,550,15,192.419,-65.7392,-60,0,4,1,1,critical_zone,0,1
107,fence24,tiered_wall,random_waypoint,4,560,520,560,520,20,13,750,450,15,202.546,-66.1847,-60,0,4,1,1,critical_zone,0,1
107,fence24,tiered_wall,random_waypoint,4,560,520,560,520,20,14,750,350,15,255,-68.185,-60,0,4,1,1,critical_zone,0,1
107,fence24,tiered_wall,random_waypoint,4,560,520,560,520,20,15,750,300,15,290.732,-69.3241,-60,0,4,1,1,critical_zone,0,1
107,fence24,tiered_wall,random_waypoint,4,560,520,560,520,20,16,700,300,15,260.816,-68.3809,-60,0,4,1,1,critical_zone,0,1
107,fence24,tiered_wall,random_waypoint,4,560,520,560,520,20,17,600,300,15,223.663,-67.0461,-60,0,4,1,1,critical_zone,0,1
107,fence24,tiered_wall,random_waypoint,4,560,520,560,520,20,18,400,300,15,272.075,-68.748,-60,0,4,1,1,critical_zone,0,1
107,fence24,tiered_wall,random_waypoint,4,560,520,560,520,20,19,300,300,15,340.624,-70.6997,-60,0,4,1,1,critical_zone,0,1
107,fence24,tiered_wall,random_waypoint,4,560,520,560,520,20,20,300,500,15,260.816,-68.3809,-70,1,4,1,1,critical_zone,0,1
107,fence24,tiered_wall,random_waypoint,4,560,520,560,520,20,21,500,350,15,180.347,-65.1764,-70,1,4,1,1,critical_zone,0,1
107,fence24,tiered_wall,random_waypoint,4,560,520,560,520,20,22,700,500,15,141.51,-63.07,-70,1,4,1,1,critical_zone,0,1
107,fence24,tiered_wall,random_waypoint,4,560,520,560,520,20,23,500,650,15,143.265,-63.1771,-70,1,4,1,1,critical_zone,0,1
108,fence24,tiered_wall,random_waypoint,4,560,520,560,520,20,0,250,300,15,380.164,-71.6537,-60,0,4,1,1,critical_zone,0,1
108,fence24,tiered_wall,random_waypoint,4,560,520,560,520,20,1,250,350,15,353.589,-71.0242,-60,0,4,1,1,critical_zone,0,1
108,fence24,tiered_wall,random_waypoint,4,560,520,560,520,20,2,250,450,15,317.844,-70.0985,-60,0,4,1,1,critical_zone,0,1
108,fence24,tiered_wall,random_waypoint,4,560,520,560,520,20,3,250,550,15,311.488,-69.9231,-60,0,4,1,1,critical_zone,0,1
108,fence24,tiered_wall,random_waypoint,4,560,520,560,520,20,4,250,650,15,336.192,-70.586,-60,0,4,1,1,critical_zone,0,1
108,fence24,tiered_wall,random_waypoint,4,560,520,560,520,20,5,250,700,15,358.504,-71.1441,-60,0,4,1,1,critical_zone,0,1
108,fence24,tiered_wall,random_waypoint,4,560,520,560,520,20,6,300,700,15,316.267,-70.0553,-60,0,4,1,1,critical_zone,0,1
108,fence24,tiered_wall,random_waypoint,4,560,520,560,520,20,7,400,700,15,240.884,-67.6904,-60,0,4,1,1,critical_zone,0,1
108,fence24,tiered_wall,random_waypoint,4,560,520,560,520,20,8,600,700,15,184.459,-65.3722,-60,0,4,1,1,critical_zone,0,1
108,fence24,tiered_wall,random_waypoint,4,560,520,560,520,20,9,700,700,15,228.09,-67.2163,-60,0,4,1,1,critical_zone,0,1
108,fence24,tiered_wall,random_waypoint,4,560,520,560,520,20,10,750,700,15,261.773,-68.4127,-60,0,4,1,1,critical_zone,0,1
108,fence24,tiered_wall,random_waypoint,4,560,520,560,520,20,11,750,650,15,230.272,-67.299,-60,0,4,1,1,critical_zone,0,1
108,fence24,tiered_wall,random_waypoint,4,560,520,560,520,20,12,750,550,15,192.419,-65.7392,-60,0,4,1,1,critical_zone,0,1
108,fence24,tiered_wall,random_waypoint,4,560,520,560,520,20,13,750,450,15,202.546,-66.1847,-60,0,4,1,1,critical_zone,0,1
108,fence24,tiered_wall,random_waypoint,4,560,520,560,520,20,14,750,350,15,255,-68.185,-60,0,4,1,1,critical_zone,0,1
108,fence24,tiered_wall,random_waypoint,4,560,520,560,520,20,15,750,300,15,290.732,-69.3241,-60,0,4,1,1,critical_zone,0,1
108,fence24,tiered_wall,random_waypoint,4,560,520,560,520,20,16,700,300,15,260.816,-68.3809,-60,0,4,1,1,critical_zone,0,1
108,fence24,tiered_wall,random_waypoint,4,560,520,560,520,20,17,600,300,15,223.663,-67.0461,-60,0,4,1,1,critical_zone,0,1
108,fence24,tiered_wall,random_waypoint,4,560,520,560,520,20,18,400,300,15,272.075,-68.748,-60,0,4,1,1,critical_zone,0,1
108,fence24,tiered_wall,random_waypoint,4,560,520,560,520,20,19,300,300,15,340.624,-70.6997,-60,0,4,1,1,critical_zone,0,1
108,fence24,tiered_wall,random_waypoint,4,560,520,560,520,20,20,300,500,15,260.816,-68.3809,-70,1,4,1,1,critical_zone,0,1
108,fence24,tiered_wall,random_waypoint,4,560,520,560,520,20,21,500,350,15,180.347,-65.1764,-70,1,4,1,1,critical_zone,0,1
108,fence24,tiered_wall,random_waypoint,4,560,520,560,520,20,22,700,500,15,141.51,-63.07,-70,1,4,1,1,critical_zone,0,1
108,fence24,tiered_wall,random_waypoint,4,560,520,560,520,20,23,500,650,15,143.265,-63.1771,-70,1,4,1,1,critical_zone,0,1
109,fence24,tiered_wall,random_waypoint,4,560,520,560,520,20,0,250,300,15,380.164,-71.6537,-60,0,4,1,1,critical_zone,0,1
109,fence24,tiered_wall,random_waypoint,4,560,520,560,520,20,1,250,350,15,353.589,-71.0242,-60,0,4,1,1,critical_zone,0,1
109,fence24,tiered_wall,random_waypoint,4,560,520,560,520,20,2,250,450,15,317.844,-70.0985,-60,0,4,1,1,critical_zone,0,1
109,fence24,tiered_wall,random_waypoint,4,560,520,560,520,20,3,250,550,15,311.488,-69.9231,-60,0,4,1,1,critical_zone,0,1
109,fence24,tiered_wall,random_waypoint,4,560,520,560,520,20,4,250,650,15,336.192,-70.586,-60,0,4,1,1,critical_zone,0,1
109,fence24,tiered_wall,random_waypoint,4,560,520,560,520,20,5,250,700,15,358.504,-71.1441,-60,0,4,1,1,critical_zone,0,1
109,fence24,tiered_wall,random_waypoint,4,560,520,560,520,20,6,300,700,15,316.267,-70.0553,-60,0,4,1,1,critical_zone,0,1
109,fence24,tiered_wall,random_waypoint,4,560,520,560,520,20,7,400,700,15,240.884,-67.6904,-60,0,4,1,1,critical_zone,0,1
109,fence24,tiered_wall,random_waypoint,4,560,520,560,520,20,8,600,700,15,184.459,-65.3722,-60,0,4,1,1,critical_zone,0,1
109,fence24,tiered_wall,random_waypoint,4,560,520,560,520,20,9,700,700,15,228.09,-67.2163,-60,0,4,1,1,critical_zone,0,1
109,fence24,tiered_wall,random_waypoint,4,560,520,560,520,20,10,750,700,15,261.773,-68.4127,-60,0,4,1,1,critical_zone,0,1
109,fence24,tiered_wall,random_waypoint,4,560,520,560,520,20,11,750,650,15,230.272,-67.299,-60,0,4,1,1,critical_zone,0,1
109,fence24,tiered_wall,random_waypoint,4,560,520,560,520,20,12,750,550,15,192.419,-65.7392,-60,0,4,1,1,critical_zone,0,1
109,fence24,tiered_wall,random_waypoint,4,560,520,560,520,20,13,750,450,15,202.546,-66.1847,-60,0,4,1,1,critical_zone,0,1
109,fence24,tiered_wall,random_waypoint,4,560,520,560,520,20,14,750,350,15,255,-68.185,-60,0,4,1,1,critical_zone,0,1
109,fence24,tiered_wall,random_waypoint,4,560,520,560,520,20,15,750,300,15,290.732,-69.3241,-60,0,4,1,1,critical_zone,0,1
109,fence24,tiered_wall,random_waypoint,4,560,520,560,520,20,16,700,300,15,260.816,-68.3809,-60,0,4,1,1,critical_zone,0,1
109,fence24,tiered_wall,random_waypoint,4,560,520,560,520,20,17,600,300,15,223.663,-67.0461,-60,0,4,1,1,critical_zone,0,1
109,fence24,tiered_wall,random_waypoint,4,560,520,560,520,20,18,400,300,15,272.075,-68.748,-60,0,4,1,1,critical_zone,0,1
109,fence24,tiered_wall,random_waypoint,4,560,520,560,520,20,19,300,300,15,340.624,-70.6997,-60,0,4,1,1,critical_zone,0,1
109,fence24,tiered_wall,random_waypoint,4,560,520,560,520,20,20,300,500,15,260.816,-68.3809,-70,1,4,1,1,critical_zone,0,1
109,fence24,tiered_wall,random_waypoint,4,560,520,560,520,20,21,500,350,15,180.347,-65.1764,-70,1,4,1,1,critical_zone,0,1
109,fence24,tiered_wall,random_waypoint,4,560,520,560,520,20,22,700,500,15,141.51,-63.07,-70,1,4,1,1,critical_zone,0,1
109,fence24,tiered_wall,random_waypoint,4,560,520,560,520,20,23,500,650,15,143.265,-63.1771,-70,1,4,1,1,critical_zone,0,1
110,fence24,tiered_wall,random_waypoint,4,560,520,560,520,20,0,250,300,15,380.164,-71.6537,-60,0,4,1,1,critical_zone,0,1
110,fence24,tiered_wall,random_waypoint,4,560,520,560,520,20,1,250,350,15,353.589,-71.0242,-60,0,4,1,1,critical_zone,0,1
110,fence24,tiered_wall,random_waypoint,4,560,520,560,520,20,2,250,450,15,317.844,-70.0985,-60,0,4,1,1,critical_zone,0,1
110,fence24,tiered_wall,random_waypoint,4,560,520,560,520,20,3,250,550,15,311.488,-69.9231,-60,0,4,1,1,critical_zone,0,1
110,fence24,tiered_wall,random_waypoint,4,560,520,560,520,20,4,250,650,15,336.192,-70.586,-60,0,4,1,1,critical_zone,0,1
110,fence24,tiered_wall,random_waypoint,4,560,520,560,520,20,5,250,700,15,358.504,-71.1441,-60,0,4,1,1,critical_zone,0,1
110,fence24,tiered_wall,random_waypoint,4,560,520,560,520,20,6,300,700,15,316.267,-70.0553,-60,0,4,1,1,critical_zone,0,1
110,fence24,tiered_wall,random_waypoint,4,560,520,560,520,20,7,400,700,15,240.884,-67.6904,-60,0,4,1,1,critical_zone,0,1
110,fence24,tiered_wall,random_waypoint,4,560,520,560,520,20,8,600,700,15,184.459,-65.3722,-60,0,4,1,1,critical_zone,0,1
110,fence24,tiered_wall,random_waypoint,4,560,520,560,520,20,9,700,700,15,228.09,-67.2163,-60,0,4,1,1,critical_zone,0,1
110,fence24,tiered_wall,random_waypoint,4,560,520,560,520,20,10,750,700,15,261.773,-68.4127,-60,0,4,1,1,critical_zone,0,1
110,fence24,tiered_wall,random_waypoint,4,560,520,560,520,20,11,750,650,15,230.272,-67.299,-60,0,4,1,1,critical_zone,0,1
110,fence24,tiered_wall,random_waypoint,4,560,520,560,520,20,12,750,550,15,192.419,-65.7392,-60,0,4,1,1,critical_zone,0,1
110,fence24,tiered_wall,random_waypoint,4,560,520,560,520,20,13,750,450,15,202.546,-66.1847,-60,0,4,1,1,critical_zone,0,1
110,fence24,tiered_wall,random_waypoint,4,560,520,560,520,20,14,750,350,15,255,-68.185,-60,0,4,1,1,critical_zone,0,1
110,fence24,tiered_wall,random_waypoint,4,560,520,560,520,20,15,750,300,15,290.732,-69.3241,-60,0,4,1,1,critical_zone,0,1
110,fence24,tiered_wall,random_waypoint,4,560,520,560,520,20,16,700,300,15,260.816,-68.3809,-60,0,4,1,1,critical_zone,0,1
110,fence24,tiered_wall,random_waypoint,4,560,520,560,520,20,17,600,300,15,223.663,-67.0461,-60,0,4,1,1,critical_zone,0,1
110,fence24,tiered_wall,random_waypoint,4,560,520,560,520,20,18,400,300,15,272.075,-68.748,-60,0,4,1,1,critical_zone,0,1
110,fence24,tiered_wall,random_waypoint,4,560,520,560,520,20,19,300,300,15,340.624,-70.6997,-60,0,4,1,1,critical_zone,0,1
110,fence24,tiered_wall,random_waypoint,4,560,520,560,520,20,20,300,500,15,260.816,-68.3809,-70,1,4,1,1,critical_zone,0,1
110,fence24,tiered_wall,random_waypoint,4,560,520,560,520,20,21,500,350,15,180.347,-65.1764,-70,1,4,1,1,critical_zone,0,1
110,fence24,tiered_wall,random_waypoint,4,560,520,560,520,20,22,700,500,15,141.51,-63.07,-70,1,4,1,1,critical_zone,0,1
110,fence24,tiered_wall,random_waypoint,4,560,520,560,520,20,23,500,650,15,143.265,-63.1771,-70,1,4,1,1,critical_zone,0,1
111,fence24,tiered_wall,random_waypoint,4,560,520,560,520,20,0,250,300,15,380.164,-71.6537,-60,0,4,1,1,critical_zone,0,1
111,fence24,tiered_wall,random_waypoint,4,560,520,560,520,20,1,250,350,15,353.589,-71.0242,-60,0,4,1,1,critical_zone,0,1
111,fence24,tiered_wall,random_waypoint,4,560,520,560,520,20,2,250,450,15,317.844,-70.0985,-60,0,4,1,1,critical_zone,0,1
111,fence24,tiered_wall,random_waypoint,4,560,520,560,520,20,3,250,550,15,311.488,-69.9231,-60,0,4,1,1,critical_zone,0,1
111,fence24,tiered_wall,random_waypoint,4,560,520,560,520,20,4,250,650,15,336.192,-70.586,-60,0,4,1,1,critical_zone,0,1
111,fence24,tiered_wall,random_waypoint,4,560,520,560,520,20,5,250,700,15,358.504,-71.1441,-60,0,4,1,1,critical_zone,0,1
111,fence24,tiered_wall,random_waypoint,4,560,520,560,520,20,6,300,700,15,316.267,-70.0553,-60,0,4,1,1,critical_zone,0,1
111,fence24,tiered_wall,random_waypoint,4,560,520,560,520,20,7,400,700,15,240.884,-67.6904,-60,0,4,1,1,critical_zone,0,1
111,fence24,tiered_wall,random_waypoint,4,560,520,560,520,20,8,600,700,15,184.459,-65.3722,-60,0,4,1,1,critical_zone,0,1
111,fence24,tiered_wall,random_waypoint,4,560,520,560,520,20,9,700,700,15,228.09,-67.2163,-60,0,4,1,1,critical_zone,0,1
111,fence24,tiered_wall,random_waypoint,4,560,520,560,520,20,10,750,700,15,261.773,-68.4127,-60,0,4,1,1,critical_zone,0,1
111,fence24,tiered_wall,random_waypoint,4,560,520,560,520,20,11,750,650,15,230.272,-67.299,-60,0,4,1,1,critical_zone,0,1
111,fence24,tiered_wall,random_waypoint,4,560,520,560,520,20,12,750,550,15,192.419,-65.7392,-60,0,4,1,1,critical_zone,0,1
111,fence24,tiered_wall,random_waypoint,4,560,520,560,520,20,13,750,450,15,202.546,-66.1847,-60,0,4,1,1,critical_zone,0,1
111,fence24,tiered_wall,random_waypoint,4,560,520,560,520,20,14,750,350,15,255,-68.185,-60,0,4,1,1,critical_zone,0,1
111,fence24,tiered_wall,random_waypoint,4,560,520,560,520,20,15,750,300,15,290.732,-69.3241,-60,0,4,1,1,critical_zone,0,1
111,fence24,tiered_wall,random_waypoint,4,560,520,560,520,20,16,700,300,15,260.816,-68.3809,-60,0,4,1,1,critical_zone,0,1
111,fence24,tiered_wall,random_waypoint,4,560,520,560,520,20,17,600,300,15,223.663,-67.0461,-60,0,4,1,1,critical_zone,0,1
111,fence24,tiered_wall,random_waypoint,4,560,520,560,520,20,18,400,300,15,272.075,-68.748,-60,0,4,1,1,critical_zone,0,1
111,fence24,tiered_wall,random_waypoint,4,560,520,560,520,20,19,300,300,15,340.624,-70.6997,-60,0,4,1,1,critical_zone,0,1
111,fence24,tiered_wall,random_waypoint,4,560,520,560,520,20,20,300,500,15,260.816,-68.3809,-70,1,4,1,1,critical_zone,0,1
111,fence24,tiered_wall,random_waypoint,4,560,520,560,520,20,21,500,350,15,180.347,-65.1764,-70,1,4,1,1,critical_zone,0,1
111,fence24,tiered_wall,random_waypoint,4,560,520,560,520,20,22,700,500,15,141.51,-63.07,-70,1,4,1,1,critical_zone,0,1
111,fence24,tiered_wall,random_waypoint,4,560,520,560,520,20,23,500,650,15,143.265,-63.1771,-70,1,4,1,1,critical_zone,0,1
112,fence24,tiered_wall,random_waypoint,4,560,520,560,520,20,0,250,300,15,380.164,-71.6537,-60,0,4,1,1,critical_zone,0,1
112,fence24,tiered_wall,random_waypoint,4,560,520,560,520,20,1,250,350,15,353.589,-71.0242,-60,0,4,1,1,critical_zone,0,1
112,fence24,tiered_wall,random_waypoint,4,560,520,560,520,20,2,250,450,15,317.844,-70.0985,-60,0,4,1,1,critical_zone,0,1
112,fence24,tiered_wall,random_waypoint,4,560,520,560,520,20,3,250,550,15,311.488,-69.9231,-60,0,4,1,1,critical_zone,0,1
112,fence24,tiered_wall,random_waypoint,4,560,520,560,520,20,4,250,650,15,336.192,-70.586,-60,0,4,1,1,critical_zone,0,1
112,fence24,tiered_wall,random_waypoint,4,560,520,560,520,20,5,250,700,15,358.504,-71.1441,-60,0,4,1,1,critical_zone,0,1
112,fence24,tiered_wall,random_waypoint,4,560,520,560,520,20,6,300,700,15,316.267,-70.0553,-60,0,4,1,1,critical_zone,0,1
112,fence24,tiered_wall,random_waypoint,4,560,520,560,520,20,7,400,700,15,240.884,-67.6904,-60,0,4,1,1,critical_zone,0,1
112,fence24,tiered_wall,random_waypoint,4,560,520,560,520,20,8,600,700,15,184.459,-65.3722,-60,0,4,1,1,critical_zone,0,1
112,fence24,tiered_wall,random_waypoint,4,560,520,560,520,20,9,700,700,15,228.09,-67.2163,-60,0,4,1,1,critical_zone,0,1
112,fence24,tiered_wall,random_waypoint,4,560,520,560,520,20,10,750,700,15,261.773,-68.4127,-60,0,4,1,1,critical_zone,0,1
112,fence24,tiered_wall,random_waypoint,4,560,520,560,520,20,11,750,650,15,230.272,-67.299,-60,0,4,1,1,critical_zone,0,1
112,fence24,tiered_wall,random_waypoint,4,560,520,560,520,20,12,750,550,15,192.419,-65.7392,-60,0,4,1,1,critical_zone,0,1
112,fence24,tiered_wall,random_waypoint,4,560,520,560,520,20,13,750,450,15,202.546,-66.1847,-60,0,4,1,1,critical_zone,0,1
112,fence24,tiered_wall,random_waypoint,4,560,520,560,520,20,14,750,350,15,255,-68.185,-60,0,4,1,1,critical_zone,0,1
112,fence24,tiered_wall,random_waypoint,4,560,520,560,520,20,15,750,300,15,290.732,-69.3241,-60,0,4,1,1,critical_zone,0,1
112,fence24,tiered_wall,random_waypoint,4,560,520,560,520,20,16,700,300,15,260.816,-68.3809,-60,0,4,1,1,critical_zone,0,1
112,fence24,tiered_wall,random_waypoint,4,560,520,560,520,20,17,600,300,15,223.663,-67.0461,-60,0,4,1,1,critical_zone,0,1
112,fence24,tiered_wall,random_waypoint,4,560,520,560,520,20,18,400,300,15,272.075,-68.748,-60,0,4,1,1,critical_zone,0,1
112,fence24,tiered_wall,random_waypoint,4,560,520,560,520,20,19,300,300,15,340.624,-70.6997,-60,0,4,1,1,critical_zone,0,1
112,fence24,tiered_wall,random_waypoint,4,560,520,560,520,20,20,300,500,15,260.816,-68.3809,-70,1,4,1,1,critical_zone,0,1
112,fence24,tiered_wall,random_waypoint,4,560,520,560,520,20,21,500,350,15,180.347,-65.1764,-70,1,4,1,1,critical_zone,0,1
112,fence24,tiered_wall,random_waypoint,4,560,520,560,520,20,22,700,500,15,141.51,-63.07,-70,1,4,1,1,critical_zone,0,1
112,fence24,tiered_wall,random_waypoint,4,560,520,560,520,20,23,500,650,15,143.265,-63.1771,-70,1,4,1,1,critical_zone,0,1
113,fence24,tiered_wall,random_waypoint,4,560,520,560,520,20,0,250,300,15,380.164,-71.6537,-60,0,4,1,1,critical_zone,0,1
113,fence24,tiered_wall,random_waypoint,4,560,520,560,520,20,1,250,350,15,353.589,-71.0242,-60,0,4,1,1,critical_zone,0,1
113,fence24,tiered_wall,random_waypoint,4,560,520,560,520,20,2,250,450,15,317.844,-70.0985,-60,0,4,1,1,critical_zone,0,1
113,fence24,tiered_wall,random_waypoint,4,560,520,560,520,20,3,250,550,15,311.488,-69.9231,-60,0,4,1,1,critical_zone,0,1
113,fence24,tiered_wall,random_waypoint,4,560,520,560,520,20,4,250,650,15,336.192,-70.586,-60,0,4,1,1,critical_zone,0,1
113,fence24,tiered_wall,random_waypoint,4,560,520,560,520,20,5,250,700,15,358.504,-71.1441,-60,0,4,1,1,critical_zone,0,1
113,fence24,tiered_wall,random_waypoint,4,560,520,560,520,20,6,300,700,15,316.267,-70.0553,-60,0,4,1,1,critical_zone,0,1
113,fence24,tiered_wall,random_waypoint,4,560,520,560,520,20,7,400,700,15,240.884,-67.6904,-60,0,4,1,1,critical_zone,0,1
113,fence24,tiered_wall,random_waypoint,4,560,520,560,520,20,8,600,700,15,184.459,-65.3722,-60,0,4,1,1,critical_zone,0,1
113,fence24,tiered_wall,random_waypoint,4,560,520,560,520,20,9,700,700,15,228.09,-67.2163,-60,0,4,1,1,critical_zone,0,1
113,fence24,tiered_wall,random_waypoint,4,560,520,560,520,20,10,750,700,15,261.773,-68.4127,-60,0,4,1,1,critical_zone,0,1
113,fence24,tiered_wall,random_waypoint,4,560,520,560,520,20,11,750,650,15,230.272,-67.299,-60,0,4,1,1,critical_zone,0,1
113,fence24,tiered_wall,random_waypoint,4,560,520,560,520,20,12,750,550,15,192.419,-65.7392,-60,0,4,1,1,critical_zone,0,1
113,fence24,tiered_wall,random_waypoint,4,560,520,560,520,20,13,750,450,15,202.546,-66.1847,-60,0,4,1,1,critical_zone,0,1
113,fence24,tiered_wall,random_waypoint,4,560,520,560,520,20,14,750,350,15,255,-68.185,-60,0,4,1,1,critical_zone,0,1
113,fence24,tiered_wall,random_waypoint,4,560,520,560,520,20,15,750,300,15,290.732,-69.3241,-60,0,4,1,1,critical_zone,0,1
113,fence24,tiered_wall,random_waypoint,4,560,520,560,520,20,16,700,300,15,260.816,-68.3809,-60,0,4,1,1,critical_zone,0,1
113,fence24,tiered_wall,random_waypoint,4,560,520,560,520,20,17,600,300,15,223.663,-67.0461,-60,0,4,1,1,critical_zone,0,1
113,fence24,tiered_wall,random_waypoint,4,560,520,560,520,20,18,400,300,15,272.075,-68.748,-60,0,4,1,1,critical_zone,0,1
113,fence24,tiered_wall,random_waypoint,4,560,520,560,520,20,19,300,300,15,340.624,-70.6997,-60,0,4,1,1,critical_zone,0,1
113,fence24,tiered_wall,random_waypoint,4,560,520,560,520,20,20,300,500,15,260.816,-68.3809,-70,1,4,1,1,critical_zone,0,1
113,fence24,tiered_wall,random_waypoint,4,560,520,560,520,20,21,500,350,15,180.347,-65.1764,-70,1,4,1,1,critical_zone,0,1
113,fence24,tiered_wall,random_waypoint,4,560,520,560,520,20,22,700,500,15,141.51,-63.07,-70,1,4,1,1,critical_zone,0,1
113,fence24,tiered_wall,random_waypoint,4,560,520,560,520,20,23,500,650,15,143.265,-63.1771,-70,1,4,1,1,critical_zone,0,1
114,fence24,tiered_wall,random_waypoint,4,560,520,560,520,20,0,250,300,15,380.164,-71.6537,-60,0,4,1,1,critical_zone,0,1
114,fence24,tiered_wall,random_waypoint,4,560,520,560,520,20,1,250,350,15,353.589,-71.0242,-60,0,4,1,1,critical_zone,0,1
114,fence24,tiered_wall,random_waypoint,4,560,520,560,520,20,2,250,450,15,317.844,-70.0985,-60,0,4,1,1,critical_zone,0,1
114,fence24,tiered_wall,random_waypoint,4,560,520,560,520,20,3,250,550,15,311.488,-69.9231,-60,0,4,1,1,critical_zone,0,1
114,fence24,tiered_wall,random_waypoint,4,560,520,560,520,20,4,250,650,15,336.192,-70.586,-60,0,4,1,1,critical_zone,0,1
114,fence24,tiered_wall,random_waypoint,4,560,520,560,520,20,5,250,700,15,358.504,-71.1441,-60,0,4,1,1,critical_zone,0,1
114,fence24,tiered_wall,random_waypoint,4,560,520,560,520,20,6,300,700,15,316.267,-70.0553,-60,0,4,1,1,critical_zone,0,1
114,fence24,tiered_wall,random_waypoint,4,560,520,560,520,20,7,400,700,15,240.884,-67.6904,-60,0,4,1,1,critical_zone,0,1
114,fence24,tiered_wall,random_waypoint,4,560,520,560,520,20,8,600,700,15,184.459,-65.3722,-60,0,4,1,1,critical_zone,0,1
114,fence24,tiered_wall,random_waypoint,4,560,520,560,520,20,9,700,700,15,228.09,-67.2163,-60,0,4,1,1,critical_zone,0,1
114,fence24,tiered_wall,random_waypoint,4,560,520,560,520,20,10,750,700,15,261.773,-68.4127,-60,0,4,1,1,critical_zone,0,1
114,fence24,tiered_wall,random_waypoint,4,560,520,560,520,20,11,750,650,15,230.272,-67.299,-60,0,4,1,1,critical_zone,0,1
114,fence24,tiered_wall,random_waypoint,4,560,520,560,520,20,12,750,550,15,192.419,-65.7392,-60,0,4,1,1,critical_zone,0,1
114,fence24,tiered_wall,random_waypoint,4,560,520,560,520,20,13,750,450,15,202.546,-66.1847,-60,0,4,1,1,critical_zone,0,1
114,fence24,tiered_wall,random_waypoint,4,560,520,560,520,20,14,750,350,15,255,-68.185,-60,0,4,1,1,critical_zone,0,1
114,fence24,tiered_wall,random_waypoint,4,560,520,560,520,20,15,750,300,15,290.732,-69.3241,-60,0,4,1,1,critical_zone,0,1
114,fence24,tiered_wall,random_waypoint,4,560,520,560,520,20,16,700,300,15,260.816,-68.3809,-60,0,4,1,1,critical_zone,0,1
114,fence24,tiered_wall,random_waypoint,4,560,520,560,520,20,17,600,300,15,223.663,-67.0461,-60,0,4,1,1,critical_zone,0,1
114,fence24,tiered_wall,random_waypoint,4,560,520,560,520,20,18,400,300,15,272.075,-68.748,-60,0,4,1,1,critical_zone,0,1
114,fence24,tiered_wall,random_waypoint,4,560,520,560,520,20,19,300,300,15,340.624,-70.6997,-60,0,4,1,1,critical_zone,0,1
114,fence24,tiered_wall,random_waypoint,4,560,520,560,520,20,20,300,500,15,260.816,-68.3809,-70,1,4,1,1,critical_zone,0,1
114,fence24,tiered_wall,random_waypoint,4,560,520,560,520,20,21,500,350,15,180.347,-65.1764,-70,1,4,1,1,critical_zone,0,1
114,fence24,tiered_wall,random_waypoint,4,560,520,560,520,20,22,700,500,15,141.51,-63.07,-70,1,4,1,1,critical_zone,0,1
114,fence24,tiered_wall,random_waypoint,4,560,520,560,520,20,23,500,650,15,143.265,-63.1771,-70,1,4,1,1,critical_zone,0,1
115,fence24,tiered_wall,random_waypoint,4,560,520,560,520,20,0,250,300,15,380.164,-71.6537,-60,0,4,1,1,critical_zone,0,1
115,fence24,tiered_wall,random_waypoint,4,560,520,560,520,20,1,250,350,15,353.589,-71.0242,-60,0,4,1,1,critical_zone,0,1
115,fence24,tiered_wall,random_waypoint,4,560,520,560,520,20,2,250,450,15,317.844,-70.0985,-60,0,4,1,1,critical_zone,0,1
115,fence24,tiered_wall,random_waypoint,4,560,520,560,520,20,3,250,550,15,311.488,-69.9231,-60,0,4,1,1,critical_zone,0,1
115,fence24,tiered_wall,random_waypoint,4,560,520,560,520,20,4,250,650,15,336.192,-70.586,-60,0,4,1,1,critical_zone,0,1
115,fence24,tiered_wall,random_waypoint,4,560,520,560,520,20,5,250,700,15,358.504,-71.1441,-60,0,4,1,1,critical_zone,0,1
115,fence24,tiered_wall,random_waypoint,4,560,520,560,520,20,6,300,700,15,316.267,-70.0553,-60,0,4,1,1,critical_zone,0,1
115,fence24,tiered_wall,random_waypoint,4,560,520,560,520,20,7,400,700,15,240.884,-67.6904,-60,0,4,1,1,critical_zone,0,1
115,fence24,tiered_wall,random_waypoint,4,560,520,560,520,20,8,600,700,15,184.459,-65.3722,-60,0,4,1,1,critical_zone,0,1
115,fence24,tiered_wall,random_waypoint,4,560,520,560,520,20,9,700,700,15,228.09,-67.2163,-60,0,4,1,1,critical_zone,0,1
115,fence24,tiered_wall,random_waypoint,4,560,520,560,520,20,10,750,700,15,261.773,-68.4127,-60,0,4,1,1,critical_zone,0,1
115,fence24,tiered_wall,random_waypoint,4,560,520,560,520,20,11,750,650,15,230.272,-67.299,-60,0,4,1,1,critical_zone,0,1
115,fence24,tiered_wall,random_waypoint,4,560,520,560,520,20,12,750,550,15,192.419,-65.7392,-60,0,4,1,1,critical_zone,0,1
115,fence24,tiered_wall,random_waypoint,4,560,520,560,520,20,13,750,450,15,202.546,-66.1847,-60,0,4,1,1,critical_zone,0,1
115,fence24,tiered_wall,random_waypoint,4,560,520,560,520,20,14,750,350,15,255,-68.185,-60,0,4,1,1,critical_zone,0,1
115,fence24,tiered_wall,random_waypoint,4,560,520,560,520,20,15,750,300,15,290.732,-69.3241,-60,0,4,1,1,critical_zone,0,1
115,fence24,tiered_wall,random_waypoint,4,560,520,560,520,20,16,700,300,15,260.816,-68.3809,-60,0,4,1,1,critical_zone,0,1
115,fence24,tiered_wall,random_waypoint,4,560,520,560,520,20,17,600,300,15,223.663,-67.0461,-60,0,4,1,1,critical_zone,0,1
115,fence24,tiered_wall,random_waypoint,4,560,520,560,520,20,18,400,300,15,272.075,-68.748,-60,0,4,1,1,critical_zone,0,1
115,fence24,tiered_wall,random_waypoint,4,560,520,560,520,20,19,300,300,15,340.624,-70.6997,-60,0,4,1,1,critical_zone,0,1
115,fence24,tiered_wall,random_waypoint,4,560,520,560,520,20,20,300,500,15,260.816,-68.3809,-70,1,4,1,1,critical_zone,0,1
115,fence24,tiered_wall,random_waypoint,4,560,520,560,520,20,21,500,350,15,180.347,-65.1764,-70,1,4,1,1,critical_zone,0,1
115,fence24,tiered_wall,random_waypoint,4,560,520,560,520,20,22,700,500,15,141.51,-63.07,-70,1,4,1,1,critical_zone,0,1
115,fence24,tiered_wall,random_waypoint,4,560,520,560,520,20,23,500,650,15,143.265,-63.1771,-70,1,4,1,1,critical_zone,0,1
116,fence24,tiered_wall,random_waypoint,4,560,520,560,520,20,0,250,300,15,380.164,-71.6537,-60,0,4,1,1,critical_zone,0,1
116,fence24,tiered_wall,random_waypoint,4,560,520,560,520,20,1,250,350,15,353.589,-71.0242,-60,0,4,1,1,critical_zone,0,1
116,fence24,tiered_wall,random_waypoint,4,560,520,560,520,20,2,250,450,15,317.844,-70.0985,-60,0,4,1,1,critical_zone,0,1
116,fence24,tiered_wall,random_waypoint,4,560,520,560,520,20,3,250,550,15,311.488,-69.9231,-60,0,4,1,1,critical_zone,0,1
116,fence24,tiered_wall,random_waypoint,4,560,520,560,520,20,4,250,650,15,336.192,-70.586,-60,0,4,1,1,critical_zone,0,1
116,fence24,tiered_wall,random_waypoint,4,560,520,560,520,20,5,250,700,15,358.504,-71.1441,-60,0,4,1,1,critical_zone,0,1
116,fence24,tiered_wall,random_waypoint,4,560,520,560,520,20,6,300,700,15,316.267,-70.0553,-60,0,4,1,1,critical_zone,0,1
116,fence24,tiered_wall,random_waypoint,4,560,520,560,520,20,7,400,700,15,240.884,-67.6904,-60,0,4,1,1,critical_zone,0,1
116,fence24,tiered_wall,random_waypoint,4,560,520,560,520,20,8,600,700,15,184.459,-65.3722,-60,0,4,1,1,critical_zone,0,1
116,fence24,tiered_wall,random_waypoint,4,560,520,560,520,20,9,700,700,15,228.09,-67.2163,-60,0,4,1,1,critical_zone,0,1
116,fence24,tiered_wall,random_waypoint,4,560,520,560,520,20,10,750,700,15,261.773,-68.4127,-60,0,4,1,1,critical_zone,0,1
116,fence24,tiered_wall,random_waypoint,4,560,520,560,520,20,11,750,650,15,230.272,-67.299,-60,0,4,1,1,critical_zone,0,1
116,fence24,tiered_wall,random_waypoint,4,560,520,560,520,20,12,750,550,15,192.419,-65.7392,-60,0,4,1,1,critical_zone,0,1
116,fence24,tiered_wall,random_waypoint,4,560,520,560,520,20,13,750,450,15,202.546,-66.1847,-60,0,4,1,1,critical_zone,0,1
116,fence24,tiered_wall,random_waypoint,4,560,520,560,520,20,14,750,350,15,255,-68.185,-60,0,4,1,1,critical_zone,0,1
116,fence24,tiered_wall,random_waypoint,4,560,520,560,520,20,15,750,300,15,290.732,-69.3241,-60,0,4,1,1,critical_zone,0,1
116,fence24,tiered_wall,random_waypoint,4,560,520,560,520,20,16,700,300,15,260.816,-68.3809,-60,0,4,1,1,critical_zone,0,1
116,fence24,tiered_wall,random_waypoint,4,560,520,560,520,20,17,600,300,15,223.663,-67.0461,-60,0,4,1,1,critical_zone,0,1
116,fence24,tiered_wall,random_waypoint,4,560,520,560,520,20,18,400,300,15,272.075,-68.748,-60,0,4,1,1,critical_zone,0,1
116,fence24,tiered_wall,random_waypoint,4,560,520,560,520,20,19,300,300,15,340.624,-70.6997,-60,0,4,1,1,critical_zone,0,1
116,fence24,tiered_wall,random_waypoint,4,560,520,560,520,20,20,300,500,15,260.816,-68.3809,-70,1,4,1,1,critical_zone,0,1
116,fence24,tiered_wall,random_waypoint,4,560,520,560,520,20,21,500,350,15,180.347,-65.1764,-70,1,4,1,1,critical_zone,0,1
116,fence24,tiered_wall,random_waypoint,4,560,520,560,520,20,22,700,500,15,141.51,-63.07,-70,1,4,1,1,critical_zone,0,1
116,fence24,tiered_wall,random_waypoint,4,560,520,560,520,20,23,500,650,15,143.265,-63.1771,-70,1,4,1,1,critical_zone,0,1
117,fence24,tiered_wall,random_waypoint,4,560,520,560,520,20,0,250,300,15,380.164,-71.6537,-60,0,4,1,1,critical_zone,0,1
117,fence24,tiered_wall,random_waypoint,4,560,520,560,520,20,1,250,350,15,353.589,-71.0242,-60,0,4,1,1,critical_zone,0,1
117,fence24,tiered_wall,random_waypoint,4,560,520,560,520,20,2,250,450,15,317.844,-70.0985,-60,0,4,1,1,critical_zone,0,1
117,fence24,tiered_wall,random_waypoint,4,560,520,560,520,20,3,250,550,15,311.488,-69.9231,-60,0,4,1,1,critical_zone,0,1
117,fence24,tiered_wall,random_waypoint,4,560,520,560,520,20,4,250,650,15,336.192,-70.586,-60,0,4,1,1,critical_zone,0,1
117,fence24,tiered_wall,random_waypoint,4,560,520,560,520,20,5,250,700,15,358.504,-71.1441,-60,0,4,1,1,critical_zone,0,1
117,fence24,tiered_wall,random_waypoint,4,560,520,560,520,20,6,300,700,15,316.267,-70.0553,-60,0,4,1,1,critical_zone,0,1
117,fence24,tiered_wall,random_waypoint,4,560,520,560,520,20,7,400,700,15,240.884,-67.6904,-60,0,4,1,1,critical_zone,0,1
117,fence24,tiered_wall,random_waypoint,4,560,520,560,520,20,8,600,700,15,184.459,-65.3722,-60,0,4,1,1,critical_zone,0,1
117,fence24,tiered_wall,random_waypoint,4,560,520,560,520,20,9,700,700,15,228.09,-67.2163,-60,0,4,1,1,critical_zone,0,1
117,fence24,tiered_wall,random_waypoint,4,560,520,560,520,20,10,750,700,15,261.773,-68.4127,-60,0,4,1,1,critical_zone,0,1
117,fence24,tiered_wall,random_waypoint,4,560,520,560,520,20,11,750,650,15,230.272,-67.299,-60,0,4,1,1,critical_zone,0,1
117,fence24,tiered_wall,random_waypoint,4,560,520,560,520,20,12,750,550,15,192.419,-65.7392,-60,0,4,1,1,critical_zone,0,1
117,fence24,tiered_wall,random_waypoint,4,560,520,560,520,20,13,750,450,15,202.546,-66.1847,-60,0,4,1,1,critical_zone,0,1
117,fence24,tiered_wall,random_waypoint,4,560,520,560,520,20,14,750,350,15,255,-68.185,-60,0,4,1,1,critical_zone,0,1
117,fence24,tiered_wall,random_waypoint,4,560,520,560,520,20,15,750,300,15,290.732,-69.3241,-60,0,4,1,1,critical_zone,0,1
117,fence24,tiered_wall,random_waypoint,4,560,520,560,520,20,16,700,300,15,260.816,-68.3809,-60,0,4,1,1,critical_zone,0,1
117,fence24,tiered_wall,random_waypoint,4,560,520,560,520,20,17,600,300,15,223.663,-67.0461,-60,0,4,1,1,critical_zone,0,1
117,fence24,tiered_wall,random_waypoint,4,560,520,560,520,20,18,400,300,15,272.075,-68.748,-60,0,4,1,1,critical_zone,0,1
117,fence24,tiered_wall,random_waypoint,4,560,520,560,520,20,19,300,300,15,340.624,-70.6997,-60,0,4,1,1,critical_zone,0,1
117,fence24,tiered_wall,random_waypoint,4,560,520,560,520,20,20,300,500,15,260.816,-68.3809,-70,1,4,1,1,critical_zone,0,1
117,fence24,tiered_wall,random_waypoint,4,560,520,560,520,20,21,500,350,15,180.347,-65.1764,-70,1,4,1,1,critical_zone,0,1
117,fence24,tiered_wall,random_waypoint,4,560,520,560,520,20,22,700,500,15,141.51,-63.07,-70,1,4,1,1,critical_zone,0,1
117,fence24,tiered_wall,random_waypoint,4,560,520,560,520,20,23,500,650,15,143.265,-63.1771,-70,1,4,1,1,critical_zone,0,1
118,fence24,tiered_wall,random_waypoint,4,560,520,560,520,20,0,250,300,15,380.164,-71.6537,-60,0,4,1,1,critical_zone,0,1
118,fence24,tiered_wall,random_waypoint,4,560,520,560,520,20,1,250,350,15,353.589,-71.0242,-60,0,4,1,1,critical_zone,0,1
118,fence24,tiered_wall,random_waypoint,4,560,520,560,520,20,2,250,450,15,317.844,-70.0985,-60,0,4,1,1,critical_zone,0,1
118,fence24,tiered_wall,random_waypoint,4,560,520,560,520,20,3,250,550,15,311.488,-69.9231,-60,0,4,1,1,critical_zone,0,1
118,fence24,tiered_wall,random_waypoint,4,560,520,560,520,20,4,250,650,15,336.192,-70.586,-60,0,4,1,1,critical_zone,0,1
118,fence24,tiered_wall,random_waypoint,4,560,520,560,520,20,5,250,700,15,358.504,-71.1441,-60,0,4,1,1,critical_zone,0,1
118,fence24,tiered_wall,random_waypoint,4,560,520,560,520,20,6,300,700,15,316.267,-70.0553,-60,0,4,1,1,critical_zone,0,1
118,fence24,tiered_wall,random_waypoint,4,560,520,560,520,20,7,400,700,15,240.884,-67.6904,-60,0,4,1,1,critical_zone,0,1
118,fence24,tiered_wall,random_waypoint,4,560,520,560,520,20,8,600,700,15,184.459,-65.3722,-60,0,4,1,1,critical_zone,0,1
118,fence24,tiered_wall,random_waypoint,4,560,520,560,520,20,9,700,700,15,228.09,-67.2163,-60,0,4,1,1,critical_zone,0,1
118,fence24,tiered_wall,random_waypoint,4,560,520,560,520,20,10,750,700,15,261.773,-68.4127,-60,0,4,1,1,critical_zone,0,1
118,fence24,tiered_wall,random_waypoint,4,560,520,560,520,20,11,750,650,15,230.272,-67.299,-60,0,4,1,1,critical_zone,0,1
118,fence24,tiered_wall,random_waypoint,4,560,520,560,520,20,12,750,550,15,192.419,-65.7392,-60,0,4,1,1,critical_zone,0,1
118,fence24,tiered_wall,random_waypoint,4,560,520,560,520,20,13,750,450,15,202.546,-66.1847,-60,0,4,1,1,critical_zone,0,1
118,fence24,tiered_wall,random_waypoint,4,560,520,560,520,20,14,750,350,15,255,-68.185,-60,0,4,1,1,critical_zone,0,1
118,fence24,tiered_wall,random_waypoint,4,560,520,560,520,20,15,750,300,15,290.732,-69.3241,-60,0,4,1,1,critical_zone,0,1
118,fence24,tiered_wall,random_waypoint,4,560,520,560,520,20,16,700,300,15,260.816,-68.3809,-60,0,4,1,1,critical_zone,0,1
118,fence24,tiered_wall,random_waypoint,4,560,520,560,520,20,17,600,300,15,223.663,-67.0461,-60,0,4,1,1,critical_zone,0,1
118,fence24,tiered_wall,random_waypoint,4,560,520,560,520,20,18,400,300,15,272.075,-68.748,-60,0,4,1,1,critical_zone,0,1
118,fence24,tiered_wall,random_waypoint,4,560,520,560,520,20,19,300,300,15,340.624,-70.6997,-60,0,4,1,1,critical_zone,0,1
118,fence24,tiered_wall,random_waypoint,4,560,520,560,520,20,20,300,500,15,260.816,-68.3809,-70,1,4,1,1,critical_zone,0,1
118,fence24,tiered_wall,random_waypoint,4,560,520,560,520,20,21,500,350,15,180.347,-65.1764,-70,1,4,1,1,critical_zone,0,1
118,fence24,tiered_wall,random_waypoint,4,560,520,560,520,20,22,700,500,15,141.51,-63.07,-70,1,4,1,1,critical_zone,0,1
118,fence24,tiered_wall,random_waypoint,4,560,520,560,520,20,23,500,650,15,143.265,-63.1771,-70,1,4,1,1,critical_zone,0,1
119,fence24,tiered_wall,random_waypoint,4,560,520,560,520,20,0,250,300,15,380.164,-71.6537,-60,0,4,1,1,critical_zone,0,1
119,fence24,tiered_wall,random_waypoint,4,560,520,560,520,20,1,250,350,15,353.589,-71.0242,-60,0,4,1,1,critical_zone,0,1
119,fence24,tiered_wall,random_waypoint,4,560,520,560,520,20,2,250,450,15,317.844,-70.0985,-60,0,4,1,1,critical_zone,0,1
119,fence24,tiered_wall,random_waypoint,4,560,520,560,520,20,3,250,550,15,311.488,-69.9231,-60,0,4,1,1,critical_zone,0,1
119,fence24,tiered_wall,random_waypoint,4,560,520,560,520,20,4,250,650,15,336.192,-70.586,-60,0,4,1,1,critical_zone,0,1
119,fence24,tiered_wall,random_waypoint,4,560,520,560,520,20,5,250,700,15,358.504,-71.1441,-60,0,4,1,1,critical_zone,0,1
119,fence24,tiered_wall,random_waypoint,4,560,520,560,520,20,6,300,700,15,316.267,-70.0553,-60,0,4,1,1,critical_zone,0,1
119,fence24,tiered_wall,random_waypoint,4,560,520,560,520,20,7,400,700,15,240.884,-67.6904,-60,0,4,1,1,critical_zone,0,1
119,fence24,tiered_wall,random_waypoint,4,560,520,560,520,20,8,600,700,15,184.459,-65.3722,-60,0,4,1,1,critical_zone,0,1
119,fence24,tiered_wall,random_waypoint,4,560,520,560,520,20,9,700,700,15,228.09,-67.2163,-60,0,4,1,1,critical_zone,0,1
119,fence24,tiered_wall,random_waypoint,4,560,520,560,520,20,10,750,700,15,261.773,-68.4127,-60,0,4,1,1,critical_zone,0,1
119,fence24,tiered_wall,random_waypoint,4,560,520,560,520,20,11,750,650,15,230.272,-67.299,-60,0,4,1,1,critical_zone,0,1
119,fence24,tiered_wall,random_waypoint,4,560,520,560,520,20,12,750,550,15,192.419,-65.7392,-60,0,4,1,1,critical_zone,0,1
119,fence24,tiered_wall,random_waypoint,4,560,520,560,520,20,13,750,450,15,202.546,-66.1847,-60,0,4,1,1,critical_zone,0,1
119,fence24,tiered_wall,random_waypoint,4,560,520,560,520,20,14,750,350,15,255,-68.185,-60,0,4,1,1,critical_zone,0,1
119,fence24,tiered_wall,random_waypoint,4,560,520,560,520,20,15,750,300,15,290.732,-69.3241,-60,0,4,1,1,critical_zone,0,1
119,fence24,tiered_wall,random_waypoint,4,560,520,560,520,20,16,700,300,15,260.816,-68.3809,-60,0,4,1,1,critical_zone,0,1
119,fence24,tiered_wall,random_waypoint,4,560,520,560,520,20,17,600,300,15,223.663,-67.0461,-60,0,4,1,1,critical_zone,0,1
119,fence24,tiered_wall,random_waypoint,4,560,520,560,520,20,18,400,300,15,272.075,-68.748,-60,0,4,1,1,critical_zone,0,1
119,fence24,tiered_wall,random_waypoint,4,560,520,560,520,20,19,300,300,15,340.624,-70.6997,-60,0,4,1,1,critical_zone,0,1
119,fence24,tiered_wall,random_waypoint,4,560,520,560,520,20,20,300,500,15,260.816,-68.3809,-70,1,4,1,1,critical_zone,0,1
119,fence24,tiered_wall,random_waypoint,4,560,520,560,520,20,21,500,350,15,180.347,-65.1764,-70,1,4,1,1,critical_zone,0,1
119,fence24,tiered_wall,random_waypoint,4,560,520,560,520,20,22,700,500,15,141.51,-63.07,-70,1,4,1,1,critical_zone,0,1
119,fence24,tiered_wall,random_waypoint,4,560,520,560,520,20,23,500,650,15,143.265,-63.1771,-70,1,4,1,1,critical_zone,0,1
120,fence24,tiered_wall,random_waypoint,4,560,520,560,520,20,0,250,300,15,380.164,-71.6537,-60,0,4,1,1,critical_zone,0,1
120,fence24,tiered_wall,random_waypoint,4,560,520,560,520,20,1,250,350,15,353.589,-71.0242,-60,0,4,1,1,critical_zone,0,1
120,fence24,tiered_wall,random_waypoint,4,560,520,560,520,20,2,250,450,15,317.844,-70.0985,-60,0,4,1,1,critical_zone,0,1
120,fence24,tiered_wall,random_waypoint,4,560,520,560,520,20,3,250,550,15,311.488,-69.9231,-60,0,4,1,1,critical_zone,0,1
120,fence24,tiered_wall,random_waypoint,4,560,520,560,520,20,4,250,650,15,336.192,-70.586,-60,0,4,1,1,critical_zone,0,1
120,fence24,tiered_wall,random_waypoint,4,560,520,560,520,20,5,250,700,15,358.504,-71.1441,-60,0,4,1,1,critical_zone,0,1
120,fence24,tiered_wall,random_waypoint,4,560,520,560,520,20,6,300,700,15,316.267,-70.0553,-60,0,4,1,1,critical_zone,0,1
120,fence24,tiered_wall,random_waypoint,4,560,520,560,520,20,7,400,700,15,240.884,-67.6904,-60,0,4,1,1,critical_zone,0,1
120,fence24,tiered_wall,random_waypoint,4,560,520,560,520,20,8,600,700,15,184.459,-65.3722,-60,0,4,1,1,critical_zone,0,1
120,fence24,tiered_wall,random_waypoint,4,560,520,560,520,20,9,700,700,15,228.09,-67.2163,-60,0,4,1,1,critical_zone,0,1
120,fence24,tiered_wall,random_waypoint,4,560,520,560,520,20,10,750,700,15,261.773,-68.4127,-60,0,4,1,1,critical_zone,0,1
120,fence24,tiered_wall,random_waypoint,4,560,520,560,520,20,11,750,650,15,230.272,-67.299,-60,0,4,1,1,critical_zone,0,1
120,fence24,tiered_wall,random_waypoint,4,560,520,560,520,20,12,750,550,15,192.419,-65.7392,-60,0,4,1,1,critical_zone,0,1
120,fence24,tiered_wall,random_waypoint,4,560,520,560,520,20,13,750,450,15,202.546,-66.1847,-60,0,4,1,1,critical_zone,0,1
120,fence24,tiered_wall,random_waypoint,4,560,520,560,520,20,14,750,350,15,255,-68.185,-60,0,4,1,1,critical_zone,0,1
120,fence24,tiered_wall,random_waypoint,4,560,520,560,520,20,15,750,300,15,290.732,-69.3241,-60,0,4,1,1,critical_zone,0,1
120,fence24,tiered_wall,random_waypoint,4,560,520,560,520,20,16,700,300,15,260.816,-68.3809,-60,0,4,1,1,critical_zone,0,1
120,fence24,tiered_wall,random_waypoint,4,560,520,560,520,20,17,600,300,15,223.663,-67.0461,-60,0,4,1,1,critical_zone,0,1
120,fence24,tiered_wall,random_waypoint,4,560,520,560,520,20,18,400,300,15,272.075,-68.748,-60,0,4,1,1,critical_zone,0,1
120,fence24,tiered_wall,random_waypoint,4,560,520,560,520,20,19,300,300,15,340.624,-70.6997,-60,0,4,1,1,critical_zone,0,1
120,fence24,tiered_wall,random_waypoint,4,560,520,560,520,20,20,300,500,15,260.816,-68.3809,-70,1,4,1,1,critical_zone,0,1
120,fence24,tiered_wall,random_waypoint,4,560,520,560,520,20,21,500,350,15,180.347,-65.1764,-70,1,4,1,1,critical_zone,0,1
120,fence24,tiered_wall,random_waypoint,4,560,520,560,520,20,22,700,500,15,141.51,-63.07,-70,1,4,1,1,critical_zone,0,1
120,fence24,tiered_wall,random_waypoint,4,560,520,560,520,20,23,500,650,15,143.265,-63.1771,-70,1,4,1,1,critical_zone,0,1
121,fence24,tiered_wall,random_waypoint,4,560,520,560,520,20,0,250,300,15,380.164,-71.6537,-60,0,4,1,1,critical_zone,0,1
121,fence24,tiered_wall,random_waypoint,4,560,520,560,520,20,1,250,350,15,353.589,-71.0242,-60,0,4,1,1,critical_zone,0,1
121,fence24,tiered_wall,random_waypoint,4,560,520,560,520,20,2,250,450,15,317.844,-70.0985,-60,0,4,1,1,critical_zone,0,1
121,fence24,tiered_wall,random_waypoint,4,560,520,560,520,20,3,250,550,15,311.488,-69.9231,-60,0,4,1,1,critical_zone,0,1
121,fence24,tiered_wall,random_waypoint,4,560,520,560,520,20,4,250,650,15,336.192,-70.586,-60,0,4,1,1,critical_zone,0,1
121,fence24,tiered_wall,random_waypoint,4,560,520,560,520,20,5,250,700,15,358.504,-71.1441,-60,0,4,1,1,critical_zone,0,1
121,fence24,tiered_wall,random_waypoint,4,560,520,560,520,20,6,300,700,15,316.267,-70.0553,-60,0,4,1,1,critical_zone,0,1
121,fence24,tiered_wall,random_waypoint,4,560,520,560,520,20,7,400,700,15,240.884,-67.6904,-60,0,4,1,1,critical_zone,0,1
121,fence24,tiered_wall,random_waypoint,4,560,520,560,520,20,8,600,700,15,184.459,-65.3722,-60,0,4,1,1,critical_zone,0,1
121,fence24,tiered_wall,random_waypoint,4,560,520,560,520,20,9,700,700,15,228.09,-67.2163,-60,0,4,1,1,critical_zone,0,1
121,fence24,tiered_wall,random_waypoint,4,560,520,560,520,20,10,750,700,15,261.773,-68.4127,-60,0,4,1,1,critical_zone,0,1
121,fence24,tiered_wall,random_waypoint,4,560,520,560,520,20,11,750,650,15,230.272,-67.299,-60,0,4,1,1,critical_zone,0,1
121,fence24,tiered_wall,random_waypoint,4,560,520,560,520,20,12,750,550,15,192.419,-65.7392,-60,0,4,1,1,critical_zone,0,1
121,fence24,tiered_wall,random_waypoint,4,560,520,560,520,20,13,750,450,15,202.546,-66.1847,-60,0,4,1,1,critical_zone,0,1
121,fence24,tiered_wall,random_waypoint,4,560,520,560,520,20,14,750,350,15,255,-68.185,-60,0,4,1,1,critical_zone,0,1
121,fence24,tiered_wall,random_waypoint,4,560,520,560,520,20,15,750,300,15,290.732,-69.3241,-60,0,4,1,1,critical_zone,0,1
121,fence24,tiered_wall,random_waypoint,4,560,520,560,520,20,16,700,300,15,260.816,-68.3809,-60,0,4,1,1,critical_zone,0,1
121,fence24,tiered_wall,random_waypoint,4,560,520,560,520,20,17,600,300,15,223.663,-67.0461,-60,0,4,1,1,critical_zone,0,1
121,fence24,tiered_wall,random_waypoint,4,560,520,560,520,20,18,400,300,15,272.075,-68.748,-60,0,4,1,1,critical_zone,0,1
121,fence24,tiered_wall,random_waypoint,4,560,520,560,520,20,19,300,300,15,340.624,-70.6997,-60,0,4,1,1,critical_zone,0,1
121,fence24,tiered_wall,random_waypoint,4,560,520,560,520,20,20,300,500,15,260.816,-68.3809,-70,1,4,1,1,critical_zone,0,1
121,fence24,tiered_wall,random_waypoint,4,560,520,560,520,20,21,500,350,15,180.347,-65.1764,-70,1,4,1,1,critical_zone,0,1
121,fence24,tiered_wall,random_waypoint,4,560,520,560,520,20,22,700,500,15,141.51,-63.07,-70,1,4,1,1,critical_zone,0,1
121,fence24,tiered_wall,random_waypoint,4,560,520,560,520,20,23,500,650,15,143.265,-63.1771,-70,1,4,1,1,critical_zone,0,1
122,fence24,tiered_wall,random_waypoint,4,560,520,560,520,20,0,250,300,15,380.164,-71.6537,-60,0,4,1,1,critical_zone,0,1
122,fence24,tiered_wall,random_waypoint,4,560,520,560,520,20,1,250,350,15,353.589,-71.0242,-60,0,4,1,1,critical_zone,0,1
122,fence24,tiered_wall,random_waypoint,4,560,520,560,520,20,2,250,450,15,317.844,-70.0985,-60,0,4,1,1,critical_zone,0,1
122,fence24,tiered_wall,random_waypoint,4,560,520,560,520,20,3,250,550,15,311.488,-69.9231,-60,0,4,1,1,critical_zone,0,1
122,fence24,tiered_wall,random_waypoint,4,560,520,560,520,20,4,250,650,15,336.192,-70.586,-60,0,4,1,1,critical_zone,0,1
122,fence24,tiered_wall,random_waypoint,4,560,520,560,520,20,5,250,700,15,358.504,-71.1441,-60,0,4,1,1,critical_zone,0,1
122,fence24,tiered_wall,random_waypoint,4,560,520,560,520,20,6,300,700,15,316.267,-70.0553,-60,0,4,1,1,critical_zone,0,1
122,fence24,tiered_wall,random_waypoint,4,560,520,560,520,20,7,400,700,15,240.884,-67.6904,-60,0,4,1,1,critical_zone,0,1
122,fence24,tiered_wall,random_waypoint,4,560,520,560,520,20,8,600,700,15,184.459,-65.3722,-60,0,4,1,1,critical_zone,0,1
122,fence24,tiered_wall,random_waypoint,4,560,520,560,520,20,9,700,700,15,228.09,-67.2163,-60,0,4,1,1,critical_zone,0,1
122,fence24,tiered_wall,random_waypoint,4,560,520,560,520,20,10,750,700,15,261.773,-68.4127,-60,0,4,1,1,critical_zone,0,1
122,fence24,tiered_wall,random_waypoint,4,560,520,560,520,20,11,750,650,15,230.272,-67.299,-60,0,4,1,1,critical_zone,0,1
122,fence24,tiered_wall,random_waypoint,4,560,520,560,520,20,12,750,550,15,192.419,-65.7392,-60,0,4,1,1,critical_zone,0,1
122,fence24,tiered_wall,random_waypoint,4,560,520,560,520,20,13,750,450,15,202.546,-66.1847,-60,0,4,1,1,critical_zone,0,1
122,fence24,tiered_wall,random_waypoint,4,560,520,560,520,20,14,750,350,15,255,-68.185,-60,0,4,1,1,critical_zone,0,1
122,fence24,tiered_wall,random_waypoint,4,560,520,560,520,20,15,750,300,15,290.732,-69.3241,-60,0,4,1,1,critical_zone,0,1
122,fence24,tiered_wall,random_waypoint,4,560,520,560,520,20,16,700,300,15,260.816,-68.3809,-60,0,4,1,1,critical_zone,0,1
122,fence24,tiered_wall,random_waypoint,4,560,520,560,520,20,17,600,300,15,223.663,-67.0461,-60,0,4,1,1,critical_zone,0,1
122,fence24,tiered_wall,random_waypoint,4,560,520,560,520,20,18,400,300,15,272.075,-68.748,-60,0,4,1,1,critical_zone,0,1
122,fence24,tiered_wall,random_waypoint,4,560,520,560,520,20,19,300,300,15,340.624,-70.6997,-60,0,4,1,1,critical_zone,0,1
122,fence24,tiered_wall,random_waypoint,4,560,520,560,520,20,20,300,500,15,260.816,-68.3809,-70,1,4,1,1,critical_zone,0,1
122,fence24,tiered_wall,random_waypoint,4,560,520,560,520,20,21,500,350,15,180.347,-65.1764,-70,1,4,1,1,critical_zone,0,1
122,fence24,tiered_wall,random_waypoint,4,560,520,560,520,20,22,700,500,15,141.51,-63.07,-70,1,4,1,1,critical_zone,0,1
122,fence24,tiered_wall,random_waypoint,4,560,520,560,520,20,23,500,650,15,143.265,-63.1771,-70,1,4,1,1,critical_zone,0,1
123,fence24,tiered_wall,random_waypoint,4,560,520,560,520,20,0,250,300,15,380.164,-71.6537,-60,0,4,1,1,critical_zone,0,1
123,fence24,tiered_wall,random_waypoint,4,560,520,560,520,20,1,250,350,15,353.589,-71.0242,-60,0,4,1,1,critical_zone,0,1
123,fence24,tiered_wall,random_waypoint,4,560,520,560,520,20,2,250,450,15,317.844,-70.0985,-60,0,4,1,1,critical_zone,0,1
123,fence24,tiered_wall,random_waypoint,4,560,520,560,520,20,3,250,550,15,311.488,-69.9231,-60,0,4,1,1,critical_zone,0,1
123,fence24,tiered_wall,random_waypoint,4,560,520,560,520,20,4,250,650,15,336.192,-70.586,-60,0,4,1,1,critical_zone,0,1
123,fence24,tiered_wall,random_waypoint,4,560,520,560,520,20,5,250,700,15,358.504,-71.1441,-60,0,4,1,1,critical_zone,0,1
123,fence24,tiered_wall,random_waypoint,4,560,520,560,520,20,6,300,700,15,316.267,-70.0553,-60,0,4,1,1,critical_zone,0,1
123,fence24,tiered_wall,random_waypoint,4,560,520,560,520,20,7,400,700,15,240.884,-67.6904,-60,0,4,1,1,critical_zone,0,1
123,fence24,tiered_wall,random_waypoint,4,560,520,560,520,20,8,600,700,15,184.459,-65.3722,-60,0,4,1,1,critical_zone,0,1
123,fence24,tiered_wall,random_waypoint,4,560,520,560,520,20,9,700,700,15,228.09,-67.2163,-60,0,4,1,1,critical_zone,0,1
123,fence24,tiered_wall,random_waypoint,4,560,520,560,520,20,10,750,700,15,261.773,-68.4127,-60,0,4,1,1,critical_zone,0,1
123,fence24,tiered_wall,random_waypoint,4,560,520,560,520,20,11,750,650,15,230.272,-67.299,-60,0,4,1,1,critical_zone,0,1
123,fence24,tiered_wall,random_waypoint,4,560,520,560,520,20,12,750,550,15,192.419,-65.7392,-60,0,4,1,1,critical_zone,0,1
123,fence24,tiered_wall,random_waypoint,4,560,520,560,520,20,13,750,450,15,202.546,-66.1847,-60,0,4,1,1,critical_zone,0,1
123,fence24,tiered_wall,random_waypoint,4,560,520,560,520,20,14,750,350,15,255,-68.185,-60,0,4,1,1,critical_zone,0,1
123,fence24,tiered_wall,random_waypoint,4,560,520,560,520,20,15,750,300,15,290.732,-69.3241,-60,0,4,1,1,critical_zone,0,1
123,fence24,tiered_wall,random_waypoint,4,560,520,560,520,20,16,700,300,15,260.816,-68.3809,-60,0,4,1,1,critical_zone,0,1
123,fence24,tiered_wall,random_waypoint,4,560,520,560,520,20,17,600,300,15,223.663,-67.0461,-60,0,4,1,1,critical_zone,0,1
123,fence24,tiered_wall,random_waypoint,4,560,520,560,520,20,18,400,300,15,272.075,-68.748,-60,0,4,1,1,critical_zone,0,1
123,fence24,tiered_wall,random_waypoint,4,560,520,560,520,20,19,300,300,15,340.624,-70.6997,-60,0,4,1,1,critical_zone,0,1
123,fence24,tiered_wall,random_waypoint,4,560,520,560,520,20,20,300,500,15,260.816,-68.3809,-70,1,4,1,1,critical_zone,0,1
123,fence24,tiered_wall,random_waypoint,4,560,520,560,520,20,21,500,350,15,180.347,-65.1764,-70,1,4,1,1,critical_zone,0,1
123,fence24,tiered_wall,random_waypoint,4,560,520,560,520,20,22,700,500,15,141.51,-63.07,-70,1,4,1,1,critical_zone,0,1
123,fence24,tiered_wall,random_waypoint,4,560,520,560,520,20,23,500,650,15,143.265,-63.1771,-70,1,4,1,1,critical_zone,0,1
124,fence24,tiered_wall,random_waypoint,4,560,520,560,520,20,0,250,300,15,380.164,-71.6537,-60,0,4,1,1,critical_zone,0,1
124,fence24,tiered_wall,random_waypoint,4,560,520,560,520,20,1,250,350,15,353.589,-71.0242,-60,0,4,1,1,critical_zone,0,1
124,fence24,tiered_wall,random_waypoint,4,560,520,560,520,20,2,250,450,15,317.844,-70.0985,-60,0,4,1,1,critical_zone,0,1
124,fence24,tiered_wall,random_waypoint,4,560,520,560,520,20,3,250,550,15,311.488,-69.9231,-60,0,4,1,1,critical_zone,0,1
124,fence24,tiered_wall,random_waypoint,4,560,520,560,520,20,4,250,650,15,336.192,-70.586,-60,0,4,1,1,critical_zone,0,1
124,fence24,tiered_wall,random_waypoint,4,560,520,560,520,20,5,250,700,15,358.504,-71.1441,-60,0,4,1,1,critical_zone,0,1
124,fence24,tiered_wall,random_waypoint,4,560,520,560,520,20,6,300,700,15,316.267,-70.0553,-60,0,4,1,1,critical_zone,0,1
124,fence24,tiered_wall,random_waypoint,4,560,520,560,520,20,7,400,700,15,240.884,-67.6904,-60,0,4,1,1,critical_zone,0,1
124,fence24,tiered_wall,random_waypoint,4,560,520,560,520,20,8,600,700,15,184.459,-65.3722,-60,0,4,1,1,critical_zone,0,1
124,fence24,tiered_wall,random_waypoint,4,560,520,560,520,20,9,700,700,15,228.09,-67.2163,-60,0,4,1,1,critical_zone,0,1
124,fence24,tiered_wall,random_waypoint,4,560,520,560,520,20,10,750,700,15,261.773,-68.4127,-60,0,4,1,1,critical_zone,0,1
124,fence24,tiered_wall,random_waypoint,4,560,520,560,520,20,11,750,650,15,230.272,-67.299,-60,0,4,1,1,critical_zone,0,1
124,fence24,tiered_wall,random_waypoint,4,560,520,560,520,20,12,750,550,15,192.419,-65.7392,-60,0,4,1,1,critical_zone,0,1
124,fence24,tiered_wall,random_waypoint,4,560,520,560,520,20,13,750,450,15,202.546,-66.1847,-60,0,4,1,1,critical_zone,0,1
124,fence24,tiered_wall,random_waypoint,4,560,520,560,520,20,14,750,350,15,255,-68.185,-60,0,4,1,1,critical_zone,0,1
124,fence24,tiered_wall,random_waypoint,4,560,520,560,520,20,15,750,300,15,290.732,-69.3241,-60,0,4,1,1,critical_zone,0,1
124,fence24,tiered_wall,random_waypoint,4,560,520,560,520,20,16,700,300,15,260.816,-68.3809,-60,0,4,1,1,critical_zone,0,1
124,fence24,tiered_wall,random_waypoint,4,560,520,560,520,20,17,600,300,15,223.663,-67.0461,-60,0,4,1,1,critical_zone,0,1
124,fence24,tiered_wall,random_waypoint,4,560,520,560,520,20,18,400,300,15,272.075,-68.748,-60,0,4,1,1,critical_zone,0,1
124,fence24,tiered_wall,random_waypoint,4,560,520,560,520,20,19,300,300,15,340.624,-70.6997,-60,0,4,1,1,critical_zone,0,1
124,fence24,tiered_wall,random_waypoint,4,560,520,560,520,20,20,300,500,15,260.816,-68.3809,-70,1,4,1,1,critical_zone,0,1
124,fence24,tiered_wall,random_waypoint,4,560,520,560,520,20,21,500,350,15,180.347,-65.1764,-70,1,4,1,1,critical_zone,0,1
124,fence24,tiered_wall,random_waypoint,4,560,520,560,520,20,22,700,500,15,141.51,-63.07,-70,1,4,1,1,critical_zone,0,1
124,fence24,tiered_wall,random_waypoint,4,560,520,560,520,20,23,500,650,15,143.265,-63.1771,-70,1,4,1,1,critical_zone,0,1
125,fence24,tiered_wall,random_waypoint,4,560,520,560,520,20,0,250,300,15,380.164,-71.6537,-60,0,4,1,1,critical_zone,0,1
125,fence24,tiered_wall,random_waypoint,4,560,520,560,520,20,1,250,350,15,353.589,-71.0242,-60,0,4,1,1,critical_zone,0,1
125,fence24,tiered_wall,random_waypoint,4,560,520,560,520,20,2,250,450,15,317.844,-70.0985,-60,0,4,1,1,critical_zone,0,1
125,fence24,tiered_wall,random_waypoint,4,560,520,560,520,20,3,250,550,15,311.488,-69.9231,-60,0,4,1,1,critical_zone,0,1
125,fence24,tiered_wall,random_waypoint,4,560,520,560,520,20,4,250,650,15,336.192,-70.586,-60,0,4,1,1,critical_zone,0,1
125,fence24,tiered_wall,random_waypoint,4,560,520,560,520,20,5,250,700,15,358.504,-71.1441,-60,0,4,1,1,critical_zone,0,1
125,fence24,tiered_wall,random_waypoint,4,560,520,560,520,20,6,300,700,15,316.267,-70.0553,-60,0,4,1,1,critical_zone,0,1
125,fence24,tiered_wall,random_waypoint,4,560,520,560,520,20,7,400,700,15,240.884,-67.6904,-60,0,4,1,1,critical_zone,0,1
125,fence24,tiered_wall,random_waypoint,4,560,520,560,520,20,8,600,700,15,184.459,-65.3722,-60,0,4,1,1,critical_zone,0,1
125,fence24,tiered_wall,random_waypoint,4,560,520,560,520,20,9,700,700,15,228.09,-67.2163,-60,0,4,1,1,critical_zone,0,1
125,fence24,tiered_wall,random_waypoint,4,560,520,560,520,20,10,750,700,15,261.773,-68.4127,-60,0,4,1,1,critical_zone,0,1
125,fence24,tiered_wall,random_waypoint,4,560,520,560,520,20,11,750,650,15,230.272,-67.299,-60,0,4,1,1,critical_zone,0,1
125,fence24,tiered_wall,random_waypoint,4,560,520,560,520,20,12,750,550,15,192.419,-65.7392,-60,0,4,1,1,critical_zone,0,1
125,fence24,tiered_wall,random_waypoint,4,560,520,560,520,20,13,750,450,15,202.546,-66.1847,-60,0,4,1,1,critical_zone,0,1
125,fence24,tiered_wall,random_waypoint,4,560,520,560,520,20,14,750,350,15,255,-68.185,-60,0,4,1,1,critical_zone,0,1
125,fence24,tiered_wall,random_waypoint,4,560,520,560,520,20,15,750,300,15,290.732,-69.3241,-60,0,4,1,1,critical_zone,0,1
125,fence24,tiered_wall,random_waypoint,4,560,520,560,520,20,16,700,300,15,260.816,-68.3809,-60,0,4,1,1,critical_zone,0,1
125,fence24,tiered_wall,random_waypoint,4,560,520,560,520,20,17,600,300,15,223.663,-67.0461,-60,0,4,1,1,critical_zone,0,1
125,fence24,tiered_wall,random_waypoint,4,560,520,560,520,20,18,400,300,15,272.075,-68.748,-60,0,4,1,1,critical_zone,0,1
125,fence24,tiered_wall,random_waypoint,4,560,520,560,520,20,19,300,300,15,340.624,-70.6997,-60,0,4,1,1,critical_zone,0,1
125,fence24,tiered_wall,random_waypoint,4,560,520,560,520,20,20,300,500,15,260.816,-68.3809,-70,1,4,1,1,critical_zone,0,1
125,fence24,tiered_wall,random_waypoint,4,560,520,560,520,20,21,500,350,15,180.347,-65.1764,-70,1,4,1,1,critical_zone,0,1
125,fence24,tiered_wall,random_waypoint,4,560,520,560,520,20,22,700,500,15,141.51,-63.07,-70,1,4,1,1,critical_zone,0,1
125,fence24,tiered_wall,random_waypoint,4,560,520,560,520,20,23,500,650,15,143.265,-63.1771,-70,1,4,1,1,critical_zone,0,1
126,fence24,tiered_wall,random_waypoint,4,560,520,560,520,20,0,250,300,15,380.164,-71.6537,-60,0,4,1,1,critical_zone,0,1
126,fence24,tiered_wall,random_waypoint,4,560,520,560,520,20,1,250,350,15,353.589,-71.0242,-60,0,4,1,1,critical_zone,0,1
126,fence24,tiered_wall,random_waypoint,4,560,520,560,520,20,2,250,450,15,317.844,-70.0985,-60,0,4,1,1,critical_zone,0,1
126,fence24,tiered_wall,random_waypoint,4,560,520,560,520,20,3,250,550,15,311.488,-69.9231,-60,0,4,1,1,critical_zone,0,1
126,fence24,tiered_wall,random_waypoint,4,560,520,560,520,20,4,250,650,15,336.192,-70.586,-60,0,4,1,1,critical_zone,0,1
126,fence24,tiered_wall,random_waypoint,4,560,520,560,520,20,5,250,700,15,358.504,-71.1441,-60,0,4,1,1,critical_zone,0,1
126,fence24,tiered_wall,random_waypoint,4,560,520,560,520,20,6,300,700,15,316.267,-70.0553,-60,0,4,1,1,critical_zone,0,1
126,fence24,tiered_wall,random_waypoint,4,560,520,560,520,20,7,400,700,15,240.884,-67.6904,-60,0,4,1,1,critical_zone,0,1
126,fence24,tiered_wall,random_waypoint,4,560,520,560,520,20,8,600,700,15,184.459,-65.3722,-60,0,4,1,1,critical_zone,0,1
126,fence24,tiered_wall,random_waypoint,4,560,520,560,520,20,9,700,700,15,228.09,-67.2163,-60,0,4,1,1,critical_zone,0,1
126,fence24,tiered_wall,random_waypoint,4,560,520,560,520,20,10,750,700,15,261.773,-68.4127,-60,0,4,1,1,critical_zone,0,1
126,fence24,tiered_wall,random_waypoint,4,560,520,560,520,20,11,750,650,15,230.272,-67.299,-60,0,4,1,1,critical_zone,0,1
126,fence24,tiered_wall,random_waypoint,4,560,520,560,520,20,12,750,550,15,192.419,-65.7392,-60,0,4,1,1,critical_zone,0,1
126,fence24,tiered_wall,random_waypoint,4,560,520,560,520,20,13,750,450,15,202.546,-66.1847,-60,0,4,1,1,critical_zone,0,1
126,fence24,tiered_wall,random_waypoint,4,560,520,560,520,20,14,750,350,15,255,-68.185,-60,0,4,1,1,critical_zone,0,1
126,fence24,tiered_wall,random_waypoint,4,560,520,560,520,20,15,750,300,15,290.732,-69.3241,-60,0,4,1,1,critical_zone,0,1
126,fence24,tiered_wall,random_waypoint,4,560,520,560,520,20,16,700,300,15,260.816,-68.3809,-60,0,4,1,1,critical_zone,0,1
126,fence24,tiered_wall,random_waypoint,4,560,520,560,520,20,17,600,300,15,223.663,-67.0461,-60,0,4,1,1,critical_zone,0,1
126,fence24,tiered_wall,random_waypoint,4,560,520,560,520,20,18,400,300,15,272.075,-68.748,-60,0,4,1,1,critical_zone,0,1
126,fence24,tiered_wall,random_waypoint,4,560,520,560,520,20,19,300,300,15,340.624,-70.6997,-60,0,4,1,1,critical_zone,0,1
126,fence24,tiered_wall,random_waypoint,4,560,520,560,520,20,20,300,500,15,260.816,-68.3809,-70,1,4,1,1,critical_zone,0,1
126,fence24,tiered_wall,random_waypoint,4,560,520,560,520,20,21,500,350,15,180.347,-65.1764,-70,1,4,1,1,critical_zone,0,1
126,fence24,tiered_wall,random_waypoint,4,560,520,560,520,20,22,700,500,15,141.51,-63.07,-70,1,4,1,1,critical_zone,0,1
126,fence24,tiered_wall,random_waypoint,4,560,520,560,520,20,23,500,650,15,143.265,-63.1771,-70,1,4,1,1,critical_zone,0,1
127,fence24,tiered_wall,random_waypoint,4,560,520,560,520,20,0,250,300,15,380.164,-71.6537,-60,0,4,1,1,critical_zone,0,1
127,fence24,tiered_wall,random_waypoint,4,560,520,560,520,20,1,250,350,15,353.589,-71.0242,-60,0,4,1,1,critical_zone,0,1
127,fence24,tiered_wall,random_waypoint,4,560,520,560,520,20,2,250,450,15,317.844,-70.0985,-60,0,4,1,1,critical_zone,0,1
127,fence24,tiered_wall,random_waypoint,4,560,520,560,520,20,3,250,550,15,311.488,-69.9231,-60,0,4,1,1,critical_zone,0,1
127,fence24,tiered_wall,random_waypoint,4,560,520,560,520,20,4,250,650,15,336.192,-70.586,-60,0,4,1,1,critical_zone,0,1
127,fence24,tiered_wall,random_waypoint,4,560,520,560,520,20,5,250,700,15,358.504,-71.1441,-60,0,4,1,1,critical_zone,0,1
127,fence24,tiered_wall,random_waypoint,4,560,520,560,520,20,6,300,700,15,316.267,-70.0553,-60,0,4,1,1,critical_zone,0,1
127,fence24,tiered_wall,random_waypoint,4,560,520,560,520,20,7,400,700,15,240.884,-67.6904,-60,0,4,1,1,critical_zone,0,1
127,fence24,tiered_wall,random_waypoint,4,560,520,560,520,20,8,600,700,15,184.459,-65.3722,-60,0,4,1,1,critical_zone,0,1
127,fence24,tiered_wall,random_waypoint,4,560,520,560,520,20,9,700,700,15,228.09,-67.2163,-60,0,4,1,1,critical_zone,0,1
127,fence24,tiered_wall,random_waypoint,4,560,520,560,520,20,10,750,700,15,261.773,-68.4127,-60,0,4,1,1,critical_zone,0,1
127,fence24,tiered_wall,random_waypoint,4,560,520,560,520,20,11,750,650,15,230.272,-67.299,-60,0,4,1,1,critical_zone,0,1
127,fence24,tiered_wall,random_waypoint,4,560,520,560,520,20,12,750,550,15,192.419,-65.7392,-60,0,4,1,1,critical_zone,0,1
127,fence24,tiered_wall,random_waypoint,4,560,520,560,520,20,13,750,450,15,202.546,-66.1847,-60,0,4,1,1,critical_zone,0,1
127,fence24,tiered_wall,random_waypoint,4,560,520,560,520,20,14,750,350,15,255,-68.185,-60,0,4,1,1,critical_zone,0,1
127,fence24,tiered_wall,random_waypoint,4,560,520,560,520,20,15,750,300,15,290.732,-69.3241,-60,0,4,1,1,critical_zone,0,1
127,fence24,tiered_wall,random_waypoint,4,560,520,560,520,20,16,700,300,15,260.816,-68.3809,-60,0,4,1,1,critical_zone,0,1
127,fence24,tiered_wall,random_waypoint,4,560,520,560,520,20,17,600,300,15,223.663,-67.0461,-60,0,4,1,1,critical_zone,0,1
127,fence24,tiered_wall,random_waypoint,4,560,520,560,520,20,18,400,300,15,272.075,-68.748,-60,0,4,1,1,critical_zone,0,1
127,fence24,tiered_wall,random_waypoint,4,560,520,560,520,20,19,300,300,15,340.624,-70.6997,-60,0,4,1,1,critical_zone,0,1
127,fence24,tiered_wall,random_waypoint,4,560,520,560,520,20,20,300,500,15,260.816,-68.3809,-70,1,4,1,1,critical_zone,0,1
127,fence24,tiered_wall,random_waypoint,4,560,520,560,520,20,21,500,350,15,180.347,-65.1764,-70,1,4,1,1,critical_zone,0,1
127,fence24,tiered_wall,random_waypoint,4,560,520,560,520,20,22,700,500,15,141.51,-63.07,-70,1,4,1,1,critical_zone,0,1
127,fence24,tiered_wall,random_waypoint,4,560,520,560,520,20,23,500,650,15,143.265,-63.1771,-70,1,4,1,1,critical_zone,0,1
