method,threshold_dbm,rssi_noise_db,aoa_noise_deg,omni_weight,kalman_accel_std,kalman_measurement_std,kalman_gate_m,train_total_cases,train_localised_cases,train_success_rate_pct,train_mean_error_m,train_rmse_error_m,train_median_error_m,train_p95_error_m,train_pct_below_1m,train_pct_below_2m,train_pct_below_5m,train_mean_sensor_count,validation_total_cases,validation_localised_cases,validation_success_rate_pct,validation_mean_error_m,validation_rmse_error_m,validation_median_error_m,validation_p95_error_m,validation_pct_below_1m,validation_pct_below_2m,validation_pct_below_5m,validation_mean_sensor_count
hybrid_weighted_raw,-70,1,0.5,0.01,NaN,NaN,NaN,1755,1755,100,13.9878680143448,17.5872291649678,12.5865291223935,33.8753877389582,4.95726495726496,11.4529914529915,23.4188034188034,5.26210826210826,1170,1170,100,13.7943882087333,16.8532243933374,12.6049115815407,30.9810658934082,4.95726495726496,10.8547008547009,21.8803418803419,5.34957264957265
hybrid_weighted_kalman,-70,1,0.5,0.01,0.1,3,20,1755,1755,100,258.214213117593,334.391404193786,213.880410828703,581.019743951884,1.48148148148148,3.81766381766382,9.57264957264957,5.26210826210826,1170,1170,100,222.060296730188,311.94719981882,141.535166516452,627.204169925753,2.82051282051282,6.75213675213675,11.7948717948718,5.34957264957265
hybrid_weighted_kalman,-70,1,0.5,0.01,0.1,3,40,1755,1755,100,127.551209660213,216.799719371205,18.2793948228664,527.20478089531,2.33618233618234,6.78062678062678,18.8603988603989,5.26210826210826,1170,1170,100,86.5268617621288,171.901942384968,11.3492726150591,437.943551283319,3.58974358974359,8.71794871794872,22.7350427350427,5.34957264957265
hybrid_weighted_kalman,-70,1,0.5,0.01,0.1,3,80,1755,1755,100,9.83814327673711,12.0886627277713,8.24295787733566,23.6300133768883,2.79202279202279,8.43304843304843,27.5213675213675,5.26210826210826,1170,1170,100,8.36368770729592,10.1921850808278,7.16578781414915,20.2285276086947,4.18803418803419,10.6837606837607,32.2222222222222,5.34957264957265
hybrid_weighted_kalman,-70,1,0.5,0.01,0.1,5,20,1755,1755,100,247.632307011713,321.809595995444,205.195476794272,581.019743951884,1.02564102564103,3.24786324786325,8.2051282051282,5.26210826210826,1170,1170,100,240.476906484233,332.764221263924,160.810096244822,663.963958777992,2.30769230769231,5.98290598290598,10.5982905982906,5.34957264957265
hybrid_weighted_kalman,-70,1,0.5,0.01,0.1,5,40,1755,1755,100,125.614282165264,198.415035186121,31.5138712878178,444.38321459319,1.88034188034188,5.6980056980057,14.9287749287749,5.26210826210826,1170,1170,100,166.902685805127,255.646552195666,47.5475729870079,545.540145995713,2.30769230769231,6.23931623931624,14.1025641025641,5.34957264957265
hybrid_weighted_kalman,-70,1,0.5,0.01,0.1,5,80,1755,1755,100,11.6875063594304,14.5993035856008,9.23648633294727,29.1595131351037,2.56410256410256,7.46438746438746,25.5270655270655,5.26210826210826,1170,1170,100,9.75456269256358,12.3232376251216,7.59341685446593,26.0996453855843,2.90598290598291,8.37606837606837,30.0854700854701,5.34957264957265
hybrid_weighted_kalman,-70,1,0.5,0.01,0.1,8,20,1755,1755,100,252.024586703297,319.247464709864,224.642027736177,581.019743951884,0.56980056980057,1.82336182336182,5.86894586894587,5.26210826210826,1170,1170,100,237.914771108516,327.671602081687,159.298000112461,654.626615407748,1.62393162393162,4.27350427350427,9.57264957264957,5.34957264957265
hybrid_weighted_kalman,-70,1,0.5,0.01,0.1,8,40,1755,1755,100,128.060374944289,198.788312238167,45.1006372692861,440.638029219833,1.48148148148148,4.38746438746439,12.7635327635328,5.26210826210826,1170,1170,100,195.194846987777,282.606214753555,108.840153683197,584.889536421168,1.88034188034188,4.52991452991453,10.6837606837607,5.34957264957265
hybrid_weighted_kalman,-70,1,0.5,0.01,0.1,8,80,1755,1755,100,14.3226845198997,18.0499832816086,11.2199577886863,36.5087275674635,1.5954415954416,6.15384615384615,22.7920227920228,5.26210826210826,1170,1170,100,12.15288299506,15.8262360391776,8.49951566260949,34.2080807022985,2.47863247863248,8.2051282051282,28.034188034188,5.34957264957265
hybrid_weighted_kalman,-70,1,0.5,0.01,0.1,12,20,1755,1755,100,252.878348469931,320.938687609704,216.477041533734,581.019743951884,0.113960113960114,0.398860398860399,4.44444444444444,5.26210826210826,1170,1170,100,237.401266541639,313.812116397732,193.827941704313,635.867688455637,0.512820512820513,1.79487179487179,5.64102564102564,5.34957264957265
hybrid_weighted_kalman,-70,1,0.5,0.01,0.1,12,40,1755,1755,100,133.362237244979,207.294432988446,50.0263660547269,467.080759613097,0.911680911680912,2.45014245014245,11.2820512820513,5.26210826210826,1170,1170,100,212.641178939589,302.71104239032,127.235121571502,614.386997813032,0.769230769230769,2.22222222222222,7.43589743589744,5.34957264957265
hybrid_weighted_kalman,-70,1,0.5,0.01,0.1,12,80,1755,1755,100,18.0165089697929,22.5917232440484,14.0969203596281,44.8647298784754,0.797720797720798,3.24786324786325,17.5498575498575,5.26210826210826,1170,1170,100,15.5137157733,20.578845186623,9.54458375453208,42.7150122156914,1.62393162393162,5.2991452991453,23.7606837606838,5.34957264957265
hybrid_weighted_kalman,-70,1,0.5,0.01,0.1,20,20,1755,1755,100,325.465291779275,367.486118700043,327.53098906474,581.019743951884,0,0.056980056980057,0.740740740740741,5.26210826210826,1170,1170,100,245.413284685611,273.751045381201,251.464276694001,392.058268968926,0,0.256410256410256,1.36752136752137,5.34957264957265
hybrid_weighted_kalman,-70,1,0.5,0.01,0.1,20,40,1755,1755,100,135.957016947944,210.596188259995,50.2125382350471,473.929042293659,0.284900284900285,1.13960113960114,6.95156695156695,5.26210826210826,1170,1170,100,219.315320930091,309.095114513097,133.848432273471,623.117063870893,0.170940170940171,0.512820512820513,4.27350427350427,5.34957264957265
hybrid_weighted_kalman,-70,1,0.5,0.01,0.1,20,80,1755,1755,100,46.2561458588121,78.9030009454484,23.9923119819173,203.240479916083,0.455840455840456,1.53846153846154,7.12250712250712,5.26210826210826,1170,1170,100,88.1252639511847,149.745905202507,29.050194648947,373.999368597834,0.170940170940171,1.1965811965812,9.31623931623932,5.34957264957265
hybrid_weighted_kalman,-70,1,0.5,0.01,0.2,3,20,1755,1755,100,241.919054263738,323.884323909103,188.574419450413,586.107007490579,1.36752136752137,3.98860398860399,10.8831908831909,5.26210826210826,1170,1170,100,232.150250216974,332.282136336996,143.719271574258,684.024771213888,3.07692307692308,6.92307692307692,14.1880341880342,5.34957264957265
hybrid_weighted_kalman,-70,1,0.5,0.01,0.2,3,40,1755,1755,100,111.054583242406,218.065421649283,10.8510811970936,562.11537476012,2.27920227920228,7.92022792022792,26.4387464387464,5.26210826210826,1170,1170,100,22.2561692463196,67.6376695277113,7.70354098687927,83.2745497213818,3.58974358974359,9.4017094017094,28.2051282051282,5.34957264957265
hybrid_weighted_kalman,-70,1,0.5,0.01,0.2,3,80,1755,1755,100,8.55920164499087,10.4747325258103,7.37512674975962,19.690694364499,2.73504273504274,9.11680911680912,33.2763532763533,5.26210826210826,1170,1170,100,8.02998430376489,9.47524360788143,7.15247288581587,18.097390583704,3.93162393162393,9.57264957264957,30.6837606837607,5.34957264957265
hybrid_weighted_kalman,-70,1,0.5,0.01,0.2,5,20,1755,1755,100,255.611486562837,330.40200363012,216.195672521627,586.107007490579,1.1965811965812,3.47578347578348,9.34472934472934,5.26210826210826,1170,1170,100,219.641226928593,310.080757927445,138.490281880137,628.416458103639,2.47863247863248,6.41025641025641,12.2222222222222,5.34957264957265
hybrid_weighted_kalman,-70,1,0.5,0.01,0.2,5,40,1755,1755,100,116.176925019831,210.111663532459,13.935970281353,527.559679445016,2.27920227920228,6.89458689458689,21.1965811965812,5.26210826210826,1170,1170,100,69.8088517801078,151.509941998109,9.81085911891234,407.818830982347,3.07692307692308,7.86324786324786,23.0769230769231,5.34957264957265
hybrid_weighted_kalman,-70,1,0.5,0.01,0.2,5,80,1755,1755,100,9.38131517199419,11.4447244065454,7.86124086297166,22.4547693340821,2.10826210826211,7.97720797720798,28.3190883190883,5.26210826210826,1170,1170,100,8.18865150688087,9.80964009062236,7.03711801051305,19.2439716578453,3.5042735042735,9.23076923076923,30.6837606837607,5.34957264957265
hybrid_weighted_kalman,-70,1,0.5,0.01,0.2,8,20,1755,1755,100,252.494396711099,320.234225562013,225.24070079683,581.019743951884,0.626780626780627,1.99430199430199,6.78062678062678,5.26210826210826,1170,1170,100,240.094615650369,332.977019511894,158.397424515068,663.892234556739,1.53846153846154,4.27350427350427,9.65811965811966,5.34957264957265
hybrid_weighted_kalman,-70,1,0.5,0.01,0.2,8,40,1755,1755,100,120.297841641716,195.740964584176,23.5423957002654,443.621728043725,1.70940170940171,5.35612535612536,15.7834757834758,5.26210826210826,1170,1170,100,160.343270405936,246.447215901146,45.3635455010998,524.594706536337,1.53846153846154,4.61538461538462,14.017094017094,5.34957264957265
hybrid_weighted_kalman,-70,1,0.5,0.01,0.2,8,80,1755,1755,100,10.830710421067,13.3387222994384,8.79250780301925,26.536456205815,1.99430199430199,6.89458689458689,25.5270655270655,5.26210826210826,1170,1170,100,9.12323786546661,11.2497883828168,7.51408461553131,23.1775938058853,2.39316239316239,7.60683760683761,31.1965811965812,5.34957264957265
hybrid_weighted_kalman,-70,1,0.5,0.01,0.2,12,20,1755,1755,100,254.064838230185,321.844606001089,218.945180054734,581.019743951884,0.113960113960114,0.626780626780627,4.44444444444444,5.26210826210826,1170,1170,100,235.066560296476,311.774524322294,193.022736545847,632.897081814421,0.512820512820513,1.88034188034188,5.72649572649573,5.34957264957265
hybrid_weighted_kalman,-70,1,0.5,0.01,0.2,12,40,1755,1755,100,125.961697925261,195.018305363366,46.5164310396712,428.594910651474,0.854700854700855,2.90598290598291,11.3390313390313,5.26210826210826,1170,1170,100,186.333875739347,270.758866380149,101.613306569523,560.398993014743,0.769230769230769,2.22222222222222,7.77777777777778,5.34957264957265
hybrid_weighted_kalman,-70,1,0.5,0.01,0.2,12,80,1755,1755,100,12.7923222496874,15.8838242454334,10.1072665388971,31.618841277784,1.13960113960114,4.95726495726496,22.5641025641026,5.26210826210826,1170,1170,100,10.8590116557476,13.6344735580894,8.18245377835042,28.8386876894525,1.11111111111111,4.95726495726496,25.2136752136752,5.34957264957265
hybrid_weighted_kalman,-70,1,0.5,0.01,0.2,20,20,1755,1755,100,325.37334800381,367.411136931949,327.279186622116,581.019743951884,0,0.056980056980057,0.740740740740741,5.26210826210826,1170,1170,100,245.30795475546,273.69348961555,251.317213648736,392.034811803727,0,0.256410256410256,1.36752136752137,5.34957264957265
hybrid_weighted_kalman,-70,1,0.5,0.01,0.2,20,40,1755,1755,100,130.753468794813,203.393924020582,44.5432843094318,459.28026759336,0.341880341880342,1.02564102564103,6.60968660968661,5.26210826210826,1170,1170,100,212.266492482216,301.638075190316,125.748547083667,610.51680271923,0.0854700854700855,0.598290598290598,4.1025641025641,5.34957264957265
hybrid_weighted_kalman,-70,1,0.5,0.01,0.2,20,80,1755,1755,100,16.659729800653,20.5470297706611,13.1360758146332,40.7464473677078,1.02564102564103,3.07692307692308,15.3276353276353,5.26210826210826,1170,1170,100,14.535507361805,18.605636622853,10.4217836565627,38.5727741867147,1.02564102564103,3.58974358974359,21.3675213675214,5.34957264957265
hybrid_weighted_kalman,-70,1,0.5,0.01,0.5,3,20,1755,1755,100,282.199342811268,363.620260656091,266.335534881815,615.011867969322,2.16524216524217,5.24216524216524,12.9344729344729,5.26210826210826,1170,1170,100,253.371940047604,360.298438470908,168.502763420406,734.197762163401,3.84615384615385,8.54700854700855,18.8888888888889,5.34957264957265
hybrid_weighted_kalman,-70,1,0.5,0.01,0.5,3,40,1755,1755,100,112.970025316252,236.659897865589,11.0332789815721,608.788906863964,3.7037037037037,10.1424501424501,27.3504273504274,5.26210826210826,1170,1170,100,63.000052040989,178.356296244336,9.71430635830789,500.03768904285,4.1025641025641,9.74358974358974,27.6923076923077,5.34957264957265
hybrid_weighted_kalman,-70,1,0.5,0.01,0.5,3,80,1755,1755,100,23.9064184470507,84.3605269414209,7.99618696775425,29.1183557942284,3.87464387464387,10.7692307692308,30.8262108262108,5.26210826210826,1170,1170,100,8.79849048408527,10.490434072062,8.20408937295547,19.2315406050573,4.1025641025641,10.2564102564103,30.5128205128205,5.34957264957265
hybrid_weighted_kalman,-70,1,0.5,0.01,0.5,5,20,1755,1755,100,269.70017267329,349.578964720044,257.467468474631,594.148148667153,1.36752136752137,4.21652421652422,11.965811965812,5.26210826210826,1170,1170,100,239.837551380501,348.288068229336,142.937494510706,726.081977582449,2.82051282051282,6.75213675213675,17.1794871794872,5.34957264957265
hybrid_weighted_kalman,-70,1,0.5,0.01,0.5,5,40,1755,1755,100,97.2506967405757,216.844327878431,9.28144266063196,582.094368201105,2.79202279202279,9.002849002849,29.1737891737892,5.26210826210826,1170,1170,100,20.4031658017138,58.2383853547524,8.18034966115991,74.2073950980468,3.67521367521368,8.71794871794872,29.7435897435897,5.34957264957265
hybrid_weighted_kalman,-70,1,0.5,0.01,0.5,5,80,1755,1755,100,8.49712046258549,10.4293390149876,7.21881995476865,19.9743474924594,2.79202279202279,9.74358974358974,33.048433048433,5.26210826210826,1170,1170,100,8.28805426147867,9.77919729095221,7.54945374829785,18.1254752758353,3.84615384615385,9.31623931623932,31.4529914529915,5.34957264957265
hybrid_weighted_kalman,-70,1,0.5,0.01,0.5,8,20,1755,1755,100,242.676343016507,314.21522183203,215.815447701092,581.019743951884,0.911680911680912,2.62108262108262,7.92022792022792,5.26210826210826,1170,1170,100,232.997952901408,332.962962470503,144.262937079819,683.288997486422,1.70940170940171,4.44444444444444,12.4786324786325,5.34957264957265
hybrid_weighted_kalman,-70,1,0.5,0.01,0.5,8,40,1755,1755,100,115.868747119866,220.922319502249,11.2867248169753,561.572798601592,1.88034188034188,6.4957264957265,24.4444444444444,5.26210826210826,1170,1170,100,22.8532274768624,69.532980393174,7.77803316158526,85.5077651817512,2.13675213675214,7.09401709401709,27.0940170940171,5.34957264957265
hybrid_weighted_kalman,-70,1,0.5,0.01,0.5,8,80,1755,1755,100,8.65736320304476,10.487860302889,7.4792663179759,19.9389856264327,2.22222222222222,7.69230769230769,31.7948717948718,5.26210826210826,1170,1170,100,8.13757722075874,9.51039888948115,7.24076855791923,18.0636989383806,2.39316239316239,7.52136752136752,29.5726495726496,5.34957264957265
hybrid_weighted_kalman,-70,1,0.5,0.01,0.5,12,20,1755,1755,100,264.268334806096,333.006523830582,230.653121941025,586.046334748743,0.455840455840456,1.1965811965812,6.26780626780627,5.26210826210826,1170,1170,100,226.475414098851,306.553233260179,184.218176946781,628.177861370365,1.02564102564103,2.64957264957265,7.69230769230769,5.34957264957265
hybrid_weighted_kalman,-70,1,0.5,0.01,0.5,12,40,1755,1755,100,117.885373033311,213.698234485281,13.5556646600556,536.766287590428,1.5954415954416,4.67236467236467,19.1452991452991,5.26210826210826,1170,1170,100,69.2325980464309,149.940523939505,9.92358784244199,403.231135579662,1.70940170940171,4.61538461538462,20.0854700854701,5.34957264957265
hybrid_weighted_kalman,-70,1,0.5,0.01,0.5,12,80,1755,1755,100,9.43564331631738,11.3339680177994,8.08236945749316,21.9285115108692,1.48148148148148,5.6980056980057,26.7236467236467,5.26210826210826,1170,1170,100,8.41704574339265,9.87034366573286,7.26901791740404,19.0138103024786,2.13675213675214,5.81196581196581,26.9230769230769,5.34957264957265
hybrid_weighted_kalman,-70,1,0.5,0.01,0.5,20,20,1755,1755,100,324.740872802464,366.894530096593,325.851997608929,581.019743951884,0,0.056980056980057,0.740740740740741,5.26210826210826,1170,1170,100,244.605968775863,273.237235498185,250.72967506528,391.870636082298,0,0.256410256410256,1.45299145299145,5.34957264957265
hybrid_weighted_kalman,-70,1,0.5,0.01,0.5,20,40,1755,1755,100,121.14484378427,196.170506406918,23.66892047663,445.525305195013,0.512820512820513,2.39316239316239,9.85754985754986,5.26210826210826,1170,1170,100,160.80921913854,245.93232003286,45.6123498403773,523.921632237084,0,0.769230769230769,7.69230769230769,5.34957264957265
hybrid_weighted_kalman,-70,1,0.5,0.01,0.5,20,80,1755,1755,100,11.3184181982643,13.6158389643024,9.44110996491158,26.4945159883982,1.08262108262108,4.44444444444444,20.2849002849003,5.26210826210826,1170,1170,100,9.74777579920159,11.6432638737954,8.23676900033187,23.2722752748346,0.94017094017094,3.67521367521368,25.1282051282051,5.34957264957265
hybrid_weighted_kalman,-70,1,0.5,0.01,1,3,20,1755,1755,100,311.790994990616,401.653692386669,299.665616129089,699.362267645434,2.79202279202279,6.83760683760684,13.6752136752137,5.26210826210826,1170,1170,100,230.758531296141,331.368834032126,145.293735321514,679.128364973814,4.7008547008547,11.1965811965812,18.8034188034188,5.34957264957265
hybrid_weighted_kalman,-70,1,0.5,0.01,1,3,40,1755,1755,100,154.876474071234,288.609046788843,17.062314152888,692.492109389216,4.5014245014245,11.6809116809117,24.5584045584046,5.26210826210826,1170,1170,100,179.23164188655,359.473747325412,15.104097642337,889.034171827103,4.61538461538462,11.2820512820513,22.7350427350427,5.34957264957265
hybrid_weighted_kalman,-70,1,0.5,0.01,1,3,80,1755,1755,100,28.4147113443455,104.312852048,9.00615463823735,32.7850725607949,4.84330484330484,12.3646723646724,29.6866096866097,5.26210826210826,1170,1170,100,9.78059642393161,11.7771369099082,9.27891929859868,21.4277873141262,4.78632478632479,11.7948717948718,27.7777777777778,5.34957264957265
hybrid_weighted_kalman,-70,1,0.5,0.01,1,5,20,1755,1755,100,267.457548953258,346.455083843231,251.375835808033,586.107007490579,2.22222222222222,5.47008547008547,13.2193732193732,5.26210826210826,1170,1170,100,249.96791501958,357.110781860962,166.058136662076,715.116475311027,3.84615384615385,8.11965811965812,18.8888888888889,5.34957264957265
hybrid_weighted_kalman,-70,1,0.5,0.01,1,5,40,1755,1755,100,114.447502603247,240.639429422843,11.4129568301334,612.021940659603,3.81766381766382,10.2564102564103,27.1794871794872,5.26210826210826,1170,1170,100,92.0743708464519,219.196100278446,10.7463658197864,610.769039883518,4.18803418803419,8.46153846153846,25.7264957264957,5.34957264957265
hybrid_weighted_kalman,-70,1,0.5,0.01,1,5,80,1755,1755,100,24.8827590069906,88.4948772523115,8.02791044187487,29.7576285596569,3.76068376068376,10.6552706552707,30.3133903133903,5.26210826210826,1170,1170,100,9.06191130981797,10.8125663112964,8.46894662738891,19.8166520985397,4.1025641025641,9.31623931623932,29.2307692307692,5.34957264957265
hybrid_weighted_kalman,-70,1,0.5,0.01,1,8,20,1755,1755,100,280.577351065737,352.215260874,267.799187303578,591.777685381382,1.25356125356125,3.98860398860399,9.8005698005698,5.26210826210826,1170,1170,100,253.998706741645,360.695117821702,169.495219213218,735.011332699216,2.13675213675214,5.81196581196581,17.3504273504273,5.34957264957265
hybrid_weighted_kalman,-70,1,0.5,0.01,1,8,40,1755,1755,100,100.2711579889,225.180589134595,9.31401788557089,600.40395613208,2.73504273504274,9.74358974358974,28.2621082621083,5.26210826210826,1170,1170,100,8.99664788222619,10.7861625486761,8.10600338689337,20.3364989185926,2.56410256410256,7.77777777777778,29.4017094017094,5.34957264957265
hybrid_weighted_kalman,-70,1,0.5,0.01,1,8,80,1755,1755,100,22.5432046637611,78.27970258074,7.81329636700227,27.4263249132853,2.90598290598291,9.74358974358974,30.5413105413105,5.26210826210826,1170,1170,100,8.57551898319059,10.0872326887851,7.86880561743484,18.4827355860733,2.56410256410256,7.94871794871795,29.5726495726496,5.34957264957265
hybrid_weighted_kalman,-70,1,0.5,0.01,1,12,20,1755,1755,100,269.301525754183,341.809509644834,250.220134069587,586.107007490579,0.740740740740741,2.62108262108262,8.6039886039886,5.26210826210826,1170,1170,100,235.276955583086,324.272587600476,187.003019865669,680.703688074428,1.36752136752137,3.33333333333333,10.2564102564103,5.34957264957265
hybrid_weighted_kalman,-70,1,0.5,0.01,1,12,40,1755,1755,100,90.8910310678819,197.850448655148,9.63241024773863,533.594640455925,2.27920227920228,6.43874643874644,27.008547008547,5.26210826210826,1170,1170,100,8.74951025084483,10.2537883798348,7.84761503141063,19.5205677059606,2.30769230769231,5.98290598290598,25.982905982906,5.34957264957265
hybrid_weighted_kalman,-70,1,0.5,0.01,1,12,80,1755,1755,100,8.58446270350861,10.3617774216312,7.39454705398887,19.5865826612639,2.10826210826211,7.52136752136752,31.2250712250712,5.26210826210826,1170,1170,100,8.36981673677817,9.70876842714591,7.60485286303875,17.9470352502584,2.39316239316239,7.09401709401709,27.1794871794872,5.34957264957265
hybrid_weighted_kalman,-70,1,0.5,0.01,1,20,20,1755,1755,100,322.626945546867,365.159371985312,321.846137434189,581.019743951884,0,0.056980056980057,0.740740740740741,5.26210826210826,1170,1170,100,244.600892341252,276.745722767327,247.734130378393,393.708616875897,0,0.256410256410256,1.62393162393162,5.34957264957265
hybrid_weighted_kalman,-70,1,0.5,0.01,1,20,40,1755,1755,100,116.295483338423,218.672933333879,12.4064677145122,556.700213728015,0.968660968660969,3.7037037037037,17.3789173789174,5.26210826210826,1170,1170,100,53.1798624819319,123.702564616143,9.59505534926557,358.999034369621,0.769230769230769,3.41880341880342,18.7179487179487,5.34957264957265
hybrid_weighted_kalman,-70,1,0.5,0.01,1,20,80,1755,1755,100,9.33705720208166,11.0794492967017,8.13845886434118,21.0247603752834,1.02564102564103,5.58404558404558,25.3561253561254,5.26210826210826,1170,1170,100,8.64978816176963,9.92495009288193,7.59399054613876,18.3397061025468,0.854700854700855,4.44444444444444,23.5897435897436,5.34957264957265
hybrid_weighted_raw,-70,1,0.5,0.02,NaN,NaN,NaN,1755,1754,99.9430199430199,13.3108045118041,16.7241526757033,11.8858882355056,31.950336927556,5.24515393386545,11.9156214367161,24.230330672748,5.27521367521368,1170,1170,100,13.6140690620173,16.739731422866,12.3943902110369,30.0655815827951,4.1025641025641,10.3418803418803,21.7948717948718,5.38717948717949
hybrid_weighted_kalman,-70,1,0.5,0.02,0.1,3,20,1755,1755,100,291.478663935412,379.340955614767,230.806086825523,703.091878421514,2.05128205128205,5.41310541310541,10.2564102564103,5.27521367521368,1170,1170,100,245.218884777127,339.74601996102,166.181286933499,677.97959654166,2.99145299145299,6.66666666666667,11.5384615384615,5.38717948717949
hybrid_weighted_kalman,-70,1,0.5,0.02,0.1,3,40,1755,1755,100,131.420315835477,223.321862078404,19.3372911745807,576.934028324931,2.73504273504274,6.83760683760684,17.1509971509972,5.27521367521368,1170,1170,100,86.3823282560941,186.671749297048,9.69923019420948,515.595143029481,3.41880341880342,8.97435897435897,23.5042735042735,5.38717948717949
hybrid_weighted_kalman,-70,1,0.5,0.02,0.1,3,80,1755,1755,100,9.51464473908182,11.7761264292357,7.87802803556035,22.3053105022868,3.64672364672365,9.51566951566952,29.0598290598291,5.27521367521368,1170,1170,100,8.2224845509872,10.057412292171,7.16833673475706,20.0367137613381,3.84615384615385,10.8547008547009,33.4188034188034,5.38717948717949
hybrid_weighted_kalman,-70,1,0.5,0.02,0.1,5,20,1755,1755,100,288.113583127534,374.926696889203,228.648678477877,690.870202188806,1.76638176638177,4.67236467236467,9.74358974358974,5.27521367521368,1170,1170,100,238.246526080873,328.141727609873,161.379068434269,651.540243562631,3.07692307692308,7.26495726495727,11.1965811965812,5.38717948717949
hybrid_weighted_kalman,-70,1,0.5,0.02,0.1,5,40,1755,1755,100,146.724137419772,228.014970041287,51.5349168737018,526.460478027333,2.79202279202279,6.89458689458689,14.7578347578348,5.27521367521368,1170,1170,100,169.590147204057,251.562354762568,86.7703249094758,537.504054341888,3.24786324786325,7.60683760683761,13.1623931623932,5.38717948717949
hybrid_weighted_kalman,-70,1,0.5,0.02,0.1,5,80,1755,1755,100,11.395350862114,14.3711571899959,9.04759010040387,29.8377460634998,3.58974358974359,9.4017094017094,27.1225071225071,5.27521367521368,1170,1170,100,9.55740330318825,12.3139514446079,7.39887317679327,26.4984041053323,4.18803418803419,11.7948717948718,32.1367521367521,5.38717948717949
hybrid_weighted_kalman,-70,1,0.5,0.02,0.1,8,20,1755,1755,100,266.255284924851,346.04744334288,217.39839382604,653.589452091145,0.797720797720798,3.30484330484331,8.94586894586894,5.27521367521368,1170,1170,100,240.86794008517,329.093486083757,162.951057081789,649.779435517868,2.05128205128205,5.12820512820513,10.6837606837607,5.38717948717949
hybrid_weighted_kalman,-70,1,0.5,0.02,0.1,8,40,1755,1755,100,152.409981778063,232.693539765449,62.9698957775961,517.023505623411,1.53846153846154,5.2991452991453,13.3333333333333,5.27521367521368,1170,1170,100,191.506739593058,277.131863436674,107.787575717151,566.218372750855,2.13675213675214,5.21367521367521,11.3675213675214,5.38717948717949
hybrid_weighted_kalman,-70,1,0.5,0.02,0.1,8,80,1755,1755,100,14.1976571372852,18.0712495552694,10.7217418330111,36.903590831688,2.05128205128205,7.29344729344729,23.7037037037037,5.27521367521368,1170,1170,100,11.8884212919552,15.8492474956565,8.28727086045648,35.0586933181305,3.58974358974359,9.82905982905983,30.0854700854701,5.38717948717949
hybrid_weighted_kalman,-70,1,0.5,0.02,0.1,12,20,1755,1755,100,271.198812407497,340.894744543417,242.038762244646,610.72576995049,0.455840455840456,1.42450142450142,6.4957264957265,5.27521367521368,1170,1170,100,228.611473167924,305.233481525943,183.696909104509,631.288607138671,0.512820512820513,1.96581196581197,7.17948717948718,5.38717948717949
hybrid_weighted_kalman,-70,1,0.5,0.02,0.1,12,40,1755,1755,100,152.170933153774,234.26466280619,59.1650537405552,523.345757087551,0.911680911680912,3.19088319088319,12.1937321937322,5.27521367521368,1170,1170,100,204.843275143787,293.929510438342,119.465644320704,594.650530611971,0.512820512820513,2.56410256410256,9.65811965811966,5.38717948717949
hybrid_weighted_kalman,-70,1,0.5,0.02,0.1,12,80,1755,1755,100,17.8068205905658,22.6176806802804,13.5042886654808,44.4276527119155,2.22222222222222,5.58404558404558,20.4558404558405,5.27521367521368,1170,1170,100,15.2385405480938,20.5959372793056,9.55417720799461,44.6305135243819,1.88034188034188,6.58119658119658,27.5213675213675,5.38717948717949
hybrid_weighted_kalman,-70,1,0.5,0.02,0.1,20,20,1755,1755,100,336.835905009305,375.78639593377,342.428458272315,594.154423320225,0,0.170940170940171,0.740740740740741,5.27521367521368,1170,1170,100,241.954862449433,264.449278474945,250.343118767477,393.094824803937,0.0854700854700855,0.341880341880342,0.854700854700855,5.38717948717949
hybrid_weighted_kalman,-70,1,0.5,0.02,0.1,20,40,1755,1755,100,154.150842767189,236.432145009743,58.4087009719506,530.542705238878,0.683760683760684,1.48148148148148,7.17948717948718,5.27521367521368,1170,1170,100,220.551072507654,310.989847311171,134.402410929197,625.802030757177,0.0854700854700855,0.427350427350427,4.44444444444444,5.38717948717949
hybrid_weighted_kalman,-70,1,0.5,0.02,0.1,20,80,1755,1755,100,58.1366621000592,100.344813391693,27.232843523414,262.150328351411,0.683760683760684,1.65242165242165,8.43304843304843,5.27521367521368,1170,1170,100,65.798557403687,121.880417578994,21.7232898418925,329.18346263914,0.683760683760684,2.13675213675214,11.6239316239316,5.38717948717949
hybrid_weighted_kalman,-70,1,0.5,0.02,0.2,3,20,1755,1755,100,296.947369458206,392.883855202486,247.760597168084,716.477117101311,2.16524216524217,4.95726495726496,11.4529914529915,5.27521367521368,1170,1170,100,244.16292001758,344.830843481872,160.076377848662,698.129962243745,3.41880341880342,6.92307692307692,15.4700854700855,5.38717948717949
hybrid_weighted_kalman,-70,1,0.5,0.02,0.2,3,40,1755,1755,100,102.360992549507,206.341083143615,10.7139288769968,576.363380186745,3.30484330484331,8.03418803418803,25.1851851851852,5.27521367521368,1170,1170,100,45.7071091781138,128.853959283763,7.88425482839893,375.148535896409,4.01709401709402,9.65811965811966,29.0598290598291,5.38717948717949
hybrid_weighted_kalman,-70,1,0.5,0.02,0.2,3,80,1755,1755,100,8.27142048435949,10.0998018524661,7.17717214959489,19.2305125017591,3.87464387464387,9.97150997150997,34.1310541310541,5.27521367521368,1170,1170,100,7.69474969229077,9.0715279117459,6.90497122866852,16.3756776110464,4.35897435897436,11.1111111111111,32.6495726495726,5.38717948717949
hybrid_weighted_kalman,-70,1,0.5,0.02,0.2,5,20,1755,1755,100,286.223029880794,373.321274741452,226.88208006815,690.919777414189,1.88034188034188,5.01424501424501,10.8831908831909,5.27521367521368,1170,1170,100,245.209693346667,341.949556785555,162.478735000171,684.131414887523,2.99145299145299,7.35042735042735,11.5384615384615,5.38717948717949
hybrid_weighted_kalman,-70,1,0.5,0.02,0.2,5,40,1755,1755,100,112.390707579023,212.098526007879,13.1347010116006,581.642133394898,2.90598290598291,7.57834757834758,20.7977207977208,5.27521367521368,1170,1170,100,75.1643832530429,164.477120272912,9.22516224567002,456.031068921647,3.24786324786325,9.57264957264957,24.5299145299145,5.38717948717949
hybrid_weighted_kalman,-70,1,0.5,0.02,0.2,5,80,1755,1755,100,9.04285443352655,11.1312756465773,7.65351089024886,20.5966405360436,4.15954415954416,9.74358974358974,29.9145299145299,5.27521367521368,1170,1170,100,7.96757753101673,9.59297792890381,7.02594125618482,18.4493823674696,3.67521367521368,11.3675213675214,32.7350427350427,5.38717948717949
hybrid_weighted_kalman,-70,1,0.5,0.02,0.2,8,20,1755,1755,100,267.808536538993,346.973260478404,218.636770492788,653.703725078544,0.854700854700855,3.36182336182336,9.62962962962963,5.27521367521368,1170,1170,100,243.659251053808,336.212538469179,165.183699583295,667.736094717381,2.05128205128205,5.21367521367521,10.8547008547009,5.38717948717949
hybrid_weighted_kalman,-70,1,0.5,0.02,0.2,8,40,1755,1755,100,141.889786929665,225.910458690586,36.5277072068277,534.278482620656,1.31054131054131,5.2991452991453,14.9287749287749,5.27521367521368,1170,1170,100,138.214208413652,221.387934129232,37.4779305269377,527.359498513358,2.22222222222222,5.81196581196581,13.6752136752137,5.38717948717949
hybrid_weighted_kalman,-70,1,0.5,0.02,0.2,8,80,1755,1755,100,10.5548862178877,13.1419281954704,8.52970273152896,26.3289893888679,1.99430199430199,8.2051282051282,27.7492877492877,5.27521367521368,1170,1170,100,8.91368406782725,11.1771466269144,7.25912870238778,23.1536991296271,3.33333333333333,10.0854700854701,31.8803418803419,5.38717948717949
hybrid_weighted_kalman,-70,1,0.5,0.02,0.2,12,20,1755,1755,100,271.170649656632,341.137177292342,243.852333697543,611.914219925867,0.341880341880342,1.53846153846154,6.95156695156695,5.27521367521368,1170,1170,100,227.890878340587,305.595098629446,183.580017882234,632.354616452421,0.512820512820513,1.96581196581197,7.26495726495727,5.38717948717949
hybrid_weighted_kalman,-70,1,0.5,0.02,0.2,12,40,1755,1755,100,149.989602893693,228.805149491797,60.3268121120231,505.802445517097,1.1965811965812,3.53276353276353,11.5669515669516,5.27521367521368,1170,1170,100,178.629290605887,262.414661569972,95.857438843223,552.629463290053,0.512820512820513,2.64957264957265,10.1709401709402,5.38717948717949
hybrid_weighted_kalman,-70,1,0.5,0.02,0.2,12,80,1755,1755,100,12.6274881781801,15.8318313993245,9.83217096195777,32.6704664463489,1.82336182336182,5.41310541310541,23.5897435897436,5.27521367521368,1170,1170,100,10.5994621383229,13.6214414013892,7.83883014497823,29.4983972616728,1.45299145299145,6.75213675213675,28.974358974359,5.38717948717949
hybrid_weighted_kalman,-70,1,0.5,0.02,0.2,20,20,1755,1755,100,336.757653180511,375.717266997634,342.219872549078,594.246503355359,0,0.170940170940171,0.740740740740741,5.27521367521368,1170,1170,100,241.878198354223,264.376926496351,250.175373984232,393.072648529504,0.0854700854700855,0.341880341880342,0.854700854700855,5.38717948717949
hybrid_weighted_kalman,-70,1,0.5,0.02,0.2,20,40,1755,1755,100,150.367015272184,232.465578723989,53.4105995144965,522.778441897367,0.740740740740741,1.88034188034188,7.35042735042735,5.27521367521368,1170,1170,100,201.401902937191,287.646166700424,115.614523067672,582.100963900721,0.0854700854700855,0.427350427350427,4.01709401709402,5.38717948717949
hybrid_weighted_kalman,-70,1,0.5,0.02,0.2,20,80,1755,1755,100,16.6482858317503,20.657993350666,12.5469044540726,40.8447700750246,1.1965811965812,3.64672364672365,16.1253561253561,5.27521367521368,1170,1170,100,14.2521593351453,18.6174026084322,9.87595300702991,40.6591543654053,1.62393162393162,4.61538461538462,22.8205128205128,5.38717948717949
hybrid_weighted_kalman,-70,1,0.5,0.02,0.5,3,20,1755,1755,100,336.271238043146,426.752303063962,327.664008154532,732.788459377439,2.84900284900285,6.60968660968661,13.1054131054131,5.27521367521368,1170,1170,100,271.192431232222,389.561812713617,176.664597999801,812.029674879529,3.76068376068376,8.63247863247863,19.7435897435897,5.38717948717949
hybrid_weighted_kalman,-70,1,0.5,0.02,0.5,3,40,1755,1755,100,87.984996855408,200.364861860833,9.72269383534507,598.623513046647,4.44444444444444,10.6552706552707,28.7749287749288,5.27521367521368,1170,1170,100,76.5988993679477,191.937370179443,9.37715483175048,535.717396936662,4.1025641025641,10,29.2307692307692,5.38717948717949
hybrid_weighted_kalman,-70,1,0.5,0.02,0.5,3,80,1755,1755,100,8.46710305789615,10.4377059363997,7.4193989283125,19.847581762959,4.67236467236467,11.8518518518519,34.8717948717949,5.27521367521368,1170,1170,100,8.3464905419951,9.91951243964077,7.93648516071885,17.9637975500955,4.01709401709402,10.4273504273504,33.3333333333333,5.38717948717949
hybrid_weighted_kalman,-70,1,0.5,0.02,0.5,5,20,1755,1755,100,314.622885066881,405.960741100521,295.591493049904,706.153518221856,2.16524216524217,5.2991452991453,12.7065527065527,5.27521367521368,1170,1170,100,251.615661943986,354.443275631407,168.672435266347,720.29071414752,3.16239316239316,8.63247863247863,18.5470085470085,5.38717948717949
hybrid_weighted_kalman,-70,1,0.5,0.02,0.5,5,40,1755,1755,100,96.8549991899567,204.145700474466,10.1399124134788,592.649291715791,3.41880341880342,9.28774928774929,27.3504273504274,5.27521367521368,1170,1170,100,72.6747393099796,181.688146281126,8.59731397472833,515.574264241108,4.01709401709402,11.1965811965812,29.8290598290598,5.38717948717949
hybrid_weighted_kalman,-70,1,0.5,0.02,0.5,5,80,1755,1755,100,8.15437268710563,9.98481597091143,7.11697530605501,18.8109177616234,4.15954415954416,10.9401709401709,35.3276353276353,5.27521367521368,1170,1170,100,7.82853268974759,9.2534804935457,7.33058393867668,16.734879427572,4.27350427350427,11.965811965812,34.957264957265,5.38717948717949
hybrid_weighted_kalman,-70,1,0.5,0.02,0.5,8,20,1755,1755,100,257.492337825043,343.922993244791,200.089436432746,659.598963825377,1.1965811965812,3.76068376068376,10.997150997151,5.27521367521368,1170,1170,100,243.434092942114,343.387169448221,159.694188583662,692.279413863435,2.30769230769231,5.81196581196581,14.4444444444444,5.38717948717949
hybrid_weighted_kalman,-70,1,0.5,0.02,0.5,8,40,1755,1755,100,103.01960169763,207.133743491641,10.7095439218209,575.434290569896,2.16524216524217,6.83760683760684,24.7293447293447,5.27521367521368,1170,1170,100,45.7122719367142,128.39546875294,7.92084881306929,373.115323522082,2.82051282051282,8.29059829059829,28.2051282051282,5.38717948717949
hybrid_weighted_kalman,-70,1,0.5,0.02,0.5,8,80,1755,1755,100,8.37643279492927,10.1922497958491,7.21510462956765,19.2892696711527,2.96296296296296,8.66096866096866,33.3333333333333,5.27521367521368,1170,1170,100,7.74044350171594,9.09745697053787,6.81335979335789,16.5957867663312,3.07692307692308,10.0854700854701,31.6239316239316,5.38717948717949
hybrid_weighted_kalman,-70,1,0.5,0.02,0.5,12,20,1755,1755,100,268.725000218813,339.228280173595,238.737936518769,610.753044300037,0.284900284900285,2.39316239316239,8.49002849002849,5.27521367521368,1170,1170,100,232.575449585862,317.058837773853,185.29690980579,666.184558428579,0.598290598290598,2.22222222222222,7.60683760683761,5.38717948717949
hybrid_weighted_kalman,-70,1,0.5,0.02,0.5,12,40,1755,1755,100,106.691462748221,208.320305689405,12.2349917804713,581.031741606562,1.13960113960114,4.95726495726496,19.9430199430199,5.27521367521368,1170,1170,100,74.9153196323409,163.731818149272,9.3121218388551,453.481507691194,0.94017094017094,4.87179487179487,22.7350427350427,5.38717948717949
hybrid_weighted_kalman,-70,1,0.5,0.02,0.5,12,80,1755,1755,100,9.15788566459518,11.1090085256218,7.65616718916287,20.4529089213359,1.76638176638177,7.17948717948718,28.4900284900285,5.27521367521368,1170,1170,100,8.13519198902585,9.59742520067672,7.20974799935105,18.1979587967724,1.28205128205128,6.66666666666667,30.5982905982906,5.38717948717949
hybrid_weighted_kalman,-70,1,0.5,0.02,0.5,20,20,1755,1755,100,336.21419159598,375.237394839023,341.348970127257,594.890133492018,0,0.170940170940171,0.740740740740741,5.27521367521368,1170,1170,100,239.95739465086,262.818145305714,245.532239592133,392.920377604019,0.0854700854700855,0.341880341880342,0.854700854700855,5.38717948717949
hybrid_weighted_kalman,-70,1,0.5,0.02,0.5,20,40,1755,1755,100,142.646489465747,226.225599388067,36.9318273750885,535.564823906092,0.626780626780627,1.93732193732194,8.71794871794872,5.27521367521368,1170,1170,100,138.832064999976,221.380885682077,37.4869853437907,527.433130847309,0.256410256410256,1.1965811965812,7.00854700854701,5.38717948717949
hybrid_weighted_kalman,-70,1,0.5,0.02,0.5,20,80,1755,1755,100,11.1714478827823,13.5121958809936,9.32262562787754,26.4834615855864,1.02564102564103,4.38746438746439,21.4245014245014,5.27521367521368,1170,1170,100,9.52670054372576,11.526625405222,8.04330890113208,23.1621001923124,1.36752136752137,5.47008547008547,25.4700854700855,5.38717948717949
hybrid_weighted_kalman,-70,1,0.5,0.02,1,3,20,1755,1755,100,361.658704277561,459.345592120139,356.77750729796,787.659098559694,3.47578347578348,8.09116809116809,14.2450142450142,5.27521367521368,1170,1170,100,265.651932167607,381.968673719687,170.304034026979,804.346090030709,4.52991452991453,11.025641025641,18.5470085470085,5.38717948717949
hybrid_weighted_kalman,-70,1,0.5,0.02,1,3,40,1755,1755,100,144.267109932353,265.299067948531,14.7308088526495,622.759653966742,4.9002849002849,11.6809116809117,24.7293447293447,5.27521367521368,1170,1170,100,169.612692761081,318.334453463925,14.9195122900899,812.69774299232,4.61538461538462,11.6239316239316,22.1367521367521,5.38717948717949
hybrid_weighted_kalman,-70,1,0.5,0.02,1,3,80,1755,1755,100,9.37421895548214,11.7129813484496,8.36817504808354,21.6514309148803,5.58404558404558,13.5612535612536,31.965811965812,5.27521367521368,1170,1170,100,9.349899139318,11.2095083664532,9.02216393618163,20.5248399238645,4.95726495726496,12.8205128205128,29.2307692307692,5.38717948717949
hybrid_weighted_kalman,-70,1,0.5,0.02,1,5,20,1755,1755,100,334.092037341806,423.946528160185,325.256430495144,723.763054168339,2.90598290598291,7.17948717948718,13.5612535612536,5.27521367521368,1170,1170,100,287.703552291987,407.464676211822,197.444526510492,827.924786930085,4.01709401709402,9.57264957264957,19.3162393162393,5.38717948717949
hybrid_weighted_kalman,-70,1,0.5,0.02,1,5,40,1755,1755,100,92.4246548680253,204.381810333486,10.2709389999667,598.623513046647,4.38746438746439,11.1111111111111,28.2621082621083,5.27521367521368,1170,1170,100,78.2844096982882,196.270156811606,9.75231071575892,543.97536077477,4.44444444444444,10.7692307692308,28.3760683760684,5.38717948717949
hybrid_weighted_kalman,-70,1,0.5,0.02,1,5,80,1755,1755,100,8.65584953411593,10.6861282945999,7.63429762870279,20.0320669361618,4.9002849002849,12.5925925925926,33.9031339031339,5.27521367521368,1170,1170,100,8.5772049622851,10.2258203349992,8.31976501778929,18.4154880798974,4.44444444444444,11.4529914529915,32.3076923076923,5.38717948717949
hybrid_weighted_kalman,-70,1,0.5,0.02,1,8,20,1755,1755,100,293.524030527597,377.783565321224,280.108343280647,665.631265850737,2.10826210826211,4.84330484330484,12.5925925925926,5.27521367521368,1170,1170,100,258.372163089673,365.186394141815,173.320946982635,746.140965609225,2.64957264957265,7.43589743589744,18.974358974359,5.38717948717949
hybrid_weighted_kalman,-70,1,0.5,0.02,1,8,40,1755,1755,100,86.2294379530146,196.269376371512,9.51084386231813,598.623513046647,3.30484330484331,8.6039886039886,28.034188034188,5.27521367521368,1170,1170,100,74.3406195304614,186.020448632644,9.00728224350571,526.330326729926,3.24786324786325,10,29.4017094017094,5.38717948717949
hybrid_weighted_kalman,-70,1,0.5,0.02,1,8,80,1755,1755,100,8.27800453171054,10.1384392103772,7.26105893370533,19.2638092015542,4.15954415954416,10.02849002849,34.9287749287749,5.27521367521368,1170,1170,100,8.0487479025484,9.51130438354654,7.5578156979988,17.2506870244057,3.58974358974359,10.5128205128205,33.6752136752137,5.38717948717949
hybrid_weighted_kalman,-70,1,0.5,0.02,1,12,20,1755,1755,100,280.329722758802,359.358602991723,262.756179421177,640.076722017826,0.911680911680912,2.84900284900285,9.91452991452991,5.27521367521368,1170,1170,100,232.716450085053,320.489667205875,182.442438389056,679.677516853973,1.28205128205128,3.33333333333333,12.0512820512821,5.38717948717949
hybrid_weighted_kalman,-70,1,0.5,0.02,1,12,40,1755,1755,100,101.346006629498,204.871483917299,10.8099194545359,575.530579813007,2.27920227920228,6.55270655270655,23.8176638176638,5.27521367521368,1170,1170,100,71.8244188877582,178.219708545235,8.7362901359315,509.100307676419,2.56410256410256,6.75213675213675,26.3247863247863,5.38717948717949
hybrid_weighted_kalman,-70,1,0.5,0.02,1,12,80,1755,1755,100,8.31242942626289,10.0630336748282,7.28183373804783,18.9541819058286,3.13390313390313,9.05982905982906,33.4472934472934,5.27521367521368,1170,1170,100,7.8998397315338,9.19024853243411,7.25245864197315,16.5218505624981,3.07692307692308,7.86324786324786,31.8803418803419,5.38717948717949
hybrid_weighted_kalman,-70,1,0.5,0.02,1,20,20,1755,1755,100,319.422409994869,358.832696803514,314.696429899127,596.487021465462,0,0.170940170940171,0.740740740740741,5.27521367521368,1170,1170,100,238.603028845353,261.495870698062,243.47340890427,392.393112022523,0.0854700854700855,0.341880341880342,0.854700854700855,5.38717948717949
hybrid_weighted_kalman,-70,1,0.5,0.02,1,20,40,1755,1755,100,101.123004030295,204.940572455743,11.2903819611007,576.861263986889,0.56980056980057,3.87464387464387,18.5754985754986,5.27521367521368,1170,1170,100,55.6994481607394,135.991509517906,9.01017504375372,369.015484440287,0.683760683760684,3.84615384615385,21.3675213675214,5.38717948717949
hybrid_weighted_kalman,-70,1,0.5,0.02,1,20,80,1755,1755,100,9.15527195080124,10.9003888222939,7.87819012717959,19.5538731152362,1.08262108262108,5.41310541310541,26.4387464387464,5.27521367521368,1170,1170,100,8.31704782465599,9.56161184222466,7.58875108804536,17.0526872208315,0.854700854700855,4.95726495726496,25.8119658119658,5.38717948717949
hybrid_weighted_raw,-70,1,0.5,0.05,NaN,NaN,NaN,1755,1755,100,13.7981275920958,17.3954400758241,12.3243866005512,32.4745072949766,5.41310541310541,12.9344729344729,24.3874643874644,5.25299145299145,1170,1170,100,13.5541545870936,16.7019078688101,12.4375360167668,30.8321293050001,5.55555555555556,10.2564102564103,21.5384615384615,5.36923076923077
hybrid_weighted_kalman,-70,1,0.5,0.05,0.1,3,20,1755,1755,100,289.271239016642,381.87454617881,222.019858759539,768.651561572904,2.22222222222222,5.01424501424501,8.6039886039886,5.25299145299145,1170,1170,100,235.362331330812,330.677910585558,149.166159070465,675.690021658593,3.93162393162393,6.92307692307692,11.3675213675214,5.36923076923077
hybrid_weighted_kalman,-70,1,0.5,0.05,0.1,3,40,1755,1755,100,101.624994104697,169.815216493138,18.9259385111763,387.265256341252,3.01994301994302,7.57834757834758,16.980056980057,5.25299145299145,1170,1170,100,61.7173732388706,117.891750516769,11.8408896126447,307.692287579664,4.52991452991453,8.03418803418803,20.5128205128205,5.36923076923077
hybrid_weighted_kalman,-70,1,0.5,0.05,0.1,3,80,1755,1755,100,9.31939299380536,11.4122766770797,7.8697277214546,22.5437193894579,3.64672364672365,9.85754985754986,29.1168091168091,5.25299145299145,1170,1170,100,8.79453303008845,10.5178493744416,7.68114251547034,19.6140034531498,4.61538461538462,10,27.6068376068376,5.36923076923077
hybrid_weighted_kalman,-70,1,0.5,0.05,0.1,5,20,1755,1755,100,294.006292606628,379.66278593388,239.123217702177,748.855272629955,2.33618233618234,4.9002849002849,8.03418803418803,5.25299145299145,1170,1170,100,234.155882037501,323.982235854087,153.688119580671,645.0417936485,3.67521367521368,6.4957264957265,10.6837606837607,5.36923076923077
hybrid_weighted_kalman,-70,1,0.5,0.05,0.1,5,40,1755,1755,100,111.208237873518,176.026279512673,31.5327190544662,396.549627280228,3.64672364672365,8.31908831908832,16.2393162393162,5.25299145299145,1170,1170,100,163.149902630919,242.376646059706,82.2598284338055,518.491521213418,3.67521367521368,6.66666666666667,12.3076923076923,5.36923076923077
hybrid_weighted_kalman,-70,1,0.5,0.05,0.1,5,80,1755,1755,100,10.9375741674668,13.7846919109632,8.62312241403737,28.3130326935357,3.81766381766382,10.4273504273504,28.8319088319088,5.25299145299145,1170,1170,100,10.2195248702198,12.6770372504888,8.32862148588593,25.3208148942694,4.1025641025641,8.54700854700855,27.2649572649573,5.36923076923077
hybrid_weighted_kalman,-70,1,0.5,0.05,0.1,8,20,1755,1755,100,290.039380113179,361.151992447279,271.945764248555,661.596807586729,2.10826210826211,3.30484330484331,6.78062678062678,5.25299145299145,1170,1170,100,237.762096929793,327.138309524851,158.748007235925,648.846085164655,2.05128205128205,4.44444444444444,9.65811965811966,5.36923076923077
hybrid_weighted_kalman,-70,1,0.5,0.05,0.1,8,40,1755,1755,100,120.724998271583,189.860678809579,37.8009904617364,428.16216234419,3.24786324786325,6.78062678062678,16.011396011396,5.25299145299145,1170,1170,100,197.800697370331,285.423120287122,114.986115862668,581.117061127895,2.13675213675214,4.78632478632479,11.2820512820513,5.36923076923077
hybrid_weighted_kalman,-70,1,0.5,0.05,0.1,8,80,1755,1755,100,13.4626454505349,17.3067596934942,10.1980424946816,35.0548227301612,4.04558404558405,9.34472934472934,26.7806267806268,5.25299145299145,1170,1170,100,12.4484956076055,16.0897891567959,8.96866787482191,33.9304195955297,2.99145299145299,7.77777777777778,25.3846153846154,5.36923076923077
hybrid_weighted_kalman,-70,1,0.5,0.05,0.1,12,20,1755,1755,100,292.194511096528,352.9586508413,300.673170633677,598.044789662063,0.797720797720798,1.82336182336182,4.21652421652422,5.25299145299145,1170,1170,100,237.49847850783,306.321632520773,206.617157979379,631.915943625352,0.427350427350427,1.79487179487179,5.8974358974359,5.36923076923077
hybrid_weighted_kalman,-70,1,0.5,0.05,0.1,12,40,1755,1755,100,127.949363451235,200.78377337221,41.1964659460434,448.957133146562,1.65242165242165,4.78632478632479,14.6438746438746,5.25299145299145,1170,1170,100,206.080772736225,294.780859988558,120.173604375306,600.355354757128,0.512820512820513,2.22222222222222,8.11965811965812,5.36923076923077
hybrid_weighted_kalman,-70,1,0.5,0.05,0.1,12,80,1755,1755,100,17.074247922973,21.8303514627234,12.9556632901226,43.9009207957334,1.70940170940171,6.38176638176638,22.1652421652422,5.25299145299145,1170,1170,100,15.6494369130447,20.6487138579436,10.1747601215541,43.7916749053754,1.45299145299145,5.64102564102564,22.9059829059829,5.36923076923077
hybrid_weighted_kalman,-70,1,0.5,0.05,0.1,20,20,1755,1755,100,321.353676842065,365.819399599175,326.585531629742,579.185979564546,0.056980056980057,0.341880341880342,0.854700854700855,5.25299145299145,1170,1170,100,250.278307872779,271.922186950989,273.311336594658,384.91439813369,0,0.256410256410256,0.683760683760684,5.36923076923077
hybrid_weighted_kalman,-70,1,0.5,0.05,0.1,20,40,1755,1755,100,133.059487544511,207.465792364424,48.5780147931236,467.605335915918,0.170940170940171,1.25356125356125,9.4017094017094,5.25299145299145,1170,1170,100,223.986902123725,314.176690860483,139.836519080136,631.3838478787,0,0.427350427350427,3.5042735042735,5.36923076923077
hybrid_weighted_kalman,-70,1,0.5,0.05,0.1,20,80,1755,1755,100,50.7358124459865,91.0395861900595,23.4430301668873,248.066398419487,0.341880341880342,0.968660968660969,8.83190883190883,5.25299145299145,1170,1170,100,77.5903290153213,149.906208078744,21.1178333142144,405.777531961741,0.256410256410256,1.1965811965812,8.8034188034188,5.36923076923077
hybrid_weighted_kalman,-70,1,0.5,0.05,0.2,3,20,1755,1755,100,286.221709020741,380.922514450893,222.194605578283,768.780095755369,2.33618233618234,4.9002849002849,10.4843304843305,5.25299145299145,1170,1170,100,229.652695043926,330.269596927542,137.667101987572,702.84073298292,3.93162393162393,6.92307692307692,13.9316239316239,5.36923076923077
hybrid_weighted_kalman,-70,1,0.5,0.05,0.2,3,40,1755,1755,100,66.0306242192292,149.241764122553,9.29578678381269,401.587337879346,3.07692307692308,9.51566951566952,27.3504273504274,5.25299145299145,1170,1170,100,31.1994501505403,108.981792359279,7.71077478911028,144.000583169832,4.52991452991453,9.74358974358974,28.8888888888889,5.36923076923077
hybrid_weighted_kalman,-70,1,0.5,0.05,0.2,3,80,1755,1755,100,8.39634547643152,10.1980946271711,7.32983494927566,19.1153510423466,3.41880341880342,10.9401709401709,32.5925925925926,5.25299145299145,1170,1170,100,8.10114709481372,9.58297824551586,7.29927520802434,17.4887142053103,4.52991452991453,10.3418803418803,31.3675213675214,5.36923076923077
hybrid_weighted_kalman,-70,1,0.5,0.05,0.2,5,20,1755,1755,100,289.595957031548,376.866285353846,231.74998578089,748.973896591473,2.39316239316239,4.78632478632479,7.86324786324786,5.25299145299145,1170,1170,100,235.372598039553,331.804223955827,148.493561486194,680.29336750316,3.67521367521368,6.41025641025641,10.8547008547009,5.36923076923077
hybrid_weighted_kalman,-70,1,0.5,0.05,0.2,5,40,1755,1755,100,81.7906058367674,152.253043190836,13.0411510365321,371.704555039632,3.53276353276353,8.94586894586894,20.1709401709402,5.25299145299145,1170,1170,100,26.5763071427757,64.0434070707753,8.51432074394443,174.380060684151,3.93162393162393,8.2051282051282,24.017094017094,5.36923076923077
hybrid_weighted_kalman,-70,1,0.5,0.05,0.2,5,80,1755,1755,100,8.90773329308269,10.8609831524194,7.64901359169006,20.8739323476617,4.04558404558405,10.1424501424501,29.6296296296296,5.25299145299145,1170,1170,100,8.50290707728801,10.0848547252635,7.4732763538187,18.288078046162,4.27350427350427,9.65811965811966,28.2905982905983,5.36923076923077
hybrid_weighted_kalman,-70,1,0.5,0.05,0.2,8,20,1755,1755,100,288.155464689295,359.67524856933,268.538733501389,661.649742543949,2.05128205128205,3.30484330484331,6.66666666666667,5.25299145299145,1170,1170,100,236.171227301481,327.428976064716,154.5032255845,653.921327792698,2.22222222222222,4.52991452991453,9.82905982905983,5.36923076923077
hybrid_weighted_kalman,-70,1,0.5,0.05,0.2,8,40,1755,1755,100,98.018164699361,163.787165384765,22.0232592252653,377.585511791948,3.58974358974359,7.35042735042735,17.6638176638177,5.25299145299145,1170,1170,100,148.18909603107,222.043340797026,71.1947906667678,478.088757501753,2.22222222222222,4.95726495726496,12.1367521367521,5.36923076923077
hybrid_weighted_kalman,-70,1,0.5,0.05,0.2,8,80,1755,1755,100,10.1438337442576,12.5957199949437,8.24441026082483,25.5348546890486,4.04558404558405,9.11680911680912,28.0911680911681,5.25299145299145,1170,1170,100,9.60889901605871,11.6024596639828,8.15238549408616,22.3330346859923,2.56410256410256,7.17948717948718,26.2393162393162,5.36923076923077
hybrid_weighted_kalman,-70,1,0.5,0.05,0.2,12,20,1755,1755,100,291.073093921709,352.001562109881,299.573498436598,598.044789662063,0.797720797720798,1.88034188034188,4.78632478632479,5.25299145299145,1170,1170,100,233.029232660503,302.095762409175,202.812074255235,623.202208997398,0.427350427350427,1.96581196581197,5.8974358974359,5.36923076923077
hybrid_weighted_kalman,-70,1,0.5,0.05,0.2,12,40,1755,1755,100,115.081855845403,181.451664142009,33.5230445792963,409.534323038435,1.48148148148148,4.5014245014245,13.960113960114,5.25299145299145,1170,1170,100,189.683887489998,273.986586221042,107.993342785605,561.168321242242,0.598290598290598,2.56410256410256,8.46153846153846,5.36923076923077
hybrid_weighted_kalman,-70,1,0.5,0.05,0.2,12,80,1755,1755,100,11.9750411534421,15.0759578759516,9.20139898545356,30.5977351945577,1.99430199430199,6.95156695156695,26.8945868945869,5.25299145299145,1170,1170,100,11.2292150113572,13.9388049917935,8.83810354047575,28.4972068911123,1.36752136752137,5.2991452991453,23.5042735042735,5.36923076923077
hybrid_weighted_kalman,-70,1,0.5,0.05,0.2,20,20,1755,1755,100,321.271634065886,365.772483829871,326.5573652946,579.177273812085,0.056980056980057,0.341880341880342,0.854700854700855,5.25299145299145,1170,1170,100,250.226270582515,271.873742620604,273.162910587676,384.885444812835,0,0.256410256410256,0.683760683760684,5.36923076923077
hybrid_weighted_kalman,-70,1,0.5,0.05,0.2,20,40,1755,1755,100,125.398760927916,196.587763733167,40.1173535254593,442.361878547885,0.512820512820513,1.48148148148148,9.57264957264957,5.25299145299145,1170,1170,100,212.091841944694,301.041873869057,127.642510336162,612.242103329494,0,0.341880341880342,3.67521367521368,5.36923076923077
hybrid_weighted_kalman,-70,1,0.5,0.05,0.2,20,80,1755,1755,100,15.9228977978818,19.9262031830303,12.0276692845277,39.5989754049673,0.56980056980057,3.24786324786325,18.2336182336182,5.25299145299145,1170,1170,100,14.7795636653221,18.8235010691442,10.5368227230281,39.2288920629347,1.1965811965812,4.27350427350427,17.9487179487179,5.36923076923077
hybrid_weighted_kalman,-70,1,0.5,0.05,0.5,3,20,1755,1755,100,306.273451127617,403.429004728171,256.818616251184,789.536090226572,2.79202279202279,6.43874643874644,12.3646723646724,5.25299145299145,1170,1170,100,230.674296430164,336.156478905559,133.310440530166,741.618654767679,4.1025641025641,8.54700854700855,18.4615384615385,5.36923076923077
hybrid_weighted_kalman,-70,1,0.5,0.05,0.5,3,40,1755,1755,100,178.708375911922,301.015240287105,32.3898915347259,723.90710568883,4.5014245014245,11.1111111111111,23.1339031339031,5.25299145299145,1170,1170,100,131.536067173728,279.60124714266,10.9132518324185,725.638828984908,4.44444444444444,9.65811965811966,25.982905982906,5.36923076923077
hybrid_weighted_kalman,-70,1,0.5,0.05,0.5,3,80,1755,1755,100,8.85529744314936,11.0087953595096,7.75648209560366,21.228829038937,4.72934472934473,12.2507122507123,32.7635327635328,5.25299145299145,1170,1170,100,8.67322991880169,10.4202059402007,8.10724101500585,18.6414194084787,4.61538461538462,10.8547008547009,31.965811965812,5.36923076923077
hybrid_weighted_kalman,-70,1,0.5,0.05,0.5,5,20,1755,1755,100,313.744305951827,404.792271400681,280.82182220721,773.380541732368,2.16524216524217,5.24216524216524,10.5413105413105,5.25299145299145,1170,1170,100,226.334448691166,328.124806087401,131.851304735873,711.381610821666,4.01709401709402,7.00854700854701,17.2649572649573,5.36923076923077
hybrid_weighted_kalman,-70,1,0.5,0.05,0.5,5,40,1755,1755,100,98.161667982245,211.094813876456,10.1874775329396,538.508572801586,3.93162393162393,10.1424501424501,26.7236467236467,5.25299145299145,1170,1170,100,52.1792760721316,148.485265891034,8.34676806997353,433.938741060161,4.44444444444444,9.4017094017094,29.5726495726496,5.36923076923077
hybrid_weighted_kalman,-70,1,0.5,0.05,0.5,5,80,1755,1755,100,8.40342071073785,10.3199196938794,7.32508566505689,19.4345457704563,3.98860398860399,11.1680911680912,33.4472934472934,5.25299145299145,1170,1170,100,8.23512071245432,9.77322426239907,7.46350425580069,17.2700509810899,4.78632478632479,9.82905982905983,31.2820512820513,5.36923076923077
hybrid_weighted_kalman,-70,1,0.5,0.05,0.5,8,20,1755,1755,100,281.38295115262,354.76698086688,262.83984850947,662.020178753396,2.05128205128205,3.41880341880342,8.26210826210826,5.25299145299145,1170,1170,100,230.212283667342,330.398803049709,139.262154194007,700.903415044476,2.56410256410256,4.7008547008547,11.8803418803419,5.36923076923077
hybrid_weighted_kalman,-70,1,0.5,0.05,0.5,8,40,1755,1755,100,49.4617569929874,118.881834011841,8.98789496828429,323.454652414134,3.41880341880342,8.66096866096866,27.2364672364672,5.25299145299145,1170,1170,100,31.2321431062971,108.590488923483,7.78133426168937,143.386204174596,2.90598290598291,7.77777777777778,26.8376068376068,5.36923076923077
hybrid_weighted_kalman,-70,1,0.5,0.05,0.5,8,80,1755,1755,100,8.40522741192954,10.201882095679,7.32605055589646,19.3453590226161,3.81766381766382,10.02849002849,32.7065527065527,5.25299145299145,1170,1170,100,8.2061499595051,9.62960649166495,7.29509667885022,17.5048074671893,2.90598290598291,7.86324786324786,29.4017094017094,5.36923076923077
hybrid_weighted_kalman,-70,1,0.5,0.05,0.5,12,20,1755,1755,100,289.895755155216,351.557801899975,300.249802611301,598.044789662063,1.08262108262108,2.16524216524217,5.01424501424501,5.25299145299145,1170,1170,100,227.06536189732,300.495776508845,195.647201215978,638.207313813537,0.512820512820513,2.22222222222222,5.98290598290598,5.36923076923077
hybrid_weighted_kalman,-70,1,0.5,0.05,0.5,12,40,1755,1755,100,78.2634279538237,149.098907591485,12.2461161511658,366.764221237672,2.22222222222222,6.0968660968661,18.8603988603989,5.25299145299145,1170,1170,100,26.4232362477315,62.9414111805402,8.66828399578049,170.045279750921,0.769230769230769,4.52991452991453,21.025641025641,5.36923076923077
hybrid_weighted_kalman,-70,1,0.5,0.05,0.5,12,80,1755,1755,100,8.97183075264817,10.812661903139,7.5883132838658,20.5416378464052,2.62108262108262,7.46438746438746,27.6353276353276,5.25299145299145,1170,1170,100,8.69942917412587,10.1226261646076,7.62635070179513,18.1280868103298,1.11111111111111,5.72649572649573,25.5555555555556,5.36923076923077
hybrid_weighted_kalman,-70,1,0.5,0.05,0.5,20,20,1755,1755,100,320.310240852364,365.430021047827,328.863511707046,579.11634237699,0.056980056980057,0.341880341880342,0.854700854700855,5.25299145299145,1170,1170,100,249.865241889042,271.538973563422,272.387988362397,384.68279659643,0,0.256410256410256,0.683760683760684,5.36923076923077
hybrid_weighted_kalman,-70,1,0.5,0.05,0.5,20,40,1755,1755,100,98.5970182043365,163.801461202142,22.8300138726623,376.833744578113,0.455840455840456,2.27920227920228,11.4529914529915,5.25299145299145,1170,1170,100,153.6941978113,229.248701688137,72.7756441875227,495.434328915978,0,0.512820512820513,5.81196581196581,5.36923076923077
hybrid_weighted_kalman,-70,1,0.5,0.05,0.5,20,80,1755,1755,100,10.7201739088708,12.9012061291194,8.81120825848807,25.5718444521055,0.911680911680912,3.98860398860399,21.8233618233618,5.25299145299145,1170,1170,100,10.2486911875929,11.9841409049007,8.89038135657789,22.3814849546645,0.341880341880342,2.90598290598291,20.0854700854701,5.36923076923077
hybrid_weighted_kalman,-70,1,0.5,0.05,1,3,20,1755,1755,100,348.281406382251,450.18694151837,299.971353954557,843.476236258413,2.67806267806268,6.72364672364672,12.7635327635328,5.25299145299145,1170,1170,100,309.294963810188,451.556860602232,196.27234155775,957.203756671267,4.18803418803419,10.7692307692308,18.034188034188,5.36923076923077
hybrid_weighted_kalman,-70,1,0.5,0.05,1,3,40,1755,1755,100,191.840822171217,343.117380640215,34.4225917545548,797.453684145548,5.07122507122507,12.5925925925926,22.5071225071225,5.25299145299145,1170,1170,100,159.195414571579,302.715866989828,14.9311860478722,793.700173978971,4.44444444444444,11.1111111111111,23.6752136752137,5.36923076923077
hybrid_weighted_kalman,-70,1,0.5,0.05,1,3,80,1755,1755,100,50.9988275516407,213.116566339301,8.85619682681622,39.2875223107955,5.52706552706553,13.7321937321937,30.0854700854701,5.25299145299145,1170,1170,100,9.58136164427059,11.6494974432294,8.86984211237809,21.1969731496339,4.87179487179487,12.1367521367521,30.0854700854701,5.36923076923077
hybrid_weighted_kalman,-70,1,0.5,0.05,1,5,20,1755,1755,100,332.777158032244,424.400608726035,303.221021369349,788.945172556583,2.33618233618234,5.81196581196581,10.8831908831909,5.25299145299145,1170,1170,100,237.082634285076,343.551932725336,141.643614372967,740.521701748598,4.01709401709402,8.8034188034188,18.1196581196581,5.36923076923077
hybrid_weighted_kalman,-70,1,0.5,0.05,1,5,40,1755,1755,100,154.086553290367,280.021222615924,16.9449327081544,696.303711922597,5.24216524216524,11.7948717948718,24.1025641025641,5.25299145299145,1170,1170,100,173.840728253817,336.51002225593,12.9740324743777,824.453875972708,4.1025641025641,9.65811965811966,24.2735042735043,5.36923076923077
hybrid_weighted_kalman,-70,1,0.5,0.05,1,5,80,1755,1755,100,9.04455399627853,11.3043713350399,7.838315478295,22.0055777439475,5.41310541310541,12.7065527065527,32.8774928774929,5.25299145299145,1170,1170,100,8.90305497038373,10.7238181336856,8.41466801325948,19.3851564125192,4.35897435897436,10.8547008547009,31.1111111111111,5.36923076923077
hybrid_weighted_kalman,-70,1,0.5,0.05,1,8,20,1755,1755,100,300.673339941525,378.579503254704,287.781128374488,703.849711824684,2.05128205128205,4.5014245014245,9.74358974358974,5.25299145299145,1170,1170,100,227.519983638634,331.715946201088,129.461352755502,728.656716222191,2.73504273504274,6.32478632478632,16.9230769230769,5.36923076923077
hybrid_weighted_kalman,-70,1,0.5,0.05,1,8,40,1755,1755,100,156.707631672319,281.338629885974,13.7915927149729,685.118355590915,3.98860398860399,9.68660968660969,24.1595441595442,5.25299145299145,1170,1170,100,53.3582612438057,151.702298501746,8.49574527458097,444.345295217828,3.24786324786325,8.2051282051282,28.6324786324786,5.36923076923077
hybrid_weighted_kalman,-70,1,0.5,0.05,1,8,80,1755,1755,100,8.55340877335562,10.5600584960991,7.465551436657,19.9343753781575,4.21652421652422,10.6552706552707,33.4472934472934,5.25299145299145,1170,1170,100,8.46331497547646,10.0393929295127,7.73739513063059,17.8769445230847,3.33333333333333,8.63247863247863,30.0854700854701,5.36923076923077
hybrid_weighted_kalman,-70,1,0.5,0.05,1,12,20,1755,1755,100,296.44459550626,362.017344960685,311.082651573021,630.756594609162,1.36752136752137,2.50712250712251,6.66666666666667,5.25299145299145,1170,1170,100,207.419187573654,281.360590960761,178.113785178953,607.398473695952,1.45299145299145,3.16239316239316,7.77777777777778,5.36923076923077
hybrid_weighted_kalman,-70,1,0.5,0.05,1,12,40,1755,1755,100,58.5908116195572,142.212899324563,9.02286709483686,396.729613168958,3.30484330484331,7.74928774928775,27.1225071225071,5.25299145299145,1170,1170,100,31.652488334375,110.14496705592,8.00877199675287,145.84365111437,2.22222222222222,6.06837606837607,25.7264957264957,5.36923076923077
hybrid_weighted_kalman,-70,1,0.5,0.05,1,12,80,1755,1755,100,8.44133605943751,10.2316217432938,7.29762791831886,19.2064967644631,3.53276353276353,8.26210826210826,31.7378917378917,5.25299145299145,1170,1170,100,8.3526928241569,9.73810173989955,7.63958768618775,17.1210217590188,2.22222222222222,6.41025641025641,27.4358974358974,5.36923076923077
hybrid_weighted_kalman,-70,1,0.5,0.05,1,20,20,1755,1755,100,324.093312854922,369.433763013199,340.248812283816,580.207906818946,0.113960113960114,0.398860398860399,1.02564102564103,5.25299145299145,1170,1170,100,248.617313155699,270.399953621735,270.251543267046,384.540337252974,0,0.256410256410256,0.683760683760684,5.36923076923077
hybrid_weighted_kalman,-70,1,0.5,0.05,1,20,40,1755,1755,100,60.791286161353,130.377414549146,10.3129371557697,335.100249878083,1.36752136752137,4.44444444444444,17.4358974358974,5.25299145299145,1170,1170,100,31.6844847544488,107.1389838033,8.66991208744275,141.09676462302,0.769230769230769,3.5042735042735,20.5128205128205,5.36923076923077
hybrid_weighted_kalman,-70,1,0.5,0.05,1,20,80,1755,1755,100,9.02640128358669,10.6655633801193,8.00385305819019,19.9323795436369,2.05128205128205,5.75498575498576,25.3561253561254,5.25299145299145,1170,1170,100,8.84659523513731,10.1190415716254,7.86951228603838,17.7803306557199,0.683760683760684,3.84615384615385,22.6495726495727,5.36923076923077
hybrid_weighted_raw,-70,1,0.5,0.08,NaN,NaN,NaN,1755,1754,99.9430199430199,13.7136732777327,17.2925762234041,11.8463430737871,33.2264277926584,5.70125427594071,11.630558722919,24.6294184720639,5.23304843304843,1170,1170,100,13.6908741839161,16.8328244887294,12.3515097239218,31.0113990909676,4.7008547008547,11.7094017094017,22.7350427350427,5.4008547008547
hybrid_weighted_kalman,-70,1,0.5,0.08,0.1,3,20,1755,1754,99.9430199430199,330.893828133167,420.891958953845,296.083348145007,794.033636252326,2.28050171037628,4.61801596351197,8.49486887115165,5.23304843304843,1170,1170,100,259.882187158633,347.977374539806,208.223227108157,672.39720462336,3.41880341880342,6.41025641025641,10.4273504273504,5.4008547008547
hybrid_weighted_kalman,-70,1,0.5,0.08,0.1,3,40,1755,1754,99.9430199430199,155.125807535684,241.754030047341,53.3941997742765,571.072889660444,3.1927023945268,7.46864310148233,14.9372862029647,5.23304843304843,1170,1170,100,94.8261580148719,175.121511862383,13.4203301740199,428.955277890548,3.93162393162393,8.46153846153846,20.2564102564103,5.4008547008547
hybrid_weighted_kalman,-70,1,0.5,0.08,0.1,3,80,1755,1754,99.9430199430199,9.65683767337769,11.8301323055177,8.06055227301835,23.9399113661492,4.10490307867731,9.63511972633979,27.5370581527936,5.23304843304843,1170,1170,100,8.39277979878779,10.0078582708167,7.40564356237941,18.860153759514,4.61538461538462,10.0854700854701,30.4273504273504,5.4008547008547
hybrid_weighted_kalman,-70,1,0.5,0.08,0.1,5,20,1755,1754,99.9430199430199,317.369472760405,397.858992398487,291.311290756298,631.153045004714,1.71037628278221,4.0478905359179,7.46864310148233,5.23304843304843,1170,1170,100,254.191920828569,338.677698339178,202.149018348378,653.118336867524,2.82051282051282,6.06837606837607,10.1709401709402,5.4008547008547
hybrid_weighted_kalman,-70,1,0.5,0.08,0.1,5,40,1755,1754,99.9430199430199,153.910496145679,233.913308809575,66.887398008808,495.415375917277,3.02166476624857,6.95553021664766,13.3979475484607,5.23304843304843,1170,1170,100,174.276797661968,256.728397525307,100.333044927347,549.373965004838,3.07692307692308,6.58119658119658,12.6495726495726,5.4008547008547
hybrid_weighted_kalman,-70,1,0.5,0.08,0.1,5,80,1755,1754,99.9430199430199,11.5192686784664,14.4685761584199,9.239975470578,30.1745744956013,3.64880273660205,9.57810718358039,26.3968072976055,5.23304843304843,1170,1170,100,9.78230772399788,11.9822786033638,8.17224881814448,24.2542775561285,3.58974358974359,8.97435897435897,26.7521367521368,5.4008547008547
hybrid_weighted_kalman,-70,1,0.5,0.08,0.1,8,20,1755,1754,99.9430199430199,282.395825467264,353.777895708644,249.691192609165,621.252868615141,1.31128848346636,2.96465222348917,6.38540478905359,5.23304843304843,1170,1170,100,256.072207880611,339.822650275146,204.834984040198,654.080368535723,1.1965811965812,4.1025641025641,9.14529914529914,5.4008547008547
hybrid_weighted_kalman,-70,1,0.5,0.08,0.1,8,40,1755,1754,99.9430199430199,146.156040354551,228.694013214084,46.3919595156278,508.050778116722,2.3945267958951,5.35917901938426,12.3147092360319,5.23304843304843,1170,1170,100,195.71524376484,283.090625306999,114.136444665875,584.704410120565,1.1965811965812,4.44444444444444,10.7692307692308,5.4008547008547
hybrid_weighted_kalman,-70,1,0.5,0.08,0.1,8,80,1755,1754,99.9430199430199,14.2734932512912,18.1633283456251,10.8421238497067,36.5218252593668,2.90763968072976,7.35461801596351,23.2611174458381,5.23304843304843,1170,1170,100,12.4771435049918,16.0720016342603,9.15165888744562,34.1890913011909,1.53846153846154,6.4957264957265,22.6495726495727,5.4008547008547
hybrid_weighted_kalman,-70,1,0.5,0.08,0.1,12,20,1755,1754,99.9430199430199,281.185740720431,349.693350813249,251.927285732495,621.252868615141,0.570125427594071,1.48232611174458,4.67502850627138,5.23304843304843,1170,1170,100,257.270217220265,333.460409428228,234.399498499206,640.30773104878,0.341880341880342,1.62393162393162,5.81196581196581,5.4008547008547
hybrid_weighted_kalman,-70,1,0.5,0.08,0.1,12,40,1755,1754,99.9430199430199,154.482239379079,238.297906425156,54.1409335692965,529.919047520404,1.36830102622577,3.1927023945268,11.0034207525656,5.23304843304843,1170,1170,100,206.691699818786,296.748250749205,123.307950765589,605.785571527842,0.427350427350427,2.22222222222222,8.03418803418803,5.4008547008547
hybrid_weighted_kalman,-70,1,0.5,0.08,0.1,12,80,1755,1754,99.9430199430199,17.8465223995484,22.6227580432338,13.3014364483914,44.3503345088303,1.82440136830103,4.50399087799316,18.7571265678449,5.23304843304843,1170,1170,100,40.8618504541883,93.6832743646352,12.7522663446578,258.670759035028,0.512820512820513,3.5042735042735,17.5213675213675,5.4008547008547
hybrid_weighted_kalman,-70,1,0.5,0.08,0.1,20,20,1755,1754,99.9430199430199,337.387534047399,383.297577933678,352.363704215859,621.252868615141,0.0570125427594071,0.228050171037628,0.684150513112885,5.23304843304843,1170,1170,100,239.713251099185,265.9442338791,230.541645799662,446.425371566886,0.0854700854700855,0.341880341880342,0.854700854700855,5.4008547008547
hybrid_weighted_kalman,-70,1,0.5,0.08,0.1,20,40,1755,1754,99.9430199430199,157.079058761374,241.801167517773,59.2086448346928,539.936449143858,0.228050171037628,1.25427594070696,7.46864310148233,5.23304843304843,1170,1170,100,224.405249724115,315.786479029498,139.722943865063,634.327705559432,0.0854700854700855,0.598290598290598,3.93162393162393,5.4008547008547
hybrid_weighted_kalman,-70,1,0.5,0.08,0.1,20,80,1755,1754,99.9430199430199,57.1960299479712,107.05259776997,24.6621990408943,295.991122892943,0.342075256556442,1.14025085518814,8.0387685290764,5.23304843304843,1170,1170,100,83.1526729129447,149.650905805929,24.5477212676195,381.977527875469,0.427350427350427,1.1965811965812,8.8034188034188,5.4008547008547
hybrid_weighted_kalman,-70,1,0.5,0.08,0.2,3,20,1755,1754,99.9430199430199,332.030039348198,426.335155086504,308.370922988227,798.755488894413,2.4515393386545,4.78905359179019,9.92018244013683,5.23304843304843,1170,1170,100,255.647594199199,348.574330305878,199.036729599857,676.485519537209,3.58974358974359,7.09401709401709,13.3333333333333,5.4008547008547
hybrid_weighted_kalman,-70,1,0.5,0.08,0.2,3,40,1755,1754,99.9430199430199,162.886636089781,254.314159527679,55.3119670794495,590.194325231513,3.53477765108324,8.0957810718358,20.0684150513113,5.23304843304843,1170,1170,100,33.9486918728446,97.6427792071879,8.32460845641593,201.292182580837,4.1025641025641,9.48717948717949,27.8632478632479,5.4008547008547
hybrid_weighted_kalman,-70,1,0.5,0.08,0.2,3,80,1755,1754,99.9430199430199,8.58275777264966,10.340948350996,7.41839129544308,19.6612592114752,4.50399087799316,9.86316989737742,32.3261117445838,5.23304843304843,1170,1170,100,7.96707552347587,9.45625412664075,7.05075641303761,17.6043299734766,4.52991452991453,10.5982905982906,31.1111111111111,5.4008547008547
hybrid_weighted_kalman,-70,1,0.5,0.08,0.2,5,20,1755,1754,99.9430199430199,312.84749808264,394.978350799084,283.764301990789,631.979017802307,1.82440136830103,4.21892816419612,8.15279361459521,5.23304843304843,1170,1170,100,259.944732452506,349.103000258375,206.759141790536,672.360908630288,2.82051282051282,6.06837606837607,10.8547008547009,5.4008547008547
hybrid_weighted_kalman,-70,1,0.5,0.08,0.2,5,40,1755,1754,99.9430199430199,160.903649256565,251.269236964258,47.8438667406674,587.917416349244,3.2497149372862,7.69669327251995,16.4766248574686,5.23304843304843,1170,1170,100,65.081796580283,142.532997124394,10.7533318841082,366.577862244391,3.33333333333333,8.46153846153846,21.6239316239316,5.4008547008547
hybrid_weighted_kalman,-70,1,0.5,0.08,0.2,5,80,1755,1754,99.9430199430199,9.21968893046995,11.2177832755757,7.72757373247818,22.0957512468465,4.21892816419612,10.1482326111745,27.7651083238312,5.23304843304843,1170,1170,100,8.17617679365353,9.67704501535977,7.14304477234644,18.251253736057,3.67521367521368,9.65811965811966,30.8547008547009,5.4008547008547
hybrid_weighted_kalman,-70,1,0.5,0.08,0.2,8,20,1755,1754,99.9430199430199,283.641146838242,354.554320426186,250.691405770566,621.252868615141,1.25427594070696,2.90763968072976,7.18358038768529,5.23304843304843,1170,1170,100,253.056618189862,337.600681477002,201.424621708276,651.832924551751,1.45299145299145,4.27350427350427,9.14529914529914,5.4008547008547
hybrid_weighted_kalman,-70,1,0.5,0.08,0.2,8,40,1755,1754,99.9430199430199,156.328797999616,238.570843537763,68.6488114983827,534.374717945053,2.50855188141391,5.98631698973774,13.7970353477765,5.23304843304843,1170,1170,100,111.751192135234,190.923223850315,16.8208009561906,442.724785900089,1.70940170940171,5.55555555555556,16.0683760683761,5.4008547008547
hybrid_weighted_kalman,-70,1,0.5,0.08,0.2,8,80,1755,1754,99.9430199430199,10.6235073685097,13.1452295145169,8.70554187952242,27.3294860035576,2.90763968072976,8.0957810718358,26.6248574686431,5.23304843304843,1170,1170,100,9.15198224062778,10.9595235377178,7.9342548642259,21.034023567717,1.96581196581197,7.26495726495727,27.2649572649573,5.4008547008547
hybrid_weighted_kalman,-70,1,0.5,0.08,0.2,12,20,1755,1754,99.9430199430199,282.972734365325,351.490486732451,254.599472956649,621.252868615141,0.570125427594071,1.48232611174458,4.73204104903079,5.23304843304843,1170,1170,100,257.43101955902,335.042826076332,234.960975747625,643.609117425795,0.341880341880342,1.79487179487179,5.98290598290598,5.4008547008547
hybrid_weighted_kalman,-70,1,0.5,0.08,0.2,12,40,1755,1754,99.9430199430199,148.161795003706,227.896627815794,62.7352608920906,494.359853179712,1.53933865450399,3.47776510832383,11.5165336374002,5.23304843304843,1170,1170,100,182.450774251297,266.665429169606,104.691239122047,560.651360391899,0.427350427350427,2.56410256410256,8.88888888888889,5.4008547008547
hybrid_weighted_kalman,-70,1,0.5,0.08,0.2,12,80,1755,1754,99.9430199430199,12.7169861216402,15.8943515866982,9.87139123139344,32.7316052073602,1.6533637400228,5.53021664766249,23.3751425313569,5.23304843304843,1170,1170,100,10.8691760019183,13.2489060862188,8.90226281204859,27.3285570224992,0.512820512820513,4.44444444444444,22.991452991453,5.4008547008547
hybrid_weighted_kalman,-70,1,0.5,0.08,0.2,20,20,1755,1754,99.9430199430199,337.280136223096,383.225335961179,352.269534985015,621.252868615141,0.0570125427594071,0.228050171037628,0.684150513112885,5.23304843304843,1170,1170,100,239.651166208492,265.889426815565,230.364364849949,446.425371566886,0.0854700854700855,0.341880341880342,0.854700854700855,5.4008547008547
hybrid_weighted_kalman,-70,1,0.5,0.08,0.2,20,40,1755,1754,99.9430199430199,149.56306089304,233.085107553094,49.2328775911664,521.983230949812,0.228050171037628,0.96921322690992,7.63968072976055,5.23304843304843,1170,1170,100,202.69100381216,290.744754922162,118.714210118651,595.593353173352,0.170940170940171,0.598290598290598,4.01709401709402,5.4008547008547
hybrid_weighted_kalman,-70,1,0.5,0.08,0.2,20,80,1755,1754,99.9430199430199,16.6844318366796,20.7494770534688,12.7440246429338,40.7134679237863,0.570125427594071,3.13568985176739,16.248574686431,5.23304843304843,1170,1170,100,28.5624321110462,72.0161766077052,11.5176201019759,73.2823424782713,0.598290598290598,2.39316239316239,13.8461538461538,5.4008547008547
hybrid_weighted_kalman,-70,1,0.5,0.08,0.5,3,20,1755,1754,99.9430199430199,345.221618677143,442.576426895583,326.28592043625,822.017781528304,2.96465222348917,5.92930444697834,11.060433295325,5.23304843304843,1170,1170,100,269.702370958056,376.058497756538,206.520181418549,772.466862300819,4.61538461538462,8.37606837606837,17.8632478632479,5.4008547008547
hybrid_weighted_kalman,-70,1,0.5,0.08,0.5,3,40,1755,1754,99.9430199430199,157.112332807989,274.990170847037,17.825200129077,627.768365787869,5.18814139110604,10.3192702394527,23.3181299885975,5.23304843304843,1170,1170,100,55.5464763979655,122.686683390607,9.68591125103637,325.626456050353,5.21367521367521,10.5128205128205,29.3162393162393,5.4008547008547
hybrid_weighted_kalman,-70,1,0.5,0.08,0.5,3,80,1755,1754,99.9430199430199,8.86363432011604,10.8783767388227,7.79165069983255,20.5819174447783,6.04332953249715,12.2576966932725,31.5849486887115,5.23304843304843,1170,1170,100,8.56857746759241,10.464073752461,7.57905709881218,19.7032670002978,5.38461538461539,10.6837606837607,33.8461538461538,5.4008547008547
hybrid_weighted_kalman,-70,1,0.5,0.08,0.5,5,20,1755,1754,99.9430199430199,343.619641563681,428.14601891448,346.141699075413,732.396209165124,2.33751425313569,4.96009122006842,10.3192702394527,5.23304843304843,1170,1170,100,240.936945724937,332.862372168691,181.069523022241,647.136913173093,3.76068376068376,7.52136752136752,16.7521367521367,5.4008547008547
hybrid_weighted_kalman,-70,1,0.5,0.08,0.5,5,40,1755,1754,99.9430199430199,149.048242798523,259.121534504845,15.7374512166679,627.768365787869,3.87685290763968,8.8939566704675,23.2611174458381,5.23304843304843,1170,1170,100,38.8104446481278,103.830635316712,8.26750143033446,264.525099774742,3.76068376068376,8.97435897435897,29.2307692307692,5.4008547008547
hybrid_weighted_kalman,-70,1,0.5,0.08,0.5,5,80,1755,1754,99.9430199430199,8.53128068693883,10.3263517213125,7.45926491630023,19.5965766120846,4.16191562143672,10.5473204104903,31.7559863169897,5.23304843304843,1170,1170,100,8.17007532611945,9.77724924955865,7.18907119397259,18.0631581102651,4.01709401709402,9.57264957264957,32.991452991453,5.4008547008547
hybrid_weighted_kalman,-70,1,0.5,0.08,0.5,8,20,1755,1754,99.9430199430199,266.784605596969,342.414852887323,227.714876265104,621.252868615141,1.48232611174458,3.42075256556442,8.20980615735462,5.23304843304843,1170,1170,100,256.250695553587,348.972470709695,199.772091569816,676.719211861743,1.79487179487179,4.61538461538462,11.7948717948718,5.4008547008547
hybrid_weighted_kalman,-70,1,0.5,0.08,0.5,8,40,1755,1754,99.9430199430199,164.145658393888,255.797151149184,55.320397072936,591.495191346405,3.13568985176739,6.72748004561003,18.8711516533637,5.23304843304843,1170,1170,100,34.3813422058158,98.1707942572425,8.40183126706027,207.935981313794,2.39316239316239,7.26495726495727,25.982905982906,5.4008547008547
hybrid_weighted_kalman,-70,1,0.5,0.08,0.5,8,80,1755,1754,99.9430199430199,8.66323140445743,10.3999949592753,7.51479746676745,19.7860599971433,3.76282782212087,8.8939566704675,31.1858608893957,5.23304843304843,1170,1170,100,8.05770417586392,9.46974303485466,7.09529085930057,17.8276404899811,2.82051282051282,8.11965811965812,30.1709401709402,5.4008547008547
hybrid_weighted_kalman,-70,1,0.5,0.08,0.5,12,20,1755,1754,99.9430199430199,279.26812680609,347.791528962673,249.03057250669,621.252868615141,0.798175598631699,1.76738882554162,5.47320410490308,5.23304843304843,1170,1170,100,263.589251963593,346.533025606756,241.748838990543,668.54299826328,0.512820512820513,2.05128205128205,6.92307692307692,5.4008547008547
hybrid_weighted_kalman,-70,1,0.5,0.08,0.5,12,40,1755,1754,99.9430199430199,160.457019431719,250.65962510808,47.8748317509576,584.903245050648,2.22348916761688,5.13112884834664,15.4503990877993,5.23304843304843,1170,1170,100,64.7349637383445,141.524316267952,10.7735204040289,362.33218385016,1.11111111111111,4.87179487179487,18.5470085470085,5.4008547008547
hybrid_weighted_kalman,-70,1,0.5,0.08,0.5,12,80,1755,1754,99.9430199430199,9.32378386311834,11.1974256218198,7.83617064495892,21.7583880476023,2.79361459521095,7.29760547320411,26.3968072976055,5.23304843304843,1170,1170,100,8.38247040590235,9.73598339903728,7.39925111705049,18.0272988679623,1.45299145299145,6.4957264957265,27.8632478632479,5.4008547008547
hybrid_weighted_kalman,-70,1,0.5,0.08,0.5,20,20,1755,1754,99.9430199430199,336.526967165236,382.725719843775,351.469066878556,621.252868615141,0.0570125427594071,0.228050171037628,0.684150513112885,5.23304843304843,1170,1170,100,239.224515638119,265.512826147208,230.460400819253,446.425371566886,0.0854700854700855,0.341880341880342,0.854700854700855,5.4008547008547
hybrid_weighted_kalman,-70,1,0.5,0.08,0.5,20,40,1755,1754,99.9430199430199,157.045416535812,238.814521195587,68.7830472210402,535.139675397416,0.456100342075257,1.93842645381984,9.29304446978335,5.23304843304843,1170,1170,100,136.500455277154,218.835023591049,25.6455634072049,489.61000527758,0.256410256410256,1.62393162393162,8.2051282051282,5.4008547008547
hybrid_weighted_kalman,-70,1,0.5,0.08,0.5,20,80,1755,1754,99.9430199430199,11.2203839646716,13.5236397131661,9.5177013940049,27.6002170280769,0.96921322690992,3.76282782212087,21.9498289623717,5.23304843304843,1170,1170,100,9.76870490395823,11.3486339969632,8.73158220991997,21.1123173654141,0.683760683760684,3.58974358974359,21.025641025641,5.4008547008547
hybrid_weighted_kalman,-70,1,0.5,0.08,1,3,20,1755,1754,99.9430199430199,378.416945988821,473.502485333653,374.962840192284,860.456963589595,3.42075256556442,6.67046750285063,11.4595210946408,5.23304843304843,1170,1170,100,301.467082274738,424.216309917186,225.317103869867,908.447941333136,5.38461538461539,11.2820512820513,17.008547008547,5.4008547008547
hybrid_weighted_kalman,-70,1,0.5,0.08,1,3,40,1755,1754,99.9430199430199,214.133355455805,340.16912593458,87.5515637553351,762.397788464094,5.81527936145952,11.4025085518814,21.7217787913341,5.23304843304843,1170,1170,100,155.74994447719,312.293451063289,14.6777432888342,789.7758088439,5.81196581196581,12.991452991453,25.2991452991453,5.4008547008547
hybrid_weighted_kalman,-70,1,0.5,0.08,1,3,80,1755,1754,99.9430199430199,9.71127174213298,12.0574018743778,8.64595750984016,22.4251106574923,6.78449258836944,13.6830102622577,31.4139110604333,5.23304843304843,1170,1170,100,9.4246494971317,11.7352911736152,8.21870098452083,22.1728544671278,5.98290598290598,14.1025641025641,31.4529914529915,5.4008547008547
hybrid_weighted_kalman,-70,1,0.5,0.08,1,5,20,1755,1754,99.9430199430199,340.339514849653,430.544611766695,334.779813416765,757.279792975743,2.96465222348917,6.55644241733181,11.1744583808438,5.23304843304843,1170,1170,100,285.338117659401,401.984922361384,213.662463636661,847.642149092795,4.52991452991453,8.11965811965812,17.7777777777778,5.4008547008547
hybrid_weighted_kalman,-70,1,0.5,0.08,1,5,40,1755,1754,99.9430199430199,158.82165005647,278.308946613029,17.8349243983499,628.351408537038,5.24515393386545,10.8323831242873,23.3751425313569,5.23304843304843,1170,1170,100,88.8679119735463,222.66888126435,10.2933961525472,516.387884499238,5.04273504273504,10.3418803418803,27.7777777777778,5.4008547008547
hybrid_weighted_kalman,-70,1,0.5,0.08,1,5,80,1755,1754,99.9430199430199,9.04864573157628,11.1409375636204,7.86622165879925,20.7440930364362,6.15735461801596,12.9988597491448,31.5849486887115,5.23304843304843,1170,1170,100,8.81255084076485,10.8442251071414,7.78922651726434,20.5713719403391,5.2991452991453,11.5384615384615,32.6495726495726,5.4008547008547
hybrid_weighted_kalman,-70,1,0.5,0.08,1,8,20,1755,1754,99.9430199430199,309.535166429807,386.831208222635,295.222778657466,627.768365787869,2.22348916761688,4.56100342075257,9.92018244013683,5.23304843304843,1170,1170,100,244.015209926894,338.986228956205,180.322707112227,678.713130649202,2.90598290598291,6.41025641025641,16.9230769230769,5.4008547008547
hybrid_weighted_kalman,-70,1,0.5,0.08,1,8,40,1755,1754,99.9430199430199,147.467577539175,260.4620223564,14.844550373289,627.768365787869,4.0478905359179,9.23603192702394,23.4891676168757,5.23304843304843,1170,1170,100,39.2097526935126,103.407027742391,8.46091709598496,267.705062019178,2.99145299145299,8.29059829059829,30.1709401709402,5.4008547008547
hybrid_weighted_kalman,-70,1,0.5,0.08,1,8,80,1755,1754,99.9430199430199,8.66071546621643,10.5130663868836,7.62730605860552,19.5534042692989,4.44697833523375,10.4903078677309,32.3831242873432,5.23304843304843,1170,1170,100,8.39674431805384,10.071699776042,7.40831848520246,18.8486698359524,3.07692307692308,8.37606837606837,32.7350427350427,5.4008547008547
hybrid_weighted_kalman,-70,1,0.5,0.08,1,12,20,1755,1754,99.9430199430199,296.326571512547,366.967406927488,275.150262135413,627.768365787869,1.31128848346636,2.90763968072976,7.86773090079818,5.23304843304843,1170,1170,100,267.208055196373,359.214065105084,240.602582253089,709.409776693519,1.62393162393162,3.16239316239316,10.7692307692308,5.4008547008547
hybrid_weighted_kalman,-70,1,0.5,0.08,1,12,40,1755,1754,99.9430199430199,161.872686367729,263.138595392374,26.7774478252346,627.768365787869,3.02166476624857,6.55644241733181,20.2964652223489,5.23304843304843,1170,1170,100,33.3226252503626,95.8514272693785,8.27963035733701,189.294471647519,2.22222222222222,5.38461538461539,25.6410256410256,5.4008547008547
hybrid_weighted_kalman,-70,1,0.5,0.08,1,12,80,1755,1754,99.9430199430199,8.66258787935329,10.3516291183521,7.58617308483787,19.3202019245687,3.1927023945268,8.15279361459521,30.672748004561,5.23304843304843,1170,1170,100,8.2665963374341,9.69088524951251,7.25033748029835,17.6305827522429,2.39316239316239,6.41025641025641,28.7179487179487,5.4008547008547
hybrid_weighted_kalman,-70,1,0.5,0.08,1,20,20,1755,1754,99.9430199430199,332.47808117085,380.004261158599,347.400161627881,621.252868615141,0.0570125427594071,0.228050171037628,0.684150513112885,5.23304843304843,1170,1170,100,237.809682559663,264.265312561007,227.659413104523,446.425371566886,0.0854700854700855,0.341880341880342,0.854700854700855,5.4008547008547
hybrid_weighted_kalman,-70,1,0.5,0.08,1,20,40,1755,1754,99.9430199430199,167.456893938067,256.649080365951,67.866597815899,589.669911141347,1.08323831242873,3.59179019384265,13.6259977194983,5.23304843304843,1170,1170,100,36.1370694585852,100.03836664665,9.24117617221446,226.49176250883,0.683760683760684,3.76068376068376,19.6581196581197,5.4008547008547
hybrid_weighted_kalman,-70,1,0.5,0.08,1,20,80,1755,1754,99.9430199430199,9.35582659957968,11.0544654761933,8.15502766431302,20.966809413193,1.93842645381984,5.6442417331813,26.3397947548461,5.23304843304843,1170,1170,100,8.60372238844478,9.84464499214609,7.65699702394523,17.9833211286967,1.11111111111111,4.78632478632479,24.3589743589744,5.4008547008547
hybrid_weighted_raw,-70,1,0.5,0.1,NaN,NaN,NaN,1755,1755,100,13.7399959057032,17.2319259592757,12.1976908830066,32.6065931719,5.12820512820513,11.9088319088319,23.8176638176638,5.25299145299145,1170,1170,100,13.8527985738022,17.1295771418424,12.3614766796371,30.7972460211184,5.55555555555556,11.7948717948718,21.8803418803419,5.38290598290598
hybrid_weighted_kalman,-70,1,0.5,0.1,0.1,3,20,1755,1755,100,277.484073885318,375.303798297876,223.151768433196,598.891063012073,1.02564102564103,3.36182336182336,7.29344729344729,5.25299145299145,1170,1170,100,221.765490696455,308.720132614357,140.035776339025,618.218965046416,3.67521367521368,7.35042735042735,11.3675213675214,5.38290598290598
hybrid_weighted_kalman,-70,1,0.5,0.1,0.1,3,40,1755,1755,100,117.595839991897,202.986033119821,19.9669530495574,527.42759965739,1.88034188034188,5.86894586894587,17.2079772079772,5.25299145299145,1170,1170,100,115.16148637527,195.333344186679,17.2037290678508,458.179875921332,4.27350427350427,8.54700854700855,16.7521367521367,5.38290598290598
hybrid_weighted_kalman,-70,1,0.5,0.1,0.1,3,80,1755,1755,100,9.82185759158473,11.867071254794,8.29135396739381,22.3105831327002,2.33618233618234,7.92022792022792,26.039886039886,5.25299145299145,1170,1170,100,8.63055039847539,10.3705560266474,7.44372096507137,19.6686555147194,4.35897435897436,10.2564102564103,28.2051282051282,5.38290598290598
hybrid_weighted_kalman,-70,1,0.5,0.1,0.1,5,20,1755,1755,100,280.390230999641,368.302416512945,237.939880578577,598.891063012073,0.854700854700855,3.24786324786325,7.29344729344729,5.25299145299145,1170,1170,100,232.033759291026,320.09223708906,153.139504717423,637.634543694782,3.5042735042735,6.58119658119658,10.8547008547009,5.38290598290598
hybrid_weighted_kalman,-70,1,0.5,0.1,0.1,5,40,1755,1755,100,144.231638949395,223.467076281574,58.5363660479279,512.011901138794,1.53846153846154,4.9002849002849,13.1623931623932,5.25299145299145,1170,1170,100,170.112384924271,250.424430944654,87.567217584337,534.242624317537,3.5042735042735,6.75213675213675,12.3931623931624,5.38290598290598
hybrid_weighted_kalman,-70,1,0.5,0.1,0.1,5,80,1755,1755,100,11.5540902087318,14.2218872364537,9.25684603579176,27.9168501350355,2.10826210826211,6.60968660968661,23.6467236467236,5.25299145299145,1170,1170,100,9.87478238092122,12.353707484447,7.78687012679491,25.0830668459522,4.35897435897436,10.5128205128205,27.6068376068376,5.38290598290598
hybrid_weighted_kalman,-70,1,0.5,0.1,0.1,8,20,1755,1755,100,300.0073503504,373.545588019712,296.255999487635,598.891063012073,0.398860398860399,1.36752136752137,5.81196581196581,5.25299145299145,1170,1170,100,234.859473907649,321.392551957993,159.369585773459,639.808896785336,1.53846153846154,4.27350427350427,9.57264957264957,5.38290598290598
hybrid_weighted_kalman,-70,1,0.5,0.1,0.1,8,40,1755,1755,100,145.208063551994,226.418331736545,48.605448995588,510.387876526112,1.08262108262108,3.7037037037037,12.3076923076923,5.25299145299145,1170,1170,100,208.854501442806,297.490930638771,125.775825244355,603.90932797725,1.53846153846154,4.44444444444444,10.9401709401709,5.38290598290598
hybrid_weighted_kalman,-70,1,0.5,0.1,0.1,8,80,1755,1755,100,14.2467066834107,17.7536666963723,11.0536012746565,35.499797089498,1.42450142450142,4.84330484330484,20.8547008547009,5.25299145299145,1170,1170,100,12.1663915032997,15.8235412857543,8.61559617906628,33.5466905351266,2.05128205128205,7.35042735042735,26.4102564102564,5.38290598290598
hybrid_weighted_kalman,-70,1,0.5,0.1,0.1,12,20,1755,1755,100,327.337315718288,384.483303975173,353.265905904464,598.891063012073,0.170940170940171,0.626780626780627,3.01994301994302,5.25299145299145,1170,1170,100,241.761714056318,314.370245899949,211.530984450235,629.460751226358,0.427350427350427,1.70940170940171,5.81196581196581,5.38290598290598
hybrid_weighted_kalman,-70,1,0.5,0.1,0.1,12,40,1755,1755,100,148.852976881449,231.297579483184,50.8375495701183,525.963820079817,0.512820512820513,2.10826210826211,10.7692307692308,5.25299145299145,1170,1170,100,218.274106473895,308.701085239914,133.881603559774,622.913830178351,0.341880341880342,1.79487179487179,8.03418803418803,5.38290598290598
hybrid_weighted_kalman,-70,1,0.5,0.1,0.1,12,80,1755,1755,100,17.952153741639,22.3423616321129,13.8776852590319,43.6274385954308,1.08262108262108,3.47578347578348,15.954415954416,5.25299145299145,1170,1170,100,15.5148064917639,20.5327039697519,9.83126797234984,43.9465749692687,1.70940170940171,4.87179487179487,23.0769230769231,5.38290598290598
hybrid_weighted_kalman,-70,1,0.5,0.1,0.1,20,20,1755,1755,100,372.136922770457,415.196881397349,428.772090746162,598.891063012073,0.056980056980057,0.170940170940171,0.626780626780627,5.25299145299145,1170,1170,100,281.411277964365,308.119137073026,313.567514603746,410.335096820189,0.256410256410256,0.598290598290598,0.94017094017094,5.38290598290598
hybrid_weighted_kalman,-70,1,0.5,0.1,0.1,20,40,1755,1755,100,151.326831749785,232.828819439008,57.6127142990723,521.962851364163,0.227920227920228,0.911680911680912,6.55270655270655,5.25299145299145,1170,1170,100,228.208974561187,319.183799055295,144.378414661947,640.647627599949,0.256410256410256,0.854700854700855,3.67521367521368,5.38290598290598
hybrid_weighted_kalman,-70,1,0.5,0.1,0.1,20,80,1755,1755,100,48.7490828143827,84.0980788539241,24.6529209056843,226.753634939464,0.170940170940171,0.968660968660969,5.86894586894587,5.25299145299145,1170,1170,100,54.686133387999,103.41407846725,19.9163052542714,277.284786200472,0.341880341880342,1.36752136752137,9.82905982905983,5.38290598290598
hybrid_weighted_kalman,-70,1,0.5,0.1,0.2,3,20,1755,1755,100,274.600001313513,378.764414189748,219.732814631075,664.99932806796,1.13960113960114,3.76068376068376,9.05982905982906,5.25299145299145,1170,1170,100,216.21865620229,307.185850041412,128.962883516369,631.935017029434,3.67521367521368,7.77777777777778,14.3589743589744,5.38290598290598
hybrid_weighted_kalman,-70,1,0.5,0.1,0.2,3,40,1755,1755,100,101.581624772495,209.605670426118,11.0167703170854,586.296365227257,2.16524216524217,7.00854700854701,23.1908831908832,5.25299145299145,1170,1170,100,8.72573252352096,10.4538116163504,7.46623547012933,19.9651719629967,4.18803418803419,10.2564102564103,28.7179487179487,5.38290598290598
hybrid_weighted_kalman,-70,1,0.5,0.1,0.2,3,80,1755,1755,100,8.85362722402695,10.6436518444058,7.82729751983687,19.4561025395528,2.67806267806268,8.66096866096866,30.5982905982906,5.25299145299145,1170,1170,100,8.13246751202103,9.621137414949,7.21103640410315,17.6492430212369,4.35897435897436,10.5982905982906,30.2564102564103,5.38290598290598
hybrid_weighted_kalman,-70,1,0.5,0.1,0.2,5,20,1755,1755,100,274.312053218767,363.813745293402,229.096628518074,598.891063012073,0.968660968660969,3.36182336182336,7.52136752136752,5.25299145299145,1170,1170,100,234.025643536759,325.990768891141,151.228859341458,650.324697741575,3.58974358974359,6.92307692307692,11.3675213675214,5.38290598290598
hybrid_weighted_kalman,-70,1,0.5,0.1,0.2,5,40,1755,1755,100,108.753918219967,195.865426673948,16.4431364941714,521.595785949921,2.22222222222222,6.0968660968661,18.0626780626781,5.25299145299145,1170,1170,100,93.7206774922569,169.664710317125,12.9115674642012,417.233732141512,3.93162393162393,8.03418803418803,18.5470085470085,5.38290598290598
hybrid_weighted_kalman,-70,1,0.5,0.1,0.2,5,80,1755,1755,100,9.42304078183228,11.339861673567,8.15287475935287,21.1491805706041,2.50712250712251,7.97720797720798,26.7806267806268,5.25299145299145,1170,1170,100,8.42305113940279,10.0040805724347,7.41357738417559,18.7522733954694,4.1025641025641,9.48717948717949,27.5213675213675,5.38290598290598
hybrid_weighted_kalman,-70,1,0.5,0.1,0.2,8,20,1755,1755,100,298.474266025405,372.350251278693,293.050910625921,598.891063012073,0.341880341880342,1.42450142450142,5.6980056980057,5.25299145299145,1170,1170,100,227.791922745744,314.781199623763,148.471007014833,629.244502016172,1.79487179487179,4.27350427350427,9.57264957264957,5.38290598290598
hybrid_weighted_kalman,-70,1,0.5,0.1,0.2,8,40,1755,1755,100,130.944460341619,213.285594693873,28.4737917066442,500.893066141096,1.13960113960114,4.1025641025641,14.9287749287749,5.25299145299145,1170,1170,100,145.302880932585,225.949923415163,40.9160346745418,498.974543573228,1.96581196581197,4.61538461538462,11.7948717948718,5.38290598290598
hybrid_weighted_kalman,-70,1,0.5,0.1,0.2,8,80,1755,1755,100,10.7778772257079,13.0666576471621,8.8743906088566,25.3075307106734,1.5954415954416,5.47008547008547,23.8746438746439,5.25299145299145,1170,1170,100,9.35658820250802,11.3584833582524,7.78262516446893,22.4753631183278,2.47863247863248,7.35042735042735,26.3247863247863,5.38290598290598
hybrid_weighted_kalman,-70,1,0.5,0.1,0.2,12,20,1755,1755,100,326.953893776722,384.237324949721,352.766216141285,598.891063012073,0.113960113960114,0.626780626780627,3.13390313390313,5.25299145299145,1170,1170,100,238.858642602702,311.347507385168,209.322886938879,623.052646293985,0.427350427350427,1.70940170940171,5.81196581196581,5.38290598290598
hybrid_weighted_kalman,-70,1,0.5,0.1,0.2,12,40,1755,1755,100,147.035715035346,226.803863653723,58.0236026578293,504.75885123078,0.683760683760684,1.99430199430199,9.91452991452991,5.25299145299145,1170,1170,100,188.960969050446,274.249024267995,105.073965949414,572.2832953231,0.427350427350427,1.88034188034188,8.37606837606837,5.38290598290598
hybrid_weighted_kalman,-70,1,0.5,0.1,0.2,12,80,1755,1755,100,12.7521033528576,15.5848650109114,10.0012305523492,30.4995414050527,1.02564102564103,3.47578347578348,19.7150997150997,5.25299145299145,1170,1170,100,10.9277147793831,13.6008110224206,8.28538894436932,27.7783527893196,0.94017094017094,4.95726495726496,22.9059829059829,5.38290598290598
hybrid_weighted_kalman,-70,1,0.5,0.1,0.2,20,20,1755,1755,100,372.068741095992,415.150447664764,428.638854465613,598.891063012073,0.056980056980057,0.170940170940171,0.626780626780627,5.25299145299145,1170,1170,100,281.301071195043,308.051711483476,313.455667068769,410.322076586179,0.256410256410256,0.598290598290598,0.94017094017094,5.38290598290598
hybrid_weighted_kalman,-70,1,0.5,0.1,0.2,20,40,1755,1755,100,146.99206431303,228.333437462009,49.5465506124273,517.379301301847,0.398860398860399,1.1965811965812,6.89458689458689,5.25299145299145,1170,1170,100,217.284461955784,306.624358598773,132.912865731021,619.144680556877,0.256410256410256,0.769230769230769,3.76068376068376,5.38290598290598
hybrid_weighted_kalman,-70,1,0.5,0.1,0.2,20,80,1755,1755,100,16.8104594387779,20.4857005864553,13.0417794529547,39.8127980782268,0.56980056980057,1.99430199430199,12.7065527065527,5.25299145299145,1170,1170,100,14.5210933008399,18.5721810987593,10.5501318584817,39.3656891068206,1.1965811965812,3.76068376068376,19.9145299145299,5.38290598290598
hybrid_weighted_kalman,-70,1,0.5,0.1,0.5,3,20,1755,1755,100,317.057782968893,420.989765345772,259.658632997545,822.81494177069,2.45014245014245,5.75498575498576,11.2820512820513,5.25299145299145,1170,1170,100,225.93844476982,330.073481211924,128.750618948354,677.554625772513,4.1025641025641,8.46153846153846,18.4615384615385,5.38290598290598
hybrid_weighted_kalman,-70,1,0.5,0.1,0.5,3,40,1755,1755,100,153.690422842834,298.429631820263,13.0339995648009,730.651718055344,3.87464387464387,9.4017094017094,22.7350427350427,5.25299145299145,1170,1170,100,97.4904442352386,241.462707150065,10.410158015823,707.369062809712,4.7008547008547,9.4017094017094,28.034188034188,5.38290598290598
hybrid_weighted_kalman,-70,1,0.5,0.1,0.5,3,80,1755,1755,100,9.17795536073001,11.3753446043624,8.04531082404835,21.4105339660339,4.67236467236467,11.6239316239316,30.3703703703704,5.25299145299145,1170,1170,100,8.74496760420632,10.4817113875574,8.11134364018303,19.4332554463073,4.44444444444444,9.74358974358974,32.991452991453,5.38290598290598
hybrid_weighted_kalman,-70,1,0.5,0.1,0.5,5,20,1755,1755,100,312.33671928142,406.193676206999,290.788384917357,751.545597460814,1.76638176638177,4.5014245014245,10.0854700854701,5.25299145299145,1170,1170,100,214.758608560418,312.698968117615,121.976376362808,664.453834486074,3.76068376068376,7.86324786324786,17.008547008547,5.38290598290598
hybrid_weighted_kalman,-70,1,0.5,0.1,0.5,5,40,1755,1755,100,96.273679626364,214.754720154829,10.0552655095503,598.891063012073,2.67806267806268,8.2051282051282,24.3304843304843,5.25299145299145,1170,1170,100,8.73590944523477,10.4912100488167,7.89542412949172,19.9804686755353,4.35897435897436,10.3418803418803,30.8547008547009,5.38290598290598
hybrid_weighted_kalman,-70,1,0.5,0.1,0.5,5,80,1755,1755,100,8.8296690787007,10.6904441271817,7.78374119733354,19.990821602222,3.30484330484331,10.0854700854701,30.1994301994302,5.25299145299145,1170,1170,100,8.28543610204723,9.84346867382519,7.67577496853683,17.8595411909767,4.35897435897436,10.6837606837607,32.4786324786325,5.38290598290598
hybrid_weighted_kalman,-70,1,0.5,0.1,0.5,8,20,1755,1755,100,289.581918907094,367.457989762497,283.444241591003,598.891063012073,0.56980056980057,1.70940170940171,7.12250712250712,5.25299145299145,1170,1170,100,225.570273528357,318.154158796404,137.730127615243,645.363632000499,2.22222222222222,4.87179487179487,12.2222222222222,5.38290598290598
hybrid_weighted_kalman,-70,1,0.5,0.1,0.5,8,40,1755,1755,100,104.725952096042,206.348241631184,11.9265413988969,571.196383250588,1.76638176638177,6.03988603988604,21.8233618233618,5.25299145299145,1170,1170,100,8.81179390074508,10.4284412693161,7.60125831746391,19.8623424509908,2.73504273504274,7.17948717948718,26.6666666666667,5.38290598290598
hybrid_weighted_kalman,-70,1,0.5,0.1,0.5,8,80,1755,1755,100,8.94243306164149,10.6914668186223,7.82051938032248,19.5947075865639,2.05128205128205,7.29344729344729,29.4017094017094,5.25299145299145,1170,1170,100,8.25272542749228,9.66343160175267,7.25419140990356,17.6505755789196,2.90598290598291,7.69230769230769,28.2905982905983,5.38290598290598
hybrid_weighted_kalman,-70,1,0.5,0.1,0.5,12,20,1755,1755,100,320.619791389941,379.921212982528,347.233709908121,598.891063012073,0.284900284900285,0.683760683760684,3.58974358974359,5.25299145299145,1170,1170,100,233.372872194124,308.339554193685,203.374584219842,621.553898545027,0.769230769230769,2.13675213675214,6.15384615384615,5.38290598290598
hybrid_weighted_kalman,-70,1,0.5,0.1,0.5,12,40,1755,1755,100,106.394049144533,194.368877678684,15.2959629064325,518.927399071833,1.42450142450142,3.93162393162393,16.4672364672365,5.25299145299145,1170,1170,100,92.9516039858889,167.88869627782,12.8144050838042,414.120493580741,0.854700854700855,3.41880341880342,14.8717948717949,5.38290598290598
hybrid_weighted_kalman,-70,1,0.5,0.1,0.5,12,80,1755,1755,100,9.57949857249061,11.3635512463183,8.29135396739381,21.1696730315661,1.5954415954416,5.01424501424501,24.4444444444444,5.25299145299145,1170,1170,100,8.66874257856046,10.0646021980043,7.60443355026038,18.7077768860243,1.02564102564103,5.12820512820513,24.4444444444444,5.38290598290598
hybrid_weighted_kalman,-70,1,0.5,0.1,0.5,20,20,1755,1755,100,371.598725686592,414.820782332488,427.982182008691,598.891063012073,0.056980056980057,0.170940170940171,0.626780626780627,5.25299145299145,1170,1170,100,280.6734361431,307.623147684979,312.45981999578,410.230948847372,0.256410256410256,0.598290598290598,1.11111111111111,5.38290598290598
hybrid_weighted_kalman,-70,1,0.5,0.1,0.5,20,40,1755,1755,100,131.745046211851,213.645975477517,28.7274836148749,502.852823307582,0.227920227920228,1.53846153846154,9.8005698005698,5.25299145299145,1170,1170,100,146.084265605776,225.899043929033,41.2829612269409,498.310382719614,0.427350427350427,0.854700854700855,5.55555555555556,5.38290598290598
hybrid_weighted_kalman,-70,1,0.5,0.1,0.5,20,80,1755,1755,100,11.4265339443135,13.5120886082128,9.61802402096489,25.5825982287824,0.56980056980057,2.62108262108262,18.2905982905983,5.25299145299145,1170,1170,100,10.0188134642182,11.7629045235301,8.64167490780098,22.6577187208818,0.94017094017094,3.5042735042735,20.1709401709402,5.38290598290598
hybrid_weighted_kalman,-70,1,0.5,0.1,1,3,20,1755,1755,100,322.653596259335,428.972421050365,251.576041411416,849.303775715278,3.19088319088319,6.78062678062678,12.022792022792,5.25299145299145,1170,1170,100,235.540976601791,339.027018185072,141.167343422381,717.31960682351,4.52991452991453,10.1709401709402,17.6923076923077,5.38290598290598
hybrid_weighted_kalman,-70,1,0.5,0.1,1,3,40,1755,1755,100,232.986952724893,381.395109683992,94.566481072307,892.716445278605,5.12820512820513,10.5413105413105,20.7407407407407,5.25299145299145,1170,1170,100,273.33434447234,463.893654681502,28.4637202968316,1109.52108871485,4.35897435897436,10.1709401709402,21.025641025641,5.38290598290598
hybrid_weighted_kalman,-70,1,0.5,0.1,1,3,80,1755,1755,100,9.92207124892105,12.4468124821966,8.68674297750301,23.3788931997282,5.98290598290598,13.2193732193732,29.97150997151,5.25299145299145,1170,1170,100,9.69823162094882,11.7021586433242,8.7529754431901,21.5214668579388,4.78632478632479,11.4529914529915,29.3162393162393,5.38290598290598
hybrid_weighted_kalman,-70,1,0.5,0.1,1,5,20,1755,1755,100,316.167118223951,413.609156332066,265.910966775357,815.625701433319,2.73504273504274,6.21082621082621,11.6239316239316,5.25299145299145,1170,1170,100,223.478956902686,326.431606072899,129.481148069365,685.474637995583,3.76068376068376,8.54700854700855,18.2051282051282,5.38290598290598
hybrid_weighted_kalman,-70,1,0.5,0.1,1,5,40,1755,1755,100,176.981027511839,337.953727382566,14.4786672718008,837.710801529332,4.38746438746439,10.02849002849,22.4501424501424,5.25299145299145,1170,1170,100,98.8868253982701,244.114753481972,10.575217649553,710.76190839152,4.01709401709402,9.4017094017094,26.5811965811966,5.38290598290598
hybrid_weighted_kalman,-70,1,0.5,0.1,1,5,80,1755,1755,100,9.34109398835858,11.6310125544951,8.11833609917903,22.1861161570259,5.07122507122507,12.1937321937322,30.3703703703704,5.25299145299145,1170,1170,100,8.99112189289506,10.7810663220104,8.30719624151025,20.1541927341001,3.93162393162393,9.57264957264957,31.2820512820513,5.38290598290598
hybrid_weighted_kalman,-70,1,0.5,0.1,1,8,20,1755,1755,100,303.568391543085,391.006116470883,294.817983203295,741.91229702208,1.42450142450142,4.1025641025641,9.57264957264957,5.25299145299145,1170,1170,100,221.158215921351,318.932463840933,130.45209228446,654.546745826776,2.99145299145299,6.92307692307692,17.008547008547,5.38290598290598
hybrid_weighted_kalman,-70,1,0.5,0.1,1,8,40,1755,1755,100,140.516424554735,270.834981406914,13.0432041654294,649.498453719744,2.84900284900285,8.14814814814815,21.6524216524217,5.25299145299145,1170,1170,100,36.7601355011205,132.232011655883,8.54952597979588,177.757926116677,3.67521367521368,9.14529914529914,29.7435897435897,5.38290598290598
hybrid_weighted_kalman,-70,1,0.5,0.1,1,8,80,1755,1755,100,8.95666763428248,10.8839792821085,7.89647061430019,20.759135116799,3.7037037037037,10.3703703703704,29.2307692307692,5.25299145299145,1170,1170,100,8.52990447930237,10.1114298107818,7.93919218726759,18.4603360426555,3.84615384615385,9.48717948717949,31.6239316239316,5.38290598290598
hybrid_weighted_kalman,-70,1,0.5,0.1,1,12,20,1755,1755,100,337.932022757994,399.315610811721,367.225704921375,668.196911995459,0.56980056980057,1.08262108262108,4.44444444444444,5.25299145299145,1170,1170,100,226.675831478114,305.297662742344,195.004783812575,621.013819481146,1.36752136752137,3.16239316239316,8.97435897435897,5.38290598290598
hybrid_weighted_kalman,-70,1,0.5,0.1,1,12,40,1755,1755,100,89.9555140731342,200.97641351896,10.0797854469001,598.394549225749,2.05128205128205,5.52706552706553,22.6210826210826,5.25299145299145,1170,1170,100,8.90141957093716,10.4560457220211,7.94468949792887,19.7968230850192,2.13675213675214,6.23931623931624,26.4957264957265,5.38290598290598
hybrid_weighted_kalman,-70,1,0.5,0.1,1,12,80,1755,1755,100,8.97395701454647,10.7047535885531,7.96121289111413,19.8082359304775,2.56410256410256,7.00854700854701,28.7179487179487,5.25299145299145,1170,1170,100,8.42726993257937,9.80409998550389,7.74723312826724,17.4570287673316,2.30769230769231,6.75213675213675,27.8632478632479,5.38290598290598
hybrid_weighted_kalman,-70,1,0.5,0.1,1,20,20,1755,1755,100,368.191390004664,412.635390959205,424.312644982352,598.891063012073,0.056980056980057,0.170940170940171,0.740740740740741,5.25299145299145,1170,1170,100,276.231467910551,303.085708487346,308.887282999163,409.179587583023,0.256410256410256,0.598290598290598,1.28205128205128,5.38290598290598
hybrid_weighted_kalman,-70,1,0.5,0.1,1,20,40,1755,1755,100,99.0704248995121,187.125562853868,14.1110081826376,519.035700387998,0.968660968660969,3.41880341880342,14.985754985755,5.25299145299145,1170,1170,100,38.2336338431576,99.5696558045682,9.21346922919587,288.467976050744,0.683760683760684,3.41880341880342,17.7777777777778,5.38290598290598
hybrid_weighted_kalman,-70,1,0.5,0.1,1,20,80,1755,1755,100,9.62734309534014,11.2933364097292,8.57673587257924,20.4995158457152,1.53846153846154,4.72934472934473,22.962962962963,5.25299145299145,1170,1170,100,8.86632356894863,10.1123808784768,8.04661797704076,18.0348936793141,1.02564102564103,3.67521367521368,21.1965811965812,5.38290598290598
