seed,sample_index,distance_along_path_m,x_m,y_m,z_m,zone
1,0,0,112.003677487373,162.003677487373,20,early_warning
1,1,10,121.386474438944,165.462452034174,20,early_warning
1,2,20,130.769271390515,168.921226580974,20,early_warning
1,3,30,140.152068342085,172.380001127775,20,early_warning
1,4,40,149.534865293656,175.838775674576,20,early_warning
1,5,50,158.917662245227,179.297550221376,20,early_warning
1,6,60,168.300459196798,182.756324768177,20,early_warning
1,7,70,177.683256148368,186.215099314977,20,early_warning
1,8,80,187.066053099939,189.673873861778,20,early_warning
1,9,90,196.44885005151,193.132648408578,20,early_warning
1,10,100,205.83164700308,196.591422955379,20,early_warning
1,11,110,215.214443954651,200.05019750218,20,early_warning
1,12,120,224.597240906222,203.50897204898,20,early_warning
1,13,130,233.980037857793,206.967746595781,20,early_warning
1,14,140,243.362834809363,210.426521142581,20,early_warning
1,15,150,251.657953334774,214.852411099566,20,early_warning
1,16,160,253.995719630072,224.575314408176,20,early_warning
1,17,170,256.333485925369,234.298217716786,20,early_warning
1,18,180,258.671252220666,244.021121025395,20,early_warning
1,19,190,261.009018515964,253.744024334005,20,early_warning
1,20,200,263.346784811261,263.466927642615,20,early_warning
1,21,210,265.684551106559,273.189830951224,20,early_warning
1,22,220,268.022317401856,282.912734259834,20,early_warning
1,23,230,270.360083697153,292.635637568443,20,early_warning
1,24,240,272.697849992451,302.358540877053,20,approach_clear_zone
1,25,250,275.035616287748,312.081444185663,20,approach_clear_zone
1,26,260,277.373382583045,321.804347494272,20,approach_clear_zone
1,27,270,279.711148878343,331.527250802882,20,approach_clear_zone
1,28,280,282.04891517364,341.250154111491,20,approach_clear_zone
1,29,290,284.386681468937,350.973057420101,20,perimeter_crossing
1,30,300,286.724447764235,360.695960728711,20,approach_clear_zone
1,31,310,289.062214059532,370.41886403732,20,approach_clear_zone
1,32,320,291.399980354829,380.14176734593,20,approach_clear_zone
1,33,330,293.737746650127,389.864670654539,20,approach_clear_zone
1,34,340,296.604202248974,398.973285550632,20,perimeter_crossing
1,35,350,306.566851810085,399.836774822415,20,inside_secure_wall
1,36,360,316.529501371197,400.700264094199,20,inside_secure_wall
1,37,370,326.492150932308,401.563753365983,20,inside_secure_wall
1,38,380,336.45480049342,402.427242637767,20,inside_secure_wall
1,39,390,346.417450054531,403.29073190955,20,inside_secure_wall
1,40,400,356.380099615643,404.154221181334,20,inside_secure_wall
1,41,410,366.342749176754,405.017710453118,20,inside_secure_wall
1,42,420,376.305398737866,405.881199724902,20,inside_secure_wall
1,43,430,386.268048298977,406.744688996685,20,inside_secure_wall
1,44,440,396.230697860089,407.608178268469,20,inside_secure_wall
1,45,450,406.1933474212,408.471667540253,20,inside_secure_wall
1,46,460,416.155996982311,409.335156812037,20,inside_secure_wall
1,47,470,426.118646543423,410.19864608382,20,inside_secure_wall
1,48,480,436.081296104534,411.062135355604,20,inside_secure_wall
1,49,490,446.043945665646,411.925624627388,20,inside_secure_wall
1,50,500,455.656405386119,413.53109881399,20,inside_secure_wall
1,51,510,462.655830524436,420.673090674324,20,inside_secure_wall
1,52,520,469.655255662754,427.815082534659,20,inside_secure_wall
1,53,530,476.654680801071,434.957074394994,20,inside_secure_wall
1,54,540,483.654105939389,442.099066255329,20,inside_secure_wall
1,55,550,490.653531077707,449.241058115663,20,inside_secure_wall
1,56,560,497.652956216024,456.383049975998,20,inside_secure_wall
1,57,570,504.652381354342,463.525041836333,20,inside_secure_wall
1,58,580,511.651806492659,470.667033696668,20,inside_secure_wall
1,59,590,518.651231630977,477.809025557003,20,inside_secure_wall
1,60,600,525.650656769294,484.951017417337,20,inside_secure_wall
1,61,610,532.650081907612,492.093009277672,20,inside_secure_wall
1,62,620,539.64950704593,499.235001138007,20,inside_secure_wall
1,63,630,546.648932184247,506.376992998342,20,inside_secure_wall
1,64,640,553.648357322565,513.518984858676,20,inside_secure_wall
1,65,649.074520481209,560,520,20,inside_secure_wall
2,0,0,92.1889281272888,857.811071872711,20,early_warning
2,1,10,99.7520272667569,851.268936792588,20,early_warning
2,2,20,107.315126406225,844.726801712465,20,early_warning
2,3,30,114.878225545693,838.184666632342,20,early_warning
2,4,40,122.441324685161,831.642531552219,20,early_warning
2,5,50,130.004423824629,825.100396472096,20,early_warning
2,6,60,137.567522964097,818.558261391973,20,early_warning
2,7,70,145.130622103565,812.01612631185,20,early_warning
2,8,80,152.693721243034,805.473991231727,20,early_warning
2,9,90,160.256820382502,798.931856151603,20,early_warning
2,10,100,167.81991952197,792.38972107148,20,early_warning
2,11,110,175.383018661438,785.847585991357,20,early_warning
2,12,120,182.946117800906,779.305450911234,20,early_warning
2,13,130,190.509216940374,772.763315831111,20,early_warning
2,14,140,198.072316079842,766.221180750988,20,early_warning
2,15,150,205.63541521931,759.679045670865,20,early_warning
2,16,160,213.198514358778,753.136910590742,20,early_warning
2,17,170,221.395656859618,747.621613679188,20,early_warning
2,18,180,230.632563569057,743.790223012456,20,early_warning
2,19,190,239.869470278496,739.958832345724,20,early_warning
2,20,200,249.106376987935,736.127441678992,20,early_warning
2,21,210,258.343283697374,732.29605101226,20,early_warning
2,22,220,267.580190406813,728.464660345528,20,early_warning
2,23,230,276.817097116252,724.633269678797,20,early_warning
2,24,240,286.054003825691,720.801879012065,20,early_warning
2,25,250,295.29091053513,716.970488345333,20,early_warning
2,26,260,304.527817244569,713.139097678601,20,early_warning
2,27,270,313.564566561627,708.920631113891,20,early_warning
2,28,280,322.030326537164,703.597952461501,20,early_warning
2,29,290,330.4960865127,698.275273809111,20,approach_clear_zone
2,30,300,338.961846488236,692.952595156721,20,approach_clear_zone
2,31,310,347.427606463773,687.629916504331,20,approach_clear_zone
2,32,320,355.893366439309,682.307237851942,20,approach_clear_zone
2,33,330,364.359126414846,676.984559199552,20,approach_clear_zone
2,34,340,372.824886390382,671.661880547162,20,approach_clear_zone
2,35,350,381.290646365918,666.339201894772,20,approach_clear_zone
2,36,360,389.756406341455,661.016523242382,20,approach_clear_zone
2,37,370,398.222166316991,655.693844589993,20,approach_clear_zone
2,38,380,406.687926292528,650.371165937603,20,perimeter_crossing
2,39,390,415.153686268064,645.048487285213,20,inside_secure_wall
2,40,400,423.6194462436,639.725808632823,20,inside_secure_wall
2,41,410,432.085206219137,634.403129980433,20,inside_secure_wall
2,42,420,440.550966194673,629.080451328044,20,inside_secure_wall
2,43,430,449.016726170209,623.757772675654,20,inside_secure_wall
2,44,440,457.482486145746,618.435094023264,20,inside_secure_wall
2,45,450,465.948246121282,613.112415370874,20,inside_secure_wall
2,46,460,474.049720591158,607.33679651123,20,inside_secure_wall
2,47,470,481.063986338799,600.209379305715,20,inside_secure_wall
2,48,480,488.07825208644,593.0819621002,20,inside_secure_wall
2,49,490,495.09251783408,585.954544894685,20,inside_secure_wall
2,50,500,502.106783581721,578.82712768917,20,inside_secure_wall
2,51,510,509.121049329362,571.699710483655,20,inside_secure_wall
2,52,520,516.135315077003,564.57229327814,20,inside_secure_wall
2,53,530,523.149580824644,557.444876072625,20,inside_secure_wall
2,54,540,530.163846572285,550.31745886711,20,inside_secure_wall
2,55,550,537.178112319926,543.190041661595,20,inside_secure_wall
2,56,560,544.192378067567,536.06262445608,20,inside_secure_wall
2,57,570,551.206643815208,528.935207250565,20,inside_secure_wall
2,58,580,558.220909562849,521.80779004505,20,inside_secure_wall
2,59,582.536388698632,560,520,20,inside_secure_wall
3,0,0,72.3741787672043,877.625821232796,20,early_warning
3,1,10,81.0904540487598,872.724133236182,20,early_warning
3,2,20,89.8067293303154,867.822445239569,20,early_warning
3,3,30,98.5230046118709,862.920757242956,20,early_warning
3,4,40,107.239279893426,858.019069246342,20,early_warning
3,5,50,115.955555174982,853.117381249729,20,early_warning
3,6,60,124.671830456538,848.215693253115,20,early_warning
3,7,70,133.388105738093,843.314005256502,20,early_warning
3,8,80,142.104381019649,838.412317259889,20,early_warning
3,9,90,150.820656301204,833.510629263275,20,early_warning
3,10,100,159.53693158276,828.608941266662,20,early_warning
3,11,110,168.253206864315,823.707253270049,20,early_warning
3,12,120,176.969482145871,818.805565273435,20,early_warning
3,13,130,185.685757427426,813.903877276822,20,early_warning
3,14,140,194.402032708982,809.002189280208,20,early_warning
3,15,150,202.097113590831,803.087474605781,20,early_warning
3,16,160,206.928650203858,794.332118875887,20,early_warning
3,17,170,211.760186816884,785.576763145993,20,early_warning
3,18,180,216.59172342991,776.821407416099,20,early_warning
3,19,190,221.423260042936,768.066051686205,20,early_warning
3,20,200,226.254796655962,759.310695956311,20,early_warning
3,21,210,231.086333268988,750.555340226417,20,early_warning
3,22,220,235.917869882014,741.799984496523,20,early_warning
3,23,230,240.74940649504,733.044628766629,20,early_warning
3,24,240,245.580943108066,724.289273036735,20,early_warning
3,25,250,250.412479721092,715.533917306841,20,early_warning
3,26,260,255.244016334119,706.778561576947,20,early_warning
3,27,270,260.075552947145,698.023205847053,20,approach_clear_zone
3,28,280,264.907089560171,689.267850117159,20,approach_clear_zone
3,29,290,269.738626173197,680.512494387265,20,approach_clear_zone
3,30,300,274.570162786223,671.757138657371,20,approach_clear_zone
3,31,310,279.401699399249,663.001782927477,20,approach_clear_zone
3,32,320,285.779030022975,655.602360782727,20,approach_clear_zone
3,33,330,293.830179207197,649.671172300357,20,perimeter_crossing
3,34,340,301.881328391419,643.739983817988,20,inside_secure_wall
3,35,350,309.932477575642,637.808795335618,20,inside_secure_wall
3,36,360,317.983626759864,631.877606853248,20,inside_secure_wall
3,37,370,326.034775944087,625.946418370879,20,inside_secure_wall
3,38,380,334.085925128309,620.015229888509,20,inside_secure_wall
3,39,390,342.137074312532,614.084041406139,20,inside_secure_wall
3,40,400,350.188223496754,608.15285292377,20,inside_secure_wall
3,41,410,358.239372680977,602.2216644414,20,inside_secure_wall
3,42,420,366.290521865199,596.29047595903,20,inside_secure_wall
3,43,430,374.341671049421,590.359287476661,20,inside_secure_wall
3,44,440,382.392820233644,584.428098994291,20,inside_secure_wall
3,45,450,390.443969417866,578.496910511922,20,inside_secure_wall
3,46,460,398.495118602089,572.565722029552,20,inside_secure_wall
3,47,470,406.866128201857,567.268673039822,20,inside_secure_wall
3,48,480,416.421273831767,564.319233772568,20,inside_secure_wall
3,49,490,425.976419461676,561.369794505314,20,inside_secure_wall
3,50,500,435.531565091586,558.42035523806,20,inside_secure_wall
3,51,510,445.086710721495,555.470915970806,20,inside_secure_wall
3,52,520,454.641856351405,552.521476703552,20,inside_secure_wall
3,53,530,464.197001981315,549.572037436298,20,inside_secure_wall
3,54,540,473.752147611224,546.622598169044,20,inside_secure_wall
3,55,550,483.307293241134,543.67315890179,20,inside_secure_wall
3,56,560,492.862438871043,540.723719634536,20,inside_secure_wall
3,57,570,502.417584500953,537.774280367282,20,inside_secure_wall
3,58,580,511.972730130862,534.824841100028,20,inside_secure_wall
3,59,590,521.527875760772,531.875401832774,20,inside_secure_wall
3,60,600,531.083021390682,528.92596256552,20,inside_secure_wall
3,61,610,540.638167020591,525.976523298266,20,inside_secure_wall
3,62,620,550.193312650501,523.027084031012,20,inside_secure_wall
3,63,630,559.74845828041,520.077644763758,20,inside_secure_wall
3,64,630.26325262778,560,520,20,inside_secure_wall
4,0,0,857.44057059288,192.55942940712,20,early_warning
4,1,10,848.502320381091,197.043588542505,20,early_warning
4,2,20,839.564070169303,201.52774767789,20,early_warning
4,3,30,830.625819957514,206.011906813275,20,early_warning
4,4,40,821.687569745725,210.49606594866,20,early_warning
4,5,50,812.749319533936,214.980225084045,20,early_warning
4,6,60,803.811069322147,219.464384219429,20,early_warning
4,7,70,794.872819110358,223.948543354814,20,early_warning
4,8,80,785.934568898569,228.432702490199,20,early_warning
4,9,90,776.99631868678,232.916861625584,20,early_warning
4,10,100,768.058068474992,237.401020760969,20,early_warning
4,11,110,759.119818263203,241.885179896354,20,early_warning
4,12,120,750.181568051414,246.369339031739,20,early_warning
4,13,130,741.243317839625,250.853498167124,20,early_warning
4,14,140,732.596901771153,255.706601461719,20,early_warning
4,15,150,726.175146725081,263.372177899811,20,early_warning
4,16,160,719.753391679008,271.037754337904,20,early_warning
4,17,170,713.331636632936,278.703330775997,20,early_warning
4,18,180,706.909881586863,286.368907214089,20,early_warning
4,19,190,700.488126540791,294.034483652182,20,early_warning
4,20,200,694.066371494718,301.700060090275,20,approach_clear_zone
4,21,210,687.644616448646,309.365636528368,20,approach_clear_zone
4,22,220,681.222861402573,317.03121296646,20,approach_clear_zone
4,23,230,674.801106356501,324.696789404553,20,approach_clear_zone
4,24,240,668.379351310428,332.362365842646,20,approach_clear_zone
4,25,250,662.89075002312,340.517850128771,20,approach_clear_zone
4,26,260,660.227631675946,350.156719391757,20,inside_secure_wall
4,27,270,657.564513328772,359.795588654744,20,inside_secure_wall
4,28,280,654.901394981598,369.43445791773,20,inside_secure_wall
4,29,290,652.238276634424,379.073327180716,20,inside_secure_wall
4,30,300,649.575158287249,388.712196443703,20,inside_secure_wall
4,31,310,646.912039940075,398.351065706689,20,inside_secure_wall
4,32,320,644.248921592901,407.989934969676,20,inside_secure_wall
4,33,330,641.585803245727,417.628804232662,20,inside_secure_wall
4,34,340,638.922684898553,427.267673495649,20,inside_secure_wall
4,35,350,636.259566551379,436.906542758635,20,inside_secure_wall
4,36,360,633.596448204205,446.545412021621,20,inside_secure_wall
4,37,370,630.93332985703,456.184281284608,20,inside_secure_wall
4,38,380,628.213167984731,465.785417252183,20,inside_secure_wall
4,39,390,620.384592172353,472.007426634195,20,inside_secure_wall
4,40,400,612.556016359974,478.229436016207,20,inside_secure_wall
4,41,410,604.727440547596,484.451445398218,20,inside_secure_wall
4,42,420,596.898864735217,490.67345478023,20,inside_secure_wall
4,43,430,589.070288922839,496.895464162242,20,inside_secure_wall
4,44,440,581.241713110461,503.117473544254,20,inside_secure_wall
4,45,450,573.413137298082,509.339482926266,20,inside_secure_wall
4,46,460,565.584561485704,515.561492308278,20,inside_secure_wall
4,47,467.133559946975,560,520,20,inside_secure_wall
5,0,0,877.255319952965,827.255319952965,20,early_warning
5,1,10,868.379384376995,822.649045140143,20,early_warning
5,2,20,859.503448801025,818.042770327322,20,early_warning
5,3,30,850.627513225055,813.436495514501,20,early_warning
5,4,40,841.751577649085,808.830220701679,20,early_warning
5,5,50,832.875642073116,804.223945888858,20,early_warning
5,6,60,823.999706497146,799.617671076036,20,early_warning
5,7,70,815.123770921176,795.011396263215,20,early_warning
5,8,80,806.247835345206,790.405121450394,20,early_warning
5,9,90,797.371899769236,785.798846637572,20,early_warning
5,10,100,788.495964193266,781.192571824751,20,early_warning
5,11,110,780.257934935482,775.820597577982,20,early_warning
5,12,120,774.12444439537,767.922477941363,20,early_warning
5,13,130,767.990953855257,760.024358304744,20,early_warning
5,14,140,761.857463315145,752.126238668125,20,early_warning
5,15,150,755.723972775032,744.228119031505,20,early_warning
5,16,160,749.590482234919,736.329999394886,20,early_warning
5,17,170,743.456991694807,728.431879758267,20,early_warning
5,18,180,737.323501154694,720.533760121648,20,early_warning
5,19,190,731.190010614582,712.635640485028,20,early_warning
5,20,200,725.056520074469,704.737520848409,20,early_warning
5,21,210,718.923029534357,696.83940121179,20,approach_clear_zone
5,22,220,713.680151475686,688.368580815504,20,approach_clear_zone
5,23,230,709.038942979659,679.51086193893,20,approach_clear_zone
5,24,240,704.397734483631,670.653143062357,20,perimeter_crossing
5,25,250,699.756525987604,661.795424185784,20,perimeter_crossing
5,26,260,695.115317491576,652.937705309211,20,perimeter_crossing
5,27,270,690.474108995549,644.079986432637,20,inside_secure_wall
5,28,280,685.832900499521,635.222267556064,20,inside_secure_wall
5,29,290,681.191692003494,626.364548679491,20,inside_secure_wall
5,30,300,676.550483507466,617.506829802918,20,inside_secure_wall
5,31,310,671.909275011439,608.649110926344,20,inside_secure_wall
5,32,320,667.268066515411,599.791392049771,20,inside_secure_wall
5,33,330,662.626858019384,590.933673173198,20,inside_secure_wall
5,34,340,657.985649523356,582.075954296625,20,inside_secure_wall
5,35,350,651.245329545029,575.192346991517,20,inside_secure_wall
5,36,360,642.68887147963,570.016728634735,20,inside_secure_wall
5,37,370,634.132413414231,564.841110277953,20,inside_secure_wall
5,38,380,625.575955348831,559.665491921171,20,inside_secure_wall
5,39,390,617.019497283432,554.489873564388,20,inside_secure_wall
5,40,400,608.463039218032,549.314255207606,20,inside_secure_wall
5,41,410,599.906581152633,544.138636850824,20,inside_secure_wall
5,42,420,591.350123087233,538.963018494042,20,inside_secure_wall
5,43,430,582.793665021834,533.78740013726,20,inside_secure_wall
5,44,440,574.237206956434,528.611781780478,20,inside_secure_wall
5,45,450,565.680748891035,523.436163423695,20,inside_secure_wall
5,46,456.639136015879,560,520,20,inside_secure_wall
6,0,0,102.929930686951,505.019545555115,20,early_warning
6,1,10,112.033581975434,509.157604667513,20,early_warning
6,2,20,121.137233263916,513.295663779912,20,early_warning
6,3,30,130.240884552399,517.43372289231,20,early_warning
6,4,40,139.344535840882,521.571782004709,20,early_warning
6,5,50,148.448187129365,525.709841117108,20,early_warning
6,6,60,157.551838417848,529.847900229506,20,early_warning
6,7,70,166.65548970633,533.985959341905,20,early_warning
6,8,80,175.759140994813,538.124018454303,20,early_warning
6,9,90,184.862792283296,542.262077566702,20,early_warning
6,10,100,194.177254722997,545.26503921929,20,early_warning
6,11,110,204.15963377678,544.671651970851,20,early_warning
6,12,120,214.142012830562,544.078264722411,20,early_warning
6,13,130,224.124391884344,543.484877473972,20,early_warning
6,14,140,234.106770938126,542.891490225533,20,early_warning
6,15,150,244.089149991908,542.298102977094,20,early_warning
6,16,160,254.071529045691,541.704715728655,20,approach_clear_zone
6,17,170,264.053908099473,541.111328480215,20,approach_clear_zone
6,18,180,274.036287153255,540.517941231776,20,approach_clear_zone
6,19,190,284.018666207037,539.924553983337,20,approach_clear_zone
6,20,200,294.00104526082,539.331166734898,20,approach_clear_zone
6,21,210,303.983424314602,538.737779486459,20,inside_secure_wall
6,22,220,313.360311106704,536.032868805107,20,inside_secure_wall
6,23,230,322.140201058587,531.246060637567,20,inside_secure_wall
6,24,240,330.920091010469,526.459252470027,20,inside_secure_wall
6,25,250,339.699980962352,521.672444302486,20,inside_secure_wall
6,26,260,348.479870914235,516.885636134946,20,inside_secure_wall
6,27,270,357.259760866117,512.098827967406,20,inside_secure_wall
6,28,280,366.039650818,507.312019799866,20,inside_secure_wall
6,29,290,374.819540769883,502.525211632326,20,inside_secure_wall
6,30,300,383.599430721765,497.738403464785,20,inside_secure_wall
6,31,310,392.379320673648,492.951595297245,20,inside_secure_wall
6,32,320,401.15921062553,488.164787129705,20,inside_secure_wall
6,33,330,409.939100577413,483.377978962164,20,inside_secure_wall
6,34,340,418.718990529296,478.591170794624,20,inside_secure_wall
6,35,350,427.498880481178,473.804362627084,20,inside_secure_wall
6,36,360,436.278770433061,469.017554459544,20,inside_secure_wall
6,37,370,445.20276437536,468.096255096765,20,inside_secure_wall
6,38,380,454.314688088018,472.216066531127,20,inside_secure_wall
6,39,390,463.426611800676,476.335877965489,20,inside_secure_wall
6,40,400,472.538535513334,480.455689399851,20,inside_secure_wall
6,41,410,481.650459225992,484.575500834213,20,inside_secure_wall
6,42,420,490.76238293865,488.695312268575,20,inside_secure_wall
6,43,430,499.874306651308,492.815123702937,20,inside_secure_wall
6,44,440,508.986230363966,496.934935137299,20,inside_secure_wall
6,45,450,518.098154076624,501.054746571661,20,inside_secure_wall
6,46,460,527.210077789283,505.174558006023,20,inside_secure_wall
6,47,470,536.322001501941,509.294369440385,20,inside_secure_wall
6,48,480,545.433925214599,513.414180874747,20,inside_secure_wall
6,49,490,554.545848927257,517.533992309109,20,inside_secure_wall
6,50,495.985729517431,560,520,20,inside_secure_wall
7,0,0,916.884818673134,619.146633148193,20,early_warning
7,1,10,906.899679378876,618.601662255151,20,early_warning
7,2,20,896.914540084618,618.056691362108,20,early_warning
7,3,30,886.92940079036,617.511720469066,20,early_warning
7,4,40,876.944261496102,616.966749576023,20,early_warning
7,5,50,866.959122201844,616.421778682981,20,early_warning
7,6,60,856.973982907585,615.876807789938,20,early_warning
7,7,70,846.988843613327,615.331836896896,20,early_warning
7,8,80,837.003704319069,614.786866003853,20,early_warning
7,9,90,827.018565024811,614.241895110811,20,early_warning
7,10,100,817.033425730553,613.696924217768,20,early_warning
7,11,110,807.269459838354,615.588533503165,20,early_warning
7,12,120,797.545650009489,617.922526307796,20,early_warning
7,13,130,787.821840180624,620.256519112426,20,early_warning
7,14,140,778.098030351759,622.590511917057,20,early_warning
7,15,150,768.374220522894,624.924504721688,20,early_warning
7,16,160,758.650410694029,627.258497526319,20,early_warning
7,17,170,748.926600865164,629.592490330949,20,approach_clear_zone
7,18,180,739.202791036299,631.92648313558,20,approach_clear_zone
7,19,190,729.478981207434,634.260475940211,20,approach_clear_zone
7,20,200,721.627262373903,631.348024986868,20,approach_clear_zone
7,21,210,715.577543650312,623.38555656524,20,approach_clear_zone
7,22,220,709.527824926721,615.423088143611,20,approach_clear_zone
7,23,230,703.47810620313,607.460619721983,20,perimeter_crossing
7,24,240,697.42838747954,599.498151300354,20,inside_secure_wall
7,25,250,691.378668755949,591.535682878725,20,inside_secure_wall
7,26,260,685.328950032358,583.573214457097,20,inside_secure_wall
7,27,270,679.279231308767,575.610746035468,20,inside_secure_wall
7,28,280,673.229512585176,567.648277613839,20,inside_secure_wall
7,29,290,667.179793861585,559.685809192211,20,inside_secure_wall
7,30,300,661.130075137994,551.723340770582,20,inside_secure_wall
7,31,310,655.080356414403,543.760872348953,20,inside_secure_wall
7,32,320,649.030637690812,535.798403927325,20,inside_secure_wall
7,33,330,640.513260209647,532.004099869832,20,inside_secure_wall
7,34,340,630.622586999909,530.529452977129,20,inside_secure_wall
7,35,350,620.73191379017,529.054806084425,20,inside_secure_wall
7,36,360,610.841240580432,527.580159191722,20,inside_secure_wall
7,37,370,600.950567370693,526.105512299019,20,inside_secure_wall
7,38,380,591.059894160954,524.630865406315,20,inside_secure_wall
7,39,390,581.169220951216,523.156218513612,20,inside_secure_wall
7,40,400,571.278547741477,521.681571620908,20,inside_secure_wall
7,41,410,561.387874531739,520.206924728205,20,inside_secure_wall
7,42,411.403215435702,560,520,20,inside_secure_wall
8,0,0,846.699568033218,333.273720741272,20,early_warning
8,1,10,836.831676677677,334.893819563949,20,early_warning
8,2,20,826.963785322136,336.513918386626,20,early_warning
8,3,30,817.095893966595,338.134017209303,20,early_warning
8,4,40,807.228002611054,339.754116031979,20,early_warning
8,5,50,797.360111255513,341.374214854656,20,early_warning
8,6,60,787.492219899972,342.994313677333,20,early_warning
8,7,70,777.624328544431,344.61441250001,20,early_warning
8,8,80,767.886667823281,346.465094422033,20,early_warning
8,9,90,761.404263221741,354.079451294542,20,early_warning
8,10,100,754.9218586202,361.693808167051,20,early_warning
8,11,110,748.43945401866,369.30816503956,20,approach_clear_zone
8,12,120,741.957049417119,376.922521912069,20,approach_clear_zone
8,13,130,735.474644815578,384.536878784578,20,approach_clear_zone
8,14,140,728.992240214038,392.151235657087,20,approach_clear_zone
8,15,150,722.509835612497,399.765592529596,20,approach_clear_zone
8,16,160,716.027431010957,407.379949402106,20,approach_clear_zone
8,17,170,709.545026409416,414.994306274615,20,approach_clear_zone
8,18,180,703.062621807876,422.608663147124,20,perimeter_crossing
8,19,190,696.580217206335,430.223020019633,20,inside_secure_wall
8,20,200,690.607701559628,438.213173559499,20,inside_secure_wall
8,21,210,685.253472375505,446.659014538577,20,inside_secure_wall
8,22,220,679.899243191381,455.104855517656,20,inside_secure_wall
8,23,230,674.545014007258,463.550696496734,20,inside_secure_wall
8,24,240,669.190784823135,471.996537475813,20,inside_secure_wall
8,25,250,663.836555639012,480.442378454891,20,inside_secure_wall
8,26,260,658.482326454889,488.88821943397,20,inside_secure_wall
8,27,270,653.128097270765,497.334060413049,20,inside_secure_wall
8,28,280,647.773868086642,505.779901392127,20,inside_secure_wall
8,29,290,642.419638902519,514.225742371206,20,inside_secure_wall
8,30,300,634.295517016708,517.80734609858,20,inside_secure_wall
8,31,310,624.299869141807,518.102343659539,20,inside_secure_wall
8,32,320,614.304221266905,518.397341220498,20,inside_secure_wall
8,33,330,604.308573392003,518.692338781457,20,inside_secure_wall
8,34,340,594.312925517101,518.987336342416,20,inside_secure_wall
8,35,350,584.3172776422,519.282333903375,20,inside_secure_wall
8,36,360,574.321629767298,519.577331464335,20,inside_secure_wall
8,37,370,564.325981892396,519.872329025294,20,inside_secure_wall
8,38,374.327865433574,560,520,20,inside_secure_wall
9,0,0,434.251010417938,183.485682606697,20,early_warning
9,1,10,439.934316026013,191.7136858496,20,early_warning
9,2,20,445.617621634087,199.941689092504,20,early_warning
9,3,30,451.300927242162,208.169692335407,20,early_warning
9,4,40,456.984232850236,216.397695578311,20,early_warning
9,5,50,462.667538458311,224.625698821214,20,early_warning
9,6,60,468.350844066386,232.853702064117,20,early_warning
9,7,70,474.03414967446,241.081705307021,20,early_warning
9,8,80,479.717455282535,249.309708549924,20,early_warning
9,9,90,485.400760890609,257.537711792827,20,early_warning
9,10,100,491.084066498684,265.765715035731,20,early_warning
9,11,110,496.767372106758,273.993718278634,20,early_warning
9,12,120,491.870030949956,281.702996945949,20,early_warning
9,13,130,485.409145514598,289.335621618445,20,early_warning
9,14,140,478.94826007924,296.96824629094,20,early_warning
9,15,150,472.487374643883,304.600870963435,20,approach_clear_zone
9,16,160,466.026489208525,312.23349563593,20,approach_clear_zone
9,17,170,459.565603773167,319.866120308426,20,approach_clear_zone
9,18,180,453.10471833781,327.498744980921,20,approach_clear_zone
9,19,190,446.643832902452,335.131369653416,20,approach_clear_zone
9,20,200,440.182947467094,342.763994325911,20,approach_clear_zone
9,21,210,433.722062031737,350.396618998407,20,inside_secure_wall
9,22,220,430.896743028513,357.771403144967,20,inside_secure_wall
9,23,230,438.370177740528,364.415782243517,20,inside_secure_wall
9,24,240,445.843612452543,371.060161342067,20,inside_secure_wall
9,25,250,453.317047164558,377.704540440617,20,inside_secure_wall
9,26,260,460.790481876573,384.348919539167,20,inside_secure_wall
9,27,270,468.263916588588,390.993298637717,20,inside_secure_wall
9,28,280,475.737351300603,397.637677736267,20,inside_secure_wall
9,29,290,483.210786012619,404.282056834817,20,inside_secure_wall
9,30,300,490.684220724634,410.926435933367,20,inside_secure_wall
9,31,310,498.157655436649,417.570815031917,20,inside_secure_wall
9,32,320,504.930378703748,424.786732261678,20,inside_secure_wall
9,33,330,509.937074212613,433.443117193132,20,inside_secure_wall
9,34,340,514.943769721477,442.099502124587,20,inside_secure_wall
9,35,350,519.950465230342,450.755887056042,20,inside_secure_wall
9,36,360,524.957160739207,459.412271987496,20,inside_secure_wall
9,37,370,529.963856248071,468.068656918951,20,inside_secure_wall
9,38,380,534.970551756936,476.725041850405,20,inside_secure_wall
9,39,390,539.977247265801,485.38142678186,20,inside_secure_wall
9,40,400,544.983942774665,494.037811713315,20,inside_secure_wall
9,41,410,549.99063828353,502.694196644769,20,inside_secure_wall
9,42,420,554.997333792395,511.350581576224,20,inside_secure_wall
9,43,429.991952174339,560,520,20,inside_secure_wall
10,0,0,576.909869909286,836.329066753387,20,early_warning
10,1,10,579.63412078925,826.707296794434,20,early_warning
10,2,20,582.358371669213,817.08552683548,20,early_warning
10,3,30,585.082622549176,807.463756876527,20,early_warning
10,4,40,587.806873429139,797.841986917574,20,early_warning
10,5,50,590.531124309102,788.22021695862,20,early_warning
10,6,60,593.255375189066,778.598446999667,20,early_warning
10,7,70,595.979626069029,768.976677040713,20,early_warning
10,8,80,598.703876948992,759.35490708176,20,early_warning
10,9,90,594.729256577976,751.069346218169,20,early_warning
10,10,100,588.521904453087,743.229143440329,20,early_warning
10,11,110,582.314552328199,735.38894066249,20,early_warning
10,12,120,576.10720020331,727.54873788465,20,early_warning
10,13,130,569.899848078422,719.708535106811,20,early_warning
10,14,140,563.692495953533,711.868332328972,20,early_warning
10,15,150,557.485143828645,704.028129551132,20,early_warning
10,16,160,551.277791703756,696.187926773293,20,approach_clear_zone
10,17,170,545.070439578867,688.347723995453,20,approach_clear_zone
10,18,180,539.952550249574,680.047525280827,20,approach_clear_zone
10,19,190,538.662637212284,670.131068032584,20,approach_clear_zone
10,20,200,537.372724174993,660.214610784341,20,approach_clear_zone
10,21,210,536.082811137703,650.298153536098,20,perimeter_crossing
10,22,220,534.792898100413,640.381696287855,20,inside_secure_wall
10,23,230,533.502985063123,630.465239039612,20,inside_secure_wall
10,24,240,532.213072025832,620.548781791369,20,inside_secure_wall
10,25,250,530.987301367985,610.638127100539,20,inside_secure_wall
10,26,260,534.035868624467,601.114144861858,20,inside_secure_wall
10,27,270,537.084435880948,591.590162623177,20,inside_secure_wall
10,28,280,540.13300313743,582.066180384496,20,inside_secure_wall
10,29,290,543.181570393911,572.542198145815,20,inside_secure_wall
10,30,300,546.230137650393,563.018215907134,20,inside_secure_wall
10,31,310,549.278704906874,553.494233668453,20,inside_secure_wall
10,32,320,552.327272163356,543.970251429772,20,inside_secure_wall
10,33,330,555.375839419837,534.446269191092,20,inside_secure_wall
10,34,340,558.424406676319,524.922286952411,20,inside_secure_wall
10,35,345.168307572456,560,520,20,inside_secure_wall
11,0,0,93.856183886528,143.856183886528,20,early_warning
11,1,10,98.9978458242186,152.433089652508,20,early_warning
11,2,20,104.139507761909,161.009995418488,20,early_warning
11,3,30,109.2811696996,169.586901184468,20,early_warning
11,4,40,114.42283163729,178.163806950449,20,early_warning
11,5,50,119.564493574981,186.740712716429,20,early_warning
11,6,60,124.706155512672,195.317618482409,20,early_warning
11,7,70,129.847817450362,203.894524248389,20,early_warning
11,8,80,134.989479388053,212.471430014369,20,early_warning
11,9,90,140.131141325744,221.048335780349,20,early_warning
11,10,100,145.272803263434,229.62524154633,20,early_warning
11,11,110,150.414465201125,238.20214731231,20,early_warning
11,12,120,155.556127138815,246.77905307829,20,early_warning
11,13,130,160.697789076506,255.35595884427,20,early_warning
11,14,140,165.839451014197,263.93286461025,20,early_warning
11,15,150,173.781188648095,268.100200851103,20,early_warning
11,16,160,183.730474087055,269.106043410398,20,early_warning
11,17,170,193.679759526015,270.111885969693,20,early_warning
11,18,180,203.629044964976,271.117728528989,20,early_warning
11,19,190,213.578330403936,272.123571088284,20,early_warning
11,20,200,223.527615842897,273.129413647579,20,early_warning
11,21,210,233.476901281857,274.135256206875,20,early_warning
11,22,220,243.426186720818,275.14109876617,20,early_warning
11,23,230,253.375472159778,276.146941325465,20,early_warning
11,24,240,263.324757598739,277.152783884761,20,early_warning
11,25,250,273.274043037699,278.158626444056,20,early_warning
11,26,260,283.223328476659,279.164469003351,20,early_warning
11,27,270,293.17261391562,280.170311562647,20,early_warning
11,28,280,303.12189935458,281.176154121942,20,early_warning
11,29,290,313.071184793541,282.181996681237,20,early_warning
11,30,300,323.020470232501,283.187839240533,20,early_warning
11,31,310,332.969755671462,284.193681799828,20,early_warning
11,32,320,342.919041110422,285.199524359123,20,early_warning
11,33,330,352.868326549382,286.205366918419,20,early_warning
11,34,340,362.817611988343,287.211209477714,20,early_warning
11,35,350,372.766897427303,288.217052037009,20,early_warning
11,36,360,378.786177991846,294.076282508162,20,early_warning
11,37,370,381.839066302841,303.598880523441,20,approach_clear_zone
11,38,380,384.891954613836,313.121478538719,20,approach_clear_zone
11,39,390,387.94484292483,322.644076553998,20,approach_clear_zone
11,40,400,390.997731235825,332.166674569277,20,approach_clear_zone
11,41,410,394.05061954682,341.689272584556,20,approach_clear_zone
11,42,420,397.103507857814,351.211870599835,20,inside_secure_wall
11,43,430,400.156396168809,360.734468615114,20,inside_secure_wall
11,44,440,403.209284479803,370.257066630392,20,inside_secure_wall
11,45,450,406.262172790798,379.779664645671,20,inside_secure_wall
11,46,460,409.315061101793,389.30226266095,20,inside_secure_wall
11,47,470,412.367949412787,398.824860676229,20,inside_secure_wall
11,48,480,415.420837723782,408.347458691508,20,inside_secure_wall
11,49,490,418.473726034777,417.870056706787,20,inside_secure_wall
11,50,500,421.526614345771,427.392654722065,20,inside_secure_wall
11,51,510,424.579502656766,436.915252737344,20,inside_secure_wall
11,52,520,427.63239096776,446.437850752623,20,inside_secure_wall
11,53,530,430.685279278755,455.960448767902,20,inside_secure_wall
11,54,540,437.645537923261,462.060227769845,20,inside_secure_wall
11,55,550,446.683419339487,466.340029109422,20,inside_secure_wall
11,56,560,455.721300755712,470.619830448999,20,inside_secure_wall
11,57,570,464.759182171938,474.899631788576,20,inside_secure_wall
11,58,580,473.797063588163,479.179433128153,20,inside_secure_wall
11,59,590,482.834945004389,483.45923446773,20,inside_secure_wall
11,60,600,491.872826420614,487.739035807307,20,inside_secure_wall
11,61,610,500.91070783684,492.018837146884,20,inside_secure_wall
11,62,620,509.948589253065,496.298638486461,20,inside_secure_wall
11,63,630,518.986470669291,500.578439826038,20,inside_secure_wall
11,64,640,528.024352085516,504.858241165615,20,inside_secure_wall
11,65,650,537.062233501742,509.138042505193,20,inside_secure_wall
11,66,660,546.100114917967,513.41784384477,20,inside_secure_wall
11,67,670,555.137996334193,517.697645184347,20,inside_secure_wall
11,68,675.379583380104,560,520,20,inside_secure_wall
12,0,0,74.0414345264435,124.041434526443,20,early_warning
12,1,10,82.8258841817771,128.819869861667,20,early_warning
12,2,20,91.6103338371108,133.59830519689,20,early_warning
12,3,30,100.394783492444,138.376740532113,20,early_warning
12,4,40,109.179233147778,143.155175867336,20,early_warning
12,5,50,117.963682803112,147.933611202559,20,early_warning
12,6,60,126.748132458445,152.712046537782,20,early_warning
12,7,70,135.532582113779,157.490481873005,20,early_warning
12,8,80,144.317031769113,162.268917208228,20,early_warning
12,9,90,153.101481424446,167.047352543451,20,early_warning
12,10,100,161.88593107978,171.825787878674,20,early_warning
12,11,110,170.670380735114,176.604223213897,20,early_warning
12,12,120,179.454830390447,181.38265854912,20,early_warning
12,13,130,188.239280045781,186.161093884343,20,early_warning
12,14,140,197.023729701115,190.939529219566,20,early_warning
12,15,150,205.808179356448,195.717964554789,20,early_warning
12,16,160,214.592629011782,200.496399890013,20,early_warning
12,17,170,222.922199925802,205.698060026067,20,early_warning
12,18,180,227.055729524597,214.803768842841,20,early_warning
12,19,190,231.189259123392,223.909477659615,20,early_warning
12,20,200,235.322788722188,233.01518647639,20,early_warning
12,21,210,239.456318320983,242.120895293164,20,early_warning
12,22,220,243.589847919778,251.226604109939,20,early_warning
12,23,230,247.723377518574,260.332312926713,20,early_warning
12,24,240,251.856907117369,269.438021743487,20,early_warning
12,25,250,255.990436716164,278.543730560262,20,early_warning
12,26,260,260.12396631496,287.649439377036,20,early_warning
12,27,270,264.257495913755,296.75514819381,20,early_warning
12,28,280,268.39102551255,305.860857010585,20,approach_clear_zone
12,29,290,272.524555111346,314.966565827359,20,approach_clear_zone
12,30,300,276.658084710141,324.072274644134,20,approach_clear_zone
12,31,310,280.791614308936,333.177983460908,20,approach_clear_zone
12,32,320,288.260346250808,338.32878409993,20,approach_clear_zone
12,33,330,297.933112940708,340.866023655583,20,perimeter_crossing
12,34,340,307.605879630607,343.403263211236,20,approach_clear_zone
12,35,350,317.278646320507,345.94050276689,20,perimeter_crossing
12,36,360,326.951413010406,348.477742322543,20,perimeter_crossing
12,37,370,336.624179700306,351.014981878196,20,inside_secure_wall
12,38,380,346.296946390205,353.552221433849,20,inside_secure_wall
12,39,390,355.969713080105,356.089460989503,20,inside_secure_wall
12,40,400,365.642479770004,358.626700545156,20,inside_secure_wall
12,41,410,375.315246459904,361.163940100809,20,inside_secure_wall
12,42,420,384.988013149803,363.701179656463,20,inside_secure_wall
12,43,430,394.660779839702,366.238419212116,20,inside_secure_wall
12,44,440,404.333546529602,368.775658767769,20,inside_secure_wall
12,45,450,414.006313219501,371.312898323422,20,inside_secure_wall
12,46,460,423.679079909401,373.850137879076,20,inside_secure_wall
12,47,470,433.3518465993,376.387377434729,20,inside_secure_wall
12,48,480,443.0246132892,378.924616990382,20,inside_secure_wall
12,49,490,452.697379979099,381.461856546036,20,inside_secure_wall
12,50,500,459.752777083676,387.916215358467,20,inside_secure_wall
12,51,510,465.798392243392,395.881799915837,20,inside_secure_wall
12,52,520,471.844007403107,403.847384473207,20,inside_secure_wall
12,53,530,477.889622562823,411.812969030577,20,inside_secure_wall
12,54,540,483.935237722539,419.778553587947,20,inside_secure_wall
12,55,550,489.980852882255,427.744138145317,20,inside_secure_wall
12,56,560,496.026468041971,435.709722702687,20,inside_secure_wall
12,57,570,502.072083201687,443.675307260057,20,inside_secure_wall
12,58,580,508.117698361403,451.640891817428,20,inside_secure_wall
12,59,590,514.163313521119,459.606476374798,20,inside_secure_wall
12,60,600,520.208928680835,467.572060932168,20,inside_secure_wall
12,61,610,526.254543840551,475.537645489538,20,inside_secure_wall
12,62,620,532.300159000267,483.503230046908,20,inside_secure_wall
12,63,630,538.345774159983,491.468814604278,20,inside_secure_wall
12,64,640,544.391389319699,499.434399161648,20,inside_secure_wall
12,65,650,550.437004479415,507.399983719018,20,inside_secure_wall
12,66,660,556.482619639131,515.365568276388,20,inside_secure_wall
12,67,665.818068580195,560,520,20,inside_secure_wall
13,0,0,144.226685166359,805.773314833641,20,early_warning
13,1,10,152.524610853841,800.192595410034,20,early_warning
13,2,20,160.822536541324,794.611875986428,20,early_warning
13,3,30,169.120462228806,789.031156562821,20,early_warning
13,4,40,177.418387916288,783.450437139215,20,early_warning
13,5,50,185.716313603771,777.869717715608,20,early_warning
13,6,60,194.014239291253,772.288998292001,20,early_warning
13,7,70,202.312164978735,766.708278868395,20,early_warning
13,8,80,210.610090666218,761.127559444788,20,early_warning
13,9,90,218.9080163537,755.546840021181,20,early_warning
13,10,100,227.205942041183,749.966120597575,20,early_warning
13,11,110,235.417675971481,744.282277697191,20,early_warning
13,12,120,242.382323375988,737.106367543706,20,early_warning
13,13,130,249.346970780495,729.93045739022,20,early_warning
13,14,140,256.311618185002,722.754547236735,20,early_warning
13,15,150,263.276265589508,715.578637083249,20,early_warning
13,16,160,270.240912994015,708.402726929764,20,early_warning
13,17,170,277.205560398522,701.226816776278,20,early_warning
13,18,180,284.170207803029,694.050906622793,20,approach_clear_zone
13,19,190,291.134855207536,686.874996469307,20,approach_clear_zone
13,20,200,298.099502612043,679.699086315822,20,perimeter_crossing
13,21,210,305.064150016549,672.523176162336,20,approach_clear_zone
13,22,220,312.028797421056,665.347266008851,20,approach_clear_zone
13,23,230,318.993444825563,658.171355855365,20,approach_clear_zone
13,24,240,325.95809223007,650.99544570188,20,perimeter_crossing
13,25,250,332.922739634577,643.819535548394,20,inside_secure_wall
13,26,260,340.238153298964,637.149403480098,20,inside_secure_wall
13,27,270,349.399818083426,633.141424141685,20,inside_secure_wall
13,28,280,358.561482867888,629.133444803271,20,inside_secure_wall
13,29,290,367.72314765235,625.125465464858,20,inside_secure_wall
13,30,300,376.884812436812,621.117486126445,20,inside_secure_wall
13,31,310,386.046477221274,617.109506788031,20,inside_secure_wall
13,32,320,395.208142005736,613.101527449618,20,inside_secure_wall
13,33,330,404.369806790198,609.093548111205,20,inside_secure_wall
13,34,340,413.53147157466,605.085568772791,20,inside_secure_wall
13,35,350,422.693136359122,601.077589434378,20,inside_secure_wall
13,36,360,431.854801143584,597.069610095965,20,inside_secure_wall
13,37,370,441.016465928046,593.061630757551,20,inside_secure_wall
13,38,380,450.178130712508,589.053651419138,20,inside_secure_wall
13,39,390,459.33979549697,585.045672080725,20,inside_secure_wall
13,40,400,468.429901983505,580.906601804336,20,inside_secure_wall
13,41,410,476.756281128668,575.368424276394,20,inside_secure_wall
13,42,420,485.082660273831,569.830246748453,20,inside_secure_wall
13,43,430,493.409039418994,564.292069220511,20,inside_secure_wall
13,44,440,501.735418564157,558.75389169257,20,inside_secure_wall
13,45,450,510.06179770932,553.215714164628,20,inside_secure_wall
13,46,460,518.388176854482,547.677536636686,20,inside_secure_wall
13,47,470,526.714555999645,542.139359108745,20,inside_secure_wall
13,48,480,535.040935144808,536.601181580803,20,inside_secure_wall
13,49,490,543.367314289971,531.063004052862,20,inside_secure_wall
13,50,500,551.693693435134,525.52482652492,20,inside_secure_wall
13,51,509.975892786112,560,520,20,inside_secure_wall
14,0,0,875.588064193726,174.411935806274,20,early_warning
14,1,10,867.157193977752,179.789707408101,20,early_warning
14,2,20,858.726323761779,185.167479009928,20,early_warning
14,3,30,850.295453545805,190.545250611754,20,early_warning
14,4,40,841.864583329832,195.923022213581,20,early_warning
14,5,50,833.433713113859,201.300793815408,20,early_warning
14,6,60,825.002842897885,206.678565417234,20,early_warning
14,7,70,816.571972681912,212.056337019061,20,early_warning
14,8,80,808.141102465939,217.434108620888,20,early_warning
14,9,90,799.710232249965,222.811880222714,20,early_warning
14,10,100,791.279362033992,228.189651824541,20,early_warning
14,11,110,782.848491818018,233.567423426367,20,early_warning
14,12,120,774.417621602045,238.945195028194,20,early_warning
14,13,130,765.982158026127,244.315721513489,20,early_warning
14,14,140,757.521756701162,249.646913633505,20,early_warning
14,15,150,749.061355376197,254.978105753521,20,early_warning
14,16,160,740.600954051231,260.309297873538,20,early_warning
14,17,170,732.140552726266,265.640489993554,20,early_warning
14,18,180,723.680151401301,270.97168211357,20,early_warning
14,19,190,715.219750076335,276.302874233587,20,early_warning
14,20,200,706.75934875137,281.634066353603,20,early_warning
14,21,210,698.298947426405,286.965258473619,20,early_warning
14,22,220,689.838546101439,292.296450593636,20,early_warning
14,23,230,681.378144776474,297.627642713652,20,early_warning
14,24,240,672.917743451508,302.958834833668,20,approach_clear_zone
14,25,250,664.457342126543,308.290026953685,20,approach_clear_zone
14,26,260,655.996940801578,313.621219073701,20,approach_clear_zone
14,27,270,648.832544801327,320.02275279833,20,approach_clear_zone
14,28,280,645.196533839704,329.338300247995,20,approach_clear_zone
14,29,290,641.560522878082,338.65384769766,20,approach_clear_zone
14,30,300,637.92451191646,347.969395147326,20,perimeter_crossing
14,31,310,634.288500954838,357.284942596991,20,inside_secure_wall
14,32,320,630.652489993216,366.600490046656,20,inside_secure_wall
14,33,330,627.016479031594,375.916037496321,20,inside_secure_wall
14,34,340,623.380468069972,385.231584945986,20,inside_secure_wall
14,35,350,619.744457108349,394.547132395651,20,inside_secure_wall
14,36,360,616.007051579887,403.818530545344,20,inside_secure_wall
14,37,370,611.664626801164,412.826490749582,20,inside_secure_wall
14,38,380,607.322202022441,421.83445095382,20,inside_secure_wall
14,39,390,602.979777243718,430.842411158058,20,inside_secure_wall
14,40,400,598.637352464996,439.850371362296,20,inside_secure_wall
14,41,410,594.294927686273,448.858331566534,20,inside_secure_wall
14,42,420,589.95250290755,457.866291770772,20,inside_secure_wall
14,43,430,585.610078128827,466.87425197501,20,inside_secure_wall
14,44,440,581.267653350104,475.882212179248,20,inside_secure_wall
14,45,450,576.925228571382,484.890172383486,20,inside_secure_wall
14,46,460,572.582803792659,493.898132587724,20,inside_secure_wall
14,47,470,568.240379013936,502.906092791962,20,inside_secure_wall
14,48,480,563.897954235213,511.9140529962,20,inside_secure_wall
14,49,488.976446188113,560,520,20,inside_secure_wall
15,0,0,895.40281355381,845.40281355381,20,early_warning
15,1,10,885.903680281209,842.277678825616,20,early_warning
15,2,20,876.404547008608,839.152544097421,20,early_warning
15,3,30,866.905413736008,836.027409369226,20,early_warning
15,4,40,857.406280463407,832.902274641032,20,early_warning
15,5,50,847.907147190806,829.777139912837,20,early_warning
15,6,60,838.408013918205,826.652005184643,20,early_warning
15,7,70,828.908880645604,823.526870456448,20,early_warning
15,8,80,819.409747373003,820.401735728253,20,early_warning
15,9,90,809.910614100403,817.276601000059,20,early_warning
15,10,100,800.411480827802,814.151466271864,20,early_warning
15,11,110,791.708262532365,810.166916431496,20,early_warning
15,12,120,787.864590168372,800.935113641234,20,early_warning
15,13,130,784.02091780438,791.703310850973,20,early_warning
15,14,140,780.177245440388,782.471508060711,20,early_warning
15,15,150,776.333573076396,773.239705270449,20,early_warning
15,16,160,772.489900712404,764.007902480188,20,early_warning
15,17,170,768.646228348412,754.776099689926,20,early_warning
15,18,180,764.802555984419,745.544296899664,20,early_warning
15,19,190,760.958883620427,736.312494109403,20,early_warning
15,20,200,757.115211256435,727.080691319141,20,early_warning
15,21,210,753.271538892443,717.848888528879,20,early_warning
15,22,220,749.427866528451,708.617085738618,20,early_warning
15,23,230,745.584194164459,699.385282948356,20,approach_clear_zone
15,24,240,741.740521800466,690.153480158094,20,approach_clear_zone
15,25,250,737.896849436474,680.921677367833,20,approach_clear_zone
15,26,260,729.323562588055,676.1227201229,20,approach_clear_zone
15,27,270,720.359839000779,671.68970089771,20,approach_clear_zone
15,28,280,711.396115413502,667.25668167252,20,approach_clear_zone
15,29,290,702.432391826226,662.82366244733,20,perimeter_crossing
15,30,300,693.46866823895,658.390643222139,20,approach_clear_zone
15,31,310,684.504944651674,653.957623996949,20,perimeter_crossing
15,32,320,675.541221064397,649.524604771759,20,inside_secure_wall
15,33,330,666.577497477121,645.091585546568,20,inside_secure_wall
15,34,340,657.613773889845,640.658566321378,20,inside_secure_wall
15,35,350,648.650050302568,636.225547096188,20,inside_secure_wall
15,36,360,639.686326715292,631.792527870998,20,inside_secure_wall
15,37,370,630.722603128016,627.359508645807,20,inside_secure_wall
15,38,380,621.758879540739,622.926489420617,20,inside_secure_wall
15,39,390,612.795155953463,618.493470195427,20,inside_secure_wall
15,40,400,604.346771494395,613.553609562578,20,inside_secure_wall
15,41,410,600.063391393645,604.517423701691,20,inside_secure_wall
15,42,420,595.780011292895,595.481237840803,20,inside_secure_wall
15,43,430,591.496631192146,586.445051979916,20,inside_secure_wall
15,44,440,587.213251091396,577.408866119029,20,inside_secure_wall
15,45,450,582.929870990646,568.372680258141,20,inside_secure_wall
15,46,460,578.646490889897,559.336494397254,20,inside_secure_wall
15,47,470,574.363110789147,550.300308536366,20,inside_secure_wall
15,48,480,570.079730688397,541.264122675479,20,inside_secure_wall
15,49,490,565.796350587647,532.227936814592,20,inside_secure_wall
15,50,500,561.512970486898,523.191750953704,20,inside_secure_wall
15,51,503.532188251593,560,520,20,inside_secure_wall
16,0,0,84.7824370861053,446.290421485901,20,early_warning
16,1,10,94.4591942248049,448.812399138186,20,early_warning
16,2,20,104.135951363504,451.334376790472,20,early_warning
16,3,30,113.812708502204,453.856354442758,20,early_warning
16,4,40,123.489465640903,456.378332095043,20,early_warning
16,5,50,133.166222779603,458.900309747329,20,early_warning
16,6,60,142.842979918302,461.422287399614,20,early_warning
16,7,70,152.519737057002,463.9442650519,20,early_warning
16,8,80,162.196494195702,466.466242704186,20,early_warning
16,9,90,171.873251334401,468.988220356471,20,early_warning
16,10,100,181.550008473101,471.510198008757,20,early_warning
16,11,110,190.897123889507,474.962120687346,20,early_warning
16,12,120,200.001895387473,479.097714474194,20,early_warning
16,13,130,209.10666688544,483.233308261043,20,early_warning
16,14,140,218.211438383406,487.368902047891,20,early_warning
16,15,150,227.316209881372,491.50449583474,20,early_warning
16,16,160,236.420981379339,495.640089621589,20,early_warning
16,17,170,245.525752877305,499.775683408437,20,early_warning
16,18,180,254.630524375271,503.911277195286,20,approach_clear_zone
16,19,190,263.735295873237,508.046870982135,20,approach_clear_zone
16,20,200,272.840067371204,512.182464768983,20,approach_clear_zone
16,21,210,281.94483886917,516.318058555832,20,approach_clear_zone
16,22,220,291.049610367136,520.45365234268,20,approach_clear_zone
16,23,230,300.154381865103,524.589246129529,20,inside_secure_wall
16,24,240,309.259153363069,528.724839916378,20,inside_secure_wall
16,25,250,318.501141479097,531.032497336556,20,inside_secure_wall
16,26,260,328.121287057219,528.302515824578,20,inside_secure_wall
16,27,270,337.741432635341,525.5725343126,20,inside_secure_wall
16,28,280,347.361578213463,522.842552800622,20,inside_secure_wall
16,29,290,356.981723791585,520.112571288645,20,inside_secure_wall
16,30,300,366.601869369707,517.382589776667,20,inside_secure_wall
16,31,310,376.222014947829,514.652608264689,20,inside_secure_wall
16,32,320,385.842160525951,511.922626752711,20,inside_secure_wall
16,33,330,395.462306104073,509.192645240733,20,inside_secure_wall
16,34,340,405.082451682195,506.462663728755,20,inside_secure_wall
16,35,350,414.702597260317,503.732682216777,20,inside_secure_wall
16,36,360,424.322742838439,501.002700704799,20,inside_secure_wall
16,37,370,433.94288841656,498.272719192821,20,inside_secure_wall
16,38,380,443.563033994682,495.542737680844,20,inside_secure_wall
16,39,390,453.193202666546,493.42649519386,20,inside_secure_wall
16,40,400,462.897362036224,495.840887649095,20,inside_secure_wall
16,41,410,472.601521405902,498.255280104329,20,inside_secure_wall
16,42,420,482.305680775579,500.669672559564,20,inside_secure_wall
16,43,430,492.009840145257,503.084065014799,20,inside_secure_wall
16,44,440,501.713999514935,505.498457470034,20,inside_secure_wall
16,45,450,511.418158884613,507.912849925269,20,inside_secure_wall
16,46,460,521.12231825429,510.327242380503,20,inside_secure_wall
16,47,470,530.826477623968,512.741634835738,20,inside_secure_wall
16,48,480,540.530636993646,515.156027290973,20,inside_secure_wall
16,49,490,550.234796363324,517.570419746208,20,inside_secure_wall
16,50,500,559.938955733002,519.984812201443,20,inside_secure_wall
16,51,500.062905260181,560,520,20,inside_secure_wall
17,0,0,154.967687726021,560.417509078979,20,early_warning
17,1,10,163.75669713443,555.647465722899,20,early_warning
17,2,20,172.54570654284,550.877422366819,20,early_warning
17,3,30,181.33471595125,546.107379010738,20,early_warning
17,4,40,190.123725359659,541.337335654658,20,early_warning
17,5,50,198.912734768069,536.567292298577,20,early_warning
17,6,60,207.701744176479,531.797248942497,20,early_warning
17,7,70,216.490753584888,527.027205586417,20,early_warning
17,8,80,225.279762993298,522.257162230336,20,early_warning
17,9,90,234.068772401708,517.487118874256,20,early_warning
17,10,100,242.857781810117,512.717075518175,20,early_warning
17,11,110,251.646791218527,507.947032162095,20,approach_clear_zone
17,12,120,260.435800626936,503.176988806014,20,approach_clear_zone
17,13,130,269.721419177419,500.137752805321,20,approach_clear_zone
17,14,140,279.702457787425,499.522230047368,20,approach_clear_zone
17,15,150,289.683496397432,498.906707289416,20,approach_clear_zone
17,16,160,299.664535007439,498.291184531463,20,perimeter_crossing
17,17,170,309.645573617445,497.675661773511,20,inside_secure_wall
17,18,180,319.626612227452,497.060139015558,20,inside_secure_wall
17,19,190,329.607650837458,496.444616257606,20,inside_secure_wall
17,20,200,339.588689447465,495.829093499653,20,inside_secure_wall
17,21,210,349.569728057472,495.213570741701,20,inside_secure_wall
17,22,220,359.550766667478,494.598047983748,20,inside_secure_wall
17,23,230,369.531805277485,493.982525225796,20,inside_secure_wall
17,24,240,377.898306375424,498.78920123346,20,inside_secure_wall
17,25,250,385.916873483288,504.764364958136,20,inside_secure_wall
17,26,260,393.935440591152,510.739528682812,20,inside_secure_wall
17,27,270,401.954007699016,516.714692407488,20,inside_secure_wall
17,28,280,409.97257480688,522.689856132164,20,inside_secure_wall
17,29,290,417.991141914744,528.665019856839,20,inside_secure_wall
17,30,300,426.009709022608,534.640183581515,20,inside_secure_wall
17,31,310,434.028276130472,540.615347306191,20,inside_secure_wall
17,32,320,442.046843238336,546.590511030867,20,inside_secure_wall
17,33,330,450.0654103462,552.565674755543,20,inside_secure_wall
17,34,340,458.083977454064,558.540838480219,20,inside_secure_wall
17,35,350,466.102544561928,564.516002204895,20,inside_secure_wall
17,36,360,474.121111669792,570.491165929571,20,inside_secure_wall
17,37,370,482.139678777656,576.466329654246,20,inside_secure_wall
17,38,380,490.082488249387,574.103430251617,20,inside_secure_wall
17,39,390,497.991162746171,567.983555440487,20,inside_secure_wall
17,40,400,505.899837242956,561.863680629356,20,inside_secure_wall
17,41,410,513.80851173974,555.743805818225,20,inside_secure_wall
17,42,420,521.717186236524,549.623931007094,20,inside_secure_wall
17,43,430,529.625860733309,543.504056195963,20,inside_secure_wall
17,44,440,537.534535230093,537.384181384833,20,inside_secure_wall
17,45,450,545.443209726877,531.264306573702,20,inside_secure_wall
17,46,460,553.351884223662,525.144431762571,20,inside_secure_wall
17,47,468.406106205334,560,520,20,inside_secure_wall
18,0,0,864.847061634064,674.544596672058,20,early_warning
18,1,10,856.233506931184,669.46456956775,20,early_warning
18,2,20,847.619952228305,664.384542463442,20,early_warning
18,3,30,839.006397525426,659.304515359134,20,early_warning
18,4,40,830.392842822546,654.224488254826,20,early_warning
18,5,50,821.779288119667,649.144461150518,20,early_warning
18,6,60,813.165733416787,644.06443404621,20,early_warning
18,7,70,804.552178713908,638.984406941902,20,early_warning
18,8,80,795.938624011029,633.904379837594,20,early_warning
18,9,90,788.117856167569,627.682903624893,20,early_warning
18,10,100,780.349966614442,621.385293610736,20,early_warning
18,11,110,772.582077061315,615.087683596578,20,early_warning
18,12,120,764.814187508188,608.79007358242,20,early_warning
18,13,130,757.046297955061,602.492463568262,20,early_warning
18,14,140,749.278408401934,596.194853554104,20,approach_clear_zone
18,15,150,741.510518848807,589.897243539947,20,approach_clear_zone
18,16,160,733.418928019645,584.294440881201,20,approach_clear_zone
18,17,170,723.600261130669,582.398713969608,20,approach_clear_zone
18,18,180,713.781594241694,580.502987058015,20,approach_clear_zone
18,19,190,703.962927352718,578.607260146422,20,perimeter_crossing
18,20,200,694.144260463743,576.71153323483,20,inside_secure_wall
18,21,210,684.325593574767,574.815806323237,20,inside_secure_wall
18,22,220,674.506926685792,572.920079411644,20,inside_secure_wall
18,23,230,664.688259796817,571.024352500051,20,inside_secure_wall
18,24,240,654.869592907841,569.128625588458,20,inside_secure_wall
18,25,250,645.638525906222,565.571115425583,20,inside_secure_wall
18,26,260,636.810601710297,560.873482575838,20,inside_secure_wall
18,27,270,627.982677514372,556.175849726093,20,inside_secure_wall
18,28,280,619.154753318447,551.478216876349,20,inside_secure_wall
18,29,290,610.326829122522,546.780584026604,20,inside_secure_wall
18,30,300,601.498904926597,542.082951176859,20,inside_secure_wall
18,31,310,592.670980730672,537.385318327114,20,inside_secure_wall
18,32,320,583.843056534747,532.687685477369,20,inside_secure_wall
18,33,330,575.015132338822,527.990052627624,20,inside_secure_wall
18,34,340,566.187208142897,523.292419777879,20,inside_secure_wall
18,35,347.008678377362,560,520,20,inside_secure_wall
19,0,0,360.839605331421,165.338189005852,20,early_warning
19,1,10,369.847311565752,169.681140582372,20,early_warning
19,2,20,378.855017800083,174.024092158892,20,early_warning
19,3,30,387.862724034413,178.367043735412,20,early_warning
19,4,40,396.870430268744,182.709995311932,20,early_warning
19,5,50,405.878136503075,187.052946888452,20,early_warning
19,6,60,414.885842737406,191.395898464972,20,early_warning
19,7,70,423.893548971737,195.738850041492,20,early_warning
19,8,80,432.901255206068,200.081801618012,20,early_warning
19,9,90,441.908961440398,204.424753194532,20,early_warning
19,10,100,449.300854353702,210.748428585905,20,early_warning
19,11,110,455.364548109274,218.700259698211,20,early_warning
19,12,120,461.428241864846,226.652090810517,20,early_warning
19,13,130,467.491935620418,234.603921922823,20,early_warning
19,14,140,473.55562937599,242.555753035129,20,early_warning
19,15,150,479.619323131562,250.507584147435,20,early_warning
19,16,160,485.683016887134,258.459415259741,20,early_warning
19,17,170,491.746710642706,266.411246372047,20,early_warning
19,18,180,497.810404398278,274.363077484353,20,early_warning
19,19,190,503.87409815385,282.314908596659,20,early_warning
19,20,200,509.937791909422,290.266739708965,20,early_warning
19,21,210,516.001485664994,298.218570821271,20,early_warning
19,22,220,522.065179420565,306.170401933578,20,approach_clear_zone
19,23,230,526.569318203968,314.949645753846,20,approach_clear_zone
19,24,240,529.753683653806,324.429087545527,20,approach_clear_zone
19,25,250,532.938049103644,333.908529337209,20,approach_clear_zone
19,26,260,536.122414553483,343.38797112889,20,approach_clear_zone
19,27,270,539.306780003321,352.867412920571,20,inside_secure_wall
19,28,280,542.49114545316,362.346854712253,20,inside_secure_wall
19,29,290,545.675510902998,371.826296503934,20,inside_secure_wall
19,30,300,548.859876352836,381.305738295616,20,inside_secure_wall
19,31,310,552.044241802675,390.785180087297,20,inside_secure_wall
19,32,320,554.983235705356,400.310029106295,20,inside_secure_wall
19,33,330,555.40201459156,410.301256470561,20,inside_secure_wall
19,34,340,555.820793477765,420.292483834828,20,inside_secure_wall
19,35,350,556.239572363969,430.283711199094,20,inside_secure_wall
19,36,360,556.658351250174,440.274938563361,20,inside_secure_wall
19,37,370,557.077130136379,450.266165927628,20,inside_secure_wall
19,38,380,557.495909022583,460.257393291894,20,inside_secure_wall
19,39,390,557.914687908788,470.248620656161,20,inside_secure_wall
19,40,400,558.333466794992,480.239848020427,20,inside_secure_wall
19,41,410,558.752245681197,490.231075384694,20,inside_secure_wall
19,42,420,559.171024567402,500.22230274896,20,inside_secure_wall
19,43,430,559.589803453606,510.213530113227,20,inside_secure_wall
19,44,439.795062738512,560,520,20,inside_secure_wall
20,0,0,503.498464822769,854.476560354233,20,early_warning
20,1,10,505.136262396311,844.611591063449,20,early_warning
20,2,20,506.774059969853,834.746621772666,20,early_warning
20,3,30,508.411857543395,824.881652481883,20,early_warning
20,4,40,510.049655116938,815.016683191099,20,early_warning
20,5,50,511.68745269048,805.151713900316,20,early_warning
20,6,60,513.325250264022,795.286744609532,20,early_warning
20,7,70,514.963047837564,785.421775318749,20,early_warning
20,8,80,516.600845411106,775.556806027966,20,early_warning
20,9,90,518.238642984648,765.691836737182,20,early_warning
20,10,100,519.399706454082,755.76129857895,20,early_warning
20,11,110,520.485950908461,745.820469992492,20,early_warning
20,12,120,521.57219536284,735.879641406035,20,early_warning
20,13,130,522.658439817219,725.938812819577,20,early_warning
20,14,140,523.744684271598,715.99798423312,20,early_warning
20,15,150,524.830928725977,706.057155646662,20,early_warning
20,16,160,525.917173180356,696.116327060205,20,approach_clear_zone
20,17,170,527.003417634735,686.175498473747,20,approach_clear_zone
20,18,180,528.089662089114,676.23466988729,20,approach_clear_zone
20,19,190,529.18719629569,666.296392438665,20,approach_clear_zone
20,20,200,532.480880171768,656.854377477627,20,approach_clear_zone
20,21,210,535.774564047846,647.412362516589,20,inside_secure_wall
20,22,220,539.068247923924,637.970347555552,20,inside_secure_wall
20,23,230,542.361931800002,628.528332594514,20,inside_secure_wall
20,24,240,545.655615676079,619.086317633476,20,inside_secure_wall
20,25,250,548.949299552158,609.644302672438,20,inside_secure_wall
20,26,260,552.242983428235,600.2022877114,20,inside_secure_wall
20,27,270,553.45849067708,590.308183315349,20,inside_secure_wall
20,28,280,554.384894704869,580.351187002339,20,inside_secure_wall
20,29,290,555.311298732657,570.394190689329,20,inside_secure_wall
20,30,300,556.237702760446,560.437194376319,20,inside_secure_wall
20,31,310,557.164106788234,550.480198063309,20,inside_secure_wall
20,32,320,558.090510816023,540.523201750299,20,inside_secure_wall
20,33,330,559.016914843811,530.566205437289,20,inside_secure_wall
20,34,340,559.9433188716,520.609209124279,20,inside_secure_wall
20,35,340.611840262994,560,520,20,inside_secure_wall
21,0,0,75.7086902856827,125.708690285683,20,early_warning
21,1,10,82.1935841488115,133.320927248886,20,early_warning
21,2,20,88.6784780119402,140.933164212089,20,early_warning
21,3,30,95.163371875069,148.545401175292,20,early_warning
21,4,40,101.648265738198,156.157638138495,20,early_warning
21,5,50,108.133159601327,163.769875101698,20,early_warning
21,6,60,114.618053464455,171.382112064901,20,early_warning
21,7,70,121.102947327584,178.994349028104,20,early_warning
21,8,80,127.587841190713,186.606585991307,20,early_warning
21,9,90,134.072735053842,194.21882295451,20,early_warning
21,10,100,140.55762891697,201.831059917713,20,early_warning
21,11,110,147.042522780099,209.443296880916,20,early_warning
21,12,120,153.527416643228,217.055533844119,20,early_warning
21,13,130,160.012310506357,224.667770807322,20,early_warning
21,14,140,166.497204369486,232.280007770525,20,early_warning
21,15,150,172.982098232614,239.892244733728,20,early_warning
21,16,160,179.466992095743,247.504481696931,20,early_warning
21,17,170,185.951885958872,255.116718660134,20,early_warning
21,18,180,192.436779822001,262.728955623338,20,early_warning
21,19,190,201.250612873501,266.52283161642,20,early_warning
21,20,200,210.986860914881,268.804382421627,20,early_warning
21,21,210,220.72310895626,271.085933226834,20,early_warning
21,22,220,230.459356997639,273.36748403204,20,early_warning
21,23,230,240.195605039018,275.649034837247,20,early_warning
21,24,240,249.931853080397,277.930585642454,20,early_warning
21,25,250,259.668101121777,280.212136447661,20,early_warning
21,26,260,269.404349163156,282.493687252867,20,early_warning
21,27,270,279.140597204535,284.775238058074,20,early_warning
21,28,280,288.876845245914,287.056788863281,20,early_warning
21,29,290,298.613093287293,289.338339668488,20,early_warning
21,30,300,308.349341328673,291.619890473695,20,early_warning
21,31,310,318.085589370052,293.901441278901,20,early_warning
21,32,320,327.821837411431,296.182992084108,20,early_warning
21,33,330,337.55808545281,298.464542889315,20,early_warning
21,34,340,347.294333494189,300.746093694522,20,approach_clear_zone
21,35,350,357.030581535569,303.027644499729,20,approach_clear_zone
21,36,360,364.372962199202,309.601884293642,20,approach_clear_zone
21,37,370,371.431063087766,316.685895293552,20,approach_clear_zone
21,38,380,378.48916397633,323.769906293462,20,approach_clear_zone
21,39,390,385.547264864895,330.853917293372,20,approach_clear_zone
21,40,400,392.605365753459,337.937928293282,20,approach_clear_zone
21,41,410,399.663466642024,345.021939293192,20,perimeter_crossing
21,42,420,406.721567530588,352.105950293102,20,inside_secure_wall
21,43,430,413.779668419152,359.189961293012,20,inside_secure_wall
21,44,440,420.837769307717,366.273972292922,20,inside_secure_wall
21,45,450,427.895870196281,373.357983292833,20,inside_secure_wall
21,46,460,434.953971084846,380.441994292742,20,inside_secure_wall
21,47,470,441.946530366381,387.587783649537,20,inside_secure_wall
21,48,480,448.601300040175,395.05196750236,20,inside_secure_wall
21,49,490,455.25606971397,402.516151355183,20,inside_secure_wall
21,50,500,461.910839387765,409.980335208006,20,inside_secure_wall
21,51,510,468.565609061559,417.444519060829,20,inside_secure_wall
21,52,520,475.220378735354,424.908702913652,20,inside_secure_wall
21,53,530,481.875148409148,432.372886766475,20,inside_secure_wall
21,54,540,488.529918082943,439.837070619298,20,inside_secure_wall
21,55,550,495.184687756738,447.301254472121,20,inside_secure_wall
21,56,560,501.839457430532,454.765438324944,20,inside_secure_wall
21,57,570,508.494227104327,462.229622177767,20,inside_secure_wall
21,58,580,515.148996778122,469.69380603059,20,inside_secure_wall
21,59,590,521.803766451916,477.157989883413,20,inside_secure_wall
21,60,600,528.458536125711,484.622173736236,20,inside_secure_wall
21,61,610,535.113305799505,492.086357589059,20,inside_secure_wall
21,62,620,541.7680754733,499.550541441882,20,inside_secure_wall
21,63,630,548.422845147095,507.014725294705,20,inside_secure_wall
21,64,640,555.077614820889,514.478909147528,20,inside_secure_wall
21,65,647.396777680367,560,520,20,inside_secure_wall
22,0,0,145.893940925598,195.893940925598,20,early_warning
22,1,10,155.419571792384,198.937352923625,20,early_warning
22,2,20,164.94520265917,201.980764921651,20,early_warning
22,3,30,174.470833525957,205.024176919677,20,early_warning
22,4,40,183.996464392743,208.067588917704,20,early_warning
22,5,50,193.522095259529,211.11100091573,20,early_warning
22,6,60,203.047726126315,214.154412913756,20,early_warning
22,7,70,212.573356993101,217.197824911783,20,early_warning
22,8,80,222.098987859887,220.241236909809,20,early_warning
22,9,90,231.624618726674,223.284648907836,20,early_warning
22,10,100,241.15024959346,226.328060905862,20,early_warning
22,11,110,250.675880460246,229.371472903888,20,early_warning
22,12,120,260.201511327032,232.414884901915,20,early_warning
22,13,130,269.727142193818,235.458296899941,20,early_warning
22,14,140,277.393912522365,240.165944097305,20,early_warning
22,15,150,279.369564326074,249.968841625613,20,early_warning
22,16,160,281.345216129782,259.771739153921,20,early_warning
22,17,170,283.32086793349,269.574636682229,20,early_warning
22,18,180,285.296519737199,279.377534210537,20,early_warning
22,19,190,287.272171540907,289.180431738845,20,early_warning
22,20,200,289.247823344616,298.983329267152,20,early_warning
22,21,210,291.223475148324,308.78622679546,20,approach_clear_zone
22,22,220,293.199126952032,318.589124323768,20,approach_clear_zone
22,23,230,295.174778755741,328.392021852076,20,perimeter_crossing
22,24,240,297.150430559449,338.194919380384,20,perimeter_crossing
22,25,250,299.126082363158,347.997816908692,20,perimeter_crossing
22,26,260,301.101734166866,357.800714436999,20,inside_secure_wall
22,27,270,303.077385970574,367.603611965307,20,inside_secure_wall
22,28,280,305.053037774283,377.406509493615,20,inside_secure_wall
22,29,290,307.028689577991,387.209407021923,20,inside_secure_wall
22,30,300,309.0043413817,397.012304550231,20,inside_secure_wall
22,31,310,318.337436086145,400.528443286728,20,inside_secure_wall
22,32,320,327.71217569389,404.008997450503,20,inside_secure_wall
22,33,330,337.086915301636,407.489551614277,20,inside_secure_wall
22,34,340,346.461654909381,410.970105778051,20,inside_secure_wall
22,35,350,355.836394517127,414.450659941826,20,inside_secure_wall
22,36,360,365.211134124872,417.9312141056,20,inside_secure_wall
22,37,370,374.585873732618,421.411768269374,20,inside_secure_wall
22,38,380,383.960613340363,424.892322433149,20,inside_secure_wall
22,39,390,393.335352948109,428.372876596923,20,inside_secure_wall
22,40,400,402.710092555855,431.853430760697,20,inside_secure_wall
22,41,410,412.0848321636,435.333984924472,20,inside_secure_wall
22,42,420,421.459571771346,438.814539088246,20,inside_secure_wall
22,43,430,430.834311379091,442.29509325202,20,inside_secure_wall
22,44,440,440.209050986837,445.775647415795,20,inside_secure_wall
22,45,450,449.583790594582,449.256201579569,20,inside_secure_wall
22,46,460,458.503903026622,453.63780610179,20,inside_secure_wall
22,47,470,466.87362329195,459.110262833473,20,inside_secure_wall
22,48,480,475.243343557279,464.582719565156,20,inside_secure_wall
22,49,490,483.613063822608,470.055176296839,20,inside_secure_wall
22,50,500,491.982784087937,475.527633028522,20,inside_secure_wall
22,51,510,500.352504353266,481.000089760206,20,inside_secure_wall
22,52,520,508.722224618595,486.472546491889,20,inside_secure_wall
22,53,530,517.091944883923,491.945003223572,20,inside_secure_wall
22,54,540,525.461665149252,497.417459955255,20,inside_secure_wall
22,55,550,533.831385414581,502.889916686938,20,inside_secure_wall
22,56,560,542.20110567991,508.362373418621,20,inside_secure_wall
22,57,570,550.570825945239,513.834830150304,20,inside_secure_wall
22,58,580,558.940546210567,519.307286881988,20,inside_secure_wall
22,59,581.265817441739,560,520,20,inside_secure_wall
23,0,0,126.079191565514,823.920808434486,20,early_warning
23,1,10,133.653006788597,817.391082332528,20,early_warning
23,2,20,141.226822011679,810.861356230569,20,early_warning
23,3,30,148.800637234762,804.331630128611,20,early_warning
23,4,40,156.374452457845,797.801904026653,20,early_warning
23,5,50,163.948267680928,791.272177924694,20,early_warning
23,6,60,171.522082904011,784.742451822736,20,early_warning
23,7,70,179.095898127094,778.212725720777,20,early_warning
23,8,80,186.669713350177,771.682999618819,20,early_warning
23,9,90,194.24352857326,765.15327351686,20,early_warning
23,10,100,201.817343796343,758.623547414902,20,early_warning
23,11,110,209.391159019426,752.093821312943,20,early_warning
23,12,120,216.964974242508,745.564095210985,20,early_warning
23,13,130,224.538789465591,739.034369109026,20,early_warning
23,14,140,232.112604688674,732.504643007068,20,early_warning
23,15,150,239.686419911757,725.974916905109,20,early_warning
23,16,160,247.880682046924,720.328036011363,20,early_warning
23,17,170,256.590116063591,715.41420256798,20,early_warning
23,18,180,265.299550080259,710.500369124597,20,early_warning
23,19,190,274.008984096927,705.586535681214,20,early_warning
23,20,200,282.718418113595,700.672702237831,20,early_warning
23,21,210,291.427852130263,695.758868794448,20,approach_clear_zone
23,22,220,300.137286146931,690.845035351065,20,perimeter_crossing
23,23,230,308.846720163599,685.931201907682,20,approach_clear_zone
23,24,240,317.556154180266,681.017368464299,20,approach_clear_zone
23,25,250,326.265588196934,676.103535020916,20,approach_clear_zone
23,26,260,334.975022213602,671.189701577533,20,approach_clear_zone
23,27,270,343.68445623027,666.27586813415,20,approach_clear_zone
23,28,280,352.816174691656,662.606164378026,20,approach_clear_zone
23,29,290,362.717267808252,661.203183588244,20,approach_clear_zone
23,30,300,372.618360924848,659.800202798463,20,approach_clear_zone
23,31,310,382.519454041444,658.397222008681,20,approach_clear_zone
23,32,320,392.42054715804,656.9942412189,20,approach_clear_zone
23,33,330,402.321640274636,655.591260429118,20,approach_clear_zone
23,34,340,412.222733391232,654.188279639337,20,perimeter_crossing
23,35,350,422.123826507828,652.785298849555,20,perimeter_crossing
23,36,360,432.024919624423,651.382318059774,20,perimeter_crossing
23,37,370,441.926012741019,649.979337269992,20,inside_secure_wall
23,38,380,451.827105857615,648.57635648021,20,inside_secure_wall
23,39,390,461.728198974211,647.173375690429,20,inside_secure_wall
23,40,400,469.410386455758,642.039165279047,20,inside_secure_wall
23,41,410,475.370740796258,634.009583961464,20,inside_secure_wall
23,42,420,481.331095136758,625.98000264388,20,inside_secure_wall
23,43,430,487.291449477258,617.950421326297,20,inside_secure_wall
23,44,440,493.251803817758,609.920840008713,20,inside_secure_wall
23,45,450,499.212158158257,601.89125869113,20,inside_secure_wall
23,46,460,505.172512498757,593.861677373546,20,inside_secure_wall
23,47,470,511.132866839257,585.832096055963,20,inside_secure_wall
23,48,480,517.093221179757,577.80251473838,20,inside_secure_wall
23,49,490,523.053575520257,569.772933420796,20,inside_secure_wall
23,50,500,529.013929860757,561.743352103213,20,inside_secure_wall
23,51,510,534.974284201257,553.713770785629,20,inside_secure_wall
23,52,520,540.934638541756,545.684189468046,20,inside_secure_wall
23,53,530,546.894992882256,537.654608150463,20,inside_secure_wall
23,54,540,552.855347222756,529.625026832879,20,inside_secure_wall
23,55,550,558.815701563256,521.595445515296,20,inside_secure_wall
23,56,551.986959783074,560,520,20,inside_secure_wall
24,0,0,893.735557794571,156.264442205429,20,early_warning
24,1,10,886.009120568225,162.612841041934,20,early_warning
24,2,20,878.282683341879,168.961239878439,20,early_warning
24,3,30,870.556246115533,175.309638714944,20,early_warning
24,4,40,862.829808889188,181.658037551449,20,early_warning
24,5,50,855.103371662842,188.006436387954,20,early_warning
24,6,60,847.376934436496,194.354835224459,20,early_warning
24,7,70,839.65049721015,200.703234060964,20,early_warning
24,8,80,831.924059983804,207.051632897469,20,early_warning
24,9,90,824.197622757458,213.400031733973,20,early_warning
24,10,100,816.471185531112,219.748430570478,20,early_warning
24,11,110,808.744748304767,226.096829406983,20,early_warning
24,12,120,801.210093466605,232.547703613639,20,early_warning
24,13,130,800.226952353505,242.499257942071,20,early_warning
24,14,140,799.243811240405,252.450812270503,20,early_warning
24,15,150,798.260670127305,262.402366598935,20,early_warning
24,16,160,797.277529014205,272.353920927367,20,early_warning
24,17,170,796.294387901104,282.305475255799,20,early_warning
24,18,180,795.311246788004,292.257029584231,20,early_warning
24,19,190,794.328105674904,302.208583912663,20,early_warning
24,20,200,793.344964561804,312.160138241094,20,early_warning
24,21,210,792.361823448704,322.111692569526,20,early_warning
24,22,220,791.378682335604,332.063246897958,20,early_warning
24,23,230,790.395541222503,342.01480122639,20,early_warning
24,24,240,789.412400109403,351.966355554822,20,early_warning
24,25,250,788.429258996303,361.917909883254,20,early_warning
24,26,260,784.657584538354,370.152862874455,20,early_warning
24,27,270,776.215220296208,375.512572381782,20,early_warning
24,28,280,767.772856054062,380.87228188911,20,early_warning
24,29,290,759.330491811916,386.231991396437,20,early_warning
24,30,300,750.88812756977,391.591700903764,20,early_warning
24,31,310,742.445763327624,396.951410411092,20,approach_clear_zone
24,32,320,734.003399085478,402.311119918419,20,approach_clear_zone
24,33,330,725.561034843332,407.670829425746,20,approach_clear_zone
24,34,340,717.118670601186,413.030538933074,20,approach_clear_zone
24,35,350,708.67630635904,418.390248440401,20,approach_clear_zone
24,36,360,700.233942116894,423.749957947728,20,perimeter_crossing
24,37,370,691.791577874748,429.109667455056,20,inside_secure_wall
24,38,380,683.349213632602,434.469376962383,20,inside_secure_wall
24,39,390,674.906849390456,439.82908646971,20,inside_secure_wall
24,40,400,666.46448514831,445.188795977037,20,inside_secure_wall
24,41,410,658.022120906164,450.548505484365,20,inside_secure_wall
24,42,420,649.760811246651,456.177532385152,20,inside_secure_wall
24,43,430,641.610938863888,461.972321436075,20,inside_secure_wall
24,44,440,633.461066481126,467.767110486997,20,inside_secure_wall
24,45,450,625.311194098364,473.561899537919,20,inside_secure_wall
24,46,460,617.161321715601,479.356688588841,20,inside_secure_wall
24,47,470,609.011449332839,485.151477639764,20,inside_secure_wall
24,48,480,600.861576950077,490.946266690686,20,inside_secure_wall
24,49,490,592.711704567314,496.741055741608,20,inside_secure_wall
24,50,500,584.561832184552,502.53584479253,20,inside_secure_wall
24,51,510,576.41195980179,508.330633843452,20,inside_secure_wall
24,52,520,568.262087419028,514.125422894375,20,inside_secure_wall
24,53,530,560.112215036265,519.920211945297,20,inside_secure_wall
24,54,530.137689317078,560,520,20,inside_secure_wall
25,0,0,913.550307154655,863.550307154655,20,early_warning
25,1,10,909.043685416737,854.623361399733,20,early_warning
25,2,20,904.537063678818,845.696415644812,20,early_warning
25,3,30,900.0304419409,836.769469889889,20,early_warning
25,4,40,895.523820202981,827.842524134967,20,early_warning
25,5,50,891.017198465063,818.915578380046,20,early_warning
25,6,60,886.510576727144,809.988632625124,20,early_warning
25,7,70,882.003954989225,801.061686870201,20,early_warning
25,8,80,877.497333251307,792.13474111528,20,early_warning
25,9,90,872.990711513388,783.207795360358,20,early_warning
25,10,100,868.48408977547,774.280849605435,20,early_warning
25,11,110,863.977468037551,765.353903850513,20,early_warning
25,12,120,859.470846299633,756.426958095592,20,early_warning
25,13,130,854.964224561714,747.50001234067,20,early_warning
25,14,140,850.457602823795,738.573066585747,20,early_warning
25,15,150,845.950981085877,729.646120830826,20,early_warning
25,16,160,837.974940381422,723.68708818397,20,early_warning
25,17,170,829.853650301462,717.852309059003,20,early_warning
25,18,180,821.732360221503,712.017529934035,20,early_warning
25,19,190,813.611070141544,706.182750809067,20,early_warning
25,20,200,805.489780061585,700.3479716841,20,early_warning
25,21,210,797.368489981626,694.513192559132,20,early_warning
25,22,220,789.247199901667,688.678413434165,20,early_warning
25,23,230,781.125909821708,682.843634309197,20,early_warning
25,24,240,773.004619741749,677.008855184229,20,early_warning
25,25,250,764.88332966179,671.174076059262,20,early_warning
25,26,260,756.731636194494,665.38257236148,20,early_warning
25,27,270,748.488872258343,659.720696109487,20,approach_clear_zone
25,28,280,740.246108322192,654.058819857493,20,perimeter_crossing
25,29,290,732.003344386041,648.396943605499,20,perimeter_crossing
25,30,300,723.76058044989,642.735067353506,20,approach_clear_zone
25,31,310,715.517816513739,637.073191101512,20,approach_clear_zone
25,32,320,707.275052577589,631.411314849518,20,approach_clear_zone
25,33,330,699.032288641438,625.749438597524,20,inside_secure_wall
25,34,340,690.789524705287,620.087562345531,20,inside_secure_wall
25,35,350,682.546760769136,614.425686093537,20,inside_secure_wall
25,36,360,674.303996832985,608.763809841543,20,inside_secure_wall
25,37,370,666.16667178525,602.958103330641,20,inside_secure_wall
25,38,380,658.286982267816,596.800953575368,20,inside_secure_wall
25,39,390,650.407292750383,590.643803820096,20,inside_secure_wall
25,40,400,642.527603232949,584.486654064824,20,inside_secure_wall
25,41,410,634.647913715516,578.329504309552,20,inside_secure_wall
25,42,420,626.768224198082,572.17235455428,20,inside_secure_wall
25,43,430,618.888534680649,566.015204799007,20,inside_secure_wall
25,44,440,611.008845163215,559.858055043735,20,inside_secure_wall
25,45,450,603.129155645782,553.700905288463,20,inside_secure_wall
25,46,460,595.249466128348,547.543755533191,20,inside_secure_wall
25,47,470,587.369776610915,541.386605777919,20,inside_secure_wall
25,48,480,579.490087093481,535.229456022646,20,inside_secure_wall
25,49,490,571.610397576048,529.072306267374,20,inside_secure_wall
25,50,500,563.730708058614,522.915156512102,20,inside_secure_wall
25,51,504.734587638713,560,520,20,inside_secure_wall
26,0,0,156.63494348526,387.561297416687,20,early_warning
26,1,10,166.522577725519,389.056185081651,20,early_warning
26,2,20,176.410211965778,390.551072746615,20,early_warning
26,3,30,186.297846206037,392.045960411578,20,early_warning
26,4,40,196.185480446295,393.540848076542,20,early_warning
26,5,50,206.073114686554,395.035735741506,20,early_warning
26,6,60,215.960748926813,396.53062340647,20,early_warning
26,7,70,225.848383167072,398.025511071433,20,early_warning
26,8,80,235.736017407331,399.520398736397,20,early_warning
26,9,90,245.62365164759,401.015286401361,20,early_warning
26,10,100,255.043827486039,403.334765969458,20,approach_clear_zone
26,11,110,261.404581201493,411.051035286385,20,approach_clear_zone
26,12,120,267.765334916946,418.767304603311,20,approach_clear_zone
26,13,130,274.1260886324,426.483573920238,20,approach_clear_zone
26,14,140,280.486842347853,434.199843237165,20,approach_clear_zone
26,15,150,286.847596063306,441.916112554092,20,approach_clear_zone
26,16,160,293.20834977876,449.632381871018,20,approach_clear_zone
26,17,170,299.569103494213,457.348651187945,20,perimeter_crossing
26,18,180,305.929857209667,465.064920504872,20,inside_secure_wall
26,19,190,312.29061092512,472.781189821799,20,inside_secure_wall
26,20,200,318.651364640574,480.497459138725,20,inside_secure_wall
26,21,210,325.012118356027,488.213728455652,20,inside_secure_wall
26,22,220,331.372872071481,495.929997772579,20,inside_secure_wall
26,23,230,337.733625786934,503.646267089505,20,inside_secure_wall
26,24,240,344.094379502387,511.362536406432,20,inside_secure_wall
26,25,250,350.455133217841,519.078805723359,20,inside_secure_wall
26,26,260,356.815886933294,526.795075040286,20,inside_secure_wall
26,27,270,365.743986651623,528.672887435615,20,inside_secure_wall
26,28,280,375.730033116257,528.144800315751,20,inside_secure_wall
26,29,290,385.716079580891,527.616713195887,20,inside_secure_wall
26,30,300,395.702126045526,527.088626076023,20,inside_secure_wall
26,31,310,405.68817251016,526.560538956159,20,inside_secure_wall
26,32,320,415.674218974794,526.032451836295,20,inside_secure_wall
26,33,330,425.660265439428,525.504364716431,20,inside_secure_wall
26,34,340,435.646311904063,524.976277596568,20,inside_secure_wall
26,35,350,445.632358368697,524.448190476704,20,inside_secure_wall
26,36,360,455.618404833331,523.92010335684,20,inside_secure_wall
26,37,370,465.604451297965,523.392016236976,20,inside_secure_wall
26,38,380,475.5921194897,522.901105456924,20,inside_secure_wall
26,39,390,485.586218206195,522.557607502134,20,inside_secure_wall
26,40,400,495.580316922691,522.214109547344,20,inside_secure_wall
26,41,410,505.574415639186,521.870611592553,20,inside_secure_wall
26,42,420,515.568514355682,521.527113637763,20,inside_secure_wall
26,43,430,525.562613072177,521.183615682973,20,inside_secure_wall
26,44,440,535.556711788672,520.840117728183,20,inside_secure_wall
26,45,450,545.550810505168,520.496619773393,20,inside_secure_wall
26,46,460,555.544909221663,520.153121818603,20,inside_secure_wall
26,47,464.457721406117,560,520,20,inside_secure_wall
27,0,0,136.820194125175,501.688385009766,20,early_warning
27,1,10,146.286182922785,504.912521496258,20,early_warning
27,2,20,155.752171720394,508.136657982751,20,early_warning
27,3,30,165.218160518004,511.360794469243,20,early_warning
27,4,40,174.684149315613,514.584930955736,20,early_warning
27,5,50,184.150138113223,517.809067442228,20,early_warning
27,6,60,193.616126910832,521.033203928721,20,early_warning
27,7,70,203.082115708442,524.257340415213,20,early_warning
27,8,80,212.548104506051,527.481476901706,20,early_warning
27,9,90,222.014093303661,530.705613388198,20,early_warning
27,10,100,231.48008210127,533.929749874691,20,early_warning
27,11,110,240.94607089888,537.153886361183,20,early_warning
27,12,120,250.412059696489,540.378022847676,20,approach_clear_zone
27,13,130,259.878048494098,543.602159334168,20,approach_clear_zone
27,14,140,268.402776583587,540.627084429785,20,approach_clear_zone
27,15,150,276.485128196711,534.738485920646,20,approach_clear_zone
27,16,160,284.567479809835,528.849887411506,20,approach_clear_zone
27,17,170,292.649831422958,522.961288902367,20,approach_clear_zone
27,18,180,300.732183036082,517.072690393228,20,inside_secure_wall
27,19,190,308.814534649206,511.184091884088,20,inside_secure_wall
27,20,200,316.896886262329,505.295493374949,20,inside_secure_wall
27,21,210,324.979237875453,499.40689486581,20,inside_secure_wall
27,22,220,333.061589488576,493.51829635667,20,inside_secure_wall
27,23,230,341.301920782619,488.148839488853,20,inside_secure_wall
27,24,240,351.294380511366,488.53710301968,20,inside_secure_wall
27,25,250,361.286840240113,488.925366550508,20,inside_secure_wall
27,26,260,371.27929996886,489.313630081335,20,inside_secure_wall
27,27,270,381.271759697607,489.701893612163,20,inside_secure_wall
27,28,280,391.264219426354,490.09015714299,20,inside_secure_wall
27,29,290,401.256679155101,490.478420673817,20,inside_secure_wall
27,30,300,411.249138883848,490.866684204645,20,inside_secure_wall
27,31,310,421.241598612595,491.254947735472,20,inside_secure_wall
27,32,320,431.234058341342,491.6432112663,20,inside_secure_wall
27,33,330,441.226518070089,492.031474797127,20,inside_secure_wall
27,34,340,450.971224858577,494.237867217137,20,inside_secure_wall
27,35,350,460.703236908668,496.537419664219,20,inside_secure_wall
27,36,360,470.435248958759,498.836972111302,20,inside_secure_wall
27,37,370,480.16726100885,501.136524558385,20,inside_secure_wall
27,38,380,489.899273058941,503.436077005467,20,inside_secure_wall
27,39,390,499.631285109032,505.73562945255,20,inside_secure_wall
27,40,400,509.363297159124,508.035181899632,20,inside_secure_wall
27,41,410,519.095309209215,510.334734346715,20,inside_secure_wall
27,42,420,528.827321259306,512.634286793797,20,inside_secure_wall
27,43,430,538.559333309397,514.93383924088,20,inside_secure_wall
27,44,440,548.291345359488,517.233391687962,20,inside_secure_wall
27,45,450,558.023357409579,519.532944135045,20,inside_secure_wall
27,46,452.031072896589,560,520,20,inside_secure_wall
28,0,0,882.994555234909,615.815472602844,20,early_warning
28,1,10,873.003609772935,615.390021341418,20,early_warning
28,2,20,863.01266431096,614.964570079992,20,early_warning
28,3,30,853.021718848985,614.539118818565,20,early_warning
28,4,40,843.030773387011,614.113667557139,20,early_warning
28,5,50,833.039827925036,613.688216295713,20,early_warning
28,6,60,823.048882463062,613.262765034286,20,early_warning
28,7,70,813.057937001087,612.83731377286,20,early_warning
28,8,80,803.066991539112,612.411862511433,20,early_warning
28,9,90,793.22613969001,611.69879335782,20,early_warning
28,10,100,787.16310241993,603.746461683297,20,early_warning
28,11,110,781.10006514985,595.794130008774,20,early_warning
28,12,120,775.03702787977,587.841798334251,20,early_warning
28,13,130,768.97399060969,579.889466659728,20,early_warning
28,14,140,762.91095333961,571.937134985205,20,early_warning
28,15,150,756.84791606953,563.984803310682,20,early_warning
28,16,160,750.78487879945,556.032471636159,20,early_warning
28,17,170,744.72184152937,548.080139961636,20,approach_clear_zone
28,18,180,738.65880425929,540.127808287113,20,approach_clear_zone
28,19,190,732.59576698921,532.17547661259,20,approach_clear_zone
28,20,200,726.53272971913,524.223144938067,20,approach_clear_zone
28,21,210,717.097679704151,521.619867735825,20,approach_clear_zone
28,22,220,707.308182141816,519.578853900244,20,approach_clear_zone
28,23,230,697.51868457948,517.537840064664,20,inside_secure_wall
28,24,240,687.729187017145,515.496826229084,20,inside_secure_wall
28,25,250,677.93968945481,513.455812393503,20,inside_secure_wall
28,26,260,668.150191892474,511.414798557923,20,inside_secure_wall
28,27,270,658.360694330139,509.373784722342,20,inside_secure_wall
28,28,280,648.506348325926,508.930655124243,20,inside_secure_wall
28,29,290,638.583653080617,510.171670462068,20,inside_secure_wall
28,30,300,628.660957835307,511.412685799893,20,inside_secure_wall
28,31,310,618.738262589998,512.653701137718,20,inside_secure_wall
28,32,320,608.815567344689,513.894716475543,20,inside_secure_wall
28,33,330,598.89287209938,515.135731813368,20,inside_secure_wall
28,34,340,588.97017685407,516.376747151193,20,inside_secure_wall
28,35,350,579.047481608761,517.617762489018,20,inside_secure_wall
28,36,360,569.124786363452,518.858777826843,20,inside_secure_wall
28,37,369.195874848384,560,520,20,inside_secure_wall
29,0,0,287.428200244904,147.190695405006,20,early_warning
29,1,10,290.553404697069,156.689805738725,20,early_warning
29,2,20,293.678609149235,166.188916072444,20,early_warning
29,3,30,296.8038136014,175.688026406163,20,early_warning
29,4,40,299.929018053566,185.187136739882,20,early_warning
29,5,50,303.054222505731,194.686247073601,20,early_warning
29,6,60,306.179426957897,204.18535740732,20,early_warning
29,7,70,309.304631410062,213.684467741039,20,early_warning
29,8,80,312.429835862228,223.183578074757,20,early_warning
29,9,90,315.555040314393,232.682688408476,20,early_warning
29,10,100,318.680244766559,242.181798742195,20,early_warning
29,11,110,325.689238498994,247.682200784216,20,early_warning
29,12,120,335.275417075929,250.529160617287,20,early_warning
29,13,130,344.861595652864,253.376120450358,20,early_warning
29,14,140,354.447774229798,256.223080283429,20,early_warning
29,15,150,364.033952806733,259.0700401165,20,early_warning
29,16,160,373.620131383667,261.916999949571,20,early_warning
29,17,170,383.206309960602,264.763959782642,20,early_warning
29,18,180,392.792488537537,267.610919615713,20,early_warning
29,19,190,402.378667114471,270.457879448785,20,early_warning
29,20,200,411.964845691406,273.304839281856,20,early_warning
29,21,210,421.55102426834,276.151799114927,20,early_warning
29,22,220,431.137202845275,278.998758947998,20,early_warning
29,23,230,440.72338142221,281.845718781069,20,early_warning
29,24,240,449.894082112843,285.157663050651,20,early_warning
29,25,250,453.797720849222,294.364269625054,20,early_warning
29,26,260,457.701359585601,303.570876199457,20,approach_clear_zone
29,27,270,461.604998321981,312.77748277386,20,approach_clear_zone
29,28,280,465.50863705836,321.984089348262,20,approach_clear_zone
29,29,290,469.412275794739,331.190695922665,20,approach_clear_zone
29,30,300,473.315914531119,340.397302497068,20,approach_clear_zone
29,31,310,477.219553267498,349.603909071471,20,perimeter_crossing
29,32,320,481.123192003877,358.810515645874,20,inside_secure_wall
29,33,330,485.026830740257,368.017122220277,20,inside_secure_wall
29,34,340,488.930469476636,377.22372879468,20,inside_secure_wall
29,35,350,492.834108213015,386.430335369083,20,inside_secure_wall
29,36,360,496.737746949395,395.636941943486,20,inside_secure_wall
29,37,370,500.641385685774,404.843548517889,20,inside_secure_wall
29,38,380,504.545024422153,414.050155092292,20,inside_secure_wall
29,39,390,508.448663158533,423.256761666695,20,inside_secure_wall
29,40,400,512.945707319651,432.179313618149,20,inside_secure_wall
29,41,410,517.668506060371,440.993800106575,20,inside_secure_wall
29,42,420,522.391304801091,449.808286595002,20,inside_secure_wall
29,43,430,527.114103541812,458.622773083428,20,inside_secure_wall
29,44,440,531.836902282532,467.437259571854,20,inside_secure_wall
29,45,450,536.559701023252,476.251746060281,20,inside_secure_wall
29,46,460,541.282499763973,485.066232548707,20,inside_secure_wall
29,47,470,546.005298504693,493.880719037133,20,inside_secure_wall
29,48,480,550.728097245413,502.69520552556,20,inside_secure_wall
29,49,490,555.450895986133,511.509692013986,20,inside_secure_wall
29,50,499.632220773339,560,520,20,inside_secure_wall
30,0,0,430.087059736252,872.624053955078,20,early_warning
30,1,10,431.15200122544,862.680920664983,20,early_warning
30,2,20,432.216942714628,852.737787374887,20,early_warning
30,3,30,433.281884203817,842.794654084792,20,early_warning
30,4,40,434.346825693005,832.851520794696,20,early_warning
30,5,50,435.411767182194,822.908387504601,20,early_warning
30,6,60,436.476708671382,812.965254214505,20,early_warning
30,7,70,437.54165016057,803.02212092441,20,early_warning
30,8,80,438.606591649759,793.078987634314,20,early_warning
30,9,90,439.671533138947,783.135854344219,20,early_warning
30,10,100,440.736474628135,773.192721054123,20,early_warning
30,11,110,441.801416117324,763.249587764028,20,early_warning
30,12,120,448.550478020604,756.410890186748,20,early_warning
30,13,130,456.340563859336,750.14075760241,20,early_warning
30,14,140,464.130649698069,743.870625018072,20,early_warning
30,15,150,471.920735536802,737.600492433734,20,early_warning
30,16,160,479.710821375534,731.330359849396,20,early_warning
30,17,170,487.500907214267,725.060227265058,20,early_warning
30,18,180,495.290993052999,718.79009468072,20,early_warning
30,19,190,503.081078891732,712.519962096382,20,early_warning
30,20,200,510.027287841722,705.477959870449,20,early_warning
30,21,210,515.579594773197,697.160996017053,20,approach_clear_zone
30,22,220,521.131901704671,688.844032163656,20,approach_clear_zone
30,23,230,526.684208636145,680.52706831026,20,approach_clear_zone
30,24,240,532.23651556762,672.210104456864,20,approach_clear_zone
30,25,250,537.788822499094,663.893140603468,20,approach_clear_zone
30,26,260,543.341129430569,655.576176750071,20,approach_clear_zone
30,27,270,548.893436362043,647.259212896675,20,inside_secure_wall
30,28,280,554.445743293518,638.942249043279,20,inside_secure_wall
30,29,290,559.998050224992,630.625285189882,20,inside_secure_wall
30,30,300,565.550357156467,622.308321336486,20,inside_secure_wall
30,31,310,571.102664087941,613.99135748309,20,inside_secure_wall
30,32,320,576.654971019415,605.674393629693,20,inside_secure_wall
30,33,330,576.04739125771,596.169576389621,20,inside_secure_wall
30,34,340,573.985848319541,586.384381413838,20,inside_secure_wall
30,35,350,571.924305381372,576.599186438055,20,inside_secure_wall
30,36,360,569.862762443202,566.813991462272,20,inside_secure_wall
30,37,370,567.801219505033,557.02879648649,20,inside_secure_wall
30,38,380,565.739676566864,547.243601510707,20,inside_secure_wall
30,39,390,563.678133628695,537.458406534924,20,inside_secure_wall
30,40,400,561.616590690525,527.673211559141,20,inside_secure_wall
30,41,407.841654231859,560,520,20,inside_secure_wall
31,0,0,147.561196684837,197.561196684837,20,early_warning
31,1,10,154.681558252474,204.582624683908,20,early_warning
31,2,20,161.80191982011,211.604052682978,20,early_warning
31,3,30,168.922281387746,218.625480682048,20,early_warning
31,4,40,176.042642955383,225.646908681118,20,early_warning
31,5,50,183.163004523019,232.668336680189,20,early_warning
31,6,60,190.283366090655,239.689764679259,20,early_warning
31,7,70,197.403727658292,246.711192678329,20,early_warning
31,8,80,204.524089225928,253.732620677399,20,early_warning
31,9,90,211.644450793564,260.75404867647,20,early_warning
31,10,100,218.7648123612,267.77547667554,20,early_warning
31,11,110,225.885173928837,274.79690467461,20,early_warning
31,12,120,233.005535496473,281.81833267368,20,early_warning
31,13,130,240.125897064109,288.839760672751,20,early_warning
31,14,140,247.246258631746,295.861188671821,20,early_warning
31,15,150,255.85207193012,300.493152392604,20,approach_clear_zone
31,16,160,265.299471564278,303.771359242775,20,approach_clear_zone
31,17,170,274.746871198436,307.049566092947,20,approach_clear_zone
31,18,180,284.194270832594,310.327772943118,20,approach_clear_zone
31,19,190,293.641670466753,313.605979793289,20,approach_clear_zone
31,20,200,303.089070100911,316.88418664346,20,perimeter_crossing
31,21,210,312.536469735069,320.162393493631,20,approach_clear_zone
31,22,220,321.983869369227,323.440600343803,20,approach_clear_zone
31,23,230,331.431269003385,326.718807193974,20,approach_clear_zone
31,24,240,340.878668637543,329.997014044145,20,approach_clear_zone
31,25,250,348.286779177069,336.104927989524,20,approach_clear_zone
31,26,260,354.385205064414,344.030153645401,20,approach_clear_zone
31,27,270,360.483630951758,351.955379301278,20,inside_secure_wall
31,28,280,366.582056839103,359.880604957155,20,inside_secure_wall
31,29,290,372.680482726447,367.805830613031,20,inside_secure_wall
31,30,300,378.778908613792,375.731056268908,20,inside_secure_wall
31,31,310,384.877334501136,383.656281924785,20,inside_secure_wall
31,32,320,390.975760388481,391.581507580662,20,inside_secure_wall
31,33,330,397.074186275825,399.506733236538,20,inside_secure_wall
31,34,340,403.17261216317,407.431958892415,20,inside_secure_wall
31,35,350,409.271038050514,415.357184548292,20,inside_secure_wall
31,36,360,415.369463937858,423.282410204169,20,inside_secure_wall
31,37,370,421.467889825203,431.207635860045,20,inside_secure_wall
31,38,380,427.566315712547,439.132861515922,20,inside_secure_wall
31,39,390,433.664741599892,447.058087171799,20,inside_secure_wall
31,40,400,439.763167487236,454.983312827675,20,inside_secure_wall
31,41,410,448.336705976858,459.99384423439,20,inside_secure_wall
31,42,420,457.145373124814,464.727487976426,20,inside_secure_wall
31,43,430,465.954040272771,469.461131718461,20,inside_secure_wall
31,44,440,474.762707420727,474.194775460496,20,inside_secure_wall
31,45,450,483.571374568684,478.928419202531,20,inside_secure_wall
31,46,460,492.380041716641,483.662062944567,20,inside_secure_wall
31,47,470,501.188708864597,488.395706686602,20,inside_secure_wall
31,48,480,509.997376012554,493.129350428637,20,inside_secure_wall
31,49,490,518.806043160511,497.862994170673,20,inside_secure_wall
31,50,500,527.614710308467,502.596637912708,20,inside_secure_wall
31,51,510,536.423377456424,507.330281654743,20,inside_secure_wall
31,52,520,545.23204460438,512.063925396778,20,inside_secure_wall
31,53,530,554.040711752337,516.797569138814,20,inside_secure_wall
31,54,536.765255341775,560,520,20,inside_secure_wall
32,0,0,127.746447324753,177.746447324753,20,early_warning
32,1,10,132.758665518879,186.399635683645,20,early_warning
32,2,20,137.770883713006,195.052824042537,20,early_warning
32,3,30,142.783101907133,203.706012401429,20,early_warning
32,4,40,147.795320101259,212.359200760321,20,early_warning
32,5,50,152.807538295386,221.012389119213,20,early_warning
32,6,60,157.819756489512,229.665577478106,20,early_warning
32,7,70,162.831974683639,238.318765836998,20,early_warning
32,8,80,167.844192877766,246.97195419589,20,early_warning
32,9,90,172.856411071892,255.625142554782,20,early_warning
32,10,100,177.868629266019,264.278330913674,20,early_warning
32,11,110,182.880847460145,272.931519272566,20,early_warning
32,12,120,187.893065654272,281.584707631458,20,early_warning
32,13,130,192.905283848399,290.23789599035,20,early_warning
32,14,140,201.549133764318,292.33415731231,20,early_warning
32,15,150,211.543293145325,291.99242895962,20,early_warning
32,16,160,221.537452526332,291.650700606931,20,early_warning
32,17,170,231.531611907339,291.308972254242,20,early_warning
32,18,180,241.525771288346,290.967243901553,20,early_warning
32,19,190,251.519930669353,290.625515548863,20,early_warning
32,20,200,261.51409005036,290.283787196174,20,early_warning
32,21,210,271.508249431367,289.942058843485,20,early_warning
32,22,220,281.502408812373,289.600330490796,20,early_warning
32,23,230,291.49656819338,289.258602138106,20,early_warning
32,24,240,301.490727574387,288.916873785417,20,early_warning
32,25,250,311.484886955394,288.575145432728,20,early_warning
32,26,260,321.479046336401,288.233417080038,20,early_warning
32,27,270,331.473205717408,287.891688727349,20,early_warning
32,28,280,341.467365098415,287.54996037466,20,early_warning
32,29,290,351.461524479422,287.208232021971,20,early_warning
32,30,300,361.455683860429,286.866503669281,20,early_warning
32,31,310,371.449843241436,286.524775316592,20,early_warning
32,32,320,381.444002622442,286.183046963903,20,early_warning
32,33,330,390.734515597994,287.517367601911,20,early_warning
32,34,340,397.489638576084,294.890854806136,20,early_warning
32,35,350,404.244761554175,302.264342010361,20,approach_clear_zone
32,36,360,410.999884532265,309.637829214587,20,approach_clear_zone
32,37,370,417.755007510355,317.011316418812,20,approach_clear_zone
32,38,380,424.510130488446,324.384803623037,20,approach_clear_zone
32,39,390,431.265253466536,331.758290827263,20,approach_clear_zone
32,40,400,438.020376444627,339.131778031488,20,approach_clear_zone
32,41,410,444.775499422717,346.505265235713,20,perimeter_crossing
32,42,420,451.530622400808,353.878752439938,20,inside_secure_wall
32,43,430,458.285745378898,361.252239644164,20,inside_secure_wall
32,44,440,465.040868356988,368.625726848389,20,inside_secure_wall
32,45,450,471.795991335079,375.999214052614,20,inside_secure_wall
32,46,460,478.551114313169,383.37270125684,20,inside_secure_wall
32,47,470,485.30623729126,390.746188461065,20,inside_secure_wall
32,48,480,492.06136026935,398.11967566529,20,inside_secure_wall
32,49,490,498.816483247441,405.493162869516,20,inside_secure_wall
32,50,500,504.503475687487,413.615162180209,20,inside_secure_wall
32,51,510,509.128571820265,422.481304845572,20,inside_secure_wall
32,52,520,513.753667953043,431.347447510935,20,inside_secure_wall
32,53,530,518.378764085821,440.213590176297,20,inside_secure_wall
32,54,540,523.003860218598,449.07973284166,20,inside_secure_wall
32,55,550,527.628956351376,457.945875507023,20,inside_secure_wall
32,56,560,532.254052484154,466.812018172385,20,inside_secure_wall
32,57,570,536.879148616932,475.678160837748,20,inside_secure_wall
32,58,580,541.504244749709,484.544303503111,20,inside_secure_wall
32,59,590,546.129340882487,493.410446168473,20,inside_secure_wall
32,60,600,550.754437015265,502.276588833836,20,inside_secure_wall
32,61,610,555.379533148043,511.142731499199,20,inside_secure_wall
32,62,619.989990952214,560,520,20,inside_secure_wall
33,0,0,107.931697964668,842.068302035332,20,early_warning
33,1,10,114.662226259541,834.672357952802,20,early_warning
33,2,20,121.392754554415,827.276413870272,20,early_warning
33,3,30,128.123282849288,819.880469787741,20,early_warning
33,4,40,134.853811144161,812.484525705211,20,early_warning
33,5,50,141.584339439034,805.088581622681,20,early_warning
33,6,60,148.314867733907,797.692637540151,20,early_warning
33,7,70,155.04539602878,790.296693457621,20,early_warning
33,8,80,161.775924323653,782.900749375091,20,early_warning
33,9,90,168.506452618527,775.504805292561,20,early_warning
33,10,100,175.2369809134,768.108861210031,20,early_warning
33,11,110,181.967509208273,760.712917127501,20,early_warning
33,12,120,188.698037503146,753.31697304497,20,early_warning
33,13,130,195.428565798019,745.92102896244,20,early_warning
33,14,140,202.159094092892,738.52508487991,20,early_warning
33,15,150,208.889622387765,731.12914079738,20,early_warning
33,16,160,218.0536528768,727.683360183882,20,early_warning
33,17,170,227.686521345096,724.998617165917,20,early_warning
33,18,180,237.319389813392,722.313874147953,20,early_warning
33,19,190,246.952258281688,719.629131129988,20,early_warning
33,20,200,256.585126749984,716.944388112024,20,early_warning
33,21,210,266.21799521828,714.259645094059,20,early_warning
33,22,220,275.850863686576,711.574902076095,20,early_warning
33,23,230,285.483732154872,708.89015905813,20,early_warning
33,24,240,295.116600623168,706.205416040166,20,early_warning
33,25,250,304.749469091464,703.520673022201,20,early_warning
33,26,260,314.38233755976,700.835930004237,20,early_warning
33,27,270,324.015206028056,698.151186986272,20,approach_clear_zone
33,28,280,333.648074496352,695.466443968308,20,approach_clear_zone
33,29,290,343.280942964648,692.781700950343,20,approach_clear_zone
33,30,300,352.913811432944,690.096957932378,20,approach_clear_zone
33,31,310,361.720800024312,686.142932588025,20,approach_clear_zone
33,32,320,368.077819331356,678.423586402637,20,approach_clear_zone
33,33,330,374.4348386384,670.704240217249,20,approach_clear_zone
33,34,340,380.791857945444,662.98489403186,20,approach_clear_zone
33,35,350,387.148877252488,655.265547846472,20,approach_clear_zone
33,36,360,393.505896559532,647.546201661084,20,inside_secure_wall
33,37,370,399.862915866576,639.826855475695,20,inside_secure_wall
33,38,380,406.21993517362,632.107509290307,20,inside_secure_wall
33,39,390,412.576954480664,624.388163104919,20,inside_secure_wall
33,40,400,418.933973787709,616.66881691953,20,inside_secure_wall
33,41,410,425.290993094753,608.949470734142,20,inside_secure_wall
33,42,420,431.648012401797,601.230124548754,20,inside_secure_wall
33,43,430,438.005031708841,593.510778363365,20,inside_secure_wall
33,44,440,445.750128994437,587.414618882436,20,inside_secure_wall
33,45,450,454.362584187952,582.332727941092,20,inside_secure_wall
33,46,460,462.975039381466,577.250836999749,20,inside_secure_wall
33,47,470,471.58749457498,572.168946058405,20,inside_secure_wall
33,48,480,480.199949768495,567.087055117062,20,inside_secure_wall
33,49,490,488.812404962009,562.005164175719,20,inside_secure_wall
33,50,500,497.424860155523,556.923273234375,20,inside_secure_wall
33,51,510,506.037315349038,551.841382293032,20,inside_secure_wall
33,52,520,514.649770542552,546.759491351688,20,inside_secure_wall
33,53,530,523.262225736066,541.677600410345,20,inside_secure_wall
33,54,540,531.874680929581,536.595709469002,20,inside_secure_wall
33,55,550,540.487136123095,531.513818527658,20,inside_secure_wall
33,56,560,549.099591316609,526.431927586315,20,inside_secure_wall
33,57,570,557.712046510124,521.350036644971,20,inside_secure_wall
33,58,572.656563591297,560,520,20,inside_secure_wall
34,0,0,911.883051395416,138.116948604584,20,early_warning
34,1,10,905.096116560335,145.46116507364,20,early_warning
34,2,20,898.309181725253,152.805381542696,20,early_warning
34,3,30,891.522246890172,160.149598011752,20,early_warning
34,4,40,884.73531205509,167.493814480809,20,early_warning
34,5,50,877.948377220008,174.838030949865,20,early_warning
34,6,60,871.161442384927,182.182247418921,20,early_warning
34,7,70,864.374507549845,189.526463887977,20,early_warning
34,8,80,857.587572714764,196.870680357033,20,early_warning
34,9,90,850.800637879682,204.21489682609,20,early_warning
34,10,100,844.013703044601,211.559113295146,20,early_warning
34,11,110,837.226768209519,218.903329764202,20,early_warning
34,12,120,832.135377835855,227.402697450969,20,early_warning
34,13,130,827.784558832914,236.406606269013,20,early_warning
34,14,140,823.433739829973,245.410515087057,20,early_warning
34,15,150,819.082920827032,254.414423905101,20,early_warning
34,16,160,814.732101824091,263.418332723145,20,early_warning
34,17,170,810.38128282115,272.422241541189,20,early_warning
34,18,180,806.030463818209,281.426150359233,20,early_warning
34,19,190,801.679644815268,290.430059177276,20,early_warning
34,20,200,797.328825812327,299.43396799532,20,early_warning
34,21,210,792.978006809386,308.437876813364,20,early_warning
34,22,220,788.627187806445,317.441785631408,20,early_warning
34,23,230,784.276368803504,326.445694449452,20,early_warning
34,24,240,779.925549800563,335.449603267496,20,early_warning
34,25,250,775.574730797622,344.45351208554,20,early_warning
34,26,260,767.908827753549,349.637796168049,20,early_warning
34,27,270,758.382238101441,352.678205614218,20,early_warning
34,28,280,748.855648449333,355.718615060387,20,approach_clear_zone
34,29,290,739.329058797225,358.759024506555,20,approach_clear_zone
34,30,300,729.802469145117,361.799433952724,20,approach_clear_zone
34,31,310,720.275879493009,364.839843398892,20,approach_clear_zone
34,32,320,710.749289840901,367.880252845061,20,approach_clear_zone
34,33,330,701.222700188794,370.920662291229,20,perimeter_crossing
34,34,340,691.696110536686,373.961071737398,20,inside_secure_wall
34,35,350,682.169520884578,377.001481183567,20,inside_secure_wall
34,36,360,672.64293123247,380.041890629735,20,inside_secure_wall
34,37,370,663.116341580362,383.082300075904,20,inside_secure_wall
34,38,380,653.589751928254,386.122709522072,20,inside_secure_wall
34,39,390,644.063162276146,389.163118968241,20,inside_secure_wall
34,40,400,638.401958968315,397.228442211988,20,inside_secure_wall
34,41,410,633.019793278285,405.656507973779,20,inside_secure_wall
34,42,420,627.637627588255,414.084573735569,20,inside_secure_wall
34,43,430,622.255461898226,422.51263949736,20,inside_secure_wall
34,44,440,616.873296208196,430.94070525915,20,inside_secure_wall
34,45,450,611.491130518166,439.368771020941,20,inside_secure_wall
34,46,460,606.108964828136,447.796836782731,20,inside_secure_wall
34,47,470,600.726799138106,456.224902544522,20,inside_secure_wall
34,48,480,595.344633448076,464.652968306312,20,inside_secure_wall
34,49,490,589.962467758046,473.081034068103,20,inside_secure_wall
34,50,500,584.580302068016,481.509099829893,20,inside_secure_wall
34,51,510,579.198136377986,489.937165591684,20,inside_secure_wall
34,52,520,573.815970687956,498.365231353474,20,inside_secure_wall
34,53,530,568.433804997927,506.793297115265,20,inside_secure_wall
34,54,540,563.051639307897,515.221362877055,20,inside_secure_wall
34,55,545.669909630522,560,520,20,inside_secure_wall
35,0,0,841.697800755501,791.697800755501,20,early_warning
35,1,10,836.873374252392,782.938525162388,20,early_warning
35,2,20,832.048947749284,774.179249569275,20,early_warning
35,3,30,827.224521246175,765.419973976162,20,early_warning
35,4,40,822.400094743067,756.660698383049,20,early_warning
35,5,50,817.575668239958,747.901422789936,20,early_warning
35,6,60,812.75124173685,739.142147196823,20,early_warning
35,7,70,807.926815233741,730.38287160371,20,early_warning
35,8,80,803.102388730633,721.623596010597,20,early_warning
35,9,90,798.277962227524,712.864320417484,20,early_warning
35,10,100,793.453535724416,704.105044824371,20,early_warning
35,11,110,788.619419887168,695.351425854597,20,early_warning
35,12,120,783.363571803782,686.844013737839,20,early_warning
35,13,130,778.107723720397,678.33660162108,20,early_warning
35,14,140,772.851875637011,669.829189504321,20,early_warning
35,15,150,767.596027553625,661.321777387563,20,early_warning
35,16,160,762.34017947024,652.814365270804,20,early_warning
35,17,170,757.084331386854,644.306953154045,20,early_warning
35,18,180,751.828483303469,635.799541037287,20,early_warning
35,19,190,746.572635220083,627.292128920528,20,approach_clear_zone
35,20,200,741.316787136698,618.784716803769,20,approach_clear_zone
35,21,210,736.060939053312,610.277304687011,20,approach_clear_zone
35,22,220,727.215125171081,608.825637242886,20,approach_clear_zone
35,23,230,717.244042693611,609.585580811514,20,approach_clear_zone
35,24,240,707.272960216142,610.345524380143,20,approach_clear_zone
35,25,250,697.301877738672,611.105467948772,20,inside_secure_wall
35,26,260,687.330795261203,611.8654115174,20,inside_secure_wall
35,27,270,677.359712783733,612.625355086029,20,inside_secure_wall
35,28,280,667.388630306264,613.385298654657,20,inside_secure_wall
35,29,290,657.417547828794,614.145242223286,20,inside_secure_wall
35,30,300,647.446465351325,614.905185791914,20,inside_secure_wall
35,31,310,637.475382873855,615.665129360543,20,inside_secure_wall
35,32,320,627.504300396385,616.425072929172,20,inside_secure_wall
35,33,330,617.533217918916,617.1850164978,20,inside_secure_wall
35,34,340,607.562135441446,617.944960066429,20,inside_secure_wall
35,35,350,597.591052963977,618.704903635057,20,inside_secure_wall
35,36,360,592.539187437596,611.911032891687,20,inside_secure_wall
35,37,370,589.201867649329,602.484352848807,20,inside_secure_wall
35,38,380,585.864547861061,593.057672805927,20,inside_secure_wall
35,39,390,582.527228072794,583.630992763046,20,inside_secure_wall
35,40,400,579.189908284526,574.204312720166,20,inside_secure_wall
35,41,410,575.852588496259,564.777632677286,20,inside_secure_wall
35,42,420,572.515268707991,555.350952634405,20,inside_secure_wall
35,43,430,569.177948919724,545.924272591525,20,inside_secure_wall
35,44,440,565.840629131456,536.497592548645,20,inside_secure_wall
35,45,450,562.503309343189,527.070912505764,20,inside_secure_wall
35,46,457.500957361022,560,520,20,inside_secure_wall
36,0,0,138.487449884415,328.832173347473,20,early_warning
36,1,10,148.467018212906,329.471091164548,20,early_warning
36,2,20,158.446586541397,330.110008981623,20,early_warning
36,3,30,168.426154869888,330.748926798698,20,early_warning
36,4,40,178.405723198379,331.387844615773,20,early_warning
36,5,50,188.385291526871,332.026762432848,20,early_warning
36,6,60,198.364859855362,332.665680249923,20,early_warning
36,7,70,208.344428183853,333.304598066998,20,early_warning
36,8,80,218.323996512344,333.943515884073,20,early_warning
36,9,90,228.303564840835,334.582433701148,20,early_warning
36,10,100,238.283133169326,335.221351518224,20,early_warning
36,11,110,248.262701497818,335.860269335299,20,early_warning
36,12,120,258.242269826309,336.499187152374,20,approach_clear_zone
36,13,130,268.044650986423,338.348312661188,20,approach_clear_zone
36,14,140,277.788515477577,340.597113403366,20,approach_clear_zone
36,15,150,287.532379968732,342.845914145544,20,approach_clear_zone
36,16,160,297.276244459886,345.094714887723,20,perimeter_crossing
36,17,170,307.02010895104,347.343515629901,20,perimeter_crossing
36,18,180,316.763973442195,349.592316372079,20,perimeter_crossing
36,19,190,326.507837933349,351.841117114258,20,inside_secure_wall
36,20,200,336.251702424503,354.089917856436,20,inside_secure_wall
36,21,210,345.995566915658,356.338718598614,20,inside_secure_wall
36,22,220,355.739431406812,358.587519340793,20,inside_secure_wall
36,23,230,365.483295897966,360.836320082971,20,inside_secure_wall
36,24,240,374.926421497164,363.74406985588,20,inside_secure_wall
36,25,250,383.009681474385,369.631421394616,20,inside_secure_wall
36,26,260,391.092941451606,375.518772933353,20,inside_secure_wall
36,27,270,399.176201428826,381.406124472089,20,inside_secure_wall
36,28,280,407.259461406047,387.293476010826,20,inside_secure_wall
36,29,290,415.342721383268,393.180827549562,20,inside_secure_wall
36,30,300,423.425981360488,399.068179088299,20,inside_secure_wall
36,31,310,431.509241337709,404.955530627035,20,inside_secure_wall
36,32,320,439.59250131493,410.842882165772,20,inside_secure_wall
36,33,330,447.67576129215,416.730233704508,20,inside_secure_wall
36,34,340,455.759021269371,422.617585243244,20,inside_secure_wall
36,35,350,463.842281246592,428.504936781981,20,inside_secure_wall
36,36,360,471.098388715475,435.384144538459,20,inside_secure_wall
36,37,370,478.341897653893,442.278459461571,20,inside_secure_wall
36,38,380,485.585406592312,449.172774384683,20,inside_secure_wall
36,39,390,492.828915530731,456.067089307796,20,inside_secure_wall
36,40,400,500.07242446915,462.961404230908,20,inside_secure_wall
36,41,410,507.315933407568,469.85571915402,20,inside_secure_wall
36,42,420,514.559442345987,476.750034077132,20,inside_secure_wall
36,43,430,521.802951284406,483.644349000244,20,inside_secure_wall
36,44,440,529.046460222825,490.538663923357,20,inside_secure_wall
36,45,450,536.289969161243,497.432978846469,20,inside_secure_wall
36,46,460,543.533478099662,504.327293769581,20,inside_secure_wall
36,47,470,550.776987038081,511.221608692693,20,inside_secure_wall
36,48,480,558.0204959765,518.115923615805,20,inside_secure_wall
36,49,482.73279710197,560,520,20,inside_secure_wall
37,0,0,118.67270052433,442.959260940552,20,early_warning
37,1,10,128.263368403842,445.791060655381,20,early_warning
37,2,20,137.854036283353,448.62286037021,20,early_warning
37,3,30,147.444704162865,451.454660085039,20,early_warning
37,4,40,157.035372042376,454.286459799868,20,early_warning
37,5,50,166.626039921888,457.118259514697,20,early_warning
37,6,60,176.216707801399,459.950059229526,20,early_warning
37,7,70,185.807375680911,462.781858944355,20,early_warning
37,8,80,195.398043560423,465.613658659183,20,early_warning
37,9,90,204.988711439934,468.445458374012,20,early_warning
37,10,100,214.85841480362,469.857756006162,20,early_warning
37,11,110,224.807364561233,470.866913437143,20,early_warning
37,12,120,234.756314318845,471.876070868124,20,early_warning
37,13,130,244.705264076457,472.885228299105,20,early_warning
37,14,140,254.65421383407,473.894385730086,20,approach_clear_zone
37,15,150,264.603163591682,474.903543161068,20,approach_clear_zone
37,16,160,274.552113349295,475.912700592049,20,approach_clear_zone
37,17,170,284.501063106907,476.92185802303,20,approach_clear_zone
37,18,180,294.450012864519,477.931015454011,20,approach_clear_zone
37,19,190,304.398962622132,478.940172884993,20,inside_secure_wall
37,20,200,314.347912379744,479.949330315974,20,inside_secure_wall
37,21,210,324.296862137356,480.958487746955,20,inside_secure_wall
37,22,220,334.245811894969,481.967645177936,20,inside_secure_wall
37,23,230,344.194761652581,482.976802608917,20,inside_secure_wall
37,24,240,354.081457897336,484.263341438588,20,inside_secure_wall
37,25,250,363.507464861971,487.602561812066,20,inside_secure_wall
37,26,260,372.933471826606,490.941782185543,20,inside_secure_wall
37,27,270,382.359478791241,494.281002559021,20,inside_secure_wall
37,28,280,391.785485755876,497.620222932499,20,inside_secure_wall
37,29,290,401.211492720512,500.959443305977,20,inside_secure_wall
37,30,300,410.637499685147,504.298663679454,20,inside_secure_wall
37,31,310,420.063506649782,507.637884052932,20,inside_secure_wall
37,32,320,429.489513614417,510.97710442641,20,inside_secure_wall
37,33,330,438.915520579052,514.316324799888,20,inside_secure_wall
37,34,340,448.341527543688,517.655545173365,20,inside_secure_wall
37,35,350,458.313773383377,517.994494801629,20,inside_secure_wall
37,36,360,468.311829068274,518.191681316625,20,inside_secure_wall
37,37,370,478.309884753171,518.388867831622,20,inside_secure_wall
37,38,380,488.307940438068,518.586054346618,20,inside_secure_wall
37,39,390,498.305996122965,518.783240861614,20,inside_secure_wall
37,40,400,508.304051807863,518.980427376611,20,inside_secure_wall
37,41,410,518.30210749276,519.177613891607,20,inside_secure_wall
37,42,420,528.300163177657,519.374800406604,20,inside_secure_wall
37,43,430,538.298218862554,519.5719869216,20,inside_secure_wall
37,44,440,548.296274547451,519.769173436596,20,inside_secure_wall
37,45,450,558.294330232348,519.966359951593,20,inside_secure_wall
37,46,451.706001468094,560,520,20,inside_secure_wall
38,0,0,901.142048835754,557.08634853363,20,early_warning
38,1,10,891.786143430767,560.617217272754,20,early_warning
38,2,20,882.430238025779,564.148086011877,20,early_warning
38,3,30,873.074332620791,567.678954751001,20,early_warning
38,4,40,863.718427215803,571.209823490124,20,early_warning
38,5,50,854.362521810815,574.740692229248,20,early_warning
38,6,60,845.006616405827,578.271560968371,20,early_warning
38,7,70,835.65071100084,581.802429707495,20,early_warning
38,8,80,826.294805595852,585.333298446618,20,early_warning
38,9,90,816.938900190864,588.864167185742,20,early_warning
38,10,100,807.582994785876,592.395035924865,20,early_warning
38,11,110,799.52486131233,593.101475081188,20,early_warning
38,12,120,796.109910284613,583.702639542766,20,early_warning
38,13,130,792.694959256896,574.303804004345,20,early_warning
38,14,140,789.280008229179,564.904968465923,20,early_warning
38,15,150,785.865057201462,555.506132927502,20,early_warning
38,16,160,782.450106173745,546.10729738908,20,early_warning
38,17,170,779.035155146028,536.708461850659,20,early_warning
38,18,180,775.620204118311,527.309626312237,20,early_warning
38,19,190,772.205253090594,517.910790773816,20,early_warning
38,20,200,768.790302062877,508.511955235394,20,early_warning
38,21,210,765.37535103516,499.113119696973,20,early_warning
38,22,220,761.960400007443,489.714284158551,20,early_warning
38,23,230,758.545448979726,480.31544862013,20,early_warning
38,24,240,753.174466494833,477.027125298277,20,early_warning
38,25,250,744.936301164479,482.695690547946,20,approach_clear_zone
38,26,260,736.698135834126,488.364255797616,20,approach_clear_zone
38,27,270,728.459970503772,494.032821047285,20,approach_clear_zone
38,28,280,720.221805173418,499.701386296954,20,approach_clear_zone
38,29,290,711.983639843065,505.369951546624,20,approach_clear_zone
38,30,300,703.745474512711,511.038516796293,20,perimeter_crossing
38,31,310,695.507309182357,516.707082045962,20,inside_secure_wall
38,32,320,687.269143852004,522.375647295632,20,inside_secure_wall
38,33,330,679.03097852165,528.044212545301,20,inside_secure_wall
38,34,340,670.792813191296,533.71277779497,20,inside_secure_wall
38,35,350,662.554647860943,539.381343044639,20,inside_secure_wall
38,36,360,654.316482530589,545.049908294309,20,inside_secure_wall
38,37,370,646.078317200235,550.718473543978,20,inside_secure_wall
38,38,380,637.840151869882,556.387038793647,20,inside_secure_wall
38,39,390,629.601986539528,562.055604043317,20,inside_secure_wall
38,40,400,621.205949156845,558.947791686025,20,inside_secure_wall
38,41,410,612.769243833451,553.57917889628,20,inside_secure_wall
38,42,420,604.332538510057,548.210566106535,20,inside_secure_wall
38,43,430,595.895833186663,542.84195331679,20,inside_secure_wall
38,44,440,587.459127863269,537.473340527044,20,inside_secure_wall
38,45,450,579.022422539875,532.104727737299,20,inside_secure_wall
38,46,460,570.585717216481,526.736114947554,20,inside_secure_wall
38,47,470,562.149011893087,521.367502157809,20,inside_secure_wall
38,48,472.547216965286,560,520,20,inside_secure_wall
39,0,0,714.016795158386,129.043201804161,20,early_warning
39,1,10,709.861426709113,138.138965271336,20,early_warning
39,2,20,705.70605825984,147.23472873851,20,early_warning
39,3,30,701.550689810567,156.330492205684,20,early_warning
39,4,40,697.395321361294,165.426255672859,20,early_warning
39,5,50,693.239952912021,174.522019140033,20,early_warning
39,6,60,689.084584462748,183.617782607208,20,early_warning
39,7,70,684.929216013474,192.713546074382,20,early_warning
39,8,80,680.773847564201,201.809309541557,20,early_warning
39,9,90,676.618479114928,210.905073008731,20,early_warning
39,10,100,673.648809185508,220.316808246716,20,early_warning
39,11,110,672.726780253196,230.274210651358,20,early_warning
39,12,120,671.804751320883,240.231613056,20,early_warning
39,13,130,670.882722388571,250.189015460643,20,early_warning
39,14,140,669.960693456258,260.146417865285,20,early_warning
39,15,150,669.038664523946,270.103820269928,20,early_warning
39,16,160,668.116635591633,280.06122267457,20,early_warning
39,17,170,667.194606659321,290.018625079212,20,early_warning
39,18,180,666.272577727008,299.976027483855,20,early_warning
39,19,190,665.350548794696,309.933429888497,20,approach_clear_zone
39,20,200,664.428519862383,319.89083229314,20,approach_clear_zone
39,21,210,663.506490930071,329.848234697782,20,approach_clear_zone
39,22,220,657.745691163168,337.043015214506,20,approach_clear_zone
39,23,230,649.639472403076,342.898714781043,20,approach_clear_zone
39,24,240,641.533253642984,348.754414347579,20,perimeter_crossing
39,25,250,633.427034882892,354.610113914116,20,inside_secure_wall
39,26,260,625.320816122801,360.465813480652,20,inside_secure_wall
39,27,270,617.214597362709,366.321513047188,20,inside_secure_wall
39,28,280,609.108378602617,372.177212613725,20,inside_secure_wall
39,29,290,601.002159842525,378.032912180261,20,inside_secure_wall
39,30,300,592.895941082433,383.888611746798,20,inside_secure_wall
39,31,310,584.789722322341,389.744311313334,20,inside_secure_wall
39,32,320,582.65991401707,399.392574071156,20,inside_secure_wall
39,33,330,580.813405950715,409.220615990119,20,inside_secure_wall
39,34,340,578.966897884361,419.048657909082,20,inside_secure_wall
39,35,350,577.120389818007,428.876699828045,20,inside_secure_wall
39,36,360,575.273881751652,438.704741747007,20,inside_secure_wall
39,37,370,573.427373685298,448.53278366597,20,inside_secure_wall
39,38,380,571.580865618943,458.360825584933,20,inside_secure_wall
39,39,390,569.734357552589,468.188867503895,20,inside_secure_wall
39,40,400,567.887849486234,478.016909422858,20,inside_secure_wall
39,41,410,566.04134141988,487.844951341821,20,inside_secure_wall
39,42,420,564.194833353526,497.672993260783,20,inside_secure_wall
39,43,430,562.348325287171,507.501035179746,20,inside_secure_wall
39,44,440,560.501817220817,517.329077098709,20,inside_secure_wall
39,45,442.717655178228,560,520,20,inside_secure_wall
40,0,0,356.675654649734,800.771547555923,20,early_warning
40,1,10,358.310826930141,790.906142768821,20,early_warning
40,2,20,359.945999210547,781.040737981718,20,early_warning
40,3,30,361.581171490954,771.175333194615,20,early_warning
40,4,40,363.21634377136,761.309928407512,20,early_warning
40,5,50,364.851516051766,751.44452362041,20,early_warning
40,6,60,366.486688332172,741.579118833307,20,early_warning
40,7,70,368.121860612579,731.713714046204,20,early_warning
40,8,80,369.757032892985,721.848309259101,20,early_warning
40,9,90,371.392205173392,711.982904471998,20,early_warning
40,10,100,373.027377453798,702.117499684896,20,early_warning
40,11,110,374.662549734204,692.252094897793,20,approach_clear_zone
40,12,120,376.297722014611,682.38669011069,20,approach_clear_zone
40,13,130,385.155626255112,680.325515969142,20,approach_clear_zone
40,14,140,395.117892501076,679.457615488368,20,approach_clear_zone
40,15,150,405.08015874704,678.589715007594,20,approach_clear_zone
40,16,160,415.042424993004,677.72181452682,20,approach_clear_zone
40,17,170,425.004691238968,676.853914046046,20,approach_clear_zone
40,18,180,434.966957484932,675.986013565272,20,approach_clear_zone
40,19,190,444.929223730896,675.118113084498,20,approach_clear_zone
40,20,200,454.89148997686,674.250212603724,20,approach_clear_zone
40,21,210,464.853756222824,673.38231212295,20,approach_clear_zone
40,22,220,474.816022468788,672.514411642176,20,approach_clear_zone
40,23,230,484.778288714752,671.646511161402,20,approach_clear_zone
40,24,240,494.740554960716,670.778610680628,20,approach_clear_zone
40,25,250,497.554837956175,664.723396541002,20,approach_clear_zone
40,26,260,495.291042260504,654.983004913954,20,perimeter_crossing
40,27,270,493.027246564833,645.242613286906,20,inside_secure_wall
40,28,280,490.763450869161,635.502221659859,20,inside_secure_wall
40,29,290,488.49965517349,625.761830032811,20,inside_secure_wall
40,30,300,486.235859477819,616.021438405763,20,inside_secure_wall
40,31,310,483.972063782148,606.281046778716,20,inside_secure_wall
40,32,320,481.708268086477,596.540655151668,20,inside_secure_wall
40,33,330,479.444472390806,586.80026352462,20,inside_secure_wall
40,34,340,485.116388729488,579.815525517718,20,inside_secure_wall
40,35,350,492.929724827858,573.574389482195,20,inside_secure_wall
40,36,360,500.743060926227,567.333253446671,20,inside_secure_wall
40,37,370,508.556397024597,561.092117411147,20,inside_secure_wall
40,38,380,516.369733122967,554.850981375623,20,inside_secure_wall
40,39,390,524.183069221337,548.6098453401,20,inside_secure_wall
40,40,400,531.996405319706,542.368709304576,20,inside_secure_wall
40,41,410,539.809741418076,536.127573269052,20,inside_secure_wall
40,42,420,547.623077516446,529.886437233528,20,inside_secure_wall
40,43,430,555.436413614815,523.645301198005,20,inside_secure_wall
40,44,435.84076549086,560,520,20,inside_secure_wall
41,0,0,129.413703083992,179.413703083992,20,early_warning
41,1,10,137.263578693837,185.60881832989,20,early_warning
41,2,20,145.113454303682,191.803933575788,20,early_warning
41,3,30,152.963329913528,197.999048821686,20,early_warning
41,4,40,160.813205523373,204.194164067584,20,early_warning
41,5,50,168.663081133218,210.389279313482,20,early_warning
41,6,60,176.512956743063,216.58439455938,20,early_warning
41,7,70,184.362832352908,222.779509805278,20,early_warning
41,8,80,192.212707962753,228.974625051176,20,early_warning
41,9,90,200.062583572599,235.169740297074,20,early_warning
41,10,100,207.912459182444,241.364855542972,20,early_warning
41,11,110,215.762334792289,247.55997078887,20,early_warning
41,12,120,223.612210402134,253.755086034768,20,early_warning
41,13,130,231.462086011979,259.950201280666,20,early_warning
41,14,140,239.175285646934,266.305963695818,20,early_warning
41,15,150,246.547975301551,273.061957128076,20,early_warning
41,16,160,253.920664956168,279.817950560333,20,early_warning
41,17,170,261.293354610785,286.573943992591,20,early_warning
41,18,180,268.666044265401,293.329937424848,20,early_warning
41,19,190,276.038733920018,300.085930857106,20,approach_clear_zone
41,20,200,283.411423574635,306.841924289364,20,approach_clear_zone
41,21,210,290.784113229251,313.597917721621,20,approach_clear_zone
41,22,220,298.156802883868,320.353911153879,20,perimeter_crossing
41,23,230,305.529492538485,327.109904586136,20,approach_clear_zone
41,24,240,312.902182193101,333.865898018394,20,approach_clear_zone
41,25,250,320.274871847718,340.621891450652,20,approach_clear_zone
41,26,260,328.088514457395,346.688819312267,20,perimeter_crossing
41,27,270,337.311739015742,350.553030583187,20,inside_secure_wall
41,28,280,346.534963574089,354.417241854107,20,inside_secure_wall
41,29,290,355.758188132436,358.281453125027,20,inside_secure_wall
41,30,300,364.981412690783,362.145664395947,20,inside_secure_wall
41,31,310,374.20463724913,366.009875666867,20,inside_secure_wall
41,32,320,383.427861807477,369.874086937787,20,inside_secure_wall
41,33,330,392.651086365824,373.738298208707,20,inside_secure_wall
41,34,340,401.874310924171,377.602509479627,20,inside_secure_wall
41,35,350,411.097535482518,381.466720750547,20,inside_secure_wall
41,36,360,420.320760040865,385.330932021468,20,inside_secure_wall
41,37,370,429.543984599212,389.195143292388,20,inside_secure_wall
41,38,380,438.767209157559,393.059354563308,20,inside_secure_wall
41,39,390,447.990433715906,396.923565834228,20,inside_secure_wall
41,40,400,457.213658274253,400.787777105148,20,inside_secure_wall
41,41,410,466.4368828326,404.651988376068,20,inside_secure_wall
41,42,420,475.660107390946,408.516199646988,20,inside_secure_wall
41,43,430,484.883331949293,412.380410917908,20,inside_secure_wall
41,44,440,491.608938614449,419.29885167234,20,inside_secure_wall
41,45,450,497.227222638018,427.571389652338,20,inside_secure_wall
41,46,460,502.845506661587,435.843927632336,20,inside_secure_wall
41,47,470,508.463790685156,444.116465612334,20,inside_secure_wall
41,48,480,514.082074708725,452.389003592332,20,inside_secure_wall
41,49,490,519.700358732294,460.66154157233,20,inside_secure_wall
41,50,500,525.318642755863,468.934079552328,20,inside_secure_wall
41,51,510,530.936926779432,477.206617532326,20,inside_secure_wall
41,52,520,536.555210803001,485.479155512324,20,inside_secure_wall
41,53,530,542.17349482657,493.751693492322,20,inside_secure_wall
41,54,540,547.791778850139,502.02423147232,20,inside_secure_wall
41,55,550,553.410062873708,510.296769452318,20,inside_secure_wall
41,56,560,559.028346897277,518.569307432316,20,inside_secure_wall
41,57,561.729448170735,560,520,20,inside_secure_wall
42,0,0,109.598953723907,159.598953723907,20,early_warning
42,1,10,116.093587200019,167.202882709042,20,early_warning
42,2,20,122.58822067613,174.806811694177,20,early_warning
42,3,30,129.082854152242,182.410740679312,20,early_warning
42,4,40,135.577487628353,190.014669664447,20,early_warning
42,5,50,142.072121104465,197.618598649581,20,early_warning
42,6,60,148.566754580576,205.222527634716,20,early_warning
42,7,70,155.061388056687,212.826456619851,20,early_warning
42,8,80,161.556021532799,220.430385604986,20,early_warning
42,9,90,168.05065500891,228.034314590121,20,early_warning
42,10,100,174.545288485022,235.638243575255,20,early_warning
42,11,110,181.039921961133,243.24217256039,20,early_warning
42,12,120,187.534555437244,250.846101545525,20,early_warning
42,13,130,194.029188913356,258.45003053066,20,early_warning
42,14,140,200.523822389467,266.053959515795,20,early_warning
42,15,150,207.018455865579,273.657888500929,20,early_warning
42,16,160,213.51308934169,281.261817486064,20,early_warning
42,17,170,220.007722817801,288.865746471199,20,early_warning
42,18,180,229.64949753806,290.254285946787,20,early_warning
42,19,190,239.622493972084,290.988685107287,20,early_warning
42,20,200,249.595490406108,291.723084267787,20,early_warning
42,21,210,259.568486840132,292.457483428288,20,early_warning
42,22,220,269.541483274156,293.191882588788,20,early_warning
42,23,230,279.51447970818,293.926281749288,20,early_warning
42,24,240,289.487476142204,294.660680909788,20,early_warning
42,25,250,299.460472576228,295.395080070288,20,early_warning
42,26,260,309.433469010252,296.129479230788,20,early_warning
42,27,270,319.406465444276,296.863878391288,20,early_warning
42,28,280,329.3794618783,297.598277551788,20,early_warning
42,29,290,339.352458312325,298.332676712288,20,early_warning
42,30,300,349.325454746349,299.067075872789,20,early_warning
42,31,310,359.298451180373,299.801475033289,20,early_warning
42,32,320,369.271447614397,300.535874193789,20,approach_clear_zone
42,33,330,374.851606899522,308.177953179801,20,approach_clear_zone
42,34,340,379.746063142237,316.898291366371,20,approach_clear_zone
42,35,350,384.640519384953,325.618629552941,20,approach_clear_zone
42,36,360,389.534975627668,334.338967739511,20,approach_clear_zone
42,37,370,394.429431870383,343.05930592608,20,approach_clear_zone
42,38,380,399.323888113098,351.77964411265,20,inside_secure_wall
42,39,390,404.218344355814,360.49998229922,20,inside_secure_wall
42,40,400,409.112800598529,369.220320485789,20,inside_secure_wall
42,41,410,414.007256841244,377.940658672359,20,inside_secure_wall
42,42,420,418.90171308396,386.660996858929,20,inside_secure_wall
42,43,430,423.796169326675,395.381335045498,20,inside_secure_wall
42,44,440,428.69062556939,404.101673232068,20,inside_secure_wall
42,45,450,433.585081812105,412.822011418638,20,inside_secure_wall
42,46,460,438.479538054821,421.542349605207,20,inside_secure_wall
42,47,470,445.207073454682,428.702392629475,20,inside_secure_wall
42,48,480,453.033580480861,434.927004084752,20,inside_secure_wall
42,49,490,460.86008750704,441.151615540029,20,inside_secure_wall
42,50,500,468.686594533219,447.376226995306,20,inside_secure_wall
42,51,510,476.513101559399,453.600838450583,20,inside_secure_wall
42,52,520,484.339608585578,459.82544990586,20,inside_secure_wall
42,53,530,492.166115611757,466.050061361137,20,inside_secure_wall
42,54,540,499.992622637936,472.274672816414,20,inside_secure_wall
42,55,550,507.819129664116,478.499284271691,20,inside_secure_wall
42,56,560,515.645636690295,484.723895726969,20,inside_secure_wall
42,57,570,523.472143716474,490.948507182246,20,inside_secure_wall
42,58,580,531.298650742653,497.173118637523,20,inside_secure_wall
42,59,590,539.125157768833,503.3977300928,20,inside_secure_wall
42,60,600,546.951664795012,509.622341548077,20,inside_secure_wall
42,61,610,554.778171821191,515.846953003354,20,inside_secure_wall
42,62,616.671977884057,560,520,20,inside_secure_wall
43,0,0,89.7842043638229,860.215795636177,20,early_warning
43,1,10,95.5552959644788,852.049125461814,20,early_warning
43,2,20,101.326387565135,843.88245528745,20,early_warning
43,3,30,107.097479165791,835.715785113086,20,early_warning
43,4,40,112.868570766447,827.549114938723,20,early_warning
43,5,50,118.639662367102,819.382444764359,20,early_warning
43,6,60,124.410753967758,811.215774589996,20,early_warning
43,7,70,130.181845568414,803.049104415632,20,early_warning
43,8,80,135.95293716907,794.882434241269,20,early_warning
43,9,90,141.724028769726,786.715764066905,20,early_warning
43,10,100,147.495120370382,778.549093892542,20,early_warning
43,11,110,153.266211971038,770.382423718178,20,early_warning
43,12,120,159.037303571694,762.215753543815,20,early_warning
43,13,130,164.80839517235,754.049083369451,20,early_warning
43,14,140,170.579486773005,745.882413195087,20,early_warning
43,15,150,176.350578373661,737.715743020724,20,early_warning
43,16,160,185.983871034605,735.990274067257,20,early_warning
43,17,170,195.906281283291,734.746982123759,20,early_warning
43,18,180,205.828691531977,733.503690180262,20,early_warning
43,19,190,215.751101780664,732.260398236764,20,early_warning
43,20,200,225.67351202935,731.017106293267,20,early_warning
43,21,210,235.595922278036,729.773814349769,20,early_warning
43,22,220,245.518332526722,728.530522406272,20,early_warning
43,23,230,255.440742775409,727.287230462774,20,early_warning
43,24,240,265.363153024095,726.043938519276,20,early_warning
43,25,250,275.285563272781,724.800646575779,20,early_warning
43,26,260,285.207973521468,723.557354632281,20,early_warning
43,27,270,295.130383770154,722.314062688784,20,early_warning
43,28,280,305.05279401884,721.070770745286,20,early_warning
43,29,290,314.975204267526,719.827478801789,20,early_warning
43,30,300,324.897614516213,718.584186858291,20,early_warning
43,31,310,334.820024764899,717.340894914794,20,early_warning
43,32,320,344.742435013585,716.097602971296,20,early_warning
43,33,330,354.664845262271,714.854311027798,20,early_warning
43,34,340,364.587255510958,713.611019084301,20,early_warning
43,35,350,373.809253155143,710.69681274337,20,early_warning
43,36,360,381.652382933506,704.493159361711,20,early_warning
43,37,370,389.495512711868,698.289505980053,20,approach_clear_zone
43,38,380,397.338642490231,692.085852598394,20,approach_clear_zone
43,39,390,405.181772268593,685.882199216735,20,approach_clear_zone
43,40,400,413.024902046956,679.678545835077,20,approach_clear_zone
43,41,410,420.868031825318,673.474892453418,20,approach_clear_zone
43,42,420,428.711161603681,667.27123907176,20,approach_clear_zone
43,43,430,436.554291382043,661.067585690101,20,approach_clear_zone
43,44,440,444.397421160405,654.863932308443,20,perimeter_crossing
43,45,450,452.240550938768,648.660278926784,20,inside_secure_wall
43,46,460,460.08368071713,642.456625545125,20,inside_secure_wall
43,47,470,467.926810495493,636.252972163467,20,inside_secure_wall
43,48,480,475.769940273855,630.049318781808,20,inside_secure_wall
43,49,490,482.818814508039,623.072161220661,20,inside_secure_wall
43,50,500,488.81270257525,615.067580917001,20,inside_secure_wall
43,51,510,494.80659064246,607.06300061334,20,inside_secure_wall
43,52,520,500.800478709671,599.058420309679,20,inside_secure_wall
43,53,530,506.794366776881,591.053840006019,20,inside_secure_wall
43,54,540,512.788254844092,583.049259702358,20,inside_secure_wall
43,55,550,518.782142911303,575.044679398698,20,inside_secure_wall
43,56,560,524.776030978513,567.040099095037,20,inside_secure_wall
43,57,570,530.769919045724,559.035518791376,20,inside_secure_wall
43,58,580,536.763807112934,551.030938487716,20,inside_secure_wall
43,59,590,542.757695180145,543.026358184055,20,inside_secure_wall
43,60,600,548.751583247355,535.021777880395,20,inside_secure_wall
43,61,610,554.745471314566,527.017197576734,20,inside_secure_wall
43,62,618.766477829606,560,520,20,inside_secure_wall
44,0,0,840.030544996262,209.969455003738,20,early_warning
44,1,10,834.346631549641,218.197038362862,20,early_warning
44,2,20,828.662718103021,226.424621721986,20,early_warning
44,3,30,822.9788046564,234.652205081109,20,early_warning
44,4,40,817.29489120978,242.879788440233,20,early_warning
44,5,50,811.61097776316,251.107371799357,20,early_warning
44,6,60,805.927064316539,259.33495515848,20,early_warning
44,7,70,800.243150869919,267.562538517604,20,early_warning
44,8,80,794.559237423299,275.790121876727,20,early_warning
44,9,90,788.875323976678,284.017705235851,20,early_warning
44,10,100,783.191410530058,292.245288594975,20,early_warning
44,11,110,777.507497083438,300.472871954098,20,early_warning
44,12,120,771.823583636817,308.700455313222,20,early_warning
44,13,130,765.804292869264,316.661147642378,20,early_warning
44,14,140,759.062950583316,324.047236200179,20,early_warning
44,15,150,752.321608297368,331.433324757981,20,early_warning
44,16,160,745.58026601142,338.819413315783,20,approach_clear_zone
44,17,170,738.838923725472,346.205501873584,20,perimeter_crossing
44,18,180,732.097581439524,353.591590431386,20,perimeter_crossing
44,19,190,725.356239153576,360.977678989188,20,approach_clear_zone
44,20,200,718.614896867628,368.363767546989,20,approach_clear_zone
44,21,210,712.611360959137,376.310291050548,20,approach_clear_zone
44,22,220,707.304269730106,384.785831309832,20,approach_clear_zone
44,23,230,701.997178501075,393.261371569116,20,perimeter_crossing
44,24,240,696.690087272045,401.7369118284,20,inside_secure_wall
44,25,250,691.382996043014,410.212452087684,20,inside_secure_wall
44,26,260,686.075904813984,418.687992346968,20,inside_secure_wall
44,27,270,680.768813584953,427.163532606253,20,inside_secure_wall
44,28,280,675.461722355923,435.639072865537,20,inside_secure_wall
44,29,290,670.154631126892,444.114613124821,20,inside_secure_wall
44,30,300,664.847539897861,452.590153384105,20,inside_secure_wall
44,31,310,659.540448668831,461.065693643389,20,inside_secure_wall
44,32,320,651.193460368395,466.414433974674,20,inside_secure_wall
44,33,330,642.571737404892,471.480585683871,20,inside_secure_wall
44,34,340,633.950014441388,476.546737393067,20,inside_secure_wall
44,35,350,625.328291477884,481.612889102264,20,inside_secure_wall
44,36,360,616.706568514381,486.67904081146,20,inside_secure_wall
44,37,370,608.084845550877,491.745192520657,20,inside_secure_wall
44,38,380,599.463122587374,496.811344229853,20,inside_secure_wall
44,39,390,590.84139962387,501.87749593905,20,inside_secure_wall
44,40,400,582.219676660366,506.943647648246,20,inside_secure_wall
44,41,410,573.597953696863,512.009799357443,20,inside_secure_wall
44,42,420,564.976230733359,517.075951066639,20,inside_secure_wall
44,43,425.771735828701,560,520,20,inside_secure_wall
45,0,0,859.845294356346,809.845294356346,20,early_warning
45,1,10,853.838321124506,801.850529031963,20,early_warning
45,2,20,847.831347892666,793.85576370758,20,early_warning
45,3,30,841.824374660825,785.860998383198,20,early_warning
45,4,40,835.817401428985,777.866233058815,20,early_warning
45,5,50,829.810428197145,769.871467734432,20,early_warning
45,6,60,823.803454965305,761.876702410049,20,early_warning
45,7,70,817.796481733464,753.881937085666,20,early_warning
45,8,80,811.789508501624,745.887171761283,20,early_warning
45,9,90,805.782535269784,737.8924064369,20,early_warning
45,10,100,799.775562037943,729.897641112518,20,early_warning
45,11,110,790.102834906167,728.216815522529,20,early_warning
45,12,120,780.181625227339,726.96397933662,20,early_warning
45,13,130,770.260415548511,725.711143150711,20,early_warning
45,14,140,760.339205869682,724.458306964803,20,early_warning
45,15,150,750.417996190854,723.205470778894,20,early_warning
45,16,160,740.496786512026,721.952634592985,20,early_warning
45,17,170,730.575576833197,720.699798407076,20,early_warning
45,18,180,720.654367154369,719.446962221167,20,early_warning
45,19,190,710.73315747554,718.194126035258,20,early_warning
45,20,200,700.811947796712,716.94128984935,20,early_warning
45,21,210,690.890738117884,715.688453663441,20,early_warning
45,22,220,680.969528439055,714.435617477532,20,early_warning
45,23,230,671.048318760227,713.182781291623,20,early_warning
45,24,240,661.127109081399,711.929945105714,20,early_warning
45,25,250,651.20589940257,710.677108919806,20,early_warning
45,26,260,644.218478699571,706.382326522575,20,early_warning
45,27,270,642.607444752637,696.512951181561,20,approach_clear_zone
45,28,280,640.996410805702,686.643575840546,20,approach_clear_zone
45,29,290,639.385376858767,676.774200499532,20,approach_clear_zone
45,30,300,637.774342911833,666.904825158517,20,approach_clear_zone
45,31,310,636.163308964898,657.035449817503,20,approach_clear_zone
45,32,320,634.552275017964,647.166074476488,20,inside_secure_wall
45,33,330,632.941241071029,637.296699135474,20,inside_secure_wall
45,34,340,631.330207124094,627.42732379446,20,inside_secure_wall
45,35,350,629.71917317716,617.557948453445,20,inside_secure_wall
45,36,360,628.108139230225,607.688573112431,20,inside_secure_wall
45,37,370,626.497105283291,597.819197771416,20,inside_secure_wall
45,38,380,624.886071336356,587.949822430402,20,inside_secure_wall
45,39,390,623.275037389421,578.080447089387,20,inside_secure_wall
45,40,400,618.061198134031,570.225022715301,20,inside_secure_wall
45,41,410,610.498206582023,563.682763259711,20,inside_secure_wall
45,42,420,602.935215030015,557.140503804122,20,inside_secure_wall
45,43,430,595.372223478007,550.598244348532,20,inside_secure_wall
45,44,440,587.809231925999,544.055984892942,20,inside_secure_wall
45,45,450,580.246240373991,537.513725437352,20,inside_secure_wall
45,46,460,572.683248821983,530.971465981762,20,inside_secure_wall
45,47,470,565.120257269974,524.429206526173,20,inside_secure_wall
45,48,476.770148075354,560,520,20,inside_secure_wall
46,0,0,879.660043716431,829.660043716431,20,early_warning
46,1,10,875.334603440675,820.643915588411,20,early_warning
46,2,20,871.00916316492,811.627787460391,20,early_warning
46,3,30,866.683722889165,802.611659332371,20,early_warning
46,4,40,862.35828261341,793.595531204351,20,early_warning
46,5,50,858.032842337654,784.579403076331,20,early_warning
46,6,60,853.707402061899,775.56327494831,20,early_warning
46,7,70,849.381961786144,766.54714682029,20,early_warning
46,8,80,845.056521510388,757.53101869227,20,early_warning
46,9,90,840.731081234633,748.51489056425,20,early_warning
46,10,100,836.405640958878,739.49876243623,20,early_warning
46,11,110,832.080200683122,730.48263430821,20,early_warning
46,12,120,827.754760407367,721.46650618019,20,early_warning
46,13,130,823.429320131612,712.45037805217,20,early_warning
46,14,140,818.535687326242,704.008902697355,20,early_warning
46,15,150,809.471235489167,699.785667812416,20,early_warning
46,16,160,800.406783652093,695.562432927478,20,early_warning
46,17,170,791.342331815019,691.33919804254,20,early_warning
46,18,180,782.277879977944,687.115963157602,20,early_warning
46,19,190,773.21342814087,682.892728272664,20,early_warning
46,20,200,764.148976303796,678.669493387726,20,early_warning
46,21,210,755.084524466721,674.446258502788,20,early_warning
46,22,220,746.020072629647,670.22302361785,20,approach_clear_zone
46,23,230,739.565147592251,662.864613274035,20,approach_clear_zone
46,24,240,733.766995742228,654.71713298108,20,perimeter_crossing
46,25,250,727.968843892206,646.569652688126,20,perimeter_crossing
46,26,260,722.170692042183,638.422172395172,20,approach_clear_zone
46,27,270,716.37254019216,630.274692102217,20,approach_clear_zone
46,28,280,710.574388342138,622.127211809263,20,approach_clear_zone
46,29,290,704.776236492115,613.979731516309,20,perimeter_crossing
46,30,300,698.978084642092,605.832251223354,20,inside_secure_wall
46,31,310,693.17993279207,597.6847709304,20,inside_secure_wall
46,32,320,687.381780942047,589.537290637446,20,inside_secure_wall
46,33,330,681.583629092024,581.389810344491,20,inside_secure_wall
46,34,340,675.785477242002,573.242330051537,20,inside_secure_wall
46,35,350,669.096571431288,566.204388803388,20,inside_secure_wall
46,36,360,659.888357847978,562.304542318699,20,inside_secure_wall
46,37,370,650.680144264667,558.40469583401,20,inside_secure_wall
46,38,380,641.471930681357,554.504849349321,20,inside_secure_wall
46,39,390,632.263717098047,550.605002864633,20,inside_secure_wall
46,40,400,623.055503514737,546.705156379944,20,inside_secure_wall
46,41,410,613.847289931426,542.805309895255,20,inside_secure_wall
46,42,420,604.639076348116,538.905463410566,20,inside_secure_wall
46,43,430,595.430862764806,535.005616925878,20,inside_secure_wall
46,44,440,586.222649181495,531.105770441189,20,inside_secure_wall
46,45,450,577.014435598185,527.2059239565,20,inside_secure_wall
46,46,460,567.806222014875,523.306077471811,20,inside_secure_wall
46,47,468.477455419826,560,520,20,inside_secure_wall
47,0,0,100.525206923485,384.230136871338,20,early_warning
47,1,10,110.43406666787,385.57717011744,20,early_warning
47,2,20,120.342926412255,386.924203363543,20,early_warning
47,3,30,130.25178615664,388.271236609645,20,early_warning
47,4,40,140.160645901025,389.618269855748,20,early_warning
47,5,50,150.06950564541,390.96530310185,20,early_warning
47,6,60,159.978365389795,392.312336347953,20,early_warning
47,7,70,169.88722513418,393.659369594055,20,early_warning
47,8,80,179.796084878565,395.006402840158,20,early_warning
47,9,90,189.70494462295,396.35343608626,20,early_warning
47,10,100,199.613804367335,397.700469332363,20,early_warning
47,11,110,209.242590875703,399.772302008197,20,early_warning
47,12,120,217.482559904707,405.438245036596,20,early_warning
47,13,130,225.722528933711,411.104188064995,20,early_warning
47,14,140,233.962497962714,416.770131093394,20,early_warning
47,15,150,242.202466991718,422.436074121793,20,early_warning
47,16,160,250.442436020721,428.102017150192,20,approach_clear_zone
47,17,170,258.682405049725,433.76796017859,20,approach_clear_zone
47,18,180,266.922374078728,439.433903206989,20,approach_clear_zone
47,19,190,275.162343107732,445.099846235388,20,approach_clear_zone
47,20,200,283.402312136735,450.765789263787,20,approach_clear_zone
47,21,210,291.642281165739,456.431732292186,20,approach_clear_zone
47,22,220,299.882250194743,462.097675320585,20,perimeter_crossing
47,23,230,308.122219223746,467.763618348984,20,inside_secure_wall
47,24,240,317.377358730291,468.52594911641,20,inside_secure_wall
47,25,250,327.189605347636,466.597266581513,20,inside_secure_wall
47,26,260,337.00185196498,464.668584046617,20,inside_secure_wall
47,27,270,346.814098582324,462.73990151172,20,inside_secure_wall
47,28,280,356.626345199668,460.811218976823,20,inside_secure_wall
47,29,290,366.438591817013,458.882536441927,20,inside_secure_wall
47,30,300,376.250838434357,456.95385390703,20,inside_secure_wall
47,31,310,386.063085051701,455.025171372134,20,inside_secure_wall
47,32,320,395.875331669046,453.096488837237,20,inside_secure_wall
47,33,330,405.68757828639,451.16780630234,20,inside_secure_wall
47,34,340,415.499824903734,449.239123767444,20,inside_secure_wall
47,35,350,425.312071521079,447.310441232547,20,inside_secure_wall
47,36,360,435.124318138423,445.38175869765,20,inside_secure_wall
47,37,370,444.936564755767,443.453076162754,20,inside_secure_wall
47,38,380,454.748811373111,441.524393627857,20,inside_secure_wall
47,39,390,464.561057990456,439.595711092961,20,inside_secure_wall
47,40,400,474.3733046078,437.667028558064,20,inside_secure_wall
47,41,410,482.422906842847,441.462155470584,20,inside_secure_wall
47,42,420,489.450325320955,448.576604819166,20,inside_secure_wall
47,43,430,496.477743799063,455.691054167748,20,inside_secure_wall
47,44,440,503.505162277172,462.805503516331,20,inside_secure_wall
47,45,450,510.53258075528,469.919952864913,20,inside_secure_wall
47,46,460,517.559999233388,477.034402213495,20,inside_secure_wall
47,47,470,524.587417711496,484.148851562077,20,inside_secure_wall
47,48,480,531.614836189605,491.26330091066,20,inside_secure_wall
47,49,490,538.642254667713,498.377750259242,20,inside_secure_wall
47,50,500,545.669673145821,505.492199607824,20,inside_secure_wall
47,51,510,552.69709162393,512.606648956406,20,inside_secure_wall
47,52,520,559.724510102038,519.721098304989,20,inside_secure_wall
47,53,520.392021478186,560,520,20,inside_secure_wall
48,0,0,919.2895424366,498.357224464417,20,early_warning
48,1,10,909.661248589509,495.656121431565,20,early_warning
48,2,20,900.032954742419,492.955018398713,20,early_warning
48,3,30,890.404660895329,490.253915365861,20,early_warning
48,4,40,880.776367048238,487.552812333009,20,early_warning
48,5,50,871.148073201148,484.851709300158,20,early_warning
48,6,60,861.519779354057,482.150606267306,20,early_warning
48,7,70,851.891485506967,479.449503234454,20,early_warning
48,8,80,842.263191659876,476.748400201602,20,early_warning
48,9,90,832.634897812786,474.047297168751,20,early_warning
48,10,100,823.006603965696,471.346194135899,20,early_warning
48,11,110,813.378310118605,468.645091103047,20,early_warning
48,12,120,806.245891670499,472.291346081766,20,early_warning
48,13,130,801.0360647379,480.827018482483,20,early_warning
48,14,140,795.8262378053,489.3626908832,20,early_warning
48,15,150,790.616410872701,497.898363283917,20,early_warning
48,16,160,785.406583940101,506.434035684634,20,early_warning
48,17,170,780.196757007502,514.969708085351,20,early_warning
48,18,180,774.986930074902,523.505380486068,20,early_warning
48,19,190,769.777103142303,532.041052886785,20,early_warning
48,20,200,764.567276209703,540.576725287502,20,early_warning
48,21,210,759.357449277104,549.112397688219,20,early_warning
48,22,220,754.147622344504,557.648070088936,20,early_warning
48,23,230,748.937795411905,566.183742489653,20,approach_clear_zone
48,24,240,743.727968479305,574.71941489037,20,approach_clear_zone
48,25,250,737.980348679625,578.491423471507,20,approach_clear_zone
48,26,260,730.998639711903,571.332112059784,20,approach_clear_zone
48,27,270,724.016930744181,564.17280064806,20,approach_clear_zone
48,28,280,717.03522177646,557.013489236337,20,approach_clear_zone
48,29,290,710.053512808738,549.854177824613,20,approach_clear_zone
48,30,300,703.071803841016,542.69486641289,20,perimeter_crossing
48,31,310,696.090094873294,535.535555001167,20,inside_secure_wall
48,32,320,689.108385905572,528.376243589443,20,inside_secure_wall
48,33,330,682.126676937851,521.21693217772,20,inside_secure_wall
48,34,340,675.144967970129,514.057620765996,20,inside_secure_wall
48,35,350,667.212716522677,509.500954759043,20,inside_secure_wall
48,36,360,657.260323113752,510.47556516017,20,inside_secure_wall
48,37,370,647.307929704827,511.450175561297,20,inside_secure_wall
48,38,380,637.355536295902,512.424785962424,20,inside_secure_wall
48,39,390,627.403142886977,513.399396363552,20,inside_secure_wall
48,40,400,617.450749478052,514.374006764679,20,inside_secure_wall
48,41,410,607.498356069127,515.348617165806,20,inside_secure_wall
48,42,420,597.545962660202,516.323227566933,20,inside_secure_wall
48,43,430,587.593569251276,517.297837968061,20,inside_secure_wall
48,44,440,577.641175842351,518.272448369188,20,inside_secure_wall
48,45,450,567.688782433426,519.247058770315,20,inside_secure_wall
48,46,457.725561196698,560,520,20,inside_secure_wall
49,0,0,640.605390071869,200.895708203316,20,early_warning
49,1,10,640.758057563642,210.894542767251,20,early_warning
49,2,20,640.910725055416,220.893377331187,20,early_warning
49,3,30,641.063392547189,230.892211895123,20,early_warning
49,4,40,641.216060038962,240.891046459059,20,early_warning
49,5,50,641.368727530735,250.889881022994,20,early_warning
49,6,60,641.521395022509,260.88871558693,20,early_warning
49,7,70,641.674062514282,270.887550150866,20,early_warning
49,8,80,641.826730006055,280.886384714802,20,early_warning
49,9,90,639.5172680942,290.39869533404,20,early_warning
49,10,100,635.572976509314,299.587958846063,20,early_warning
49,11,110,631.628684924429,308.777222358086,20,approach_clear_zone
49,12,120,627.684393339543,317.966485870109,20,approach_clear_zone
49,13,130,623.740101754658,327.155749382132,20,approach_clear_zone
49,14,140,619.795810169772,336.345012894156,20,approach_clear_zone
49,15,150,615.851518584886,345.534276406179,20,perimeter_crossing
49,16,160,611.907227000001,354.723539918202,20,inside_secure_wall
49,17,170,607.962935415115,363.912803430225,20,inside_secure_wall
49,18,180,604.01864383023,373.102066942248,20,inside_secure_wall
49,19,190,600.17128638964,382.289257520052,20,inside_secure_wall
49,20,200,604.504816719436,391.301500020159,20,inside_secure_wall
49,21,210,608.838347049231,400.313742520266,20,inside_secure_wall
49,22,220,613.171877379027,409.325985020374,20,inside_secure_wall
49,23,230,617.505407708823,418.338227520481,20,inside_secure_wall
49,24,240,621.838938038618,427.350470020588,20,inside_secure_wall
49,25,250,626.172468368414,436.362712520696,20,inside_secure_wall
49,26,260,627.674248443077,444.967704192684,20,inside_secure_wall
49,27,270,620.976666606762,452.393496914399,20,inside_secure_wall
49,28,280,614.279084770447,459.819289636113,20,inside_secure_wall
49,29,290,607.581502934132,467.245082357827,20,inside_secure_wall
49,30,300,600.883921097817,474.670875079541,20,inside_secure_wall
49,31,310,594.186339261502,482.096667801256,20,inside_secure_wall
49,32,320,587.488757425187,489.52246052297,20,inside_secure_wall
49,33,330,580.791175588873,496.948253244684,20,inside_secure_wall
49,34,340,574.093593752558,504.374045966399,20,inside_secure_wall
49,35,350,567.396011916243,511.799838688113,20,inside_secure_wall
49,36,360,560.698430079928,519.225631409827,20,inside_secure_wall
49,37,361.042809325809,560,520,20,inside_secure_wall
50,0,0,283.264249563217,818.919041156769,20,early_warning
50,1,10,292.273889729122,814.580103028504,20,early_warning
50,2,20,301.283529895028,810.24116490024,20,early_warning
50,3,30,310.293170060933,805.902226771976,20,early_warning
50,4,40,319.302810226838,801.563288643712,20,early_warning
50,5,50,328.312450392744,797.224350515447,20,early_warning
50,6,60,337.322090558649,792.885412387183,20,early_warning
50,7,70,346.331730724554,788.546474258919,20,early_warning
50,8,80,355.34137089046,784.207536130654,20,early_warning
50,9,90,364.208000825838,779.611769652584,20,early_warning
50,10,100,372.6413536121,774.237892022563,20,early_warning
50,11,110,381.074706398363,768.864014392542,20,early_warning
50,12,120,389.508059184625,763.490136762522,20,early_warning
50,13,130,397.941411970888,758.116259132501,20,early_warning
50,14,140,406.374764757151,752.74238150248,20,early_warning
50,15,150,414.808117543413,747.368503872459,20,early_warning
50,16,160,423.241470329676,741.994626242438,20,early_warning
50,17,170,431.674823115938,736.620748612417,20,early_warning
50,18,180,440.108175902201,731.246870982396,20,early_warning
50,19,190,448.541528688463,725.872993352376,20,early_warning
50,20,200,456.974881474726,720.499115722355,20,early_warning
50,21,210,461.326045791898,711.8582954353,20,early_warning
50,22,220,464.720978345932,702.45221054553,20,early_warning
50,23,230,468.115910899966,693.04612565576,20,approach_clear_zone
50,24,240,471.510843454001,683.64004076599,20,approach_clear_zone
50,25,250,474.905776008035,674.23395587622,20,approach_clear_zone
50,26,260,478.300708562069,664.82787098645,20,approach_clear_zone
50,27,270,481.695641116103,655.42178609668,20,approach_clear_zone
50,28,280,485.090573670137,646.01570120691,20,inside_secure_wall
50,29,290,488.485506224171,636.60961631714,20,inside_secure_wall
50,30,300,491.880438778206,627.20353142737,20,inside_secure_wall
50,31,310,495.27537133224,617.7974465376,20,inside_secure_wall
50,32,320,498.670303886274,608.39136164783,20,inside_secure_wall
50,33,330,502.673611267664,599.306763089183,20,inside_secure_wall
50,34,340,508.531826086693,591.202361869222,20,inside_secure_wall
50,35,350,514.390040905722,583.097960649261,20,inside_secure_wall
50,36,360,520.248255724752,574.9935594293,20,inside_secure_wall
50,37,370,526.106470543781,566.889158209339,20,inside_secure_wall
50,38,380,531.964685362811,558.784756989378,20,inside_secure_wall
50,39,390,537.82290018184,550.680355769417,20,inside_secure_wall
50,40,400,543.681115000869,542.575954549456,20,inside_secure_wall
50,41,410,549.539329819899,534.471553329495,20,inside_secure_wall
50,42,420,555.397544638928,526.367152109534,20,inside_secure_wall
50,43,427.856412752434,560,520,20,inside_secure_wall
51,0,0,425.923109054565,838.733790516853,20,early_warning
51,1,10,427.162907316106,828.810943129602,20,early_warning
51,2,20,428.402705577646,818.888095742351,20,early_warning
51,3,30,429.642503839186,808.965248355099,20,early_warning
51,4,40,430.882302100726,799.042400967848,20,early_warning
51,5,50,432.122100362266,789.119553580596,20,early_warning
51,6,60,433.361898623806,779.196706193345,20,early_warning
51,7,70,434.601696885347,769.273858806093,20,early_warning
51,8,80,435.841495146887,759.351011418842,20,early_warning
51,9,90,437.081293408427,749.428164031591,20,early_warning
51,10,100,438.321091669967,739.505316644339,20,early_warning
51,11,110,441.461704694914,730.023145036829,20,early_warning
51,12,120,444.71463614252,720.567012793825,20,early_warning
51,13,130,447.967567590125,711.110880550821,20,early_warning
51,14,140,451.22049903773,701.654748307816,20,early_warning
51,15,150,454.473430485336,692.198616064812,20,approach_clear_zone
51,16,160,457.726361932941,682.742483821808,20,approach_clear_zone
51,17,170,460.979293380546,673.286351578804,20,approach_clear_zone
51,18,180,464.232224828152,663.8302193358,20,approach_clear_zone
51,19,190,467.374628398425,654.337022173936,20,perimeter_crossing
51,20,200,470.480373356198,644.831531746963,20,inside_secure_wall
51,21,210,473.586118313971,635.326041319991,20,inside_secure_wall
51,22,220,476.691863271743,625.820550893018,20,inside_secure_wall
51,23,230,479.797608229516,616.315060466045,20,inside_secure_wall
51,24,240,482.903353187288,606.809570039072,20,inside_secure_wall
51,25,250,486.009098145061,597.3040796121,20,inside_secure_wall
51,26,260,489.114843102834,587.798589185127,20,inside_secure_wall
51,27,270,492.220588060606,578.293098758154,20,inside_secure_wall
51,28,280,496.570257997495,569.659203473979,20,inside_secure_wall
51,29,290,504.444191113049,563.494693980777,20,inside_secure_wall
51,30,300,512.318124228604,557.330184487575,20,inside_secure_wall
51,31,310,520.192057344158,551.165674994373,20,inside_secure_wall
51,32,320,528.065990459712,545.001165501171,20,inside_secure_wall
51,33,330,535.939923575266,538.836656007968,20,inside_secure_wall
51,34,340,543.81385669082,532.672146514766,20,inside_secure_wall
51,35,350,551.687789806374,526.507637021564,20,inside_secure_wall
51,36,360,559.561722921928,520.343127528362,20,inside_secure_wall
51,37,360.556617730478,560,520,20,inside_secure_wall
52,0,0,91.4514601230621,141.451460123062,20,early_warning
52,1,10,98.596866298496,148.447399701709,20,early_warning
52,2,20,105.74227247393,155.443339280355,20,early_warning
52,3,30,112.887678649364,162.439278859001,20,early_warning
52,4,40,120.033084824798,169.435218437648,20,early_warning
52,5,50,127.178491000232,176.431158016294,20,early_warning
52,6,60,134.323897175666,183.427097594941,20,early_warning
52,7,70,141.469303351099,190.423037173587,20,early_warning
52,8,80,148.614709526533,197.418976752233,20,early_warning
52,9,90,155.760115701967,204.41491633088,20,early_warning
52,10,100,162.905521877401,211.410855909526,20,early_warning
52,11,110,170.050928052835,218.406795488172,20,early_warning
52,12,120,177.196334228269,225.402735066819,20,early_warning
52,13,130,184.341740403703,232.398674645465,20,early_warning
52,14,140,191.487146579137,239.394614224112,20,early_warning
52,15,150,198.632552754571,246.390553802758,20,early_warning
52,16,160,205.777958930005,253.386493381404,20,early_warning
52,17,170,214.361513724318,258.207326389855,20,early_warning
52,18,180,223.596982618141,262.042181577632,20,early_warning
52,19,190,232.832451511965,265.877036765409,20,early_warning
52,20,200,242.067920405788,269.711891953185,20,early_warning
52,21,210,251.303389299612,273.546747140962,20,early_warning
52,22,220,260.538858193435,277.381602328739,20,early_warning
52,23,230,269.774327087259,281.216457516516,20,early_warning
52,24,240,279.009795981082,285.051312704292,20,early_warning
52,25,250,288.245264874906,288.886167892069,20,early_warning
52,26,260,297.480733768729,292.721023079846,20,early_warning
52,27,270,306.716202662553,296.555878267623,20,early_warning
52,28,280,315.951671556377,300.390733455399,20,approach_clear_zone
52,29,290,325.1871404502,304.225588643176,20,approach_clear_zone
52,30,300,334.422609344024,308.060443830953,20,approach_clear_zone
52,31,310,343.658078237847,311.895299018729,20,approach_clear_zone
52,32,320,352.210822598183,316.41517058938,20,approach_clear_zone
52,33,330,356.076606914376,325.637735938602,20,approach_clear_zone
52,34,340,359.942391230568,334.860301287825,20,approach_clear_zone
52,35,350,363.808175546761,344.082866637047,20,approach_clear_zone
52,36,360,367.673959862954,353.305431986269,20,inside_secure_wall
52,37,370,371.539744179147,362.527997335492,20,inside_secure_wall
52,38,380,375.40552849534,371.750562684714,20,inside_secure_wall
52,39,390,379.271312811532,380.973128033937,20,inside_secure_wall
52,40,400,383.137097127725,390.195693383159,20,inside_secure_wall
52,41,410,387.002881443918,399.418258732381,20,inside_secure_wall
52,42,420,390.868665760111,408.640824081604,20,inside_secure_wall
52,43,430,394.734450076303,417.863389430826,20,inside_secure_wall
52,44,440,398.600234392496,427.085954780049,20,inside_secure_wall
52,45,450,402.466018708689,436.308520129271,20,inside_secure_wall
52,46,460,406.331803024882,445.531085478493,20,inside_secure_wall
52,47,470,410.197587341075,454.753650827716,20,inside_secure_wall
52,48,480,414.063371657267,463.976216176938,20,inside_secure_wall
52,49,490,419.074268714782,471.97245936295,20,inside_secure_wall
52,50,500,428.539684864831,475.198276640229,20,inside_secure_wall
52,51,510,438.00510101488,478.424093917508,20,inside_secure_wall
52,52,520,447.470517164929,481.649911194788,20,inside_secure_wall
52,53,530,456.935933314978,484.875728472067,20,inside_secure_wall
52,54,540,466.401349465026,488.101545749346,20,inside_secure_wall
52,55,550,475.866765615075,491.327363026625,20,inside_secure_wall
52,56,560,485.332181765124,494.553180303904,20,inside_secure_wall
52,57,570,494.797597915173,497.778997581184,20,inside_secure_wall
52,58,580,504.263014065222,501.004814858463,20,inside_secure_wall
52,59,590,513.728430215271,504.230632135742,20,inside_secure_wall
52,60,600,523.19384636532,507.456449413021,20,inside_secure_wall
52,61,610,532.659262515369,510.682266690301,20,inside_secure_wall
52,62,620,542.124678665418,513.90808396758,20,inside_secure_wall
52,63,630,551.590094815467,517.133901244859,20,inside_secure_wall
52,64,638.884876323678,560,520,20,inside_secure_wall
53,0,0,71.6367107629776,878.363289237022,20,early_warning
53,1,10,81.1975951626525,875.432506151215,20,early_warning
53,2,20,90.7584795623274,872.501723065408,20,early_warning
53,3,30,100.319363962002,869.570939979601,20,early_warning
53,4,40,109.880248361677,866.640156893794,20,early_warning
53,5,50,119.441132761352,863.709373807986,20,early_warning
53,6,60,129.002017161027,860.778590722179,20,early_warning
53,7,70,138.562901560702,857.847807636372,20,early_warning
53,8,80,148.123785960377,854.917024550565,20,early_warning
53,9,90,157.684670360051,851.986241464758,20,early_warning
53,10,100,167.245554759726,849.05545837895,20,early_warning
53,11,110,176.806439159401,846.124675293143,20,early_warning
53,12,120,186.367323559076,843.193892207336,20,early_warning
53,13,130,195.928207958751,840.263109121529,20,early_warning
53,14,140,205.489092358426,837.332326035722,20,early_warning
53,15,150,214.707590672103,833.568719272328,20,early_warning
53,16,160,223.565237279384,828.927372853397,20,early_warning
53,17,170,232.422883886666,824.286026434467,20,early_warning
53,18,180,241.280530493947,819.644680015536,20,early_warning
53,19,190,250.138177101228,815.003333596606,20,early_warning
53,20,200,258.995823708509,810.361987177675,20,early_warning
53,21,210,267.853470315791,805.720640758745,20,early_warning
53,22,220,276.711116923072,801.079294339814,20,early_warning
53,23,230,285.568763530353,796.437947920884,20,early_warning
53,24,240,294.426410137634,791.796601501953,20,early_warning
53,25,250,303.284056744916,787.155255083023,20,early_warning
53,26,260,312.141703352197,782.513908664092,20,early_warning
53,27,270,320.999349959478,777.872562245162,20,early_warning
53,28,280,329.856996566759,773.231215826231,20,early_warning
53,29,290,338.714643174041,768.589869407301,20,early_warning
53,30,300,344.531859928047,761.13974704155,20,early_warning
53,31,310,348.458165547495,751.942784272098,20,early_warning
53,32,320,352.384471166944,742.745821502646,20,early_warning
53,33,330,356.310776786392,733.548858733194,20,early_warning
53,34,340,360.23708240584,724.351895963742,20,early_warning
53,35,350,364.163388025289,715.15493319429,20,early_warning
53,36,360,368.089693644737,705.957970424838,20,early_warning
53,37,370,372.015999264185,696.761007655386,20,approach_clear_zone
53,38,380,375.942304883634,687.564044885933,20,approach_clear_zone
53,39,390,379.868610503082,678.367082116481,20,approach_clear_zone
53,40,400,383.79491612253,669.170119347029,20,approach_clear_zone
53,41,410,387.721221741979,659.973156577577,20,approach_clear_zone
53,42,420,391.647527361427,650.776193808125,20,perimeter_crossing
53,43,430,395.573832980875,641.579231038673,20,inside_secure_wall
53,44,440,399.500138600324,632.382268269221,20,inside_secure_wall
53,45,450,403.426444219772,623.185305499769,20,inside_secure_wall
53,46,460,407.35274983922,613.988342730316,20,inside_secure_wall
53,47,470,411.279055458669,604.791379960864,20,inside_secure_wall
53,48,480,417.656290569028,597.818850564035,20,inside_secure_wall
53,49,490,426.430660110005,593.021930806692,20,inside_secure_wall
53,50,500,435.205029650981,588.22501104935,20,inside_secure_wall
53,51,510,443.979399191958,583.428091292007,20,inside_secure_wall
53,52,520,452.753768732934,578.631171534665,20,inside_secure_wall
53,53,530,461.52813827391,573.834251777322,20,inside_secure_wall
53,54,540,470.302507814887,569.037332019979,20,inside_secure_wall
53,55,550,479.076877355863,564.240412262637,20,inside_secure_wall
53,56,560,487.85124689684,559.443492505294,20,inside_secure_wall
53,57,570,496.625616437816,554.646572747951,20,inside_secure_wall
53,58,580,505.399985978793,549.849652990609,20,inside_secure_wall
53,59,590,514.174355519769,545.052733233266,20,inside_secure_wall
53,60,600,522.948725060746,540.255813475923,20,inside_secure_wall
53,61,610,531.723094601722,535.458893718581,20,inside_secure_wall
53,62,620,540.497464142699,530.661973961238,20,inside_secure_wall
53,63,630,549.271833683675,525.865054203895,20,inside_secure_wall
53,64,640,558.046203224652,521.068134446553,20,inside_secure_wall
53,65,642.226709014504,560,520,20,inside_secure_wall
54,0,0,858.178038597107,191.821961402893,20,early_warning
54,1,10,853.655665318633,200.740937797645,20,early_warning
54,2,20,849.133292040159,209.659914192397,20,early_warning
54,3,30,844.610918761685,218.578890587149,20,early_warning
54,4,40,840.088545483211,227.497866981901,20,early_warning
54,5,50,835.566172204737,236.416843376653,20,early_warning
54,6,60,831.043798926263,245.335819771405,20,early_warning
54,7,70,826.521425647788,254.254796166157,20,early_warning
54,8,80,821.999052369314,263.173772560909,20,early_warning
54,9,90,817.47667909084,272.092748955661,20,early_warning
54,10,100,812.954305812366,281.011725350413,20,early_warning
54,11,110,808.431932533892,289.930701745165,20,early_warning
54,12,120,803.909559255418,298.849678139917,20,early_warning
54,13,130,797.022618499902,305.359417606462,20,early_warning
54,14,140,788.020577700946,309.714100310625,20,early_warning
54,15,150,779.018536901991,314.068783014789,20,early_warning
54,16,160,770.016496103035,318.423465718952,20,early_warning
54,17,170,761.01445530408,322.778148423116,20,early_warning
54,18,180,752.012414505124,327.132831127279,20,early_warning
54,19,190,743.010373706169,331.487513831443,20,approach_clear_zone
54,20,200,734.008332907213,335.842196535606,20,approach_clear_zone
54,21,210,725.006292108258,340.196879239769,20,approach_clear_zone
54,22,220,716.004251309302,344.551561943933,20,approach_clear_zone
54,23,230,707.002210510346,348.906244648096,20,perimeter_crossing
54,24,240,698.693260261543,354.258272989895,20,inside_secure_wall
54,25,250,691.473060810742,361.176995407412,20,inside_secure_wall
54,26,260,684.25286135994,368.095717824928,20,inside_secure_wall
54,27,270,677.032661909139,375.014440242445,20,inside_secure_wall
54,28,280,669.812462458337,381.933162659961,20,inside_secure_wall
54,29,290,662.592263007535,388.851885077478,20,inside_secure_wall
54,30,300,655.372063556734,395.770607494994,20,inside_secure_wall
54,31,310,648.151864105932,402.689329912511,20,inside_secure_wall
54,32,320,640.931664655131,409.608052330027,20,inside_secure_wall
54,33,330,633.711465204329,416.526774747543,20,inside_secure_wall
54,34,340,626.491265753528,423.44549716506,20,inside_secure_wall
54,35,350,619.271066302726,430.364219582576,20,inside_secure_wall
54,36,360,612.46685578021,437.624125057131,20,inside_secure_wall
54,37,370,607.094760237285,446.058613155273,20,inside_secure_wall
54,38,380,601.722664694361,454.493101253415,20,inside_secure_wall
54,39,390,596.350569151436,462.927589351556,20,inside_secure_wall
54,40,400,590.978473608512,471.362077449698,20,inside_secure_wall
54,41,410,585.606378065587,479.796565547839,20,inside_secure_wall
54,42,420,580.234282522663,488.231053645981,20,inside_secure_wall
54,43,430,574.862186979738,496.665541744122,20,inside_secure_wall
54,44,440,569.490091436814,505.100029842264,20,inside_secure_wall
54,45,450,564.11799589389,513.534517940405,20,inside_secure_wall
54,46,457.665529886774,560,520,20,inside_secure_wall
55,0,0,877.992787957191,827.992787957191,20,early_warning
55,1,10,870.752225399995,821.09537874392,20,early_warning
55,2,20,863.511662842799,814.197969530648,20,early_warning
55,3,30,856.271100285602,807.300560317376,20,early_warning
55,4,40,849.030537728406,800.403151104105,20,early_warning
55,5,50,841.789975171209,793.505741890833,20,early_warning
55,6,60,834.549412614013,786.608332677562,20,early_warning
55,7,70,827.308850056816,779.71092346429,20,early_warning
55,8,80,820.06828749962,772.813514251018,20,early_warning
55,9,90,812.827724942424,765.916105037746,20,early_warning
55,10,100,804.469681222915,760.659862669768,20,early_warning
55,11,110,795.398712196848,756.450644104745,20,early_warning
55,12,120,786.327743170782,752.241425539722,20,early_warning
55,13,130,777.256774144715,748.032206974699,20,early_warning
55,14,140,768.185805118648,743.822988409676,20,early_warning
55,15,150,759.114836092581,739.613769844653,20,early_warning
55,16,160,750.043867066514,735.40455127963,20,early_warning
55,17,170,740.972898040447,731.195332714607,20,early_warning
55,18,180,731.90192901438,726.986114149584,20,early_warning
55,19,190,722.830959988313,722.776895584561,20,early_warning
55,20,200,713.759990962246,718.567677019538,20,early_warning
55,21,210,704.689021936179,714.358458454515,20,early_warning
55,22,220,695.618052910112,710.149239889492,20,early_warning
55,23,230,686.547083884045,705.940021324469,20,early_warning
55,24,240,677.476114857978,701.730802759447,20,early_warning
55,25,250,668.405145831911,697.521584194424,20,approach_clear_zone
55,26,260,666.998954232753,689.208443683677,20,approach_clear_zone
55,27,270,668.524617771145,679.325511387661,20,approach_clear_zone
55,28,280,670.050281309536,669.442579091646,20,approach_clear_zone
55,29,290,671.575944847927,659.559646795631,20,approach_clear_zone
55,30,300,673.101608386319,649.676714499615,20,inside_secure_wall
55,31,310,674.62727192471,639.7937822036,20,inside_secure_wall
55,32,320,676.152935463102,629.910849907585,20,inside_secure_wall
55,33,330,677.678599001493,620.027917611569,20,inside_secure_wall
55,34,340,679.204262539885,610.144985315554,20,inside_secure_wall
55,35,350,680.729926078276,600.262053019539,20,inside_secure_wall
55,36,360,682.255589616667,590.379120723523,20,inside_secure_wall
55,37,370,683.781253155059,580.496188427508,20,inside_secure_wall
55,38,380,685.30691669345,570.613256131493,20,inside_secure_wall
55,39,390,682.867556764941,563.107624204394,20,inside_secure_wall
55,40,400,673.431465792178,559.797006867138,20,inside_secure_wall
55,41,410,663.995374819415,556.486389529882,20,inside_secure_wall
55,42,420,654.559283846652,553.175772192625,20,inside_secure_wall
55,43,430,645.123192873889,549.865154855369,20,inside_secure_wall
55,44,440,635.687101901126,546.554537518113,20,inside_secure_wall
55,45,450,626.251010928363,543.243920180856,20,inside_secure_wall
55,46,460,616.8149199556,539.9333028436,20,inside_secure_wall
55,47,470,607.378828982837,536.622685506343,20,inside_secure_wall
55,48,480,597.942738010075,533.312068169087,20,inside_secure_wall
55,49,490,588.506647037312,530.001450831831,20,inside_secure_wall
55,50,500,579.070556064549,526.690833494574,20,inside_secure_wall
55,51,510,569.634465091786,523.380216157318,20,inside_secure_wall
55,52,520,560.198374119023,520.069598820062,20,inside_secure_wall
55,53,520.210229129409,560,520,20,inside_secure_wall
56,0,0,897.807537317276,847.807537317276,20,early_warning
56,1,10,892.555180772909,839.297969130179,20,early_warning
56,2,20,887.302824228542,830.788400943083,20,early_warning
56,3,30,882.050467684175,822.278832755987,20,early_warning
56,4,40,876.798111139808,813.76926456889,20,early_warning
56,5,50,871.545754595441,805.259696381793,20,early_warning
56,6,60,866.293398051074,796.750128194697,20,early_warning
56,7,70,861.041041506707,788.2405600076,20,early_warning
56,8,80,855.78868496234,779.730991820504,20,early_warning
56,9,90,850.536328417973,771.221423633407,20,early_warning
56,10,100,845.283971873606,762.711855446311,20,early_warning
56,11,110,840.031615329239,754.202287259214,20,early_warning
56,12,120,834.779258784872,745.692719072118,20,early_warning
56,13,130,829.398311946289,737.273023338528,20,early_warning
56,14,140,823.212073838486,729.416150037171,20,early_warning
56,15,150,817.025835730683,721.559276735815,20,early_warning
56,16,160,810.839597622881,713.702403434458,20,early_warning
56,17,170,804.653359515078,705.845530133102,20,early_warning
56,18,180,798.467121407275,697.988656831745,20,early_warning
56,19,190,792.280883299472,690.131783530389,20,early_warning
56,20,200,786.094645191669,682.274910229032,20,early_warning
56,21,210,779.908407083867,674.418036927676,20,early_warning
56,22,220,773.722168976064,666.56116362632,20,early_warning
56,23,230,767.535930868261,658.704290324963,20,early_warning
56,24,240,759.252197864497,653.756714627982,20,early_warning
56,25,250,749.843159518308,650.369976167466,20,perimeter_crossing
56,26,260,740.434121172119,646.98323770695,20,perimeter_crossing
56,27,270,731.02508282593,643.596499246434,20,approach_clear_zone
56,28,280,721.61604447974,640.209760785918,20,approach_clear_zone
56,29,290,712.207006133551,636.823022325402,20,approach_clear_zone
56,30,300,702.797967787361,633.436283864885,20,perimeter_crossing
56,31,310,693.388929441172,630.049545404369,20,inside_secure_wall
56,32,320,683.979891094983,626.662806943853,20,inside_secure_wall
56,33,330,674.570852748794,623.276068483337,20,inside_secure_wall
56,34,340,665.161814402604,619.889330022821,20,inside_secure_wall
56,35,350,655.752776056415,616.502591562305,20,inside_secure_wall
56,36,360,646.343737710226,613.115853101789,20,inside_secure_wall
56,37,370,636.934699364036,609.729114641273,20,inside_secure_wall
56,38,380,627.525661017847,606.342376180757,20,inside_secure_wall
56,39,390,619.015079845268,601.762802363393,20,inside_secure_wall
56,40,400,613.162509967323,593.65432372534,20,inside_secure_wall
56,41,410,607.309940089378,585.545845087286,20,inside_secure_wall
56,42,420,601.457370211433,577.437366449233,20,inside_secure_wall
56,43,430,595.604800333488,569.328887811179,20,inside_secure_wall
56,44,440,589.752230455543,561.220409173126,20,inside_secure_wall
56,45,450,583.899660577597,553.111930535072,20,inside_secure_wall
56,46,460,578.047090699652,545.003451897019,20,inside_secure_wall
56,47,470,572.194520821707,536.894973258966,20,inside_secure_wall
56,48,480,566.341950943762,528.786494620912,20,inside_secure_wall
56,49,490,560.489381065817,520.678015982859,20,inside_secure_wall
56,50,490.83618149979,560,520,20,inside_secure_wall
57,0,0,82.3777133226395,325.501012802124,20,early_warning
57,1,10,92.3651826401067,326.001469226451,20,early_warning
57,2,20,102.352651957574,326.501925650778,20,early_warning
57,3,30,112.340121275041,327.002382075105,20,early_warning
57,4,40,122.327590592508,327.502838499433,20,early_warning
57,5,50,132.315059909976,328.00329492376,20,early_warning
57,6,60,142.302529227443,328.503751348087,20,early_warning
57,7,70,152.28999854491,329.004207772414,20,early_warning
57,8,80,162.277467862377,329.504664196741,20,early_warning
57,9,90,172.264937179845,330.005120621068,20,early_warning
57,10,100,182.252406497312,330.505577045395,20,early_warning
57,11,110,192.239875814779,331.006033469722,20,early_warning
57,12,120,202.227345132246,331.506489894049,20,early_warning
57,13,130,212.214814449714,332.006946318377,20,early_warning
57,14,140,218.644198963109,339.112939989531,20,early_warning
57,15,150,224.557321716895,347.177366770069,20,early_warning
57,16,160,230.470444470681,355.241793550608,20,early_warning
57,17,170,236.383567224467,363.306220331146,20,early_warning
57,18,180,242.296689978253,371.370647111684,20,early_warning
57,19,190,248.209812732039,379.435073892222,20,early_warning
57,20,200,254.122935485825,387.49950067276,20,approach_clear_zone
57,21,210,260.036058239611,395.563927453298,20,approach_clear_zone
57,22,220,265.949180993397,403.628354233836,20,approach_clear_zone
57,23,230,271.862303747183,411.692781014374,20,approach_clear_zone
57,24,240,277.775426500968,419.757207794912,20,approach_clear_zone
57,25,250,283.688549254754,427.82163457545,20,approach_clear_zone
57,26,260,289.60167200854,435.886061355988,20,approach_clear_zone
57,27,270,295.514794762326,443.950488136526,20,perimeter_crossing
57,28,280,301.427917516112,452.014914917064,20,inside_secure_wall
57,29,290,307.341040269898,460.079341697602,20,inside_secure_wall
57,30,300,313.468998240996,467.625834648902,20,inside_secure_wall
57,31,310,323.354117328606,466.114404655892,20,inside_secure_wall
57,32,320,333.239236416216,464.602974662883,20,inside_secure_wall
57,33,330,343.124355503826,463.091544669874,20,inside_secure_wall
57,34,340,353.009474591436,461.580114676864,20,inside_secure_wall
57,35,350,362.894593679046,460.068684683855,20,inside_secure_wall
57,36,360,372.779712766656,458.557254690846,20,inside_secure_wall
57,37,370,382.664831854266,457.045824697836,20,inside_secure_wall
57,38,380,392.549950941876,455.534394704827,20,inside_secure_wall
57,39,390,402.435070029486,454.022964711818,20,inside_secure_wall
57,40,400,412.320189117097,452.511534718808,20,inside_secure_wall
57,41,410,422.205308204707,451.000104725799,20,inside_secure_wall
57,42,420,431.993644695951,450.038524019384,20,inside_secure_wall
57,43,430,440.768567836219,454.83443101206,20,inside_secure_wall
57,44,440,449.543490976487,459.630338004735,20,inside_secure_wall
57,45,450,458.318414116754,464.426244997411,20,inside_secure_wall
57,46,460,467.093337257022,469.222151990086,20,inside_secure_wall
57,47,470,475.86826039729,474.018058982762,20,inside_secure_wall
57,48,480,484.643183537558,478.813965975437,20,inside_secure_wall
57,49,490,493.418106677825,483.609872968113,20,inside_secure_wall
57,50,500,502.193029818093,488.405779960788,20,inside_secure_wall
57,51,510,510.967952958361,493.201686953464,20,inside_secure_wall
57,52,520,519.742876098629,497.997593946139,20,inside_secure_wall
57,53,530,528.517799238896,502.793500938815,20,inside_secure_wall
57,54,540,537.292722379164,507.58940793149,20,inside_secure_wall
57,55,550,546.067645519432,512.385314924166,20,inside_secure_wall
57,56,560,554.8425686597,517.181221916841,20,inside_secure_wall
57,57,565.877466113217,560,520,20,inside_secure_wall
58,0,0,847.437036037445,439.628100395203,20,early_warning
58,1,10,837.459355429005,440.295850105762,20,early_warning
58,2,20,827.481674820564,440.963599816322,20,early_warning
58,3,30,817.503994212124,441.631349526882,20,early_warning
58,4,40,807.526313603684,442.299099237441,20,early_warning
58,5,50,797.548632995243,442.966848948001,20,early_warning
58,6,60,791.066473364054,449.977389044086,20,early_warning
58,7,70,785.173053560257,458.056225780659,20,early_warning
58,8,80,779.279633756459,466.135062517233,20,early_warning
58,9,90,773.386213952662,474.213899253806,20,early_warning
58,10,100,767.492794148864,482.292735990379,20,early_warning
58,11,110,761.599374345067,490.371572726953,20,early_warning
58,12,120,755.705954541269,498.450409463526,20,early_warning
58,13,130,749.812534737472,506.5292462001,20,approach_clear_zone
58,14,140,743.919114933675,514.608082936673,20,approach_clear_zone
58,15,150,737.337265252423,519.507947154292,20,approach_clear_zone
58,16,160,728.629533898035,514.591097079314,20,approach_clear_zone
58,17,170,719.921802543647,509.674247004336,20,approach_clear_zone
58,18,180,711.21407118926,504.757396929358,20,approach_clear_zone
58,19,190,702.506339834872,499.840546854381,20,perimeter_crossing
58,20,200,693.798608480484,494.923696779403,20,inside_secure_wall
58,21,210,685.090877126096,490.006846704425,20,inside_secure_wall
58,22,220,676.383145771708,485.089996629447,20,inside_secure_wall
58,23,230,667.67541441732,480.173146554469,20,inside_secure_wall
58,24,240,658.967683062932,475.256296479492,20,inside_secure_wall
58,25,250,650.259951708544,470.339446404514,20,inside_secure_wall
58,26,260,641.552220354156,465.422596329536,20,inside_secure_wall
58,27,270,632.844488999768,460.505746254558,20,inside_secure_wall
58,28,280,624.320231987545,456.986218369006,20,inside_secure_wall
58,29,290,617.176990800386,463.984368506156,20,inside_secure_wall
58,30,300,610.033749613228,470.982518643305,20,inside_secure_wall
58,31,310,602.890508426069,477.980668780454,20,inside_secure_wall
58,32,320,595.747267238911,484.978818917604,20,inside_secure_wall
58,33,330,588.604026051753,491.976969054753,20,inside_secure_wall
58,34,340,581.460784864594,498.975119191903,20,inside_secure_wall
58,35,350,574.317543677436,505.973269329052,20,inside_secure_wall
58,36,360,567.174302490278,512.971419466202,20,inside_secure_wall
58,37,370,560.031061303119,519.969569603351,20,inside_secure_wall
58,38,370.043483486425,560,520,20,inside_secure_wall
59,0,0,567.193984985352,182.74821460247,20,early_warning
59,1,10,571.733571228195,191.658442250729,20,early_warning
59,2,20,576.273157471038,200.568669898987,20,early_warning
59,3,30,580.812743713881,209.478897547246,20,early_warning
59,4,40,585.352329956725,218.389125195504,20,early_warning
59,5,50,589.891916199568,227.299352843762,20,early_warning
59,6,60,594.431502442411,236.209580492021,20,early_warning
59,7,70,598.971088685254,245.119808140279,20,early_warning
59,8,80,603.510674928098,254.030035788537,20,early_warning
59,9,90,608.050261170941,262.940263436796,20,early_warning
59,10,100,612.589847413784,271.850491085054,20,early_warning
59,11,110,609.210638139544,279.58790468273,20,early_warning
59,12,120,602.283280296328,286.799819359988,20,early_warning
59,13,130,595.355922453113,294.011734037245,20,early_warning
59,14,140,588.428564609897,301.223648714502,20,approach_clear_zone
59,15,150,581.501206766681,308.435563391759,20,approach_clear_zone
59,16,160,574.573848923466,315.647478069016,20,approach_clear_zone
59,17,170,567.64649108025,322.859392746274,20,approach_clear_zone
59,18,180,560.719133237034,330.071307423531,20,approach_clear_zone
59,19,190,553.791775393819,337.283222100788,20,approach_clear_zone
59,20,200,546.864417550603,344.495136778045,20,approach_clear_zone
59,21,210,548.763901458948,354.07909179462,20,inside_secure_wall
59,22,220,551.143059113482,363.791949708482,20,inside_secure_wall
59,23,230,553.522216768016,373.504807622345,20,inside_secure_wall
59,24,240,555.901374422549,383.217665536207,20,inside_secure_wall
59,25,250,558.280532077083,392.930523450069,20,inside_secure_wall
59,26,260,560.659689731617,402.643381363931,20,inside_secure_wall
59,27,270,563.03884738615,412.356239277793,20,inside_secure_wall
59,28,280,565.418005040684,422.069097191655,20,inside_secure_wall
59,29,290,567.797162695218,431.781955105517,20,inside_secure_wall
59,30,300,570.176320349752,441.494813019379,20,inside_secure_wall
59,31,310,569.092150479581,451.39566635284,20,inside_secure_wall
59,32,320,567.778335710104,461.308985209383,20,inside_secure_wall
59,33,330,566.464520940627,471.222304065927,20,inside_secure_wall
59,34,340,565.15070617115,481.135622922471,20,inside_secure_wall
59,35,350,563.836891401673,491.048941779014,20,inside_secure_wall
59,36,360,562.523076632196,500.962260635558,20,inside_secure_wall
59,37,370,561.209261862719,510.875579492102,20,inside_secure_wall
59,38,379.204203597139,560,520,20,inside_secure_wall
60,0,0,709.8528444767,837.066534757614,20,early_warning
60,1,10,706.20665498158,827.754966567149,20,early_warning
60,2,20,702.56046548646,818.443398376685,20,early_warning
60,3,30,698.91427599134,809.13183018622,20,early_warning
60,4,40,695.26808649622,799.820261995755,20,early_warning
60,5,50,691.6218970011,790.50869380529,20,early_warning
60,6,60,687.975707505979,781.197125614825,20,early_warning
60,7,70,684.329518010859,771.885557424361,20,early_warning
60,8,80,678.176344206589,764.787804259813,20,early_warning
60,9,90,669.387451000932,760.017546801398,20,early_warning
60,10,100,660.598557795275,755.247289342983,20,early_warning
60,11,110,651.809664589619,750.477031884568,20,early_warning
60,12,120,643.020771383962,745.706774426153,20,early_warning
60,13,130,634.231878178305,740.936516967738,20,early_warning
60,14,140,625.442984972649,736.166259509324,20,early_warning
60,15,150,616.654091766992,731.396002050909,20,early_warning
60,16,160,607.865198561336,726.625744592494,20,early_warning
60,17,170,599.076305355679,721.855487134079,20,early_warning
60,18,180,590.287412150022,717.085229675664,20,early_warning
60,19,190,581.498518944366,712.314972217249,20,early_warning
60,20,200,572.709625738709,707.544714758834,20,early_warning
60,21,210,563.920732533053,702.774457300419,20,early_warning
60,22,220,564.130754630501,695.329951382267,20,approach_clear_zone
60,23,230,568.888141176132,686.534084554293,20,approach_clear_zone
60,24,240,573.645527721763,677.738217726319,20,approach_clear_zone
60,25,250,578.402914267393,668.942350898345,20,approach_clear_zone
60,26,260,583.160300813024,660.146484070371,20,approach_clear_zone
60,27,270,587.917687358654,651.350617242397,20,perimeter_crossing
60,28,280,592.675073904285,642.554750414423,20,inside_secure_wall
60,29,290,597.432460449915,633.758883586449,20,inside_secure_wall
60,30,300,602.189846995546,624.963016758475,20,inside_secure_wall
60,31,310,606.947233541177,616.167149930501,20,inside_secure_wall
60,32,320,611.704620086807,607.371283102527,20,inside_secure_wall
60,33,330,616.462006632438,598.575416274553,20,inside_secure_wall
60,34,340,621.219393178068,589.779549446579,20,inside_secure_wall
60,35,350,625.976779723699,580.983682618605,20,inside_secure_wall
60,36,360,630.734166269329,572.187815790631,20,inside_secure_wall
60,37,370,635.49155281496,563.391948962657,20,inside_secure_wall
60,38,380,630.334784033324,557.577850986868,20,inside_secure_wall
60,39,390,621.514691820858,552.865529545838,20,inside_secure_wall
60,40,400,612.694599608392,548.153208104807,20,inside_secure_wall
60,41,410,603.874507395926,543.440886663777,20,inside_secure_wall
60,42,420,595.05441518346,538.728565222746,20,inside_secure_wall
60,43,430,586.234322970994,534.016243781716,20,inside_secure_wall
60,44,440,577.414230758528,529.303922340685,20,inside_secure_wall
60,45,450,568.594138546062,524.591600899655,20,inside_secure_wall
60,46,459.743819383107,560,520,20,inside_secure_wall
61,0,0,352.511703968048,856.881284117699,20,early_warning
61,1,10,353.694200326617,846.951445127968,20,early_warning
61,2,20,354.876696685186,837.021606138238,20,early_warning
61,3,30,356.059193043754,827.091767148507,20,early_warning
61,4,40,357.241689402323,817.161928158777,20,early_warning
61,5,50,358.424185760892,807.232089169046,20,early_warning
61,6,60,359.606682119461,797.302250179316,20,early_warning
61,7,70,360.789178478029,787.372411189585,20,early_warning
61,8,80,361.971674836598,777.442572199855,20,early_warning
61,9,90,363.154171195167,767.512733210124,20,early_warning
61,10,100,364.336667553736,757.582894220394,20,early_warning
61,11,110,365.519163912304,747.653055230663,20,early_warning
61,12,120,366.701660270873,737.723216240933,20,early_warning
61,13,130,368.791802566897,728.488632415721,20,early_warning
61,14,140,378.071011513214,724.76086078503,20,early_warning
61,15,150,387.350220459532,721.03308915434,20,early_warning
61,16,160,396.629429405849,717.30531752365,20,early_warning
61,17,170,405.908638352167,713.57754589296,20,early_warning
61,18,180,415.187847298485,709.849774262269,20,early_warning
61,19,190,424.467056244802,706.122002631579,20,early_warning
61,20,200,433.74626519112,702.394231000889,20,early_warning
61,21,210,440.625253302347,695.525267064631,20,approach_clear_zone
61,22,220,446.660016637827,687.551457969553,20,approach_clear_zone
61,23,230,452.694779973307,679.577648874475,20,approach_clear_zone
61,24,240,458.729543308786,671.603839779396,20,approach_clear_zone
61,25,250,464.764306644266,663.630030684318,20,approach_clear_zone
61,26,260,470.799069979746,655.65622158924,20,approach_clear_zone
61,27,270,476.833833315226,647.682412494162,20,inside_secure_wall
61,28,280,482.868596650705,639.708603399084,20,inside_secure_wall
61,29,290,488.903359986185,631.734794304006,20,inside_secure_wall
61,30,300,494.938123321665,623.760985208928,20,inside_secure_wall
61,31,310,500.44749962792,615.425503645465,20,inside_secure_wall
61,32,320,505.741833962622,606.941988810658,20,inside_secure_wall
61,33,330,511.036168297324,598.45847397585,20,inside_secure_wall
61,34,340,516.330502632026,589.974959141043,20,inside_secure_wall
61,35,350,521.624836966727,581.491444306236,20,inside_secure_wall
61,36,360,526.91917130143,573.007929471428,20,inside_secure_wall
61,37,370,532.213505636131,564.524414636621,20,inside_secure_wall
61,38,380,537.507839970833,556.040899801814,20,inside_secure_wall
61,39,390,542.802174305535,547.557384967006,20,inside_secure_wall
61,40,400,548.096508640237,539.073870132199,20,inside_secure_wall
61,41,410,553.390842974939,530.590355297392,20,inside_secure_wall
61,42,420,558.685177309641,522.106840462584,20,inside_secure_wall
61,43,422.483452323252,560,520,20,inside_secure_wall
62,0,0,73.3039665222168,123.303966522217,20,early_warning
62,1,10,81.0991375864485,129.567775912625,20,early_warning
62,2,20,88.8943086506802,135.831585303033,20,early_warning
62,3,30,96.6894797149119,142.095394693441,20,early_warning
62,4,40,104.484650779144,148.359204083849,20,early_warning
62,5,50,112.279821843375,154.623013474257,20,early_warning
62,6,60,120.074992907607,160.886822864666,20,early_warning
62,7,70,127.870163971839,167.150632255074,20,early_warning
62,8,80,135.66533503607,173.414441645482,20,early_warning
62,9,90,143.460506100302,179.67825103589,20,early_warning
62,10,100,151.255677164534,185.942060426298,20,early_warning
62,11,110,159.050848228765,192.205869816706,20,early_warning
62,12,120,166.846019292997,198.469679207114,20,early_warning
62,13,130,174.641190357229,204.733488597522,20,early_warning
62,14,140,182.436361421461,210.99729798793,20,early_warning
62,15,150,190.231532485692,217.261107378339,20,early_warning
62,16,160,198.043413338401,223.50393898139,20,early_warning
62,17,170,205.891793049447,229.700949221114,20,early_warning
62,18,180,213.740172760492,235.897959460839,20,early_warning
62,19,190,221.588552471538,242.094969700563,20,early_warning
62,20,200,229.436932182583,248.291979940288,20,early_warning
62,21,210,237.285311893629,254.488990180012,20,early_warning
62,22,220,245.133691604674,260.686000419737,20,early_warning
62,23,230,252.98207131572,266.883010659461,20,early_warning
62,24,240,260.830451026765,273.080020899185,20,early_warning
62,25,250,268.678830737811,279.27703113891,20,early_warning
62,26,260,276.527210448856,285.474041378634,20,early_warning
62,27,270,284.375590159902,291.671051618359,20,early_warning
62,28,280,292.223969870947,297.868061858083,20,early_warning
62,29,290,300.072349581993,304.065072097807,20,perimeter_crossing
62,30,300,307.920729293038,310.262082337532,20,approach_clear_zone
62,31,310,315.769109004084,316.459092577256,20,approach_clear_zone
62,32,320,323.61748871513,322.656102816981,20,approach_clear_zone
62,33,330,331.465868426175,328.853113056705,20,approach_clear_zone
62,34,340,339.500503851511,334.805307211191,20,approach_clear_zone
62,35,350,347.566668687268,340.716058842109,20,approach_clear_zone
62,36,360,355.632833523025,346.626810473026,20,perimeter_crossing
62,37,370,363.698998358782,352.537562103944,20,inside_secure_wall
62,38,380,371.76516319454,358.448313734861,20,inside_secure_wall
62,39,390,379.831328030297,364.359065365778,20,inside_secure_wall
62,40,400,387.897492866054,370.269816996696,20,inside_secure_wall
62,41,410,395.963657701811,376.180568627613,20,inside_secure_wall
62,42,420,404.029822537569,382.091320258531,20,inside_secure_wall
62,43,430,412.095987373326,388.002071889448,20,inside_secure_wall
62,44,440,420.162152209083,393.912823520365,20,inside_secure_wall
62,45,450,428.064016424092,400.024615298047,20,inside_secure_wall
62,46,460,435.462479787252,406.752374201574,20,inside_secure_wall
62,47,470,442.860943150411,413.480133105101,20,inside_secure_wall
62,48,480,450.259406513571,420.207892008628,20,inside_secure_wall
62,49,490,457.657869876731,426.935650912154,20,inside_secure_wall
62,50,500,465.05633323989,433.663409815681,20,inside_secure_wall
62,51,510,472.45479660305,440.391168719208,20,inside_secure_wall
62,52,520,479.85325996621,447.118927622735,20,inside_secure_wall
62,53,530,487.251723329369,453.846686526262,20,inside_secure_wall
62,54,540,494.650186692529,460.574445429789,20,inside_secure_wall
62,55,550,502.048650055689,467.302204333315,20,inside_secure_wall
62,56,560,509.447113418848,474.029963236842,20,inside_secure_wall
62,57,570,516.845576782008,480.757722140369,20,inside_secure_wall
62,58,580,524.244040145168,487.485481043896,20,inside_secure_wall
62,59,590,531.642503508327,494.213239947423,20,inside_secure_wall
62,60,600,539.040966871487,500.940998850949,20,inside_secure_wall
62,61,610,546.439430234646,507.668757754476,20,inside_secure_wall
62,62,620,553.837893597806,514.396516658003,20,inside_secure_wall
62,63,628.328900340141,560,520,20,inside_secure_wall
63,0,0,143.489217162132,806.510782837868,20,early_warning
63,1,10,152.708924189505,802.638186508605,20,early_warning
63,2,20,161.928631216877,798.765590179342,20,early_warning
63,3,30,171.14833824425,794.892993850079,20,early_warning
63,4,40,180.368045271622,791.020397520817,20,early_warning
63,5,50,189.587752298994,787.147801191554,20,early_warning
63,6,60,198.807459326367,783.275204862291,20,early_warning
63,7,70,208.027166353739,779.402608533028,20,early_warning
63,8,80,217.246873381112,775.530012203765,20,early_warning
63,9,90,226.466580408484,771.657415874503,20,early_warning
63,10,100,235.686287435856,767.78481954524,20,early_warning
63,11,110,244.905994463229,763.912223215977,20,early_warning
63,12,120,254.125701490601,760.039626886714,20,early_warning
63,13,130,263.345408517974,756.167030557451,20,early_warning
63,14,140,272.565115545346,752.294434228189,20,early_warning
63,15,150,281.784822572719,748.421837898926,20,early_warning
63,16,160,285.834413192615,740.512610799455,20,early_warning
63,17,170,287.355099963498,730.628911504917,20,early_warning
63,18,180,288.875786734381,720.745212210378,20,early_warning
63,19,190,290.396473505263,710.86151291584,20,early_warning
63,20,200,291.917160276146,700.977813621301,20,early_warning
63,21,210,293.437847047029,691.094114326762,20,approach_clear_zone
63,22,220,294.958533817912,681.210415032224,20,approach_clear_zone
63,23,230,296.479220588795,671.326715737685,20,perimeter_crossing
63,24,240,297.999907359677,661.443016443147,20,perimeter_crossing
63,25,250,299.52059413056,651.559317148608,20,perimeter_crossing
63,26,260,301.041280901443,641.67561785407,20,inside_secure_wall
63,27,270,302.561967672326,631.791918559531,20,inside_secure_wall
63,28,280,304.082654443208,621.908219264992,20,inside_secure_wall
63,29,290,309.116454611626,616.067354500641,20,inside_secure_wall
63,30,300,319.115651093895,615.940588144781,20,inside_secure_wall
63,31,310,329.114847576164,615.813821788922,20,inside_secure_wall
63,32,320,339.114044058434,615.687055433062,20,inside_secure_wall
63,33,330,349.113240540703,615.560289077202,20,inside_secure_wall
63,34,340,359.112437022972,615.433522721342,20,inside_secure_wall
63,35,350,369.111633505241,615.306756365482,20,inside_secure_wall
63,36,360,379.11082998751,615.179990009622,20,inside_secure_wall
63,37,370,389.110026469779,615.053223653762,20,inside_secure_wall
63,38,380,399.109222952048,614.926457297902,20,inside_secure_wall
63,39,390,409.108419434317,614.799690942042,20,inside_secure_wall
63,40,400,419.107615916586,614.672924586182,20,inside_secure_wall
63,41,410,429.106812398855,614.546158230322,20,inside_secure_wall
63,42,420,439.106008881124,614.419391874462,20,inside_secure_wall
63,43,430,449.105205363393,614.292625518603,20,inside_secure_wall
63,44,440,459.104401845662,614.165859162743,20,inside_secure_wall
63,45,450,469.103598327931,614.039092806883,20,inside_secure_wall
63,46,460,477.791655350317,611.010867893193,20,inside_secure_wall
63,47,470,484.494741554358,603.590043455087,20,inside_secure_wall
63,48,480,491.197827758399,596.169219016981,20,inside_secure_wall
63,49,490,497.900913962439,588.748394578874,20,inside_secure_wall
63,50,500,504.60400016648,581.327570140768,20,inside_secure_wall
63,51,510,511.307086370521,573.906745702661,20,inside_secure_wall
63,52,520,518.010172574562,566.485921264555,20,inside_secure_wall
63,53,530,524.713258778603,559.065096826448,20,inside_secure_wall
63,54,540,531.416344982643,551.644272388342,20,inside_secure_wall
63,55,550,538.119431186684,544.223447950235,20,inside_secure_wall
63,56,560,544.822517390725,536.802623512129,20,inside_secure_wall
63,57,570,551.525603594766,529.381799074023,20,inside_secure_wall
63,58,580,558.228689798807,521.960974635916,20,inside_secure_wall
63,59,582.642529347341,560,520,20,inside_secure_wall
64,0,0,876.325532197952,173.674467802048,20,early_warning
64,1,10,873.069029424663,183.129370746423,20,early_warning
64,2,20,869.812526651373,192.584273690798,20,early_warning
64,3,30,866.556023878083,202.039176635174,20,early_warning
64,4,40,863.299521104793,211.494079579549,20,early_warning
64,5,50,860.043018331504,220.948982523924,20,early_warning
64,6,60,856.786515558214,230.403885468299,20,early_warning
64,7,70,853.530012784924,239.858788412675,20,early_warning
64,8,80,850.273510011635,249.31369135705,20,early_warning
64,9,90,847.017007238345,258.768594301425,20,early_warning
64,10,100,843.760504465055,268.223497245801,20,early_warning
64,11,110,840.504001691766,277.678400190176,20,early_warning
64,12,120,837.247498918476,287.133303134551,20,early_warning
64,13,130,830.819041812517,293.176167112872,20,early_warning
64,14,140,821.152068937366,295.735392665868,20,early_warning
64,15,150,811.485096062216,298.294618218864,20,early_warning
64,16,160,801.818123187066,300.853843771859,20,early_warning
64,17,170,792.151150311915,303.413069324855,20,early_warning
64,18,180,782.484177436765,305.972294877851,20,early_warning
64,19,190,772.817204561615,308.531520430847,20,early_warning
64,20,200,763.150231686464,311.090745983843,20,early_warning
64,21,210,753.483258811314,313.649971536839,20,early_warning
64,22,220,743.816285936163,316.209197089835,20,approach_clear_zone
64,23,230,734.149313061013,318.76842264283,20,approach_clear_zone
64,24,240,724.482340185863,321.327648195826,20,approach_clear_zone
64,25,250,714.815367310712,323.886873748822,20,approach_clear_zone
64,26,260,705.148394435562,326.446099301818,20,approach_clear_zone
64,27,270,695.481421560412,329.005324854814,20,perimeter_crossing
64,28,280,687.688606355078,333.033862746748,20,approach_clear_zone
64,29,290,687.510571739602,343.032277804931,20,approach_clear_zone
64,30,300,687.332537124125,353.030692863114,20,inside_secure_wall
64,31,310,687.154502508649,363.029107921296,20,inside_secure_wall
64,32,320,686.976467893172,373.027522979479,20,inside_secure_wall
64,33,330,686.798433277695,383.025938037661,20,inside_secure_wall
64,34,340,686.620398662219,393.024353095844,20,inside_secure_wall
64,35,350,686.442364046742,403.022768154026,20,inside_secure_wall
64,36,360,686.264329431266,413.021183212209,20,inside_secure_wall
64,37,370,686.086294815789,423.019598270392,20,inside_secure_wall
64,38,380,685.908260200313,433.018013328574,20,inside_secure_wall
64,39,390,685.730225584836,443.016428386757,20,inside_secure_wall
64,40,400,681.955008224461,450.875785295348,20,inside_secure_wall
64,41,410,673.25528750661,455.806795276213,20,inside_secure_wall
64,42,420,664.555566788758,460.737805257078,20,inside_secure_wall
64,43,430,655.855846070907,465.668815237943,20,inside_secure_wall
64,44,440,647.156125353055,470.599825218807,20,inside_secure_wall
64,45,450,638.456404635204,475.530835199672,20,inside_secure_wall
64,46,460,629.756683917353,480.461845180537,20,inside_secure_wall
64,47,470,621.056963199501,485.392855161402,20,inside_secure_wall
64,48,480,612.35724248165,490.323865142267,20,inside_secure_wall
64,49,490,603.657521763799,495.254875123131,20,inside_secure_wall
64,50,500,594.957801045947,500.185885103996,20,inside_secure_wall
64,51,510,586.258080328096,505.116895084861,20,inside_secure_wall
64,52,520,577.558359610245,510.047905065726,20,inside_secure_wall
64,53,530,568.858638892393,514.97891504659,20,inside_secure_wall
64,54,540,560.158918174542,519.909925027455,20,inside_secure_wall
64,55,540.182670432415,560,520,20,inside_secure_wall
65,0,0,896.140281558037,846.140281558037,20,early_warning
65,1,10,888.15113411468,840.125838680404,20,early_warning
65,2,20,880.161986671323,834.111395802772,20,early_warning
65,3,30,872.172839227966,828.096952925139,20,early_warning
65,4,40,864.18369178461,822.082510047506,20,early_warning
65,5,50,856.194544341253,816.068067169874,20,early_warning
65,6,60,848.205396897896,810.053624292241,20,early_warning
65,7,70,840.216249454539,804.039181414608,20,early_warning
65,8,80,832.227102011183,798.024738536976,20,early_warning
65,9,90,824.237954567826,792.010295659343,20,early_warning
65,10,100,816.248807124469,785.995852781711,20,early_warning
65,11,110,808.259659681112,779.981409904078,20,early_warning
65,12,120,800.270512237755,773.966967026445,20,early_warning
65,13,130,792.281364794399,767.952524148813,20,early_warning
65,14,140,784.286035364879,761.946469995291,20,early_warning
65,15,150,776.175659039861,756.096530177942,20,early_warning
65,16,160,768.065282714844,750.246590360594,20,early_warning
65,17,170,759.954906389827,744.396650543246,20,early_warning
65,18,180,751.844530064809,738.546710725897,20,early_warning
65,19,190,743.734153739792,732.696770908549,20,early_warning
65,20,200,735.623777414775,726.8468310912,20,early_warning
65,21,210,727.513401089757,720.996891273852,20,early_warning
65,22,220,720.320224292475,714.212150653099,20,early_warning
65,23,230,714.317194243584,706.214424086623,20,early_warning
65,24,240,708.314164194694,698.216697520147,20,approach_clear_zone
65,25,250,702.311134145803,690.21897095367,20,perimeter_crossing
65,26,260,696.308104096913,682.221244387194,20,perimeter_crossing
65,27,270,690.305074048022,674.223517820718,20,approach_clear_zone
65,28,280,684.302043999132,666.225791254242,20,approach_clear_zone
65,29,290,678.299013950241,658.228064687766,20,approach_clear_zone
65,30,300,672.295983901351,650.23033812129,20,perimeter_crossing
65,31,310,666.29295385246,642.232611554814,20,inside_secure_wall
65,32,320,660.28992380357,634.234884988338,20,inside_secure_wall
65,33,330,654.286893754679,626.237158421862,20,inside_secure_wall
65,34,340,648.283863705789,618.239431855385,20,inside_secure_wall
65,35,350,642.280833656898,610.241705288909,20,inside_secure_wall
65,36,360,636.277803608008,602.243978722433,20,inside_secure_wall
65,37,370,629.600976500342,594.809892079303,20,inside_secure_wall
65,38,380,622.78939254022,587.488531279957,20,inside_secure_wall
65,39,390,615.977808580098,580.16717048061,20,inside_secure_wall
65,40,400,609.166224619976,572.845809681264,20,inside_secure_wall
65,41,410,602.354640659854,565.524448881917,20,inside_secure_wall
65,42,420,595.543056699732,558.203088082571,20,inside_secure_wall
65,43,430,588.73147273961,550.881727283224,20,inside_secure_wall
65,44,440,581.919888779488,543.560366483878,20,inside_secure_wall
65,45,450,575.108304819366,536.239005684531,20,inside_secure_wall
65,46,460,568.296720859244,528.917644885185,20,inside_secure_wall
65,47,470,561.485136899122,521.596284085838,20,inside_secure_wall
65,48,472.180310641132,560,520,20,inside_secure_wall
66,0,0,915.955030918121,865.955030918121,20,early_warning
66,1,10,909.703039486643,858.150378258283,20,early_warning
66,2,20,903.451048055165,850.345725598444,20,early_warning
66,3,30,897.199056623687,842.541072938606,20,early_warning
66,4,40,890.947065192209,834.736420278767,20,early_warning
66,5,50,884.695073760731,826.931767618929,20,early_warning
66,6,60,878.443082329252,819.12711495909,20,early_warning
66,7,70,872.191090897774,811.322462299252,20,early_warning
66,8,80,865.939099466296,803.517809639414,20,early_warning
66,9,90,859.687108034818,795.713156979575,20,early_warning
66,10,100,853.43511660334,787.908504319737,20,early_warning
66,11,110,847.183125171862,780.103851659898,20,early_warning
66,12,120,840.931133740384,772.29919900006,20,early_warning
66,13,130,837.036157598125,763.094821262772,20,early_warning
66,14,140,833.175241318977,753.870216908904,20,early_warning
66,15,150,829.314325039829,744.645612555035,20,early_warning
66,16,160,825.453408760681,735.421008201167,20,early_warning
66,17,170,821.592492481532,726.196403847298,20,early_warning
66,18,180,817.731576202384,716.97179949343,20,early_warning
66,19,190,813.870659923236,707.747195139561,20,early_warning
66,20,200,810.009743644088,698.522590785693,20,early_warning
66,21,210,806.14882736494,689.297986431824,20,early_warning
66,22,220,802.287911085791,680.073382077956,20,early_warning
66,23,230,798.426994806643,670.848777724088,20,early_warning
66,24,240,794.566078527495,661.624173370219,20,early_warning
66,25,250,790.705162248347,652.399569016351,20,early_warning
66,26,260,786.844245969199,643.174964662482,20,early_warning
66,27,270,778.149683912642,638.566339809924,20,early_warning
66,28,280,769.112636515033,634.284777672879,20,early_warning
66,29,290,760.075589117424,630.003215535835,20,early_warning
66,30,300,751.038541719815,625.72165339879,20,early_warning
66,31,310,742.001494322206,621.440091261746,20,approach_clear_zone
66,32,320,732.964446924598,617.158529124702,20,approach_clear_zone
66,33,330,723.927399526989,612.876966987657,20,approach_clear_zone
66,34,340,714.89035212938,608.595404850613,20,approach_clear_zone
66,35,350,705.853304731771,604.313842713568,20,approach_clear_zone
66,36,360,696.816257334162,600.032280576524,20,inside_secure_wall
66,37,370,687.779209936554,595.75071843948,20,inside_secure_wall
66,38,380,679.009889410769,590.967314668204,20,inside_secure_wall
66,39,390,670.421026375055,585.845651681073,20,inside_secure_wall
66,40,400,661.83216333934,580.723988693943,20,inside_secure_wall
66,41,410,653.243300303626,575.602325706812,20,inside_secure_wall
66,42,420,644.654437267912,570.480662719682,20,inside_secure_wall
66,43,430,636.065574232198,565.358999732551,20,inside_secure_wall
66,44,440,627.476711196484,560.237336745421,20,inside_secure_wall
66,45,450,618.88784816077,555.11567375829,20,inside_secure_wall
66,46,460,610.298985125055,549.99401077116,20,inside_secure_wall
66,47,470,601.710122089341,544.872347784029,20,inside_secure_wall
66,48,480,593.121259053627,539.750684796899,20,inside_secure_wall
66,49,490,584.532396017913,534.629021809768,20,inside_secure_wall
66,50,500,575.943532982199,529.507358822637,20,inside_secure_wall
66,51,510,567.354669946485,524.385695835507,20,inside_secure_wall
66,52,518.563030887677,560,520,20,inside_secure_wall
67,0,0,154.230219721794,666.77188873291,20,early_warning
67,1,10,164.227648558535,666.998641140419,20,early_warning
67,2,20,174.225077395275,667.225393547928,20,early_warning
67,3,30,184.222506232015,667.452145955436,20,early_warning
67,4,40,194.219935068756,667.678898362945,20,early_warning
67,5,50,204.217363905496,667.905650770454,20,early_warning
67,6,60,214.214792742237,668.132403177962,20,early_warning
67,7,70,224.212221578977,668.359155585471,20,early_warning
67,8,80,234.209650415718,668.58590799298,20,early_warning
67,9,90,244.207079252458,668.812660400488,20,early_warning
67,10,100,254.204508089198,669.039412807997,20,approach_clear_zone
67,11,110,264.201936925939,669.266165215506,20,approach_clear_zone
67,12,120,274.195558509213,669.349293527962,20,approach_clear_zone
67,13,130,284.166933585304,668.593198896371,20,approach_clear_zone
67,14,140,294.138308661394,667.83710426478,20,approach_clear_zone
67,15,150,304.109683737485,667.081009633188,20,perimeter_crossing
67,16,160,314.081058813575,666.324915001597,20,approach_clear_zone
67,17,170,324.052433889666,665.568820370005,20,approach_clear_zone
67,18,180,334.023808965756,664.812725738414,20,approach_clear_zone
67,19,190,343.995184041847,664.056631106823,20,approach_clear_zone
67,20,200,353.966559117937,663.300536475231,20,approach_clear_zone
67,21,210,363.742580329664,662.056916239896,20,approach_clear_zone
67,22,220,371.476980463519,655.718221218883,20,approach_clear_zone
67,23,230,379.211380597375,649.37952619787,20,inside_secure_wall
67,24,240,386.94578073123,643.040831176856,20,inside_secure_wall
67,25,250,394.680180865086,636.702136155843,20,inside_secure_wall
67,26,260,402.414580998941,630.36344113483,20,inside_secure_wall
67,27,270,410.148981132797,624.024746113817,20,inside_secure_wall
67,28,280,417.883381266652,617.686051092804,20,inside_secure_wall
67,29,290,425.617781400508,611.347356071791,20,inside_secure_wall
67,30,300,433.352181534363,605.008661050778,20,inside_secure_wall
67,31,310,441.086581668218,598.669966029765,20,inside_secure_wall
67,32,320,448.820981802074,592.331271008752,20,inside_secure_wall
67,33,330,456.555381935929,585.992575987738,20,inside_secure_wall
67,34,340,464.289782069785,579.653880966725,20,inside_secure_wall
67,35,350,472.696539310358,574.254412389186,20,inside_secure_wall
67,36,360,481.19006016741,568.976145301323,20,inside_secure_wall
67,37,370,489.683581024463,563.69787821346,20,inside_secure_wall
67,38,380,498.177101881515,558.419611125597,20,inside_secure_wall
67,39,390,506.670622738567,553.141344037734,20,inside_secure_wall
67,40,400,515.16414359562,547.863076949872,20,inside_secure_wall
67,41,410,523.657664452672,542.584809862009,20,inside_secure_wall
67,42,420,532.151185309724,537.306542774146,20,inside_secure_wall
67,43,430,540.644706166777,532.028275686283,20,inside_secure_wall
67,44,440,549.138227023829,526.75000859842,20,inside_secure_wall
67,45,450,557.631747880881,521.471741510557,20,inside_secure_wall
67,46,452.788304354551,560,520,20,inside_secure_wall
68,0,0,865.58452963829,380.898976325989,20,early_warning
68,1,10,857.72362186117,387.080086980201,20,early_warning
68,2,20,849.86271408405,393.261197634413,20,early_warning
68,3,30,842.001806306931,399.442308288625,20,early_warning
68,4,40,834.140898529811,405.623418942837,20,early_warning
68,5,50,826.279990752691,411.80452959705,20,early_warning
68,6,60,818.419082975571,417.985640251262,20,early_warning
68,7,70,810.506737609492,424.09119871589,20,early_warning
68,8,80,801.874320070071,429.139105948109,20,early_warning
68,9,90,793.241902530649,434.187013180328,20,early_warning
68,10,100,784.609484991227,439.234920412547,20,early_warning
68,11,110,775.977067451806,444.282827644765,20,early_warning
68,12,120,767.344649912384,449.330734876984,20,early_warning
68,13,130,758.712232372963,454.378642109203,20,early_warning
68,14,140,750.079814833541,459.426549341422,20,early_warning
68,15,150,741.44739729412,464.474456573641,20,approach_clear_zone
68,16,160,732.814979754698,469.522363805859,20,approach_clear_zone
68,17,170,724.172157622414,474.550897679872,20,approach_clear_zone
68,18,180,715.196430997643,478.959563187413,20,approach_clear_zone
68,19,190,706.220704372872,483.368228694954,20,approach_clear_zone
68,20,200,697.244977748102,487.776894202495,20,inside_secure_wall
68,21,210,688.269251123331,492.185559710036,20,inside_secure_wall
68,22,220,679.29352449856,496.594225217577,20,inside_secure_wall
68,23,230,670.317797873789,501.002890725118,20,inside_secure_wall
68,24,240,661.342071249019,505.411556232659,20,inside_secure_wall
68,25,250,652.366344624248,509.820221740199,20,inside_secure_wall
68,26,260,643.390617999477,514.22888724774,20,inside_secure_wall
68,27,270,633.864148896239,516.498244695669,20,inside_secure_wall
68,28,280,623.875367605327,516.971793343991,20,inside_secure_wall
68,29,290,613.886586314416,517.445341992313,20,inside_secure_wall
68,30,300,603.897805023504,517.918890640635,20,inside_secure_wall
68,31,310,593.909023732592,518.392439288956,20,inside_secure_wall
68,32,320,583.92024244168,518.865987937278,20,inside_secure_wall
68,33,330,573.931461150768,519.3395365856,20,inside_secure_wall
68,34,340,563.942679859856,519.813085233921,20,inside_secure_wall
68,35,343.947108005501,560,520,20,inside_secure_wall
69,0,0,493.782579898834,164.600721001625,20,early_warning
69,1,10,492.192352848417,174.473470260475,20,early_warning
69,2,20,490.602125798,184.346219519325,20,early_warning
69,3,30,489.011898747583,194.218968778175,20,early_warning
69,4,40,487.421671697165,204.091718037025,20,early_warning
69,5,50,485.831444646748,213.964467295875,20,early_warning
69,6,60,484.241217596331,223.837216554724,20,early_warning
69,7,70,482.650990545914,233.709965813574,20,early_warning
69,8,80,481.060763495496,243.582715072424,20,early_warning
69,9,90,479.470536445079,253.455464331274,20,early_warning
69,10,100,477.880309394662,263.328213590124,20,early_warning
69,11,110,476.290082344245,273.200962848974,20,early_warning
69,12,120,477.551586326928,283.07173871891,20,early_warning
69,13,130,479.155475670742,292.942277659251,20,early_warning
69,14,140,480.759365014555,302.812816599593,20,approach_clear_zone
69,15,150,482.363254358369,312.683355539935,20,approach_clear_zone
69,16,160,483.967143702182,322.553894480276,20,approach_clear_zone
69,17,170,485.571033045996,332.424433420618,20,approach_clear_zone
69,18,180,487.174922389809,342.29497236096,20,approach_clear_zone
69,19,190,488.778811733623,352.165511301301,20,inside_secure_wall
69,20,200,490.382701077436,362.036050241643,20,inside_secure_wall
69,21,210,492.652878065061,371.759759961211,20,inside_secure_wall
69,22,220,495.346397441995,381.390178091597,20,inside_secure_wall
69,23,230,498.03991681893,391.020596221984,20,inside_secure_wall
69,24,240,500.733436195865,400.651014352371,20,inside_secure_wall
69,25,250,503.426955572799,410.281432482757,20,inside_secure_wall
69,26,260,506.120474949734,419.911850613144,20,inside_secure_wall
69,27,270,508.813994326668,429.54226874353,20,inside_secure_wall
69,28,280,511.507513703603,439.172686873917,20,inside_secure_wall
69,29,290,514.201033080538,448.803105004303,20,inside_secure_wall
69,30,300,516.953343085932,458.405748981107,20,inside_secure_wall
69,31,310,522.681773889198,466.602399549004,20,inside_secure_wall
69,32,320,528.410204692464,474.7990501169,20,inside_secure_wall
69,33,330,534.13863549573,482.995700684796,20,inside_secure_wall
69,34,340,539.867066298996,491.192351252692,20,inside_secure_wall
69,35,350,545.595497102262,499.389001820588,20,inside_secure_wall
69,36,360,551.323927905528,507.585652388484,20,inside_secure_wall
69,37,370,557.052358708794,515.78230295638,20,inside_secure_wall
69,38,375.145634803732,560,520,20,inside_secure_wall
70,0,0,636.441439390182,855.214028358459,20,early_warning
70,1,10,631.757018886306,846.379086109477,20,early_warning
70,2,20,627.072598382429,837.544143860494,20,early_warning
70,3,30,622.388177878552,828.709201611512,20,early_warning
70,4,40,617.703757374675,819.874259362529,20,early_warning
70,5,50,613.019336870798,811.039317113547,20,early_warning
70,6,60,608.334916366921,802.204374864564,20,early_warning
70,7,70,603.650495863044,793.369432615582,20,early_warning
70,8,80,598.966075359167,784.534490366599,20,early_warning
70,9,90,593.522826544377,776.175102731714,20,early_warning
70,10,100,587.614348313577,768.107272478408,20,early_warning
70,11,110,581.705870082777,760.039442225102,20,early_warning
70,12,120,575.797391851977,751.971611971795,20,early_warning
70,13,130,569.888913621177,743.903781718489,20,early_warning
70,14,140,563.980435390377,735.835951465183,20,early_warning
70,15,150,558.071957159577,727.768121211877,20,early_warning
70,16,160,552.163478928777,719.70029095857,20,early_warning
70,17,170,549.648287710962,710.782782491929,20,early_warning
70,18,180,551.057576382684,700.882585249461,20,early_warning
70,19,190,552.466865054406,690.982388006994,20,approach_clear_zone
70,20,200,553.876153726128,681.082190764527,20,approach_clear_zone
70,21,210,555.28544239785,671.18199352206,20,approach_clear_zone
70,22,220,556.694731069573,661.281796279592,20,approach_clear_zone
70,23,230,558.104019741295,651.381599037125,20,perimeter_crossing
70,24,240,559.513308413017,641.481401794658,20,inside_secure_wall
70,25,250,560.922597084739,631.581204552191,20,inside_secure_wall
70,26,260,561.824745031444,621.649664182721,20,inside_secure_wall
70,27,270,561.645260809297,611.651275041764,20,inside_secure_wall
70,28,280,561.465776587149,601.652885900808,20,inside_secure_wall
70,29,290,561.286292365001,591.654496759851,20,inside_secure_wall
70,30,300,561.106808142854,581.656107618894,20,inside_secure_wall
70,31,310,560.927323920706,571.657718477938,20,inside_secure_wall
70,32,320,560.747839698558,561.659329336981,20,inside_secure_wall
70,33,330,560.568355476411,551.660940196024,20,inside_secure_wall
70,34,340,560.388871254263,541.662551055068,20,inside_secure_wall
70,35,350,560.209387032115,531.664161914111,20,inside_secure_wall
70,36,360,560.029902809968,521.665772773154,20,inside_secure_wall
70,37,361.6660411489,560,520,20,inside_secure_wall
71,0,0,279.100298881531,875.028777718544,20,early_warning
71,1,10,287.597607755069,869.756611000041,20,early_warning
71,2,20,296.094916628607,864.484444281539,20,early_warning
71,3,30,304.592225502146,859.212277563036,20,early_warning
71,4,40,313.089534375684,853.940110844533,20,early_warning
71,5,50,321.586843249222,848.66794412603,20,early_warning
71,6,60,330.08415212276,843.395777407528,20,early_warning
71,7,70,338.581460996299,838.123610689025,20,early_warning
71,8,80,347.078769869837,832.851443970522,20,early_warning
71,9,90,355.576078743375,827.57927725202,20,early_warning
71,10,100,362.164784516036,820.453486258699,20,early_warning
71,11,110,367.186404328483,811.805750459124,20,early_warning
71,12,120,372.208024140929,803.158014659549,20,early_warning
71,13,130,377.229643953376,794.510278859975,20,early_warning
71,14,140,382.251263765822,785.8625430604,20,early_warning
71,15,150,387.272883578269,777.214807260826,20,early_warning
71,16,160,392.294503390716,768.567071461251,20,early_warning
71,17,170,397.316123203162,759.919335661677,20,early_warning
71,18,180,402.337743015609,751.271599862102,20,early_warning
71,19,190,407.359362828055,742.623864062527,20,early_warning
71,20,200,412.380982640502,733.976128262953,20,early_warning
71,21,210,417.402602452949,725.328392463378,20,early_warning
71,22,220,422.424222265395,716.680656663804,20,early_warning
71,23,230,427.445842077842,708.032920864229,20,early_warning
71,24,240,434.057981872649,700.784201771188,20,early_warning
71,25,250,441.994318187227,694.700242048941,20,approach_clear_zone
71,26,260,449.930654501805,688.616282326695,20,approach_clear_zone
71,27,270,457.866990816382,682.532322604449,20,approach_clear_zone
71,28,280,465.80332713096,676.448362882202,20,approach_clear_zone
71,29,290,473.739663445538,670.364403159956,20,approach_clear_zone
71,30,300,481.675999760116,664.28044343771,20,approach_clear_zone
71,31,310,489.612336074693,658.196483715464,20,approach_clear_zone
71,32,320,497.548672389271,652.112523993217,20,perimeter_crossing
71,33,330,505.485008703849,646.028564270971,20,inside_secure_wall
71,34,340,513.421345018426,639.944604548725,20,inside_secure_wall
71,35,350,519.017972697409,632.141923016795,20,inside_secure_wall
71,36,360,522.450426391187,622.749465317126,20,inside_secure_wall
71,37,370,525.882880084964,613.357007617457,20,inside_secure_wall
71,38,380,529.315333778741,603.964549917788,20,inside_secure_wall
71,39,390,532.747787472518,594.572092218118,20,inside_secure_wall
71,40,400,536.180241166295,585.179634518449,20,inside_secure_wall
71,41,410,539.612694860072,575.78717681878,20,inside_secure_wall
71,42,420,543.045148553849,566.394719119111,20,inside_secure_wall
71,43,430,546.477602247627,557.002261419441,20,inside_secure_wall
71,44,440,549.910055941404,547.609803719772,20,inside_secure_wall
71,45,450,553.342509635181,538.217346020103,20,inside_secure_wall
71,46,460,556.774963328958,528.824888320434,20,inside_secure_wall
71,47,469.395717928806,560,520,20,inside_secure_wall
72,0,0,145.156472921371,195.156472921371,20,early_warning
72,1,10,153.84712808499,200.10344298668,20,early_warning
72,2,20,162.537783248609,205.05041305199,20,early_warning
72,3,30,171.228438412228,209.997383117299,20,early_warning
72,4,40,179.919093575847,214.944353182608,20,early_warning
72,5,50,188.609748739466,219.891323247917,20,early_warning
72,6,60,197.300403903085,224.838293313226,20,early_warning
72,7,70,205.991059066704,229.785263378535,20,early_warning
72,8,80,214.681714230323,234.732233443844,20,early_warning
72,9,90,223.372369393942,239.679203509153,20,early_warning
72,10,100,232.063024557561,244.626173574462,20,early_warning
72,11,110,240.75367972118,249.573143639771,20,early_warning
72,12,120,249.444334884799,254.52011370508,20,early_warning
72,13,130,255.984740365464,262.002639958225,20,early_warning
72,14,140,262.284900800745,269.768461131141,20,early_warning
72,15,150,268.585061236026,277.534282304058,20,early_warning
72,16,160,274.885221671307,285.300103476975,20,early_warning
72,17,170,281.185382106587,293.065924649892,20,early_warning
72,18,180,287.485542541868,300.831745822808,20,approach_clear_zone
72,19,190,293.785702977149,308.597566995725,20,approach_clear_zone
72,20,200,300.08586341243,316.363388168642,20,perimeter_crossing
72,21,210,306.386023847711,324.129209341559,20,approach_clear_zone
72,22,220,312.686184282991,331.895030514475,20,approach_clear_zone
72,23,230,318.986344718272,339.660851687392,20,approach_clear_zone
72,24,240,325.286505153553,347.426672860309,20,perimeter_crossing
72,25,250,331.586665588834,355.192494033226,20,inside_secure_wall
72,26,260,337.886826024115,362.958315206143,20,inside_secure_wall
72,27,270,344.186986459395,370.724136379059,20,inside_secure_wall
72,28,280,350.487146894676,378.489957551976,20,inside_secure_wall
72,29,290,356.787307329957,386.255778724893,20,inside_secure_wall
72,30,300,363.193321678829,393.933831765199,20,inside_secure_wall
72,31,310,369.658015351605,401.563231198783,20,inside_secure_wall
72,32,320,376.122709024382,409.192630632366,20,inside_secure_wall
72,33,330,382.587402697158,416.82203006595,20,inside_secure_wall
72,34,340,389.052096369935,424.451429499533,20,inside_secure_wall
72,35,350,395.516790042711,432.080828933117,20,inside_secure_wall
72,36,360,401.981483715488,439.7102283667,20,inside_secure_wall
72,37,370,408.446177388264,447.339627800284,20,inside_secure_wall
72,38,380,414.91087106104,454.969027233867,20,inside_secure_wall
72,39,390,421.375564733817,462.598426667451,20,inside_secure_wall
72,40,400,428.703380946648,469.016557562165,20,inside_secure_wall
72,41,410,438.025257700958,472.636310837936,20,inside_secure_wall
72,42,420,447.347134455268,476.256064113706,20,inside_secure_wall
72,43,430,456.669011209578,479.875817389477,20,inside_secure_wall
72,44,440,465.990887963888,483.495570665247,20,inside_secure_wall
72,45,450,475.312764718199,487.115323941018,20,inside_secure_wall
72,46,460,484.634641472509,490.735077216788,20,inside_secure_wall
72,47,470,493.956518226819,494.354830492559,20,inside_secure_wall
72,48,480,503.278394981129,497.974583768329,20,inside_secure_wall
72,49,490,512.600271735439,501.5943370441,20,inside_secure_wall
72,50,500,521.92214848975,505.21409031987,20,inside_secure_wall
72,51,510,531.24402524406,508.833843595641,20,inside_secure_wall
72,52,520,540.56590199837,512.453596871411,20,inside_secure_wall
72,53,530,549.88777875268,516.073350147182,20,inside_secure_wall
72,54,540,559.20965550699,519.693103422952,20,inside_secure_wall
72,55,540.847838384738,560,520,20,inside_secure_wall
73,0,0,125.341723561287,824.658276438713,20,early_warning
73,1,10,134.065269949413,819.769540567936,20,early_warning
73,2,20,142.788816337538,814.880804697159,20,early_warning
73,3,30,151.512362725664,809.992068826382,20,early_warning
73,4,40,160.235909113789,805.103332955605,20,early_warning
73,5,50,168.959455501915,800.214597084828,20,early_warning
73,6,60,177.68300189004,795.325861214051,20,early_warning
73,7,70,186.406548278166,790.437125343274,20,early_warning
73,8,80,195.130094666292,785.548389472498,20,early_warning
73,9,90,203.853641054417,780.659653601721,20,early_warning
73,10,100,212.577187442543,775.770917730944,20,early_warning
73,11,110,221.300733830668,770.882181860167,20,early_warning
73,12,120,230.024280218794,765.99344598939,20,early_warning
73,13,130,238.747826606919,761.104710118613,20,early_warning
73,14,140,247.471372995045,756.215974247836,20,early_warning
73,15,150,254.378085383689,749.503486847525,20,early_warning
73,16,160,259.299937311293,740.798581701417,20,early_warning
73,17,170,264.221789238896,732.093676555308,20,early_warning
73,18,180,269.1436411665,723.3887714092,20,early_warning
73,19,190,274.065493094103,714.683866263091,20,early_warning
73,20,200,278.987345021707,705.978961116983,20,early_warning
73,21,210,283.90919694931,697.274055970874,20,approach_clear_zone
73,22,220,288.831048876914,688.569150824766,20,approach_clear_zone
73,23,230,293.752900804517,679.864245678657,20,approach_clear_zone
73,24,240,298.674752732121,671.159340532549,20,perimeter_crossing
73,25,250,303.596604659724,662.45443538644,20,perimeter_crossing
73,26,260,308.518456587328,653.749530240332,20,perimeter_crossing
73,27,270,313.440308514931,645.044625094223,20,inside_secure_wall
73,28,280,320.562713617937,638.446005697251,20,inside_secure_wall
73,29,290,329.043927803827,633.147986639805,20,inside_secure_wall
73,30,300,337.525141989717,627.849967582358,20,inside_secure_wall
73,31,310,346.006356175606,622.551948524912,20,inside_secure_wall
73,32,320,354.487570361496,617.253929467466,20,inside_secure_wall
73,33,330,362.968784547386,611.95591041002,20,inside_secure_wall
73,34,340,371.449998733275,606.657891352573,20,inside_secure_wall
73,35,350,379.931212919165,601.359872295127,20,inside_secure_wall
73,36,360,388.412427105055,596.061853237681,20,inside_secure_wall
73,37,370,396.893641290945,590.763834180235,20,inside_secure_wall
73,38,380,405.374855476834,585.465815122789,20,inside_secure_wall
73,39,390,413.856069662724,580.167796065342,20,inside_secure_wall
73,40,400,422.337283848614,574.869777007896,20,inside_secure_wall
73,41,410,430.818498034503,569.57175795045,20,inside_secure_wall
73,42,420,439.299712220393,564.273738893004,20,inside_secure_wall
73,43,430,447.780926406283,558.975719835557,20,inside_secure_wall
73,44,440,457.011522363861,555.252770369686,20,inside_secure_wall
73,45,450,466.472603029163,552.014259501302,20,inside_secure_wall
73,46,460,475.933683694465,548.775748632917,20,inside_secure_wall
73,47,470,485.394764359768,545.537237764533,20,inside_secure_wall
73,48,480,494.85584502507,542.298726896149,20,inside_secure_wall
73,49,490,504.316925690372,539.060216027765,20,inside_secure_wall
73,50,500,513.778006355675,535.821705159381,20,inside_secure_wall
73,51,510,523.239087020977,532.583194290997,20,inside_secure_wall
73,52,520,532.700167686279,529.344683422612,20,inside_secure_wall
73,53,530,542.161248351582,526.106172554228,20,inside_secure_wall
73,54,540,551.622329016884,522.867661685844,20,inside_secure_wall
73,55,548.854877449508,560,520,20,inside_secure_wall
74,0,0,894.473025798798,155.526974201202,20,early_warning
74,1,10,885.355219402572,159.633749885478,20,early_warning
74,2,20,876.237413006347,163.740525569753,20,early_warning
74,3,30,867.119606610122,167.847301254029,20,early_warning
74,4,40,858.001800213897,171.954076938304,20,early_warning
74,5,50,848.883993817672,176.060852622579,20,early_warning
74,6,60,839.766187421447,180.167628306855,20,early_warning
74,7,70,830.648381025221,184.27440399113,20,early_warning
74,8,80,821.530574628996,188.381179675405,20,early_warning
74,9,90,812.412768232771,192.487955359681,20,early_warning
74,10,100,803.294961836546,196.594731043956,20,early_warning
74,11,110,794.177155440321,200.701506728231,20,early_warning
74,12,120,785.264996235059,205.115024705722,20,early_warning
74,13,130,778.002876793826,211.989733515647,20,early_warning
74,14,140,770.740757352593,218.864442325573,20,early_warning
74,15,150,763.47863791136,225.739151135498,20,early_warning
74,16,160,756.216518470127,232.613859945424,20,early_warning
74,17,170,748.954399028894,239.488568755349,20,early_warning
74,18,180,741.692279587661,246.363277565275,20,early_warning
74,19,190,734.430160146428,253.2379863752,20,early_warning
74,20,200,727.168040705195,260.112695185126,20,early_warning
74,21,210,719.905921263962,266.987403995051,20,early_warning
74,22,220,712.643801822729,273.862112804977,20,early_warning
74,23,230,705.381682381496,280.736821614902,20,early_warning
74,24,240,698.119562940264,287.611530424827,20,early_warning
74,25,250,690.857443499031,294.486239234753,20,early_warning
74,26,260,683.595324057798,301.360948044678,20,approach_clear_zone
74,27,270,676.333204616565,308.235656854604,20,approach_clear_zone
74,28,280,672.046471244871,316.944020808852,20,approach_clear_zone
74,29,290,669.169657529987,326.521282570434,20,approach_clear_zone
74,30,300,666.292843815103,336.098544332016,20,approach_clear_zone
74,31,310,663.416030100219,345.675806093598,20,perimeter_crossing
74,32,320,660.539216385335,355.253067855179,20,inside_secure_wall
74,33,330,657.662402670451,364.830329616761,20,inside_secure_wall
74,34,340,654.785588955567,374.407591378343,20,inside_secure_wall
74,35,350,651.908775240683,383.984853139924,20,inside_secure_wall
74,36,360,649.031961525799,393.562114901506,20,inside_secure_wall
74,37,370,646.155147810915,403.139376663088,20,inside_secure_wall
74,38,380,643.278334096031,412.71663842467,20,inside_secure_wall
74,39,390,640.401520381147,422.293900186251,20,inside_secure_wall
74,40,400,634.126752380319,430.056338768862,20,inside_secure_wall
74,41,410,627.766842751903,437.77330381468,20,inside_secure_wall
74,42,420,621.406933123486,445.490268860498,20,inside_secure_wall
74,43,430,615.04702349507,453.207233906316,20,inside_secure_wall
74,44,440,608.687113866654,460.924198952134,20,inside_secure_wall
74,45,450,602.327204238237,468.641163997952,20,inside_secure_wall
74,46,460,595.967294609821,476.35812904377,20,inside_secure_wall
74,47,470,589.607384981405,484.075094089588,20,inside_secure_wall
74,48,480,583.247475352988,491.792059135406,20,inside_secure_wall
74,49,490,576.887565724572,499.509024181224,20,inside_secure_wall
74,50,500,570.527656096156,507.225989227042,20,inside_secure_wall
74,51,510,564.167746467739,514.942954272861,20,inside_secure_wall
74,52,516.553153600041,560,520,20,inside_secure_wall
75,0,0,914.287775158882,135.712224841118,20,early_warning
75,1,10,909.435015447813,144.455835261683,20,early_warning
75,2,20,904.582255736743,153.199445682249,20,early_warning
75,3,30,899.729496025674,161.943056102814,20,early_warning
75,4,40,894.876736314604,170.68666652338,20,early_warning
75,5,50,890.023976603534,179.430276943945,20,early_warning
75,6,60,885.171216892465,188.17388736451,20,early_warning
75,7,70,880.318457181395,196.917497785076,20,early_warning
75,8,80,875.465697470326,205.661108205641,20,early_warning
75,9,90,870.612937759256,214.404718626207,20,early_warning
75,10,100,865.760178048187,223.148329046772,20,early_warning
75,11,110,860.907418337117,231.891939467338,20,early_warning
75,12,120,856.054658626048,240.635549887903,20,early_warning
75,13,130,851.201898914978,249.379160308468,20,early_warning
75,14,140,846.349139203909,258.122770729034,20,early_warning
75,15,150,839.356550512499,264.824099501876,20,early_warning
75,16,160,830.848706083816,270.079247756429,20,early_warning
75,17,170,822.340861655133,275.334396010981,20,early_warning
75,18,180,813.833017226449,280.589544265533,20,early_warning
75,19,190,805.325172797766,285.844692520086,20,early_warning
75,20,200,796.817328369083,291.099840774638,20,early_warning
75,21,210,788.3094839404,296.35498902919,20,early_warning
75,22,220,779.801639511717,301.610137283743,20,early_warning
75,23,230,771.293795083034,306.865285538295,20,early_warning
75,24,240,762.78595065435,312.120433792847,20,early_warning
75,25,250,754.278106225667,317.3755820474,20,early_warning
75,26,260,745.741911146743,322.58410285882,20,approach_clear_zone
75,27,270,737.161117355653,327.719273539019,20,approach_clear_zone
75,28,280,728.580323564562,332.854444219219,20,approach_clear_zone
75,29,290,719.999529773471,337.989614899418,20,approach_clear_zone
75,30,300,711.418735982381,343.124785579617,20,approach_clear_zone
75,31,310,702.83794219129,348.259956259817,20,perimeter_crossing
75,32,320,694.257148400199,353.395126940016,20,inside_secure_wall
75,33,330,685.676354609109,358.530297620216,20,inside_secure_wall
75,34,340,677.095560818018,363.665468300415,20,inside_secure_wall
75,35,350,668.514767026927,368.800638980614,20,inside_secure_wall
75,36,360,659.933973235837,373.935809660814,20,inside_secure_wall
75,37,370,651.353179444746,379.070980341013,20,inside_secure_wall
75,38,380,642.772385653655,384.206151021213,20,inside_secure_wall
75,39,390,634.191591862564,389.341321701412,20,inside_secure_wall
75,40,400,625.610798071474,394.476492381611,20,inside_secure_wall
75,41,410,617.030004280383,399.611663061811,20,inside_secure_wall
75,42,420,608.449210489292,404.74683374201,20,inside_secure_wall
75,43,430,599.868416698202,409.882004422209,20,inside_secure_wall
75,44,440,595.665255423581,418.592481751927,20,inside_secure_wall
75,45,450,592.347448891339,428.026047345837,20,inside_secure_wall
75,46,460,589.029642359096,437.459612939748,20,inside_secure_wall
75,47,470,585.711835826854,446.893178533658,20,inside_secure_wall
75,48,480,582.394029294612,456.326744127569,20,inside_secure_wall
75,49,490,579.07622276237,465.760309721479,20,inside_secure_wall
75,50,500,575.758416230128,475.19387531539,20,inside_secure_wall
75,51,510,572.440609697886,484.6274409093,20,inside_secure_wall
75,52,520,569.122803165644,494.061006503211,20,inside_secure_wall
75,53,530,565.804996633402,503.494572097121,20,inside_secure_wall
75,54,540,562.487190101159,512.928137691032,20,inside_secure_wall
75,55,547.496489252731,560,520,20,inside_secure_wall
76,0,0,844.102524518967,794.102524518967,20,early_warning
76,1,10,836.76168085641,787.311941751494,20,early_warning
76,2,20,829.420837193852,780.521358984022,20,early_warning
76,3,30,822.079993531295,773.730776216549,20,early_warning
76,4,40,814.739149868738,766.940193449076,20,early_warning
76,5,50,807.398306206181,760.149610681604,20,early_warning
76,6,60,800.057462543624,753.359027914131,20,early_warning
76,7,70,792.716618881067,746.568445146659,20,early_warning
76,8,80,785.37577521851,739.777862379186,20,early_warning
76,9,90,776.223308869796,736.168057805516,20,early_warning
76,10,100,766.637968588677,733.31827681478,20,early_warning
76,11,110,757.052628307558,730.468495824044,20,early_warning
76,12,120,747.467288026439,727.618714833309,20,early_warning
76,13,130,737.88194774532,724.768933842573,20,early_warning
76,14,140,728.296607464201,721.919152851837,20,early_warning
76,15,150,718.711267183082,719.069371861102,20,early_warning
76,16,160,709.125926901963,716.219590870366,20,early_warning
76,17,170,699.540586620844,713.36980987963,20,early_warning
76,18,180,689.955246339725,710.520028888895,20,early_warning
76,19,190,680.369906058606,707.670247898159,20,early_warning
76,20,200,670.784565777487,704.820466907423,20,early_warning
76,21,210,661.199225496368,701.970685916688,20,early_warning
76,22,220,651.613885215249,699.120904925952,20,approach_clear_zone
76,23,230,647.412149562047,690.122846752383,20,approach_clear_zone
76,24,240,643.321687435048,680.997710063676,20,approach_clear_zone
76,25,250,639.231225308048,671.87257337497,20,approach_clear_zone
76,26,260,635.140763181049,662.747436686263,20,approach_clear_zone
76,27,270,631.05030105405,653.622299997556,20,perimeter_crossing
76,28,280,626.95983892705,644.497163308849,20,inside_secure_wall
76,29,290,622.869376800051,635.372026620142,20,inside_secure_wall
76,30,300,618.778914673052,626.246889931435,20,inside_secure_wall
76,31,310,614.688452546052,617.121753242729,20,inside_secure_wall
76,32,320,610.585992052026,608.002734804001,20,inside_secure_wall
76,33,330,605.60243439666,599.3330085629,20,inside_secure_wall
76,34,340,600.618876741295,590.663282321798,20,inside_secure_wall
76,35,350,595.635319085929,581.993556080697,20,inside_secure_wall
76,36,360,590.651761430563,573.323829839595,20,inside_secure_wall
76,37,370,585.668203775197,564.654103598493,20,inside_secure_wall
76,38,380,580.684646119831,555.984377357392,20,inside_secure_wall
76,39,390,575.701088464466,547.31465111629,20,inside_secure_wall
76,40,400,570.7175308091,538.644924875189,20,inside_secure_wall
76,41,410,565.733973153734,529.975198634087,20,inside_secure_wall
76,42,420,560.750415498368,521.305472392986,20,inside_secure_wall
76,43,421.50578271641,560,520,20,inside_secure_wall
77,0,0,136.082726120949,608.042764663696,20,early_warning
77,1,10,146.057185476182,607.328509407635,20,early_warning
77,2,20,156.031644831414,606.614254151575,20,early_warning
77,3,30,166.006104186647,605.899998895514,20,early_warning
77,4,40,175.98056354188,605.185743639453,20,early_warning
77,5,50,185.955022897112,604.471488383392,20,early_warning
77,6,60,195.929482252345,603.757233127331,20,early_warning
77,7,70,205.903941607578,603.042977871271,20,early_warning
77,8,80,215.878400962811,602.32872261521,20,early_warning
77,9,90,225.852860318043,601.614467359149,20,early_warning
77,10,100,235.827319673276,600.900212103088,20,early_warning
77,11,110,245.801779028509,600.185956847028,20,early_warning
77,12,120,255.638245708482,599.211654863671,20,approach_clear_zone
77,13,130,261.821086956997,591.352108178546,20,approach_clear_zone
77,14,140,268.003928205512,583.492561493421,20,approach_clear_zone
77,15,150,274.186769454027,575.633014808296,20,approach_clear_zone
77,16,160,280.369610702542,567.773468123171,20,approach_clear_zone
77,17,170,286.552451951058,559.913921438046,20,approach_clear_zone
77,18,180,292.735293199573,552.054374752921,20,approach_clear_zone
77,19,190,298.918134448088,544.194828067796,20,perimeter_crossing
77,20,200,305.100975696603,536.335281382671,20,inside_secure_wall
77,21,210,311.283816945118,528.475734697546,20,inside_secure_wall
77,22,220,317.466658193634,520.616188012421,20,inside_secure_wall
77,23,230,323.649499442149,512.756641327296,20,inside_secure_wall
77,24,240,329.832340690664,504.897094642171,20,inside_secure_wall
77,25,250,336.015181939179,497.037547957046,20,inside_secure_wall
77,26,260,344.542680442245,493.804789176956,20,inside_secure_wall
77,27,270,354.536955758501,493.466468466857,20,inside_secure_wall
77,28,280,364.531231074756,493.128147756758,20,inside_secure_wall
77,29,290,374.525506391012,492.789827046659,20,inside_secure_wall
77,30,300,384.519781707268,492.451506336561,20,inside_secure_wall
77,31,310,394.514057023523,492.113185626462,20,inside_secure_wall
77,32,320,404.508332339779,491.774864916363,20,inside_secure_wall
77,33,330,414.502607656035,491.436544206264,20,inside_secure_wall
77,34,340,424.496882972291,491.098223496166,20,inside_secure_wall
77,35,350,434.491158288546,490.759902786067,20,inside_secure_wall
77,36,360,444.485433604802,490.421582075968,20,inside_secure_wall
77,37,370,454.479708921058,490.083261365869,20,inside_secure_wall
77,38,380,464.203913028953,491.879712527313,20,inside_secure_wall
77,39,390,473.799058845254,494.696302089873,20,inside_secure_wall
77,40,400,483.394204661555,497.512891652433,20,inside_secure_wall
77,41,410,492.989350477856,500.329481214992,20,inside_secure_wall
77,42,420,502.584496294157,503.146070777552,20,inside_secure_wall
77,43,430,512.179642110458,505.962660340112,20,inside_secure_wall
77,44,440,521.774787926759,508.779249902672,20,inside_secure_wall
77,45,450,531.36993374306,511.595839465232,20,inside_secure_wall
77,46,460,540.965079559361,514.412429027792,20,inside_secure_wall
77,47,470,550.560225375662,517.229018590352,20,inside_secure_wall
77,48,479.838073131,560,520,20,inside_secure_wall
78,0,0,883.732023239136,322.169852256775,20,early_warning
78,1,10,878.462516747919,330.668811095305,20,early_warning
78,2,20,873.193010256703,339.167769933835,20,early_warning
78,3,30,867.923503765486,347.666728772365,20,early_warning
78,4,40,862.65399727427,356.165687610895,20,early_warning
78,5,50,857.384490783053,364.664646449425,20,early_warning
78,6,60,852.114984291837,373.163605287955,20,early_warning
78,7,70,846.84547780062,381.662564126485,20,early_warning
78,8,80,841.575971309404,390.161522965015,20,early_warning
78,9,90,836.306464818187,398.660481803545,20,early_warning
78,10,100,829.385750169394,404.902016813129,20,early_warning
78,11,110,819.689901360319,407.349569850668,20,early_warning
78,12,120,809.994052551245,409.797122888207,20,early_warning
78,13,130,800.29820374217,412.244675925746,20,early_warning
78,14,140,790.602354933096,414.692228963285,20,early_warning
78,15,150,780.906506124021,417.139782000824,20,early_warning
78,16,160,771.210657314946,419.587335038363,20,early_warning
78,17,170,761.514808505872,422.034888075902,20,early_warning
78,18,180,751.818959696797,424.482441113441,20,early_warning
78,19,190,742.123110887723,426.92999415098,20,approach_clear_zone
78,20,200,732.427262078648,429.377547188519,20,approach_clear_zone
78,21,210,722.731413269573,431.825100226058,20,approach_clear_zone
78,22,220,713.035564460499,434.272653263597,20,approach_clear_zone
78,23,230,703.344026704366,436.736975857991,20,perimeter_crossing
78,24,240,693.669889313169,439.268984099732,20,inside_secure_wall
78,25,250,683.995751921972,441.800992341473,20,inside_secure_wall
78,26,260,674.321614530775,444.333000583214,20,inside_secure_wall
78,27,270,664.647477139578,446.865008824955,20,inside_secure_wall
78,28,280,655.184504446584,449.839126492645,20,inside_secure_wall
78,29,290,647.134952726084,455.772482802441,20,inside_secure_wall
78,30,300,639.085401005584,461.705839112236,20,inside_secure_wall
78,31,310,631.035849285084,467.639195422032,20,inside_secure_wall
78,32,320,622.986297564584,473.572551731828,20,inside_secure_wall
78,33,330,614.936745844084,479.505908041624,20,inside_secure_wall
78,34,340,606.887194123584,485.439264351419,20,inside_secure_wall
78,35,350,598.837642403083,491.372620661215,20,inside_secure_wall
78,36,360,590.788090682583,497.305976971011,20,inside_secure_wall
78,37,370,582.738538962083,503.239333280807,20,inside_secure_wall
78,38,380,574.688987241583,509.172689590602,20,inside_secure_wall
78,39,390,566.639435521083,515.106045900398,20,inside_secure_wall
78,40,398.24820530586,560,520,20,inside_secure_wall
79,0,0,420.371174812317,146.45322740078,20,early_warning
79,1,10,423.052547781144,156.087034488429,20,early_warning
79,2,20,425.733920749971,165.720841576078,20,early_warning
79,3,30,428.415293718798,175.354648663728,20,early_warning
79,4,40,431.096666687625,184.988455751377,20,early_warning
79,5,50,433.778039656452,194.622262839027,20,early_warning
79,6,60,436.459412625279,204.256069926676,20,early_warning
79,7,70,439.140785594106,213.889877014325,20,early_warning
79,8,80,441.822158562934,223.523684101975,20,early_warning
79,9,90,444.503531531761,233.157491189624,20,early_warning
79,10,100,447.184904500588,242.791298277274,20,early_warning
79,11,110,449.866277469415,252.425105364923,20,early_warning
79,12,120,452.547650438242,262.058912452572,20,early_warning
79,13,130,450.762215055259,271.637890840225,20,early_warning
79,14,140,447.845181543979,281.202979208561,20,early_warning
79,15,150,444.928148032699,290.768067576896,20,early_warning
79,16,160,442.011114521419,300.333155945232,20,approach_clear_zone
79,17,170,439.094081010139,309.898244313568,20,approach_clear_zone
79,18,180,436.177047498859,319.463332681903,20,approach_clear_zone
79,19,190,433.260013987579,329.028421050239,20,approach_clear_zone
79,20,200,430.342980476299,338.593509418575,20,approach_clear_zone
79,21,210,431.516919661765,346.233811559267,20,perimeter_crossing
79,22,220,440.745903508143,350.084247529815,20,inside_secure_wall
79,23,230,449.974887354521,353.934683500363,20,inside_secure_wall
79,24,240,459.203871200899,357.785119470911,20,inside_secure_wall
79,25,250,468.432855047277,361.635555441459,20,inside_secure_wall
79,26,260,477.661838893656,365.485991412008,20,inside_secure_wall
79,27,270,486.890822740034,369.336427382556,20,inside_secure_wall
79,28,280,496.119806586412,373.186863353104,20,inside_secure_wall
79,29,290,505.34879043279,377.037299323652,20,inside_secure_wall
79,30,300,514.577774279168,380.887735294201,20,inside_secure_wall
79,31,310,523.806758125546,384.738171264749,20,inside_secure_wall
79,32,320,533.035741971924,388.588607235297,20,inside_secure_wall
79,33,330,542.264725818303,392.439043205845,20,inside_secure_wall
79,34,340,551.493709664681,396.289479176393,20,inside_secure_wall
79,35,350,560.215747071125,400.477049320452,20,inside_secure_wall
79,36,360,560.19769641906,410.477033029137,20,inside_secure_wall
79,37,370,560.179645766996,420.477016737821,20,inside_secure_wall
79,38,380,560.161595114931,430.477000446506,20,inside_secure_wall
79,39,390,560.143544462867,440.476984155191,20,inside_secure_wall
79,40,400,560.125493810802,450.476967863875,20,inside_secure_wall
79,41,410,560.107443158738,460.47695157256,20,inside_secure_wall
79,42,420,560.089392506673,470.476935281245,20,inside_secure_wall
79,43,430,560.071341854608,480.47691898993,20,inside_secure_wall
79,44,440,560.053291202544,490.476902698614,20,inside_secure_wall
79,45,450,560.035240550479,500.476886407299,20,inside_secure_wall
79,46,460,560.017189898415,510.476870115984,20,inside_secure_wall
79,47,469.523145398473,560,520,20,inside_secure_wall
80,0,0,563.030034303665,126.638478040695,20,early_warning
80,1,10,567.308106923232,135.677177873177,20,early_warning
80,2,20,571.5861795428,144.715877705659,20,early_warning
80,3,30,575.864252162367,153.754577538141,20,early_warning
80,4,40,580.142324781934,162.793277370623,20,early_warning
80,5,50,584.420397401501,171.831977203105,20,early_warning
80,6,60,588.698470021068,180.870677035587,20,early_warning
80,7,70,592.976542640636,189.909376868069,20,early_warning
80,8,80,597.254615260203,198.948076700551,20,early_warning
80,9,90,601.53268787977,207.986776533033,20,early_warning
80,10,100,605.810760499337,217.025476365515,20,early_warning
80,11,110,610.088833118904,226.064176197997,20,early_warning
80,12,120,609.65583338416,235.743118670579,20,early_warning
80,13,130,607.945118235976,245.595704812389,20,early_warning
80,14,140,606.234403087793,255.448290954198,20,early_warning
80,15,150,604.52368793961,265.300877096008,20,early_warning
80,16,160,602.812972791426,275.153463237817,20,early_warning
80,17,170,601.102257643243,285.006049379626,20,early_warning
80,18,180,599.391542495059,294.858635521436,20,early_warning
80,19,190,597.680827346876,304.711221663245,20,approach_clear_zone
80,20,200,595.970112198693,314.563807805055,20,approach_clear_zone
80,21,210,594.259397050509,324.416393946864,20,approach_clear_zone
80,22,220,591.221213759741,333.795818950498,20,approach_clear_zone
80,23,230,586.314312191918,342.509160273073,20,approach_clear_zone
80,24,240,581.407410624094,351.222501595648,20,inside_secure_wall
80,25,250,576.50050905627,359.935842918222,20,inside_secure_wall
80,26,260,571.593607488446,368.649184240797,20,inside_secure_wall
80,27,270,566.686705920623,377.362525563372,20,inside_secure_wall
80,28,280,561.779804352799,386.075866885947,20,inside_secure_wall
80,29,290,556.872902784975,394.789208208522,20,inside_secure_wall
80,30,300,551.966001217152,403.502549531096,20,inside_secure_wall
80,31,310,547.059099649328,412.215890853671,20,inside_secure_wall
80,32,320,542.574576371855,421.001442693603,20,inside_secure_wall
80,33,330,544.308096725498,430.85004194342,20,inside_secure_wall
80,34,340,546.04161707914,440.698641193238,20,inside_secure_wall
80,35,350,547.775137432783,450.547240443055,20,inside_secure_wall
80,36,360,549.508657786426,460.395839692873,20,inside_secure_wall
80,37,370,551.242178140068,470.24443894269,20,inside_secure_wall
80,38,380,552.975698493711,480.093038192508,20,inside_secure_wall
80,39,390,554.709218847354,489.941637442325,20,inside_secure_wall
80,40,400,556.442739200996,499.790236692143,20,inside_secure_wall
80,41,410,558.176259554639,509.63883594196,20,inside_secure_wall
80,42,420,559.909779908282,519.487435191778,20,inside_secure_wall
80,43,420.520444375104,560,520,20,inside_secure_wall
81,0,0,705.688893795013,803.176271319389,20,early_warning
81,1,10,701.849690109502,793.942609258151,20,early_warning
81,2,20,698.010486423991,784.708947196912,20,early_warning
81,3,30,694.17128273848,775.475285135674,20,early_warning
81,4,40,690.332079052969,766.241623074435,20,early_warning
81,5,50,686.492875367457,757.007961013196,20,early_warning
81,6,60,682.653671681946,747.774298951958,20,early_warning
81,7,70,679.83270668301,738.208974332833,20,early_warning
81,8,80,677.497168955752,728.485535459443,20,early_warning
81,9,90,675.161631228494,718.762096586053,20,early_warning
81,10,100,672.826093501237,709.038657712663,20,early_warning
81,11,110,670.490555773979,699.315218839273,20,approach_clear_zone
81,12,120,668.155018046721,689.591779965882,20,approach_clear_zone
81,13,130,665.819480319464,679.868341092492,20,approach_clear_zone
81,14,140,663.483942592206,670.144902219102,20,approach_clear_zone
81,15,150,661.148404864949,660.421463345712,20,approach_clear_zone
81,16,160,658.812867137691,650.698024472321,20,perimeter_crossing
81,17,170,656.477329410433,640.974585598931,20,inside_secure_wall
81,18,180,654.141791683176,631.251146725541,20,inside_secure_wall
81,19,190,649.523982142915,623.687173276248,20,inside_secure_wall
81,20,200,639.944446186564,620.817941521758,20,inside_secure_wall
81,21,210,630.364910230213,617.948709767267,20,inside_secure_wall
81,22,220,620.785374273862,615.079478012777,20,inside_secure_wall
81,23,230,611.20583831751,612.210246258287,20,inside_secure_wall
81,24,240,601.626302361159,609.341014503796,20,inside_secure_wall
81,25,250,592.046766404808,606.471782749306,20,inside_secure_wall
81,26,260,582.467230448457,603.602550994815,20,inside_secure_wall
81,27,270,572.887694492106,600.733319240325,20,inside_secure_wall
81,28,280,563.308158535755,597.864087485835,20,inside_secure_wall
81,29,290,561.052362724517,589.456536891551,20,inside_secure_wall
81,30,300,560.900866263585,579.457684516287,20,inside_secure_wall
81,31,310,560.749369802653,569.458832141023,20,inside_secure_wall
81,32,320,560.59787334172,559.459979765759,20,inside_secure_wall
81,33,330,560.446376880788,549.461127390495,20,inside_secure_wall
81,34,340,560.294880419856,539.462275015231,20,inside_secure_wall
81,35,350,560.143383958924,529.463422639967,20,inside_secure_wall
81,36,359.464508810409,560,520,20,inside_secure_wall
82,0,0,127.008979320526,177.008979320526,20,early_warning
82,1,10,136.303177570204,180.699220355429,20,early_warning
82,2,20,145.597375819882,184.389461390332,20,early_warning
82,3,30,154.89157406956,188.079702425235,20,early_warning
82,4,40,164.185772319239,191.769943460137,20,early_warning
82,5,50,173.479970568917,195.46018449504,20,early_warning
82,6,60,182.774168818595,199.150425529943,20,early_warning
82,7,70,192.068367068273,202.840666564846,20,early_warning
82,8,80,201.362565317951,206.530907599749,20,early_warning
82,9,90,210.656763567629,210.221148634651,20,early_warning
82,10,100,219.950961817307,213.911389669554,20,early_warning
82,11,110,229.245160066985,217.601630704457,20,early_warning
82,12,120,238.110803048384,221.727346762942,20,early_warning
82,13,130,241.949429990651,230.96124860334,20,early_warning
82,14,140,245.788056932917,240.195150443738,20,early_warning
82,15,150,249.626683875184,249.429052284136,20,early_warning
82,16,160,253.465310817451,258.662954124534,20,early_warning
82,17,170,257.303937759717,267.896855964932,20,early_warning
82,18,180,261.142564701984,277.13075780533,20,early_warning
82,19,190,264.981191644251,286.364659645728,20,early_warning
82,20,200,268.819818586517,295.598561486126,20,early_warning
82,21,210,272.658445528784,304.832463326523,20,approach_clear_zone
82,22,220,276.497072471051,314.066365166921,20,approach_clear_zone
82,23,230,280.335699413317,323.300267007319,20,approach_clear_zone
82,24,240,284.174326355584,332.534168847717,20,approach_clear_zone
82,25,250,288.012953297851,341.768070688115,20,approach_clear_zone
82,26,260,291.851580240117,351.001972528513,20,perimeter_crossing
82,27,270,295.690207182384,360.235874368911,20,perimeter_crossing
82,28,280,299.528834124651,369.469776209309,20,perimeter_crossing
82,29,290,307.178082343404,374.514422442813,20,inside_secure_wall
82,30,300,316.733258769073,377.463761940794,20,inside_secure_wall
82,31,310,326.288435194742,380.413101438774,20,inside_secure_wall
82,32,320,335.84361162041,383.362440936755,20,inside_secure_wall
82,33,330,345.398788046079,386.311780434735,20,inside_secure_wall
82,34,340,354.953964471747,389.261119932715,20,inside_secure_wall
82,35,350,364.509140897416,392.210459430696,20,inside_secure_wall
82,36,360,374.064317323085,395.159798928676,20,inside_secure_wall
82,37,370,383.619493748753,398.109138426657,20,inside_secure_wall
82,38,380,393.174670174422,401.058477924637,20,inside_secure_wall
82,39,390,402.72984660009,404.007817422618,20,inside_secure_wall
82,40,400,412.285023025759,406.957156920598,20,inside_secure_wall
82,41,410,421.840199451427,409.906496418578,20,inside_secure_wall
82,42,420,431.395375877096,412.855835916559,20,inside_secure_wall
82,43,430,440.950552302765,415.805175414539,20,inside_secure_wall
82,44,440,450.505728728433,418.75451491252,20,inside_secure_wall
82,45,450,460.060905154102,421.7038544105,20,inside_secure_wall
82,46,460,469.61608157977,424.653193908481,20,inside_secure_wall
82,47,470,477.452070137062,430.326072772703,20,inside_secure_wall
82,48,480,484.224764366634,437.683423713954,20,inside_secure_wall
82,49,490,490.997458596206,445.040774655205,20,inside_secure_wall
82,50,500,497.770152825778,452.398125596455,20,inside_secure_wall
82,51,510,504.54284705535,459.755476537706,20,inside_secure_wall
82,52,520,511.315541284922,467.112827478956,20,inside_secure_wall
82,53,530,518.088235514494,474.470178420207,20,inside_secure_wall
82,54,540,524.860929744066,481.827529361458,20,inside_secure_wall
82,55,550,531.633623973638,489.184880302708,20,inside_secure_wall
82,56,560,538.406318203211,496.542231243959,20,inside_secure_wall
82,57,570,545.179012432783,503.899582185209,20,inside_secure_wall
82,58,580,551.951706662355,511.25693312646,20,inside_secure_wall
82,59,590,558.724400891927,518.614284067711,20,inside_secure_wall
82,60,591.883444113723,560,520,20,inside_secure_wall
83,0,0,107.194229960442,842.805770039558,20,early_warning
83,1,10,115.250987005748,836.882201359032,20,early_warning
83,2,20,123.307744051054,830.958632678506,20,early_warning
83,3,30,131.36450109636,825.03506399798,20,early_warning
83,4,40,139.421258141666,819.111495317454,20,early_warning
83,5,50,147.478015186973,813.187926636928,20,early_warning
83,6,60,155.534772232279,807.264357956402,20,early_warning
83,7,70,163.591529277585,801.340789275876,20,early_warning
83,8,80,171.648286322891,795.41722059535,20,early_warning
83,9,90,179.705043368198,789.493651914824,20,early_warning
83,10,100,187.761800413504,783.570083234298,20,early_warning
83,11,110,195.81855745881,777.646514553772,20,early_warning
83,12,120,203.875314504116,771.722945873246,20,early_warning
83,13,130,211.932071549422,765.79937719272,20,early_warning
83,14,140,219.931318301983,759.804187580779,20,early_warning
83,15,150,227.455098160127,753.216871234482,20,early_warning
83,16,160,234.97887801827,746.629554888185,20,early_warning
83,17,170,242.502657876414,740.042238541888,20,early_warning
83,18,180,250.026437734557,733.454922195591,20,early_warning
83,19,190,257.550217592701,726.867605849293,20,early_warning
83,20,200,265.073997450845,720.280289502996,20,early_warning
83,21,210,272.597777308988,713.692973156699,20,early_warning
83,22,220,280.121557167132,707.105656810402,20,early_warning
83,23,230,287.645337025275,700.518340464105,20,early_warning
83,24,240,295.169116883419,693.931024117808,20,perimeter_crossing
83,25,250,302.692896741562,687.343707771511,20,perimeter_crossing
83,26,260,310.216676599706,680.756391425214,20,approach_clear_zone
83,27,270,317.74045645785,674.169075078917,20,approach_clear_zone
83,28,280,325.264236315993,667.58175873262,20,approach_clear_zone
83,29,290,334.500565375297,663.904199923564,20,approach_clear_zone
83,30,300,343.912030599184,660.524211411812,20,approach_clear_zone
83,31,310,353.32349582307,657.14422290006,20,approach_clear_zone
83,32,320,362.734961046957,653.764234388309,20,perimeter_crossing
83,33,330,372.146426270844,650.384245876557,20,perimeter_crossing
83,34,340,381.55789149473,647.004257364806,20,inside_secure_wall
83,35,350,390.969356718617,643.624268853054,20,inside_secure_wall
83,36,360,400.380821942504,640.244280341303,20,inside_secure_wall
83,37,370,409.79228716639,636.864291829551,20,inside_secure_wall
83,38,380,419.203752390277,633.484303317799,20,inside_secure_wall
83,39,390,428.615217614163,630.104314806048,20,inside_secure_wall
83,40,400,438.02668283805,626.724326294296,20,inside_secure_wall
83,41,410,447.438148061937,623.344337782545,20,inside_secure_wall
83,42,420,454.997922570564,616.910460797917,20,inside_secure_wall
83,43,430,462.34646394181,610.128208980483,20,inside_secure_wall
83,44,440,469.695005313057,603.34595716305,20,inside_secure_wall
83,45,450,477.043546684304,596.563705345617,20,inside_secure_wall
83,46,460,484.39208805555,589.781453528184,20,inside_secure_wall
83,47,470,491.740629426797,582.99920171075,20,inside_secure_wall
83,48,480,499.089170798043,576.216949893317,20,inside_secure_wall
83,49,490,506.43771216929,569.434698075884,20,inside_secure_wall
83,50,500,513.786253540537,562.65244625845,20,inside_secure_wall
83,51,510,521.134794911783,555.870194441017,20,inside_secure_wall
83,52,520,528.48333628303,549.087942623584,20,inside_secure_wall
83,53,530,535.831877654276,542.305690806151,20,inside_secure_wall
83,54,540,543.180419025523,535.523438988717,20,inside_secure_wall
83,55,550,550.52896039677,528.741187171284,20,inside_secure_wall
83,56,560,557.877501768016,521.958935353851,20,inside_secure_wall
83,57,562.888325893202,560,520,20,inside_secure_wall
84,0,0,912.620519399643,137.379480600357,20,early_warning
84,1,10,904.551884437591,143.286859871164,20,early_warning
84,2,20,896.483249475539,149.19423914197,20,early_warning
84,3,30,888.414614513487,155.101618412776,20,early_warning
84,4,40,880.345979551435,161.008997683583,20,early_warning
84,5,50,872.277344589383,166.916376954389,20,early_warning
84,6,60,864.208709627332,172.823756225196,20,early_warning
84,7,70,856.14007466528,178.731135496002,20,early_warning
84,8,80,848.071439703228,184.638514766809,20,early_warning
84,9,90,840.002804741176,190.545894037615,20,early_warning
84,10,100,831.934169779124,196.453273308422,20,early_warning
84,11,110,823.865534817072,202.360652579228,20,early_warning
84,12,120,815.79689985502,208.268031850035,20,early_warning
84,13,130,807.728264892968,214.175411120841,20,early_warning
84,14,140,799.659629930916,220.082790391647,20,early_warning
84,15,150,791.590994968864,225.990169662454,20,early_warning
84,16,160,786.008748876289,233.235761767311,20,early_warning
84,17,170,785.522162338835,243.223916428788,20,early_warning
84,18,180,785.035575801381,253.212071090264,20,early_warning
84,19,190,784.548989263928,263.20022575174,20,early_warning
84,20,200,784.062402726474,273.188380413216,20,early_warning
84,21,210,783.57581618902,283.176535074692,20,early_warning
84,22,220,783.089229651566,293.164689736169,20,early_warning
84,23,230,782.602643114113,303.152844397645,20,early_warning
84,24,240,782.116056576659,313.140999059121,20,early_warning
84,25,250,781.629470039205,323.129153720597,20,early_warning
84,26,260,781.142883501751,333.117308382073,20,early_warning
84,27,270,780.656296964298,343.10546304355,20,early_warning
84,28,280,780.169710426844,353.093617705026,20,early_warning
84,29,290,779.68312388939,363.081772366502,20,early_warning
84,30,300,779.196537351936,373.069927027978,20,early_warning
84,31,310,778.709950814483,383.058081689454,20,early_warning
84,32,320,778.223364277029,393.046236350931,20,early_warning
84,33,330,774.076861655743,401.088715023815,20,early_warning
84,34,340,766.069259027187,407.078564783462,20,early_warning
84,35,350,758.061656398631,413.06841454311,20,early_warning
84,36,360,750.054053770076,419.058264302757,20,early_warning
84,37,370,742.04645114152,425.048114062404,20,approach_clear_zone
84,38,380,734.038848512964,431.037963822052,20,approach_clear_zone
84,39,390,726.031245884408,437.027813581699,20,approach_clear_zone
84,40,400,718.023643255853,443.017663341346,20,approach_clear_zone
84,41,410,710.016040627297,449.007513100994,20,approach_clear_zone
84,42,420,702.008437998741,454.997362860641,20,perimeter_crossing
84,43,430,694.000835370185,460.987212620288,20,inside_secure_wall
84,44,440,685.99323274163,466.977062379935,20,inside_secure_wall
84,45,450,677.931291210022,472.870043362732,20,inside_secure_wall
84,46,460,668.645369175881,476.581061009667,20,inside_secure_wall
84,47,470,659.359447141741,480.292078656601,20,inside_secure_wall
84,48,480,650.0735251076,484.003096303535,20,inside_secure_wall
84,49,490,640.787603073459,487.714113950469,20,inside_secure_wall
84,50,500,631.501681039318,491.425131597403,20,inside_secure_wall
84,51,510,622.215759005177,495.136149244337,20,inside_secure_wall
84,52,520,612.929836971036,498.847166891271,20,inside_secure_wall
84,53,530,603.643914936895,502.558184538205,20,inside_secure_wall
84,54,540,594.357992902754,506.269202185139,20,inside_secure_wall
84,55,550,585.072070868613,509.980219832073,20,inside_secure_wall
84,56,560,575.786148834472,513.691237479007,20,inside_secure_wall
84,57,570,566.500226800331,517.402255125941,20,inside_secure_wall
84,58,577.000087634197,560,520,20,inside_secure_wall
85,0,0,842.435268759727,207.564731240273,20,early_warning
85,1,10,839.695797101231,217.182178668374,20,early_warning
85,2,20,836.956325442735,226.799626096475,20,early_warning
85,3,30,834.216853784238,236.417073524577,20,early_warning
85,4,40,831.477382125742,246.034520952678,20,early_warning
85,5,50,828.737910467245,255.65196838078,20,early_warning
85,6,60,825.998438808748,265.269415808881,20,early_warning
85,7,70,823.258967150252,274.886863236982,20,early_warning
85,8,80,820.519495491755,284.504310665084,20,early_warning
85,9,90,817.780023833259,294.121758093185,20,early_warning
85,10,100,815.040552174763,303.739205521287,20,early_warning
85,11,110,812.301080516266,313.356652949388,20,early_warning
85,12,120,805.759526781461,318.956637071353,20,early_warning
85,13,130,796.005863841606,321.162551678879,20,early_warning
85,14,140,786.252200901751,323.368466286406,20,early_warning
85,15,150,776.498537961896,325.574380893932,20,early_warning
85,16,160,766.744875022041,327.780295501459,20,early_warning
85,17,170,756.991212082186,329.986210108986,20,early_warning
85,18,180,747.237549142331,332.192124716512,20,approach_clear_zone
85,19,190,737.483886202476,334.398039324039,20,approach_clear_zone
85,20,200,727.730223262621,336.603953931566,20,approach_clear_zone
85,21,210,717.976560322766,338.809868539092,20,approach_clear_zone
85,22,220,708.222897382911,341.015783146619,20,approach_clear_zone
85,23,230,698.469234443056,343.221697754145,20,perimeter_crossing
85,24,240,689.587918232433,346.465560672215,20,perimeter_crossing
85,25,250,685.736454007846,355.694115452175,20,inside_secure_wall
85,26,260,681.884989783258,364.922670232135,20,inside_secure_wall
85,27,270,678.03352555867,374.151225012095,20,inside_secure_wall
85,28,280,674.182061334083,383.379779792054,20,inside_secure_wall
85,29,290,670.330597109495,392.608334572014,20,inside_secure_wall
85,30,300,666.479132884908,401.836889351974,20,inside_secure_wall
85,31,310,662.62766866032,411.065444131934,20,inside_secure_wall
85,32,320,658.776204435733,420.293998911894,20,inside_secure_wall
85,33,330,654.924740211145,429.522553691854,20,inside_secure_wall
85,34,340,651.073275986558,438.751108471814,20,inside_secure_wall
85,35,350,646.615275860541,447.533015857608,20,inside_secure_wall
85,36,360,638.945601791701,453.949876435629,20,inside_secure_wall
85,37,370,631.275927722861,460.36673701365,20,inside_secure_wall
85,38,380,623.606253654021,466.783597591672,20,inside_secure_wall
85,39,390,615.936579585181,473.200458169693,20,inside_secure_wall
85,40,400,608.266905516341,479.617318747714,20,inside_secure_wall
85,41,410,600.597231447501,486.034179325736,20,inside_secure_wall
85,42,420,592.927557378661,492.451039903757,20,inside_secure_wall
85,43,430,585.257883309821,498.867900481778,20,inside_secure_wall
85,44,440,577.588209240981,505.284761059799,20,inside_secure_wall
85,45,450,569.918535172141,511.701621637821,20,inside_secure_wall
85,46,460,562.248861103301,518.118482215842,20,inside_secure_wall
85,47,462.932146898442,560,520,20,inside_secure_wall
86,0,0,862.250018119812,812.250018119812,20,early_warning
86,1,10,854.137897650683,806.402497149833,20,early_warning
86,2,20,846.025777181555,800.554976179854,20,early_warning
86,3,30,837.913656712426,794.707455209875,20,early_warning
86,4,40,829.801536243298,788.859934239896,20,early_warning
86,5,50,821.689415774169,783.012413269917,20,early_warning
86,6,60,813.57729530504,777.164892299937,20,early_warning
86,7,70,805.465174835912,771.317371329958,20,early_warning
86,8,80,797.353054366783,765.469850359979,20,early_warning
86,9,90,789.240933897655,759.62232939,20,early_warning
86,10,100,781.128813428526,753.774808420021,20,early_warning
86,11,110,773.016692959398,747.927287450042,20,early_warning
86,12,120,764.904572490269,742.079766480063,20,early_warning
86,13,130,756.691260835027,736.385388372503,20,early_warning
86,14,140,748.130849247829,731.216311718229,20,early_warning
86,15,150,739.57043766063,726.047235063955,20,early_warning
86,16,160,731.010026073432,720.878158409681,20,early_warning
86,17,170,722.449614486234,715.709081755407,20,early_warning
86,18,180,713.889202899035,710.540005101133,20,early_warning
86,19,190,705.328791311837,705.370928446859,20,early_warning
86,20,200,696.768379724639,700.201851792585,20,early_warning
86,21,210,688.20796813744,695.032775138311,20,approach_clear_zone
86,22,220,679.647556550242,689.863698484037,20,approach_clear_zone
86,23,230,672.059724310536,683.954748256797,20,approach_clear_zone
86,24,240,669.362462992499,674.325377489077,20,approach_clear_zone
86,25,250,666.665201674463,664.696006721357,20,approach_clear_zone
86,26,260,663.967940356426,655.066635953637,20,approach_clear_zone
86,27,270,661.27067903839,645.437265185916,20,inside_secure_wall
86,28,280,658.573417720354,635.807894418196,20,inside_secure_wall
86,29,290,655.876156402317,626.178523650476,20,inside_secure_wall
86,30,300,653.178895084281,616.549152882756,20,inside_secure_wall
86,31,310,650.481633766244,606.919782115036,20,inside_secure_wall
86,32,320,647.784372448208,597.290411347315,20,inside_secure_wall
86,33,330,645.087111130172,587.661040579595,20,inside_secure_wall
86,34,340,642.389849812135,578.031669811875,20,inside_secure_wall
86,35,350,639.692588494099,568.402299044155,20,inside_secure_wall
86,36,360,634.074572727289,561.081075831662,20,inside_secure_wall
86,37,370,625.329420590317,556.231094996524,20,inside_secure_wall
86,38,380,616.584268453344,551.381114161386,20,inside_secure_wall
86,39,390,607.839116316372,546.531133326248,20,inside_secure_wall
86,40,400,599.093964179399,541.68115249111,20,inside_secure_wall
86,41,410,590.348812042427,536.831171655972,20,inside_secure_wall
86,42,420,581.603659905454,531.981190820834,20,inside_secure_wall
86,43,430,572.858507768482,527.131209985696,20,inside_secure_wall
86,44,440,564.113355631509,522.281229150558,20,inside_secure_wall
86,45,444.703583845179,560,520,20,inside_secure_wall
87,0,0,117.935232520103,549.313640594482,20,early_warning
87,1,10,127.820344332496,547.802163020551,20,early_warning
87,2,20,137.705456144888,546.290685446619,20,early_warning
87,3,30,147.590567957281,544.779207872687,20,early_warning
87,4,40,157.475679769673,543.267730298755,20,early_warning
87,5,50,167.360791582066,541.756252724824,20,early_warning
87,6,60,177.245903394458,540.244775150892,20,early_warning
87,7,70,187.131015206851,538.73329757696,20,early_warning
87,8,80,197.016127019243,537.221820003028,20,early_warning
87,9,90,206.901238831636,535.710342429096,20,early_warning
87,10,100,216.786350644028,534.198864855165,20,early_warning
87,11,110,226.671462456421,532.687387281233,20,early_warning
87,12,120,236.556574268813,531.175909707301,20,early_warning
87,13,130,246.338420480256,529.383129523282,20,early_warning
87,14,140,254.85361182026,524.139894220234,20,approach_clear_zone
87,15,150,263.368803160264,518.896658917187,20,approach_clear_zone
87,16,160,271.883994500268,513.65342361414,20,approach_clear_zone
87,17,170,280.399185840272,508.410188311092,20,approach_clear_zone
87,18,180,288.914377180276,503.166953008045,20,approach_clear_zone
87,19,190,297.42956852028,497.923717704998,20,perimeter_crossing
87,20,200,305.944759860284,492.680482401951,20,inside_secure_wall
87,21,210,314.609245917463,488.43896359911,20,inside_secure_wall
87,22,220,324.28329896486,490.971294074413,20,inside_secure_wall
87,23,230,333.957352012257,493.503624549716,20,inside_secure_wall
87,24,240,343.631405059654,496.035955025019,20,inside_secure_wall
87,25,250,353.305458107051,498.568285500321,20,inside_secure_wall
87,26,260,362.979511154448,501.100615975624,20,inside_secure_wall
87,27,270,372.653564201845,503.632946450927,20,inside_secure_wall
87,28,280,382.327617249242,506.16527692623,20,inside_secure_wall
87,29,290,392.001670296639,508.697607401533,20,inside_secure_wall
87,30,300,401.675723344036,511.229937876836,20,inside_secure_wall
87,31,310,411.349776391433,513.762268352139,20,inside_secure_wall
87,32,320,421.02382943883,516.294598827442,20,inside_secure_wall
87,33,330,430.769355644887,518.299099597482,20,inside_secure_wall
87,34,340,440.76848960014,518.430705619058,20,inside_secure_wall
87,35,350,450.767623555392,518.562311640635,20,inside_secure_wall
87,36,360,460.766757510645,518.693917662211,20,inside_secure_wall
87,37,370,470.765891465897,518.825523683787,20,inside_secure_wall
87,38,380,480.76502542115,518.957129705364,20,inside_secure_wall
87,39,390,490.764159376403,519.08873572694,20,inside_secure_wall
87,40,400,500.763293331655,519.220341748516,20,inside_secure_wall
87,41,410,510.762427286908,519.351947770093,20,inside_secure_wall
87,42,420,520.76156124216,519.483553791669,20,inside_secure_wall
87,43,430,530.760695197413,519.615159813245,20,inside_secure_wall
87,44,440,540.759829152665,519.746765834822,20,inside_secure_wall
87,45,450,550.758963107918,519.878371856398,20,inside_secure_wall
87,46,459.241837276545,560,520,20,inside_secure_wall
88,0,0,901.879516839981,663.440728187561,20,early_warning
88,1,10,895.169397473058,656.026262725935,20,early_warning
88,2,20,888.459278106134,648.61179726431,20,early_warning
88,3,30,881.749158739211,641.197331802684,20,early_warning
88,4,40,875.039039372287,633.782866341059,20,early_warning
88,5,50,868.328920005364,626.368400879433,20,early_warning
88,6,60,861.61880063844,618.953935417808,20,early_warning
88,7,70,854.908681271517,611.539469956182,20,early_warning
88,8,80,848.198561904593,604.125004494556,20,early_warning
88,9,90,841.48844253767,596.710539032931,20,early_warning
88,10,100,834.778323170746,589.296073571305,20,early_warning
88,11,110,825.179247124153,587.426978866872,20,early_warning
88,12,120,815.257691417735,586.176885924551,20,early_warning
88,13,130,805.336135711317,584.92679298223,20,early_warning
88,14,140,795.414580004899,583.676700039909,20,early_warning
88,15,150,785.49302429848,582.426607097588,20,early_warning
88,16,160,775.571468592062,581.176514155267,20,early_warning
88,17,170,765.649912885644,579.926421212947,20,early_warning
88,18,180,755.728357179226,578.676328270626,20,early_warning
88,19,190,745.806801472808,577.426235328305,20,approach_clear_zone
88,20,200,737.645745154263,572.374551648168,20,approach_clear_zone
88,21,210,730.274857221808,565.616592556313,20,approach_clear_zone
88,22,220,722.903969289353,558.858633464457,20,approach_clear_zone
88,23,230,715.533081356899,552.100674372602,20,approach_clear_zone
88,24,240,708.162193424444,545.342715280746,20,approach_clear_zone
88,25,250,700.791305491989,538.58475618889,20,perimeter_crossing
88,26,260,693.420417559535,531.826797097035,20,inside_secure_wall
88,27,270,686.04952962708,525.068838005179,20,inside_secure_wall
88,28,280,678.678641694625,518.310878913324,20,inside_secure_wall
88,29,290,670.744690588511,513.14413052924,20,inside_secure_wall
88,30,300,660.763798055924,513.762017454938,20,inside_secure_wall
88,31,310,650.782905523337,514.379904380636,20,inside_secure_wall
88,32,320,640.80201299075,514.997791306334,20,inside_secure_wall
88,33,330,630.821120458163,515.615678232032,20,inside_secure_wall
88,34,340,620.840227925576,516.23356515773,20,inside_secure_wall
88,35,350,610.859335392989,516.851452083427,20,inside_secure_wall
88,36,360,600.878442860402,517.469339009125,20,inside_secure_wall
88,37,370,590.897550327815,518.087225934823,20,inside_secure_wall
88,38,380,580.916657795228,518.705112860521,20,inside_secure_wall
88,39,390,570.935765262641,519.322999786219,20,inside_secure_wall
88,40,400,560.954872730054,519.940886711917,20,inside_secure_wall
88,41,400.956700742881,560,520,20,inside_secure_wall
89,0,0,346.9597697258,128.305733799934,20,early_warning
89,1,10,353.221945456966,136.102217309311,20,early_warning
89,2,20,359.484121188133,143.898700818688,20,early_warning
89,3,30,365.7462969193,151.695184328065,20,early_warning
89,4,40,372.008472650467,159.491667837442,20,early_warning
89,5,50,378.270648381634,167.288151346818,20,early_warning
89,6,60,384.532824112801,175.084634856195,20,early_warning
89,7,70,390.794999843968,182.881118365572,20,early_warning
89,8,80,397.057175575135,190.677601874949,20,early_warning
89,9,90,403.319351306301,198.474085384326,20,early_warning
89,10,100,410.70659078688,205.151898744581,20,early_warning
89,11,110,418.467259385342,211.458405139159,20,early_warning
89,12,120,426.227927983804,217.764911533737,20,early_warning
89,13,130,433.988596582265,224.071417928315,20,early_warning
89,14,140,441.749265180727,230.377924322893,20,early_warning
89,15,150,449.509933779188,236.684430717471,20,early_warning
89,16,160,457.27060237765,242.990937112049,20,early_warning
89,17,170,465.031270976111,249.297443506627,20,early_warning
89,18,180,472.791939574573,255.603949901205,20,early_warning
89,19,190,480.552608173035,261.910456295783,20,early_warning
89,20,200,488.313276771496,268.216962690361,20,early_warning
89,21,210,496.073945369958,274.523469084939,20,early_warning
89,22,220,503.834613968419,280.829975479517,20,early_warning
89,23,230,511.595282566881,287.136481874094,20,early_warning
89,24,240,519.355951165342,293.442988268672,20,early_warning
89,25,250,525.496609809557,300.401416052525,20,approach_clear_zone
89,26,260,524.267460637794,310.325588174851,20,approach_clear_zone
89,27,270,523.038311466031,320.249760297177,20,approach_clear_zone
89,28,280,521.809162294268,330.173932419503,20,approach_clear_zone
89,29,290,520.580013122505,340.098104541829,20,approach_clear_zone
89,30,300,519.350863950742,350.022276664156,20,inside_secure_wall
89,31,310,518.121714778979,359.946448786482,20,inside_secure_wall
89,32,320,516.892565607216,369.870620908808,20,inside_secure_wall
89,33,330,515.663416435453,379.794793031134,20,inside_secure_wall
89,34,340,514.43426726369,389.71896515346,20,inside_secure_wall
89,35,350,513.205118091927,399.643137275786,20,inside_secure_wall
89,36,360,511.975968920164,409.567309398112,20,inside_secure_wall
89,37,370,510.746819748401,419.491481520438,20,inside_secure_wall
89,38,380,513.041737848767,428.788545345228,20,inside_secure_wall
89,39,390,517.619034447717,437.679459575229,20,inside_secure_wall
89,40,400,522.196331046667,446.570373805231,20,inside_secure_wall
89,41,410,526.773627645616,455.461288035232,20,inside_secure_wall
89,42,420,531.350924244566,464.352202265234,20,inside_secure_wall
89,43,430,535.928220843515,473.243116495235,20,inside_secure_wall
89,44,440,540.505517442465,482.134030725237,20,inside_secure_wall
89,45,450,545.082814041415,491.024944955239,20,inside_secure_wall
89,46,460,549.660110640364,499.91585918524,20,inside_secure_wall
89,47,470,554.237407239314,508.806773415242,20,inside_secure_wall
89,48,480,558.814703838264,517.697687645243,20,inside_secure_wall
89,49,482.589511376668,560,520,20,inside_secure_wall
90,0,0,489.618629217148,198.49098443985,20,early_warning
90,1,10,487.938741724378,208.3488735654,20,early_warning
90,2,20,486.258854231607,218.20676269095,20,early_warning
90,3,30,484.578966738837,228.064651816499,20,early_warning
90,4,40,482.899079246067,237.922540942049,20,early_warning
90,5,50,481.219191753296,247.780430067599,20,early_warning
90,6,60,479.539304260526,257.638319193149,20,early_warning
90,7,70,477.859416767756,267.496208318699,20,early_warning
90,8,80,476.179529274986,277.354097444249,20,early_warning
90,9,90,474.499641782215,287.211986569799,20,early_warning
90,10,100,472.932602426358,297.023032206423,20,early_warning
90,11,110,481.099800924458,302.793376103681,20,approach_clear_zone
90,12,120,489.266999422559,308.563720000939,20,approach_clear_zone
90,13,130,497.43419792066,314.334063898197,20,approach_clear_zone
90,14,140,505.60139641876,320.104407795456,20,approach_clear_zone
90,15,150,513.768594916861,325.874751692714,20,approach_clear_zone
90,16,160,521.935793414961,331.645095589972,20,approach_clear_zone
90,17,170,529.941134011879,337.572727928086,20,approach_clear_zone
90,18,180,535.475288551867,345.901781507427,20,perimeter_crossing
90,19,190,541.009443091856,354.230835086767,20,inside_secure_wall
90,20,200,546.543597631844,362.559888666108,20,inside_secure_wall
90,21,210,552.077752171833,370.888942245449,20,inside_secure_wall
90,22,220,557.611906711821,379.217995824789,20,inside_secure_wall
90,23,230,563.14606125181,387.54704940413,20,inside_secure_wall
90,24,240,568.680215791798,395.87610298347,20,inside_secure_wall
90,25,250,574.214370331787,404.205156562811,20,inside_secure_wall
90,26,260,579.748524871775,412.534210142151,20,inside_secure_wall
90,27,270,585.282679411764,420.863263721492,20,inside_secure_wall
90,28,280,590.816833951752,429.192317300832,20,inside_secure_wall
90,29,290,596.35098849174,437.521370880173,20,inside_secure_wall
90,30,300,597.140908822848,446.136724535373,20,inside_secure_wall
90,31,310,592.64853444066,455.070848578068,20,inside_secure_wall
90,32,320,588.156160058473,464.004972620764,20,inside_secure_wall
90,33,330,583.663785676285,472.939096663459,20,inside_secure_wall
90,34,340,579.171411294097,481.873220706154,20,inside_secure_wall
90,35,350,574.67903691191,490.807344748849,20,inside_secure_wall
90,36,360,570.186662529722,499.741468791544,20,inside_secure_wall
90,37,370,565.694288147535,508.67559283424,20,inside_secure_wall
90,38,380,561.201913765347,517.609716876935,20,inside_secure_wall
90,39,382.675453252767,560,520,20,inside_secure_wall
91,0,0,632.277488708496,821.323764920235,20,early_warning
91,1,10,627.106224696013,812.764674518025,20,early_warning
91,2,20,621.93496068353,804.205584115815,20,early_warning
91,3,30,616.763696671047,795.646493713605,20,early_warning
91,4,40,611.592432658565,787.087403311396,20,early_warning
91,5,50,606.421168646082,778.528312909186,20,early_warning
91,6,60,601.249904633599,769.969222506976,20,early_warning
91,7,70,596.078640621116,761.410132104766,20,early_warning
91,8,80,599.098202703453,752.766642161443,20,early_warning
91,9,90,604.091999047277,744.102809402415,20,early_warning
91,10,100,609.085795391101,735.438976643387,20,early_warning
91,11,110,614.079591734925,726.775143884359,20,early_warning
91,12,120,619.07338807875,718.111311125331,20,early_warning
91,13,130,624.067184422574,709.447478366303,20,early_warning
91,14,140,629.060980766398,700.783645607275,20,early_warning
91,15,150,634.054777110222,692.119812848247,20,approach_clear_zone
91,16,160,639.048573454046,683.455980089218,20,approach_clear_zone
91,17,170,644.04236979787,674.79214733019,20,approach_clear_zone
91,18,180,649.036166141694,666.128314571162,20,approach_clear_zone
91,19,190,649.0986694825,658.586478845795,20,approach_clear_zone
91,20,200,640.848019076759,652.936101169723,20,perimeter_crossing
91,21,210,632.597368671019,647.285723493651,20,inside_secure_wall
91,22,220,624.346718265278,641.635345817579,20,inside_secure_wall
91,23,230,616.096067859538,635.984968141507,20,inside_secure_wall
91,24,240,607.845417453797,630.334590465434,20,inside_secure_wall
91,25,250,599.594767048057,624.684212789362,20,inside_secure_wall
91,26,260,591.344116642316,619.03383511329,20,inside_secure_wall
91,27,270,586.967931500305,610.559274697302,20,inside_secure_wall
91,28,280,584.113862771493,600.975210231158,20,inside_secure_wall
91,29,290,581.25979404268,591.391145765013,20,inside_secure_wall
91,30,300,578.405725313868,581.807081298869,20,inside_secure_wall
91,31,310,575.551656585056,572.223016832724,20,inside_secure_wall
91,32,320,572.697587856243,562.638952366579,20,inside_secure_wall
91,33,330,569.843519127431,553.054887900435,20,inside_secure_wall
91,34,340,566.989450398619,543.47082343429,20,inside_secure_wall
91,35,350,564.135381669807,533.886758968146,20,inside_secure_wall
91,36,360,561.281312940994,524.302694502001,20,inside_secure_wall
91,37,364.489425668202,560,520,20,inside_secure_wall
92,0,0,108.861485719681,158.861485719681,20,early_warning
92,1,10,118.204784468778,162.425580062586,20,early_warning
92,2,20,127.548083217874,165.98967440549,20,early_warning
92,3,30,136.891381966971,169.553768748395,20,early_warning
92,4,40,146.234680716068,173.1178630913,20,early_warning
92,5,50,155.577979465165,176.681957434205,20,early_warning
92,6,60,164.921278214262,180.24605177711,20,early_warning
92,7,70,174.264576963358,183.810146120015,20,early_warning
92,8,80,183.607875712455,187.374240462919,20,early_warning
92,9,90,192.951174461552,190.938334805824,20,early_warning
92,10,100,202.294473210649,194.502429148729,20,early_warning
92,11,110,211.637771959746,198.066523491634,20,early_warning
92,12,120,220.981070708842,201.630617834539,20,early_warning
92,13,130,230.324369457939,205.194712177444,20,early_warning
92,14,140,239.667668207036,208.758806520348,20,early_warning
92,15,150,249.010966956133,212.322900863253,20,early_warning
92,16,160,258.35426570523,215.886995206158,20,early_warning
92,17,170,264.876229280994,221.613567315144,20,early_warning
92,18,180,265.889960148784,231.562052110715,20,early_warning
92,19,190,266.903691016574,241.510536906285,20,early_warning
92,20,200,267.917421884365,251.459021701855,20,early_warning
92,21,210,268.931152752155,261.407506497425,20,early_warning
92,22,220,269.944883619945,271.355991292995,20,early_warning
92,23,230,270.958614487735,281.304476088565,20,early_warning
92,24,240,271.972345355526,291.252960884135,20,early_warning
92,25,250,272.986076223316,301.201445679705,20,approach_clear_zone
92,26,260,273.999807091106,311.149930475275,20,approach_clear_zone
92,27,270,275.013537958896,321.098415270845,20,approach_clear_zone
92,28,280,276.027268826687,331.046900066415,20,approach_clear_zone
92,29,290,277.040999694477,340.995384861986,20,approach_clear_zone
92,30,300,278.054730562267,350.943869657556,20,perimeter_crossing
92,31,310,279.068461430057,360.892354453126,20,approach_clear_zone
92,32,320,280.082192297847,370.840839248696,20,approach_clear_zone
92,33,330,281.095923165638,380.789324044266,20,approach_clear_zone
92,34,340,285.34672261339,388.341235488718,20,approach_clear_zone
92,35,350,294.566082339821,392.214658552968,20,approach_clear_zone
92,36,360,303.785442066252,396.088081617218,20,inside_secure_wall
92,37,370,313.004801792682,399.961504681469,20,inside_secure_wall
92,38,380,322.224161519113,403.834927745719,20,inside_secure_wall
92,39,390,331.443521245544,407.708350809969,20,inside_secure_wall
92,40,400,340.662880971975,411.58177387422,20,inside_secure_wall
92,41,410,349.882240698405,415.45519693847,20,inside_secure_wall
92,42,420,359.101600424836,419.328620002721,20,inside_secure_wall
92,43,430,368.320960151267,423.202043066971,20,inside_secure_wall
92,44,440,377.540319877698,427.075466131221,20,inside_secure_wall
92,45,450,386.759679604128,430.948889195472,20,inside_secure_wall
92,46,460,395.979039330559,434.822312259722,20,inside_secure_wall
92,47,470,405.19839905699,438.695735323972,20,inside_secure_wall
92,48,480,414.288907317861,442.84118077969,20,inside_secure_wall
92,49,490,423.126343721131,447.520894213028,20,inside_secure_wall
92,50,500,431.963780124401,452.200607646365,20,inside_secure_wall
92,51,510,440.801216527671,456.880321079703,20,inside_secure_wall
92,52,520,449.638652930941,461.56003451304,20,inside_secure_wall
92,53,530,458.476089334211,466.239747946378,20,inside_secure_wall
92,54,540,467.313525737481,470.919461379715,20,inside_secure_wall
92,55,550,476.150962140751,475.599174813053,20,inside_secure_wall
92,56,560,484.988398544021,480.27888824639,20,inside_secure_wall
92,57,570,493.825834947291,484.958601679728,20,inside_secure_wall
92,58,580,502.663271350561,489.638315113065,20,inside_secure_wall
92,59,590,511.50070775383,494.318028546403,20,inside_secure_wall
92,60,600,520.3381441571,498.99774197974,20,inside_secure_wall
92,61,610,529.17558056037,503.677455413078,20,inside_secure_wall
92,62,620,538.01301696364,508.357168846415,20,inside_secure_wall
92,63,630,546.85045336691,513.036882279753,20,inside_secure_wall
92,64,640,555.68788977018,517.71659571309,20,inside_secure_wall
92,65,644.879367763511,560,520,20,inside_secure_wall
93,0,0,89.0467363595963,860.953263640404,20,early_warning
93,1,10,96.2565829029983,854.023753353191,20,early_warning
93,2,20,103.4664294464,847.094243065977,20,early_warning
93,3,30,110.676275989802,840.164732778764,20,early_warning
93,4,40,117.886122533204,833.235222491551,20,early_warning
93,5,50,125.095969076606,826.305712204338,20,early_warning
93,6,60,132.305815620008,819.376201917124,20,early_warning
93,7,70,139.51566216341,812.446691629911,20,early_warning
93,8,80,146.725508706812,805.517181342698,20,early_warning
93,9,90,153.935355250214,798.587671055485,20,early_warning
93,10,100,161.145201793616,791.658160768271,20,early_warning
93,11,110,168.355048337018,784.728650481058,20,early_warning
93,12,120,175.56489488042,777.799140193845,20,early_warning
93,13,130,182.774741423822,770.869629906632,20,early_warning
93,14,140,190.911143096562,765.250099340009,20,early_warning
93,15,150,199.846444325909,760.760066830012,20,early_warning
93,16,160,208.781745555256,756.270034320015,20,early_warning
93,17,170,217.717046784604,751.780001810018,20,early_warning
93,18,180,226.652348013951,747.289969300022,20,early_warning
93,19,190,235.587649243298,742.799936790025,20,early_warning
93,20,200,244.522950472645,738.309904280028,20,early_warning
93,21,210,253.458251701992,733.819871770032,20,early_warning
93,22,220,262.393552931339,729.329839260035,20,early_warning
93,23,230,271.328854160686,724.839806750038,20,early_warning
93,24,240,280.264155390034,720.349774240041,20,early_warning
93,25,250,289.199456619381,715.859741730045,20,early_warning
93,26,260,298.134757848728,711.369709220048,20,early_warning
93,27,270,307.070059078075,706.879676710051,20,early_warning
93,28,280,316.005360307422,702.389644200054,20,early_warning
93,29,290,324.940661536769,697.899611690058,20,approach_clear_zone
93,30,300,333.875962766116,693.409579180061,20,approach_clear_zone
93,31,310,340.619237231932,686.411969802703,20,approach_clear_zone
93,32,320,346.263484640312,678.157124486587,20,approach_clear_zone
93,33,330,351.907732048692,669.902279170471,20,approach_clear_zone
93,34,340,357.551979457071,661.647433854355,20,approach_clear_zone
93,35,350,363.196226865451,653.39258853824,20,perimeter_crossing
93,36,360,368.840474273831,645.137743222124,20,inside_secure_wall
93,37,370,374.484721682211,636.882897906008,20,inside_secure_wall
93,38,380,380.128969090591,628.628052589893,20,inside_secure_wall
93,39,390,385.773216498971,620.373207273777,20,inside_secure_wall
93,40,400,391.417463907351,612.118361957661,20,inside_secure_wall
93,41,410,397.061711315731,603.863516641546,20,inside_secure_wall
93,42,420,402.70595872411,595.60867132543,20,inside_secure_wall
93,43,430,408.35020613249,587.353826009314,20,inside_secure_wall
93,44,440,413.99445354087,579.098980693199,20,inside_secure_wall
93,45,450,419.63870094925,570.844135377083,20,inside_secure_wall
93,46,460,427.437908138427,565.420591376918,20,inside_secure_wall
93,47,470,436.898008217679,562.179217209911,20,inside_secure_wall
93,48,480,446.358108296931,558.937843042905,20,inside_secure_wall
93,49,490,455.818208376182,555.696468875898,20,inside_secure_wall
93,50,500,465.278308455434,552.455094708892,20,inside_secure_wall
93,51,510,474.738408534686,549.213720541885,20,inside_secure_wall
93,52,520,484.198508613938,545.972346374879,20,inside_secure_wall
93,53,530,493.65860869319,542.730972207872,20,inside_secure_wall
93,54,540,503.118708772442,539.489598040866,20,inside_secure_wall
93,55,550,512.578808851694,536.248223873859,20,inside_secure_wall
93,56,560,522.038908930946,533.006849706853,20,inside_secure_wall
93,57,570,531.499009010198,529.765475539846,20,inside_secure_wall
93,58,580,540.95910908945,526.524101372839,20,inside_secure_wall
93,59,590,550.419209168702,523.282727205833,20,inside_secure_wall
93,60,600,559.879309247954,520.041353038826,20,inside_secure_wall
93,61,600.127578726478,560,520,20,inside_secure_wall
94,0,0,840.768013000488,209.231986999512,20,early_warning
94,1,10,833.247072174655,215.822544570333,20,early_warning
94,2,20,825.726131348821,222.413102141154,20,early_warning
94,3,30,818.205190522987,229.003659711975,20,early_warning
94,4,40,810.684249697154,235.594217282796,20,early_warning
94,5,50,803.16330887132,242.184774853617,20,early_warning
94,6,60,795.642368045486,248.775332424439,20,early_warning
94,7,70,788.121427219652,255.36588999526,20,early_warning
94,8,80,780.600486393819,261.956447566081,20,early_warning
94,9,90,773.079545567985,268.547005136902,20,early_warning
94,10,100,765.558604742151,275.137562707723,20,early_warning
94,11,110,758.037663916318,281.728120278544,20,early_warning
94,12,120,752.57825772099,289.243556815041,20,early_warning
94,13,130,752.65621093751,299.243252975227,20,early_warning
94,14,140,752.734164154029,309.242949135413,20,early_warning
94,15,150,752.812117370549,319.242645295598,20,early_warning
94,16,160,752.890070587069,329.242341455784,20,early_warning
94,17,170,752.968023803588,339.24203761597,20,early_warning
94,18,180,753.045977020108,349.241733776156,20,early_warning
94,19,190,753.123930236628,359.241429936341,20,early_warning
94,20,200,753.201883453147,369.241126096527,20,early_warning
94,21,210,753.279836669667,379.240822256713,20,early_warning
94,22,220,749.697468615271,386.844165545947,20,approach_clear_zone
94,23,230,740.50124897,390.77221140056,20,approach_clear_zone
94,24,240,731.305029324729,394.700257255172,20,approach_clear_zone
94,25,250,722.108809679459,398.628303109784,20,approach_clear_zone
94,26,260,712.912590034188,402.556348964397,20,approach_clear_zone
94,27,270,703.716370388917,406.484394819009,20,perimeter_crossing
94,28,280,694.520150743647,410.412440673622,20,inside_secure_wall
94,29,290,685.323931098376,414.340486528234,20,inside_secure_wall
94,30,300,676.127711453105,418.268532382847,20,inside_secure_wall
94,31,310,666.931491807835,422.196578237459,20,inside_secure_wall
94,32,320,657.735272162564,426.124624092072,20,inside_secure_wall
94,33,330,648.539052517293,430.052669946684,20,inside_secure_wall
94,34,340,640.596132923189,435.791221080888,20,inside_secure_wall
94,35,350,633.681729217798,443.015556441242,20,inside_secure_wall
94,36,360,626.767325512406,450.239891801597,20,inside_secure_wall
94,37,370,619.852921807014,457.464227161951,20,inside_secure_wall
94,38,380,612.938518101623,464.688562522305,20,inside_secure_wall
94,39,390,606.024114396231,471.91289788266,20,inside_secure_wall
94,40,400,599.10971069084,479.137233243014,20,inside_secure_wall
94,41,410,592.195306985448,486.361568603368,20,inside_secure_wall
94,42,420,585.280903280056,493.585903963723,20,inside_secure_wall
94,43,430,578.366499574664,500.810239324077,20,inside_secure_wall
94,44,440,571.452095869273,508.034574684431,20,inside_secure_wall
94,45,450,564.537692163881,515.258910044786,20,inside_secure_wall
94,46,456.562665932194,560,520,20,inside_secure_wall
95,0,0,860.582762360573,189.417237639427,20,early_warning
95,1,10,851.341247949483,193.237500901248,20,early_warning
95,2,20,842.099733538393,197.057764163069,20,early_warning
95,3,30,832.858219127303,200.878027424889,20,early_warning
95,4,40,823.616704716213,204.69829068671,20,early_warning
95,5,50,814.375190305123,208.518553948531,20,early_warning
95,6,60,805.133675894033,212.338817210352,20,early_warning
95,7,70,795.892161482943,216.159080472173,20,early_warning
95,8,80,786.650647071853,219.979343733993,20,early_warning
95,9,90,777.409132660764,223.799606995814,20,early_warning
95,10,100,768.167618249674,227.619870257635,20,early_warning
95,11,110,759.54111442275,232.311108697581,20,early_warning
95,12,120,752.849016394844,239.741843788061,20,early_warning
95,13,130,746.156918366938,247.172578878541,20,early_warning
95,14,140,739.464820339031,254.603313969022,20,early_warning
95,15,150,732.772722311125,262.034049059502,20,early_warning
95,16,160,726.080624283219,269.464784149982,20,early_warning
95,17,170,719.388526255313,276.895519240463,20,early_warning
95,18,180,712.696428227407,284.326254330943,20,early_warning
95,19,190,706.004330199501,291.756989421423,20,early_warning
95,20,200,699.312232171595,299.187724511904,20,early_warning
95,21,210,692.620134143689,306.618459602384,20,approach_clear_zone
95,22,220,685.928036115783,314.049194692864,20,approach_clear_zone
95,23,230,679.235938087877,321.479929783344,20,approach_clear_zone
95,24,240,672.878715491235,329.190022660334,20,approach_clear_zone
95,25,250,666.768338892226,337.10603793434,20,approach_clear_zone
95,26,260,660.657962293218,345.022053208345,20,perimeter_crossing
95,27,270,654.547585694209,352.938068482351,20,inside_secure_wall
95,28,280,648.437209095201,360.854083756356,20,inside_secure_wall
95,29,290,642.326832496192,368.770099030362,20,inside_secure_wall
95,30,300,636.216455897183,376.686114304367,20,inside_secure_wall
95,31,310,630.106079298175,384.602129578373,20,inside_secure_wall
95,32,320,623.995702699166,392.518144852378,20,inside_secure_wall
95,33,330,617.885326100157,400.434160126384,20,inside_secure_wall
95,34,340,611.774949501149,408.350175400389,20,inside_secure_wall
95,35,350,605.66457290214,416.266190674395,20,inside_secure_wall
95,36,360,600.594913840824,424.792267973255,20,inside_secure_wall
95,37,370,596.672738253485,433.99099281217,20,inside_secure_wall
95,38,380,592.750562666146,443.189717651086,20,inside_secure_wall
95,39,390,588.828387078807,452.388442490001,20,inside_secure_wall
95,40,400,584.906211491468,461.587167328917,20,inside_secure_wall
95,41,410,580.984035904129,470.785892167832,20,inside_secure_wall
95,42,420,577.06186031679,479.984617006748,20,inside_secure_wall
95,43,430,573.13968472945,489.183341845663,20,inside_secure_wall
95,44,440,569.217509142111,498.382066684579,20,inside_secure_wall
95,45,450,565.295333554772,507.580791523494,20,inside_secure_wall
95,46,460,561.373157967433,516.77951636241,20,inside_secure_wall
95,47,463.501010948785,560,520,20,inside_secure_wall
96,0,0,880.397511720657,830.397511720657,20,early_warning
96,1,10,871.565989723676,825.706646212371,20,early_warning
96,2,20,862.734467726694,821.015780704084,20,early_warning
96,3,30,853.902945729713,816.324915195798,20,early_warning
96,4,40,845.071423732731,811.634049687511,20,early_warning
96,5,50,836.23990173575,806.943184179225,20,early_warning
96,6,60,827.408379738769,802.252318670938,20,early_warning
96,7,70,818.576857741787,797.561453162651,20,early_warning
96,8,80,809.745335744806,792.870587654365,20,early_warning
96,9,90,800.913813747824,788.179722146078,20,early_warning
96,10,100,792.082291750843,783.488856637792,20,early_warning
96,11,110,783.250769753861,778.797991129505,20,early_warning
96,12,120,774.41924775688,774.107125621219,20,early_warning
96,13,130,766.73119701158,768.070111123042,20,early_warning
96,14,140,760.673633604973,760.113609028847,20,early_warning
96,15,150,754.616070198365,752.157106934653,20,early_warning
96,16,160,748.558506791757,744.200604840458,20,early_warning
96,17,170,742.50094338515,736.244102746263,20,early_warning
96,18,180,736.443379978542,728.287600652068,20,early_warning
96,19,190,730.385816571934,720.331098557873,20,early_warning
96,20,200,724.328253165327,712.374596463678,20,early_warning
96,21,210,718.270689758719,704.418094369483,20,early_warning
96,22,220,712.213126352111,696.461592275288,20,approach_clear_zone
96,23,230,706.155562945504,688.505090181094,20,approach_clear_zone
96,24,240,700.097999538896,680.548588086899,20,perimeter_crossing
96,25,250,694.040436132288,672.592085992704,20,approach_clear_zone
96,26,260,685.383304549899,667.701176149983,20,approach_clear_zone
96,27,270,676.543852264853,663.025271606432,20,approach_clear_zone
96,28,280,667.704399979808,658.349367062881,20,approach_clear_zone
96,29,290,658.864947694762,653.67346251933,20,perimeter_crossing
96,30,300,650.025495409716,648.99755797578,20,inside_secure_wall
96,31,310,641.18604312467,644.321653432229,20,inside_secure_wall
96,32,320,632.346590839624,639.645748888678,20,inside_secure_wall
96,33,330,623.507138554579,634.969844345127,20,inside_secure_wall
96,34,340,618.55755430525,626.338179558724,20,inside_secure_wall
96,35,350,613.733841976542,617.578510651176,20,inside_secure_wall
96,36,360,608.910129647834,608.818841743627,20,inside_secure_wall
96,37,370,604.086417319126,600.059172836079,20,inside_secure_wall
96,38,380,599.262704990418,591.29950392853,20,inside_secure_wall
96,39,390,594.43899266171,582.539835020982,20,inside_secure_wall
96,40,400,589.615280333002,573.780166113434,20,inside_secure_wall
96,41,410,584.791568004294,565.020497205885,20,inside_secure_wall
96,42,420,579.967855675586,556.260828298337,20,inside_secure_wall
96,43,430,575.144143346878,547.501159390788,20,inside_secure_wall
96,44,440,570.32043101817,538.74149048324,20,inside_secure_wall
96,45,450,565.496718689462,529.981821575691,20,inside_secure_wall
96,46,460,560.673006360755,521.222152668143,20,inside_secure_wall
96,47,461.395204180708,560,520,20,inside_secure_wall
97,0,0,99.7877389192581,490.584516525269,20,early_warning
97,1,10,109.242990478989,487.329026094902,20,early_warning
97,2,20,118.69824203872,484.073535664535,20,early_warning
97,3,30,128.15349359845,480.818045234169,20,early_warning
97,4,40,137.608745158181,477.562554803802,20,early_warning
97,5,50,147.063996717912,474.307064373436,20,early_warning
97,6,60,156.519248277643,471.051573943069,20,early_warning
97,7,70,165.974499837374,467.796083512702,20,early_warning
97,8,80,175.429751397104,464.540593082336,20,early_warning
97,9,90,184.885002956835,461.285102651969,20,early_warning
97,10,100,194.400958502842,458.699783189133,20,early_warning
97,11,110,204.287281737655,460.203316659595,20,early_warning
97,12,120,214.173604972468,461.706850130057,20,early_warning
97,13,130,224.059928207281,463.210383600519,20,early_warning
97,14,140,233.946251442094,464.713917070982,20,early_warning
97,15,150,243.832574676906,466.217450541444,20,early_warning
97,16,160,253.718897911719,467.720984011906,20,approach_clear_zone
97,17,170,263.605221146532,469.224517482368,20,approach_clear_zone
97,18,180,273.491544381345,470.72805095283,20,approach_clear_zone
97,19,190,283.377867616158,472.231584423293,20,approach_clear_zone
97,20,200,293.264190850971,473.735117893755,20,approach_clear_zone
97,21,210,303.150514085783,475.238651364217,20,inside_secure_wall
97,22,220,313.036837320596,476.742184834679,20,inside_secure_wall
97,23,230,322.923160555409,478.245718305142,20,inside_secure_wall
97,24,240,332.683394273749,480.10670401267,20,inside_secure_wall
97,25,250,341.325028682755,485.138816366451,20,inside_secure_wall
97,26,260,349.966663091761,490.170928720233,20,inside_secure_wall
97,27,270,358.608297500767,495.203041074015,20,inside_secure_wall
97,28,280,367.249931909773,500.235153427797,20,inside_secure_wall
97,29,290,375.891566318779,505.267265781578,20,inside_secure_wall
97,30,300,384.533200727785,510.29937813536,20,inside_secure_wall
97,31,310,393.174835136791,515.331490489142,20,inside_secure_wall
97,32,320,401.816469545797,520.363602842924,20,inside_secure_wall
97,33,330,410.458103954803,525.395715196706,20,inside_secure_wall
97,34,340,419.099738363809,530.427827550487,20,inside_secure_wall
97,35,350,427.741372772815,535.459939904269,20,inside_secure_wall
97,36,360,436.383007181821,540.492052258051,20,inside_secure_wall
97,37,370,445.953954700253,540.287434121813,20,inside_secure_wall
97,38,380,455.799392543484,538.536047906534,20,inside_secure_wall
97,39,390,465.644830386716,536.784661691256,20,inside_secure_wall
97,40,400,475.490268229947,535.033275475978,20,inside_secure_wall
97,41,410,485.335706073179,533.2818892607,20,inside_secure_wall
97,42,420,495.18114391641,531.530503045422,20,inside_secure_wall
97,43,430,505.026581759642,529.779116830144,20,inside_secure_wall
97,44,440,514.872019602873,528.027730614866,20,inside_secure_wall
97,45,450,524.717457446104,526.276344399588,20,inside_secure_wall
97,46,460,534.562895289336,524.52495818431,20,inside_secure_wall
97,47,470,544.408333132567,522.773571969032,20,inside_secure_wall
97,48,480,554.253770975799,521.022185753754,20,inside_secure_wall
97,49,485.836438272932,560,520,20,inside_secure_wall
98,0,0,920.027010440826,604.711604118347,20,early_warning
98,1,10,910.779522902864,600.905822433171,20,early_warning
98,2,20,901.532035364901,597.100040747994,20,early_warning
98,3,30,892.284547826938,593.294259062818,20,early_warning
98,4,40,883.037060288976,589.488477377641,20,early_warning
98,5,50,873.789572751013,585.682695692465,20,early_warning
98,6,60,864.54208521305,581.876914007288,20,early_warning
98,7,70,855.294597675088,578.071132322112,20,early_warning
98,8,80,846.047110137125,574.265350636935,20,early_warning
98,9,90,836.799622599162,570.459568951759,20,early_warning
98,10,100,827.5521350612,566.653787266582,20,early_warning
98,11,110,818.603887156062,562.19079179863,20,early_warning
98,12,120,809.661682227449,557.714524267006,20,early_warning
98,13,130,800.719477298835,553.238256735381,20,early_warning
98,14,140,791.777272370222,548.761989203756,20,early_warning
98,15,150,782.835067441608,544.285721672131,20,early_warning
98,16,160,773.892862512994,539.809454140506,20,early_warning
98,17,170,764.950657584381,535.333186608881,20,early_warning
98,18,180,756.008452655767,530.856919077256,20,early_warning
98,19,190,747.066247727154,526.380651545631,20,approach_clear_zone
98,20,200,738.12404279854,521.904384014006,20,approach_clear_zone
98,21,210,729.133335368897,520.353049941004,20,approach_clear_zone
98,22,220,720.04763292332,524.530370980909,20,approach_clear_zone
98,23,230,710.961930477743,528.707692020814,20,approach_clear_zone
98,24,240,701.876228032166,532.885013060719,20,perimeter_crossing
98,25,250,692.790525586589,537.062334100624,20,inside_secure_wall
98,26,260,683.704823141012,541.239655140529,20,inside_secure_wall
98,27,270,674.619120695435,545.416976180434,20,inside_secure_wall
98,28,280,665.533418249858,549.594297220339,20,inside_secure_wall
98,29,290,656.44771580428,553.771618260245,20,inside_secure_wall
98,30,300,647.362013358703,557.94893930015,20,inside_secure_wall
98,31,310,638.276310913126,562.126260340055,20,inside_secure_wall
98,32,320,629.474043141567,557.596245548208,20,inside_secure_wall
98,33,330,620.679240643053,552.836891704236,20,inside_secure_wall
98,34,340,611.884438144539,548.077537860263,20,inside_secure_wall
98,35,350,603.089635646026,543.318184016291,20,inside_secure_wall
98,36,360,594.294833147512,538.558830172319,20,inside_secure_wall
98,37,370,585.500030648998,533.799476328346,20,inside_secure_wall
98,38,380,576.705228150484,529.040122484374,20,inside_secure_wall
98,39,390,567.91042565197,524.280768640401,20,inside_secure_wall
98,40,398.994432397211,560,520,20,inside_secure_wall
99,0,0,273.548364639282,200.158240199089,20,early_warning
99,1,10,282.717632185343,204.148795632704,20,early_warning
99,2,20,291.886899731404,208.139351066319,20,early_warning
99,3,30,301.056167277465,212.129906499934,20,early_warning
99,4,40,310.225434823526,216.120461933549,20,early_warning
99,5,50,319.394702369587,220.111017367164,20,early_warning
99,6,60,328.563969915648,224.101572800779,20,early_warning
99,7,70,337.733237461708,228.092128234394,20,early_warning
99,8,80,346.902505007769,232.082683668009,20,early_warning
99,9,90,356.07177255383,236.073239101624,20,early_warning
99,10,100,365.241040099891,240.063794535239,20,early_warning
99,11,110,373.322353863523,245.721120723396,20,early_warning
99,12,120,380.66577423725,252.508916920596,20,early_warning
99,13,130,388.009194610978,259.296713117796,20,early_warning
99,14,140,395.352614984705,266.084509314997,20,early_warning
99,15,150,402.696035358432,272.872305512197,20,early_warning
99,16,160,410.03945573216,279.660101709397,20,early_warning
99,17,170,417.382876105887,286.447897906597,20,early_warning
99,18,180,424.726296479614,293.235694103797,20,early_warning
99,19,190,432.069716853342,300.023490300998,20,approach_clear_zone
99,20,200,439.413137227069,306.811286498198,20,approach_clear_zone
99,21,210,446.432669206438,313.772595202706,20,approach_clear_zone
99,22,220,448.015244313803,323.646573936203,20,approach_clear_zone
99,23,230,449.597819421169,333.5205526697,20,approach_clear_zone
99,24,240,451.180394528534,343.394531403196,20,approach_clear_zone
99,25,250,452.762969635899,353.268510136693,20,inside_secure_wall
99,26,260,454.345544743265,363.14248887019,20,inside_secure_wall
99,27,270,455.92811985063,373.016467603687,20,inside_secure_wall
99,28,280,457.510694957996,382.890446337184,20,inside_secure_wall
99,29,290,459.093270065361,392.76442507068,20,inside_secure_wall
99,30,300,460.675845172727,402.638403804177,20,inside_secure_wall
99,31,310,462.258420280092,412.512382537674,20,inside_secure_wall
99,32,320,463.840995387458,422.386361271171,20,inside_secure_wall
99,33,330,465.423570494823,432.260340004668,20,inside_secure_wall
99,34,340,467.006145602189,442.134318738164,20,inside_secure_wall
99,35,350,468.588720709554,452.008297471661,20,inside_secure_wall
99,36,360,470.171295816919,461.882276205158,20,inside_secure_wall
99,37,370,471.753870924285,471.756254938655,20,inside_secure_wall
99,38,380,475.607578328873,479.927931046753,20,inside_secure_wall
99,39,390,484.640947809355,484.217247522499,20,inside_secure_wall
99,40,400,493.674317289837,488.506563998244,20,inside_secure_wall
99,41,410,502.707686770318,492.795880473989,20,inside_secure_wall
99,42,420,511.7410562508,497.085196949735,20,inside_secure_wall
99,43,430,520.774425731282,501.37451342548,20,inside_secure_wall
99,44,440,529.807795211764,505.663829901226,20,inside_secure_wall
99,45,450,538.841164692245,509.953146376971,20,inside_secure_wall
99,46,460,547.874534172727,514.242462852717,20,inside_secure_wall
99,47,470,556.907903653209,518.531779328462,20,inside_secure_wall
99,48,473.422971188627,560,520,20,inside_secure_wall
100,0,0,416.20722413063,180.343490839005,20,early_warning
100,1,10,419.213948867905,189.880765415856,20,early_warning
100,2,20,422.220673605179,199.418039992708,20,early_warning
100,3,30,425.227398342454,208.95531456956,20,early_warning
100,4,40,428.234123079728,218.492589146411,20,early_warning
100,5,50,431.240847817002,228.029863723263,20,early_warning
100,6,60,434.247572554277,237.567138300115,20,early_warning
100,7,70,437.254297291551,247.104412876967,20,early_warning
100,8,80,440.261022028825,256.641687453818,20,early_warning
100,9,90,443.2677467661,266.17896203067,20,early_warning
100,10,100,446.274471503374,275.716236607522,20,early_warning
100,11,110,449.281196240648,285.253511184374,20,early_warning
100,12,120,452.841484803108,294.596853292832,20,early_warning
100,13,130,456.444095783499,303.925368401035,20,approach_clear_zone
100,14,140,460.046706763891,313.253883509238,20,approach_clear_zone
100,15,150,463.649317744282,322.58239861744,20,approach_clear_zone
100,16,160,467.251928724673,331.910913725643,20,approach_clear_zone
100,17,170,470.854539705064,341.239428833845,20,approach_clear_zone
100,18,180,474.457150685456,350.567943942048,20,inside_secure_wall
100,19,190,479.078351352829,359.234860760144,20,inside_secure_wall
100,20,200,486.136218620783,366.319104518509,20,inside_secure_wall
100,21,210,493.194085888738,373.403348276874,20,inside_secure_wall
100,22,220,500.251953156693,380.487592035239,20,inside_secure_wall
100,23,230,507.309820424647,387.571835793604,20,inside_secure_wall
100,24,240,514.367687692602,394.656079551969,20,inside_secure_wall
100,25,250,521.425554960557,401.740323310334,20,inside_secure_wall
100,26,260,528.483422228511,408.824567068699,20,inside_secure_wall
100,27,270,532.245973448878,417.814753089345,20,inside_secure_wall
100,28,280,534.86706572946,427.46513521943,20,inside_secure_wall
100,29,290,537.488158010042,437.115517349516,20,inside_secure_wall
100,30,300,540.109250290623,446.765899479601,20,inside_secure_wall
100,31,310,542.730342571205,456.416281609687,20,inside_secure_wall
100,32,320,545.351434851787,466.066663739772,20,inside_secure_wall
100,33,330,547.972527132369,475.717045869858,20,inside_secure_wall
100,34,340,550.593619412951,485.367427999943,20,inside_secure_wall
100,35,350,553.214711693533,495.017810130029,20,inside_secure_wall
100,36,360,555.835803974114,504.668192260114,20,inside_secure_wall
100,37,370,558.456896254696,514.3185743902,20,inside_secure_wall
100,38,375.887254549318,560,520,20,inside_secure_wall
